[2025-11-27T07:17:32.242+0000] {processor.py:161} INFO - Started process (PID=194) to work on /opt/airflow/dags/01_data_fetch_mkCHtbls.py
[2025-11-27T07:17:32.247+0000] {processor.py:830} INFO - Processing file /opt/airflow/dags/01_data_fetch_mkCHtbls.py for tasks to queue
[2025-11-27T07:17:32.251+0000] {logging_mixin.py:188} INFO - [2025-11-27T07:17:32.250+0000] {dagbag.py:538} INFO - Filling up the DagBag from /opt/airflow/dags/01_data_fetch_mkCHtbls.py
[2025-11-27T07:17:47.661+0000] {processor.py:840} INFO - DAG(s) 'fetch_data' retrieved from /opt/airflow/dags/01_data_fetch_mkCHtbls.py
[2025-11-27T07:17:47.769+0000] {logging_mixin.py:188} INFO - [2025-11-27T07:17:47.767+0000] {dag.py:3036} INFO - Sync 1 DAGs
[2025-11-27T07:17:47.870+0000] {logging_mixin.py:188} INFO - [2025-11-27T07:17:47.868+0000] {dag.py:3823} INFO - Setting next_dagrun for fetch_data to 2025-11-27 00:00:00+00:00, run_after=2025-11-28 00:00:00+00:00
[2025-11-27T07:17:47.956+0000] {processor.py:183} INFO - Processing /opt/airflow/dags/01_data_fetch_mkCHtbls.py took 15.723 seconds
[2025-11-27T07:18:18.867+0000] {processor.py:161} INFO - Started process (PID=352) to work on /opt/airflow/dags/01_data_fetch_mkCHtbls.py
[2025-11-27T07:18:18.876+0000] {processor.py:830} INFO - Processing file /opt/airflow/dags/01_data_fetch_mkCHtbls.py for tasks to queue
[2025-11-27T07:18:18.880+0000] {logging_mixin.py:188} INFO - [2025-11-27T07:18:18.878+0000] {dagbag.py:538} INFO - Filling up the DagBag from /opt/airflow/dags/01_data_fetch_mkCHtbls.py
[2025-11-27T07:18:29.556+0000] {processor.py:840} INFO - DAG(s) 'fetch_data' retrieved from /opt/airflow/dags/01_data_fetch_mkCHtbls.py
[2025-11-27T07:18:29.828+0000] {logging_mixin.py:188} INFO - [2025-11-27T07:18:29.827+0000] {dag.py:3036} INFO - Sync 1 DAGs
[2025-11-27T07:18:30.187+0000] {logging_mixin.py:188} INFO - [2025-11-27T07:18:30.187+0000] {dag.py:3823} INFO - Setting next_dagrun for fetch_data to 2025-11-27 00:00:00+00:00, run_after=2025-11-28 00:00:00+00:00
[2025-11-27T07:18:30.244+0000] {processor.py:183} INFO - Processing /opt/airflow/dags/01_data_fetch_mkCHtbls.py took 11.392 seconds
[2025-11-27T07:19:00.728+0000] {processor.py:161} INFO - Started process (PID=433) to work on /opt/airflow/dags/01_data_fetch_mkCHtbls.py
[2025-11-27T07:19:00.734+0000] {processor.py:830} INFO - Processing file /opt/airflow/dags/01_data_fetch_mkCHtbls.py for tasks to queue
[2025-11-27T07:19:00.746+0000] {logging_mixin.py:188} INFO - [2025-11-27T07:19:00.743+0000] {dagbag.py:538} INFO - Filling up the DagBag from /opt/airflow/dags/01_data_fetch_mkCHtbls.py
[2025-11-27T07:19:14.841+0000] {processor.py:840} INFO - DAG(s) 'fetch_data' retrieved from /opt/airflow/dags/01_data_fetch_mkCHtbls.py
[2025-11-27T07:19:14.971+0000] {logging_mixin.py:188} INFO - [2025-11-27T07:19:14.970+0000] {dag.py:3036} INFO - Sync 1 DAGs
[2025-11-27T07:19:15.062+0000] {logging_mixin.py:188} INFO - [2025-11-27T07:19:15.061+0000] {dag.py:3823} INFO - Setting next_dagrun for fetch_data to 2025-11-27 00:00:00+00:00, run_after=2025-11-28 00:00:00+00:00
[2025-11-27T07:19:15.138+0000] {processor.py:183} INFO - Processing /opt/airflow/dags/01_data_fetch_mkCHtbls.py took 14.429 seconds
[2025-11-27T07:19:45.783+0000] {processor.py:161} INFO - Started process (PID=547) to work on /opt/airflow/dags/01_data_fetch_mkCHtbls.py
[2025-11-27T07:19:45.785+0000] {processor.py:830} INFO - Processing file /opt/airflow/dags/01_data_fetch_mkCHtbls.py for tasks to queue
[2025-11-27T07:19:45.787+0000] {logging_mixin.py:188} INFO - [2025-11-27T07:19:45.786+0000] {dagbag.py:538} INFO - Filling up the DagBag from /opt/airflow/dags/01_data_fetch_mkCHtbls.py
[2025-11-27T07:19:55.282+0000] {processor.py:840} INFO - DAG(s) 'fetch_data' retrieved from /opt/airflow/dags/01_data_fetch_mkCHtbls.py
[2025-11-27T07:19:55.358+0000] {logging_mixin.py:188} INFO - [2025-11-27T07:19:55.358+0000] {dag.py:3036} INFO - Sync 1 DAGs
[2025-11-27T07:19:56.979+0000] {logging_mixin.py:188} INFO - [2025-11-27T07:19:56.978+0000] {dag.py:3823} INFO - Setting next_dagrun for fetch_data to 2025-11-27 00:00:00+00:00, run_after=2025-11-28 00:00:00+00:00
[2025-11-27T07:19:57.045+0000] {processor.py:183} INFO - Processing /opt/airflow/dags/01_data_fetch_mkCHtbls.py took 11.269 seconds
[2025-11-27T07:20:27.387+0000] {processor.py:161} INFO - Started process (PID=619) to work on /opt/airflow/dags/01_data_fetch_mkCHtbls.py
[2025-11-27T07:20:27.391+0000] {processor.py:830} INFO - Processing file /opt/airflow/dags/01_data_fetch_mkCHtbls.py for tasks to queue
[2025-11-27T07:20:27.394+0000] {logging_mixin.py:188} INFO - [2025-11-27T07:20:27.393+0000] {dagbag.py:538} INFO - Filling up the DagBag from /opt/airflow/dags/01_data_fetch_mkCHtbls.py
[2025-11-27T07:20:37.042+0000] {processor.py:840} INFO - DAG(s) 'fetch_data' retrieved from /opt/airflow/dags/01_data_fetch_mkCHtbls.py
[2025-11-27T07:20:37.164+0000] {logging_mixin.py:188} INFO - [2025-11-27T07:20:37.160+0000] {dag.py:3036} INFO - Sync 1 DAGs
[2025-11-27T07:20:37.235+0000] {logging_mixin.py:188} INFO - [2025-11-27T07:20:37.235+0000] {dag.py:3823} INFO - Setting next_dagrun for fetch_data to 2025-11-27 00:00:00+00:00, run_after=2025-11-28 00:00:00+00:00
[2025-11-27T07:20:37.288+0000] {processor.py:183} INFO - Processing /opt/airflow/dags/01_data_fetch_mkCHtbls.py took 9.913 seconds
[2025-11-27T07:21:07.699+0000] {processor.py:161} INFO - Started process (PID=689) to work on /opt/airflow/dags/01_data_fetch_mkCHtbls.py
[2025-11-27T07:21:07.702+0000] {processor.py:830} INFO - Processing file /opt/airflow/dags/01_data_fetch_mkCHtbls.py for tasks to queue
[2025-11-27T07:21:07.708+0000] {logging_mixin.py:188} INFO - [2025-11-27T07:21:07.705+0000] {dagbag.py:538} INFO - Filling up the DagBag from /opt/airflow/dags/01_data_fetch_mkCHtbls.py
[2025-11-27T07:21:19.881+0000] {processor.py:840} INFO - DAG(s) 'fetch_data' retrieved from /opt/airflow/dags/01_data_fetch_mkCHtbls.py
[2025-11-27T07:21:19.985+0000] {logging_mixin.py:188} INFO - [2025-11-27T07:21:19.983+0000] {dag.py:3036} INFO - Sync 1 DAGs
[2025-11-27T07:21:20.036+0000] {logging_mixin.py:188} INFO - [2025-11-27T07:21:20.036+0000] {dag.py:3823} INFO - Setting next_dagrun for fetch_data to 2025-11-27 00:00:00+00:00, run_after=2025-11-28 00:00:00+00:00
[2025-11-27T07:21:20.087+0000] {processor.py:183} INFO - Processing /opt/airflow/dags/01_data_fetch_mkCHtbls.py took 12.401 seconds
[2025-11-27T07:21:50.572+0000] {processor.py:161} INFO - Started process (PID=784) to work on /opt/airflow/dags/01_data_fetch_mkCHtbls.py
[2025-11-27T07:21:50.578+0000] {processor.py:830} INFO - Processing file /opt/airflow/dags/01_data_fetch_mkCHtbls.py for tasks to queue
[2025-11-27T07:21:50.585+0000] {logging_mixin.py:188} INFO - [2025-11-27T07:21:50.581+0000] {dagbag.py:538} INFO - Filling up the DagBag from /opt/airflow/dags/01_data_fetch_mkCHtbls.py
[2025-11-27T07:22:03.772+0000] {processor.py:840} INFO - DAG(s) 'fetch_data' retrieved from /opt/airflow/dags/01_data_fetch_mkCHtbls.py
[2025-11-27T07:22:04.043+0000] {logging_mixin.py:188} INFO - [2025-11-27T07:22:04.037+0000] {dag.py:3036} INFO - Sync 1 DAGs
[2025-11-27T07:22:04.189+0000] {logging_mixin.py:188} INFO - [2025-11-27T07:22:04.183+0000] {dag.py:3823} INFO - Setting next_dagrun for fetch_data to 2025-11-27 00:00:00+00:00, run_after=2025-11-28 00:00:00+00:00
[2025-11-27T07:22:04.398+0000] {processor.py:183} INFO - Processing /opt/airflow/dags/01_data_fetch_mkCHtbls.py took 13.846 seconds
[2025-11-27T07:22:35.366+0000] {processor.py:161} INFO - Started process (PID=875) to work on /opt/airflow/dags/01_data_fetch_mkCHtbls.py
[2025-11-27T07:22:35.369+0000] {processor.py:830} INFO - Processing file /opt/airflow/dags/01_data_fetch_mkCHtbls.py for tasks to queue
[2025-11-27T07:22:35.374+0000] {logging_mixin.py:188} INFO - [2025-11-27T07:22:35.371+0000] {dagbag.py:538} INFO - Filling up the DagBag from /opt/airflow/dags/01_data_fetch_mkCHtbls.py
[2025-11-27T07:22:45.229+0000] {processor.py:840} INFO - DAG(s) 'fetch_data' retrieved from /opt/airflow/dags/01_data_fetch_mkCHtbls.py
[2025-11-27T07:22:45.639+0000] {logging_mixin.py:188} INFO - [2025-11-27T07:22:45.620+0000] {dag.py:3036} INFO - Sync 1 DAGs
[2025-11-27T07:22:45.867+0000] {logging_mixin.py:188} INFO - [2025-11-27T07:22:45.863+0000] {dag.py:3823} INFO - Setting next_dagrun for fetch_data to 2025-11-27 00:00:00+00:00, run_after=2025-11-28 00:00:00+00:00
[2025-11-27T07:22:45.991+0000] {processor.py:183} INFO - Processing /opt/airflow/dags/01_data_fetch_mkCHtbls.py took 10.641 seconds
[2025-11-27T07:23:16.179+0000] {processor.py:161} INFO - Started process (PID=945) to work on /opt/airflow/dags/01_data_fetch_mkCHtbls.py
[2025-11-27T07:23:16.183+0000] {processor.py:830} INFO - Processing file /opt/airflow/dags/01_data_fetch_mkCHtbls.py for tasks to queue
[2025-11-27T07:23:16.192+0000] {logging_mixin.py:188} INFO - [2025-11-27T07:23:16.190+0000] {dagbag.py:538} INFO - Filling up the DagBag from /opt/airflow/dags/01_data_fetch_mkCHtbls.py
[2025-11-27T07:23:28.785+0000] {processor.py:840} INFO - DAG(s) 'fetch_data' retrieved from /opt/airflow/dags/01_data_fetch_mkCHtbls.py
[2025-11-27T07:23:28.967+0000] {logging_mixin.py:188} INFO - [2025-11-27T07:23:28.961+0000] {dag.py:3036} INFO - Sync 1 DAGs
[2025-11-27T07:23:29.102+0000] {logging_mixin.py:188} INFO - [2025-11-27T07:23:29.101+0000] {dag.py:3823} INFO - Setting next_dagrun for fetch_data to 2025-11-27 00:00:00+00:00, run_after=2025-11-28 00:00:00+00:00
[2025-11-27T07:23:29.197+0000] {processor.py:183} INFO - Processing /opt/airflow/dags/01_data_fetch_mkCHtbls.py took 13.030 seconds
[2025-11-27T07:23:59.558+0000] {processor.py:161} INFO - Started process (PID=1069) to work on /opt/airflow/dags/01_data_fetch_mkCHtbls.py
[2025-11-27T07:23:59.560+0000] {processor.py:830} INFO - Processing file /opt/airflow/dags/01_data_fetch_mkCHtbls.py for tasks to queue
[2025-11-27T07:23:59.562+0000] {logging_mixin.py:188} INFO - [2025-11-27T07:23:59.561+0000] {dagbag.py:538} INFO - Filling up the DagBag from /opt/airflow/dags/01_data_fetch_mkCHtbls.py
[2025-11-27T07:24:07.720+0000] {processor.py:840} INFO - DAG(s) 'fetch_data' retrieved from /opt/airflow/dags/01_data_fetch_mkCHtbls.py
[2025-11-27T07:24:07.817+0000] {logging_mixin.py:188} INFO - [2025-11-27T07:24:07.816+0000] {dag.py:3036} INFO - Sync 1 DAGs
[2025-11-27T07:24:07.905+0000] {logging_mixin.py:188} INFO - [2025-11-27T07:24:07.905+0000] {dag.py:3823} INFO - Setting next_dagrun for fetch_data to 2025-11-27 00:00:00+00:00, run_after=2025-11-28 00:00:00+00:00
[2025-11-27T07:24:07.947+0000] {processor.py:183} INFO - Processing /opt/airflow/dags/01_data_fetch_mkCHtbls.py took 8.397 seconds
[2025-11-27T07:24:38.606+0000] {processor.py:161} INFO - Started process (PID=1139) to work on /opt/airflow/dags/01_data_fetch_mkCHtbls.py
[2025-11-27T07:24:38.608+0000] {processor.py:830} INFO - Processing file /opt/airflow/dags/01_data_fetch_mkCHtbls.py for tasks to queue
[2025-11-27T07:24:38.610+0000] {logging_mixin.py:188} INFO - [2025-11-27T07:24:38.609+0000] {dagbag.py:538} INFO - Filling up the DagBag from /opt/airflow/dags/01_data_fetch_mkCHtbls.py
[2025-11-27T07:24:45.383+0000] {processor.py:840} INFO - DAG(s) 'fetch_data' retrieved from /opt/airflow/dags/01_data_fetch_mkCHtbls.py
[2025-11-27T07:24:45.433+0000] {logging_mixin.py:188} INFO - [2025-11-27T07:24:45.432+0000] {dag.py:3036} INFO - Sync 1 DAGs
[2025-11-27T07:24:45.738+0000] {logging_mixin.py:188} INFO - [2025-11-27T07:24:45.737+0000] {dag.py:3823} INFO - Setting next_dagrun for fetch_data to 2025-11-27 00:00:00+00:00, run_after=2025-11-28 00:00:00+00:00
[2025-11-27T07:24:45.783+0000] {processor.py:183} INFO - Processing /opt/airflow/dags/01_data_fetch_mkCHtbls.py took 7.185 seconds
[2025-11-27T07:25:16.648+0000] {processor.py:161} INFO - Started process (PID=1230) to work on /opt/airflow/dags/01_data_fetch_mkCHtbls.py
[2025-11-27T07:25:16.650+0000] {processor.py:830} INFO - Processing file /opt/airflow/dags/01_data_fetch_mkCHtbls.py for tasks to queue
[2025-11-27T07:25:16.653+0000] {logging_mixin.py:188} INFO - [2025-11-27T07:25:16.652+0000] {dagbag.py:538} INFO - Filling up the DagBag from /opt/airflow/dags/01_data_fetch_mkCHtbls.py
[2025-11-27T07:25:23.472+0000] {processor.py:840} INFO - DAG(s) 'fetch_data' retrieved from /opt/airflow/dags/01_data_fetch_mkCHtbls.py
[2025-11-27T07:25:23.622+0000] {logging_mixin.py:188} INFO - [2025-11-27T07:25:23.621+0000] {dag.py:3036} INFO - Sync 1 DAGs
[2025-11-27T07:25:23.708+0000] {logging_mixin.py:188} INFO - [2025-11-27T07:25:23.707+0000] {dag.py:3823} INFO - Setting next_dagrun for fetch_data to 2025-11-27 00:00:00+00:00, run_after=2025-11-28 00:00:00+00:00
[2025-11-27T07:25:23.767+0000] {processor.py:183} INFO - Processing /opt/airflow/dags/01_data_fetch_mkCHtbls.py took 7.126 seconds
[2025-11-27T07:25:54.140+0000] {processor.py:161} INFO - Started process (PID=1300) to work on /opt/airflow/dags/01_data_fetch_mkCHtbls.py
[2025-11-27T07:25:54.146+0000] {processor.py:830} INFO - Processing file /opt/airflow/dags/01_data_fetch_mkCHtbls.py for tasks to queue
[2025-11-27T07:25:54.149+0000] {logging_mixin.py:188} INFO - [2025-11-27T07:25:54.148+0000] {dagbag.py:538} INFO - Filling up the DagBag from /opt/airflow/dags/01_data_fetch_mkCHtbls.py
[2025-11-27T07:26:00.365+0000] {processor.py:840} INFO - DAG(s) 'fetch_data' retrieved from /opt/airflow/dags/01_data_fetch_mkCHtbls.py
[2025-11-27T07:26:00.441+0000] {logging_mixin.py:188} INFO - [2025-11-27T07:26:00.441+0000] {dag.py:3036} INFO - Sync 1 DAGs
[2025-11-27T07:26:00.528+0000] {logging_mixin.py:188} INFO - [2025-11-27T07:26:00.527+0000] {dag.py:3823} INFO - Setting next_dagrun for fetch_data to 2025-11-27 00:00:00+00:00, run_after=2025-11-28 00:00:00+00:00
[2025-11-27T07:26:01.051+0000] {processor.py:183} INFO - Processing /opt/airflow/dags/01_data_fetch_mkCHtbls.py took 6.919 seconds
[2025-11-27T07:26:31.517+0000] {processor.py:161} INFO - Started process (PID=1395) to work on /opt/airflow/dags/01_data_fetch_mkCHtbls.py
[2025-11-27T07:26:31.521+0000] {processor.py:830} INFO - Processing file /opt/airflow/dags/01_data_fetch_mkCHtbls.py for tasks to queue
[2025-11-27T07:26:31.525+0000] {logging_mixin.py:188} INFO - [2025-11-27T07:26:31.523+0000] {dagbag.py:538} INFO - Filling up the DagBag from /opt/airflow/dags/01_data_fetch_mkCHtbls.py
[2025-11-27T07:26:47.793+0000] {processor.py:840} INFO - DAG(s) 'fetch_data' retrieved from /opt/airflow/dags/01_data_fetch_mkCHtbls.py
[2025-11-27T07:26:48.257+0000] {logging_mixin.py:188} INFO - [2025-11-27T07:26:48.246+0000] {dag.py:3036} INFO - Sync 1 DAGs
[2025-11-27T07:26:49.026+0000] {logging_mixin.py:188} INFO - [2025-11-27T07:26:49.018+0000] {dag.py:3823} INFO - Setting next_dagrun for fetch_data to 2025-11-27 00:00:00+00:00, run_after=2025-11-28 00:00:00+00:00
[2025-11-27T07:26:49.230+0000] {processor.py:183} INFO - Processing /opt/airflow/dags/01_data_fetch_mkCHtbls.py took 17.730 seconds
[2025-11-27T07:28:32.342+0000] {processor.py:161} INFO - Started process (PID=1438) to work on /opt/airflow/dags/01_data_fetch_mkCHtbls.py
[2025-11-27T07:28:32.347+0000] {processor.py:830} INFO - Processing file /opt/airflow/dags/01_data_fetch_mkCHtbls.py for tasks to queue
[2025-11-27T07:28:32.356+0000] {logging_mixin.py:188} INFO - [2025-11-27T07:28:32.351+0000] {dagbag.py:538} INFO - Filling up the DagBag from /opt/airflow/dags/01_data_fetch_mkCHtbls.py
[2025-11-27T07:28:43.069+0000] {processor.py:840} INFO - DAG(s) 'fetch_data' retrieved from /opt/airflow/dags/01_data_fetch_mkCHtbls.py
[2025-11-27T07:28:43.127+0000] {logging_mixin.py:188} INFO - [2025-11-27T07:28:43.127+0000] {dag.py:3036} INFO - Sync 1 DAGs
[2025-11-27T07:28:43.168+0000] {logging_mixin.py:188} INFO - [2025-11-27T07:28:43.168+0000] {dag.py:3823} INFO - Setting next_dagrun for fetch_data to 2025-11-27 00:00:00+00:00, run_after=2025-11-28 00:00:00+00:00
[2025-11-27T07:28:43.207+0000] {processor.py:183} INFO - Processing /opt/airflow/dags/01_data_fetch_mkCHtbls.py took 10.888 seconds
[2025-11-27T07:29:13.581+0000] {processor.py:161} INFO - Started process (PID=1533) to work on /opt/airflow/dags/01_data_fetch_mkCHtbls.py
[2025-11-27T07:29:13.583+0000] {processor.py:830} INFO - Processing file /opt/airflow/dags/01_data_fetch_mkCHtbls.py for tasks to queue
[2025-11-27T07:29:13.586+0000] {logging_mixin.py:188} INFO - [2025-11-27T07:29:13.585+0000] {dagbag.py:538} INFO - Filling up the DagBag from /opt/airflow/dags/01_data_fetch_mkCHtbls.py
[2025-11-27T07:29:20.099+0000] {processor.py:840} INFO - DAG(s) 'fetch_data' retrieved from /opt/airflow/dags/01_data_fetch_mkCHtbls.py
[2025-11-27T07:29:20.182+0000] {logging_mixin.py:188} INFO - [2025-11-27T07:29:20.182+0000] {dag.py:3036} INFO - Sync 1 DAGs
[2025-11-27T07:29:20.579+0000] {logging_mixin.py:188} INFO - [2025-11-27T07:29:20.578+0000] {dag.py:3823} INFO - Setting next_dagrun for fetch_data to 2025-11-27 00:00:00+00:00, run_after=2025-11-28 00:00:00+00:00
[2025-11-27T07:29:20.645+0000] {processor.py:183} INFO - Processing /opt/airflow/dags/01_data_fetch_mkCHtbls.py took 7.070 seconds
[2025-11-27T07:29:51.532+0000] {processor.py:161} INFO - Started process (PID=1603) to work on /opt/airflow/dags/01_data_fetch_mkCHtbls.py
[2025-11-27T07:29:51.534+0000] {processor.py:830} INFO - Processing file /opt/airflow/dags/01_data_fetch_mkCHtbls.py for tasks to queue
[2025-11-27T07:29:51.536+0000] {logging_mixin.py:188} INFO - [2025-11-27T07:29:51.535+0000] {dagbag.py:538} INFO - Filling up the DagBag from /opt/airflow/dags/01_data_fetch_mkCHtbls.py
[2025-11-27T07:29:57.724+0000] {processor.py:840} INFO - DAG(s) 'fetch_data' retrieved from /opt/airflow/dags/01_data_fetch_mkCHtbls.py
[2025-11-27T07:29:57.783+0000] {logging_mixin.py:188} INFO - [2025-11-27T07:29:57.782+0000] {dag.py:3036} INFO - Sync 1 DAGs
[2025-11-27T07:29:57.840+0000] {logging_mixin.py:188} INFO - [2025-11-27T07:29:57.839+0000] {dag.py:3823} INFO - Setting next_dagrun for fetch_data to 2025-11-27 00:00:00+00:00, run_after=2025-11-28 00:00:00+00:00
[2025-11-27T07:29:57.879+0000] {processor.py:183} INFO - Processing /opt/airflow/dags/01_data_fetch_mkCHtbls.py took 6.354 seconds
[2025-11-27T07:30:28.515+0000] {processor.py:161} INFO - Started process (PID=1673) to work on /opt/airflow/dags/01_data_fetch_mkCHtbls.py
[2025-11-27T07:30:28.518+0000] {processor.py:830} INFO - Processing file /opt/airflow/dags/01_data_fetch_mkCHtbls.py for tasks to queue
[2025-11-27T07:30:28.521+0000] {logging_mixin.py:188} INFO - [2025-11-27T07:30:28.519+0000] {dagbag.py:538} INFO - Filling up the DagBag from /opt/airflow/dags/01_data_fetch_mkCHtbls.py
[2025-11-27T07:30:36.141+0000] {processor.py:840} INFO - DAG(s) 'fetch_data' retrieved from /opt/airflow/dags/01_data_fetch_mkCHtbls.py
[2025-11-27T07:30:36.262+0000] {logging_mixin.py:188} INFO - [2025-11-27T07:30:36.262+0000] {dag.py:3036} INFO - Sync 1 DAGs
[2025-11-27T07:30:36.766+0000] {logging_mixin.py:188} INFO - [2025-11-27T07:30:36.765+0000] {dag.py:3823} INFO - Setting next_dagrun for fetch_data to 2025-11-27 00:00:00+00:00, run_after=2025-11-28 00:00:00+00:00
[2025-11-27T07:30:36.845+0000] {processor.py:183} INFO - Processing /opt/airflow/dags/01_data_fetch_mkCHtbls.py took 8.335 seconds
[2025-11-27T07:31:07.456+0000] {processor.py:161} INFO - Started process (PID=1743) to work on /opt/airflow/dags/01_data_fetch_mkCHtbls.py
[2025-11-27T07:31:07.460+0000] {processor.py:830} INFO - Processing file /opt/airflow/dags/01_data_fetch_mkCHtbls.py for tasks to queue
[2025-11-27T07:31:07.467+0000] {logging_mixin.py:188} INFO - [2025-11-27T07:31:07.464+0000] {dagbag.py:538} INFO - Filling up the DagBag from /opt/airflow/dags/01_data_fetch_mkCHtbls.py
[2025-11-27T07:31:18.893+0000] {processor.py:840} INFO - DAG(s) 'fetch_data' retrieved from /opt/airflow/dags/01_data_fetch_mkCHtbls.py
[2025-11-27T07:31:19.625+0000] {logging_mixin.py:188} INFO - [2025-11-27T07:31:19.616+0000] {dag.py:3036} INFO - Sync 1 DAGs
[2025-11-27T07:31:19.722+0000] {logging_mixin.py:188} INFO - [2025-11-27T07:31:19.721+0000] {dag.py:3823} INFO - Setting next_dagrun for fetch_data to 2025-11-27 00:00:00+00:00, run_after=2025-11-28 00:00:00+00:00
[2025-11-27T07:31:19.786+0000] {processor.py:183} INFO - Processing /opt/airflow/dags/01_data_fetch_mkCHtbls.py took 12.342 seconds
[2025-11-27T07:31:50.328+0000] {processor.py:161} INFO - Started process (PID=1859) to work on /opt/airflow/dags/01_data_fetch_mkCHtbls.py
[2025-11-27T07:31:50.334+0000] {processor.py:830} INFO - Processing file /opt/airflow/dags/01_data_fetch_mkCHtbls.py for tasks to queue
[2025-11-27T07:31:50.343+0000] {logging_mixin.py:188} INFO - [2025-11-27T07:31:50.339+0000] {dagbag.py:538} INFO - Filling up the DagBag from /opt/airflow/dags/01_data_fetch_mkCHtbls.py
[2025-11-27T07:32:22.204+0000] {logging_mixin.py:188} INFO - [2025-11-27T07:32:20.587+0000] {timeout.py:68} ERROR - Process timed out, PID: 1859
[2025-11-27T07:32:24.054+0000] {logging_mixin.py:188} INFO - [2025-11-27T07:32:23.712+0000] {dagbag.py:348} ERROR - Failed to import: /opt/airflow/dags/01_data_fetch_mkCHtbls.py
Traceback (most recent call last):
  File "/home/airflow/.local/lib/python3.8/site-packages/airflow/models/dagbag.py", line 344, in parse
    loader.exec_module(new_module)
  File "<frozen importlib._bootstrap_external>", line 843, in exec_module
  File "<frozen importlib._bootstrap>", line 219, in _call_with_frames_removed
  File "/opt/airflow/dags/01_data_fetch_mkCHtbls.py", line 9, in <module>
    subprocess.check_call([sys.executable, '-m', 'pip', 'install', 'meteostat'])
  File "/usr/local/lib/python3.8/subprocess.py", line 359, in check_call
    retcode = call(*popenargs, **kwargs)
  File "/usr/local/lib/python3.8/subprocess.py", line 342, in call
    return p.wait(timeout=timeout)
  File "/usr/local/lib/python3.8/subprocess.py", line 1083, in wait
    return self._wait(timeout=timeout)
  File "/usr/local/lib/python3.8/subprocess.py", line 1822, in _wait
    (pid, sts) = self._try_wait(0)
  File "/usr/local/lib/python3.8/subprocess.py", line 1780, in _try_wait
    (pid, sts) = os.waitpid(self.pid, wait_flags)
  File "/home/airflow/.local/lib/python3.8/site-packages/airflow/utils/timeout.py", line 69, in handle_timeout
    raise AirflowTaskTimeout(self.error_message)
airflow.exceptions.AirflowTaskTimeout: DagBag import timeout for /opt/airflow/dags/01_data_fetch_mkCHtbls.py after 30.0s.
Please take a look at these docs to improve your DAG import time:
* https://airflow.apache.org/docs/apache-airflow/2.8.1/best-practices.html#top-level-python-code
* https://airflow.apache.org/docs/apache-airflow/2.8.1/best-practices.html#reducing-dag-complexity, PID: 1859
[2025-11-27T07:32:24.068+0000] {processor.py:842} WARNING - No viable dags retrieved from /opt/airflow/dags/01_data_fetch_mkCHtbls.py
[2025-11-27T07:34:26.661+0000] {processor.py:161} INFO - Started process (PID=1909) to work on /opt/airflow/dags/01_data_fetch_mkCHtbls.py
[2025-11-27T07:34:26.665+0000] {processor.py:830} INFO - Processing file /opt/airflow/dags/01_data_fetch_mkCHtbls.py for tasks to queue
[2025-11-27T07:34:26.668+0000] {logging_mixin.py:188} INFO - [2025-11-27T07:34:26.667+0000] {dagbag.py:538} INFO - Filling up the DagBag from /opt/airflow/dags/01_data_fetch_mkCHtbls.py
[2025-11-27T07:34:34.277+0000] {processor.py:840} INFO - DAG(s) 'fetch_data' retrieved from /opt/airflow/dags/01_data_fetch_mkCHtbls.py
[2025-11-27T07:34:34.710+0000] {logging_mixin.py:188} INFO - [2025-11-27T07:34:34.709+0000] {dag.py:3036} INFO - Sync 1 DAGs
[2025-11-27T07:34:34.745+0000] {logging_mixin.py:188} INFO - [2025-11-27T07:34:34.744+0000] {dag.py:3823} INFO - Setting next_dagrun for fetch_data to 2025-11-27 00:00:00+00:00, run_after=2025-11-28 00:00:00+00:00
[2025-11-27T07:34:34.802+0000] {processor.py:183} INFO - Processing /opt/airflow/dags/01_data_fetch_mkCHtbls.py took 8.138 seconds
[2025-11-27T07:35:05.471+0000] {processor.py:161} INFO - Started process (PID=2025) to work on /opt/airflow/dags/01_data_fetch_mkCHtbls.py
[2025-11-27T07:35:05.474+0000] {processor.py:830} INFO - Processing file /opt/airflow/dags/01_data_fetch_mkCHtbls.py for tasks to queue
[2025-11-27T07:35:05.476+0000] {logging_mixin.py:188} INFO - [2025-11-27T07:35:05.475+0000] {dagbag.py:538} INFO - Filling up the DagBag from /opt/airflow/dags/01_data_fetch_mkCHtbls.py
[2025-11-27T07:35:12.311+0000] {processor.py:840} INFO - DAG(s) 'fetch_data' retrieved from /opt/airflow/dags/01_data_fetch_mkCHtbls.py
[2025-11-27T07:35:12.376+0000] {logging_mixin.py:188} INFO - [2025-11-27T07:35:12.375+0000] {dag.py:3036} INFO - Sync 1 DAGs
[2025-11-27T07:35:12.715+0000] {logging_mixin.py:188} INFO - [2025-11-27T07:35:12.715+0000] {dag.py:3823} INFO - Setting next_dagrun for fetch_data to 2025-11-27 00:00:00+00:00, run_after=2025-11-28 00:00:00+00:00
[2025-11-27T07:35:12.776+0000] {processor.py:183} INFO - Processing /opt/airflow/dags/01_data_fetch_mkCHtbls.py took 7.312 seconds
[2025-11-27T07:35:43.466+0000] {processor.py:161} INFO - Started process (PID=2095) to work on /opt/airflow/dags/01_data_fetch_mkCHtbls.py
[2025-11-27T07:35:43.468+0000] {processor.py:830} INFO - Processing file /opt/airflow/dags/01_data_fetch_mkCHtbls.py for tasks to queue
[2025-11-27T07:35:43.470+0000] {logging_mixin.py:188} INFO - [2025-11-27T07:35:43.470+0000] {dagbag.py:538} INFO - Filling up the DagBag from /opt/airflow/dags/01_data_fetch_mkCHtbls.py
[2025-11-27T07:35:49.291+0000] {processor.py:840} INFO - DAG(s) 'fetch_data' retrieved from /opt/airflow/dags/01_data_fetch_mkCHtbls.py
[2025-11-27T07:35:49.637+0000] {logging_mixin.py:188} INFO - [2025-11-27T07:35:49.637+0000] {dag.py:3036} INFO - Sync 1 DAGs
[2025-11-27T07:35:49.685+0000] {logging_mixin.py:188} INFO - [2025-11-27T07:35:49.685+0000] {dag.py:3823} INFO - Setting next_dagrun for fetch_data to 2025-11-27 00:00:00+00:00, run_after=2025-11-28 00:00:00+00:00
[2025-11-27T07:35:49.744+0000] {processor.py:183} INFO - Processing /opt/airflow/dags/01_data_fetch_mkCHtbls.py took 6.285 seconds
[2025-11-27T07:36:20.351+0000] {processor.py:161} INFO - Started process (PID=2165) to work on /opt/airflow/dags/01_data_fetch_mkCHtbls.py
[2025-11-27T07:36:20.354+0000] {processor.py:830} INFO - Processing file /opt/airflow/dags/01_data_fetch_mkCHtbls.py for tasks to queue
[2025-11-27T07:36:20.357+0000] {logging_mixin.py:188} INFO - [2025-11-27T07:36:20.356+0000] {dagbag.py:538} INFO - Filling up the DagBag from /opt/airflow/dags/01_data_fetch_mkCHtbls.py
[2025-11-27T07:36:27.289+0000] {processor.py:840} INFO - DAG(s) 'fetch_data' retrieved from /opt/airflow/dags/01_data_fetch_mkCHtbls.py
[2025-11-27T07:36:27.355+0000] {logging_mixin.py:188} INFO - [2025-11-27T07:36:27.354+0000] {dag.py:3036} INFO - Sync 1 DAGs
[2025-11-27T07:36:27.404+0000] {logging_mixin.py:188} INFO - [2025-11-27T07:36:27.404+0000] {dag.py:3823} INFO - Setting next_dagrun for fetch_data to 2025-11-27 00:00:00+00:00, run_after=2025-11-28 00:00:00+00:00
[2025-11-27T07:36:27.460+0000] {processor.py:183} INFO - Processing /opt/airflow/dags/01_data_fetch_mkCHtbls.py took 7.116 seconds
[2025-11-27T07:36:57.659+0000] {processor.py:161} INFO - Started process (PID=2235) to work on /opt/airflow/dags/01_data_fetch_mkCHtbls.py
[2025-11-27T07:36:57.661+0000] {processor.py:830} INFO - Processing file /opt/airflow/dags/01_data_fetch_mkCHtbls.py for tasks to queue
[2025-11-27T07:36:57.664+0000] {logging_mixin.py:188} INFO - [2025-11-27T07:36:57.663+0000] {dagbag.py:538} INFO - Filling up the DagBag from /opt/airflow/dags/01_data_fetch_mkCHtbls.py
[2025-11-27T07:37:04.236+0000] {processor.py:840} INFO - DAG(s) 'fetch_data' retrieved from /opt/airflow/dags/01_data_fetch_mkCHtbls.py
[2025-11-27T07:37:04.286+0000] {logging_mixin.py:188} INFO - [2025-11-27T07:37:04.286+0000] {dag.py:3036} INFO - Sync 1 DAGs
[2025-11-27T07:37:04.559+0000] {logging_mixin.py:188} INFO - [2025-11-27T07:37:04.559+0000] {dag.py:3823} INFO - Setting next_dagrun for fetch_data to 2025-11-27 00:00:00+00:00, run_after=2025-11-28 00:00:00+00:00
[2025-11-27T07:37:04.611+0000] {processor.py:183} INFO - Processing /opt/airflow/dags/01_data_fetch_mkCHtbls.py took 6.960 seconds
[2025-11-27T07:37:34.779+0000] {processor.py:161} INFO - Started process (PID=2330) to work on /opt/airflow/dags/01_data_fetch_mkCHtbls.py
[2025-11-27T07:37:34.781+0000] {processor.py:830} INFO - Processing file /opt/airflow/dags/01_data_fetch_mkCHtbls.py for tasks to queue
[2025-11-27T07:37:34.784+0000] {logging_mixin.py:188} INFO - [2025-11-27T07:37:34.783+0000] {dagbag.py:538} INFO - Filling up the DagBag from /opt/airflow/dags/01_data_fetch_mkCHtbls.py
[2025-11-27T07:37:41.025+0000] {processor.py:840} INFO - DAG(s) 'fetch_data' retrieved from /opt/airflow/dags/01_data_fetch_mkCHtbls.py
[2025-11-27T07:37:41.135+0000] {logging_mixin.py:188} INFO - [2025-11-27T07:37:41.134+0000] {dag.py:3036} INFO - Sync 1 DAGs
[2025-11-27T07:37:41.197+0000] {logging_mixin.py:188} INFO - [2025-11-27T07:37:41.197+0000] {dag.py:3823} INFO - Setting next_dagrun for fetch_data to 2025-11-27 00:00:00+00:00, run_after=2025-11-28 00:00:00+00:00
[2025-11-27T07:37:41.249+0000] {processor.py:183} INFO - Processing /opt/airflow/dags/01_data_fetch_mkCHtbls.py took 6.476 seconds
[2025-11-27T07:38:11.459+0000] {processor.py:161} INFO - Started process (PID=2400) to work on /opt/airflow/dags/01_data_fetch_mkCHtbls.py
[2025-11-27T07:38:11.461+0000] {processor.py:830} INFO - Processing file /opt/airflow/dags/01_data_fetch_mkCHtbls.py for tasks to queue
[2025-11-27T07:38:11.463+0000] {logging_mixin.py:188} INFO - [2025-11-27T07:38:11.462+0000] {dagbag.py:538} INFO - Filling up the DagBag from /opt/airflow/dags/01_data_fetch_mkCHtbls.py
[2025-11-27T07:38:18.775+0000] {processor.py:840} INFO - DAG(s) 'fetch_data' retrieved from /opt/airflow/dags/01_data_fetch_mkCHtbls.py
[2025-11-27T07:38:18.824+0000] {logging_mixin.py:188} INFO - [2025-11-27T07:38:18.824+0000] {dag.py:3036} INFO - Sync 1 DAGs
[2025-11-27T07:38:19.078+0000] {logging_mixin.py:188} INFO - [2025-11-27T07:38:19.078+0000] {dag.py:3823} INFO - Setting next_dagrun for fetch_data to 2025-11-27 00:00:00+00:00, run_after=2025-11-28 00:00:00+00:00
[2025-11-27T07:38:19.112+0000] {processor.py:183} INFO - Processing /opt/airflow/dags/01_data_fetch_mkCHtbls.py took 7.660 seconds
[2025-11-27T07:38:49.951+0000] {processor.py:161} INFO - Started process (PID=2491) to work on /opt/airflow/dags/01_data_fetch_mkCHtbls.py
[2025-11-27T07:38:49.953+0000] {processor.py:830} INFO - Processing file /opt/airflow/dags/01_data_fetch_mkCHtbls.py for tasks to queue
[2025-11-27T07:38:49.956+0000] {logging_mixin.py:188} INFO - [2025-11-27T07:38:49.955+0000] {dagbag.py:538} INFO - Filling up the DagBag from /opt/airflow/dags/01_data_fetch_mkCHtbls.py
[2025-11-27T07:38:55.629+0000] {processor.py:840} INFO - DAG(s) 'fetch_data' retrieved from /opt/airflow/dags/01_data_fetch_mkCHtbls.py
[2025-11-27T07:38:55.939+0000] {logging_mixin.py:188} INFO - [2025-11-27T07:38:55.939+0000] {dag.py:3036} INFO - Sync 1 DAGs
[2025-11-27T07:38:55.993+0000] {logging_mixin.py:188} INFO - [2025-11-27T07:38:55.992+0000] {dag.py:3823} INFO - Setting next_dagrun for fetch_data to 2025-11-27 00:00:00+00:00, run_after=2025-11-28 00:00:00+00:00
[2025-11-27T07:38:56.032+0000] {processor.py:183} INFO - Processing /opt/airflow/dags/01_data_fetch_mkCHtbls.py took 6.088 seconds
[2025-11-27T07:39:26.608+0000] {processor.py:161} INFO - Started process (PID=2561) to work on /opt/airflow/dags/01_data_fetch_mkCHtbls.py
[2025-11-27T07:39:26.611+0000] {processor.py:830} INFO - Processing file /opt/airflow/dags/01_data_fetch_mkCHtbls.py for tasks to queue
[2025-11-27T07:39:26.613+0000] {logging_mixin.py:188} INFO - [2025-11-27T07:39:26.612+0000] {dagbag.py:538} INFO - Filling up the DagBag from /opt/airflow/dags/01_data_fetch_mkCHtbls.py
[2025-11-27T07:39:33.919+0000] {processor.py:840} INFO - DAG(s) 'fetch_data' retrieved from /opt/airflow/dags/01_data_fetch_mkCHtbls.py
[2025-11-27T07:39:33.968+0000] {logging_mixin.py:188} INFO - [2025-11-27T07:39:33.968+0000] {dag.py:3036} INFO - Sync 1 DAGs
[2025-11-27T07:39:34.022+0000] {logging_mixin.py:188} INFO - [2025-11-27T07:39:34.022+0000] {dag.py:3823} INFO - Setting next_dagrun for fetch_data to 2025-11-27 00:00:00+00:00, run_after=2025-11-28 00:00:00+00:00
[2025-11-27T07:39:34.055+0000] {processor.py:183} INFO - Processing /opt/airflow/dags/01_data_fetch_mkCHtbls.py took 7.453 seconds
[2025-11-27T07:40:04.546+0000] {processor.py:161} INFO - Started process (PID=2631) to work on /opt/airflow/dags/01_data_fetch_mkCHtbls.py
[2025-11-27T07:40:04.548+0000] {processor.py:830} INFO - Processing file /opt/airflow/dags/01_data_fetch_mkCHtbls.py for tasks to queue
[2025-11-27T07:40:04.550+0000] {logging_mixin.py:188} INFO - [2025-11-27T07:40:04.549+0000] {dagbag.py:538} INFO - Filling up the DagBag from /opt/airflow/dags/01_data_fetch_mkCHtbls.py
[2025-11-27T07:40:12.783+0000] {processor.py:840} INFO - DAG(s) 'fetch_data' retrieved from /opt/airflow/dags/01_data_fetch_mkCHtbls.py
[2025-11-27T07:40:12.854+0000] {logging_mixin.py:188} INFO - [2025-11-27T07:40:12.853+0000] {dag.py:3036} INFO - Sync 1 DAGs
[2025-11-27T07:40:12.899+0000] {logging_mixin.py:188} INFO - [2025-11-27T07:40:12.899+0000] {dag.py:3823} INFO - Setting next_dagrun for fetch_data to 2025-11-27 00:00:00+00:00, run_after=2025-11-28 00:00:00+00:00
[2025-11-27T07:40:12.951+0000] {processor.py:183} INFO - Processing /opt/airflow/dags/01_data_fetch_mkCHtbls.py took 8.411 seconds
[2025-11-27T07:40:43.606+0000] {processor.py:161} INFO - Started process (PID=2726) to work on /opt/airflow/dags/01_data_fetch_mkCHtbls.py
[2025-11-27T07:40:43.608+0000] {processor.py:830} INFO - Processing file /opt/airflow/dags/01_data_fetch_mkCHtbls.py for tasks to queue
[2025-11-27T07:40:43.611+0000] {logging_mixin.py:188} INFO - [2025-11-27T07:40:43.610+0000] {dagbag.py:538} INFO - Filling up the DagBag from /opt/airflow/dags/01_data_fetch_mkCHtbls.py
[2025-11-27T07:40:49.663+0000] {processor.py:840} INFO - DAG(s) 'fetch_data' retrieved from /opt/airflow/dags/01_data_fetch_mkCHtbls.py
[2025-11-27T07:40:49.719+0000] {logging_mixin.py:188} INFO - [2025-11-27T07:40:49.718+0000] {dag.py:3036} INFO - Sync 1 DAGs
[2025-11-27T07:40:49.763+0000] {logging_mixin.py:188} INFO - [2025-11-27T07:40:49.762+0000] {dag.py:3823} INFO - Setting next_dagrun for fetch_data to 2025-11-27 00:00:00+00:00, run_after=2025-11-28 00:00:00+00:00
[2025-11-27T07:40:49.813+0000] {processor.py:183} INFO - Processing /opt/airflow/dags/01_data_fetch_mkCHtbls.py took 6.214 seconds
[2025-11-27T07:41:20.651+0000] {processor.py:161} INFO - Started process (PID=2796) to work on /opt/airflow/dags/01_data_fetch_mkCHtbls.py
[2025-11-27T07:41:20.657+0000] {processor.py:830} INFO - Processing file /opt/airflow/dags/01_data_fetch_mkCHtbls.py for tasks to queue
[2025-11-27T07:41:20.663+0000] {logging_mixin.py:188} INFO - [2025-11-27T07:41:20.661+0000] {dagbag.py:538} INFO - Filling up the DagBag from /opt/airflow/dags/01_data_fetch_mkCHtbls.py
[2025-11-27T07:41:27.358+0000] {processor.py:840} INFO - DAG(s) 'fetch_data' retrieved from /opt/airflow/dags/01_data_fetch_mkCHtbls.py
[2025-11-27T07:41:27.410+0000] {logging_mixin.py:188} INFO - [2025-11-27T07:41:27.409+0000] {dag.py:3036} INFO - Sync 1 DAGs
[2025-11-27T07:41:27.449+0000] {logging_mixin.py:188} INFO - [2025-11-27T07:41:27.449+0000] {dag.py:3823} INFO - Setting next_dagrun for fetch_data to 2025-11-27 00:00:00+00:00, run_after=2025-11-28 00:00:00+00:00
[2025-11-27T07:41:27.502+0000] {processor.py:183} INFO - Processing /opt/airflow/dags/01_data_fetch_mkCHtbls.py took 6.873 seconds
[2025-11-27T07:41:58.313+0000] {processor.py:161} INFO - Started process (PID=2887) to work on /opt/airflow/dags/01_data_fetch_mkCHtbls.py
[2025-11-27T07:41:58.315+0000] {processor.py:830} INFO - Processing file /opt/airflow/dags/01_data_fetch_mkCHtbls.py for tasks to queue
[2025-11-27T07:41:58.317+0000] {logging_mixin.py:188} INFO - [2025-11-27T07:41:58.316+0000] {dagbag.py:538} INFO - Filling up the DagBag from /opt/airflow/dags/01_data_fetch_mkCHtbls.py
[2025-11-27T07:42:04.720+0000] {processor.py:840} INFO - DAG(s) 'fetch_data' retrieved from /opt/airflow/dags/01_data_fetch_mkCHtbls.py
[2025-11-27T07:42:04.786+0000] {logging_mixin.py:188} INFO - [2025-11-27T07:42:04.785+0000] {dag.py:3036} INFO - Sync 1 DAGs
[2025-11-27T07:42:04.831+0000] {logging_mixin.py:188} INFO - [2025-11-27T07:42:04.831+0000] {dag.py:3823} INFO - Setting next_dagrun for fetch_data to 2025-11-27 00:00:00+00:00, run_after=2025-11-28 00:00:00+00:00
[2025-11-27T07:42:04.884+0000] {processor.py:183} INFO - Processing /opt/airflow/dags/01_data_fetch_mkCHtbls.py took 6.577 seconds
[2025-11-27T07:42:35.292+0000] {processor.py:161} INFO - Started process (PID=2957) to work on /opt/airflow/dags/01_data_fetch_mkCHtbls.py
[2025-11-27T07:42:35.294+0000] {processor.py:830} INFO - Processing file /opt/airflow/dags/01_data_fetch_mkCHtbls.py for tasks to queue
[2025-11-27T07:42:35.297+0000] {logging_mixin.py:188} INFO - [2025-11-27T07:42:35.296+0000] {dagbag.py:538} INFO - Filling up the DagBag from /opt/airflow/dags/01_data_fetch_mkCHtbls.py
[2025-11-27T07:42:41.853+0000] {processor.py:840} INFO - DAG(s) 'fetch_data' retrieved from /opt/airflow/dags/01_data_fetch_mkCHtbls.py
[2025-11-27T07:42:41.896+0000] {logging_mixin.py:188} INFO - [2025-11-27T07:42:41.896+0000] {dag.py:3036} INFO - Sync 1 DAGs
[2025-11-27T07:42:41.934+0000] {logging_mixin.py:188} INFO - [2025-11-27T07:42:41.933+0000] {dag.py:3823} INFO - Setting next_dagrun for fetch_data to 2025-11-27 00:00:00+00:00, run_after=2025-11-28 00:00:00+00:00
[2025-11-27T07:42:41.979+0000] {processor.py:183} INFO - Processing /opt/airflow/dags/01_data_fetch_mkCHtbls.py took 6.695 seconds
[2025-11-27T07:43:12.664+0000] {processor.py:161} INFO - Started process (PID=3052) to work on /opt/airflow/dags/01_data_fetch_mkCHtbls.py
[2025-11-27T07:43:12.666+0000] {processor.py:830} INFO - Processing file /opt/airflow/dags/01_data_fetch_mkCHtbls.py for tasks to queue
[2025-11-27T07:43:12.668+0000] {logging_mixin.py:188} INFO - [2025-11-27T07:43:12.668+0000] {dagbag.py:538} INFO - Filling up the DagBag from /opt/airflow/dags/01_data_fetch_mkCHtbls.py
[2025-11-27T07:43:19.702+0000] {processor.py:840} INFO - DAG(s) 'fetch_data' retrieved from /opt/airflow/dags/01_data_fetch_mkCHtbls.py
[2025-11-27T07:43:19.752+0000] {logging_mixin.py:188} INFO - [2025-11-27T07:43:19.752+0000] {dag.py:3036} INFO - Sync 1 DAGs
[2025-11-27T07:43:19.789+0000] {logging_mixin.py:188} INFO - [2025-11-27T07:43:19.788+0000] {dag.py:3823} INFO - Setting next_dagrun for fetch_data to 2025-11-27 00:00:00+00:00, run_after=2025-11-28 00:00:00+00:00
[2025-11-27T07:43:19.835+0000] {processor.py:183} INFO - Processing /opt/airflow/dags/01_data_fetch_mkCHtbls.py took 7.179 seconds
[2025-11-27T07:43:50.575+0000] {processor.py:161} INFO - Started process (PID=3122) to work on /opt/airflow/dags/01_data_fetch_mkCHtbls.py
[2025-11-27T07:43:50.578+0000] {processor.py:830} INFO - Processing file /opt/airflow/dags/01_data_fetch_mkCHtbls.py for tasks to queue
[2025-11-27T07:43:50.582+0000] {logging_mixin.py:188} INFO - [2025-11-27T07:43:50.580+0000] {dagbag.py:538} INFO - Filling up the DagBag from /opt/airflow/dags/01_data_fetch_mkCHtbls.py
[2025-11-27T07:43:56.501+0000] {processor.py:840} INFO - DAG(s) 'fetch_data' retrieved from /opt/airflow/dags/01_data_fetch_mkCHtbls.py
[2025-11-27T07:43:56.558+0000] {logging_mixin.py:188} INFO - [2025-11-27T07:43:56.557+0000] {dag.py:3036} INFO - Sync 1 DAGs
[2025-11-27T07:43:56.616+0000] {logging_mixin.py:188} INFO - [2025-11-27T07:43:56.615+0000] {dag.py:3823} INFO - Setting next_dagrun for fetch_data to 2025-11-27 00:00:00+00:00, run_after=2025-11-28 00:00:00+00:00
[2025-11-27T07:43:56.684+0000] {processor.py:183} INFO - Processing /opt/airflow/dags/01_data_fetch_mkCHtbls.py took 6.119 seconds
[2025-11-27T07:44:27.635+0000] {processor.py:161} INFO - Started process (PID=3192) to work on /opt/airflow/dags/01_data_fetch_mkCHtbls.py
[2025-11-27T07:44:27.638+0000] {processor.py:830} INFO - Processing file /opt/airflow/dags/01_data_fetch_mkCHtbls.py for tasks to queue
[2025-11-27T07:44:27.640+0000] {logging_mixin.py:188} INFO - [2025-11-27T07:44:27.639+0000] {dagbag.py:538} INFO - Filling up the DagBag from /opt/airflow/dags/01_data_fetch_mkCHtbls.py
[2025-11-27T07:44:34.095+0000] {processor.py:840} INFO - DAG(s) 'fetch_data' retrieved from /opt/airflow/dags/01_data_fetch_mkCHtbls.py
[2025-11-27T07:44:34.177+0000] {logging_mixin.py:188} INFO - [2025-11-27T07:44:34.177+0000] {dag.py:3036} INFO - Sync 1 DAGs
[2025-11-27T07:44:34.259+0000] {logging_mixin.py:188} INFO - [2025-11-27T07:44:34.258+0000] {dag.py:3823} INFO - Setting next_dagrun for fetch_data to 2025-11-27 00:00:00+00:00, run_after=2025-11-28 00:00:00+00:00
[2025-11-27T07:44:34.433+0000] {processor.py:183} INFO - Processing /opt/airflow/dags/01_data_fetch_mkCHtbls.py took 6.807 seconds
[2025-11-27T07:46:51.313+0000] {processor.py:161} INFO - Started process (PID=175) to work on /opt/airflow/dags/01_data_fetch_mkCHtbls.py
[2025-11-27T07:46:51.320+0000] {processor.py:830} INFO - Processing file /opt/airflow/dags/01_data_fetch_mkCHtbls.py for tasks to queue
[2025-11-27T07:46:51.324+0000] {logging_mixin.py:188} INFO - [2025-11-27T07:46:51.323+0000] {dagbag.py:538} INFO - Filling up the DagBag from /opt/airflow/dags/01_data_fetch_mkCHtbls.py
[2025-11-27T07:47:04.468+0000] {processor.py:840} INFO - DAG(s) 'fetch_data' retrieved from /opt/airflow/dags/01_data_fetch_mkCHtbls.py
[2025-11-27T07:47:04.551+0000] {logging_mixin.py:188} INFO - [2025-11-27T07:47:04.550+0000] {dag.py:3036} INFO - Sync 1 DAGs
[2025-11-27T07:47:04.635+0000] {logging_mixin.py:188} INFO - [2025-11-27T07:47:04.635+0000] {dag.py:3823} INFO - Setting next_dagrun for fetch_data to 2025-11-27 00:00:00+00:00, run_after=2025-11-28 00:00:00+00:00
[2025-11-27T07:47:04.691+0000] {processor.py:183} INFO - Processing /opt/airflow/dags/01_data_fetch_mkCHtbls.py took 13.388 seconds
[2025-11-27T07:47:34.987+0000] {processor.py:161} INFO - Started process (PID=291) to work on /opt/airflow/dags/01_data_fetch_mkCHtbls.py
[2025-11-27T07:47:34.990+0000] {processor.py:830} INFO - Processing file /opt/airflow/dags/01_data_fetch_mkCHtbls.py for tasks to queue
[2025-11-27T07:47:34.993+0000] {logging_mixin.py:188} INFO - [2025-11-27T07:47:34.992+0000] {dagbag.py:538} INFO - Filling up the DagBag from /opt/airflow/dags/01_data_fetch_mkCHtbls.py
[2025-11-27T07:47:41.871+0000] {processor.py:840} INFO - DAG(s) 'fetch_data' retrieved from /opt/airflow/dags/01_data_fetch_mkCHtbls.py
[2025-11-27T07:47:42.043+0000] {logging_mixin.py:188} INFO - [2025-11-27T07:47:42.043+0000] {dag.py:3036} INFO - Sync 1 DAGs
[2025-11-27T07:47:42.259+0000] {logging_mixin.py:188} INFO - [2025-11-27T07:47:42.258+0000] {dag.py:3823} INFO - Setting next_dagrun for fetch_data to 2025-11-27 00:00:00+00:00, run_after=2025-11-28 00:00:00+00:00
[2025-11-27T07:47:42.305+0000] {processor.py:183} INFO - Processing /opt/airflow/dags/01_data_fetch_mkCHtbls.py took 7.326 seconds
[2025-11-27T07:48:12.435+0000] {processor.py:161} INFO - Started process (PID=361) to work on /opt/airflow/dags/01_data_fetch_mkCHtbls.py
[2025-11-27T07:48:12.437+0000] {processor.py:830} INFO - Processing file /opt/airflow/dags/01_data_fetch_mkCHtbls.py for tasks to queue
[2025-11-27T07:48:12.440+0000] {logging_mixin.py:188} INFO - [2025-11-27T07:48:12.439+0000] {dagbag.py:538} INFO - Filling up the DagBag from /opt/airflow/dags/01_data_fetch_mkCHtbls.py
[2025-11-27T07:48:18.372+0000] {processor.py:840} INFO - DAG(s) 'fetch_data' retrieved from /opt/airflow/dags/01_data_fetch_mkCHtbls.py
[2025-11-27T07:48:18.434+0000] {logging_mixin.py:188} INFO - [2025-11-27T07:48:18.433+0000] {dag.py:3036} INFO - Sync 1 DAGs
[2025-11-27T07:48:18.486+0000] {logging_mixin.py:188} INFO - [2025-11-27T07:48:18.486+0000] {dag.py:3823} INFO - Setting next_dagrun for fetch_data to 2025-11-27 00:00:00+00:00, run_after=2025-11-28 00:00:00+00:00
[2025-11-27T07:48:18.536+0000] {processor.py:183} INFO - Processing /opt/airflow/dags/01_data_fetch_mkCHtbls.py took 6.108 seconds
[2025-11-27T07:48:49.219+0000] {processor.py:161} INFO - Started process (PID=431) to work on /opt/airflow/dags/01_data_fetch_mkCHtbls.py
[2025-11-27T07:48:49.221+0000] {processor.py:830} INFO - Processing file /opt/airflow/dags/01_data_fetch_mkCHtbls.py for tasks to queue
[2025-11-27T07:48:49.223+0000] {logging_mixin.py:188} INFO - [2025-11-27T07:48:49.223+0000] {dagbag.py:538} INFO - Filling up the DagBag from /opt/airflow/dags/01_data_fetch_mkCHtbls.py
[2025-11-27T07:48:54.638+0000] {processor.py:840} INFO - DAG(s) 'fetch_data' retrieved from /opt/airflow/dags/01_data_fetch_mkCHtbls.py
[2025-11-27T07:48:54.688+0000] {logging_mixin.py:188} INFO - [2025-11-27T07:48:54.688+0000] {dag.py:3036} INFO - Sync 1 DAGs
[2025-11-27T07:48:54.730+0000] {logging_mixin.py:188} INFO - [2025-11-27T07:48:54.729+0000] {dag.py:3823} INFO - Setting next_dagrun for fetch_data to 2025-11-27 00:00:00+00:00, run_after=2025-11-28 00:00:00+00:00
[2025-11-27T07:48:54.763+0000] {processor.py:183} INFO - Processing /opt/airflow/dags/01_data_fetch_mkCHtbls.py took 5.553 seconds
[2025-11-27T07:49:24.918+0000] {processor.py:161} INFO - Started process (PID=501) to work on /opt/airflow/dags/01_data_fetch_mkCHtbls.py
[2025-11-27T07:49:24.920+0000] {processor.py:830} INFO - Processing file /opt/airflow/dags/01_data_fetch_mkCHtbls.py for tasks to queue
[2025-11-27T07:49:24.922+0000] {logging_mixin.py:188} INFO - [2025-11-27T07:49:24.922+0000] {dagbag.py:538} INFO - Filling up the DagBag from /opt/airflow/dags/01_data_fetch_mkCHtbls.py
[2025-11-27T07:49:31.835+0000] {processor.py:840} INFO - DAG(s) 'fetch_data' retrieved from /opt/airflow/dags/01_data_fetch_mkCHtbls.py
[2025-11-27T07:49:31.886+0000] {logging_mixin.py:188} INFO - [2025-11-27T07:49:31.886+0000] {dag.py:3036} INFO - Sync 1 DAGs
[2025-11-27T07:49:31.932+0000] {logging_mixin.py:188} INFO - [2025-11-27T07:49:31.931+0000] {dag.py:3823} INFO - Setting next_dagrun for fetch_data to 2025-11-27 00:00:00+00:00, run_after=2025-11-28 00:00:00+00:00
[2025-11-27T07:49:31.983+0000] {processor.py:183} INFO - Processing /opt/airflow/dags/01_data_fetch_mkCHtbls.py took 7.070 seconds
[2025-11-27T07:50:02.534+0000] {processor.py:161} INFO - Started process (PID=596) to work on /opt/airflow/dags/01_data_fetch_mkCHtbls.py
[2025-11-27T07:50:02.536+0000] {processor.py:830} INFO - Processing file /opt/airflow/dags/01_data_fetch_mkCHtbls.py for tasks to queue
[2025-11-27T07:50:02.538+0000] {logging_mixin.py:188} INFO - [2025-11-27T07:50:02.537+0000] {dagbag.py:538} INFO - Filling up the DagBag from /opt/airflow/dags/01_data_fetch_mkCHtbls.py
[2025-11-27T07:50:09.022+0000] {processor.py:840} INFO - DAG(s) 'fetch_data' retrieved from /opt/airflow/dags/01_data_fetch_mkCHtbls.py
[2025-11-27T07:50:09.143+0000] {logging_mixin.py:188} INFO - [2025-11-27T07:50:09.141+0000] {dag.py:3036} INFO - Sync 1 DAGs
[2025-11-27T07:50:09.196+0000] {logging_mixin.py:188} INFO - [2025-11-27T07:50:09.196+0000] {dag.py:3823} INFO - Setting next_dagrun for fetch_data to 2025-11-27 00:00:00+00:00, run_after=2025-11-28 00:00:00+00:00
[2025-11-27T07:50:09.284+0000] {processor.py:183} INFO - Processing /opt/airflow/dags/01_data_fetch_mkCHtbls.py took 6.756 seconds
[2025-11-27T07:50:39.936+0000] {processor.py:161} INFO - Started process (PID=687) to work on /opt/airflow/dags/01_data_fetch_mkCHtbls.py
[2025-11-27T07:50:39.939+0000] {processor.py:830} INFO - Processing file /opt/airflow/dags/01_data_fetch_mkCHtbls.py for tasks to queue
[2025-11-27T07:50:39.941+0000] {logging_mixin.py:188} INFO - [2025-11-27T07:50:39.941+0000] {dagbag.py:538} INFO - Filling up the DagBag from /opt/airflow/dags/01_data_fetch_mkCHtbls.py
[2025-11-27T07:50:45.318+0000] {processor.py:840} INFO - DAG(s) 'fetch_data' retrieved from /opt/airflow/dags/01_data_fetch_mkCHtbls.py
[2025-11-27T07:50:45.366+0000] {logging_mixin.py:188} INFO - [2025-11-27T07:50:45.366+0000] {dag.py:3036} INFO - Sync 1 DAGs
[2025-11-27T07:50:45.410+0000] {logging_mixin.py:188} INFO - [2025-11-27T07:50:45.410+0000] {dag.py:3823} INFO - Setting next_dagrun for fetch_data to 2025-11-27 00:00:00+00:00, run_after=2025-11-28 00:00:00+00:00
[2025-11-27T07:50:45.457+0000] {processor.py:183} INFO - Processing /opt/airflow/dags/01_data_fetch_mkCHtbls.py took 5.527 seconds
[2025-11-27T07:51:15.985+0000] {processor.py:161} INFO - Started process (PID=757) to work on /opt/airflow/dags/01_data_fetch_mkCHtbls.py
[2025-11-27T07:51:15.989+0000] {processor.py:830} INFO - Processing file /opt/airflow/dags/01_data_fetch_mkCHtbls.py for tasks to queue
[2025-11-27T07:51:15.993+0000] {logging_mixin.py:188} INFO - [2025-11-27T07:51:15.991+0000] {dagbag.py:538} INFO - Filling up the DagBag from /opt/airflow/dags/01_data_fetch_mkCHtbls.py
[2025-11-27T07:51:22.552+0000] {processor.py:840} INFO - DAG(s) 'fetch_data' retrieved from /opt/airflow/dags/01_data_fetch_mkCHtbls.py
[2025-11-27T07:51:22.606+0000] {logging_mixin.py:188} INFO - [2025-11-27T07:51:22.606+0000] {dag.py:3036} INFO - Sync 1 DAGs
[2025-11-27T07:51:22.648+0000] {logging_mixin.py:188} INFO - [2025-11-27T07:51:22.648+0000] {dag.py:3823} INFO - Setting next_dagrun for fetch_data to 2025-11-27 00:00:00+00:00, run_after=2025-11-28 00:00:00+00:00
[2025-11-27T07:51:22.684+0000] {processor.py:183} INFO - Processing /opt/airflow/dags/01_data_fetch_mkCHtbls.py took 6.710 seconds
[2025-11-27T07:51:53.433+0000] {processor.py:161} INFO - Started process (PID=827) to work on /opt/airflow/dags/01_data_fetch_mkCHtbls.py
[2025-11-27T07:51:53.435+0000] {processor.py:830} INFO - Processing file /opt/airflow/dags/01_data_fetch_mkCHtbls.py for tasks to queue
[2025-11-27T07:51:53.438+0000] {logging_mixin.py:188} INFO - [2025-11-27T07:51:53.437+0000] {dagbag.py:538} INFO - Filling up the DagBag from /opt/airflow/dags/01_data_fetch_mkCHtbls.py
[2025-11-27T07:51:59.977+0000] {processor.py:840} INFO - DAG(s) 'fetch_data' retrieved from /opt/airflow/dags/01_data_fetch_mkCHtbls.py
[2025-11-27T07:52:00.067+0000] {logging_mixin.py:188} INFO - [2025-11-27T07:52:00.067+0000] {dag.py:3036} INFO - Sync 1 DAGs
[2025-11-27T07:52:00.118+0000] {logging_mixin.py:188} INFO - [2025-11-27T07:52:00.118+0000] {dag.py:3823} INFO - Setting next_dagrun for fetch_data to 2025-11-27 00:00:00+00:00, run_after=2025-11-28 00:00:00+00:00
[2025-11-27T07:52:00.468+0000] {processor.py:183} INFO - Processing /opt/airflow/dags/01_data_fetch_mkCHtbls.py took 7.042 seconds
[2025-11-27T07:52:30.835+0000] {processor.py:161} INFO - Started process (PID=902) to work on /opt/airflow/dags/01_data_fetch_mkCHtbls.py
[2025-11-27T07:52:30.838+0000] {processor.py:830} INFO - Processing file /opt/airflow/dags/01_data_fetch_mkCHtbls.py for tasks to queue
[2025-11-27T07:52:30.842+0000] {logging_mixin.py:188} INFO - [2025-11-27T07:52:30.840+0000] {dagbag.py:538} INFO - Filling up the DagBag from /opt/airflow/dags/01_data_fetch_mkCHtbls.py
[2025-11-27T07:52:36.230+0000] {processor.py:840} INFO - DAG(s) 'fetch_data' retrieved from /opt/airflow/dags/01_data_fetch_mkCHtbls.py
[2025-11-27T07:52:36.317+0000] {logging_mixin.py:188} INFO - [2025-11-27T07:52:36.316+0000] {dag.py:3036} INFO - Sync 1 DAGs
[2025-11-27T07:52:36.414+0000] {logging_mixin.py:188} INFO - [2025-11-27T07:52:36.413+0000] {dag.py:3823} INFO - Setting next_dagrun for fetch_data to 2025-11-27 00:00:00+00:00, run_after=2025-11-28 00:00:00+00:00
[2025-11-27T07:52:36.513+0000] {processor.py:183} INFO - Processing /opt/airflow/dags/01_data_fetch_mkCHtbls.py took 5.684 seconds
[2025-11-27T07:53:06.937+0000] {processor.py:161} INFO - Started process (PID=992) to work on /opt/airflow/dags/01_data_fetch_mkCHtbls.py
[2025-11-27T07:53:06.940+0000] {processor.py:830} INFO - Processing file /opt/airflow/dags/01_data_fetch_mkCHtbls.py for tasks to queue
[2025-11-27T07:53:06.942+0000] {logging_mixin.py:188} INFO - [2025-11-27T07:53:06.941+0000] {dagbag.py:538} INFO - Filling up the DagBag from /opt/airflow/dags/01_data_fetch_mkCHtbls.py
[2025-11-27T07:53:12.922+0000] {processor.py:840} INFO - DAG(s) 'fetch_data' retrieved from /opt/airflow/dags/01_data_fetch_mkCHtbls.py
[2025-11-27T07:53:12.972+0000] {logging_mixin.py:188} INFO - [2025-11-27T07:53:12.972+0000] {dag.py:3036} INFO - Sync 1 DAGs
[2025-11-27T07:53:13.022+0000] {logging_mixin.py:188} INFO - [2025-11-27T07:53:13.022+0000] {dag.py:3823} INFO - Setting next_dagrun for fetch_data to 2025-11-27 00:00:00+00:00, run_after=2025-11-28 00:00:00+00:00
[2025-11-27T07:53:13.073+0000] {processor.py:183} INFO - Processing /opt/airflow/dags/01_data_fetch_mkCHtbls.py took 6.145 seconds
[2025-11-27T07:53:43.496+0000] {processor.py:161} INFO - Started process (PID=1062) to work on /opt/airflow/dags/01_data_fetch_mkCHtbls.py
[2025-11-27T07:53:43.498+0000] {processor.py:830} INFO - Processing file /opt/airflow/dags/01_data_fetch_mkCHtbls.py for tasks to queue
[2025-11-27T07:53:43.500+0000] {logging_mixin.py:188} INFO - [2025-11-27T07:53:43.500+0000] {dagbag.py:538} INFO - Filling up the DagBag from /opt/airflow/dags/01_data_fetch_mkCHtbls.py
[2025-11-27T07:53:50.189+0000] {processor.py:840} INFO - DAG(s) 'fetch_data' retrieved from /opt/airflow/dags/01_data_fetch_mkCHtbls.py
[2025-11-27T07:53:50.249+0000] {logging_mixin.py:188} INFO - [2025-11-27T07:53:50.248+0000] {dag.py:3036} INFO - Sync 1 DAGs
[2025-11-27T07:53:50.571+0000] {logging_mixin.py:188} INFO - [2025-11-27T07:53:50.570+0000] {dag.py:3823} INFO - Setting next_dagrun for fetch_data to 2025-11-27 00:00:00+00:00, run_after=2025-11-28 00:00:00+00:00
[2025-11-27T07:53:50.629+0000] {processor.py:183} INFO - Processing /opt/airflow/dags/01_data_fetch_mkCHtbls.py took 7.139 seconds
[2025-11-27T07:54:21.160+0000] {processor.py:161} INFO - Started process (PID=1153) to work on /opt/airflow/dags/01_data_fetch_mkCHtbls.py
[2025-11-27T07:54:21.171+0000] {processor.py:830} INFO - Processing file /opt/airflow/dags/01_data_fetch_mkCHtbls.py for tasks to queue
[2025-11-27T07:54:21.174+0000] {logging_mixin.py:188} INFO - [2025-11-27T07:54:21.173+0000] {dagbag.py:538} INFO - Filling up the DagBag from /opt/airflow/dags/01_data_fetch_mkCHtbls.py
[2025-11-27T07:54:29.426+0000] {processor.py:840} INFO - DAG(s) 'fetch_data' retrieved from /opt/airflow/dags/01_data_fetch_mkCHtbls.py
[2025-11-27T07:54:29.497+0000] {logging_mixin.py:188} INFO - [2025-11-27T07:54:29.496+0000] {dag.py:3036} INFO - Sync 1 DAGs
[2025-11-27T07:54:29.541+0000] {logging_mixin.py:188} INFO - [2025-11-27T07:54:29.541+0000] {dag.py:3823} INFO - Setting next_dagrun for fetch_data to 2025-11-27 00:00:00+00:00, run_after=2025-11-28 00:00:00+00:00
[2025-11-27T07:54:29.587+0000] {processor.py:183} INFO - Processing /opt/airflow/dags/01_data_fetch_mkCHtbls.py took 8.434 seconds
[2025-11-27T07:54:59.845+0000] {processor.py:161} INFO - Started process (PID=1223) to work on /opt/airflow/dags/01_data_fetch_mkCHtbls.py
[2025-11-27T07:54:59.847+0000] {processor.py:830} INFO - Processing file /opt/airflow/dags/01_data_fetch_mkCHtbls.py for tasks to queue
[2025-11-27T07:54:59.850+0000] {logging_mixin.py:188} INFO - [2025-11-27T07:54:59.849+0000] {dagbag.py:538} INFO - Filling up the DagBag from /opt/airflow/dags/01_data_fetch_mkCHtbls.py
[2025-11-27T07:55:05.312+0000] {processor.py:840} INFO - DAG(s) 'fetch_data' retrieved from /opt/airflow/dags/01_data_fetch_mkCHtbls.py
[2025-11-27T07:55:05.374+0000] {logging_mixin.py:188} INFO - [2025-11-27T07:55:05.373+0000] {dag.py:3036} INFO - Sync 1 DAGs
[2025-11-27T07:55:05.613+0000] {logging_mixin.py:188} INFO - [2025-11-27T07:55:05.613+0000] {dag.py:3823} INFO - Setting next_dagrun for fetch_data to 2025-11-27 00:00:00+00:00, run_after=2025-11-28 00:00:00+00:00
[2025-11-27T07:55:05.664+0000] {processor.py:183} INFO - Processing /opt/airflow/dags/01_data_fetch_mkCHtbls.py took 5.827 seconds
[2025-11-27T07:55:35.752+0000] {processor.py:161} INFO - Started process (PID=1318) to work on /opt/airflow/dags/01_data_fetch_mkCHtbls.py
[2025-11-27T07:55:35.755+0000] {processor.py:830} INFO - Processing file /opt/airflow/dags/01_data_fetch_mkCHtbls.py for tasks to queue
[2025-11-27T07:55:35.757+0000] {logging_mixin.py:188} INFO - [2025-11-27T07:55:35.756+0000] {dagbag.py:538} INFO - Filling up the DagBag from /opt/airflow/dags/01_data_fetch_mkCHtbls.py
[2025-11-27T07:55:41.128+0000] {processor.py:840} INFO - DAG(s) 'fetch_data' retrieved from /opt/airflow/dags/01_data_fetch_mkCHtbls.py
[2025-11-27T07:55:41.179+0000] {logging_mixin.py:188} INFO - [2025-11-27T07:55:41.178+0000] {dag.py:3036} INFO - Sync 1 DAGs
[2025-11-27T07:55:41.222+0000] {logging_mixin.py:188} INFO - [2025-11-27T07:55:41.221+0000] {dag.py:3823} INFO - Setting next_dagrun for fetch_data to 2025-11-27 00:00:00+00:00, run_after=2025-11-28 00:00:00+00:00
[2025-11-27T07:55:41.266+0000] {processor.py:183} INFO - Processing /opt/airflow/dags/01_data_fetch_mkCHtbls.py took 5.521 seconds
[2025-11-27T07:56:11.916+0000] {processor.py:161} INFO - Started process (PID=1388) to work on /opt/airflow/dags/01_data_fetch_mkCHtbls.py
[2025-11-27T07:56:11.918+0000] {processor.py:830} INFO - Processing file /opt/airflow/dags/01_data_fetch_mkCHtbls.py for tasks to queue
[2025-11-27T07:56:11.920+0000] {logging_mixin.py:188} INFO - [2025-11-27T07:56:11.919+0000] {dagbag.py:538} INFO - Filling up the DagBag from /opt/airflow/dags/01_data_fetch_mkCHtbls.py
[2025-11-27T07:56:17.174+0000] {processor.py:840} INFO - DAG(s) 'fetch_data' retrieved from /opt/airflow/dags/01_data_fetch_mkCHtbls.py
[2025-11-27T07:56:17.221+0000] {logging_mixin.py:188} INFO - [2025-11-27T07:56:17.220+0000] {dag.py:3036} INFO - Sync 1 DAGs
[2025-11-27T07:56:17.259+0000] {logging_mixin.py:188} INFO - [2025-11-27T07:56:17.259+0000] {dag.py:3823} INFO - Setting next_dagrun for fetch_data to 2025-11-27 00:00:00+00:00, run_after=2025-11-28 00:00:00+00:00
[2025-11-27T07:56:17.309+0000] {processor.py:183} INFO - Processing /opt/airflow/dags/01_data_fetch_mkCHtbls.py took 5.401 seconds
[2025-11-27T07:56:47.907+0000] {processor.py:161} INFO - Started process (PID=1458) to work on /opt/airflow/dags/01_data_fetch_mkCHtbls.py
[2025-11-27T07:56:47.909+0000] {processor.py:830} INFO - Processing file /opt/airflow/dags/01_data_fetch_mkCHtbls.py for tasks to queue
[2025-11-27T07:56:47.912+0000] {logging_mixin.py:188} INFO - [2025-11-27T07:56:47.911+0000] {dagbag.py:538} INFO - Filling up the DagBag from /opt/airflow/dags/01_data_fetch_mkCHtbls.py
[2025-11-27T07:56:53.683+0000] {processor.py:840} INFO - DAG(s) 'fetch_data' retrieved from /opt/airflow/dags/01_data_fetch_mkCHtbls.py
[2025-11-27T07:56:53.737+0000] {logging_mixin.py:188} INFO - [2025-11-27T07:56:53.737+0000] {dag.py:3036} INFO - Sync 1 DAGs
[2025-11-27T07:56:54.002+0000] {logging_mixin.py:188} INFO - [2025-11-27T07:56:54.001+0000] {dag.py:3823} INFO - Setting next_dagrun for fetch_data to 2025-11-27 00:00:00+00:00, run_after=2025-11-28 00:00:00+00:00
[2025-11-27T07:56:54.063+0000] {processor.py:183} INFO - Processing /opt/airflow/dags/01_data_fetch_mkCHtbls.py took 6.162 seconds
[2025-11-27T07:57:24.656+0000] {processor.py:161} INFO - Started process (PID=1528) to work on /opt/airflow/dags/01_data_fetch_mkCHtbls.py
[2025-11-27T07:57:24.658+0000] {processor.py:830} INFO - Processing file /opt/airflow/dags/01_data_fetch_mkCHtbls.py for tasks to queue
[2025-11-27T07:57:24.661+0000] {logging_mixin.py:188} INFO - [2025-11-27T07:57:24.660+0000] {dagbag.py:538} INFO - Filling up the DagBag from /opt/airflow/dags/01_data_fetch_mkCHtbls.py
[2025-11-27T07:57:30.169+0000] {processor.py:840} INFO - DAG(s) 'fetch_data' retrieved from /opt/airflow/dags/01_data_fetch_mkCHtbls.py
[2025-11-27T07:57:30.225+0000] {logging_mixin.py:188} INFO - [2025-11-27T07:57:30.225+0000] {dag.py:3036} INFO - Sync 1 DAGs
[2025-11-27T07:57:30.275+0000] {logging_mixin.py:188} INFO - [2025-11-27T07:57:30.274+0000] {dag.py:3823} INFO - Setting next_dagrun for fetch_data to 2025-11-27 00:00:00+00:00, run_after=2025-11-28 00:00:00+00:00
[2025-11-27T07:57:30.324+0000] {processor.py:183} INFO - Processing /opt/airflow/dags/01_data_fetch_mkCHtbls.py took 5.673 seconds
[2025-11-27T08:00:38.291+0000] {processor.py:161} INFO - Started process (PID=174) to work on /opt/airflow/dags/01_data_fetch_mkCHtbls.py
[2025-11-27T08:00:38.295+0000] {processor.py:830} INFO - Processing file /opt/airflow/dags/01_data_fetch_mkCHtbls.py for tasks to queue
[2025-11-27T08:00:38.301+0000] {logging_mixin.py:188} INFO - [2025-11-27T08:00:38.299+0000] {dagbag.py:538} INFO - Filling up the DagBag from /opt/airflow/dags/01_data_fetch_mkCHtbls.py
[2025-11-27T08:00:51.562+0000] {processor.py:840} INFO - DAG(s) 'fetch_data' retrieved from /opt/airflow/dags/01_data_fetch_mkCHtbls.py
[2025-11-27T08:00:51.631+0000] {logging_mixin.py:188} INFO - [2025-11-27T08:00:51.630+0000] {dag.py:3036} INFO - Sync 1 DAGs
[2025-11-27T08:00:51.687+0000] {logging_mixin.py:188} INFO - [2025-11-27T08:00:51.687+0000] {dag.py:3823} INFO - Setting next_dagrun for fetch_data to 2025-11-27 00:00:00+00:00, run_after=2025-11-28 00:00:00+00:00
[2025-11-27T08:00:51.743+0000] {processor.py:183} INFO - Processing /opt/airflow/dags/01_data_fetch_mkCHtbls.py took 13.468 seconds
[2025-11-27T08:07:32.746+0000] {processor.py:161} INFO - Started process (PID=175) to work on /opt/airflow/dags/01_data_fetch_mkCHtbls.py
[2025-11-27T08:07:32.751+0000] {processor.py:830} INFO - Processing file /opt/airflow/dags/01_data_fetch_mkCHtbls.py for tasks to queue
[2025-11-27T08:07:32.758+0000] {logging_mixin.py:188} INFO - [2025-11-27T08:07:32.756+0000] {dagbag.py:538} INFO - Filling up the DagBag from /opt/airflow/dags/01_data_fetch_mkCHtbls.py
[2025-11-27T08:07:51.142+0000] {processor.py:840} INFO - DAG(s) 'fetch_data' retrieved from /opt/airflow/dags/01_data_fetch_mkCHtbls.py
[2025-11-27T08:07:51.263+0000] {logging_mixin.py:188} INFO - [2025-11-27T08:07:51.262+0000] {dag.py:3036} INFO - Sync 1 DAGs
[2025-11-27T08:07:51.365+0000] {logging_mixin.py:188} INFO - [2025-11-27T08:07:51.363+0000] {dag.py:3823} INFO - Setting next_dagrun for fetch_data to 2025-11-27 00:00:00+00:00, run_after=2025-11-28 00:00:00+00:00
[2025-11-27T08:07:51.445+0000] {processor.py:183} INFO - Processing /opt/airflow/dags/01_data_fetch_mkCHtbls.py took 18.714 seconds
[2025-11-27T08:08:21.845+0000] {processor.py:161} INFO - Started process (PID=291) to work on /opt/airflow/dags/01_data_fetch_mkCHtbls.py
[2025-11-27T08:08:21.848+0000] {processor.py:830} INFO - Processing file /opt/airflow/dags/01_data_fetch_mkCHtbls.py for tasks to queue
[2025-11-27T08:08:21.851+0000] {logging_mixin.py:188} INFO - [2025-11-27T08:08:21.850+0000] {dagbag.py:538} INFO - Filling up the DagBag from /opt/airflow/dags/01_data_fetch_mkCHtbls.py
[2025-11-27T08:08:29.840+0000] {processor.py:840} INFO - DAG(s) 'fetch_data' retrieved from /opt/airflow/dags/01_data_fetch_mkCHtbls.py
[2025-11-27T08:08:30.081+0000] {logging_mixin.py:188} INFO - [2025-11-27T08:08:30.080+0000] {dag.py:3036} INFO - Sync 1 DAGs
[2025-11-27T08:08:30.420+0000] {logging_mixin.py:188} INFO - [2025-11-27T08:08:30.420+0000] {dag.py:3823} INFO - Setting next_dagrun for fetch_data to 2025-11-27 00:00:00+00:00, run_after=2025-11-28 00:00:00+00:00
[2025-11-27T08:08:30.487+0000] {processor.py:183} INFO - Processing /opt/airflow/dags/01_data_fetch_mkCHtbls.py took 8.653 seconds
[2025-11-27T08:09:00.952+0000] {processor.py:161} INFO - Started process (PID=361) to work on /opt/airflow/dags/01_data_fetch_mkCHtbls.py
[2025-11-27T08:09:00.961+0000] {processor.py:830} INFO - Processing file /opt/airflow/dags/01_data_fetch_mkCHtbls.py for tasks to queue
[2025-11-27T08:09:00.975+0000] {logging_mixin.py:188} INFO - [2025-11-27T08:09:00.970+0000] {dagbag.py:538} INFO - Filling up the DagBag from /opt/airflow/dags/01_data_fetch_mkCHtbls.py
[2025-11-27T08:09:14.135+0000] {processor.py:840} INFO - DAG(s) 'fetch_data' retrieved from /opt/airflow/dags/01_data_fetch_mkCHtbls.py
[2025-11-27T08:09:14.323+0000] {logging_mixin.py:188} INFO - [2025-11-27T08:09:14.322+0000] {dag.py:3036} INFO - Sync 1 DAGs
[2025-11-27T08:09:14.431+0000] {logging_mixin.py:188} INFO - [2025-11-27T08:09:14.430+0000] {dag.py:3823} INFO - Setting next_dagrun for fetch_data to 2025-11-27 00:00:00+00:00, run_after=2025-11-28 00:00:00+00:00
[2025-11-27T08:09:14.603+0000] {processor.py:183} INFO - Processing /opt/airflow/dags/01_data_fetch_mkCHtbls.py took 13.680 seconds
[2025-11-27T08:09:44.993+0000] {processor.py:161} INFO - Started process (PID=456) to work on /opt/airflow/dags/01_data_fetch_mkCHtbls.py
[2025-11-27T08:09:44.997+0000] {processor.py:830} INFO - Processing file /opt/airflow/dags/01_data_fetch_mkCHtbls.py for tasks to queue
[2025-11-27T08:09:45.005+0000] {logging_mixin.py:188} INFO - [2025-11-27T08:09:45.002+0000] {dagbag.py:538} INFO - Filling up the DagBag from /opt/airflow/dags/01_data_fetch_mkCHtbls.py
[2025-11-27T08:09:58.035+0000] {processor.py:840} INFO - DAG(s) 'fetch_data' retrieved from /opt/airflow/dags/01_data_fetch_mkCHtbls.py
[2025-11-27T08:09:58.221+0000] {logging_mixin.py:188} INFO - [2025-11-27T08:09:58.218+0000] {dag.py:3036} INFO - Sync 1 DAGs
[2025-11-27T08:09:58.354+0000] {logging_mixin.py:188} INFO - [2025-11-27T08:09:58.353+0000] {dag.py:3823} INFO - Setting next_dagrun for fetch_data to 2025-11-27 00:00:00+00:00, run_after=2025-11-28 00:00:00+00:00
[2025-11-27T08:09:58.474+0000] {processor.py:183} INFO - Processing /opt/airflow/dags/01_data_fetch_mkCHtbls.py took 13.503 seconds
[2025-11-27T08:10:29.418+0000] {processor.py:161} INFO - Started process (PID=547) to work on /opt/airflow/dags/01_data_fetch_mkCHtbls.py
[2025-11-27T08:10:29.423+0000] {processor.py:830} INFO - Processing file /opt/airflow/dags/01_data_fetch_mkCHtbls.py for tasks to queue
[2025-11-27T08:10:29.428+0000] {logging_mixin.py:188} INFO - [2025-11-27T08:10:29.427+0000] {dagbag.py:538} INFO - Filling up the DagBag from /opt/airflow/dags/01_data_fetch_mkCHtbls.py
[2025-11-27T08:10:39.288+0000] {processor.py:840} INFO - DAG(s) 'fetch_data' retrieved from /opt/airflow/dags/01_data_fetch_mkCHtbls.py
[2025-11-27T08:10:39.401+0000] {logging_mixin.py:188} INFO - [2025-11-27T08:10:39.397+0000] {dag.py:3036} INFO - Sync 1 DAGs
[2025-11-27T08:10:39.488+0000] {logging_mixin.py:188} INFO - [2025-11-27T08:10:39.487+0000] {dag.py:3823} INFO - Setting next_dagrun for fetch_data to 2025-11-27 00:00:00+00:00, run_after=2025-11-28 00:00:00+00:00
[2025-11-27T08:10:39.574+0000] {processor.py:183} INFO - Processing /opt/airflow/dags/01_data_fetch_mkCHtbls.py took 10.167 seconds
[2025-11-27T08:11:10.235+0000] {processor.py:161} INFO - Started process (PID=617) to work on /opt/airflow/dags/01_data_fetch_mkCHtbls.py
[2025-11-27T08:11:10.238+0000] {processor.py:830} INFO - Processing file /opt/airflow/dags/01_data_fetch_mkCHtbls.py for tasks to queue
[2025-11-27T08:11:10.241+0000] {logging_mixin.py:188} INFO - [2025-11-27T08:11:10.240+0000] {dagbag.py:538} INFO - Filling up the DagBag from /opt/airflow/dags/01_data_fetch_mkCHtbls.py
[2025-11-27T08:11:19.670+0000] {processor.py:840} INFO - DAG(s) 'fetch_data' retrieved from /opt/airflow/dags/01_data_fetch_mkCHtbls.py
[2025-11-27T08:11:19.758+0000] {logging_mixin.py:188} INFO - [2025-11-27T08:11:19.755+0000] {dag.py:3036} INFO - Sync 1 DAGs
[2025-11-27T08:11:19.817+0000] {logging_mixin.py:188} INFO - [2025-11-27T08:11:19.816+0000] {dag.py:3823} INFO - Setting next_dagrun for fetch_data to 2025-11-27 00:00:00+00:00, run_after=2025-11-28 00:00:00+00:00
[2025-11-27T08:11:19.873+0000] {processor.py:183} INFO - Processing /opt/airflow/dags/01_data_fetch_mkCHtbls.py took 9.650 seconds
[2025-11-27T08:11:50.203+0000] {processor.py:161} INFO - Started process (PID=712) to work on /opt/airflow/dags/01_data_fetch_mkCHtbls.py
[2025-11-27T08:11:50.206+0000] {processor.py:830} INFO - Processing file /opt/airflow/dags/01_data_fetch_mkCHtbls.py for tasks to queue
[2025-11-27T08:11:50.211+0000] {logging_mixin.py:188} INFO - [2025-11-27T08:11:50.208+0000] {dagbag.py:538} INFO - Filling up the DagBag from /opt/airflow/dags/01_data_fetch_mkCHtbls.py
[2025-11-27T08:11:58.575+0000] {processor.py:840} INFO - DAG(s) 'fetch_data' retrieved from /opt/airflow/dags/01_data_fetch_mkCHtbls.py
[2025-11-27T08:11:58.780+0000] {logging_mixin.py:188} INFO - [2025-11-27T08:11:58.773+0000] {dag.py:3036} INFO - Sync 1 DAGs
[2025-11-27T08:11:59.520+0000] {logging_mixin.py:188} INFO - [2025-11-27T08:11:59.514+0000] {dag.py:3823} INFO - Setting next_dagrun for fetch_data to 2025-11-27 00:00:00+00:00, run_after=2025-11-28 00:00:00+00:00
[2025-11-27T08:11:59.613+0000] {processor.py:183} INFO - Processing /opt/airflow/dags/01_data_fetch_mkCHtbls.py took 9.420 seconds
[2025-11-27T08:12:30.096+0000] {processor.py:161} INFO - Started process (PID=782) to work on /opt/airflow/dags/01_data_fetch_mkCHtbls.py
[2025-11-27T08:12:30.101+0000] {processor.py:830} INFO - Processing file /opt/airflow/dags/01_data_fetch_mkCHtbls.py for tasks to queue
[2025-11-27T08:12:30.105+0000] {logging_mixin.py:188} INFO - [2025-11-27T08:12:30.103+0000] {dagbag.py:538} INFO - Filling up the DagBag from /opt/airflow/dags/01_data_fetch_mkCHtbls.py
[2025-11-27T08:12:40.786+0000] {processor.py:840} INFO - DAG(s) 'fetch_data' retrieved from /opt/airflow/dags/01_data_fetch_mkCHtbls.py
[2025-11-27T08:12:40.906+0000] {logging_mixin.py:188} INFO - [2025-11-27T08:12:40.904+0000] {dag.py:3036} INFO - Sync 1 DAGs
[2025-11-27T08:12:40.979+0000] {logging_mixin.py:188} INFO - [2025-11-27T08:12:40.978+0000] {dag.py:3823} INFO - Setting next_dagrun for fetch_data to 2025-11-27 00:00:00+00:00, run_after=2025-11-28 00:00:00+00:00
[2025-11-27T08:12:41.042+0000] {processor.py:183} INFO - Processing /opt/airflow/dags/01_data_fetch_mkCHtbls.py took 10.959 seconds
[2025-11-27T08:13:11.698+0000] {processor.py:161} INFO - Started process (PID=873) to work on /opt/airflow/dags/01_data_fetch_mkCHtbls.py
[2025-11-27T08:13:11.701+0000] {processor.py:830} INFO - Processing file /opt/airflow/dags/01_data_fetch_mkCHtbls.py for tasks to queue
[2025-11-27T08:13:11.706+0000] {logging_mixin.py:188} INFO - [2025-11-27T08:13:11.703+0000] {dagbag.py:538} INFO - Filling up the DagBag from /opt/airflow/dags/01_data_fetch_mkCHtbls.py
[2025-11-27T08:13:25.132+0000] {processor.py:840} INFO - DAG(s) 'fetch_data' retrieved from /opt/airflow/dags/01_data_fetch_mkCHtbls.py
[2025-11-27T08:13:25.294+0000] {logging_mixin.py:188} INFO - [2025-11-27T08:13:25.290+0000] {dag.py:3036} INFO - Sync 1 DAGs
[2025-11-27T08:13:25.590+0000] {logging_mixin.py:188} INFO - [2025-11-27T08:13:25.588+0000] {dag.py:3823} INFO - Setting next_dagrun for fetch_data to 2025-11-27 00:00:00+00:00, run_after=2025-11-28 00:00:00+00:00
[2025-11-27T08:13:25.641+0000] {processor.py:183} INFO - Processing /opt/airflow/dags/01_data_fetch_mkCHtbls.py took 13.954 seconds
[2025-11-27T08:13:56.247+0000] {processor.py:161} INFO - Started process (PID=968) to work on /opt/airflow/dags/01_data_fetch_mkCHtbls.py
[2025-11-27T08:13:56.251+0000] {processor.py:830} INFO - Processing file /opt/airflow/dags/01_data_fetch_mkCHtbls.py for tasks to queue
[2025-11-27T08:13:56.256+0000] {logging_mixin.py:188} INFO - [2025-11-27T08:13:56.254+0000] {dagbag.py:538} INFO - Filling up the DagBag from /opt/airflow/dags/01_data_fetch_mkCHtbls.py
[2025-11-27T08:14:05.501+0000] {processor.py:840} INFO - DAG(s) 'fetch_data' retrieved from /opt/airflow/dags/01_data_fetch_mkCHtbls.py
[2025-11-27T08:14:05.712+0000] {logging_mixin.py:188} INFO - [2025-11-27T08:14:05.707+0000] {dag.py:3036} INFO - Sync 1 DAGs
[2025-11-27T08:14:05.806+0000] {logging_mixin.py:188} INFO - [2025-11-27T08:14:05.805+0000] {dag.py:3823} INFO - Setting next_dagrun for fetch_data to 2025-11-27 00:00:00+00:00, run_after=2025-11-28 00:00:00+00:00
[2025-11-27T08:14:05.926+0000] {processor.py:183} INFO - Processing /opt/airflow/dags/01_data_fetch_mkCHtbls.py took 9.690 seconds
[2025-11-27T08:14:36.227+0000] {processor.py:161} INFO - Started process (PID=1038) to work on /opt/airflow/dags/01_data_fetch_mkCHtbls.py
[2025-11-27T08:14:36.232+0000] {processor.py:830} INFO - Processing file /opt/airflow/dags/01_data_fetch_mkCHtbls.py for tasks to queue
[2025-11-27T08:14:36.237+0000] {logging_mixin.py:188} INFO - [2025-11-27T08:14:36.235+0000] {dagbag.py:538} INFO - Filling up the DagBag from /opt/airflow/dags/01_data_fetch_mkCHtbls.py
[2025-11-27T08:14:50.770+0000] {processor.py:840} INFO - DAG(s) 'fetch_data' retrieved from /opt/airflow/dags/01_data_fetch_mkCHtbls.py
[2025-11-27T08:14:50.878+0000] {logging_mixin.py:188} INFO - [2025-11-27T08:14:50.876+0000] {dag.py:3036} INFO - Sync 1 DAGs
[2025-11-27T08:14:50.940+0000] {logging_mixin.py:188} INFO - [2025-11-27T08:14:50.940+0000] {dag.py:3823} INFO - Setting next_dagrun for fetch_data to 2025-11-27 00:00:00+00:00, run_after=2025-11-28 00:00:00+00:00
[2025-11-27T08:14:51.377+0000] {processor.py:183} INFO - Processing /opt/airflow/dags/01_data_fetch_mkCHtbls.py took 15.163 seconds
[2025-11-27T08:15:21.796+0000] {processor.py:161} INFO - Started process (PID=1154) to work on /opt/airflow/dags/01_data_fetch_mkCHtbls.py
[2025-11-27T08:15:21.798+0000] {processor.py:830} INFO - Processing file /opt/airflow/dags/01_data_fetch_mkCHtbls.py for tasks to queue
[2025-11-27T08:15:21.799+0000] {logging_mixin.py:188} INFO - [2025-11-27T08:15:21.799+0000] {dagbag.py:538} INFO - Filling up the DagBag from /opt/airflow/dags/01_data_fetch_mkCHtbls.py
[2025-11-27T08:15:37.276+0000] {processor.py:840} INFO - DAG(s) 'fetch_data' retrieved from /opt/airflow/dags/01_data_fetch_mkCHtbls.py
[2025-11-27T08:15:37.411+0000] {logging_mixin.py:188} INFO - [2025-11-27T08:15:37.407+0000] {dag.py:3036} INFO - Sync 1 DAGs
[2025-11-27T08:15:37.535+0000] {logging_mixin.py:188} INFO - [2025-11-27T08:15:37.534+0000] {dag.py:3823} INFO - Setting next_dagrun for fetch_data to 2025-11-27 00:00:00+00:00, run_after=2025-11-28 00:00:00+00:00
[2025-11-27T08:15:37.633+0000] {processor.py:183} INFO - Processing /opt/airflow/dags/01_data_fetch_mkCHtbls.py took 15.865 seconds
[2025-11-27T08:16:33.585+0000] {processor.py:161} INFO - Started process (PID=1222) to work on /opt/airflow/dags/01_data_fetch_mkCHtbls.py
[2025-11-27T08:16:33.589+0000] {processor.py:830} INFO - Processing file /opt/airflow/dags/01_data_fetch_mkCHtbls.py for tasks to queue
[2025-11-27T08:16:33.597+0000] {logging_mixin.py:188} INFO - [2025-11-27T08:16:33.594+0000] {dagbag.py:538} INFO - Filling up the DagBag from /opt/airflow/dags/01_data_fetch_mkCHtbls.py
[2025-11-27T08:16:44.791+0000] {processor.py:840} INFO - DAG(s) 'fetch_data' retrieved from /opt/airflow/dags/01_data_fetch_mkCHtbls.py
[2025-11-27T08:16:44.842+0000] {logging_mixin.py:188} INFO - [2025-11-27T08:16:44.841+0000] {dag.py:3036} INFO - Sync 1 DAGs
[2025-11-27T08:16:44.883+0000] {logging_mixin.py:188} INFO - [2025-11-27T08:16:44.883+0000] {dag.py:3823} INFO - Setting next_dagrun for fetch_data to 2025-11-27 00:00:00+00:00, run_after=2025-11-28 00:00:00+00:00
[2025-11-27T08:16:44.935+0000] {processor.py:183} INFO - Processing /opt/airflow/dags/01_data_fetch_mkCHtbls.py took 11.376 seconds
[2025-11-27T08:17:15.710+0000] {processor.py:161} INFO - Started process (PID=1299) to work on /opt/airflow/dags/01_data_fetch_mkCHtbls.py
[2025-11-27T08:17:15.712+0000] {processor.py:830} INFO - Processing file /opt/airflow/dags/01_data_fetch_mkCHtbls.py for tasks to queue
[2025-11-27T08:17:15.714+0000] {logging_mixin.py:188} INFO - [2025-11-27T08:17:15.713+0000] {dagbag.py:538} INFO - Filling up the DagBag from /opt/airflow/dags/01_data_fetch_mkCHtbls.py
[2025-11-27T08:17:22.412+0000] {processor.py:840} INFO - DAG(s) 'fetch_data' retrieved from /opt/airflow/dags/01_data_fetch_mkCHtbls.py
[2025-11-27T08:17:22.497+0000] {logging_mixin.py:188} INFO - [2025-11-27T08:17:22.497+0000] {dag.py:3036} INFO - Sync 1 DAGs
[2025-11-27T08:17:22.934+0000] {logging_mixin.py:188} INFO - [2025-11-27T08:17:22.933+0000] {dag.py:3823} INFO - Setting next_dagrun for fetch_data to 2025-11-27 00:00:00+00:00, run_after=2025-11-28 00:00:00+00:00
[2025-11-27T08:17:23.003+0000] {processor.py:183} INFO - Processing /opt/airflow/dags/01_data_fetch_mkCHtbls.py took 7.300 seconds
[2025-11-27T08:17:53.649+0000] {processor.py:161} INFO - Started process (PID=1369) to work on /opt/airflow/dags/01_data_fetch_mkCHtbls.py
[2025-11-27T08:17:53.651+0000] {processor.py:830} INFO - Processing file /opt/airflow/dags/01_data_fetch_mkCHtbls.py for tasks to queue
[2025-11-27T08:17:53.653+0000] {logging_mixin.py:188} INFO - [2025-11-27T08:17:53.653+0000] {dagbag.py:538} INFO - Filling up the DagBag from /opt/airflow/dags/01_data_fetch_mkCHtbls.py
[2025-11-27T08:18:00.212+0000] {processor.py:840} INFO - DAG(s) 'fetch_data' retrieved from /opt/airflow/dags/01_data_fetch_mkCHtbls.py
[2025-11-27T08:18:00.311+0000] {logging_mixin.py:188} INFO - [2025-11-27T08:18:00.310+0000] {dag.py:3036} INFO - Sync 1 DAGs
[2025-11-27T08:18:00.383+0000] {logging_mixin.py:188} INFO - [2025-11-27T08:18:00.382+0000] {dag.py:3823} INFO - Setting next_dagrun for fetch_data to 2025-11-27 00:00:00+00:00, run_after=2025-11-28 00:00:00+00:00
[2025-11-27T08:18:00.445+0000] {processor.py:183} INFO - Processing /opt/airflow/dags/01_data_fetch_mkCHtbls.py took 6.803 seconds
[2025-11-27T08:18:30.558+0000] {processor.py:161} INFO - Started process (PID=1439) to work on /opt/airflow/dags/01_data_fetch_mkCHtbls.py
[2025-11-27T08:18:30.561+0000] {processor.py:830} INFO - Processing file /opt/airflow/dags/01_data_fetch_mkCHtbls.py for tasks to queue
[2025-11-27T08:18:30.564+0000] {logging_mixin.py:188} INFO - [2025-11-27T08:18:30.563+0000] {dagbag.py:538} INFO - Filling up the DagBag from /opt/airflow/dags/01_data_fetch_mkCHtbls.py
[2025-11-27T08:18:36.393+0000] {processor.py:840} INFO - DAG(s) 'fetch_data' retrieved from /opt/airflow/dags/01_data_fetch_mkCHtbls.py
[2025-11-27T08:18:36.480+0000] {logging_mixin.py:188} INFO - [2025-11-27T08:18:36.480+0000] {dag.py:3036} INFO - Sync 1 DAGs
[2025-11-27T08:18:36.876+0000] {logging_mixin.py:188} INFO - [2025-11-27T08:18:36.875+0000] {dag.py:3823} INFO - Setting next_dagrun for fetch_data to 2025-11-27 00:00:00+00:00, run_after=2025-11-28 00:00:00+00:00
[2025-11-27T08:18:36.941+0000] {processor.py:183} INFO - Processing /opt/airflow/dags/01_data_fetch_mkCHtbls.py took 6.392 seconds
[2025-11-27T08:19:07.469+0000] {processor.py:161} INFO - Started process (PID=1527) to work on /opt/airflow/dags/01_data_fetch_mkCHtbls.py
[2025-11-27T08:19:07.479+0000] {processor.py:830} INFO - Processing file /opt/airflow/dags/01_data_fetch_mkCHtbls.py for tasks to queue
[2025-11-27T08:19:07.486+0000] {logging_mixin.py:188} INFO - [2025-11-27T08:19:07.485+0000] {dagbag.py:538} INFO - Filling up the DagBag from /opt/airflow/dags/01_data_fetch_mkCHtbls.py
[2025-11-27T08:19:15.375+0000] {processor.py:840} INFO - DAG(s) 'fetch_data' retrieved from /opt/airflow/dags/01_data_fetch_mkCHtbls.py
[2025-11-27T08:19:15.663+0000] {logging_mixin.py:188} INFO - [2025-11-27T08:19:15.662+0000] {dag.py:3036} INFO - Sync 1 DAGs
[2025-11-27T08:19:15.710+0000] {logging_mixin.py:188} INFO - [2025-11-27T08:19:15.710+0000] {dag.py:3823} INFO - Setting next_dagrun for fetch_data to 2025-11-27 00:00:00+00:00, run_after=2025-11-28 00:00:00+00:00
[2025-11-27T08:19:15.755+0000] {processor.py:183} INFO - Processing /opt/airflow/dags/01_data_fetch_mkCHtbls.py took 8.298 seconds
[2025-11-27T08:19:46.380+0000] {processor.py:161} INFO - Started process (PID=1625) to work on /opt/airflow/dags/01_data_fetch_mkCHtbls.py
[2025-11-27T08:19:46.383+0000] {processor.py:830} INFO - Processing file /opt/airflow/dags/01_data_fetch_mkCHtbls.py for tasks to queue
[2025-11-27T08:19:46.386+0000] {logging_mixin.py:188} INFO - [2025-11-27T08:19:46.384+0000] {dagbag.py:538} INFO - Filling up the DagBag from /opt/airflow/dags/01_data_fetch_mkCHtbls.py
[2025-11-27T08:19:52.851+0000] {processor.py:840} INFO - DAG(s) 'fetch_data' retrieved from /opt/airflow/dags/01_data_fetch_mkCHtbls.py
[2025-11-27T08:19:52.994+0000] {logging_mixin.py:188} INFO - [2025-11-27T08:19:52.993+0000] {dag.py:3036} INFO - Sync 1 DAGs
[2025-11-27T08:19:53.113+0000] {logging_mixin.py:188} INFO - [2025-11-27T08:19:53.112+0000] {dag.py:3823} INFO - Setting next_dagrun for fetch_data to 2025-11-27 00:00:00+00:00, run_after=2025-11-28 00:00:00+00:00
[2025-11-27T08:19:53.581+0000] {processor.py:183} INFO - Processing /opt/airflow/dags/01_data_fetch_mkCHtbls.py took 7.209 seconds
[2025-11-27T08:20:24.188+0000] {processor.py:161} INFO - Started process (PID=1695) to work on /opt/airflow/dags/01_data_fetch_mkCHtbls.py
[2025-11-27T08:20:24.190+0000] {processor.py:830} INFO - Processing file /opt/airflow/dags/01_data_fetch_mkCHtbls.py for tasks to queue
[2025-11-27T08:20:24.192+0000] {logging_mixin.py:188} INFO - [2025-11-27T08:20:24.191+0000] {dagbag.py:538} INFO - Filling up the DagBag from /opt/airflow/dags/01_data_fetch_mkCHtbls.py
[2025-11-27T08:20:29.626+0000] {processor.py:840} INFO - DAG(s) 'fetch_data' retrieved from /opt/airflow/dags/01_data_fetch_mkCHtbls.py
[2025-11-27T08:20:29.683+0000] {logging_mixin.py:188} INFO - [2025-11-27T08:20:29.682+0000] {dag.py:3036} INFO - Sync 1 DAGs
[2025-11-27T08:20:29.930+0000] {logging_mixin.py:188} INFO - [2025-11-27T08:20:29.930+0000] {dag.py:3823} INFO - Setting next_dagrun for fetch_data to 2025-11-27 00:00:00+00:00, run_after=2025-11-28 00:00:00+00:00
[2025-11-27T08:20:29.970+0000] {processor.py:183} INFO - Processing /opt/airflow/dags/01_data_fetch_mkCHtbls.py took 5.789 seconds
[2025-11-27T08:21:00.601+0000] {processor.py:161} INFO - Started process (PID=1765) to work on /opt/airflow/dags/01_data_fetch_mkCHtbls.py
[2025-11-27T08:21:00.604+0000] {processor.py:830} INFO - Processing file /opt/airflow/dags/01_data_fetch_mkCHtbls.py for tasks to queue
[2025-11-27T08:21:00.606+0000] {logging_mixin.py:188} INFO - [2025-11-27T08:21:00.605+0000] {dagbag.py:538} INFO - Filling up the DagBag from /opt/airflow/dags/01_data_fetch_mkCHtbls.py
[2025-11-27T08:21:06.921+0000] {processor.py:840} INFO - DAG(s) 'fetch_data' retrieved from /opt/airflow/dags/01_data_fetch_mkCHtbls.py
[2025-11-27T08:21:06.990+0000] {logging_mixin.py:188} INFO - [2025-11-27T08:21:06.990+0000] {dag.py:3036} INFO - Sync 1 DAGs
[2025-11-27T08:21:07.035+0000] {logging_mixin.py:188} INFO - [2025-11-27T08:21:07.034+0000] {dag.py:3823} INFO - Setting next_dagrun for fetch_data to 2025-11-27 00:00:00+00:00, run_after=2025-11-28 00:00:00+00:00
[2025-11-27T08:21:07.085+0000] {processor.py:183} INFO - Processing /opt/airflow/dags/01_data_fetch_mkCHtbls.py took 6.492 seconds
[2025-11-27T08:21:37.740+0000] {processor.py:161} INFO - Started process (PID=1835) to work on /opt/airflow/dags/01_data_fetch_mkCHtbls.py
[2025-11-27T08:21:37.743+0000] {processor.py:830} INFO - Processing file /opt/airflow/dags/01_data_fetch_mkCHtbls.py for tasks to queue
[2025-11-27T08:21:37.746+0000] {logging_mixin.py:188} INFO - [2025-11-27T08:21:37.745+0000] {dagbag.py:538} INFO - Filling up the DagBag from /opt/airflow/dags/01_data_fetch_mkCHtbls.py
[2025-11-27T08:21:44.671+0000] {processor.py:840} INFO - DAG(s) 'fetch_data' retrieved from /opt/airflow/dags/01_data_fetch_mkCHtbls.py
[2025-11-27T08:21:44.744+0000] {logging_mixin.py:188} INFO - [2025-11-27T08:21:44.744+0000] {dag.py:3036} INFO - Sync 1 DAGs
[2025-11-27T08:21:44.994+0000] {logging_mixin.py:188} INFO - [2025-11-27T08:21:44.993+0000] {dag.py:3823} INFO - Setting next_dagrun for fetch_data to 2025-11-27 00:00:00+00:00, run_after=2025-11-28 00:00:00+00:00
[2025-11-27T08:21:45.033+0000] {processor.py:183} INFO - Processing /opt/airflow/dags/01_data_fetch_mkCHtbls.py took 7.304 seconds
[2025-11-27T08:22:15.715+0000] {processor.py:161} INFO - Started process (PID=1930) to work on /opt/airflow/dags/01_data_fetch_mkCHtbls.py
[2025-11-27T08:22:15.723+0000] {processor.py:830} INFO - Processing file /opt/airflow/dags/01_data_fetch_mkCHtbls.py for tasks to queue
[2025-11-27T08:22:15.732+0000] {logging_mixin.py:188} INFO - [2025-11-27T08:22:15.730+0000] {dagbag.py:538} INFO - Filling up the DagBag from /opt/airflow/dags/01_data_fetch_mkCHtbls.py
[2025-11-27T08:22:21.454+0000] {processor.py:840} INFO - DAG(s) 'fetch_data' retrieved from /opt/airflow/dags/01_data_fetch_mkCHtbls.py
[2025-11-27T08:22:21.526+0000] {logging_mixin.py:188} INFO - [2025-11-27T08:22:21.526+0000] {dag.py:3036} INFO - Sync 1 DAGs
[2025-11-27T08:22:21.567+0000] {logging_mixin.py:188} INFO - [2025-11-27T08:22:21.566+0000] {dag.py:3823} INFO - Setting next_dagrun for fetch_data to 2025-11-27 00:00:00+00:00, run_after=2025-11-28 00:00:00+00:00
[2025-11-27T08:22:21.604+0000] {processor.py:183} INFO - Processing /opt/airflow/dags/01_data_fetch_mkCHtbls.py took 5.897 seconds
[2025-11-27T08:22:52.155+0000] {processor.py:161} INFO - Started process (PID=2000) to work on /opt/airflow/dags/01_data_fetch_mkCHtbls.py
[2025-11-27T08:22:52.157+0000] {processor.py:830} INFO - Processing file /opt/airflow/dags/01_data_fetch_mkCHtbls.py for tasks to queue
[2025-11-27T08:22:52.159+0000] {logging_mixin.py:188} INFO - [2025-11-27T08:22:52.158+0000] {dagbag.py:538} INFO - Filling up the DagBag from /opt/airflow/dags/01_data_fetch_mkCHtbls.py
[2025-11-27T08:22:58.482+0000] {processor.py:840} INFO - DAG(s) 'fetch_data' retrieved from /opt/airflow/dags/01_data_fetch_mkCHtbls.py
[2025-11-27T08:22:58.540+0000] {logging_mixin.py:188} INFO - [2025-11-27T08:22:58.539+0000] {dag.py:3036} INFO - Sync 1 DAGs
[2025-11-27T08:22:58.852+0000] {logging_mixin.py:188} INFO - [2025-11-27T08:22:58.852+0000] {dag.py:3823} INFO - Setting next_dagrun for fetch_data to 2025-11-27 00:00:00+00:00, run_after=2025-11-28 00:00:00+00:00
[2025-11-27T08:22:58.911+0000] {processor.py:183} INFO - Processing /opt/airflow/dags/01_data_fetch_mkCHtbls.py took 6.763 seconds
[2025-11-27T08:23:29.513+0000] {processor.py:161} INFO - Started process (PID=2091) to work on /opt/airflow/dags/01_data_fetch_mkCHtbls.py
[2025-11-27T08:23:29.515+0000] {processor.py:830} INFO - Processing file /opt/airflow/dags/01_data_fetch_mkCHtbls.py for tasks to queue
[2025-11-27T08:23:29.517+0000] {logging_mixin.py:188} INFO - [2025-11-27T08:23:29.516+0000] {dagbag.py:538} INFO - Filling up the DagBag from /opt/airflow/dags/01_data_fetch_mkCHtbls.py
[2025-11-27T08:23:34.983+0000] {processor.py:840} INFO - DAG(s) 'fetch_data' retrieved from /opt/airflow/dags/01_data_fetch_mkCHtbls.py
[2025-11-27T08:23:35.302+0000] {logging_mixin.py:188} INFO - [2025-11-27T08:23:35.302+0000] {dag.py:3036} INFO - Sync 1 DAGs
[2025-11-27T08:23:35.340+0000] {logging_mixin.py:188} INFO - [2025-11-27T08:23:35.339+0000] {dag.py:3823} INFO - Setting next_dagrun for fetch_data to 2025-11-27 00:00:00+00:00, run_after=2025-11-28 00:00:00+00:00
[2025-11-27T08:23:35.374+0000] {processor.py:183} INFO - Processing /opt/airflow/dags/01_data_fetch_mkCHtbls.py took 5.866 seconds
[2025-11-27T08:24:06.006+0000] {processor.py:161} INFO - Started process (PID=2161) to work on /opt/airflow/dags/01_data_fetch_mkCHtbls.py
[2025-11-27T08:24:06.007+0000] {processor.py:830} INFO - Processing file /opt/airflow/dags/01_data_fetch_mkCHtbls.py for tasks to queue
[2025-11-27T08:24:06.009+0000] {logging_mixin.py:188} INFO - [2025-11-27T08:24:06.009+0000] {dagbag.py:538} INFO - Filling up the DagBag from /opt/airflow/dags/01_data_fetch_mkCHtbls.py
[2025-11-27T08:24:11.827+0000] {processor.py:840} INFO - DAG(s) 'fetch_data' retrieved from /opt/airflow/dags/01_data_fetch_mkCHtbls.py
[2025-11-27T08:24:11.883+0000] {logging_mixin.py:188} INFO - [2025-11-27T08:24:11.883+0000] {dag.py:3036} INFO - Sync 1 DAGs
[2025-11-27T08:24:11.923+0000] {logging_mixin.py:188} INFO - [2025-11-27T08:24:11.922+0000] {dag.py:3823} INFO - Setting next_dagrun for fetch_data to 2025-11-27 00:00:00+00:00, run_after=2025-11-28 00:00:00+00:00
[2025-11-27T08:24:12.156+0000] {processor.py:183} INFO - Processing /opt/airflow/dags/01_data_fetch_mkCHtbls.py took 6.157 seconds
[2025-11-27T08:24:42.948+0000] {processor.py:161} INFO - Started process (PID=2252) to work on /opt/airflow/dags/01_data_fetch_mkCHtbls.py
[2025-11-27T08:24:42.950+0000] {processor.py:830} INFO - Processing file /opt/airflow/dags/01_data_fetch_mkCHtbls.py for tasks to queue
[2025-11-27T08:24:42.953+0000] {logging_mixin.py:188} INFO - [2025-11-27T08:24:42.952+0000] {dagbag.py:538} INFO - Filling up the DagBag from /opt/airflow/dags/01_data_fetch_mkCHtbls.py
[2025-11-27T08:24:49.965+0000] {processor.py:840} INFO - DAG(s) 'fetch_data' retrieved from /opt/airflow/dags/01_data_fetch_mkCHtbls.py
[2025-11-27T08:24:50.018+0000] {logging_mixin.py:188} INFO - [2025-11-27T08:24:50.018+0000] {dag.py:3036} INFO - Sync 1 DAGs
[2025-11-27T08:24:50.384+0000] {logging_mixin.py:188} INFO - [2025-11-27T08:24:50.383+0000] {dag.py:3823} INFO - Setting next_dagrun for fetch_data to 2025-11-27 00:00:00+00:00, run_after=2025-11-28 00:00:00+00:00
[2025-11-27T08:24:50.450+0000] {processor.py:183} INFO - Processing /opt/airflow/dags/01_data_fetch_mkCHtbls.py took 7.511 seconds
[2025-11-27T08:25:20.687+0000] {processor.py:161} INFO - Started process (PID=2397) to work on /opt/airflow/dags/01_data_fetch_mkCHtbls.py
[2025-11-27T08:25:20.690+0000] {processor.py:830} INFO - Processing file /opt/airflow/dags/01_data_fetch_mkCHtbls.py for tasks to queue
[2025-11-27T08:25:20.693+0000] {logging_mixin.py:188} INFO - [2025-11-27T08:25:20.692+0000] {dagbag.py:538} INFO - Filling up the DagBag from /opt/airflow/dags/01_data_fetch_mkCHtbls.py
[2025-11-27T08:25:26.701+0000] {processor.py:840} INFO - DAG(s) 'fetch_data' retrieved from /opt/airflow/dags/01_data_fetch_mkCHtbls.py
[2025-11-27T08:25:26.755+0000] {logging_mixin.py:188} INFO - [2025-11-27T08:25:26.755+0000] {dag.py:3036} INFO - Sync 1 DAGs
[2025-11-27T08:25:26.793+0000] {logging_mixin.py:188} INFO - [2025-11-27T08:25:26.792+0000] {dag.py:3823} INFO - Setting next_dagrun for fetch_data to 2025-11-27 00:00:00+00:00, run_after=2025-11-28 00:00:00+00:00
[2025-11-27T08:25:26.833+0000] {processor.py:183} INFO - Processing /opt/airflow/dags/01_data_fetch_mkCHtbls.py took 6.159 seconds
[2025-11-27T08:25:57.613+0000] {processor.py:161} INFO - Started process (PID=2467) to work on /opt/airflow/dags/01_data_fetch_mkCHtbls.py
[2025-11-27T08:25:57.616+0000] {processor.py:830} INFO - Processing file /opt/airflow/dags/01_data_fetch_mkCHtbls.py for tasks to queue
[2025-11-27T08:25:57.619+0000] {logging_mixin.py:188} INFO - [2025-11-27T08:25:57.618+0000] {dagbag.py:538} INFO - Filling up the DagBag from /opt/airflow/dags/01_data_fetch_mkCHtbls.py
[2025-11-27T08:26:04.021+0000] {processor.py:840} INFO - DAG(s) 'fetch_data' retrieved from /opt/airflow/dags/01_data_fetch_mkCHtbls.py
[2025-11-27T08:26:04.074+0000] {logging_mixin.py:188} INFO - [2025-11-27T08:26:04.074+0000] {dag.py:3036} INFO - Sync 1 DAGs
[2025-11-27T08:26:04.356+0000] {logging_mixin.py:188} INFO - [2025-11-27T08:26:04.355+0000] {dag.py:3823} INFO - Setting next_dagrun for fetch_data to 2025-11-27 00:00:00+00:00, run_after=2025-11-28 00:00:00+00:00
[2025-11-27T08:26:04.409+0000] {processor.py:183} INFO - Processing /opt/airflow/dags/01_data_fetch_mkCHtbls.py took 6.805 seconds
[2025-11-27T08:26:34.517+0000] {processor.py:161} INFO - Started process (PID=2537) to work on /opt/airflow/dags/01_data_fetch_mkCHtbls.py
[2025-11-27T08:26:34.519+0000] {processor.py:830} INFO - Processing file /opt/airflow/dags/01_data_fetch_mkCHtbls.py for tasks to queue
[2025-11-27T08:26:34.521+0000] {logging_mixin.py:188} INFO - [2025-11-27T08:26:34.520+0000] {dagbag.py:538} INFO - Filling up the DagBag from /opt/airflow/dags/01_data_fetch_mkCHtbls.py
[2025-11-27T08:26:41.162+0000] {processor.py:840} INFO - DAG(s) 'fetch_data' retrieved from /opt/airflow/dags/01_data_fetch_mkCHtbls.py
[2025-11-27T08:26:41.471+0000] {logging_mixin.py:188} INFO - [2025-11-27T08:26:41.471+0000] {dag.py:3036} INFO - Sync 1 DAGs
[2025-11-27T08:26:41.517+0000] {logging_mixin.py:188} INFO - [2025-11-27T08:26:41.517+0000] {dag.py:3823} INFO - Setting next_dagrun for fetch_data to 2025-11-27 00:00:00+00:00, run_after=2025-11-28 00:00:00+00:00
[2025-11-27T08:26:41.571+0000] {processor.py:183} INFO - Processing /opt/airflow/dags/01_data_fetch_mkCHtbls.py took 7.061 seconds
[2025-11-27T08:27:12.366+0000] {processor.py:161} INFO - Started process (PID=2628) to work on /opt/airflow/dags/01_data_fetch_mkCHtbls.py
[2025-11-27T08:27:12.368+0000] {processor.py:830} INFO - Processing file /opt/airflow/dags/01_data_fetch_mkCHtbls.py for tasks to queue
[2025-11-27T08:27:12.371+0000] {logging_mixin.py:188} INFO - [2025-11-27T08:27:12.370+0000] {dagbag.py:538} INFO - Filling up the DagBag from /opt/airflow/dags/01_data_fetch_mkCHtbls.py
[2025-11-27T08:27:18.599+0000] {processor.py:840} INFO - DAG(s) 'fetch_data' retrieved from /opt/airflow/dags/01_data_fetch_mkCHtbls.py
[2025-11-27T08:27:18.666+0000] {logging_mixin.py:188} INFO - [2025-11-27T08:27:18.665+0000] {dag.py:3036} INFO - Sync 1 DAGs
[2025-11-27T08:27:18.720+0000] {logging_mixin.py:188} INFO - [2025-11-27T08:27:18.720+0000] {dag.py:3823} INFO - Setting next_dagrun for fetch_data to 2025-11-27 00:00:00+00:00, run_after=2025-11-28 00:00:00+00:00
[2025-11-27T08:27:19.057+0000] {processor.py:183} INFO - Processing /opt/airflow/dags/01_data_fetch_mkCHtbls.py took 6.697 seconds
[2025-11-27T08:27:49.826+0000] {processor.py:161} INFO - Started process (PID=2698) to work on /opt/airflow/dags/01_data_fetch_mkCHtbls.py
[2025-11-27T08:27:49.828+0000] {processor.py:830} INFO - Processing file /opt/airflow/dags/01_data_fetch_mkCHtbls.py for tasks to queue
[2025-11-27T08:27:49.830+0000] {logging_mixin.py:188} INFO - [2025-11-27T08:27:49.829+0000] {dagbag.py:538} INFO - Filling up the DagBag from /opt/airflow/dags/01_data_fetch_mkCHtbls.py
[2025-11-27T08:27:55.788+0000] {processor.py:840} INFO - DAG(s) 'fetch_data' retrieved from /opt/airflow/dags/01_data_fetch_mkCHtbls.py
[2025-11-27T08:27:55.869+0000] {logging_mixin.py:188} INFO - [2025-11-27T08:27:55.869+0000] {dag.py:3036} INFO - Sync 1 DAGs
[2025-11-27T08:27:56.130+0000] {logging_mixin.py:188} INFO - [2025-11-27T08:27:56.130+0000] {dag.py:3823} INFO - Setting next_dagrun for fetch_data to 2025-11-27 00:00:00+00:00, run_after=2025-11-28 00:00:00+00:00
[2025-11-27T08:27:56.165+0000] {processor.py:183} INFO - Processing /opt/airflow/dags/01_data_fetch_mkCHtbls.py took 6.346 seconds
[2025-11-27T08:28:26.255+0000] {processor.py:161} INFO - Started process (PID=2793) to work on /opt/airflow/dags/01_data_fetch_mkCHtbls.py
[2025-11-27T08:28:26.257+0000] {processor.py:830} INFO - Processing file /opt/airflow/dags/01_data_fetch_mkCHtbls.py for tasks to queue
[2025-11-27T08:28:26.260+0000] {logging_mixin.py:188} INFO - [2025-11-27T08:28:26.259+0000] {dagbag.py:538} INFO - Filling up the DagBag from /opt/airflow/dags/01_data_fetch_mkCHtbls.py
[2025-11-27T08:28:36.770+0000] {processor.py:840} INFO - DAG(s) 'fetch_data' retrieved from /opt/airflow/dags/01_data_fetch_mkCHtbls.py
[2025-11-27T08:28:36.872+0000] {logging_mixin.py:188} INFO - [2025-11-27T08:28:36.871+0000] {dag.py:3036} INFO - Sync 1 DAGs
[2025-11-27T08:28:36.944+0000] {logging_mixin.py:188} INFO - [2025-11-27T08:28:36.943+0000] {dag.py:3823} INFO - Setting next_dagrun for fetch_data to 2025-11-27 00:00:00+00:00, run_after=2025-11-28 00:00:00+00:00
[2025-11-27T08:28:37.007+0000] {processor.py:183} INFO - Processing /opt/airflow/dags/01_data_fetch_mkCHtbls.py took 10.760 seconds
[2025-11-27T08:29:07.492+0000] {processor.py:161} INFO - Started process (PID=2863) to work on /opt/airflow/dags/01_data_fetch_mkCHtbls.py
[2025-11-27T08:29:07.496+0000] {processor.py:830} INFO - Processing file /opt/airflow/dags/01_data_fetch_mkCHtbls.py for tasks to queue
[2025-11-27T08:29:07.499+0000] {logging_mixin.py:188} INFO - [2025-11-27T08:29:07.498+0000] {dagbag.py:538} INFO - Filling up the DagBag from /opt/airflow/dags/01_data_fetch_mkCHtbls.py
[2025-11-27T08:29:18.735+0000] {processor.py:840} INFO - DAG(s) 'fetch_data' retrieved from /opt/airflow/dags/01_data_fetch_mkCHtbls.py
[2025-11-27T08:29:18.857+0000] {logging_mixin.py:188} INFO - [2025-11-27T08:29:18.856+0000] {dag.py:3036} INFO - Sync 1 DAGs
[2025-11-27T08:29:18.945+0000] {logging_mixin.py:188} INFO - [2025-11-27T08:29:18.944+0000] {dag.py:3823} INFO - Setting next_dagrun for fetch_data to 2025-11-27 00:00:00+00:00, run_after=2025-11-28 00:00:00+00:00
[2025-11-27T08:29:19.018+0000] {processor.py:183} INFO - Processing /opt/airflow/dags/01_data_fetch_mkCHtbls.py took 11.536 seconds
[2025-11-27T08:29:49.642+0000] {processor.py:161} INFO - Started process (PID=2954) to work on /opt/airflow/dags/01_data_fetch_mkCHtbls.py
[2025-11-27T08:29:49.644+0000] {processor.py:830} INFO - Processing file /opt/airflow/dags/01_data_fetch_mkCHtbls.py for tasks to queue
[2025-11-27T08:29:49.648+0000] {logging_mixin.py:188} INFO - [2025-11-27T08:29:49.647+0000] {dagbag.py:538} INFO - Filling up the DagBag from /opt/airflow/dags/01_data_fetch_mkCHtbls.py
[2025-11-27T08:30:01.649+0000] {processor.py:840} INFO - DAG(s) 'fetch_data' retrieved from /opt/airflow/dags/01_data_fetch_mkCHtbls.py
[2025-11-27T08:30:01.757+0000] {logging_mixin.py:188} INFO - [2025-11-27T08:30:01.756+0000] {dag.py:3036} INFO - Sync 1 DAGs
[2025-11-27T08:30:01.835+0000] {logging_mixin.py:188} INFO - [2025-11-27T08:30:01.834+0000] {dag.py:3823} INFO - Setting next_dagrun for fetch_data to 2025-11-27 00:00:00+00:00, run_after=2025-11-28 00:00:00+00:00
[2025-11-27T08:30:01.907+0000] {processor.py:183} INFO - Processing /opt/airflow/dags/01_data_fetch_mkCHtbls.py took 12.279 seconds
[2025-11-27T08:30:32.048+0000] {processor.py:161} INFO - Started process (PID=3079) to work on /opt/airflow/dags/01_data_fetch_mkCHtbls.py
[2025-11-27T08:30:32.052+0000] {processor.py:830} INFO - Processing file /opt/airflow/dags/01_data_fetch_mkCHtbls.py for tasks to queue
[2025-11-27T08:30:32.055+0000] {logging_mixin.py:188} INFO - [2025-11-27T08:30:32.054+0000] {dagbag.py:538} INFO - Filling up the DagBag from /opt/airflow/dags/01_data_fetch_mkCHtbls.py
[2025-11-27T08:30:42.708+0000] {processor.py:840} INFO - DAG(s) 'fetch_data' retrieved from /opt/airflow/dags/01_data_fetch_mkCHtbls.py
[2025-11-27T08:30:42.826+0000] {logging_mixin.py:188} INFO - [2025-11-27T08:30:42.825+0000] {dag.py:3036} INFO - Sync 1 DAGs
[2025-11-27T08:30:42.972+0000] {logging_mixin.py:188} INFO - [2025-11-27T08:30:42.971+0000] {dag.py:3823} INFO - Setting next_dagrun for fetch_data to 2025-11-27 00:00:00+00:00, run_after=2025-11-28 00:00:00+00:00
[2025-11-27T08:30:43.086+0000] {processor.py:183} INFO - Processing /opt/airflow/dags/01_data_fetch_mkCHtbls.py took 11.051 seconds
[2025-11-27T08:31:13.734+0000] {processor.py:161} INFO - Started process (PID=3149) to work on /opt/airflow/dags/01_data_fetch_mkCHtbls.py
[2025-11-27T08:31:13.736+0000] {processor.py:830} INFO - Processing file /opt/airflow/dags/01_data_fetch_mkCHtbls.py for tasks to queue
[2025-11-27T08:31:13.739+0000] {logging_mixin.py:188} INFO - [2025-11-27T08:31:13.738+0000] {dagbag.py:538} INFO - Filling up the DagBag from /opt/airflow/dags/01_data_fetch_mkCHtbls.py
[2025-11-27T08:31:23.906+0000] {processor.py:840} INFO - DAG(s) 'fetch_data' retrieved from /opt/airflow/dags/01_data_fetch_mkCHtbls.py
[2025-11-27T08:31:23.995+0000] {logging_mixin.py:188} INFO - [2025-11-27T08:31:23.994+0000] {dag.py:3036} INFO - Sync 1 DAGs
[2025-11-27T08:31:24.062+0000] {logging_mixin.py:188} INFO - [2025-11-27T08:31:24.061+0000] {dag.py:3823} INFO - Setting next_dagrun for fetch_data to 2025-11-27 00:00:00+00:00, run_after=2025-11-28 00:00:00+00:00
[2025-11-27T08:31:24.124+0000] {processor.py:183} INFO - Processing /opt/airflow/dags/01_data_fetch_mkCHtbls.py took 10.400 seconds
[2025-11-27T08:31:54.631+0000] {processor.py:161} INFO - Started process (PID=3219) to work on /opt/airflow/dags/01_data_fetch_mkCHtbls.py
[2025-11-27T08:31:54.636+0000] {processor.py:830} INFO - Processing file /opt/airflow/dags/01_data_fetch_mkCHtbls.py for tasks to queue
[2025-11-27T08:31:54.645+0000] {logging_mixin.py:188} INFO - [2025-11-27T08:31:54.641+0000] {dagbag.py:538} INFO - Filling up the DagBag from /opt/airflow/dags/01_data_fetch_mkCHtbls.py
[2025-11-27T08:32:07.950+0000] {processor.py:840} INFO - DAG(s) 'fetch_data' retrieved from /opt/airflow/dags/01_data_fetch_mkCHtbls.py
[2025-11-27T08:32:08.090+0000] {logging_mixin.py:188} INFO - [2025-11-27T08:32:08.089+0000] {dag.py:3036} INFO - Sync 1 DAGs
[2025-11-27T08:32:08.241+0000] {logging_mixin.py:188} INFO - [2025-11-27T08:32:08.240+0000] {dag.py:3823} INFO - Setting next_dagrun for fetch_data to 2025-11-27 00:00:00+00:00, run_after=2025-11-28 00:00:00+00:00
[2025-11-27T08:32:08.341+0000] {processor.py:183} INFO - Processing /opt/airflow/dags/01_data_fetch_mkCHtbls.py took 13.725 seconds
[2025-11-27T08:32:38.606+0000] {processor.py:161} INFO - Started process (PID=3335) to work on /opt/airflow/dags/01_data_fetch_mkCHtbls.py
[2025-11-27T08:32:38.608+0000] {processor.py:830} INFO - Processing file /opt/airflow/dags/01_data_fetch_mkCHtbls.py for tasks to queue
[2025-11-27T08:32:38.610+0000] {logging_mixin.py:188} INFO - [2025-11-27T08:32:38.610+0000] {dagbag.py:538} INFO - Filling up the DagBag from /opt/airflow/dags/01_data_fetch_mkCHtbls.py
[2025-11-27T08:32:49.960+0000] {processor.py:840} INFO - DAG(s) 'fetch_data' retrieved from /opt/airflow/dags/01_data_fetch_mkCHtbls.py
[2025-11-27T08:32:50.049+0000] {logging_mixin.py:188} INFO - [2025-11-27T08:32:50.048+0000] {dag.py:3036} INFO - Sync 1 DAGs
[2025-11-27T08:32:50.110+0000] {logging_mixin.py:188} INFO - [2025-11-27T08:32:50.110+0000] {dag.py:3823} INFO - Setting next_dagrun for fetch_data to 2025-11-27 00:00:00+00:00, run_after=2025-11-28 00:00:00+00:00
[2025-11-27T08:32:50.161+0000] {processor.py:183} INFO - Processing /opt/airflow/dags/01_data_fetch_mkCHtbls.py took 11.562 seconds
[2025-11-27T08:33:20.689+0000] {processor.py:161} INFO - Started process (PID=3405) to work on /opt/airflow/dags/01_data_fetch_mkCHtbls.py
[2025-11-27T08:33:20.691+0000] {processor.py:830} INFO - Processing file /opt/airflow/dags/01_data_fetch_mkCHtbls.py for tasks to queue
[2025-11-27T08:33:20.695+0000] {logging_mixin.py:188} INFO - [2025-11-27T08:33:20.694+0000] {dagbag.py:538} INFO - Filling up the DagBag from /opt/airflow/dags/01_data_fetch_mkCHtbls.py
[2025-11-27T08:33:28.680+0000] {processor.py:840} INFO - DAG(s) 'fetch_data' retrieved from /opt/airflow/dags/01_data_fetch_mkCHtbls.py
[2025-11-27T08:33:28.759+0000] {logging_mixin.py:188} INFO - [2025-11-27T08:33:28.759+0000] {dag.py:3036} INFO - Sync 1 DAGs
[2025-11-27T08:33:28.817+0000] {logging_mixin.py:188} INFO - [2025-11-27T08:33:28.816+0000] {dag.py:3823} INFO - Setting next_dagrun for fetch_data to 2025-11-27 00:00:00+00:00, run_after=2025-11-28 00:00:00+00:00
[2025-11-27T08:33:28.866+0000] {processor.py:183} INFO - Processing /opt/airflow/dags/01_data_fetch_mkCHtbls.py took 8.185 seconds
[2025-11-27T08:33:59.221+0000] {processor.py:161} INFO - Started process (PID=3475) to work on /opt/airflow/dags/01_data_fetch_mkCHtbls.py
[2025-11-27T08:33:59.226+0000] {processor.py:830} INFO - Processing file /opt/airflow/dags/01_data_fetch_mkCHtbls.py for tasks to queue
[2025-11-27T08:33:59.231+0000] {logging_mixin.py:188} INFO - [2025-11-27T08:33:59.230+0000] {dagbag.py:538} INFO - Filling up the DagBag from /opt/airflow/dags/01_data_fetch_mkCHtbls.py
[2025-11-27T08:34:11.601+0000] {processor.py:840} INFO - DAG(s) 'fetch_data' retrieved from /opt/airflow/dags/01_data_fetch_mkCHtbls.py
[2025-11-27T08:34:11.700+0000] {logging_mixin.py:188} INFO - [2025-11-27T08:34:11.699+0000] {dag.py:3036} INFO - Sync 1 DAGs
[2025-11-27T08:34:11.792+0000] {logging_mixin.py:188} INFO - [2025-11-27T08:34:11.791+0000] {dag.py:3823} INFO - Setting next_dagrun for fetch_data to 2025-11-27 00:00:00+00:00, run_after=2025-11-28 00:00:00+00:00
[2025-11-27T08:34:11.871+0000] {processor.py:183} INFO - Processing /opt/airflow/dags/01_data_fetch_mkCHtbls.py took 12.665 seconds
[2025-11-27T08:34:42.218+0000] {processor.py:161} INFO - Started process (PID=3591) to work on /opt/airflow/dags/01_data_fetch_mkCHtbls.py
[2025-11-27T08:34:42.223+0000] {processor.py:830} INFO - Processing file /opt/airflow/dags/01_data_fetch_mkCHtbls.py for tasks to queue
[2025-11-27T08:34:42.227+0000] {logging_mixin.py:188} INFO - [2025-11-27T08:34:42.226+0000] {dagbag.py:538} INFO - Filling up the DagBag from /opt/airflow/dags/01_data_fetch_mkCHtbls.py
[2025-11-27T08:34:53.183+0000] {processor.py:840} INFO - DAG(s) 'fetch_data' retrieved from /opt/airflow/dags/01_data_fetch_mkCHtbls.py
[2025-11-27T08:34:53.286+0000] {logging_mixin.py:188} INFO - [2025-11-27T08:34:53.285+0000] {dag.py:3036} INFO - Sync 1 DAGs
[2025-11-27T08:34:53.371+0000] {logging_mixin.py:188} INFO - [2025-11-27T08:34:53.370+0000] {dag.py:3823} INFO - Setting next_dagrun for fetch_data to 2025-11-27 00:00:00+00:00, run_after=2025-11-28 00:00:00+00:00
[2025-11-27T08:34:53.449+0000] {processor.py:183} INFO - Processing /opt/airflow/dags/01_data_fetch_mkCHtbls.py took 11.244 seconds
[2025-11-27T08:35:23.924+0000] {processor.py:161} INFO - Started process (PID=3661) to work on /opt/airflow/dags/01_data_fetch_mkCHtbls.py
[2025-11-27T08:35:23.928+0000] {processor.py:830} INFO - Processing file /opt/airflow/dags/01_data_fetch_mkCHtbls.py for tasks to queue
[2025-11-27T08:35:23.932+0000] {logging_mixin.py:188} INFO - [2025-11-27T08:35:23.931+0000] {dagbag.py:538} INFO - Filling up the DagBag from /opt/airflow/dags/01_data_fetch_mkCHtbls.py
[2025-11-27T08:35:35.735+0000] {processor.py:840} INFO - DAG(s) 'fetch_data' retrieved from /opt/airflow/dags/01_data_fetch_mkCHtbls.py
[2025-11-27T08:35:35.871+0000] {logging_mixin.py:188} INFO - [2025-11-27T08:35:35.870+0000] {dag.py:3036} INFO - Sync 1 DAGs
[2025-11-27T08:35:35.976+0000] {logging_mixin.py:188} INFO - [2025-11-27T08:35:35.974+0000] {dag.py:3823} INFO - Setting next_dagrun for fetch_data to 2025-11-27 00:00:00+00:00, run_after=2025-11-28 00:00:00+00:00
[2025-11-27T08:35:36.049+0000] {processor.py:183} INFO - Processing /opt/airflow/dags/01_data_fetch_mkCHtbls.py took 12.138 seconds
[2025-11-27T08:36:06.547+0000] {processor.py:161} INFO - Started process (PID=3736) to work on /opt/airflow/dags/01_data_fetch_mkCHtbls.py
[2025-11-27T08:36:06.549+0000] {processor.py:830} INFO - Processing file /opt/airflow/dags/01_data_fetch_mkCHtbls.py for tasks to queue
[2025-11-27T08:36:06.551+0000] {logging_mixin.py:188} INFO - [2025-11-27T08:36:06.550+0000] {dagbag.py:538} INFO - Filling up the DagBag from /opt/airflow/dags/01_data_fetch_mkCHtbls.py
[2025-11-27T08:36:15.859+0000] {processor.py:840} INFO - DAG(s) 'fetch_data' retrieved from /opt/airflow/dags/01_data_fetch_mkCHtbls.py
[2025-11-27T08:36:15.945+0000] {logging_mixin.py:188} INFO - [2025-11-27T08:36:15.944+0000] {dag.py:3036} INFO - Sync 1 DAGs
[2025-11-27T08:36:16.019+0000] {logging_mixin.py:188} INFO - [2025-11-27T08:36:16.019+0000] {dag.py:3823} INFO - Setting next_dagrun for fetch_data to 2025-11-27 00:00:00+00:00, run_after=2025-11-28 00:00:00+00:00
[2025-11-27T08:36:16.080+0000] {processor.py:183} INFO - Processing /opt/airflow/dags/01_data_fetch_mkCHtbls.py took 9.541 seconds
[2025-11-27T08:36:46.419+0000] {processor.py:161} INFO - Started process (PID=3826) to work on /opt/airflow/dags/01_data_fetch_mkCHtbls.py
[2025-11-27T08:36:46.421+0000] {processor.py:830} INFO - Processing file /opt/airflow/dags/01_data_fetch_mkCHtbls.py for tasks to queue
[2025-11-27T08:36:46.423+0000] {logging_mixin.py:188} INFO - [2025-11-27T08:36:46.423+0000] {dagbag.py:538} INFO - Filling up the DagBag from /opt/airflow/dags/01_data_fetch_mkCHtbls.py
[2025-11-27T08:36:56.073+0000] {processor.py:840} INFO - DAG(s) 'fetch_data' retrieved from /opt/airflow/dags/01_data_fetch_mkCHtbls.py
[2025-11-27T08:36:56.143+0000] {logging_mixin.py:188} INFO - [2025-11-27T08:36:56.142+0000] {dag.py:3036} INFO - Sync 1 DAGs
[2025-11-27T08:36:56.202+0000] {logging_mixin.py:188} INFO - [2025-11-27T08:36:56.202+0000] {dag.py:3823} INFO - Setting next_dagrun for fetch_data to 2025-11-27 00:00:00+00:00, run_after=2025-11-28 00:00:00+00:00
[2025-11-27T08:36:56.271+0000] {processor.py:183} INFO - Processing /opt/airflow/dags/01_data_fetch_mkCHtbls.py took 9.860 seconds
[2025-11-27T08:37:26.520+0000] {processor.py:161} INFO - Started process (PID=3917) to work on /opt/airflow/dags/01_data_fetch_mkCHtbls.py
[2025-11-27T08:37:26.524+0000] {processor.py:830} INFO - Processing file /opt/airflow/dags/01_data_fetch_mkCHtbls.py for tasks to queue
[2025-11-27T08:37:26.530+0000] {logging_mixin.py:188} INFO - [2025-11-27T08:37:26.528+0000] {dagbag.py:538} INFO - Filling up the DagBag from /opt/airflow/dags/01_data_fetch_mkCHtbls.py
[2025-11-27T08:37:37.121+0000] {processor.py:840} INFO - DAG(s) 'fetch_data' retrieved from /opt/airflow/dags/01_data_fetch_mkCHtbls.py
[2025-11-27T08:37:37.264+0000] {logging_mixin.py:188} INFO - [2025-11-27T08:37:37.262+0000] {dag.py:3036} INFO - Sync 1 DAGs
[2025-11-27T08:37:37.373+0000] {logging_mixin.py:188} INFO - [2025-11-27T08:37:37.371+0000] {dag.py:3823} INFO - Setting next_dagrun for fetch_data to 2025-11-27 00:00:00+00:00, run_after=2025-11-28 00:00:00+00:00
[2025-11-27T08:37:37.494+0000] {processor.py:183} INFO - Processing /opt/airflow/dags/01_data_fetch_mkCHtbls.py took 10.983 seconds
[2025-11-27T08:38:07.604+0000] {processor.py:161} INFO - Started process (PID=3987) to work on /opt/airflow/dags/01_data_fetch_mkCHtbls.py
[2025-11-27T08:38:07.606+0000] {processor.py:830} INFO - Processing file /opt/airflow/dags/01_data_fetch_mkCHtbls.py for tasks to queue
[2025-11-27T08:38:07.608+0000] {logging_mixin.py:188} INFO - [2025-11-27T08:38:07.607+0000] {dagbag.py:538} INFO - Filling up the DagBag from /opt/airflow/dags/01_data_fetch_mkCHtbls.py
[2025-11-27T08:38:17.722+0000] {processor.py:840} INFO - DAG(s) 'fetch_data' retrieved from /opt/airflow/dags/01_data_fetch_mkCHtbls.py
[2025-11-27T08:38:17.809+0000] {logging_mixin.py:188} INFO - [2025-11-27T08:38:17.808+0000] {dag.py:3036} INFO - Sync 1 DAGs
[2025-11-27T08:38:17.891+0000] {logging_mixin.py:188} INFO - [2025-11-27T08:38:17.890+0000] {dag.py:3823} INFO - Setting next_dagrun for fetch_data to 2025-11-27 00:00:00+00:00, run_after=2025-11-28 00:00:00+00:00
[2025-11-27T08:38:18.000+0000] {processor.py:183} INFO - Processing /opt/airflow/dags/01_data_fetch_mkCHtbls.py took 10.402 seconds
[2025-11-27T08:38:48.648+0000] {processor.py:161} INFO - Started process (PID=4082) to work on /opt/airflow/dags/01_data_fetch_mkCHtbls.py
[2025-11-27T08:38:48.652+0000] {processor.py:830} INFO - Processing file /opt/airflow/dags/01_data_fetch_mkCHtbls.py for tasks to queue
[2025-11-27T08:38:48.659+0000] {logging_mixin.py:188} INFO - [2025-11-27T08:38:48.658+0000] {dagbag.py:538} INFO - Filling up the DagBag from /opt/airflow/dags/01_data_fetch_mkCHtbls.py
[2025-11-27T08:38:56.321+0000] {processor.py:840} INFO - DAG(s) 'fetch_data' retrieved from /opt/airflow/dags/01_data_fetch_mkCHtbls.py
[2025-11-27T08:38:56.478+0000] {logging_mixin.py:188} INFO - [2025-11-27T08:38:56.477+0000] {dag.py:3036} INFO - Sync 1 DAGs
[2025-11-27T08:38:56.606+0000] {logging_mixin.py:188} INFO - [2025-11-27T08:38:56.605+0000] {dag.py:3823} INFO - Setting next_dagrun for fetch_data to 2025-11-27 00:00:00+00:00, run_after=2025-11-28 00:00:00+00:00
[2025-11-27T08:38:56.733+0000] {processor.py:183} INFO - Processing /opt/airflow/dags/01_data_fetch_mkCHtbls.py took 8.100 seconds
[2025-11-27T08:39:27.195+0000] {processor.py:161} INFO - Started process (PID=4152) to work on /opt/airflow/dags/01_data_fetch_mkCHtbls.py
[2025-11-27T08:39:27.198+0000] {processor.py:830} INFO - Processing file /opt/airflow/dags/01_data_fetch_mkCHtbls.py for tasks to queue
[2025-11-27T08:39:27.202+0000] {logging_mixin.py:188} INFO - [2025-11-27T08:39:27.201+0000] {dagbag.py:538} INFO - Filling up the DagBag from /opt/airflow/dags/01_data_fetch_mkCHtbls.py
[2025-11-27T08:39:37.793+0000] {processor.py:840} INFO - DAG(s) 'fetch_data' retrieved from /opt/airflow/dags/01_data_fetch_mkCHtbls.py
[2025-11-27T08:39:37.902+0000] {logging_mixin.py:188} INFO - [2025-11-27T08:39:37.901+0000] {dag.py:3036} INFO - Sync 1 DAGs
[2025-11-27T08:39:38.086+0000] {logging_mixin.py:188} INFO - [2025-11-27T08:39:38.085+0000] {dag.py:3823} INFO - Setting next_dagrun for fetch_data to 2025-11-27 00:00:00+00:00, run_after=2025-11-28 00:00:00+00:00
[2025-11-27T08:39:38.199+0000] {processor.py:183} INFO - Processing /opt/airflow/dags/01_data_fetch_mkCHtbls.py took 11.015 seconds
[2025-11-27T08:40:08.359+0000] {processor.py:161} INFO - Started process (PID=4243) to work on /opt/airflow/dags/01_data_fetch_mkCHtbls.py
[2025-11-27T08:40:08.362+0000] {processor.py:830} INFO - Processing file /opt/airflow/dags/01_data_fetch_mkCHtbls.py for tasks to queue
[2025-11-27T08:40:08.365+0000] {logging_mixin.py:188} INFO - [2025-11-27T08:40:08.364+0000] {dagbag.py:538} INFO - Filling up the DagBag from /opt/airflow/dags/01_data_fetch_mkCHtbls.py
[2025-11-27T08:40:19.003+0000] {processor.py:840} INFO - DAG(s) 'fetch_data' retrieved from /opt/airflow/dags/01_data_fetch_mkCHtbls.py
[2025-11-27T08:40:19.157+0000] {logging_mixin.py:188} INFO - [2025-11-27T08:40:19.156+0000] {dag.py:3036} INFO - Sync 1 DAGs
[2025-11-27T08:40:19.230+0000] {logging_mixin.py:188} INFO - [2025-11-27T08:40:19.229+0000] {dag.py:3823} INFO - Setting next_dagrun for fetch_data to 2025-11-27 00:00:00+00:00, run_after=2025-11-28 00:00:00+00:00
[2025-11-27T08:40:19.294+0000] {processor.py:183} INFO - Processing /opt/airflow/dags/01_data_fetch_mkCHtbls.py took 10.944 seconds
[2025-11-27T08:40:50.149+0000] {processor.py:161} INFO - Started process (PID=4338) to work on /opt/airflow/dags/01_data_fetch_mkCHtbls.py
[2025-11-27T08:40:50.152+0000] {processor.py:830} INFO - Processing file /opt/airflow/dags/01_data_fetch_mkCHtbls.py for tasks to queue
[2025-11-27T08:40:50.156+0000] {logging_mixin.py:188} INFO - [2025-11-27T08:40:50.154+0000] {dagbag.py:538} INFO - Filling up the DagBag from /opt/airflow/dags/01_data_fetch_mkCHtbls.py
[2025-11-27T08:40:59.712+0000] {processor.py:840} INFO - DAG(s) 'fetch_data' retrieved from /opt/airflow/dags/01_data_fetch_mkCHtbls.py
[2025-11-27T08:40:59.777+0000] {logging_mixin.py:188} INFO - [2025-11-27T08:40:59.776+0000] {dag.py:3036} INFO - Sync 1 DAGs
[2025-11-27T08:40:59.832+0000] {logging_mixin.py:188} INFO - [2025-11-27T08:40:59.831+0000] {dag.py:3823} INFO - Setting next_dagrun for fetch_data to 2025-11-27 00:00:00+00:00, run_after=2025-11-28 00:00:00+00:00
[2025-11-27T08:40:59.880+0000] {processor.py:183} INFO - Processing /opt/airflow/dags/01_data_fetch_mkCHtbls.py took 9.742 seconds
[2025-11-27T08:41:30.940+0000] {processor.py:161} INFO - Started process (PID=4408) to work on /opt/airflow/dags/01_data_fetch_mkCHtbls.py
[2025-11-27T08:41:30.942+0000] {processor.py:830} INFO - Processing file /opt/airflow/dags/01_data_fetch_mkCHtbls.py for tasks to queue
[2025-11-27T08:41:30.947+0000] {logging_mixin.py:188} INFO - [2025-11-27T08:41:30.946+0000] {dagbag.py:538} INFO - Filling up the DagBag from /opt/airflow/dags/01_data_fetch_mkCHtbls.py
[2025-11-27T08:41:41.816+0000] {processor.py:840} INFO - DAG(s) 'fetch_data' retrieved from /opt/airflow/dags/01_data_fetch_mkCHtbls.py
[2025-11-27T08:41:41.896+0000] {logging_mixin.py:188} INFO - [2025-11-27T08:41:41.895+0000] {dag.py:3036} INFO - Sync 1 DAGs
[2025-11-27T08:41:41.974+0000] {logging_mixin.py:188} INFO - [2025-11-27T08:41:41.973+0000] {dag.py:3823} INFO - Setting next_dagrun for fetch_data to 2025-11-27 00:00:00+00:00, run_after=2025-11-28 00:00:00+00:00
[2025-11-27T08:41:42.079+0000] {processor.py:183} INFO - Processing /opt/airflow/dags/01_data_fetch_mkCHtbls.py took 11.145 seconds
[2025-11-27T08:42:12.658+0000] {processor.py:161} INFO - Started process (PID=4499) to work on /opt/airflow/dags/01_data_fetch_mkCHtbls.py
[2025-11-27T08:42:12.661+0000] {processor.py:830} INFO - Processing file /opt/airflow/dags/01_data_fetch_mkCHtbls.py for tasks to queue
[2025-11-27T08:42:12.665+0000] {logging_mixin.py:188} INFO - [2025-11-27T08:42:12.664+0000] {dagbag.py:538} INFO - Filling up the DagBag from /opt/airflow/dags/01_data_fetch_mkCHtbls.py
[2025-11-27T08:42:20.988+0000] {processor.py:840} INFO - DAG(s) 'fetch_data' retrieved from /opt/airflow/dags/01_data_fetch_mkCHtbls.py
[2025-11-27T08:42:21.098+0000] {logging_mixin.py:188} INFO - [2025-11-27T08:42:21.097+0000] {dag.py:3036} INFO - Sync 1 DAGs
[2025-11-27T08:42:21.163+0000] {logging_mixin.py:188} INFO - [2025-11-27T08:42:21.163+0000] {dag.py:3823} INFO - Setting next_dagrun for fetch_data to 2025-11-27 00:00:00+00:00, run_after=2025-11-28 00:00:00+00:00
[2025-11-27T08:42:21.213+0000] {processor.py:183} INFO - Processing /opt/airflow/dags/01_data_fetch_mkCHtbls.py took 8.566 seconds
[2025-11-27T08:42:51.681+0000] {processor.py:161} INFO - Started process (PID=4574) to work on /opt/airflow/dags/01_data_fetch_mkCHtbls.py
[2025-11-27T08:42:51.684+0000] {processor.py:830} INFO - Processing file /opt/airflow/dags/01_data_fetch_mkCHtbls.py for tasks to queue
[2025-11-27T08:42:51.687+0000] {logging_mixin.py:188} INFO - [2025-11-27T08:42:51.686+0000] {dagbag.py:538} INFO - Filling up the DagBag from /opt/airflow/dags/01_data_fetch_mkCHtbls.py
[2025-11-27T08:43:00.437+0000] {processor.py:840} INFO - DAG(s) 'fetch_data' retrieved from /opt/airflow/dags/01_data_fetch_mkCHtbls.py
[2025-11-27T08:43:00.541+0000] {logging_mixin.py:188} INFO - [2025-11-27T08:43:00.540+0000] {dag.py:3036} INFO - Sync 1 DAGs
[2025-11-27T08:43:00.649+0000] {logging_mixin.py:188} INFO - [2025-11-27T08:43:00.647+0000] {dag.py:3823} INFO - Setting next_dagrun for fetch_data to 2025-11-27 00:00:00+00:00, run_after=2025-11-28 00:00:00+00:00
[2025-11-27T08:43:00.719+0000] {processor.py:183} INFO - Processing /opt/airflow/dags/01_data_fetch_mkCHtbls.py took 9.048 seconds
[2025-11-27T08:43:31.320+0000] {processor.py:161} INFO - Started process (PID=4664) to work on /opt/airflow/dags/01_data_fetch_mkCHtbls.py
[2025-11-27T08:43:31.323+0000] {processor.py:830} INFO - Processing file /opt/airflow/dags/01_data_fetch_mkCHtbls.py for tasks to queue
[2025-11-27T08:43:31.326+0000] {logging_mixin.py:188} INFO - [2025-11-27T08:43:31.325+0000] {dagbag.py:538} INFO - Filling up the DagBag from /opt/airflow/dags/01_data_fetch_mkCHtbls.py
[2025-11-27T08:43:40.122+0000] {processor.py:840} INFO - DAG(s) 'fetch_data' retrieved from /opt/airflow/dags/01_data_fetch_mkCHtbls.py
[2025-11-27T08:43:40.199+0000] {logging_mixin.py:188} INFO - [2025-11-27T08:43:40.198+0000] {dag.py:3036} INFO - Sync 1 DAGs
[2025-11-27T08:43:40.308+0000] {logging_mixin.py:188} INFO - [2025-11-27T08:43:40.308+0000] {dag.py:3823} INFO - Setting next_dagrun for fetch_data to 2025-11-27 00:00:00+00:00, run_after=2025-11-28 00:00:00+00:00
[2025-11-27T08:43:40.386+0000] {processor.py:183} INFO - Processing /opt/airflow/dags/01_data_fetch_mkCHtbls.py took 9.073 seconds
[2025-11-27T08:44:10.775+0000] {processor.py:161} INFO - Started process (PID=4734) to work on /opt/airflow/dags/01_data_fetch_mkCHtbls.py
[2025-11-27T08:44:10.778+0000] {processor.py:830} INFO - Processing file /opt/airflow/dags/01_data_fetch_mkCHtbls.py for tasks to queue
[2025-11-27T08:44:10.781+0000] {logging_mixin.py:188} INFO - [2025-11-27T08:44:10.780+0000] {dagbag.py:538} INFO - Filling up the DagBag from /opt/airflow/dags/01_data_fetch_mkCHtbls.py
[2025-11-27T08:44:19.178+0000] {processor.py:840} INFO - DAG(s) 'fetch_data' retrieved from /opt/airflow/dags/01_data_fetch_mkCHtbls.py
[2025-11-27T08:44:19.268+0000] {logging_mixin.py:188} INFO - [2025-11-27T08:44:19.267+0000] {dag.py:3036} INFO - Sync 1 DAGs
[2025-11-27T08:44:19.358+0000] {logging_mixin.py:188} INFO - [2025-11-27T08:44:19.357+0000] {dag.py:3823} INFO - Setting next_dagrun for fetch_data to 2025-11-27 00:00:00+00:00, run_after=2025-11-28 00:00:00+00:00
[2025-11-27T08:44:19.428+0000] {processor.py:183} INFO - Processing /opt/airflow/dags/01_data_fetch_mkCHtbls.py took 8.664 seconds
[2025-11-27T08:44:50.338+0000] {processor.py:161} INFO - Started process (PID=4809) to work on /opt/airflow/dags/01_data_fetch_mkCHtbls.py
[2025-11-27T08:44:50.344+0000] {processor.py:830} INFO - Processing file /opt/airflow/dags/01_data_fetch_mkCHtbls.py for tasks to queue
[2025-11-27T08:44:50.352+0000] {logging_mixin.py:188} INFO - [2025-11-27T08:44:50.349+0000] {dagbag.py:538} INFO - Filling up the DagBag from /opt/airflow/dags/01_data_fetch_mkCHtbls.py
[2025-11-27T08:44:59.399+0000] {processor.py:840} INFO - DAG(s) 'fetch_data' retrieved from /opt/airflow/dags/01_data_fetch_mkCHtbls.py
[2025-11-27T08:44:59.461+0000] {logging_mixin.py:188} INFO - [2025-11-27T08:44:59.460+0000] {dag.py:3036} INFO - Sync 1 DAGs
[2025-11-27T08:44:59.509+0000] {logging_mixin.py:188} INFO - [2025-11-27T08:44:59.508+0000] {dag.py:3823} INFO - Setting next_dagrun for fetch_data to 2025-11-27 00:00:00+00:00, run_after=2025-11-28 00:00:00+00:00
[2025-11-27T08:44:59.563+0000] {processor.py:183} INFO - Processing /opt/airflow/dags/01_data_fetch_mkCHtbls.py took 9.243 seconds
[2025-11-27T08:45:29.733+0000] {processor.py:161} INFO - Started process (PID=4920) to work on /opt/airflow/dags/01_data_fetch_mkCHtbls.py
[2025-11-27T08:45:29.736+0000] {processor.py:830} INFO - Processing file /opt/airflow/dags/01_data_fetch_mkCHtbls.py for tasks to queue
[2025-11-27T08:45:29.738+0000] {logging_mixin.py:188} INFO - [2025-11-27T08:45:29.737+0000] {dagbag.py:538} INFO - Filling up the DagBag from /opt/airflow/dags/01_data_fetch_mkCHtbls.py
[2025-11-27T08:45:37.680+0000] {processor.py:840} INFO - DAG(s) 'fetch_data' retrieved from /opt/airflow/dags/01_data_fetch_mkCHtbls.py
[2025-11-27T08:45:37.743+0000] {logging_mixin.py:188} INFO - [2025-11-27T08:45:37.743+0000] {dag.py:3036} INFO - Sync 1 DAGs
[2025-11-27T08:45:37.821+0000] {logging_mixin.py:188} INFO - [2025-11-27T08:45:37.820+0000] {dag.py:3823} INFO - Setting next_dagrun for fetch_data to 2025-11-27 00:00:00+00:00, run_after=2025-11-28 00:00:00+00:00
[2025-11-27T08:45:37.896+0000] {processor.py:183} INFO - Processing /opt/airflow/dags/01_data_fetch_mkCHtbls.py took 8.174 seconds
[2025-11-27T08:46:08.824+0000] {processor.py:161} INFO - Started process (PID=4990) to work on /opt/airflow/dags/01_data_fetch_mkCHtbls.py
[2025-11-27T08:46:08.833+0000] {processor.py:830} INFO - Processing file /opt/airflow/dags/01_data_fetch_mkCHtbls.py for tasks to queue
[2025-11-27T08:46:08.836+0000] {logging_mixin.py:188} INFO - [2025-11-27T08:46:08.835+0000] {dagbag.py:538} INFO - Filling up the DagBag from /opt/airflow/dags/01_data_fetch_mkCHtbls.py
[2025-11-27T08:46:16.718+0000] {processor.py:840} INFO - DAG(s) 'fetch_data' retrieved from /opt/airflow/dags/01_data_fetch_mkCHtbls.py
[2025-11-27T08:46:16.784+0000] {logging_mixin.py:188} INFO - [2025-11-27T08:46:16.784+0000] {dag.py:3036} INFO - Sync 1 DAGs
[2025-11-27T08:46:16.844+0000] {logging_mixin.py:188} INFO - [2025-11-27T08:46:16.843+0000] {dag.py:3823} INFO - Setting next_dagrun for fetch_data to 2025-11-27 00:00:00+00:00, run_after=2025-11-28 00:00:00+00:00
[2025-11-27T08:46:16.897+0000] {processor.py:183} INFO - Processing /opt/airflow/dags/01_data_fetch_mkCHtbls.py took 8.086 seconds
[2025-11-27T08:46:47.513+0000] {processor.py:161} INFO - Started process (PID=5060) to work on /opt/airflow/dags/01_data_fetch_mkCHtbls.py
[2025-11-27T08:46:47.516+0000] {processor.py:830} INFO - Processing file /opt/airflow/dags/01_data_fetch_mkCHtbls.py for tasks to queue
[2025-11-27T08:46:47.520+0000] {logging_mixin.py:188} INFO - [2025-11-27T08:46:47.519+0000] {dagbag.py:538} INFO - Filling up the DagBag from /opt/airflow/dags/01_data_fetch_mkCHtbls.py
[2025-11-27T08:47:01.648+0000] {processor.py:840} INFO - DAG(s) 'fetch_data' retrieved from /opt/airflow/dags/01_data_fetch_mkCHtbls.py
[2025-11-27T08:47:01.721+0000] {logging_mixin.py:188} INFO - [2025-11-27T08:47:01.720+0000] {dag.py:3036} INFO - Sync 1 DAGs
[2025-11-27T08:47:01.779+0000] {logging_mixin.py:188} INFO - [2025-11-27T08:47:01.779+0000] {dag.py:3823} INFO - Setting next_dagrun for fetch_data to 2025-11-27 00:00:00+00:00, run_after=2025-11-28 00:00:00+00:00
[2025-11-27T08:47:01.844+0000] {processor.py:183} INFO - Processing /opt/airflow/dags/01_data_fetch_mkCHtbls.py took 14.344 seconds
[2025-11-27T08:47:32.024+0000] {processor.py:161} INFO - Started process (PID=5174) to work on /opt/airflow/dags/01_data_fetch_mkCHtbls.py
[2025-11-27T08:47:32.028+0000] {processor.py:830} INFO - Processing file /opt/airflow/dags/01_data_fetch_mkCHtbls.py for tasks to queue
[2025-11-27T08:47:32.032+0000] {logging_mixin.py:188} INFO - [2025-11-27T08:47:32.030+0000] {dagbag.py:538} INFO - Filling up the DagBag from /opt/airflow/dags/01_data_fetch_mkCHtbls.py
[2025-11-27T08:47:43.526+0000] {processor.py:840} INFO - DAG(s) 'fetch_data' retrieved from /opt/airflow/dags/01_data_fetch_mkCHtbls.py
[2025-11-27T08:47:43.655+0000] {logging_mixin.py:188} INFO - [2025-11-27T08:47:43.653+0000] {dag.py:3036} INFO - Sync 1 DAGs
[2025-11-27T08:47:43.767+0000] {logging_mixin.py:188} INFO - [2025-11-27T08:47:43.765+0000] {dag.py:3823} INFO - Setting next_dagrun for fetch_data to 2025-11-27 00:00:00+00:00, run_after=2025-11-28 00:00:00+00:00
[2025-11-27T08:47:43.855+0000] {processor.py:183} INFO - Processing /opt/airflow/dags/01_data_fetch_mkCHtbls.py took 11.843 seconds
[2025-11-27T08:48:14.556+0000] {processor.py:161} INFO - Started process (PID=5246) to work on /opt/airflow/dags/01_data_fetch_mkCHtbls.py
[2025-11-27T08:48:14.561+0000] {processor.py:830} INFO - Processing file /opt/airflow/dags/01_data_fetch_mkCHtbls.py for tasks to queue
[2025-11-27T08:48:14.565+0000] {logging_mixin.py:188} INFO - [2025-11-27T08:48:14.564+0000] {dagbag.py:538} INFO - Filling up the DagBag from /opt/airflow/dags/01_data_fetch_mkCHtbls.py
[2025-11-27T08:48:25.588+0000] {processor.py:840} INFO - DAG(s) 'fetch_data' retrieved from /opt/airflow/dags/01_data_fetch_mkCHtbls.py
[2025-11-27T08:48:25.734+0000] {logging_mixin.py:188} INFO - [2025-11-27T08:48:25.732+0000] {dag.py:3036} INFO - Sync 1 DAGs
[2025-11-27T08:48:25.819+0000] {logging_mixin.py:188} INFO - [2025-11-27T08:48:25.818+0000] {dag.py:3823} INFO - Setting next_dagrun for fetch_data to 2025-11-27 00:00:00+00:00, run_after=2025-11-28 00:00:00+00:00
[2025-11-27T08:48:25.940+0000] {processor.py:183} INFO - Processing /opt/airflow/dags/01_data_fetch_mkCHtbls.py took 11.393 seconds
[2025-11-27T08:48:56.343+0000] {processor.py:161} INFO - Started process (PID=5321) to work on /opt/airflow/dags/01_data_fetch_mkCHtbls.py
[2025-11-27T08:48:56.362+0000] {processor.py:830} INFO - Processing file /opt/airflow/dags/01_data_fetch_mkCHtbls.py for tasks to queue
[2025-11-27T08:48:56.370+0000] {logging_mixin.py:188} INFO - [2025-11-27T08:48:56.368+0000] {dagbag.py:538} INFO - Filling up the DagBag from /opt/airflow/dags/01_data_fetch_mkCHtbls.py
[2025-11-27T08:49:07.057+0000] {processor.py:840} INFO - DAG(s) 'fetch_data' retrieved from /opt/airflow/dags/01_data_fetch_mkCHtbls.py
[2025-11-27T08:49:07.171+0000] {logging_mixin.py:188} INFO - [2025-11-27T08:49:07.170+0000] {dag.py:3036} INFO - Sync 1 DAGs
[2025-11-27T08:49:07.304+0000] {logging_mixin.py:188} INFO - [2025-11-27T08:49:07.303+0000] {dag.py:3823} INFO - Setting next_dagrun for fetch_data to 2025-11-27 00:00:00+00:00, run_after=2025-11-28 00:00:00+00:00
[2025-11-27T08:49:07.400+0000] {processor.py:183} INFO - Processing /opt/airflow/dags/01_data_fetch_mkCHtbls.py took 11.071 seconds
[2025-11-27T08:49:37.929+0000] {processor.py:161} INFO - Started process (PID=5411) to work on /opt/airflow/dags/01_data_fetch_mkCHtbls.py
[2025-11-27T08:49:37.936+0000] {processor.py:830} INFO - Processing file /opt/airflow/dags/01_data_fetch_mkCHtbls.py for tasks to queue
[2025-11-27T08:49:37.943+0000] {logging_mixin.py:188} INFO - [2025-11-27T08:49:37.941+0000] {dagbag.py:538} INFO - Filling up the DagBag from /opt/airflow/dags/01_data_fetch_mkCHtbls.py
[2025-11-27T08:49:48.765+0000] {processor.py:840} INFO - DAG(s) 'fetch_data' retrieved from /opt/airflow/dags/01_data_fetch_mkCHtbls.py
[2025-11-27T08:49:48.845+0000] {logging_mixin.py:188} INFO - [2025-11-27T08:49:48.844+0000] {dag.py:3036} INFO - Sync 1 DAGs
[2025-11-27T08:49:48.922+0000] {logging_mixin.py:188} INFO - [2025-11-27T08:49:48.921+0000] {dag.py:3823} INFO - Setting next_dagrun for fetch_data to 2025-11-27 00:00:00+00:00, run_after=2025-11-28 00:00:00+00:00
[2025-11-27T08:49:48.991+0000] {processor.py:183} INFO - Processing /opt/airflow/dags/01_data_fetch_mkCHtbls.py took 11.080 seconds
[2025-11-27T08:50:19.691+0000] {processor.py:161} INFO - Started process (PID=5502) to work on /opt/airflow/dags/01_data_fetch_mkCHtbls.py
[2025-11-27T08:50:19.694+0000] {processor.py:830} INFO - Processing file /opt/airflow/dags/01_data_fetch_mkCHtbls.py for tasks to queue
[2025-11-27T08:50:19.703+0000] {logging_mixin.py:188} INFO - [2025-11-27T08:50:19.702+0000] {dagbag.py:538} INFO - Filling up the DagBag from /opt/airflow/dags/01_data_fetch_mkCHtbls.py
[2025-11-27T08:50:29.460+0000] {processor.py:840} INFO - DAG(s) 'fetch_data' retrieved from /opt/airflow/dags/01_data_fetch_mkCHtbls.py
[2025-11-27T08:50:29.552+0000] {logging_mixin.py:188} INFO - [2025-11-27T08:50:29.551+0000] {dag.py:3036} INFO - Sync 1 DAGs
[2025-11-27T08:50:29.637+0000] {logging_mixin.py:188} INFO - [2025-11-27T08:50:29.636+0000] {dag.py:3823} INFO - Setting next_dagrun for fetch_data to 2025-11-27 00:00:00+00:00, run_after=2025-11-28 00:00:00+00:00
[2025-11-27T08:50:29.696+0000] {processor.py:183} INFO - Processing /opt/airflow/dags/01_data_fetch_mkCHtbls.py took 10.020 seconds
[2025-11-27T08:51:00.029+0000] {processor.py:161} INFO - Started process (PID=5577) to work on /opt/airflow/dags/01_data_fetch_mkCHtbls.py
[2025-11-27T08:51:00.034+0000] {processor.py:830} INFO - Processing file /opt/airflow/dags/01_data_fetch_mkCHtbls.py for tasks to queue
[2025-11-27T08:51:00.042+0000] {logging_mixin.py:188} INFO - [2025-11-27T08:51:00.041+0000] {dagbag.py:538} INFO - Filling up the DagBag from /opt/airflow/dags/01_data_fetch_mkCHtbls.py
[2025-11-27T08:51:11.362+0000] {processor.py:840} INFO - DAG(s) 'fetch_data' retrieved from /opt/airflow/dags/01_data_fetch_mkCHtbls.py
[2025-11-27T08:51:11.422+0000] {logging_mixin.py:188} INFO - [2025-11-27T08:51:11.422+0000] {dag.py:3036} INFO - Sync 1 DAGs
[2025-11-27T08:51:11.472+0000] {logging_mixin.py:188} INFO - [2025-11-27T08:51:11.471+0000] {dag.py:3823} INFO - Setting next_dagrun for fetch_data to 2025-11-27 00:00:00+00:00, run_after=2025-11-28 00:00:00+00:00
[2025-11-27T08:51:11.530+0000] {processor.py:183} INFO - Processing /opt/airflow/dags/01_data_fetch_mkCHtbls.py took 11.517 seconds
[2025-11-27T08:51:41.945+0000] {processor.py:161} INFO - Started process (PID=5667) to work on /opt/airflow/dags/01_data_fetch_mkCHtbls.py
[2025-11-27T08:51:41.960+0000] {processor.py:830} INFO - Processing file /opt/airflow/dags/01_data_fetch_mkCHtbls.py for tasks to queue
[2025-11-27T08:51:41.968+0000] {logging_mixin.py:188} INFO - [2025-11-27T08:51:41.966+0000] {dagbag.py:538} INFO - Filling up the DagBag from /opt/airflow/dags/01_data_fetch_mkCHtbls.py
[2025-11-27T08:51:50.991+0000] {processor.py:840} INFO - DAG(s) 'fetch_data' retrieved from /opt/airflow/dags/01_data_fetch_mkCHtbls.py
[2025-11-27T08:51:51.119+0000] {logging_mixin.py:188} INFO - [2025-11-27T08:51:51.118+0000] {dag.py:3036} INFO - Sync 1 DAGs
[2025-11-27T08:51:51.242+0000] {logging_mixin.py:188} INFO - [2025-11-27T08:51:51.241+0000] {dag.py:3823} INFO - Setting next_dagrun for fetch_data to 2025-11-27 00:00:00+00:00, run_after=2025-11-28 00:00:00+00:00
[2025-11-27T08:51:51.332+0000] {processor.py:183} INFO - Processing /opt/airflow/dags/01_data_fetch_mkCHtbls.py took 9.396 seconds
[2025-11-27T08:52:21.510+0000] {processor.py:161} INFO - Started process (PID=5737) to work on /opt/airflow/dags/01_data_fetch_mkCHtbls.py
[2025-11-27T08:52:21.512+0000] {processor.py:830} INFO - Processing file /opt/airflow/dags/01_data_fetch_mkCHtbls.py for tasks to queue
[2025-11-27T08:52:21.514+0000] {logging_mixin.py:188} INFO - [2025-11-27T08:52:21.514+0000] {dagbag.py:538} INFO - Filling up the DagBag from /opt/airflow/dags/01_data_fetch_mkCHtbls.py
[2025-11-27T08:52:30.258+0000] {processor.py:840} INFO - DAG(s) 'fetch_data' retrieved from /opt/airflow/dags/01_data_fetch_mkCHtbls.py
[2025-11-27T08:52:30.324+0000] {logging_mixin.py:188} INFO - [2025-11-27T08:52:30.323+0000] {dag.py:3036} INFO - Sync 1 DAGs
[2025-11-27T08:52:30.369+0000] {logging_mixin.py:188} INFO - [2025-11-27T08:52:30.368+0000] {dag.py:3823} INFO - Setting next_dagrun for fetch_data to 2025-11-27 00:00:00+00:00, run_after=2025-11-28 00:00:00+00:00
[2025-11-27T08:52:30.417+0000] {processor.py:183} INFO - Processing /opt/airflow/dags/01_data_fetch_mkCHtbls.py took 8.916 seconds
[2025-11-27T08:53:00.569+0000] {processor.py:161} INFO - Started process (PID=5828) to work on /opt/airflow/dags/01_data_fetch_mkCHtbls.py
[2025-11-27T08:53:00.573+0000] {processor.py:830} INFO - Processing file /opt/airflow/dags/01_data_fetch_mkCHtbls.py for tasks to queue
[2025-11-27T08:53:00.581+0000] {logging_mixin.py:188} INFO - [2025-11-27T08:53:00.578+0000] {dagbag.py:538} INFO - Filling up the DagBag from /opt/airflow/dags/01_data_fetch_mkCHtbls.py
[2025-11-27T08:53:08.623+0000] {processor.py:840} INFO - DAG(s) 'fetch_data' retrieved from /opt/airflow/dags/01_data_fetch_mkCHtbls.py
[2025-11-27T08:53:08.675+0000] {logging_mixin.py:188} INFO - [2025-11-27T08:53:08.674+0000] {dag.py:3036} INFO - Sync 1 DAGs
[2025-11-27T08:53:08.725+0000] {logging_mixin.py:188} INFO - [2025-11-27T08:53:08.724+0000] {dag.py:3823} INFO - Setting next_dagrun for fetch_data to 2025-11-27 00:00:00+00:00, run_after=2025-11-28 00:00:00+00:00
[2025-11-27T08:53:08.784+0000] {processor.py:183} INFO - Processing /opt/airflow/dags/01_data_fetch_mkCHtbls.py took 8.227 seconds
[2025-11-27T08:53:39.337+0000] {processor.py:161} INFO - Started process (PID=5903) to work on /opt/airflow/dags/01_data_fetch_mkCHtbls.py
[2025-11-27T08:53:39.340+0000] {processor.py:830} INFO - Processing file /opt/airflow/dags/01_data_fetch_mkCHtbls.py for tasks to queue
[2025-11-27T08:53:39.343+0000] {logging_mixin.py:188} INFO - [2025-11-27T08:53:39.342+0000] {dagbag.py:538} INFO - Filling up the DagBag from /opt/airflow/dags/01_data_fetch_mkCHtbls.py
[2025-11-27T08:53:47.011+0000] {processor.py:840} INFO - DAG(s) 'fetch_data' retrieved from /opt/airflow/dags/01_data_fetch_mkCHtbls.py
[2025-11-27T08:53:47.067+0000] {logging_mixin.py:188} INFO - [2025-11-27T08:53:47.066+0000] {dag.py:3036} INFO - Sync 1 DAGs
[2025-11-27T08:53:47.114+0000] {logging_mixin.py:188} INFO - [2025-11-27T08:53:47.113+0000] {dag.py:3823} INFO - Setting next_dagrun for fetch_data to 2025-11-27 00:00:00+00:00, run_after=2025-11-28 00:00:00+00:00
[2025-11-27T08:53:47.173+0000] {processor.py:183} INFO - Processing /opt/airflow/dags/01_data_fetch_mkCHtbls.py took 7.844 seconds
[2025-11-27T08:54:17.556+0000] {processor.py:161} INFO - Started process (PID=5993) to work on /opt/airflow/dags/01_data_fetch_mkCHtbls.py
[2025-11-27T08:54:17.560+0000] {processor.py:830} INFO - Processing file /opt/airflow/dags/01_data_fetch_mkCHtbls.py for tasks to queue
[2025-11-27T08:54:17.565+0000] {logging_mixin.py:188} INFO - [2025-11-27T08:54:17.563+0000] {dagbag.py:538} INFO - Filling up the DagBag from /opt/airflow/dags/01_data_fetch_mkCHtbls.py
[2025-11-27T08:54:25.297+0000] {processor.py:840} INFO - DAG(s) 'fetch_data' retrieved from /opt/airflow/dags/01_data_fetch_mkCHtbls.py
[2025-11-27T08:54:25.411+0000] {logging_mixin.py:188} INFO - [2025-11-27T08:54:25.410+0000] {dag.py:3036} INFO - Sync 1 DAGs
[2025-11-27T08:54:25.495+0000] {logging_mixin.py:188} INFO - [2025-11-27T08:54:25.494+0000] {dag.py:3823} INFO - Setting next_dagrun for fetch_data to 2025-11-27 00:00:00+00:00, run_after=2025-11-28 00:00:00+00:00
[2025-11-27T08:54:25.553+0000] {processor.py:183} INFO - Processing /opt/airflow/dags/01_data_fetch_mkCHtbls.py took 8.010 seconds
[2025-11-27T08:54:56.022+0000] {processor.py:161} INFO - Started process (PID=6063) to work on /opt/airflow/dags/01_data_fetch_mkCHtbls.py
[2025-11-27T08:54:56.024+0000] {processor.py:830} INFO - Processing file /opt/airflow/dags/01_data_fetch_mkCHtbls.py for tasks to queue
[2025-11-27T08:54:56.028+0000] {logging_mixin.py:188} INFO - [2025-11-27T08:54:56.027+0000] {dagbag.py:538} INFO - Filling up the DagBag from /opt/airflow/dags/01_data_fetch_mkCHtbls.py
[2025-11-27T08:55:04.803+0000] {processor.py:840} INFO - DAG(s) 'fetch_data' retrieved from /opt/airflow/dags/01_data_fetch_mkCHtbls.py
[2025-11-27T08:55:04.852+0000] {logging_mixin.py:188} INFO - [2025-11-27T08:55:04.852+0000] {dag.py:3036} INFO - Sync 1 DAGs
[2025-11-27T08:55:04.902+0000] {logging_mixin.py:188} INFO - [2025-11-27T08:55:04.902+0000] {dag.py:3823} INFO - Setting next_dagrun for fetch_data to 2025-11-27 00:00:00+00:00, run_after=2025-11-28 00:00:00+00:00
[2025-11-27T08:55:04.952+0000] {processor.py:183} INFO - Processing /opt/airflow/dags/01_data_fetch_mkCHtbls.py took 8.945 seconds
[2025-11-27T08:55:35.391+0000] {processor.py:161} INFO - Started process (PID=6157) to work on /opt/airflow/dags/01_data_fetch_mkCHtbls.py
[2025-11-27T08:55:35.394+0000] {processor.py:830} INFO - Processing file /opt/airflow/dags/01_data_fetch_mkCHtbls.py for tasks to queue
[2025-11-27T08:55:35.396+0000] {logging_mixin.py:188} INFO - [2025-11-27T08:55:35.396+0000] {dagbag.py:538} INFO - Filling up the DagBag from /opt/airflow/dags/01_data_fetch_mkCHtbls.py
[2025-11-27T08:55:44.547+0000] {processor.py:840} INFO - DAG(s) 'fetch_data' retrieved from /opt/airflow/dags/01_data_fetch_mkCHtbls.py
[2025-11-27T08:55:44.611+0000] {logging_mixin.py:188} INFO - [2025-11-27T08:55:44.610+0000] {dag.py:3036} INFO - Sync 1 DAGs
[2025-11-27T08:55:44.667+0000] {logging_mixin.py:188} INFO - [2025-11-27T08:55:44.666+0000] {dag.py:3823} INFO - Setting next_dagrun for fetch_data to 2025-11-27 00:00:00+00:00, run_after=2025-11-28 00:00:00+00:00
[2025-11-27T08:55:44.734+0000] {processor.py:183} INFO - Processing /opt/airflow/dags/01_data_fetch_mkCHtbls.py took 9.356 seconds
[2025-11-27T08:56:14.927+0000] {processor.py:161} INFO - Started process (PID=6229) to work on /opt/airflow/dags/01_data_fetch_mkCHtbls.py
[2025-11-27T08:56:14.933+0000] {processor.py:830} INFO - Processing file /opt/airflow/dags/01_data_fetch_mkCHtbls.py for tasks to queue
[2025-11-27T08:56:14.941+0000] {logging_mixin.py:188} INFO - [2025-11-27T08:56:14.940+0000] {dagbag.py:538} INFO - Filling up the DagBag from /opt/airflow/dags/01_data_fetch_mkCHtbls.py
[2025-11-27T08:56:22.796+0000] {processor.py:840} INFO - DAG(s) 'fetch_data' retrieved from /opt/airflow/dags/01_data_fetch_mkCHtbls.py
[2025-11-27T08:56:22.857+0000] {logging_mixin.py:188} INFO - [2025-11-27T08:56:22.856+0000] {dag.py:3036} INFO - Sync 1 DAGs
[2025-11-27T08:56:22.975+0000] {logging_mixin.py:188} INFO - [2025-11-27T08:56:22.975+0000] {dag.py:3823} INFO - Setting next_dagrun for fetch_data to 2025-11-27 00:00:00+00:00, run_after=2025-11-28 00:00:00+00:00
[2025-11-27T08:56:23.070+0000] {processor.py:183} INFO - Processing /opt/airflow/dags/01_data_fetch_mkCHtbls.py took 8.151 seconds
[2025-11-27T08:56:53.551+0000] {processor.py:161} INFO - Started process (PID=6319) to work on /opt/airflow/dags/01_data_fetch_mkCHtbls.py
[2025-11-27T08:56:53.554+0000] {processor.py:830} INFO - Processing file /opt/airflow/dags/01_data_fetch_mkCHtbls.py for tasks to queue
[2025-11-27T08:56:53.557+0000] {logging_mixin.py:188} INFO - [2025-11-27T08:56:53.556+0000] {dagbag.py:538} INFO - Filling up the DagBag from /opt/airflow/dags/01_data_fetch_mkCHtbls.py
[2025-11-27T08:57:01.865+0000] {processor.py:840} INFO - DAG(s) 'fetch_data' retrieved from /opt/airflow/dags/01_data_fetch_mkCHtbls.py
[2025-11-27T08:57:01.926+0000] {logging_mixin.py:188} INFO - [2025-11-27T08:57:01.925+0000] {dag.py:3036} INFO - Sync 1 DAGs
[2025-11-27T08:57:01.978+0000] {logging_mixin.py:188} INFO - [2025-11-27T08:57:01.977+0000] {dag.py:3823} INFO - Setting next_dagrun for fetch_data to 2025-11-27 00:00:00+00:00, run_after=2025-11-28 00:00:00+00:00
[2025-11-27T08:57:02.019+0000] {processor.py:183} INFO - Processing /opt/airflow/dags/01_data_fetch_mkCHtbls.py took 8.477 seconds
[2025-11-27T08:57:32.166+0000] {processor.py:161} INFO - Started process (PID=6389) to work on /opt/airflow/dags/01_data_fetch_mkCHtbls.py
[2025-11-27T08:57:32.169+0000] {processor.py:830} INFO - Processing file /opt/airflow/dags/01_data_fetch_mkCHtbls.py for tasks to queue
[2025-11-27T08:57:32.173+0000] {logging_mixin.py:188} INFO - [2025-11-27T08:57:32.172+0000] {dagbag.py:538} INFO - Filling up the DagBag from /opt/airflow/dags/01_data_fetch_mkCHtbls.py
[2025-11-27T08:57:39.681+0000] {processor.py:840} INFO - DAG(s) 'fetch_data' retrieved from /opt/airflow/dags/01_data_fetch_mkCHtbls.py
[2025-11-27T08:57:39.743+0000] {logging_mixin.py:188} INFO - [2025-11-27T08:57:39.743+0000] {dag.py:3036} INFO - Sync 1 DAGs
[2025-11-27T08:57:39.800+0000] {logging_mixin.py:188} INFO - [2025-11-27T08:57:39.800+0000] {dag.py:3823} INFO - Setting next_dagrun for fetch_data to 2025-11-27 00:00:00+00:00, run_after=2025-11-28 00:00:00+00:00
[2025-11-27T08:57:39.854+0000] {processor.py:183} INFO - Processing /opt/airflow/dags/01_data_fetch_mkCHtbls.py took 7.696 seconds
[2025-11-27T08:58:10.162+0000] {processor.py:161} INFO - Started process (PID=6464) to work on /opt/airflow/dags/01_data_fetch_mkCHtbls.py
[2025-11-27T08:58:10.165+0000] {processor.py:830} INFO - Processing file /opt/airflow/dags/01_data_fetch_mkCHtbls.py for tasks to queue
[2025-11-27T08:58:10.168+0000] {logging_mixin.py:188} INFO - [2025-11-27T08:58:10.167+0000] {dagbag.py:538} INFO - Filling up the DagBag from /opt/airflow/dags/01_data_fetch_mkCHtbls.py
[2025-11-27T08:58:18.871+0000] {processor.py:840} INFO - DAG(s) 'fetch_data' retrieved from /opt/airflow/dags/01_data_fetch_mkCHtbls.py
[2025-11-27T08:58:18.940+0000] {logging_mixin.py:188} INFO - [2025-11-27T08:58:18.940+0000] {dag.py:3036} INFO - Sync 1 DAGs
[2025-11-27T08:58:18.993+0000] {logging_mixin.py:188} INFO - [2025-11-27T08:58:18.993+0000] {dag.py:3823} INFO - Setting next_dagrun for fetch_data to 2025-11-27 00:00:00+00:00, run_after=2025-11-28 00:00:00+00:00
[2025-11-27T08:58:19.038+0000] {processor.py:183} INFO - Processing /opt/airflow/dags/01_data_fetch_mkCHtbls.py took 8.886 seconds
[2025-11-27T08:58:49.392+0000] {processor.py:161} INFO - Started process (PID=6555) to work on /opt/airflow/dags/01_data_fetch_mkCHtbls.py
[2025-11-27T08:58:49.395+0000] {processor.py:830} INFO - Processing file /opt/airflow/dags/01_data_fetch_mkCHtbls.py for tasks to queue
[2025-11-27T08:58:49.399+0000] {logging_mixin.py:188} INFO - [2025-11-27T08:58:49.398+0000] {dagbag.py:538} INFO - Filling up the DagBag from /opt/airflow/dags/01_data_fetch_mkCHtbls.py
[2025-11-27T08:58:57.497+0000] {processor.py:840} INFO - DAG(s) 'fetch_data' retrieved from /opt/airflow/dags/01_data_fetch_mkCHtbls.py
[2025-11-27T08:58:57.569+0000] {logging_mixin.py:188} INFO - [2025-11-27T08:58:57.568+0000] {dag.py:3036} INFO - Sync 1 DAGs
[2025-11-27T08:58:57.616+0000] {logging_mixin.py:188} INFO - [2025-11-27T08:58:57.616+0000] {dag.py:3823} INFO - Setting next_dagrun for fetch_data to 2025-11-27 00:00:00+00:00, run_after=2025-11-28 00:00:00+00:00
[2025-11-27T08:58:57.666+0000] {processor.py:183} INFO - Processing /opt/airflow/dags/01_data_fetch_mkCHtbls.py took 8.282 seconds
[2025-11-27T08:59:27.790+0000] {processor.py:161} INFO - Started process (PID=6645) to work on /opt/airflow/dags/01_data_fetch_mkCHtbls.py
[2025-11-27T08:59:27.792+0000] {processor.py:830} INFO - Processing file /opt/airflow/dags/01_data_fetch_mkCHtbls.py for tasks to queue
[2025-11-27T08:59:27.796+0000] {logging_mixin.py:188} INFO - [2025-11-27T08:59:27.794+0000] {dagbag.py:538} INFO - Filling up the DagBag from /opt/airflow/dags/01_data_fetch_mkCHtbls.py
[2025-11-27T08:59:36.469+0000] {processor.py:840} INFO - DAG(s) 'fetch_data' retrieved from /opt/airflow/dags/01_data_fetch_mkCHtbls.py
[2025-11-27T08:59:36.528+0000] {logging_mixin.py:188} INFO - [2025-11-27T08:59:36.528+0000] {dag.py:3036} INFO - Sync 1 DAGs
[2025-11-27T08:59:36.577+0000] {logging_mixin.py:188} INFO - [2025-11-27T08:59:36.577+0000] {dag.py:3823} INFO - Setting next_dagrun for fetch_data to 2025-11-27 00:00:00+00:00, run_after=2025-11-28 00:00:00+00:00
[2025-11-27T08:59:36.644+0000] {processor.py:183} INFO - Processing /opt/airflow/dags/01_data_fetch_mkCHtbls.py took 8.864 seconds
[2025-11-27T09:00:07.378+0000] {processor.py:161} INFO - Started process (PID=6715) to work on /opt/airflow/dags/01_data_fetch_mkCHtbls.py
[2025-11-27T09:00:07.380+0000] {processor.py:830} INFO - Processing file /opt/airflow/dags/01_data_fetch_mkCHtbls.py for tasks to queue
[2025-11-27T09:00:07.383+0000] {logging_mixin.py:188} INFO - [2025-11-27T09:00:07.383+0000] {dagbag.py:538} INFO - Filling up the DagBag from /opt/airflow/dags/01_data_fetch_mkCHtbls.py
[2025-11-27T09:00:15.518+0000] {processor.py:840} INFO - DAG(s) 'fetch_data' retrieved from /opt/airflow/dags/01_data_fetch_mkCHtbls.py
[2025-11-27T09:00:15.636+0000] {logging_mixin.py:188} INFO - [2025-11-27T09:00:15.635+0000] {dag.py:3036} INFO - Sync 1 DAGs
[2025-11-27T09:00:15.707+0000] {logging_mixin.py:188} INFO - [2025-11-27T09:00:15.706+0000] {dag.py:3823} INFO - Setting next_dagrun for fetch_data to 2025-11-27 00:00:00+00:00, run_after=2025-11-28 00:00:00+00:00
[2025-11-27T09:00:15.804+0000] {processor.py:183} INFO - Processing /opt/airflow/dags/01_data_fetch_mkCHtbls.py took 8.432 seconds
[2025-11-27T09:00:46.196+0000] {processor.py:161} INFO - Started process (PID=6790) to work on /opt/airflow/dags/01_data_fetch_mkCHtbls.py
[2025-11-27T09:00:46.199+0000] {processor.py:830} INFO - Processing file /opt/airflow/dags/01_data_fetch_mkCHtbls.py for tasks to queue
[2025-11-27T09:00:46.202+0000] {logging_mixin.py:188} INFO - [2025-11-27T09:00:46.201+0000] {dagbag.py:538} INFO - Filling up the DagBag from /opt/airflow/dags/01_data_fetch_mkCHtbls.py
[2025-11-27T09:00:53.766+0000] {processor.py:840} INFO - DAG(s) 'fetch_data' retrieved from /opt/airflow/dags/01_data_fetch_mkCHtbls.py
[2025-11-27T09:00:53.823+0000] {logging_mixin.py:188} INFO - [2025-11-27T09:00:53.823+0000] {dag.py:3036} INFO - Sync 1 DAGs
[2025-11-27T09:00:53.874+0000] {logging_mixin.py:188} INFO - [2025-11-27T09:00:53.873+0000] {dag.py:3823} INFO - Setting next_dagrun for fetch_data to 2025-11-27 00:00:00+00:00, run_after=2025-11-28 00:00:00+00:00
[2025-11-27T09:00:53.930+0000] {processor.py:183} INFO - Processing /opt/airflow/dags/01_data_fetch_mkCHtbls.py took 7.744 seconds
[2025-11-27T09:01:24.138+0000] {processor.py:161} INFO - Started process (PID=6860) to work on /opt/airflow/dags/01_data_fetch_mkCHtbls.py
[2025-11-27T09:01:24.141+0000] {processor.py:830} INFO - Processing file /opt/airflow/dags/01_data_fetch_mkCHtbls.py for tasks to queue
[2025-11-27T09:01:24.144+0000] {logging_mixin.py:188} INFO - [2025-11-27T09:01:24.143+0000] {dagbag.py:538} INFO - Filling up the DagBag from /opt/airflow/dags/01_data_fetch_mkCHtbls.py
[2025-11-27T09:01:31.857+0000] {processor.py:840} INFO - DAG(s) 'fetch_data' retrieved from /opt/airflow/dags/01_data_fetch_mkCHtbls.py
[2025-11-27T09:01:31.920+0000] {logging_mixin.py:188} INFO - [2025-11-27T09:01:31.920+0000] {dag.py:3036} INFO - Sync 1 DAGs
[2025-11-27T09:01:31.967+0000] {logging_mixin.py:188} INFO - [2025-11-27T09:01:31.967+0000] {dag.py:3823} INFO - Setting next_dagrun for fetch_data to 2025-11-27 00:00:00+00:00, run_after=2025-11-28 00:00:00+00:00
[2025-11-27T09:01:32.024+0000] {processor.py:183} INFO - Processing /opt/airflow/dags/01_data_fetch_mkCHtbls.py took 7.896 seconds
[2025-11-27T09:02:02.917+0000] {processor.py:161} INFO - Started process (PID=6971) to work on /opt/airflow/dags/01_data_fetch_mkCHtbls.py
[2025-11-27T09:02:02.921+0000] {processor.py:830} INFO - Processing file /opt/airflow/dags/01_data_fetch_mkCHtbls.py for tasks to queue
[2025-11-27T09:02:02.924+0000] {logging_mixin.py:188} INFO - [2025-11-27T09:02:02.923+0000] {dagbag.py:538} INFO - Filling up the DagBag from /opt/airflow/dags/01_data_fetch_mkCHtbls.py
[2025-11-27T09:02:11.088+0000] {processor.py:840} INFO - DAG(s) 'fetch_data' retrieved from /opt/airflow/dags/01_data_fetch_mkCHtbls.py
[2025-11-27T09:02:11.150+0000] {logging_mixin.py:188} INFO - [2025-11-27T09:02:11.149+0000] {dag.py:3036} INFO - Sync 1 DAGs
[2025-11-27T09:02:11.210+0000] {logging_mixin.py:188} INFO - [2025-11-27T09:02:11.208+0000] {dag.py:3823} INFO - Setting next_dagrun for fetch_data to 2025-11-27 00:00:00+00:00, run_after=2025-11-28 00:00:00+00:00
[2025-11-27T09:02:11.267+0000] {processor.py:183} INFO - Processing /opt/airflow/dags/01_data_fetch_mkCHtbls.py took 8.361 seconds
[2025-11-27T09:02:41.482+0000] {processor.py:161} INFO - Started process (PID=7041) to work on /opt/airflow/dags/01_data_fetch_mkCHtbls.py
[2025-11-27T09:02:41.484+0000] {processor.py:830} INFO - Processing file /opt/airflow/dags/01_data_fetch_mkCHtbls.py for tasks to queue
[2025-11-27T09:02:41.486+0000] {logging_mixin.py:188} INFO - [2025-11-27T09:02:41.485+0000] {dagbag.py:538} INFO - Filling up the DagBag from /opt/airflow/dags/01_data_fetch_mkCHtbls.py
[2025-11-27T09:02:51.165+0000] {processor.py:840} INFO - DAG(s) 'fetch_data' retrieved from /opt/airflow/dags/01_data_fetch_mkCHtbls.py
[2025-11-27T09:02:51.256+0000] {logging_mixin.py:188} INFO - [2025-11-27T09:02:51.255+0000] {dag.py:3036} INFO - Sync 1 DAGs
[2025-11-27T09:02:51.316+0000] {logging_mixin.py:188} INFO - [2025-11-27T09:02:51.315+0000] {dag.py:3823} INFO - Setting next_dagrun for fetch_data to 2025-11-27 00:00:00+00:00, run_after=2025-11-28 00:00:00+00:00
[2025-11-27T09:02:51.374+0000] {processor.py:183} INFO - Processing /opt/airflow/dags/01_data_fetch_mkCHtbls.py took 9.900 seconds
[2025-11-27T09:03:21.545+0000] {processor.py:161} INFO - Started process (PID=7116) to work on /opt/airflow/dags/01_data_fetch_mkCHtbls.py
[2025-11-27T09:03:21.548+0000] {processor.py:830} INFO - Processing file /opt/airflow/dags/01_data_fetch_mkCHtbls.py for tasks to queue
[2025-11-27T09:03:21.550+0000] {logging_mixin.py:188} INFO - [2025-11-27T09:03:21.550+0000] {dagbag.py:538} INFO - Filling up the DagBag from /opt/airflow/dags/01_data_fetch_mkCHtbls.py
[2025-11-27T09:03:28.968+0000] {processor.py:840} INFO - DAG(s) 'fetch_data' retrieved from /opt/airflow/dags/01_data_fetch_mkCHtbls.py
[2025-11-27T09:03:29.029+0000] {logging_mixin.py:188} INFO - [2025-11-27T09:03:29.029+0000] {dag.py:3036} INFO - Sync 1 DAGs
[2025-11-27T09:03:29.100+0000] {logging_mixin.py:188} INFO - [2025-11-27T09:03:29.099+0000] {dag.py:3823} INFO - Setting next_dagrun for fetch_data to 2025-11-27 00:00:00+00:00, run_after=2025-11-28 00:00:00+00:00
[2025-11-27T09:03:29.173+0000] {processor.py:183} INFO - Processing /opt/airflow/dags/01_data_fetch_mkCHtbls.py took 7.637 seconds
[2025-11-27T09:03:59.277+0000] {processor.py:161} INFO - Started process (PID=7186) to work on /opt/airflow/dags/01_data_fetch_mkCHtbls.py
[2025-11-27T09:03:59.279+0000] {processor.py:830} INFO - Processing file /opt/airflow/dags/01_data_fetch_mkCHtbls.py for tasks to queue
[2025-11-27T09:03:59.282+0000] {logging_mixin.py:188} INFO - [2025-11-27T09:03:59.281+0000] {dagbag.py:538} INFO - Filling up the DagBag from /opt/airflow/dags/01_data_fetch_mkCHtbls.py
[2025-11-27T09:04:07.155+0000] {processor.py:840} INFO - DAG(s) 'fetch_data' retrieved from /opt/airflow/dags/01_data_fetch_mkCHtbls.py
[2025-11-27T09:04:07.232+0000] {logging_mixin.py:188} INFO - [2025-11-27T09:04:07.231+0000] {dag.py:3036} INFO - Sync 1 DAGs
[2025-11-27T09:04:07.341+0000] {logging_mixin.py:188} INFO - [2025-11-27T09:04:07.340+0000] {dag.py:3823} INFO - Setting next_dagrun for fetch_data to 2025-11-27 00:00:00+00:00, run_after=2025-11-28 00:00:00+00:00
[2025-11-27T09:04:07.415+0000] {processor.py:183} INFO - Processing /opt/airflow/dags/01_data_fetch_mkCHtbls.py took 8.145 seconds
[2025-11-27T09:04:37.639+0000] {processor.py:161} INFO - Started process (PID=7276) to work on /opt/airflow/dags/01_data_fetch_mkCHtbls.py
[2025-11-27T09:04:37.643+0000] {processor.py:830} INFO - Processing file /opt/airflow/dags/01_data_fetch_mkCHtbls.py for tasks to queue
[2025-11-27T09:04:37.646+0000] {logging_mixin.py:188} INFO - [2025-11-27T09:04:37.645+0000] {dagbag.py:538} INFO - Filling up the DagBag from /opt/airflow/dags/01_data_fetch_mkCHtbls.py
[2025-11-27T09:04:46.139+0000] {processor.py:840} INFO - DAG(s) 'fetch_data' retrieved from /opt/airflow/dags/01_data_fetch_mkCHtbls.py
[2025-11-27T09:04:46.213+0000] {logging_mixin.py:188} INFO - [2025-11-27T09:04:46.213+0000] {dag.py:3036} INFO - Sync 1 DAGs
[2025-11-27T09:04:46.281+0000] {logging_mixin.py:188} INFO - [2025-11-27T09:04:46.280+0000] {dag.py:3823} INFO - Setting next_dagrun for fetch_data to 2025-11-27 00:00:00+00:00, run_after=2025-11-28 00:00:00+00:00
[2025-11-27T09:04:46.341+0000] {processor.py:183} INFO - Processing /opt/airflow/dags/01_data_fetch_mkCHtbls.py took 8.712 seconds
[2025-11-27T09:05:16.795+0000] {processor.py:161} INFO - Started process (PID=7367) to work on /opt/airflow/dags/01_data_fetch_mkCHtbls.py
[2025-11-27T09:05:16.797+0000] {processor.py:830} INFO - Processing file /opt/airflow/dags/01_data_fetch_mkCHtbls.py for tasks to queue
[2025-11-27T09:05:16.799+0000] {logging_mixin.py:188} INFO - [2025-11-27T09:05:16.798+0000] {dagbag.py:538} INFO - Filling up the DagBag from /opt/airflow/dags/01_data_fetch_mkCHtbls.py
[2025-11-27T09:05:25.626+0000] {processor.py:840} INFO - DAG(s) 'fetch_data' retrieved from /opt/airflow/dags/01_data_fetch_mkCHtbls.py
[2025-11-27T09:05:25.685+0000] {logging_mixin.py:188} INFO - [2025-11-27T09:05:25.684+0000] {dag.py:3036} INFO - Sync 1 DAGs
[2025-11-27T09:05:25.748+0000] {logging_mixin.py:188} INFO - [2025-11-27T09:05:25.748+0000] {dag.py:3823} INFO - Setting next_dagrun for fetch_data to 2025-11-27 00:00:00+00:00, run_after=2025-11-28 00:00:00+00:00
[2025-11-27T09:05:25.795+0000] {processor.py:183} INFO - Processing /opt/airflow/dags/01_data_fetch_mkCHtbls.py took 9.008 seconds
[2025-11-27T09:05:56.034+0000] {processor.py:161} INFO - Started process (PID=7442) to work on /opt/airflow/dags/01_data_fetch_mkCHtbls.py
[2025-11-27T09:05:56.037+0000] {processor.py:830} INFO - Processing file /opt/airflow/dags/01_data_fetch_mkCHtbls.py for tasks to queue
[2025-11-27T09:05:56.039+0000] {logging_mixin.py:188} INFO - [2025-11-27T09:05:56.038+0000] {dagbag.py:538} INFO - Filling up the DagBag from /opt/airflow/dags/01_data_fetch_mkCHtbls.py
[2025-11-27T09:06:04.554+0000] {processor.py:840} INFO - DAG(s) 'fetch_data' retrieved from /opt/airflow/dags/01_data_fetch_mkCHtbls.py
[2025-11-27T09:06:04.612+0000] {logging_mixin.py:188} INFO - [2025-11-27T09:06:04.612+0000] {dag.py:3036} INFO - Sync 1 DAGs
[2025-11-27T09:06:04.699+0000] {logging_mixin.py:188} INFO - [2025-11-27T09:06:04.698+0000] {dag.py:3823} INFO - Setting next_dagrun for fetch_data to 2025-11-27 00:00:00+00:00, run_after=2025-11-28 00:00:00+00:00
[2025-11-27T09:06:04.752+0000] {processor.py:183} INFO - Processing /opt/airflow/dags/01_data_fetch_mkCHtbls.py took 8.725 seconds
[2025-11-27T09:06:35.115+0000] {processor.py:161} INFO - Started process (PID=7512) to work on /opt/airflow/dags/01_data_fetch_mkCHtbls.py
[2025-11-27T09:06:35.118+0000] {processor.py:830} INFO - Processing file /opt/airflow/dags/01_data_fetch_mkCHtbls.py for tasks to queue
[2025-11-27T09:06:35.122+0000] {logging_mixin.py:188} INFO - [2025-11-27T09:06:35.121+0000] {dagbag.py:538} INFO - Filling up the DagBag from /opt/airflow/dags/01_data_fetch_mkCHtbls.py
[2025-11-27T09:06:43.519+0000] {processor.py:840} INFO - DAG(s) 'fetch_data' retrieved from /opt/airflow/dags/01_data_fetch_mkCHtbls.py
[2025-11-27T09:06:43.576+0000] {logging_mixin.py:188} INFO - [2025-11-27T09:06:43.575+0000] {dag.py:3036} INFO - Sync 1 DAGs
[2025-11-27T09:06:43.637+0000] {logging_mixin.py:188} INFO - [2025-11-27T09:06:43.635+0000] {dag.py:3823} INFO - Setting next_dagrun for fetch_data to 2025-11-27 00:00:00+00:00, run_after=2025-11-28 00:00:00+00:00
[2025-11-27T09:06:43.715+0000] {processor.py:183} INFO - Processing /opt/airflow/dags/01_data_fetch_mkCHtbls.py took 8.611 seconds
[2025-11-27T09:07:13.827+0000] {processor.py:161} INFO - Started process (PID=7602) to work on /opt/airflow/dags/01_data_fetch_mkCHtbls.py
[2025-11-27T09:07:13.829+0000] {processor.py:830} INFO - Processing file /opt/airflow/dags/01_data_fetch_mkCHtbls.py for tasks to queue
[2025-11-27T09:07:13.831+0000] {logging_mixin.py:188} INFO - [2025-11-27T09:07:13.830+0000] {dagbag.py:538} INFO - Filling up the DagBag from /opt/airflow/dags/01_data_fetch_mkCHtbls.py
[2025-11-27T09:07:22.081+0000] {processor.py:840} INFO - DAG(s) 'fetch_data' retrieved from /opt/airflow/dags/01_data_fetch_mkCHtbls.py
[2025-11-27T09:07:22.150+0000] {logging_mixin.py:188} INFO - [2025-11-27T09:07:22.149+0000] {dag.py:3036} INFO - Sync 1 DAGs
[2025-11-27T09:07:22.198+0000] {logging_mixin.py:188} INFO - [2025-11-27T09:07:22.197+0000] {dag.py:3823} INFO - Setting next_dagrun for fetch_data to 2025-11-27 00:00:00+00:00, run_after=2025-11-28 00:00:00+00:00
[2025-11-27T09:07:22.252+0000] {processor.py:183} INFO - Processing /opt/airflow/dags/01_data_fetch_mkCHtbls.py took 8.432 seconds
[2025-11-27T09:07:53.198+0000] {processor.py:161} INFO - Started process (PID=7698) to work on /opt/airflow/dags/01_data_fetch_mkCHtbls.py
[2025-11-27T09:07:53.200+0000] {processor.py:830} INFO - Processing file /opt/airflow/dags/01_data_fetch_mkCHtbls.py for tasks to queue
[2025-11-27T09:07:53.203+0000] {logging_mixin.py:188} INFO - [2025-11-27T09:07:53.202+0000] {dagbag.py:538} INFO - Filling up the DagBag from /opt/airflow/dags/01_data_fetch_mkCHtbls.py
[2025-11-27T09:08:02.041+0000] {processor.py:840} INFO - DAG(s) 'fetch_data' retrieved from /opt/airflow/dags/01_data_fetch_mkCHtbls.py
[2025-11-27T09:08:02.101+0000] {logging_mixin.py:188} INFO - [2025-11-27T09:08:02.101+0000] {dag.py:3036} INFO - Sync 1 DAGs
[2025-11-27T09:08:02.158+0000] {logging_mixin.py:188} INFO - [2025-11-27T09:08:02.158+0000] {dag.py:3823} INFO - Setting next_dagrun for fetch_data to 2025-11-27 00:00:00+00:00, run_after=2025-11-28 00:00:00+00:00
[2025-11-27T09:08:02.214+0000] {processor.py:183} INFO - Processing /opt/airflow/dags/01_data_fetch_mkCHtbls.py took 9.023 seconds
[2025-11-27T09:08:33.000+0000] {processor.py:161} INFO - Started process (PID=7768) to work on /opt/airflow/dags/01_data_fetch_mkCHtbls.py
[2025-11-27T09:08:33.005+0000] {processor.py:830} INFO - Processing file /opt/airflow/dags/01_data_fetch_mkCHtbls.py for tasks to queue
[2025-11-27T09:08:33.013+0000] {logging_mixin.py:188} INFO - [2025-11-27T09:08:33.010+0000] {dagbag.py:538} INFO - Filling up the DagBag from /opt/airflow/dags/01_data_fetch_mkCHtbls.py
[2025-11-27T09:08:41.335+0000] {processor.py:840} INFO - DAG(s) 'fetch_data' retrieved from /opt/airflow/dags/01_data_fetch_mkCHtbls.py
[2025-11-27T09:08:41.424+0000] {logging_mixin.py:188} INFO - [2025-11-27T09:08:41.423+0000] {dag.py:3036} INFO - Sync 1 DAGs
[2025-11-27T09:08:41.496+0000] {logging_mixin.py:188} INFO - [2025-11-27T09:08:41.495+0000] {dag.py:3823} INFO - Setting next_dagrun for fetch_data to 2025-11-27 00:00:00+00:00, run_after=2025-11-28 00:00:00+00:00
[2025-11-27T09:08:41.564+0000] {processor.py:183} INFO - Processing /opt/airflow/dags/01_data_fetch_mkCHtbls.py took 8.573 seconds
[2025-11-27T09:09:12.038+0000] {processor.py:161} INFO - Started process (PID=7838) to work on /opt/airflow/dags/01_data_fetch_mkCHtbls.py
[2025-11-27T09:09:12.043+0000] {processor.py:830} INFO - Processing file /opt/airflow/dags/01_data_fetch_mkCHtbls.py for tasks to queue
[2025-11-27T09:09:12.048+0000] {logging_mixin.py:188} INFO - [2025-11-27T09:09:12.047+0000] {dagbag.py:538} INFO - Filling up the DagBag from /opt/airflow/dags/01_data_fetch_mkCHtbls.py
[2025-11-27T09:09:20.005+0000] {processor.py:840} INFO - DAG(s) 'fetch_data' retrieved from /opt/airflow/dags/01_data_fetch_mkCHtbls.py
[2025-11-27T09:09:20.072+0000] {logging_mixin.py:188} INFO - [2025-11-27T09:09:20.072+0000] {dag.py:3036} INFO - Sync 1 DAGs
[2025-11-27T09:09:20.125+0000] {logging_mixin.py:188} INFO - [2025-11-27T09:09:20.124+0000] {dag.py:3823} INFO - Setting next_dagrun for fetch_data to 2025-11-27 00:00:00+00:00, run_after=2025-11-28 00:00:00+00:00
[2025-11-27T09:09:20.167+0000] {processor.py:183} INFO - Processing /opt/airflow/dags/01_data_fetch_mkCHtbls.py took 8.144 seconds
[2025-11-27T09:09:50.446+0000] {processor.py:161} INFO - Started process (PID=7928) to work on /opt/airflow/dags/01_data_fetch_mkCHtbls.py
[2025-11-27T09:09:50.451+0000] {processor.py:830} INFO - Processing file /opt/airflow/dags/01_data_fetch_mkCHtbls.py for tasks to queue
[2025-11-27T09:09:50.457+0000] {logging_mixin.py:188} INFO - [2025-11-27T09:09:50.455+0000] {dagbag.py:538} INFO - Filling up the DagBag from /opt/airflow/dags/01_data_fetch_mkCHtbls.py
[2025-11-27T09:09:59.292+0000] {processor.py:840} INFO - DAG(s) 'fetch_data' retrieved from /opt/airflow/dags/01_data_fetch_mkCHtbls.py
[2025-11-27T09:09:59.348+0000] {logging_mixin.py:188} INFO - [2025-11-27T09:09:59.347+0000] {dag.py:3036} INFO - Sync 1 DAGs
[2025-11-27T09:09:59.404+0000] {logging_mixin.py:188} INFO - [2025-11-27T09:09:59.403+0000] {dag.py:3823} INFO - Setting next_dagrun for fetch_data to 2025-11-27 00:00:00+00:00, run_after=2025-11-28 00:00:00+00:00
[2025-11-27T09:09:59.458+0000] {processor.py:183} INFO - Processing /opt/airflow/dags/01_data_fetch_mkCHtbls.py took 9.029 seconds
[2025-11-27T09:10:29.793+0000] {processor.py:161} INFO - Started process (PID=8022) to work on /opt/airflow/dags/01_data_fetch_mkCHtbls.py
[2025-11-27T09:10:29.796+0000] {processor.py:830} INFO - Processing file /opt/airflow/dags/01_data_fetch_mkCHtbls.py for tasks to queue
[2025-11-27T09:10:29.798+0000] {logging_mixin.py:188} INFO - [2025-11-27T09:10:29.797+0000] {dagbag.py:538} INFO - Filling up the DagBag from /opt/airflow/dags/01_data_fetch_mkCHtbls.py
[2025-11-27T09:10:38.370+0000] {processor.py:840} INFO - DAG(s) 'fetch_data' retrieved from /opt/airflow/dags/01_data_fetch_mkCHtbls.py
[2025-11-27T09:10:38.502+0000] {logging_mixin.py:188} INFO - [2025-11-27T09:10:38.501+0000] {dag.py:3036} INFO - Sync 1 DAGs
[2025-11-27T09:10:38.604+0000] {logging_mixin.py:188} INFO - [2025-11-27T09:10:38.603+0000] {dag.py:3823} INFO - Setting next_dagrun for fetch_data to 2025-11-27 00:00:00+00:00, run_after=2025-11-28 00:00:00+00:00
[2025-11-27T09:10:38.678+0000] {processor.py:183} INFO - Processing /opt/airflow/dags/01_data_fetch_mkCHtbls.py took 8.893 seconds
[2025-11-27T09:11:09.042+0000] {processor.py:161} INFO - Started process (PID=8094) to work on /opt/airflow/dags/01_data_fetch_mkCHtbls.py
[2025-11-27T09:11:09.047+0000] {processor.py:830} INFO - Processing file /opt/airflow/dags/01_data_fetch_mkCHtbls.py for tasks to queue
[2025-11-27T09:11:09.050+0000] {logging_mixin.py:188} INFO - [2025-11-27T09:11:09.049+0000] {dagbag.py:538} INFO - Filling up the DagBag from /opt/airflow/dags/01_data_fetch_mkCHtbls.py
[2025-11-27T09:11:16.938+0000] {processor.py:840} INFO - DAG(s) 'fetch_data' retrieved from /opt/airflow/dags/01_data_fetch_mkCHtbls.py
[2025-11-27T09:11:17.013+0000] {logging_mixin.py:188} INFO - [2025-11-27T09:11:17.013+0000] {dag.py:3036} INFO - Sync 1 DAGs
[2025-11-27T09:11:17.059+0000] {logging_mixin.py:188} INFO - [2025-11-27T09:11:17.058+0000] {dag.py:3823} INFO - Setting next_dagrun for fetch_data to 2025-11-27 00:00:00+00:00, run_after=2025-11-28 00:00:00+00:00
[2025-11-27T09:11:17.115+0000] {processor.py:183} INFO - Processing /opt/airflow/dags/01_data_fetch_mkCHtbls.py took 8.090 seconds
[2025-11-27T09:11:47.409+0000] {processor.py:161} INFO - Started process (PID=8184) to work on /opt/airflow/dags/01_data_fetch_mkCHtbls.py
[2025-11-27T09:11:47.412+0000] {processor.py:830} INFO - Processing file /opt/airflow/dags/01_data_fetch_mkCHtbls.py for tasks to queue
[2025-11-27T09:11:47.416+0000] {logging_mixin.py:188} INFO - [2025-11-27T09:11:47.415+0000] {dagbag.py:538} INFO - Filling up the DagBag from /opt/airflow/dags/01_data_fetch_mkCHtbls.py
[2025-11-27T09:11:56.101+0000] {processor.py:840} INFO - DAG(s) 'fetch_data' retrieved from /opt/airflow/dags/01_data_fetch_mkCHtbls.py
[2025-11-27T09:11:56.163+0000] {logging_mixin.py:188} INFO - [2025-11-27T09:11:56.162+0000] {dag.py:3036} INFO - Sync 1 DAGs
[2025-11-27T09:11:56.210+0000] {logging_mixin.py:188} INFO - [2025-11-27T09:11:56.209+0000] {dag.py:3823} INFO - Setting next_dagrun for fetch_data to 2025-11-27 00:00:00+00:00, run_after=2025-11-28 00:00:00+00:00
[2025-11-27T09:11:56.274+0000] {processor.py:183} INFO - Processing /opt/airflow/dags/01_data_fetch_mkCHtbls.py took 8.872 seconds
[2025-11-27T09:12:27.090+0000] {processor.py:161} INFO - Started process (PID=8254) to work on /opt/airflow/dags/01_data_fetch_mkCHtbls.py
[2025-11-27T09:12:27.093+0000] {processor.py:830} INFO - Processing file /opt/airflow/dags/01_data_fetch_mkCHtbls.py for tasks to queue
[2025-11-27T09:12:27.096+0000] {logging_mixin.py:188} INFO - [2025-11-27T09:12:27.095+0000] {dagbag.py:538} INFO - Filling up the DagBag from /opt/airflow/dags/01_data_fetch_mkCHtbls.py
[2025-11-27T09:12:34.970+0000] {processor.py:840} INFO - DAG(s) 'fetch_data' retrieved from /opt/airflow/dags/01_data_fetch_mkCHtbls.py
[2025-11-27T09:12:35.029+0000] {logging_mixin.py:188} INFO - [2025-11-27T09:12:35.029+0000] {dag.py:3036} INFO - Sync 1 DAGs
[2025-11-27T09:12:35.140+0000] {logging_mixin.py:188} INFO - [2025-11-27T09:12:35.139+0000] {dag.py:3823} INFO - Setting next_dagrun for fetch_data to 2025-11-27 00:00:00+00:00, run_after=2025-11-28 00:00:00+00:00
[2025-11-27T09:12:35.217+0000] {processor.py:183} INFO - Processing /opt/airflow/dags/01_data_fetch_mkCHtbls.py took 8.136 seconds
[2025-11-27T09:13:05.387+0000] {processor.py:161} INFO - Started process (PID=8329) to work on /opt/airflow/dags/01_data_fetch_mkCHtbls.py
[2025-11-27T09:13:05.389+0000] {processor.py:830} INFO - Processing file /opt/airflow/dags/01_data_fetch_mkCHtbls.py for tasks to queue
[2025-11-27T09:13:05.392+0000] {logging_mixin.py:188} INFO - [2025-11-27T09:13:05.391+0000] {dagbag.py:538} INFO - Filling up the DagBag from /opt/airflow/dags/01_data_fetch_mkCHtbls.py
[2025-11-27T09:13:14.217+0000] {processor.py:840} INFO - DAG(s) 'fetch_data' retrieved from /opt/airflow/dags/01_data_fetch_mkCHtbls.py
[2025-11-27T09:13:14.276+0000] {logging_mixin.py:188} INFO - [2025-11-27T09:13:14.276+0000] {dag.py:3036} INFO - Sync 1 DAGs
[2025-11-27T09:13:14.327+0000] {logging_mixin.py:188} INFO - [2025-11-27T09:13:14.327+0000] {dag.py:3823} INFO - Setting next_dagrun for fetch_data to 2025-11-27 00:00:00+00:00, run_after=2025-11-28 00:00:00+00:00
[2025-11-27T09:13:14.378+0000] {processor.py:183} INFO - Processing /opt/airflow/dags/01_data_fetch_mkCHtbls.py took 9.000 seconds
[2025-11-27T09:13:44.856+0000] {processor.py:161} INFO - Started process (PID=8420) to work on /opt/airflow/dags/01_data_fetch_mkCHtbls.py
[2025-11-27T09:13:44.859+0000] {processor.py:830} INFO - Processing file /opt/airflow/dags/01_data_fetch_mkCHtbls.py for tasks to queue
[2025-11-27T09:13:44.863+0000] {logging_mixin.py:188} INFO - [2025-11-27T09:13:44.862+0000] {dagbag.py:538} INFO - Filling up the DagBag from /opt/airflow/dags/01_data_fetch_mkCHtbls.py
[2025-11-27T09:13:53.144+0000] {processor.py:840} INFO - DAG(s) 'fetch_data' retrieved from /opt/airflow/dags/01_data_fetch_mkCHtbls.py
[2025-11-27T09:13:53.251+0000] {logging_mixin.py:188} INFO - [2025-11-27T09:13:53.250+0000] {dag.py:3036} INFO - Sync 1 DAGs
[2025-11-27T09:13:53.354+0000] {logging_mixin.py:188} INFO - [2025-11-27T09:13:53.352+0000] {dag.py:3823} INFO - Setting next_dagrun for fetch_data to 2025-11-27 00:00:00+00:00, run_after=2025-11-28 00:00:00+00:00
[2025-11-27T09:13:53.431+0000] {processor.py:183} INFO - Processing /opt/airflow/dags/01_data_fetch_mkCHtbls.py took 8.588 seconds
[2025-11-27T09:14:23.880+0000] {processor.py:161} INFO - Started process (PID=8510) to work on /opt/airflow/dags/01_data_fetch_mkCHtbls.py
[2025-11-27T09:14:23.885+0000] {processor.py:830} INFO - Processing file /opt/airflow/dags/01_data_fetch_mkCHtbls.py for tasks to queue
[2025-11-27T09:14:23.889+0000] {logging_mixin.py:188} INFO - [2025-11-27T09:14:23.887+0000] {dagbag.py:538} INFO - Filling up the DagBag from /opt/airflow/dags/01_data_fetch_mkCHtbls.py
[2025-11-27T09:14:35.610+0000] {processor.py:840} INFO - DAG(s) 'fetch_data' retrieved from /opt/airflow/dags/01_data_fetch_mkCHtbls.py
[2025-11-27T09:14:35.701+0000] {logging_mixin.py:188} INFO - [2025-11-27T09:14:35.700+0000] {dag.py:3036} INFO - Sync 1 DAGs
[2025-11-27T09:14:35.796+0000] {logging_mixin.py:188} INFO - [2025-11-27T09:14:35.794+0000] {dag.py:3823} INFO - Setting next_dagrun for fetch_data to 2025-11-27 00:00:00+00:00, run_after=2025-11-28 00:00:00+00:00
[2025-11-27T09:14:35.910+0000] {processor.py:183} INFO - Processing /opt/airflow/dags/01_data_fetch_mkCHtbls.py took 12.046 seconds
[2025-11-27T09:15:06.359+0000] {processor.py:161} INFO - Started process (PID=8585) to work on /opt/airflow/dags/01_data_fetch_mkCHtbls.py
[2025-11-27T09:15:06.362+0000] {processor.py:830} INFO - Processing file /opt/airflow/dags/01_data_fetch_mkCHtbls.py for tasks to queue
[2025-11-27T09:15:06.365+0000] {logging_mixin.py:188} INFO - [2025-11-27T09:15:06.364+0000] {dagbag.py:538} INFO - Filling up the DagBag from /opt/airflow/dags/01_data_fetch_mkCHtbls.py
[2025-11-27T09:15:19.042+0000] {processor.py:840} INFO - DAG(s) 'fetch_data' retrieved from /opt/airflow/dags/01_data_fetch_mkCHtbls.py
[2025-11-27T09:15:19.133+0000] {logging_mixin.py:188} INFO - [2025-11-27T09:15:19.132+0000] {dag.py:3036} INFO - Sync 1 DAGs
[2025-11-27T09:15:19.248+0000] {logging_mixin.py:188} INFO - [2025-11-27T09:15:19.247+0000] {dag.py:3823} INFO - Setting next_dagrun for fetch_data to 2025-11-27 00:00:00+00:00, run_after=2025-11-28 00:00:00+00:00
[2025-11-27T09:15:19.374+0000] {processor.py:183} INFO - Processing /opt/airflow/dags/01_data_fetch_mkCHtbls.py took 13.023 seconds
[2025-11-27T09:15:49.543+0000] {processor.py:161} INFO - Started process (PID=8655) to work on /opt/airflow/dags/01_data_fetch_mkCHtbls.py
[2025-11-27T09:15:49.547+0000] {processor.py:830} INFO - Processing file /opt/airflow/dags/01_data_fetch_mkCHtbls.py for tasks to queue
[2025-11-27T09:15:49.553+0000] {logging_mixin.py:188} INFO - [2025-11-27T09:15:49.551+0000] {dagbag.py:538} INFO - Filling up the DagBag from /opt/airflow/dags/01_data_fetch_mkCHtbls.py
[2025-11-27T09:16:01.713+0000] {processor.py:840} INFO - DAG(s) 'fetch_data' retrieved from /opt/airflow/dags/01_data_fetch_mkCHtbls.py
[2025-11-27T09:16:01.791+0000] {logging_mixin.py:188} INFO - [2025-11-27T09:16:01.790+0000] {dag.py:3036} INFO - Sync 1 DAGs
[2025-11-27T09:16:01.848+0000] {logging_mixin.py:188} INFO - [2025-11-27T09:16:01.848+0000] {dag.py:3823} INFO - Setting next_dagrun for fetch_data to 2025-11-27 00:00:00+00:00, run_after=2025-11-28 00:00:00+00:00
[2025-11-27T09:16:01.932+0000] {processor.py:183} INFO - Processing /opt/airflow/dags/01_data_fetch_mkCHtbls.py took 12.402 seconds
[2025-11-27T09:16:32.735+0000] {processor.py:161} INFO - Started process (PID=8766) to work on /opt/airflow/dags/01_data_fetch_mkCHtbls.py
[2025-11-27T09:16:32.738+0000] {processor.py:830} INFO - Processing file /opt/airflow/dags/01_data_fetch_mkCHtbls.py for tasks to queue
[2025-11-27T09:16:32.743+0000] {logging_mixin.py:188} INFO - [2025-11-27T09:16:32.741+0000] {dagbag.py:538} INFO - Filling up the DagBag from /opt/airflow/dags/01_data_fetch_mkCHtbls.py
[2025-11-27T09:16:45.956+0000] {processor.py:840} INFO - DAG(s) 'fetch_data' retrieved from /opt/airflow/dags/01_data_fetch_mkCHtbls.py
[2025-11-27T09:16:46.032+0000] {logging_mixin.py:188} INFO - [2025-11-27T09:16:46.032+0000] {dag.py:3036} INFO - Sync 1 DAGs
[2025-11-27T09:16:46.118+0000] {logging_mixin.py:188} INFO - [2025-11-27T09:16:46.117+0000] {dag.py:3823} INFO - Setting next_dagrun for fetch_data to 2025-11-27 00:00:00+00:00, run_after=2025-11-28 00:00:00+00:00
[2025-11-27T09:16:46.216+0000] {processor.py:183} INFO - Processing /opt/airflow/dags/01_data_fetch_mkCHtbls.py took 13.491 seconds
[2025-11-27T09:17:16.759+0000] {processor.py:161} INFO - Started process (PID=8841) to work on /opt/airflow/dags/01_data_fetch_mkCHtbls.py
[2025-11-27T09:17:16.763+0000] {processor.py:830} INFO - Processing file /opt/airflow/dags/01_data_fetch_mkCHtbls.py for tasks to queue
[2025-11-27T09:17:16.769+0000] {logging_mixin.py:188} INFO - [2025-11-27T09:17:16.767+0000] {dagbag.py:538} INFO - Filling up the DagBag from /opt/airflow/dags/01_data_fetch_mkCHtbls.py
[2025-11-27T09:17:28.939+0000] {processor.py:840} INFO - DAG(s) 'fetch_data' retrieved from /opt/airflow/dags/01_data_fetch_mkCHtbls.py
[2025-11-27T09:17:29.041+0000] {logging_mixin.py:188} INFO - [2025-11-27T09:17:29.040+0000] {dag.py:3036} INFO - Sync 1 DAGs
[2025-11-27T09:17:29.145+0000] {logging_mixin.py:188} INFO - [2025-11-27T09:17:29.145+0000] {dag.py:3823} INFO - Setting next_dagrun for fetch_data to 2025-11-27 00:00:00+00:00, run_after=2025-11-28 00:00:00+00:00
[2025-11-27T09:17:29.243+0000] {processor.py:183} INFO - Processing /opt/airflow/dags/01_data_fetch_mkCHtbls.py took 12.498 seconds
[2025-11-27T09:17:59.407+0000] {processor.py:161} INFO - Started process (PID=8911) to work on /opt/airflow/dags/01_data_fetch_mkCHtbls.py
[2025-11-27T09:17:59.410+0000] {processor.py:830} INFO - Processing file /opt/airflow/dags/01_data_fetch_mkCHtbls.py for tasks to queue
[2025-11-27T09:17:59.412+0000] {logging_mixin.py:188} INFO - [2025-11-27T09:17:59.411+0000] {dagbag.py:538} INFO - Filling up the DagBag from /opt/airflow/dags/01_data_fetch_mkCHtbls.py
[2025-11-27T09:18:11.056+0000] {processor.py:840} INFO - DAG(s) 'fetch_data' retrieved from /opt/airflow/dags/01_data_fetch_mkCHtbls.py
[2025-11-27T09:18:11.151+0000] {logging_mixin.py:188} INFO - [2025-11-27T09:18:11.150+0000] {dag.py:3036} INFO - Sync 1 DAGs
[2025-11-27T09:18:11.237+0000] {logging_mixin.py:188} INFO - [2025-11-27T09:18:11.236+0000] {dag.py:3823} INFO - Setting next_dagrun for fetch_data to 2025-11-27 00:00:00+00:00, run_after=2025-11-28 00:00:00+00:00
[2025-11-27T09:18:11.292+0000] {processor.py:183} INFO - Processing /opt/airflow/dags/01_data_fetch_mkCHtbls.py took 11.893 seconds
[2025-11-27T09:18:41.444+0000] {processor.py:161} INFO - Started process (PID=9027) to work on /opt/airflow/dags/01_data_fetch_mkCHtbls.py
[2025-11-27T09:18:41.448+0000] {processor.py:830} INFO - Processing file /opt/airflow/dags/01_data_fetch_mkCHtbls.py for tasks to queue
[2025-11-27T09:18:41.453+0000] {logging_mixin.py:188} INFO - [2025-11-27T09:18:41.452+0000] {dagbag.py:538} INFO - Filling up the DagBag from /opt/airflow/dags/01_data_fetch_mkCHtbls.py
[2025-11-27T09:18:55.671+0000] {processor.py:840} INFO - DAG(s) 'fetch_data' retrieved from /opt/airflow/dags/01_data_fetch_mkCHtbls.py
[2025-11-27T09:18:55.801+0000] {logging_mixin.py:188} INFO - [2025-11-27T09:18:55.799+0000] {dag.py:3036} INFO - Sync 1 DAGs
[2025-11-27T09:18:55.905+0000] {logging_mixin.py:188} INFO - [2025-11-27T09:18:55.903+0000] {dag.py:3823} INFO - Setting next_dagrun for fetch_data to 2025-11-27 00:00:00+00:00, run_after=2025-11-28 00:00:00+00:00
[2025-11-27T09:18:56.012+0000] {processor.py:183} INFO - Processing /opt/airflow/dags/01_data_fetch_mkCHtbls.py took 14.578 seconds
[2025-11-27T09:19:26.452+0000] {processor.py:161} INFO - Started process (PID=9097) to work on /opt/airflow/dags/01_data_fetch_mkCHtbls.py
[2025-11-27T09:19:26.456+0000] {processor.py:830} INFO - Processing file /opt/airflow/dags/01_data_fetch_mkCHtbls.py for tasks to queue
[2025-11-27T09:19:26.459+0000] {logging_mixin.py:188} INFO - [2025-11-27T09:19:26.458+0000] {dagbag.py:538} INFO - Filling up the DagBag from /opt/airflow/dags/01_data_fetch_mkCHtbls.py
[2025-11-27T09:19:39.681+0000] {processor.py:840} INFO - DAG(s) 'fetch_data' retrieved from /opt/airflow/dags/01_data_fetch_mkCHtbls.py
[2025-11-27T09:19:39.762+0000] {logging_mixin.py:188} INFO - [2025-11-27T09:19:39.761+0000] {dag.py:3036} INFO - Sync 1 DAGs
[2025-11-27T09:19:39.856+0000] {logging_mixin.py:188} INFO - [2025-11-27T09:19:39.855+0000] {dag.py:3823} INFO - Setting next_dagrun for fetch_data to 2025-11-27 00:00:00+00:00, run_after=2025-11-28 00:00:00+00:00
[2025-11-27T09:19:39.934+0000] {processor.py:183} INFO - Processing /opt/airflow/dags/01_data_fetch_mkCHtbls.py took 13.493 seconds
[2025-11-27T09:20:10.850+0000] {processor.py:161} INFO - Started process (PID=9187) to work on /opt/airflow/dags/01_data_fetch_mkCHtbls.py
[2025-11-27T09:20:10.854+0000] {processor.py:830} INFO - Processing file /opt/airflow/dags/01_data_fetch_mkCHtbls.py for tasks to queue
[2025-11-27T09:20:10.858+0000] {logging_mixin.py:188} INFO - [2025-11-27T09:20:10.857+0000] {dagbag.py:538} INFO - Filling up the DagBag from /opt/airflow/dags/01_data_fetch_mkCHtbls.py
[2025-11-27T09:20:23.897+0000] {processor.py:840} INFO - DAG(s) 'fetch_data' retrieved from /opt/airflow/dags/01_data_fetch_mkCHtbls.py
[2025-11-27T09:20:23.974+0000] {logging_mixin.py:188} INFO - [2025-11-27T09:20:23.974+0000] {dag.py:3036} INFO - Sync 1 DAGs
[2025-11-27T09:20:24.051+0000] {logging_mixin.py:188} INFO - [2025-11-27T09:20:24.050+0000] {dag.py:3823} INFO - Setting next_dagrun for fetch_data to 2025-11-27 00:00:00+00:00, run_after=2025-11-28 00:00:00+00:00
[2025-11-27T09:20:24.123+0000] {processor.py:183} INFO - Processing /opt/airflow/dags/01_data_fetch_mkCHtbls.py took 13.283 seconds
[2025-11-27T09:20:54.376+0000] {processor.py:161} INFO - Started process (PID=9283) to work on /opt/airflow/dags/01_data_fetch_mkCHtbls.py
[2025-11-27T09:20:54.380+0000] {processor.py:830} INFO - Processing file /opt/airflow/dags/01_data_fetch_mkCHtbls.py for tasks to queue
[2025-11-27T09:20:54.385+0000] {logging_mixin.py:188} INFO - [2025-11-27T09:20:54.384+0000] {dagbag.py:538} INFO - Filling up the DagBag from /opt/airflow/dags/01_data_fetch_mkCHtbls.py
[2025-11-27T09:21:06.186+0000] {processor.py:840} INFO - DAG(s) 'fetch_data' retrieved from /opt/airflow/dags/01_data_fetch_mkCHtbls.py
[2025-11-27T09:21:06.266+0000] {logging_mixin.py:188} INFO - [2025-11-27T09:21:06.265+0000] {dag.py:3036} INFO - Sync 1 DAGs
[2025-11-27T09:21:06.346+0000] {logging_mixin.py:188} INFO - [2025-11-27T09:21:06.345+0000] {dag.py:3823} INFO - Setting next_dagrun for fetch_data to 2025-11-27 00:00:00+00:00, run_after=2025-11-28 00:00:00+00:00
[2025-11-27T09:21:06.412+0000] {processor.py:183} INFO - Processing /opt/airflow/dags/01_data_fetch_mkCHtbls.py took 12.048 seconds
[2025-11-27T09:21:36.957+0000] {processor.py:161} INFO - Started process (PID=9353) to work on /opt/airflow/dags/01_data_fetch_mkCHtbls.py
[2025-11-27T09:21:36.960+0000] {processor.py:830} INFO - Processing file /opt/airflow/dags/01_data_fetch_mkCHtbls.py for tasks to queue
[2025-11-27T09:21:36.964+0000] {logging_mixin.py:188} INFO - [2025-11-27T09:21:36.963+0000] {dagbag.py:538} INFO - Filling up the DagBag from /opt/airflow/dags/01_data_fetch_mkCHtbls.py
[2025-11-27T09:21:49.871+0000] {processor.py:840} INFO - DAG(s) 'fetch_data' retrieved from /opt/airflow/dags/01_data_fetch_mkCHtbls.py
[2025-11-27T09:21:49.973+0000] {logging_mixin.py:188} INFO - [2025-11-27T09:21:49.972+0000] {dag.py:3036} INFO - Sync 1 DAGs
[2025-11-27T09:21:50.074+0000] {logging_mixin.py:188} INFO - [2025-11-27T09:21:50.073+0000] {dag.py:3823} INFO - Setting next_dagrun for fetch_data to 2025-11-27 00:00:00+00:00, run_after=2025-11-28 00:00:00+00:00
[2025-11-27T09:21:50.176+0000] {processor.py:183} INFO - Processing /opt/airflow/dags/01_data_fetch_mkCHtbls.py took 13.230 seconds
[2025-11-27T09:22:20.353+0000] {processor.py:161} INFO - Started process (PID=9448) to work on /opt/airflow/dags/01_data_fetch_mkCHtbls.py
[2025-11-27T09:22:20.357+0000] {processor.py:830} INFO - Processing file /opt/airflow/dags/01_data_fetch_mkCHtbls.py for tasks to queue
[2025-11-27T09:22:20.361+0000] {logging_mixin.py:188} INFO - [2025-11-27T09:22:20.360+0000] {dagbag.py:538} INFO - Filling up the DagBag from /opt/airflow/dags/01_data_fetch_mkCHtbls.py
[2025-11-27T09:22:34.363+0000] {processor.py:840} INFO - DAG(s) 'fetch_data' retrieved from /opt/airflow/dags/01_data_fetch_mkCHtbls.py
[2025-11-27T09:22:34.478+0000] {logging_mixin.py:188} INFO - [2025-11-27T09:22:34.477+0000] {dag.py:3036} INFO - Sync 1 DAGs
[2025-11-27T09:22:34.570+0000] {logging_mixin.py:188} INFO - [2025-11-27T09:22:34.569+0000] {dag.py:3823} INFO - Setting next_dagrun for fetch_data to 2025-11-27 00:00:00+00:00, run_after=2025-11-28 00:00:00+00:00
[2025-11-27T09:22:34.672+0000] {processor.py:183} INFO - Processing /opt/airflow/dags/01_data_fetch_mkCHtbls.py took 14.333 seconds
[2025-11-27T09:23:05.251+0000] {processor.py:161} INFO - Started process (PID=9539) to work on /opt/airflow/dags/01_data_fetch_mkCHtbls.py
[2025-11-27T09:23:05.255+0000] {processor.py:830} INFO - Processing file /opt/airflow/dags/01_data_fetch_mkCHtbls.py for tasks to queue
[2025-11-27T09:23:05.260+0000] {logging_mixin.py:188} INFO - [2025-11-27T09:23:05.258+0000] {dagbag.py:538} INFO - Filling up the DagBag from /opt/airflow/dags/01_data_fetch_mkCHtbls.py
[2025-11-27T09:23:17.120+0000] {processor.py:840} INFO - DAG(s) 'fetch_data' retrieved from /opt/airflow/dags/01_data_fetch_mkCHtbls.py
[2025-11-27T09:23:17.221+0000] {logging_mixin.py:188} INFO - [2025-11-27T09:23:17.221+0000] {dag.py:3036} INFO - Sync 1 DAGs
[2025-11-27T09:23:17.317+0000] {logging_mixin.py:188} INFO - [2025-11-27T09:23:17.316+0000] {dag.py:3823} INFO - Setting next_dagrun for fetch_data to 2025-11-27 00:00:00+00:00, run_after=2025-11-28 00:00:00+00:00
[2025-11-27T09:23:17.417+0000] {processor.py:183} INFO - Processing /opt/airflow/dags/01_data_fetch_mkCHtbls.py took 12.175 seconds
[2025-11-27T09:23:47.944+0000] {processor.py:161} INFO - Started process (PID=9634) to work on /opt/airflow/dags/01_data_fetch_mkCHtbls.py
[2025-11-27T09:23:47.950+0000] {processor.py:830} INFO - Processing file /opt/airflow/dags/01_data_fetch_mkCHtbls.py for tasks to queue
[2025-11-27T09:23:47.956+0000] {logging_mixin.py:188} INFO - [2025-11-27T09:23:47.954+0000] {dagbag.py:538} INFO - Filling up the DagBag from /opt/airflow/dags/01_data_fetch_mkCHtbls.py
[2025-11-27T09:24:00.926+0000] {processor.py:840} INFO - DAG(s) 'fetch_data' retrieved from /opt/airflow/dags/01_data_fetch_mkCHtbls.py
[2025-11-27T09:24:01.057+0000] {logging_mixin.py:188} INFO - [2025-11-27T09:24:01.056+0000] {dag.py:3036} INFO - Sync 1 DAGs
[2025-11-27T09:24:01.197+0000] {logging_mixin.py:188} INFO - [2025-11-27T09:24:01.196+0000] {dag.py:3823} INFO - Setting next_dagrun for fetch_data to 2025-11-27 00:00:00+00:00, run_after=2025-11-28 00:00:00+00:00
[2025-11-27T09:24:01.300+0000] {processor.py:183} INFO - Processing /opt/airflow/dags/01_data_fetch_mkCHtbls.py took 13.376 seconds
[2025-11-27T09:24:31.989+0000] {processor.py:161} INFO - Started process (PID=9704) to work on /opt/airflow/dags/01_data_fetch_mkCHtbls.py
[2025-11-27T09:24:31.992+0000] {processor.py:830} INFO - Processing file /opt/airflow/dags/01_data_fetch_mkCHtbls.py for tasks to queue
[2025-11-27T09:24:31.996+0000] {logging_mixin.py:188} INFO - [2025-11-27T09:24:31.995+0000] {dagbag.py:538} INFO - Filling up the DagBag from /opt/airflow/dags/01_data_fetch_mkCHtbls.py
[2025-11-27T09:24:44.402+0000] {processor.py:840} INFO - DAG(s) 'fetch_data' retrieved from /opt/airflow/dags/01_data_fetch_mkCHtbls.py
[2025-11-27T09:24:44.496+0000] {logging_mixin.py:188} INFO - [2025-11-27T09:24:44.495+0000] {dag.py:3036} INFO - Sync 1 DAGs
[2025-11-27T09:24:44.573+0000] {logging_mixin.py:188} INFO - [2025-11-27T09:24:44.572+0000] {dag.py:3823} INFO - Setting next_dagrun for fetch_data to 2025-11-27 00:00:00+00:00, run_after=2025-11-28 00:00:00+00:00
[2025-11-27T09:24:44.657+0000] {processor.py:183} INFO - Processing /opt/airflow/dags/01_data_fetch_mkCHtbls.py took 12.678 seconds
[2025-11-27T09:25:15.233+0000] {processor.py:161} INFO - Started process (PID=9795) to work on /opt/airflow/dags/01_data_fetch_mkCHtbls.py
[2025-11-27T09:25:15.238+0000] {processor.py:830} INFO - Processing file /opt/airflow/dags/01_data_fetch_mkCHtbls.py for tasks to queue
[2025-11-27T09:25:15.241+0000] {logging_mixin.py:188} INFO - [2025-11-27T09:25:15.240+0000] {dagbag.py:538} INFO - Filling up the DagBag from /opt/airflow/dags/01_data_fetch_mkCHtbls.py
[2025-11-27T09:25:28.705+0000] {processor.py:840} INFO - DAG(s) 'fetch_data' retrieved from /opt/airflow/dags/01_data_fetch_mkCHtbls.py
[2025-11-27T09:25:28.831+0000] {logging_mixin.py:188} INFO - [2025-11-27T09:25:28.829+0000] {dag.py:3036} INFO - Sync 1 DAGs
[2025-11-27T09:25:28.909+0000] {logging_mixin.py:188} INFO - [2025-11-27T09:25:28.909+0000] {dag.py:3823} INFO - Setting next_dagrun for fetch_data to 2025-11-27 00:00:00+00:00, run_after=2025-11-28 00:00:00+00:00
[2025-11-27T09:25:28.988+0000] {processor.py:183} INFO - Processing /opt/airflow/dags/01_data_fetch_mkCHtbls.py took 13.772 seconds
[2025-11-27T09:25:59.878+0000] {processor.py:161} INFO - Started process (PID=9890) to work on /opt/airflow/dags/01_data_fetch_mkCHtbls.py
[2025-11-27T09:25:59.880+0000] {processor.py:830} INFO - Processing file /opt/airflow/dags/01_data_fetch_mkCHtbls.py for tasks to queue
[2025-11-27T09:25:59.882+0000] {logging_mixin.py:188} INFO - [2025-11-27T09:25:59.882+0000] {dagbag.py:538} INFO - Filling up the DagBag from /opt/airflow/dags/01_data_fetch_mkCHtbls.py
[2025-11-27T09:26:06.709+0000] {processor.py:840} INFO - DAG(s) 'fetch_data' retrieved from /opt/airflow/dags/01_data_fetch_mkCHtbls.py
[2025-11-27T09:26:06.751+0000] {logging_mixin.py:188} INFO - [2025-11-27T09:26:06.751+0000] {dag.py:3036} INFO - Sync 1 DAGs
[2025-11-27T09:26:06.787+0000] {logging_mixin.py:188} INFO - [2025-11-27T09:26:06.787+0000] {dag.py:3823} INFO - Setting next_dagrun for fetch_data to 2025-11-27 00:00:00+00:00, run_after=2025-11-28 00:00:00+00:00
[2025-11-27T09:26:06.832+0000] {processor.py:183} INFO - Processing /opt/airflow/dags/01_data_fetch_mkCHtbls.py took 6.959 seconds
[2025-11-27T09:26:37.033+0000] {processor.py:161} INFO - Started process (PID=9960) to work on /opt/airflow/dags/01_data_fetch_mkCHtbls.py
[2025-11-27T09:26:37.041+0000] {processor.py:830} INFO - Processing file /opt/airflow/dags/01_data_fetch_mkCHtbls.py for tasks to queue
[2025-11-27T09:26:37.045+0000] {logging_mixin.py:188} INFO - [2025-11-27T09:26:37.044+0000] {dagbag.py:538} INFO - Filling up the DagBag from /opt/airflow/dags/01_data_fetch_mkCHtbls.py
[2025-11-27T09:26:43.606+0000] {processor.py:840} INFO - DAG(s) 'fetch_data' retrieved from /opt/airflow/dags/01_data_fetch_mkCHtbls.py
[2025-11-27T09:26:43.655+0000] {logging_mixin.py:188} INFO - [2025-11-27T09:26:43.655+0000] {dag.py:3036} INFO - Sync 1 DAGs
[2025-11-27T09:26:43.697+0000] {logging_mixin.py:188} INFO - [2025-11-27T09:26:43.696+0000] {dag.py:3823} INFO - Setting next_dagrun for fetch_data to 2025-11-27 00:00:00+00:00, run_after=2025-11-28 00:00:00+00:00
[2025-11-27T09:26:43.759+0000] {processor.py:183} INFO - Processing /opt/airflow/dags/01_data_fetch_mkCHtbls.py took 6.739 seconds
[2025-11-27T09:27:13.989+0000] {processor.py:161} INFO - Started process (PID=10049) to work on /opt/airflow/dags/01_data_fetch_mkCHtbls.py
[2025-11-27T09:27:13.992+0000] {processor.py:830} INFO - Processing file /opt/airflow/dags/01_data_fetch_mkCHtbls.py for tasks to queue
[2025-11-27T09:27:13.996+0000] {logging_mixin.py:188} INFO - [2025-11-27T09:27:13.994+0000] {dagbag.py:538} INFO - Filling up the DagBag from /opt/airflow/dags/01_data_fetch_mkCHtbls.py
[2025-11-27T09:27:19.980+0000] {processor.py:840} INFO - DAG(s) 'fetch_data' retrieved from /opt/airflow/dags/01_data_fetch_mkCHtbls.py
[2025-11-27T09:27:20.025+0000] {logging_mixin.py:188} INFO - [2025-11-27T09:27:20.025+0000] {dag.py:3036} INFO - Sync 1 DAGs
[2025-11-27T09:27:20.066+0000] {logging_mixin.py:188} INFO - [2025-11-27T09:27:20.066+0000] {dag.py:3823} INFO - Setting next_dagrun for fetch_data to 2025-11-27 00:00:00+00:00, run_after=2025-11-28 00:00:00+00:00
[2025-11-27T09:27:20.115+0000] {processor.py:183} INFO - Processing /opt/airflow/dags/01_data_fetch_mkCHtbls.py took 6.134 seconds
[2025-11-27T09:27:50.777+0000] {processor.py:161} INFO - Started process (PID=10121) to work on /opt/airflow/dags/01_data_fetch_mkCHtbls.py
[2025-11-27T09:27:50.780+0000] {processor.py:830} INFO - Processing file /opt/airflow/dags/01_data_fetch_mkCHtbls.py for tasks to queue
[2025-11-27T09:27:50.784+0000] {logging_mixin.py:188} INFO - [2025-11-27T09:27:50.783+0000] {dagbag.py:538} INFO - Filling up the DagBag from /opt/airflow/dags/01_data_fetch_mkCHtbls.py
[2025-11-27T09:27:57.039+0000] {processor.py:840} INFO - DAG(s) 'fetch_data' retrieved from /opt/airflow/dags/01_data_fetch_mkCHtbls.py
[2025-11-27T09:27:57.090+0000] {logging_mixin.py:188} INFO - [2025-11-27T09:27:57.089+0000] {dag.py:3036} INFO - Sync 1 DAGs
[2025-11-27T09:27:57.141+0000] {logging_mixin.py:188} INFO - [2025-11-27T09:27:57.141+0000] {dag.py:3823} INFO - Setting next_dagrun for fetch_data to 2025-11-27 00:00:00+00:00, run_after=2025-11-28 00:00:00+00:00
[2025-11-27T09:27:57.193+0000] {processor.py:183} INFO - Processing /opt/airflow/dags/01_data_fetch_mkCHtbls.py took 6.429 seconds
[2025-11-27T09:28:27.610+0000] {processor.py:161} INFO - Started process (PID=10216) to work on /opt/airflow/dags/01_data_fetch_mkCHtbls.py
[2025-11-27T09:28:27.613+0000] {processor.py:830} INFO - Processing file /opt/airflow/dags/01_data_fetch_mkCHtbls.py for tasks to queue
[2025-11-27T09:28:27.616+0000] {logging_mixin.py:188} INFO - [2025-11-27T09:28:27.615+0000] {dagbag.py:538} INFO - Filling up the DagBag from /opt/airflow/dags/01_data_fetch_mkCHtbls.py
[2025-11-27T09:28:33.876+0000] {processor.py:840} INFO - DAG(s) 'fetch_data' retrieved from /opt/airflow/dags/01_data_fetch_mkCHtbls.py
[2025-11-27T09:28:33.918+0000] {logging_mixin.py:188} INFO - [2025-11-27T09:28:33.918+0000] {dag.py:3036} INFO - Sync 1 DAGs
[2025-11-27T09:28:33.953+0000] {logging_mixin.py:188} INFO - [2025-11-27T09:28:33.952+0000] {dag.py:3823} INFO - Setting next_dagrun for fetch_data to 2025-11-27 00:00:00+00:00, run_after=2025-11-28 00:00:00+00:00
[2025-11-27T09:28:34.009+0000] {processor.py:183} INFO - Processing /opt/airflow/dags/01_data_fetch_mkCHtbls.py took 6.408 seconds
[2025-11-27T09:29:04.548+0000] {processor.py:161} INFO - Started process (PID=10286) to work on /opt/airflow/dags/01_data_fetch_mkCHtbls.py
[2025-11-27T09:29:04.550+0000] {processor.py:830} INFO - Processing file /opt/airflow/dags/01_data_fetch_mkCHtbls.py for tasks to queue
[2025-11-27T09:29:04.553+0000] {logging_mixin.py:188} INFO - [2025-11-27T09:29:04.552+0000] {dagbag.py:538} INFO - Filling up the DagBag from /opt/airflow/dags/01_data_fetch_mkCHtbls.py
[2025-11-27T09:29:13.676+0000] {processor.py:840} INFO - DAG(s) 'fetch_data' retrieved from /opt/airflow/dags/01_data_fetch_mkCHtbls.py
[2025-11-27T09:29:13.728+0000] {logging_mixin.py:188} INFO - [2025-11-27T09:29:13.727+0000] {dag.py:3036} INFO - Sync 1 DAGs
[2025-11-27T09:29:13.783+0000] {logging_mixin.py:188} INFO - [2025-11-27T09:29:13.782+0000] {dag.py:3823} INFO - Setting next_dagrun for fetch_data to 2025-11-27 00:00:00+00:00, run_after=2025-11-28 00:00:00+00:00
[2025-11-27T09:29:13.828+0000] {processor.py:183} INFO - Processing /opt/airflow/dags/01_data_fetch_mkCHtbls.py took 9.288 seconds
[2025-11-27T09:29:44.084+0000] {processor.py:161} INFO - Started process (PID=10356) to work on /opt/airflow/dags/01_data_fetch_mkCHtbls.py
[2025-11-27T09:29:44.087+0000] {processor.py:830} INFO - Processing file /opt/airflow/dags/01_data_fetch_mkCHtbls.py for tasks to queue
[2025-11-27T09:29:44.090+0000] {logging_mixin.py:188} INFO - [2025-11-27T09:29:44.089+0000] {dagbag.py:538} INFO - Filling up the DagBag from /opt/airflow/dags/01_data_fetch_mkCHtbls.py
[2025-11-27T09:29:50.667+0000] {processor.py:840} INFO - DAG(s) 'fetch_data' retrieved from /opt/airflow/dags/01_data_fetch_mkCHtbls.py
[2025-11-27T09:29:50.750+0000] {logging_mixin.py:188} INFO - [2025-11-27T09:29:50.749+0000] {dag.py:3036} INFO - Sync 1 DAGs
[2025-11-27T09:29:50.843+0000] {logging_mixin.py:188} INFO - [2025-11-27T09:29:50.842+0000] {dag.py:3823} INFO - Setting next_dagrun for fetch_data to 2025-11-27 00:00:00+00:00, run_after=2025-11-28 00:00:00+00:00
[2025-11-27T09:29:50.920+0000] {processor.py:183} INFO - Processing /opt/airflow/dags/01_data_fetch_mkCHtbls.py took 6.843 seconds
[2025-11-27T09:30:21.170+0000] {processor.py:161} INFO - Started process (PID=10426) to work on /opt/airflow/dags/01_data_fetch_mkCHtbls.py
[2025-11-27T09:30:21.173+0000] {processor.py:830} INFO - Processing file /opt/airflow/dags/01_data_fetch_mkCHtbls.py for tasks to queue
[2025-11-27T09:30:21.177+0000] {logging_mixin.py:188} INFO - [2025-11-27T09:30:21.176+0000] {dagbag.py:538} INFO - Filling up the DagBag from /opt/airflow/dags/01_data_fetch_mkCHtbls.py
[2025-11-27T09:30:28.081+0000] {processor.py:840} INFO - DAG(s) 'fetch_data' retrieved from /opt/airflow/dags/01_data_fetch_mkCHtbls.py
[2025-11-27T09:30:28.221+0000] {logging_mixin.py:188} INFO - [2025-11-27T09:30:28.220+0000] {dag.py:3036} INFO - Sync 1 DAGs
[2025-11-27T09:30:28.339+0000] {logging_mixin.py:188} INFO - [2025-11-27T09:30:28.338+0000] {dag.py:3823} INFO - Setting next_dagrun for fetch_data to 2025-11-27 00:00:00+00:00, run_after=2025-11-28 00:00:00+00:00
[2025-11-27T09:30:28.456+0000] {processor.py:183} INFO - Processing /opt/airflow/dags/01_data_fetch_mkCHtbls.py took 7.293 seconds
[2025-11-27T09:30:58.925+0000] {processor.py:161} INFO - Started process (PID=10522) to work on /opt/airflow/dags/01_data_fetch_mkCHtbls.py
[2025-11-27T09:30:58.928+0000] {processor.py:830} INFO - Processing file /opt/airflow/dags/01_data_fetch_mkCHtbls.py for tasks to queue
[2025-11-27T09:30:58.932+0000] {logging_mixin.py:188} INFO - [2025-11-27T09:30:58.931+0000] {dagbag.py:538} INFO - Filling up the DagBag from /opt/airflow/dags/01_data_fetch_mkCHtbls.py
[2025-11-27T09:31:05.736+0000] {processor.py:840} INFO - DAG(s) 'fetch_data' retrieved from /opt/airflow/dags/01_data_fetch_mkCHtbls.py
[2025-11-27T09:31:05.789+0000] {logging_mixin.py:188} INFO - [2025-11-27T09:31:05.789+0000] {dag.py:3036} INFO - Sync 1 DAGs
[2025-11-27T09:31:05.833+0000] {logging_mixin.py:188} INFO - [2025-11-27T09:31:05.833+0000] {dag.py:3823} INFO - Setting next_dagrun for fetch_data to 2025-11-27 00:00:00+00:00, run_after=2025-11-28 00:00:00+00:00
[2025-11-27T09:31:05.884+0000] {processor.py:183} INFO - Processing /opt/airflow/dags/01_data_fetch_mkCHtbls.py took 6.966 seconds
[2025-11-27T09:31:36.277+0000] {processor.py:161} INFO - Started process (PID=10612) to work on /opt/airflow/dags/01_data_fetch_mkCHtbls.py
[2025-11-27T09:31:36.279+0000] {processor.py:830} INFO - Processing file /opt/airflow/dags/01_data_fetch_mkCHtbls.py for tasks to queue
[2025-11-27T09:31:36.282+0000] {logging_mixin.py:188} INFO - [2025-11-27T09:31:36.281+0000] {dagbag.py:538} INFO - Filling up the DagBag from /opt/airflow/dags/01_data_fetch_mkCHtbls.py
[2025-11-27T09:31:43.576+0000] {processor.py:840} INFO - DAG(s) 'fetch_data' retrieved from /opt/airflow/dags/01_data_fetch_mkCHtbls.py
[2025-11-27T09:31:43.628+0000] {logging_mixin.py:188} INFO - [2025-11-27T09:31:43.628+0000] {dag.py:3036} INFO - Sync 1 DAGs
[2025-11-27T09:31:43.669+0000] {logging_mixin.py:188} INFO - [2025-11-27T09:31:43.669+0000] {dag.py:3823} INFO - Setting next_dagrun for fetch_data to 2025-11-27 00:00:00+00:00, run_after=2025-11-28 00:00:00+00:00
[2025-11-27T09:31:43.743+0000] {processor.py:183} INFO - Processing /opt/airflow/dags/01_data_fetch_mkCHtbls.py took 7.474 seconds
[2025-11-27T09:32:14.131+0000] {processor.py:161} INFO - Started process (PID=10682) to work on /opt/airflow/dags/01_data_fetch_mkCHtbls.py
[2025-11-27T09:32:14.134+0000] {processor.py:830} INFO - Processing file /opt/airflow/dags/01_data_fetch_mkCHtbls.py for tasks to queue
[2025-11-27T09:32:14.136+0000] {logging_mixin.py:188} INFO - [2025-11-27T09:32:14.135+0000] {dagbag.py:538} INFO - Filling up the DagBag from /opt/airflow/dags/01_data_fetch_mkCHtbls.py
[2025-11-27T09:32:20.946+0000] {processor.py:840} INFO - DAG(s) 'fetch_data' retrieved from /opt/airflow/dags/01_data_fetch_mkCHtbls.py
[2025-11-27T09:32:21.009+0000] {logging_mixin.py:188} INFO - [2025-11-27T09:32:21.008+0000] {dag.py:3036} INFO - Sync 1 DAGs
[2025-11-27T09:32:21.053+0000] {logging_mixin.py:188} INFO - [2025-11-27T09:32:21.053+0000] {dag.py:3823} INFO - Setting next_dagrun for fetch_data to 2025-11-27 00:00:00+00:00, run_after=2025-11-28 00:00:00+00:00
[2025-11-27T09:32:21.101+0000] {processor.py:183} INFO - Processing /opt/airflow/dags/01_data_fetch_mkCHtbls.py took 6.978 seconds
[2025-11-27T09:32:51.349+0000] {processor.py:161} INFO - Started process (PID=10752) to work on /opt/airflow/dags/01_data_fetch_mkCHtbls.py
[2025-11-27T09:32:51.357+0000] {processor.py:830} INFO - Processing file /opt/airflow/dags/01_data_fetch_mkCHtbls.py for tasks to queue
[2025-11-27T09:32:51.366+0000] {logging_mixin.py:188} INFO - [2025-11-27T09:32:51.365+0000] {dagbag.py:538} INFO - Filling up the DagBag from /opt/airflow/dags/01_data_fetch_mkCHtbls.py
[2025-11-27T09:32:58.925+0000] {processor.py:840} INFO - DAG(s) 'fetch_data' retrieved from /opt/airflow/dags/01_data_fetch_mkCHtbls.py
[2025-11-27T09:32:59.010+0000] {logging_mixin.py:188} INFO - [2025-11-27T09:32:59.009+0000] {dag.py:3036} INFO - Sync 1 DAGs
[2025-11-27T09:32:59.064+0000] {logging_mixin.py:188} INFO - [2025-11-27T09:32:59.064+0000] {dag.py:3823} INFO - Setting next_dagrun for fetch_data to 2025-11-27 00:00:00+00:00, run_after=2025-11-28 00:00:00+00:00
[2025-11-27T09:32:59.115+0000] {processor.py:183} INFO - Processing /opt/airflow/dags/01_data_fetch_mkCHtbls.py took 7.776 seconds
[2025-11-27T09:33:29.713+0000] {processor.py:161} INFO - Started process (PID=10822) to work on /opt/airflow/dags/01_data_fetch_mkCHtbls.py
[2025-11-27T09:33:29.716+0000] {processor.py:830} INFO - Processing file /opt/airflow/dags/01_data_fetch_mkCHtbls.py for tasks to queue
[2025-11-27T09:33:29.718+0000] {logging_mixin.py:188} INFO - [2025-11-27T09:33:29.717+0000] {dagbag.py:538} INFO - Filling up the DagBag from /opt/airflow/dags/01_data_fetch_mkCHtbls.py
[2025-11-27T09:33:36.732+0000] {processor.py:840} INFO - DAG(s) 'fetch_data' retrieved from /opt/airflow/dags/01_data_fetch_mkCHtbls.py
[2025-11-27T09:33:36.790+0000] {logging_mixin.py:188} INFO - [2025-11-27T09:33:36.790+0000] {dag.py:3036} INFO - Sync 1 DAGs
[2025-11-27T09:33:36.840+0000] {logging_mixin.py:188} INFO - [2025-11-27T09:33:36.840+0000] {dag.py:3823} INFO - Setting next_dagrun for fetch_data to 2025-11-27 00:00:00+00:00, run_after=2025-11-28 00:00:00+00:00
[2025-11-27T09:33:36.888+0000] {processor.py:183} INFO - Processing /opt/airflow/dags/01_data_fetch_mkCHtbls.py took 7.180 seconds
[2025-11-27T09:34:07.371+0000] {processor.py:161} INFO - Started process (PID=10918) to work on /opt/airflow/dags/01_data_fetch_mkCHtbls.py
[2025-11-27T09:34:07.375+0000] {processor.py:830} INFO - Processing file /opt/airflow/dags/01_data_fetch_mkCHtbls.py for tasks to queue
[2025-11-27T09:34:07.378+0000] {logging_mixin.py:188} INFO - [2025-11-27T09:34:07.377+0000] {dagbag.py:538} INFO - Filling up the DagBag from /opt/airflow/dags/01_data_fetch_mkCHtbls.py
[2025-11-27T09:34:14.595+0000] {processor.py:840} INFO - DAG(s) 'fetch_data' retrieved from /opt/airflow/dags/01_data_fetch_mkCHtbls.py
[2025-11-27T09:34:14.652+0000] {logging_mixin.py:188} INFO - [2025-11-27T09:34:14.651+0000] {dag.py:3036} INFO - Sync 1 DAGs
[2025-11-27T09:34:14.701+0000] {logging_mixin.py:188} INFO - [2025-11-27T09:34:14.701+0000] {dag.py:3823} INFO - Setting next_dagrun for fetch_data to 2025-11-27 00:00:00+00:00, run_after=2025-11-28 00:00:00+00:00
[2025-11-27T09:34:14.777+0000] {processor.py:183} INFO - Processing /opt/airflow/dags/01_data_fetch_mkCHtbls.py took 7.419 seconds
[2025-11-27T09:34:45.083+0000] {processor.py:161} INFO - Started process (PID=11008) to work on /opt/airflow/dags/01_data_fetch_mkCHtbls.py
[2025-11-27T09:34:45.086+0000] {processor.py:830} INFO - Processing file /opt/airflow/dags/01_data_fetch_mkCHtbls.py for tasks to queue
[2025-11-27T09:34:45.089+0000] {logging_mixin.py:188} INFO - [2025-11-27T09:34:45.088+0000] {dagbag.py:538} INFO - Filling up the DagBag from /opt/airflow/dags/01_data_fetch_mkCHtbls.py
[2025-11-27T09:34:51.896+0000] {processor.py:840} INFO - DAG(s) 'fetch_data' retrieved from /opt/airflow/dags/01_data_fetch_mkCHtbls.py
[2025-11-27T09:34:51.952+0000] {logging_mixin.py:188} INFO - [2025-11-27T09:34:51.952+0000] {dag.py:3036} INFO - Sync 1 DAGs
[2025-11-27T09:34:51.996+0000] {logging_mixin.py:188} INFO - [2025-11-27T09:34:51.996+0000] {dag.py:3823} INFO - Setting next_dagrun for fetch_data to 2025-11-27 00:00:00+00:00, run_after=2025-11-28 00:00:00+00:00
[2025-11-27T09:34:52.032+0000] {processor.py:183} INFO - Processing /opt/airflow/dags/01_data_fetch_mkCHtbls.py took 6.956 seconds
[2025-11-27T09:35:22.319+0000] {processor.py:161} INFO - Started process (PID=11078) to work on /opt/airflow/dags/01_data_fetch_mkCHtbls.py
[2025-11-27T09:35:22.321+0000] {processor.py:830} INFO - Processing file /opt/airflow/dags/01_data_fetch_mkCHtbls.py for tasks to queue
[2025-11-27T09:35:22.323+0000] {logging_mixin.py:188} INFO - [2025-11-27T09:35:22.323+0000] {dagbag.py:538} INFO - Filling up the DagBag from /opt/airflow/dags/01_data_fetch_mkCHtbls.py
[2025-11-27T09:35:29.133+0000] {processor.py:840} INFO - DAG(s) 'fetch_data' retrieved from /opt/airflow/dags/01_data_fetch_mkCHtbls.py
[2025-11-27T09:35:29.182+0000] {logging_mixin.py:188} INFO - [2025-11-27T09:35:29.181+0000] {dag.py:3036} INFO - Sync 1 DAGs
[2025-11-27T09:35:29.238+0000] {logging_mixin.py:188} INFO - [2025-11-27T09:35:29.237+0000] {dag.py:3823} INFO - Setting next_dagrun for fetch_data to 2025-11-27 00:00:00+00:00, run_after=2025-11-28 00:00:00+00:00
[2025-11-27T09:35:29.292+0000] {processor.py:183} INFO - Processing /opt/airflow/dags/01_data_fetch_mkCHtbls.py took 6.981 seconds
[2025-11-27T09:35:59.771+0000] {processor.py:161} INFO - Started process (PID=11148) to work on /opt/airflow/dags/01_data_fetch_mkCHtbls.py
[2025-11-27T09:35:59.773+0000] {processor.py:830} INFO - Processing file /opt/airflow/dags/01_data_fetch_mkCHtbls.py for tasks to queue
[2025-11-27T09:35:59.776+0000] {logging_mixin.py:188} INFO - [2025-11-27T09:35:59.775+0000] {dagbag.py:538} INFO - Filling up the DagBag from /opt/airflow/dags/01_data_fetch_mkCHtbls.py
[2025-11-27T09:36:06.006+0000] {processor.py:840} INFO - DAG(s) 'fetch_data' retrieved from /opt/airflow/dags/01_data_fetch_mkCHtbls.py
[2025-11-27T09:36:06.079+0000] {logging_mixin.py:188} INFO - [2025-11-27T09:36:06.079+0000] {dag.py:3036} INFO - Sync 1 DAGs
[2025-11-27T09:36:06.133+0000] {logging_mixin.py:188} INFO - [2025-11-27T09:36:06.132+0000] {dag.py:3823} INFO - Setting next_dagrun for fetch_data to 2025-11-27 00:00:00+00:00, run_after=2025-11-28 00:00:00+00:00
[2025-11-27T09:36:06.190+0000] {processor.py:183} INFO - Processing /opt/airflow/dags/01_data_fetch_mkCHtbls.py took 6.426 seconds
[2025-11-27T09:36:36.659+0000] {processor.py:161} INFO - Started process (PID=11218) to work on /opt/airflow/dags/01_data_fetch_mkCHtbls.py
[2025-11-27T09:36:36.662+0000] {processor.py:830} INFO - Processing file /opt/airflow/dags/01_data_fetch_mkCHtbls.py for tasks to queue
[2025-11-27T09:36:36.665+0000] {logging_mixin.py:188} INFO - [2025-11-27T09:36:36.664+0000] {dagbag.py:538} INFO - Filling up the DagBag from /opt/airflow/dags/01_data_fetch_mkCHtbls.py
[2025-11-27T09:36:43.296+0000] {processor.py:840} INFO - DAG(s) 'fetch_data' retrieved from /opt/airflow/dags/01_data_fetch_mkCHtbls.py
[2025-11-27T09:36:43.347+0000] {logging_mixin.py:188} INFO - [2025-11-27T09:36:43.347+0000] {dag.py:3036} INFO - Sync 1 DAGs
[2025-11-27T09:36:43.391+0000] {logging_mixin.py:188} INFO - [2025-11-27T09:36:43.391+0000] {dag.py:3823} INFO - Setting next_dagrun for fetch_data to 2025-11-27 00:00:00+00:00, run_after=2025-11-28 00:00:00+00:00
[2025-11-27T09:36:43.440+0000] {processor.py:183} INFO - Processing /opt/airflow/dags/01_data_fetch_mkCHtbls.py took 6.789 seconds
[2025-11-27T09:37:13.796+0000] {processor.py:161} INFO - Started process (PID=11293) to work on /opt/airflow/dags/01_data_fetch_mkCHtbls.py
[2025-11-27T09:37:13.798+0000] {processor.py:830} INFO - Processing file /opt/airflow/dags/01_data_fetch_mkCHtbls.py for tasks to queue
[2025-11-27T09:37:13.800+0000] {logging_mixin.py:188} INFO - [2025-11-27T09:37:13.799+0000] {dagbag.py:538} INFO - Filling up the DagBag from /opt/airflow/dags/01_data_fetch_mkCHtbls.py
[2025-11-27T09:37:20.526+0000] {processor.py:840} INFO - DAG(s) 'fetch_data' retrieved from /opt/airflow/dags/01_data_fetch_mkCHtbls.py
[2025-11-27T09:37:20.598+0000] {logging_mixin.py:188} INFO - [2025-11-27T09:37:20.597+0000] {dag.py:3036} INFO - Sync 1 DAGs
[2025-11-27T09:37:20.673+0000] {logging_mixin.py:188} INFO - [2025-11-27T09:37:20.672+0000] {dag.py:3823} INFO - Setting next_dagrun for fetch_data to 2025-11-27 00:00:00+00:00, run_after=2025-11-28 00:00:00+00:00
[2025-11-27T09:37:20.727+0000] {processor.py:183} INFO - Processing /opt/airflow/dags/01_data_fetch_mkCHtbls.py took 6.938 seconds
[2025-11-27T09:37:51.189+0000] {processor.py:161} INFO - Started process (PID=11404) to work on /opt/airflow/dags/01_data_fetch_mkCHtbls.py
[2025-11-27T09:37:51.192+0000] {processor.py:830} INFO - Processing file /opt/airflow/dags/01_data_fetch_mkCHtbls.py for tasks to queue
[2025-11-27T09:37:51.194+0000] {logging_mixin.py:188} INFO - [2025-11-27T09:37:51.194+0000] {dagbag.py:538} INFO - Filling up the DagBag from /opt/airflow/dags/01_data_fetch_mkCHtbls.py
[2025-11-27T09:37:57.571+0000] {processor.py:840} INFO - DAG(s) 'fetch_data' retrieved from /opt/airflow/dags/01_data_fetch_mkCHtbls.py
[2025-11-27T09:37:57.619+0000] {logging_mixin.py:188} INFO - [2025-11-27T09:37:57.619+0000] {dag.py:3036} INFO - Sync 1 DAGs
[2025-11-27T09:37:57.656+0000] {logging_mixin.py:188} INFO - [2025-11-27T09:37:57.655+0000] {dag.py:3823} INFO - Setting next_dagrun for fetch_data to 2025-11-27 00:00:00+00:00, run_after=2025-11-28 00:00:00+00:00
[2025-11-27T09:37:57.692+0000] {processor.py:183} INFO - Processing /opt/airflow/dags/01_data_fetch_mkCHtbls.py took 6.510 seconds
[2025-11-27T09:38:27.972+0000] {processor.py:161} INFO - Started process (PID=11474) to work on /opt/airflow/dags/01_data_fetch_mkCHtbls.py
[2025-11-27T09:38:27.975+0000] {processor.py:830} INFO - Processing file /opt/airflow/dags/01_data_fetch_mkCHtbls.py for tasks to queue
[2025-11-27T09:38:27.978+0000] {logging_mixin.py:188} INFO - [2025-11-27T09:38:27.977+0000] {dagbag.py:538} INFO - Filling up the DagBag from /opt/airflow/dags/01_data_fetch_mkCHtbls.py
[2025-11-27T09:38:34.219+0000] {processor.py:840} INFO - DAG(s) 'fetch_data' retrieved from /opt/airflow/dags/01_data_fetch_mkCHtbls.py
[2025-11-27T09:38:34.275+0000] {logging_mixin.py:188} INFO - [2025-11-27T09:38:34.274+0000] {dag.py:3036} INFO - Sync 1 DAGs
[2025-11-27T09:38:34.316+0000] {logging_mixin.py:188} INFO - [2025-11-27T09:38:34.316+0000] {dag.py:3823} INFO - Setting next_dagrun for fetch_data to 2025-11-27 00:00:00+00:00, run_after=2025-11-28 00:00:00+00:00
[2025-11-27T09:38:34.365+0000] {processor.py:183} INFO - Processing /opt/airflow/dags/01_data_fetch_mkCHtbls.py took 6.401 seconds
[2025-11-27T09:39:04.747+0000] {processor.py:161} INFO - Started process (PID=11544) to work on /opt/airflow/dags/01_data_fetch_mkCHtbls.py
[2025-11-27T09:39:04.749+0000] {processor.py:830} INFO - Processing file /opt/airflow/dags/01_data_fetch_mkCHtbls.py for tasks to queue
[2025-11-27T09:39:04.751+0000] {logging_mixin.py:188} INFO - [2025-11-27T09:39:04.751+0000] {dagbag.py:538} INFO - Filling up the DagBag from /opt/airflow/dags/01_data_fetch_mkCHtbls.py
[2025-11-27T09:39:11.417+0000] {processor.py:840} INFO - DAG(s) 'fetch_data' retrieved from /opt/airflow/dags/01_data_fetch_mkCHtbls.py
[2025-11-27T09:39:11.479+0000] {logging_mixin.py:188} INFO - [2025-11-27T09:39:11.478+0000] {dag.py:3036} INFO - Sync 1 DAGs
[2025-11-27T09:39:11.520+0000] {logging_mixin.py:188} INFO - [2025-11-27T09:39:11.520+0000] {dag.py:3823} INFO - Setting next_dagrun for fetch_data to 2025-11-27 00:00:00+00:00, run_after=2025-11-28 00:00:00+00:00
[2025-11-27T09:39:11.563+0000] {processor.py:183} INFO - Processing /opt/airflow/dags/01_data_fetch_mkCHtbls.py took 6.822 seconds
[2025-11-27T09:39:42.161+0000] {processor.py:161} INFO - Started process (PID=11614) to work on /opt/airflow/dags/01_data_fetch_mkCHtbls.py
[2025-11-27T09:39:42.164+0000] {processor.py:830} INFO - Processing file /opt/airflow/dags/01_data_fetch_mkCHtbls.py for tasks to queue
[2025-11-27T09:39:42.172+0000] {logging_mixin.py:188} INFO - [2025-11-27T09:39:42.171+0000] {dagbag.py:538} INFO - Filling up the DagBag from /opt/airflow/dags/01_data_fetch_mkCHtbls.py
[2025-11-27T09:39:48.378+0000] {processor.py:840} INFO - DAG(s) 'fetch_data' retrieved from /opt/airflow/dags/01_data_fetch_mkCHtbls.py
[2025-11-27T09:39:48.455+0000] {logging_mixin.py:188} INFO - [2025-11-27T09:39:48.454+0000] {dag.py:3036} INFO - Sync 1 DAGs
[2025-11-27T09:39:48.541+0000] {logging_mixin.py:188} INFO - [2025-11-27T09:39:48.541+0000] {dag.py:3823} INFO - Setting next_dagrun for fetch_data to 2025-11-27 00:00:00+00:00, run_after=2025-11-28 00:00:00+00:00
[2025-11-27T09:39:48.602+0000] {processor.py:183} INFO - Processing /opt/airflow/dags/01_data_fetch_mkCHtbls.py took 6.452 seconds
[2025-11-27T09:40:19.004+0000] {processor.py:161} INFO - Started process (PID=11689) to work on /opt/airflow/dags/01_data_fetch_mkCHtbls.py
[2025-11-27T09:40:19.006+0000] {processor.py:830} INFO - Processing file /opt/airflow/dags/01_data_fetch_mkCHtbls.py for tasks to queue
[2025-11-27T09:40:19.009+0000] {logging_mixin.py:188} INFO - [2025-11-27T09:40:19.008+0000] {dagbag.py:538} INFO - Filling up the DagBag from /opt/airflow/dags/01_data_fetch_mkCHtbls.py
[2025-11-27T09:40:25.499+0000] {processor.py:840} INFO - DAG(s) 'fetch_data' retrieved from /opt/airflow/dags/01_data_fetch_mkCHtbls.py
[2025-11-27T09:40:25.545+0000] {logging_mixin.py:188} INFO - [2025-11-27T09:40:25.545+0000] {dag.py:3036} INFO - Sync 1 DAGs
[2025-11-27T09:40:25.604+0000] {logging_mixin.py:188} INFO - [2025-11-27T09:40:25.604+0000] {dag.py:3823} INFO - Setting next_dagrun for fetch_data to 2025-11-27 00:00:00+00:00, run_after=2025-11-28 00:00:00+00:00
[2025-11-27T09:40:25.644+0000] {processor.py:183} INFO - Processing /opt/airflow/dags/01_data_fetch_mkCHtbls.py took 6.649 seconds
[2025-11-27T09:40:55.753+0000] {processor.py:161} INFO - Started process (PID=11778) to work on /opt/airflow/dags/01_data_fetch_mkCHtbls.py
[2025-11-27T09:40:55.755+0000] {processor.py:830} INFO - Processing file /opt/airflow/dags/01_data_fetch_mkCHtbls.py for tasks to queue
[2025-11-27T09:40:55.757+0000] {logging_mixin.py:188} INFO - [2025-11-27T09:40:55.757+0000] {dagbag.py:538} INFO - Filling up the DagBag from /opt/airflow/dags/01_data_fetch_mkCHtbls.py
[2025-11-27T09:41:02.689+0000] {processor.py:840} INFO - DAG(s) 'fetch_data' retrieved from /opt/airflow/dags/01_data_fetch_mkCHtbls.py
[2025-11-27T09:41:02.733+0000] {logging_mixin.py:188} INFO - [2025-11-27T09:41:02.732+0000] {dag.py:3036} INFO - Sync 1 DAGs
[2025-11-27T09:41:02.792+0000] {logging_mixin.py:188} INFO - [2025-11-27T09:41:02.791+0000] {dag.py:3823} INFO - Setting next_dagrun for fetch_data to 2025-11-27 00:00:00+00:00, run_after=2025-11-28 00:00:00+00:00
[2025-11-27T09:41:02.829+0000] {processor.py:183} INFO - Processing /opt/airflow/dags/01_data_fetch_mkCHtbls.py took 7.085 seconds
[2025-11-27T09:41:33.142+0000] {processor.py:161} INFO - Started process (PID=11870) to work on /opt/airflow/dags/01_data_fetch_mkCHtbls.py
[2025-11-27T09:41:33.146+0000] {processor.py:830} INFO - Processing file /opt/airflow/dags/01_data_fetch_mkCHtbls.py for tasks to queue
[2025-11-27T09:41:33.150+0000] {logging_mixin.py:188} INFO - [2025-11-27T09:41:33.149+0000] {dagbag.py:538} INFO - Filling up the DagBag from /opt/airflow/dags/01_data_fetch_mkCHtbls.py
[2025-11-27T09:41:39.441+0000] {processor.py:840} INFO - DAG(s) 'fetch_data' retrieved from /opt/airflow/dags/01_data_fetch_mkCHtbls.py
[2025-11-27T09:41:39.511+0000] {logging_mixin.py:188} INFO - [2025-11-27T09:41:39.511+0000] {dag.py:3036} INFO - Sync 1 DAGs
[2025-11-27T09:41:39.572+0000] {logging_mixin.py:188} INFO - [2025-11-27T09:41:39.571+0000] {dag.py:3823} INFO - Setting next_dagrun for fetch_data to 2025-11-27 00:00:00+00:00, run_after=2025-11-28 00:00:00+00:00
[2025-11-27T09:41:39.615+0000] {processor.py:183} INFO - Processing /opt/airflow/dags/01_data_fetch_mkCHtbls.py took 6.487 seconds
[2025-11-27T09:42:10.357+0000] {processor.py:161} INFO - Started process (PID=11940) to work on /opt/airflow/dags/01_data_fetch_mkCHtbls.py
[2025-11-27T09:42:10.360+0000] {processor.py:830} INFO - Processing file /opt/airflow/dags/01_data_fetch_mkCHtbls.py for tasks to queue
[2025-11-27T09:42:10.364+0000] {logging_mixin.py:188} INFO - [2025-11-27T09:42:10.363+0000] {dagbag.py:538} INFO - Filling up the DagBag from /opt/airflow/dags/01_data_fetch_mkCHtbls.py
[2025-11-27T09:42:16.484+0000] {processor.py:840} INFO - DAG(s) 'fetch_data' retrieved from /opt/airflow/dags/01_data_fetch_mkCHtbls.py
[2025-11-27T09:42:16.536+0000] {logging_mixin.py:188} INFO - [2025-11-27T09:42:16.536+0000] {dag.py:3036} INFO - Sync 1 DAGs
[2025-11-27T09:42:16.595+0000] {logging_mixin.py:188} INFO - [2025-11-27T09:42:16.595+0000] {dag.py:3823} INFO - Setting next_dagrun for fetch_data to 2025-11-27 00:00:00+00:00, run_after=2025-11-28 00:00:00+00:00
[2025-11-27T09:42:16.639+0000] {processor.py:183} INFO - Processing /opt/airflow/dags/01_data_fetch_mkCHtbls.py took 6.295 seconds
[2025-11-27T09:42:47.012+0000] {processor.py:161} INFO - Started process (PID=12010) to work on /opt/airflow/dags/01_data_fetch_mkCHtbls.py
[2025-11-27T09:42:47.015+0000] {processor.py:830} INFO - Processing file /opt/airflow/dags/01_data_fetch_mkCHtbls.py for tasks to queue
[2025-11-27T09:42:47.017+0000] {logging_mixin.py:188} INFO - [2025-11-27T09:42:47.016+0000] {dagbag.py:538} INFO - Filling up the DagBag from /opt/airflow/dags/01_data_fetch_mkCHtbls.py
[2025-11-27T09:42:53.545+0000] {processor.py:840} INFO - DAG(s) 'fetch_data' retrieved from /opt/airflow/dags/01_data_fetch_mkCHtbls.py
[2025-11-27T09:42:53.595+0000] {logging_mixin.py:188} INFO - [2025-11-27T09:42:53.595+0000] {dag.py:3036} INFO - Sync 1 DAGs
[2025-11-27T09:42:53.635+0000] {logging_mixin.py:188} INFO - [2025-11-27T09:42:53.635+0000] {dag.py:3823} INFO - Setting next_dagrun for fetch_data to 2025-11-27 00:00:00+00:00, run_after=2025-11-28 00:00:00+00:00
[2025-11-27T09:42:53.683+0000] {processor.py:183} INFO - Processing /opt/airflow/dags/01_data_fetch_mkCHtbls.py took 6.678 seconds
[2025-11-27T09:43:23.888+0000] {processor.py:161} INFO - Started process (PID=12085) to work on /opt/airflow/dags/01_data_fetch_mkCHtbls.py
[2025-11-27T09:43:23.890+0000] {processor.py:830} INFO - Processing file /opt/airflow/dags/01_data_fetch_mkCHtbls.py for tasks to queue
[2025-11-27T09:43:23.892+0000] {logging_mixin.py:188} INFO - [2025-11-27T09:43:23.891+0000] {dagbag.py:538} INFO - Filling up the DagBag from /opt/airflow/dags/01_data_fetch_mkCHtbls.py
[2025-11-27T09:43:30.152+0000] {processor.py:840} INFO - DAG(s) 'fetch_data' retrieved from /opt/airflow/dags/01_data_fetch_mkCHtbls.py
[2025-11-27T09:43:30.206+0000] {logging_mixin.py:188} INFO - [2025-11-27T09:43:30.206+0000] {dag.py:3036} INFO - Sync 1 DAGs
[2025-11-27T09:43:30.243+0000] {logging_mixin.py:188} INFO - [2025-11-27T09:43:30.243+0000] {dag.py:3823} INFO - Setting next_dagrun for fetch_data to 2025-11-27 00:00:00+00:00, run_after=2025-11-28 00:00:00+00:00
[2025-11-27T09:43:30.285+0000] {processor.py:183} INFO - Processing /opt/airflow/dags/01_data_fetch_mkCHtbls.py took 6.404 seconds
[2025-11-27T09:44:00.608+0000] {processor.py:161} INFO - Started process (PID=12155) to work on /opt/airflow/dags/01_data_fetch_mkCHtbls.py
[2025-11-27T09:44:00.611+0000] {processor.py:830} INFO - Processing file /opt/airflow/dags/01_data_fetch_mkCHtbls.py for tasks to queue
[2025-11-27T09:44:00.614+0000] {logging_mixin.py:188} INFO - [2025-11-27T09:44:00.613+0000] {dagbag.py:538} INFO - Filling up the DagBag from /opt/airflow/dags/01_data_fetch_mkCHtbls.py
[2025-11-27T09:44:06.738+0000] {processor.py:840} INFO - DAG(s) 'fetch_data' retrieved from /opt/airflow/dags/01_data_fetch_mkCHtbls.py
[2025-11-27T09:44:06.790+0000] {logging_mixin.py:188} INFO - [2025-11-27T09:44:06.790+0000] {dag.py:3036} INFO - Sync 1 DAGs
[2025-11-27T09:44:06.833+0000] {logging_mixin.py:188} INFO - [2025-11-27T09:44:06.832+0000] {dag.py:3823} INFO - Setting next_dagrun for fetch_data to 2025-11-27 00:00:00+00:00, run_after=2025-11-28 00:00:00+00:00
[2025-11-27T09:44:06.883+0000] {processor.py:183} INFO - Processing /opt/airflow/dags/01_data_fetch_mkCHtbls.py took 6.284 seconds
[2025-11-27T09:44:37.354+0000] {processor.py:161} INFO - Started process (PID=12264) to work on /opt/airflow/dags/01_data_fetch_mkCHtbls.py
[2025-11-27T09:44:37.356+0000] {processor.py:830} INFO - Processing file /opt/airflow/dags/01_data_fetch_mkCHtbls.py for tasks to queue
[2025-11-27T09:44:37.358+0000] {logging_mixin.py:188} INFO - [2025-11-27T09:44:37.357+0000] {dagbag.py:538} INFO - Filling up the DagBag from /opt/airflow/dags/01_data_fetch_mkCHtbls.py
[2025-11-27T09:44:43.509+0000] {processor.py:840} INFO - DAG(s) 'fetch_data' retrieved from /opt/airflow/dags/01_data_fetch_mkCHtbls.py
[2025-11-27T09:44:43.560+0000] {logging_mixin.py:188} INFO - [2025-11-27T09:44:43.559+0000] {dag.py:3036} INFO - Sync 1 DAGs
[2025-11-27T09:44:43.603+0000] {logging_mixin.py:188} INFO - [2025-11-27T09:44:43.603+0000] {dag.py:3823} INFO - Setting next_dagrun for fetch_data to 2025-11-27 00:00:00+00:00, run_after=2025-11-28 00:00:00+00:00
[2025-11-27T09:44:43.650+0000] {processor.py:183} INFO - Processing /opt/airflow/dags/01_data_fetch_mkCHtbls.py took 6.303 seconds
[2025-11-27T09:45:14.266+0000] {processor.py:161} INFO - Started process (PID=12336) to work on /opt/airflow/dags/01_data_fetch_mkCHtbls.py
[2025-11-27T09:45:14.269+0000] {processor.py:830} INFO - Processing file /opt/airflow/dags/01_data_fetch_mkCHtbls.py for tasks to queue
[2025-11-27T09:45:14.271+0000] {logging_mixin.py:188} INFO - [2025-11-27T09:45:14.270+0000] {dagbag.py:538} INFO - Filling up the DagBag from /opt/airflow/dags/01_data_fetch_mkCHtbls.py
[2025-11-27T09:45:20.583+0000] {processor.py:840} INFO - DAG(s) 'fetch_data' retrieved from /opt/airflow/dags/01_data_fetch_mkCHtbls.py
[2025-11-27T09:45:20.640+0000] {logging_mixin.py:188} INFO - [2025-11-27T09:45:20.640+0000] {dag.py:3036} INFO - Sync 1 DAGs
[2025-11-27T09:45:20.705+0000] {logging_mixin.py:188} INFO - [2025-11-27T09:45:20.704+0000] {dag.py:3823} INFO - Setting next_dagrun for fetch_data to 2025-11-27 00:00:00+00:00, run_after=2025-11-28 00:00:00+00:00
[2025-11-27T09:45:20.749+0000] {processor.py:183} INFO - Processing /opt/airflow/dags/01_data_fetch_mkCHtbls.py took 6.489 seconds
[2025-11-27T10:04:23.905+0000] {processor.py:161} INFO - Started process (PID=12371) to work on /opt/airflow/dags/01_data_fetch_mkCHtbls.py
[2025-11-27T10:04:23.910+0000] {processor.py:830} INFO - Processing file /opt/airflow/dags/01_data_fetch_mkCHtbls.py for tasks to queue
[2025-11-27T10:04:23.916+0000] {logging_mixin.py:188} INFO - [2025-11-27T10:04:23.914+0000] {dagbag.py:538} INFO - Filling up the DagBag from /opt/airflow/dags/01_data_fetch_mkCHtbls.py
[2025-11-27T10:04:30.240+0000] {processor.py:840} INFO - DAG(s) 'fetch_data' retrieved from /opt/airflow/dags/01_data_fetch_mkCHtbls.py
[2025-11-27T10:04:30.294+0000] {logging_mixin.py:188} INFO - [2025-11-27T10:04:30.294+0000] {dag.py:3036} INFO - Sync 1 DAGs
[2025-11-27T10:04:30.331+0000] {logging_mixin.py:188} INFO - [2025-11-27T10:04:30.331+0000] {dag.py:3823} INFO - Setting next_dagrun for fetch_data to 2025-11-27 00:00:00+00:00, run_after=2025-11-28 00:00:00+00:00
[2025-11-27T10:04:30.382+0000] {processor.py:183} INFO - Processing /opt/airflow/dags/01_data_fetch_mkCHtbls.py took 6.495 seconds
[2025-11-27T10:05:00.498+0000] {processor.py:161} INFO - Started process (PID=12487) to work on /opt/airflow/dags/01_data_fetch_mkCHtbls.py
[2025-11-27T10:05:00.500+0000] {processor.py:830} INFO - Processing file /opt/airflow/dags/01_data_fetch_mkCHtbls.py for tasks to queue
[2025-11-27T10:05:00.502+0000] {logging_mixin.py:188} INFO - [2025-11-27T10:05:00.502+0000] {dagbag.py:538} INFO - Filling up the DagBag from /opt/airflow/dags/01_data_fetch_mkCHtbls.py
[2025-11-27T10:05:06.933+0000] {processor.py:840} INFO - DAG(s) 'fetch_data' retrieved from /opt/airflow/dags/01_data_fetch_mkCHtbls.py
[2025-11-27T10:05:06.989+0000] {logging_mixin.py:188} INFO - [2025-11-27T10:05:06.989+0000] {dag.py:3036} INFO - Sync 1 DAGs
[2025-11-27T10:05:07.031+0000] {logging_mixin.py:188} INFO - [2025-11-27T10:05:07.030+0000] {dag.py:3823} INFO - Setting next_dagrun for fetch_data to 2025-11-27 00:00:00+00:00, run_after=2025-11-28 00:00:00+00:00
[2025-11-27T10:05:07.068+0000] {processor.py:183} INFO - Processing /opt/airflow/dags/01_data_fetch_mkCHtbls.py took 6.578 seconds
[2025-11-27T10:05:37.498+0000] {processor.py:161} INFO - Started process (PID=12557) to work on /opt/airflow/dags/01_data_fetch_mkCHtbls.py
[2025-11-27T10:05:37.501+0000] {processor.py:830} INFO - Processing file /opt/airflow/dags/01_data_fetch_mkCHtbls.py for tasks to queue
[2025-11-27T10:05:37.506+0000] {logging_mixin.py:188} INFO - [2025-11-27T10:05:37.504+0000] {dagbag.py:538} INFO - Filling up the DagBag from /opt/airflow/dags/01_data_fetch_mkCHtbls.py
[2025-11-27T10:05:43.673+0000] {processor.py:840} INFO - DAG(s) 'fetch_data' retrieved from /opt/airflow/dags/01_data_fetch_mkCHtbls.py
[2025-11-27T10:05:43.723+0000] {logging_mixin.py:188} INFO - [2025-11-27T10:05:43.723+0000] {dag.py:3036} INFO - Sync 1 DAGs
[2025-11-27T10:05:43.780+0000] {logging_mixin.py:188} INFO - [2025-11-27T10:05:43.780+0000] {dag.py:3823} INFO - Setting next_dagrun for fetch_data to 2025-11-27 00:00:00+00:00, run_after=2025-11-28 00:00:00+00:00
[2025-11-27T10:05:43.814+0000] {processor.py:183} INFO - Processing /opt/airflow/dags/01_data_fetch_mkCHtbls.py took 6.328 seconds
[2025-11-27T10:06:13.918+0000] {processor.py:161} INFO - Started process (PID=12627) to work on /opt/airflow/dags/01_data_fetch_mkCHtbls.py
[2025-11-27T10:06:13.920+0000] {processor.py:830} INFO - Processing file /opt/airflow/dags/01_data_fetch_mkCHtbls.py for tasks to queue
[2025-11-27T10:06:13.923+0000] {logging_mixin.py:188} INFO - [2025-11-27T10:06:13.922+0000] {dagbag.py:538} INFO - Filling up the DagBag from /opt/airflow/dags/01_data_fetch_mkCHtbls.py
[2025-11-27T10:06:19.517+0000] {processor.py:840} INFO - DAG(s) 'fetch_data' retrieved from /opt/airflow/dags/01_data_fetch_mkCHtbls.py
[2025-11-27T10:06:19.572+0000] {logging_mixin.py:188} INFO - [2025-11-27T10:06:19.572+0000] {dag.py:3036} INFO - Sync 1 DAGs
[2025-11-27T10:06:19.625+0000] {logging_mixin.py:188} INFO - [2025-11-27T10:06:19.625+0000] {dag.py:3823} INFO - Setting next_dagrun for fetch_data to 2025-11-27 00:00:00+00:00, run_after=2025-11-28 00:00:00+00:00
[2025-11-27T10:06:19.689+0000] {processor.py:183} INFO - Processing /opt/airflow/dags/01_data_fetch_mkCHtbls.py took 5.778 seconds
[2025-11-27T10:06:49.937+0000] {processor.py:161} INFO - Started process (PID=12697) to work on /opt/airflow/dags/01_data_fetch_mkCHtbls.py
[2025-11-27T10:06:49.939+0000] {processor.py:830} INFO - Processing file /opt/airflow/dags/01_data_fetch_mkCHtbls.py for tasks to queue
[2025-11-27T10:06:49.941+0000] {logging_mixin.py:188} INFO - [2025-11-27T10:06:49.940+0000] {dagbag.py:538} INFO - Filling up the DagBag from /opt/airflow/dags/01_data_fetch_mkCHtbls.py
[2025-11-27T10:06:57.137+0000] {processor.py:840} INFO - DAG(s) 'fetch_data' retrieved from /opt/airflow/dags/01_data_fetch_mkCHtbls.py
[2025-11-27T10:06:57.219+0000] {logging_mixin.py:188} INFO - [2025-11-27T10:06:57.218+0000] {dag.py:3036} INFO - Sync 1 DAGs
[2025-11-27T10:06:57.275+0000] {logging_mixin.py:188} INFO - [2025-11-27T10:06:57.274+0000] {dag.py:3823} INFO - Setting next_dagrun for fetch_data to 2025-11-27 00:00:00+00:00, run_after=2025-11-28 00:00:00+00:00
[2025-11-27T10:06:57.330+0000] {processor.py:183} INFO - Processing /opt/airflow/dags/01_data_fetch_mkCHtbls.py took 7.398 seconds
[2025-11-27T10:07:27.715+0000] {processor.py:161} INFO - Started process (PID=12767) to work on /opt/airflow/dags/01_data_fetch_mkCHtbls.py
[2025-11-27T10:07:27.717+0000] {processor.py:830} INFO - Processing file /opt/airflow/dags/01_data_fetch_mkCHtbls.py for tasks to queue
[2025-11-27T10:07:27.721+0000] {logging_mixin.py:188} INFO - [2025-11-27T10:07:27.720+0000] {dagbag.py:538} INFO - Filling up the DagBag from /opt/airflow/dags/01_data_fetch_mkCHtbls.py
[2025-11-27T10:07:34.574+0000] {processor.py:840} INFO - DAG(s) 'fetch_data' retrieved from /opt/airflow/dags/01_data_fetch_mkCHtbls.py
[2025-11-27T10:07:34.649+0000] {logging_mixin.py:188} INFO - [2025-11-27T10:07:34.648+0000] {dag.py:3036} INFO - Sync 1 DAGs
[2025-11-27T10:07:34.734+0000] {logging_mixin.py:188} INFO - [2025-11-27T10:07:34.733+0000] {dag.py:3823} INFO - Setting next_dagrun for fetch_data to 2025-11-27 00:00:00+00:00, run_after=2025-11-28 00:00:00+00:00
[2025-11-27T10:07:34.816+0000] {processor.py:183} INFO - Processing /opt/airflow/dags/01_data_fetch_mkCHtbls.py took 7.112 seconds
[2025-11-27T10:08:05.442+0000] {processor.py:161} INFO - Started process (PID=12904) to work on /opt/airflow/dags/01_data_fetch_mkCHtbls.py
[2025-11-27T10:08:05.444+0000] {processor.py:830} INFO - Processing file /opt/airflow/dags/01_data_fetch_mkCHtbls.py for tasks to queue
[2025-11-27T10:08:05.446+0000] {logging_mixin.py:188} INFO - [2025-11-27T10:08:05.446+0000] {dagbag.py:538} INFO - Filling up the DagBag from /opt/airflow/dags/01_data_fetch_mkCHtbls.py
[2025-11-27T10:08:13.141+0000] {processor.py:840} INFO - DAG(s) 'fetch_data' retrieved from /opt/airflow/dags/01_data_fetch_mkCHtbls.py
[2025-11-27T10:08:13.202+0000] {logging_mixin.py:188} INFO - [2025-11-27T10:08:13.201+0000] {dag.py:3036} INFO - Sync 1 DAGs
[2025-11-27T10:08:13.246+0000] {logging_mixin.py:188} INFO - [2025-11-27T10:08:13.245+0000] {dag.py:3823} INFO - Setting next_dagrun for fetch_data to 2025-11-27 00:00:00+00:00, run_after=2025-11-28 00:00:00+00:00
[2025-11-27T10:08:13.309+0000] {processor.py:183} INFO - Processing /opt/airflow/dags/01_data_fetch_mkCHtbls.py took 7.873 seconds
[2025-11-27T10:08:43.766+0000] {processor.py:161} INFO - Started process (PID=13025) to work on /opt/airflow/dags/01_data_fetch_mkCHtbls.py
[2025-11-27T10:08:43.770+0000] {processor.py:830} INFO - Processing file /opt/airflow/dags/01_data_fetch_mkCHtbls.py for tasks to queue
[2025-11-27T10:08:43.774+0000] {logging_mixin.py:188} INFO - [2025-11-27T10:08:43.773+0000] {dagbag.py:538} INFO - Filling up the DagBag from /opt/airflow/dags/01_data_fetch_mkCHtbls.py
[2025-11-27T10:08:51.053+0000] {processor.py:840} INFO - DAG(s) 'fetch_data' retrieved from /opt/airflow/dags/01_data_fetch_mkCHtbls.py
[2025-11-27T10:08:51.107+0000] {logging_mixin.py:188} INFO - [2025-11-27T10:08:51.107+0000] {dag.py:3036} INFO - Sync 1 DAGs
[2025-11-27T10:08:51.143+0000] {logging_mixin.py:188} INFO - [2025-11-27T10:08:51.143+0000] {dag.py:3823} INFO - Setting next_dagrun for fetch_data to 2025-11-27 00:00:00+00:00, run_after=2025-11-28 00:00:00+00:00
[2025-11-27T10:08:51.192+0000] {processor.py:183} INFO - Processing /opt/airflow/dags/01_data_fetch_mkCHtbls.py took 7.441 seconds
[2025-11-27T10:09:21.403+0000] {processor.py:161} INFO - Started process (PID=13095) to work on /opt/airflow/dags/01_data_fetch_mkCHtbls.py
[2025-11-27T10:09:21.405+0000] {processor.py:830} INFO - Processing file /opt/airflow/dags/01_data_fetch_mkCHtbls.py for tasks to queue
[2025-11-27T10:09:21.409+0000] {logging_mixin.py:188} INFO - [2025-11-27T10:09:21.408+0000] {dagbag.py:538} INFO - Filling up the DagBag from /opt/airflow/dags/01_data_fetch_mkCHtbls.py
[2025-11-27T10:09:27.909+0000] {processor.py:840} INFO - DAG(s) 'fetch_data' retrieved from /opt/airflow/dags/01_data_fetch_mkCHtbls.py
[2025-11-27T10:09:27.967+0000] {logging_mixin.py:188} INFO - [2025-11-27T10:09:27.967+0000] {dag.py:3036} INFO - Sync 1 DAGs
[2025-11-27T10:09:28.007+0000] {logging_mixin.py:188} INFO - [2025-11-27T10:09:28.006+0000] {dag.py:3823} INFO - Setting next_dagrun for fetch_data to 2025-11-27 00:00:00+00:00, run_after=2025-11-28 00:00:00+00:00
[2025-11-27T10:09:28.051+0000] {processor.py:183} INFO - Processing /opt/airflow/dags/01_data_fetch_mkCHtbls.py took 6.654 seconds
[2025-11-27T10:09:50.284+0000] {processor.py:161} INFO - Started process (PID=13165) to work on /opt/airflow/dags/01_data_fetch_mkCHtbls.py
[2025-11-27T10:09:50.286+0000] {processor.py:830} INFO - Processing file /opt/airflow/dags/01_data_fetch_mkCHtbls.py for tasks to queue
[2025-11-27T10:09:50.288+0000] {logging_mixin.py:188} INFO - [2025-11-27T10:09:50.287+0000] {dagbag.py:538} INFO - Filling up the DagBag from /opt/airflow/dags/01_data_fetch_mkCHtbls.py
[2025-11-27T10:09:56.005+0000] {processor.py:840} INFO - DAG(s) 'fetch_data' retrieved from /opt/airflow/dags/01_data_fetch_mkCHtbls.py
[2025-11-27T10:09:56.216+0000] {logging_mixin.py:188} INFO - [2025-11-27T10:09:56.215+0000] {dag.py:3036} INFO - Sync 1 DAGs
[2025-11-27T10:09:56.265+0000] {logging_mixin.py:188} INFO - [2025-11-27T10:09:56.265+0000] {dag.py:3823} INFO - Setting next_dagrun for fetch_data to 2025-11-27 00:00:00+00:00, run_after=2025-11-28 00:00:00+00:00
[2025-11-27T10:09:56.314+0000] {processor.py:183} INFO - Processing /opt/airflow/dags/01_data_fetch_mkCHtbls.py took 6.036 seconds
[2025-11-27T10:09:57.353+0000] {processor.py:161} INFO - Started process (PID=13189) to work on /opt/airflow/dags/01_data_fetch_mkCHtbls.py
[2025-11-27T10:09:57.355+0000] {processor.py:830} INFO - Processing file /opt/airflow/dags/01_data_fetch_mkCHtbls.py for tasks to queue
[2025-11-27T10:09:57.358+0000] {logging_mixin.py:188} INFO - [2025-11-27T10:09:57.357+0000] {dagbag.py:538} INFO - Filling up the DagBag from /opt/airflow/dags/01_data_fetch_mkCHtbls.py
[2025-11-27T10:10:03.678+0000] {processor.py:840} INFO - DAG(s) 'fetch_data' retrieved from /opt/airflow/dags/01_data_fetch_mkCHtbls.py
[2025-11-27T10:10:03.716+0000] {logging_mixin.py:188} INFO - [2025-11-27T10:10:03.716+0000] {dag.py:3036} INFO - Sync 1 DAGs
[2025-11-27T10:10:03.771+0000] {logging_mixin.py:188} INFO - [2025-11-27T10:10:03.770+0000] {dag.py:3823} INFO - Setting next_dagrun for fetch_data to 2025-11-27 00:00:00+00:00, run_after=2025-11-28 00:00:00+00:00
[2025-11-27T10:10:03.827+0000] {processor.py:183} INFO - Processing /opt/airflow/dags/01_data_fetch_mkCHtbls.py took 6.481 seconds
[2025-11-27T10:10:34.472+0000] {processor.py:161} INFO - Started process (PID=13306) to work on /opt/airflow/dags/01_data_fetch_mkCHtbls.py
[2025-11-27T10:10:34.477+0000] {processor.py:830} INFO - Processing file /opt/airflow/dags/01_data_fetch_mkCHtbls.py for tasks to queue
[2025-11-27T10:10:34.482+0000] {logging_mixin.py:188} INFO - [2025-11-27T10:10:34.480+0000] {dagbag.py:538} INFO - Filling up the DagBag from /opt/airflow/dags/01_data_fetch_mkCHtbls.py
[2025-11-27T10:10:43.739+0000] {processor.py:840} INFO - DAG(s) 'fetch_data' retrieved from /opt/airflow/dags/01_data_fetch_mkCHtbls.py
[2025-11-27T10:10:43.800+0000] {logging_mixin.py:188} INFO - [2025-11-27T10:10:43.799+0000] {dag.py:3036} INFO - Sync 1 DAGs
[2025-11-27T10:10:43.839+0000] {logging_mixin.py:188} INFO - [2025-11-27T10:10:43.839+0000] {dag.py:3823} INFO - Setting next_dagrun for fetch_data to 2025-11-27 00:00:00+00:00, run_after=2025-11-28 00:00:00+00:00
[2025-11-27T10:10:43.881+0000] {processor.py:183} INFO - Processing /opt/airflow/dags/01_data_fetch_mkCHtbls.py took 9.427 seconds
[2025-11-27T10:11:14.083+0000] {processor.py:161} INFO - Started process (PID=13485) to work on /opt/airflow/dags/01_data_fetch_mkCHtbls.py
[2025-11-27T10:11:14.088+0000] {processor.py:830} INFO - Processing file /opt/airflow/dags/01_data_fetch_mkCHtbls.py for tasks to queue
[2025-11-27T10:11:14.090+0000] {logging_mixin.py:188} INFO - [2025-11-27T10:11:14.089+0000] {dagbag.py:538} INFO - Filling up the DagBag from /opt/airflow/dags/01_data_fetch_mkCHtbls.py
[2025-11-27T10:11:20.906+0000] {processor.py:840} INFO - DAG(s) 'fetch_data' retrieved from /opt/airflow/dags/01_data_fetch_mkCHtbls.py
[2025-11-27T10:11:20.962+0000] {logging_mixin.py:188} INFO - [2025-11-27T10:11:20.961+0000] {dag.py:3036} INFO - Sync 1 DAGs
[2025-11-27T10:11:21.004+0000] {logging_mixin.py:188} INFO - [2025-11-27T10:11:21.003+0000] {dag.py:3823} INFO - Setting next_dagrun for fetch_data to 2025-11-27 00:00:00+00:00, run_after=2025-11-28 00:00:00+00:00
[2025-11-27T10:11:21.042+0000] {processor.py:183} INFO - Processing /opt/airflow/dags/01_data_fetch_mkCHtbls.py took 6.968 seconds
[2025-11-27T10:11:52.069+0000] {processor.py:161} INFO - Started process (PID=13576) to work on /opt/airflow/dags/01_data_fetch_mkCHtbls.py
[2025-11-27T10:11:52.072+0000] {processor.py:830} INFO - Processing file /opt/airflow/dags/01_data_fetch_mkCHtbls.py for tasks to queue
[2025-11-27T10:11:52.076+0000] {logging_mixin.py:188} INFO - [2025-11-27T10:11:52.075+0000] {dagbag.py:538} INFO - Filling up the DagBag from /opt/airflow/dags/01_data_fetch_mkCHtbls.py
[2025-11-27T10:11:57.932+0000] {processor.py:840} INFO - DAG(s) 'fetch_data' retrieved from /opt/airflow/dags/01_data_fetch_mkCHtbls.py
[2025-11-27T10:11:57.986+0000] {logging_mixin.py:188} INFO - [2025-11-27T10:11:57.985+0000] {dag.py:3036} INFO - Sync 1 DAGs
[2025-11-27T10:11:58.025+0000] {logging_mixin.py:188} INFO - [2025-11-27T10:11:58.025+0000] {dag.py:3823} INFO - Setting next_dagrun for fetch_data to 2025-11-27 00:00:00+00:00, run_after=2025-11-28 00:00:00+00:00
[2025-11-27T10:11:58.078+0000] {processor.py:183} INFO - Processing /opt/airflow/dags/01_data_fetch_mkCHtbls.py took 6.023 seconds
[2025-11-27T10:12:28.885+0000] {processor.py:161} INFO - Started process (PID=13666) to work on /opt/airflow/dags/01_data_fetch_mkCHtbls.py
[2025-11-27T10:12:28.888+0000] {processor.py:830} INFO - Processing file /opt/airflow/dags/01_data_fetch_mkCHtbls.py for tasks to queue
[2025-11-27T10:12:28.890+0000] {logging_mixin.py:188} INFO - [2025-11-27T10:12:28.889+0000] {dagbag.py:538} INFO - Filling up the DagBag from /opt/airflow/dags/01_data_fetch_mkCHtbls.py
[2025-11-27T10:12:37.581+0000] {processor.py:840} INFO - DAG(s) 'fetch_data' retrieved from /opt/airflow/dags/01_data_fetch_mkCHtbls.py
[2025-11-27T10:12:37.612+0000] {logging_mixin.py:188} INFO - [2025-11-27T10:12:37.612+0000] {dag.py:3036} INFO - Sync 1 DAGs
[2025-11-27T10:12:37.658+0000] {logging_mixin.py:188} INFO - [2025-11-27T10:12:37.658+0000] {dag.py:3823} INFO - Setting next_dagrun for fetch_data to 2025-11-27 00:00:00+00:00, run_after=2025-11-28 00:00:00+00:00
[2025-11-27T10:12:37.704+0000] {processor.py:183} INFO - Processing /opt/airflow/dags/01_data_fetch_mkCHtbls.py took 8.830 seconds
[2025-11-27T10:13:08.092+0000] {processor.py:161} INFO - Started process (PID=13841) to work on /opt/airflow/dags/01_data_fetch_mkCHtbls.py
[2025-11-27T10:13:08.094+0000] {processor.py:830} INFO - Processing file /opt/airflow/dags/01_data_fetch_mkCHtbls.py for tasks to queue
[2025-11-27T10:13:08.097+0000] {logging_mixin.py:188} INFO - [2025-11-27T10:13:08.096+0000] {dagbag.py:538} INFO - Filling up the DagBag from /opt/airflow/dags/01_data_fetch_mkCHtbls.py
[2025-11-27T10:13:14.947+0000] {processor.py:840} INFO - DAG(s) 'fetch_data' retrieved from /opt/airflow/dags/01_data_fetch_mkCHtbls.py
[2025-11-27T10:13:15.148+0000] {logging_mixin.py:188} INFO - [2025-11-27T10:13:15.147+0000] {dag.py:3036} INFO - Sync 1 DAGs
[2025-11-27T10:13:15.184+0000] {logging_mixin.py:188} INFO - [2025-11-27T10:13:15.184+0000] {dag.py:3823} INFO - Setting next_dagrun for fetch_data to 2025-11-27 00:00:00+00:00, run_after=2025-11-28 00:00:00+00:00
[2025-11-27T10:13:15.239+0000] {processor.py:183} INFO - Processing /opt/airflow/dags/01_data_fetch_mkCHtbls.py took 7.153 seconds
[2025-11-27T10:13:45.325+0000] {processor.py:161} INFO - Started process (PID=14032) to work on /opt/airflow/dags/01_data_fetch_mkCHtbls.py
[2025-11-27T10:13:45.327+0000] {processor.py:830} INFO - Processing file /opt/airflow/dags/01_data_fetch_mkCHtbls.py for tasks to queue
[2025-11-27T10:13:45.330+0000] {logging_mixin.py:188} INFO - [2025-11-27T10:13:45.329+0000] {dagbag.py:538} INFO - Filling up the DagBag from /opt/airflow/dags/01_data_fetch_mkCHtbls.py
[2025-11-27T10:13:51.672+0000] {processor.py:840} INFO - DAG(s) 'fetch_data' retrieved from /opt/airflow/dags/01_data_fetch_mkCHtbls.py
[2025-11-27T10:13:51.750+0000] {logging_mixin.py:188} INFO - [2025-11-27T10:13:51.750+0000] {dag.py:3036} INFO - Sync 1 DAGs
[2025-11-27T10:13:51.900+0000] {logging_mixin.py:188} INFO - [2025-11-27T10:13:51.898+0000] {dag.py:3823} INFO - Setting next_dagrun for fetch_data to 2025-11-27 00:00:00+00:00, run_after=2025-11-28 00:00:00+00:00
[2025-11-27T10:13:51.996+0000] {processor.py:183} INFO - Processing /opt/airflow/dags/01_data_fetch_mkCHtbls.py took 6.678 seconds
[2025-11-27T10:14:22.647+0000] {processor.py:161} INFO - Started process (PID=14102) to work on /opt/airflow/dags/01_data_fetch_mkCHtbls.py
[2025-11-27T10:14:22.649+0000] {processor.py:830} INFO - Processing file /opt/airflow/dags/01_data_fetch_mkCHtbls.py for tasks to queue
[2025-11-27T10:14:22.653+0000] {logging_mixin.py:188} INFO - [2025-11-27T10:14:22.652+0000] {dagbag.py:538} INFO - Filling up the DagBag from /opt/airflow/dags/01_data_fetch_mkCHtbls.py
[2025-11-27T10:14:30.031+0000] {processor.py:840} INFO - DAG(s) 'fetch_data' retrieved from /opt/airflow/dags/01_data_fetch_mkCHtbls.py
[2025-11-27T10:14:30.079+0000] {logging_mixin.py:188} INFO - [2025-11-27T10:14:30.079+0000] {dag.py:3036} INFO - Sync 1 DAGs
[2025-11-27T10:14:30.117+0000] {logging_mixin.py:188} INFO - [2025-11-27T10:14:30.116+0000] {dag.py:3823} INFO - Setting next_dagrun for fetch_data to 2025-11-27 00:00:00+00:00, run_after=2025-11-28 00:00:00+00:00
[2025-11-27T10:14:30.154+0000] {processor.py:183} INFO - Processing /opt/airflow/dags/01_data_fetch_mkCHtbls.py took 7.515 seconds
[2025-11-27T10:15:00.630+0000] {processor.py:161} INFO - Started process (PID=14405) to work on /opt/airflow/dags/01_data_fetch_mkCHtbls.py
[2025-11-27T10:15:00.633+0000] {processor.py:830} INFO - Processing file /opt/airflow/dags/01_data_fetch_mkCHtbls.py for tasks to queue
[2025-11-27T10:15:00.637+0000] {logging_mixin.py:188} INFO - [2025-11-27T10:15:00.635+0000] {dagbag.py:538} INFO - Filling up the DagBag from /opt/airflow/dags/01_data_fetch_mkCHtbls.py
[2025-11-27T10:15:07.373+0000] {processor.py:840} INFO - DAG(s) 'fetch_data' retrieved from /opt/airflow/dags/01_data_fetch_mkCHtbls.py
[2025-11-27T10:15:07.428+0000] {logging_mixin.py:188} INFO - [2025-11-27T10:15:07.427+0000] {dag.py:3036} INFO - Sync 1 DAGs
[2025-11-27T10:15:07.468+0000] {logging_mixin.py:188} INFO - [2025-11-27T10:15:07.468+0000] {dag.py:3823} INFO - Setting next_dagrun for fetch_data to 2025-11-27 00:00:00+00:00, run_after=2025-11-28 00:00:00+00:00
[2025-11-27T10:15:07.503+0000] {processor.py:183} INFO - Processing /opt/airflow/dags/01_data_fetch_mkCHtbls.py took 6.887 seconds
[2025-11-27T10:15:38.247+0000] {processor.py:161} INFO - Started process (PID=14477) to work on /opt/airflow/dags/01_data_fetch_mkCHtbls.py
[2025-11-27T10:15:38.250+0000] {processor.py:830} INFO - Processing file /opt/airflow/dags/01_data_fetch_mkCHtbls.py for tasks to queue
[2025-11-27T10:15:38.252+0000] {logging_mixin.py:188} INFO - [2025-11-27T10:15:38.251+0000] {dagbag.py:538} INFO - Filling up the DagBag from /opt/airflow/dags/01_data_fetch_mkCHtbls.py
[2025-11-27T10:15:44.995+0000] {processor.py:840} INFO - DAG(s) 'fetch_data' retrieved from /opt/airflow/dags/01_data_fetch_mkCHtbls.py
[2025-11-27T10:15:45.078+0000] {logging_mixin.py:188} INFO - [2025-11-27T10:15:45.077+0000] {dag.py:3036} INFO - Sync 1 DAGs
[2025-11-27T10:15:45.129+0000] {logging_mixin.py:188} INFO - [2025-11-27T10:15:45.129+0000] {dag.py:3823} INFO - Setting next_dagrun for fetch_data to 2025-11-27 00:00:00+00:00, run_after=2025-11-28 00:00:00+00:00
[2025-11-27T10:15:45.178+0000] {processor.py:183} INFO - Processing /opt/airflow/dags/01_data_fetch_mkCHtbls.py took 6.938 seconds
[2025-11-27T10:16:15.592+0000] {processor.py:161} INFO - Started process (PID=14572) to work on /opt/airflow/dags/01_data_fetch_mkCHtbls.py
[2025-11-27T10:16:15.595+0000] {processor.py:830} INFO - Processing file /opt/airflow/dags/01_data_fetch_mkCHtbls.py for tasks to queue
[2025-11-27T10:16:15.597+0000] {logging_mixin.py:188} INFO - [2025-11-27T10:16:15.596+0000] {dagbag.py:538} INFO - Filling up the DagBag from /opt/airflow/dags/01_data_fetch_mkCHtbls.py
[2025-11-27T10:16:21.625+0000] {processor.py:840} INFO - DAG(s) 'fetch_data' retrieved from /opt/airflow/dags/01_data_fetch_mkCHtbls.py
[2025-11-27T10:16:21.681+0000] {logging_mixin.py:188} INFO - [2025-11-27T10:16:21.680+0000] {dag.py:3036} INFO - Sync 1 DAGs
[2025-11-27T10:16:21.799+0000] {logging_mixin.py:188} INFO - [2025-11-27T10:16:21.798+0000] {dag.py:3823} INFO - Setting next_dagrun for fetch_data to 2025-11-27 00:00:00+00:00, run_after=2025-11-28 00:00:00+00:00
[2025-11-27T10:16:21.919+0000] {processor.py:183} INFO - Processing /opt/airflow/dags/01_data_fetch_mkCHtbls.py took 6.333 seconds
[2025-11-27T10:16:52.133+0000] {processor.py:161} INFO - Started process (PID=14671) to work on /opt/airflow/dags/01_data_fetch_mkCHtbls.py
[2025-11-27T10:16:52.137+0000] {processor.py:830} INFO - Processing file /opt/airflow/dags/01_data_fetch_mkCHtbls.py for tasks to queue
[2025-11-27T10:16:52.139+0000] {logging_mixin.py:188} INFO - [2025-11-27T10:16:52.138+0000] {dagbag.py:538} INFO - Filling up the DagBag from /opt/airflow/dags/01_data_fetch_mkCHtbls.py
[2025-11-27T10:16:58.430+0000] {processor.py:840} INFO - DAG(s) 'fetch_data' retrieved from /opt/airflow/dags/01_data_fetch_mkCHtbls.py
[2025-11-27T10:16:58.479+0000] {logging_mixin.py:188} INFO - [2025-11-27T10:16:58.479+0000] {dag.py:3036} INFO - Sync 1 DAGs
[2025-11-27T10:16:58.527+0000] {logging_mixin.py:188} INFO - [2025-11-27T10:16:58.526+0000] {dag.py:3823} INFO - Setting next_dagrun for fetch_data to 2025-11-27 00:00:00+00:00, run_after=2025-11-28 00:00:00+00:00
[2025-11-27T10:16:58.557+0000] {processor.py:183} INFO - Processing /opt/airflow/dags/01_data_fetch_mkCHtbls.py took 6.433 seconds
[2025-11-27T10:17:29.129+0000] {processor.py:161} INFO - Started process (PID=14741) to work on /opt/airflow/dags/01_data_fetch_mkCHtbls.py
[2025-11-27T10:17:29.131+0000] {processor.py:830} INFO - Processing file /opt/airflow/dags/01_data_fetch_mkCHtbls.py for tasks to queue
[2025-11-27T10:17:29.133+0000] {logging_mixin.py:188} INFO - [2025-11-27T10:17:29.132+0000] {dagbag.py:538} INFO - Filling up the DagBag from /opt/airflow/dags/01_data_fetch_mkCHtbls.py
[2025-11-27T10:17:35.165+0000] {processor.py:840} INFO - DAG(s) 'fetch_data' retrieved from /opt/airflow/dags/01_data_fetch_mkCHtbls.py
[2025-11-27T10:17:35.264+0000] {logging_mixin.py:188} INFO - [2025-11-27T10:17:35.264+0000] {dag.py:3036} INFO - Sync 1 DAGs
[2025-11-27T10:17:35.307+0000] {logging_mixin.py:188} INFO - [2025-11-27T10:17:35.307+0000] {dag.py:3823} INFO - Setting next_dagrun for fetch_data to 2025-11-27 00:00:00+00:00, run_after=2025-11-28 00:00:00+00:00
[2025-11-27T10:17:35.351+0000] {processor.py:183} INFO - Processing /opt/airflow/dags/01_data_fetch_mkCHtbls.py took 6.231 seconds
[2025-11-27T10:18:05.421+0000] {processor.py:161} INFO - Started process (PID=14811) to work on /opt/airflow/dags/01_data_fetch_mkCHtbls.py
[2025-11-27T10:18:05.424+0000] {processor.py:830} INFO - Processing file /opt/airflow/dags/01_data_fetch_mkCHtbls.py for tasks to queue
[2025-11-27T10:18:05.427+0000] {logging_mixin.py:188} INFO - [2025-11-27T10:18:05.426+0000] {dagbag.py:538} INFO - Filling up the DagBag from /opt/airflow/dags/01_data_fetch_mkCHtbls.py
[2025-11-27T10:18:14.679+0000] {processor.py:840} INFO - DAG(s) 'fetch_data' retrieved from /opt/airflow/dags/01_data_fetch_mkCHtbls.py
[2025-11-27T10:18:14.779+0000] {logging_mixin.py:188} INFO - [2025-11-27T10:18:14.778+0000] {dag.py:3036} INFO - Sync 1 DAGs
[2025-11-27T10:18:14.891+0000] {logging_mixin.py:188} INFO - [2025-11-27T10:18:14.890+0000] {dag.py:3823} INFO - Setting next_dagrun for fetch_data to 2025-11-27 00:00:00+00:00, run_after=2025-11-28 00:00:00+00:00
[2025-11-27T10:18:15.007+0000] {processor.py:183} INFO - Processing /opt/airflow/dags/01_data_fetch_mkCHtbls.py took 9.594 seconds
[2025-11-27T10:18:45.259+0000] {processor.py:161} INFO - Started process (PID=15008) to work on /opt/airflow/dags/01_data_fetch_mkCHtbls.py
[2025-11-27T10:18:45.262+0000] {processor.py:830} INFO - Processing file /opt/airflow/dags/01_data_fetch_mkCHtbls.py for tasks to queue
[2025-11-27T10:18:45.266+0000] {logging_mixin.py:188} INFO - [2025-11-27T10:18:45.265+0000] {dagbag.py:538} INFO - Filling up the DagBag from /opt/airflow/dags/01_data_fetch_mkCHtbls.py
[2025-11-27T10:18:52.228+0000] {processor.py:840} INFO - DAG(s) 'fetch_data' retrieved from /opt/airflow/dags/01_data_fetch_mkCHtbls.py
[2025-11-27T10:18:52.322+0000] {logging_mixin.py:188} INFO - [2025-11-27T10:18:52.321+0000] {dag.py:3036} INFO - Sync 1 DAGs
[2025-11-27T10:18:52.376+0000] {logging_mixin.py:188} INFO - [2025-11-27T10:18:52.375+0000] {dag.py:3823} INFO - Setting next_dagrun for fetch_data to 2025-11-27 00:00:00+00:00, run_after=2025-11-28 00:00:00+00:00
[2025-11-27T10:18:52.433+0000] {processor.py:183} INFO - Processing /opt/airflow/dags/01_data_fetch_mkCHtbls.py took 7.183 seconds
[2025-11-27T10:19:23.070+0000] {processor.py:161} INFO - Started process (PID=15127) to work on /opt/airflow/dags/01_data_fetch_mkCHtbls.py
[2025-11-27T10:19:23.073+0000] {processor.py:830} INFO - Processing file /opt/airflow/dags/01_data_fetch_mkCHtbls.py for tasks to queue
[2025-11-27T10:19:23.076+0000] {logging_mixin.py:188} INFO - [2025-11-27T10:19:23.075+0000] {dagbag.py:538} INFO - Filling up the DagBag from /opt/airflow/dags/01_data_fetch_mkCHtbls.py
[2025-11-27T10:19:29.416+0000] {processor.py:840} INFO - DAG(s) 'fetch_data' retrieved from /opt/airflow/dags/01_data_fetch_mkCHtbls.py
[2025-11-27T10:19:29.464+0000] {logging_mixin.py:188} INFO - [2025-11-27T10:19:29.464+0000] {dag.py:3036} INFO - Sync 1 DAGs
[2025-11-27T10:19:29.502+0000] {logging_mixin.py:188} INFO - [2025-11-27T10:19:29.501+0000] {dag.py:3823} INFO - Setting next_dagrun for fetch_data to 2025-11-27 00:00:00+00:00, run_after=2025-11-28 00:00:00+00:00
[2025-11-27T10:19:29.546+0000] {processor.py:183} INFO - Processing /opt/airflow/dags/01_data_fetch_mkCHtbls.py took 6.484 seconds
[2025-11-27T10:19:59.999+0000] {processor.py:161} INFO - Started process (PID=15197) to work on /opt/airflow/dags/01_data_fetch_mkCHtbls.py
[2025-11-27T10:20:00.001+0000] {processor.py:830} INFO - Processing file /opt/airflow/dags/01_data_fetch_mkCHtbls.py for tasks to queue
[2025-11-27T10:20:00.003+0000] {logging_mixin.py:188} INFO - [2025-11-27T10:20:00.002+0000] {dagbag.py:538} INFO - Filling up the DagBag from /opt/airflow/dags/01_data_fetch_mkCHtbls.py
[2025-11-27T10:20:06.083+0000] {processor.py:840} INFO - DAG(s) 'fetch_data' retrieved from /opt/airflow/dags/01_data_fetch_mkCHtbls.py
[2025-11-27T10:20:06.132+0000] {logging_mixin.py:188} INFO - [2025-11-27T10:20:06.132+0000] {dag.py:3036} INFO - Sync 1 DAGs
[2025-11-27T10:20:06.176+0000] {logging_mixin.py:188} INFO - [2025-11-27T10:20:06.176+0000] {dag.py:3823} INFO - Setting next_dagrun for fetch_data to 2025-11-27 00:00:00+00:00, run_after=2025-11-28 00:00:00+00:00
[2025-11-27T10:20:06.228+0000] {processor.py:183} INFO - Processing /opt/airflow/dags/01_data_fetch_mkCHtbls.py took 6.236 seconds
[2025-11-27T10:20:36.742+0000] {processor.py:161} INFO - Started process (PID=15267) to work on /opt/airflow/dags/01_data_fetch_mkCHtbls.py
[2025-11-27T10:20:36.744+0000] {processor.py:830} INFO - Processing file /opt/airflow/dags/01_data_fetch_mkCHtbls.py for tasks to queue
[2025-11-27T10:20:36.747+0000] {logging_mixin.py:188} INFO - [2025-11-27T10:20:36.746+0000] {dagbag.py:538} INFO - Filling up the DagBag from /opt/airflow/dags/01_data_fetch_mkCHtbls.py
[2025-11-27T10:20:42.820+0000] {processor.py:840} INFO - DAG(s) 'fetch_data' retrieved from /opt/airflow/dags/01_data_fetch_mkCHtbls.py
[2025-11-27T10:20:42.889+0000] {logging_mixin.py:188} INFO - [2025-11-27T10:20:42.888+0000] {dag.py:3036} INFO - Sync 1 DAGs
[2025-11-27T10:20:42.937+0000] {logging_mixin.py:188} INFO - [2025-11-27T10:20:42.937+0000] {dag.py:3823} INFO - Setting next_dagrun for fetch_data to 2025-11-27 00:00:00+00:00, run_after=2025-11-28 00:00:00+00:00
[2025-11-27T10:20:42.984+0000] {processor.py:183} INFO - Processing /opt/airflow/dags/01_data_fetch_mkCHtbls.py took 6.250 seconds
[2025-11-27T10:21:13.162+0000] {processor.py:161} INFO - Started process (PID=15337) to work on /opt/airflow/dags/01_data_fetch_mkCHtbls.py
[2025-11-27T10:21:13.165+0000] {processor.py:830} INFO - Processing file /opt/airflow/dags/01_data_fetch_mkCHtbls.py for tasks to queue
[2025-11-27T10:21:13.169+0000] {logging_mixin.py:188} INFO - [2025-11-27T10:21:13.168+0000] {dagbag.py:538} INFO - Filling up the DagBag from /opt/airflow/dags/01_data_fetch_mkCHtbls.py
[2025-11-27T10:21:19.215+0000] {processor.py:840} INFO - DAG(s) 'fetch_data' retrieved from /opt/airflow/dags/01_data_fetch_mkCHtbls.py
[2025-11-27T10:21:19.276+0000] {logging_mixin.py:188} INFO - [2025-11-27T10:21:19.275+0000] {dag.py:3036} INFO - Sync 1 DAGs
[2025-11-27T10:21:19.317+0000] {logging_mixin.py:188} INFO - [2025-11-27T10:21:19.317+0000] {dag.py:3823} INFO - Setting next_dagrun for fetch_data to 2025-11-27 00:00:00+00:00, run_after=2025-11-28 00:00:00+00:00
[2025-11-27T10:21:19.377+0000] {processor.py:183} INFO - Processing /opt/airflow/dags/01_data_fetch_mkCHtbls.py took 6.226 seconds
[2025-11-27T10:21:49.565+0000] {processor.py:161} INFO - Started process (PID=15412) to work on /opt/airflow/dags/01_data_fetch_mkCHtbls.py
[2025-11-27T10:21:49.567+0000] {processor.py:830} INFO - Processing file /opt/airflow/dags/01_data_fetch_mkCHtbls.py for tasks to queue
[2025-11-27T10:21:49.569+0000] {logging_mixin.py:188} INFO - [2025-11-27T10:21:49.568+0000] {dagbag.py:538} INFO - Filling up the DagBag from /opt/airflow/dags/01_data_fetch_mkCHtbls.py
[2025-11-27T10:21:55.925+0000] {processor.py:840} INFO - DAG(s) 'fetch_data' retrieved from /opt/airflow/dags/01_data_fetch_mkCHtbls.py
[2025-11-27T10:21:55.978+0000] {logging_mixin.py:188} INFO - [2025-11-27T10:21:55.978+0000] {dag.py:3036} INFO - Sync 1 DAGs
[2025-11-27T10:21:56.017+0000] {logging_mixin.py:188} INFO - [2025-11-27T10:21:56.017+0000] {dag.py:3823} INFO - Setting next_dagrun for fetch_data to 2025-11-27 00:00:00+00:00, run_after=2025-11-28 00:00:00+00:00
[2025-11-27T10:21:56.059+0000] {processor.py:183} INFO - Processing /opt/airflow/dags/01_data_fetch_mkCHtbls.py took 6.502 seconds
[2025-11-27T10:22:26.733+0000] {processor.py:161} INFO - Started process (PID=15523) to work on /opt/airflow/dags/01_data_fetch_mkCHtbls.py
[2025-11-27T10:22:26.736+0000] {processor.py:830} INFO - Processing file /opt/airflow/dags/01_data_fetch_mkCHtbls.py for tasks to queue
[2025-11-27T10:22:26.738+0000] {logging_mixin.py:188} INFO - [2025-11-27T10:22:26.737+0000] {dagbag.py:538} INFO - Filling up the DagBag from /opt/airflow/dags/01_data_fetch_mkCHtbls.py
[2025-11-27T10:22:33.091+0000] {processor.py:840} INFO - DAG(s) 'fetch_data' retrieved from /opt/airflow/dags/01_data_fetch_mkCHtbls.py
[2025-11-27T10:22:33.170+0000] {logging_mixin.py:188} INFO - [2025-11-27T10:22:33.170+0000] {dag.py:3036} INFO - Sync 1 DAGs
[2025-11-27T10:22:33.222+0000] {logging_mixin.py:188} INFO - [2025-11-27T10:22:33.222+0000] {dag.py:3823} INFO - Setting next_dagrun for fetch_data to 2025-11-27 00:00:00+00:00, run_after=2025-11-28 00:00:00+00:00
[2025-11-27T10:22:33.295+0000] {processor.py:183} INFO - Processing /opt/airflow/dags/01_data_fetch_mkCHtbls.py took 6.570 seconds
[2025-11-27T10:23:03.438+0000] {processor.py:161} INFO - Started process (PID=15593) to work on /opt/airflow/dags/01_data_fetch_mkCHtbls.py
[2025-11-27T10:23:03.440+0000] {processor.py:830} INFO - Processing file /opt/airflow/dags/01_data_fetch_mkCHtbls.py for tasks to queue
[2025-11-27T10:23:03.443+0000] {logging_mixin.py:188} INFO - [2025-11-27T10:23:03.442+0000] {dagbag.py:538} INFO - Filling up the DagBag from /opt/airflow/dags/01_data_fetch_mkCHtbls.py
[2025-11-27T10:23:09.362+0000] {processor.py:840} INFO - DAG(s) 'fetch_data' retrieved from /opt/airflow/dags/01_data_fetch_mkCHtbls.py
[2025-11-27T10:23:09.429+0000] {logging_mixin.py:188} INFO - [2025-11-27T10:23:09.429+0000] {dag.py:3036} INFO - Sync 1 DAGs
[2025-11-27T10:23:09.473+0000] {logging_mixin.py:188} INFO - [2025-11-27T10:23:09.472+0000] {dag.py:3823} INFO - Setting next_dagrun for fetch_data to 2025-11-27 00:00:00+00:00, run_after=2025-11-28 00:00:00+00:00
[2025-11-27T10:23:09.508+0000] {processor.py:183} INFO - Processing /opt/airflow/dags/01_data_fetch_mkCHtbls.py took 6.077 seconds
[2025-11-27T10:23:40.102+0000] {processor.py:161} INFO - Started process (PID=15663) to work on /opt/airflow/dags/01_data_fetch_mkCHtbls.py
[2025-11-27T10:23:40.106+0000] {processor.py:830} INFO - Processing file /opt/airflow/dags/01_data_fetch_mkCHtbls.py for tasks to queue
[2025-11-27T10:23:40.110+0000] {logging_mixin.py:188} INFO - [2025-11-27T10:23:40.109+0000] {dagbag.py:538} INFO - Filling up the DagBag from /opt/airflow/dags/01_data_fetch_mkCHtbls.py
[2025-11-27T10:23:46.789+0000] {processor.py:840} INFO - DAG(s) 'fetch_data' retrieved from /opt/airflow/dags/01_data_fetch_mkCHtbls.py
[2025-11-27T10:23:46.861+0000] {logging_mixin.py:188} INFO - [2025-11-27T10:23:46.860+0000] {dag.py:3036} INFO - Sync 1 DAGs
[2025-11-27T10:23:46.935+0000] {logging_mixin.py:188} INFO - [2025-11-27T10:23:46.934+0000] {dag.py:3823} INFO - Setting next_dagrun for fetch_data to 2025-11-27 00:00:00+00:00, run_after=2025-11-28 00:00:00+00:00
[2025-11-27T10:23:47.003+0000] {processor.py:183} INFO - Processing /opt/airflow/dags/01_data_fetch_mkCHtbls.py took 6.913 seconds
[2025-11-27T10:24:17.634+0000] {processor.py:161} INFO - Started process (PID=15733) to work on /opt/airflow/dags/01_data_fetch_mkCHtbls.py
[2025-11-27T10:24:17.637+0000] {processor.py:830} INFO - Processing file /opt/airflow/dags/01_data_fetch_mkCHtbls.py for tasks to queue
[2025-11-27T10:24:17.640+0000] {logging_mixin.py:188} INFO - [2025-11-27T10:24:17.639+0000] {dagbag.py:538} INFO - Filling up the DagBag from /opt/airflow/dags/01_data_fetch_mkCHtbls.py
[2025-11-27T10:24:23.668+0000] {processor.py:840} INFO - DAG(s) 'fetch_data' retrieved from /opt/airflow/dags/01_data_fetch_mkCHtbls.py
[2025-11-27T10:24:23.714+0000] {logging_mixin.py:188} INFO - [2025-11-27T10:24:23.714+0000] {dag.py:3036} INFO - Sync 1 DAGs
[2025-11-27T10:24:23.758+0000] {logging_mixin.py:188} INFO - [2025-11-27T10:24:23.757+0000] {dag.py:3823} INFO - Setting next_dagrun for fetch_data to 2025-11-27 00:00:00+00:00, run_after=2025-11-28 00:00:00+00:00
[2025-11-27T10:24:23.803+0000] {processor.py:183} INFO - Processing /opt/airflow/dags/01_data_fetch_mkCHtbls.py took 6.179 seconds
[2025-11-27T10:24:54.285+0000] {processor.py:161} INFO - Started process (PID=15808) to work on /opt/airflow/dags/01_data_fetch_mkCHtbls.py
[2025-11-27T10:24:54.288+0000] {processor.py:830} INFO - Processing file /opt/airflow/dags/01_data_fetch_mkCHtbls.py for tasks to queue
[2025-11-27T10:24:54.291+0000] {logging_mixin.py:188} INFO - [2025-11-27T10:24:54.290+0000] {dagbag.py:538} INFO - Filling up the DagBag from /opt/airflow/dags/01_data_fetch_mkCHtbls.py
[2025-11-27T10:24:59.973+0000] {processor.py:840} INFO - DAG(s) 'fetch_data' retrieved from /opt/airflow/dags/01_data_fetch_mkCHtbls.py
[2025-11-27T10:25:00.054+0000] {logging_mixin.py:188} INFO - [2025-11-27T10:25:00.054+0000] {dag.py:3036} INFO - Sync 1 DAGs
[2025-11-27T10:25:00.101+0000] {logging_mixin.py:188} INFO - [2025-11-27T10:25:00.100+0000] {dag.py:3823} INFO - Setting next_dagrun for fetch_data to 2025-11-27 00:00:00+00:00, run_after=2025-11-28 00:00:00+00:00
[2025-11-27T10:25:00.148+0000] {processor.py:183} INFO - Processing /opt/airflow/dags/01_data_fetch_mkCHtbls.py took 5.872 seconds
[2025-11-27T10:25:30.259+0000] {processor.py:161} INFO - Started process (PID=15878) to work on /opt/airflow/dags/01_data_fetch_mkCHtbls.py
[2025-11-27T10:25:30.262+0000] {processor.py:830} INFO - Processing file /opt/airflow/dags/01_data_fetch_mkCHtbls.py for tasks to queue
[2025-11-27T10:25:30.264+0000] {logging_mixin.py:188} INFO - [2025-11-27T10:25:30.263+0000] {dagbag.py:538} INFO - Filling up the DagBag from /opt/airflow/dags/01_data_fetch_mkCHtbls.py
[2025-11-27T10:25:36.541+0000] {processor.py:840} INFO - DAG(s) 'fetch_data' retrieved from /opt/airflow/dags/01_data_fetch_mkCHtbls.py
[2025-11-27T10:25:36.594+0000] {logging_mixin.py:188} INFO - [2025-11-27T10:25:36.593+0000] {dag.py:3036} INFO - Sync 1 DAGs
[2025-11-27T10:25:36.639+0000] {logging_mixin.py:188} INFO - [2025-11-27T10:25:36.639+0000] {dag.py:3823} INFO - Setting next_dagrun for fetch_data to 2025-11-27 00:00:00+00:00, run_after=2025-11-28 00:00:00+00:00
[2025-11-27T10:25:36.696+0000] {processor.py:183} INFO - Processing /opt/airflow/dags/01_data_fetch_mkCHtbls.py took 6.444 seconds
[2025-11-27T10:26:07.655+0000] {processor.py:161} INFO - Started process (PID=15989) to work on /opt/airflow/dags/01_data_fetch_mkCHtbls.py
[2025-11-27T10:26:07.657+0000] {processor.py:830} INFO - Processing file /opt/airflow/dags/01_data_fetch_mkCHtbls.py for tasks to queue
[2025-11-27T10:26:07.659+0000] {logging_mixin.py:188} INFO - [2025-11-27T10:26:07.659+0000] {dagbag.py:538} INFO - Filling up the DagBag from /opt/airflow/dags/01_data_fetch_mkCHtbls.py
[2025-11-27T10:26:13.728+0000] {processor.py:840} INFO - DAG(s) 'fetch_data' retrieved from /opt/airflow/dags/01_data_fetch_mkCHtbls.py
[2025-11-27T10:26:13.776+0000] {logging_mixin.py:188} INFO - [2025-11-27T10:26:13.775+0000] {dag.py:3036} INFO - Sync 1 DAGs
[2025-11-27T10:26:13.815+0000] {logging_mixin.py:188} INFO - [2025-11-27T10:26:13.814+0000] {dag.py:3823} INFO - Setting next_dagrun for fetch_data to 2025-11-27 00:00:00+00:00, run_after=2025-11-28 00:00:00+00:00
[2025-11-27T10:26:13.852+0000] {processor.py:183} INFO - Processing /opt/airflow/dags/01_data_fetch_mkCHtbls.py took 6.204 seconds
[2025-11-27T10:26:44.365+0000] {processor.py:161} INFO - Started process (PID=16059) to work on /opt/airflow/dags/01_data_fetch_mkCHtbls.py
[2025-11-27T10:26:44.374+0000] {processor.py:830} INFO - Processing file /opt/airflow/dags/01_data_fetch_mkCHtbls.py for tasks to queue
[2025-11-27T10:26:44.382+0000] {logging_mixin.py:188} INFO - [2025-11-27T10:26:44.380+0000] {dagbag.py:538} INFO - Filling up the DagBag from /opt/airflow/dags/01_data_fetch_mkCHtbls.py
[2025-11-27T10:26:50.471+0000] {processor.py:840} INFO - DAG(s) 'fetch_data' retrieved from /opt/airflow/dags/01_data_fetch_mkCHtbls.py
[2025-11-27T10:26:50.518+0000] {logging_mixin.py:188} INFO - [2025-11-27T10:26:50.518+0000] {dag.py:3036} INFO - Sync 1 DAGs
[2025-11-27T10:26:50.555+0000] {logging_mixin.py:188} INFO - [2025-11-27T10:26:50.555+0000] {dag.py:3823} INFO - Setting next_dagrun for fetch_data to 2025-11-27 00:00:00+00:00, run_after=2025-11-28 00:00:00+00:00
[2025-11-27T10:26:50.612+0000] {processor.py:183} INFO - Processing /opt/airflow/dags/01_data_fetch_mkCHtbls.py took 6.281 seconds
[2025-11-27T10:27:21.147+0000] {processor.py:161} INFO - Started process (PID=16129) to work on /opt/airflow/dags/01_data_fetch_mkCHtbls.py
[2025-11-27T10:27:21.149+0000] {processor.py:830} INFO - Processing file /opt/airflow/dags/01_data_fetch_mkCHtbls.py for tasks to queue
[2025-11-27T10:27:21.151+0000] {logging_mixin.py:188} INFO - [2025-11-27T10:27:21.150+0000] {dagbag.py:538} INFO - Filling up the DagBag from /opt/airflow/dags/01_data_fetch_mkCHtbls.py
[2025-11-27T10:27:27.789+0000] {processor.py:840} INFO - DAG(s) 'fetch_data' retrieved from /opt/airflow/dags/01_data_fetch_mkCHtbls.py
[2025-11-27T10:27:27.844+0000] {logging_mixin.py:188} INFO - [2025-11-27T10:27:27.843+0000] {dag.py:3036} INFO - Sync 1 DAGs
[2025-11-27T10:27:27.881+0000] {logging_mixin.py:188} INFO - [2025-11-27T10:27:27.880+0000] {dag.py:3823} INFO - Setting next_dagrun for fetch_data to 2025-11-27 00:00:00+00:00, run_after=2025-11-28 00:00:00+00:00
[2025-11-27T10:27:27.926+0000] {processor.py:183} INFO - Processing /opt/airflow/dags/01_data_fetch_mkCHtbls.py took 6.786 seconds
[2025-11-27T10:27:58.456+0000] {processor.py:161} INFO - Started process (PID=16204) to work on /opt/airflow/dags/01_data_fetch_mkCHtbls.py
[2025-11-27T10:27:58.458+0000] {processor.py:830} INFO - Processing file /opt/airflow/dags/01_data_fetch_mkCHtbls.py for tasks to queue
[2025-11-27T10:27:58.460+0000] {logging_mixin.py:188} INFO - [2025-11-27T10:27:58.459+0000] {dagbag.py:538} INFO - Filling up the DagBag from /opt/airflow/dags/01_data_fetch_mkCHtbls.py
[2025-11-27T10:28:04.126+0000] {processor.py:840} INFO - DAG(s) 'fetch_data' retrieved from /opt/airflow/dags/01_data_fetch_mkCHtbls.py
[2025-11-27T10:28:04.228+0000] {logging_mixin.py:188} INFO - [2025-11-27T10:28:04.227+0000] {dag.py:3036} INFO - Sync 1 DAGs
[2025-11-27T10:28:04.322+0000] {logging_mixin.py:188} INFO - [2025-11-27T10:28:04.321+0000] {dag.py:3823} INFO - Setting next_dagrun for fetch_data to 2025-11-27 00:00:00+00:00, run_after=2025-11-28 00:00:00+00:00
[2025-11-27T10:28:04.399+0000] {processor.py:183} INFO - Processing /opt/airflow/dags/01_data_fetch_mkCHtbls.py took 5.950 seconds
[2025-11-27T10:28:34.897+0000] {processor.py:161} INFO - Started process (PID=16274) to work on /opt/airflow/dags/01_data_fetch_mkCHtbls.py
[2025-11-27T10:28:34.899+0000] {processor.py:830} INFO - Processing file /opt/airflow/dags/01_data_fetch_mkCHtbls.py for tasks to queue
[2025-11-27T10:28:34.902+0000] {logging_mixin.py:188} INFO - [2025-11-27T10:28:34.901+0000] {dagbag.py:538} INFO - Filling up the DagBag from /opt/airflow/dags/01_data_fetch_mkCHtbls.py
[2025-11-27T10:28:40.711+0000] {processor.py:840} INFO - DAG(s) 'fetch_data' retrieved from /opt/airflow/dags/01_data_fetch_mkCHtbls.py
[2025-11-27T10:28:40.759+0000] {logging_mixin.py:188} INFO - [2025-11-27T10:28:40.759+0000] {dag.py:3036} INFO - Sync 1 DAGs
[2025-11-27T10:28:40.797+0000] {logging_mixin.py:188} INFO - [2025-11-27T10:28:40.797+0000] {dag.py:3823} INFO - Setting next_dagrun for fetch_data to 2025-11-27 00:00:00+00:00, run_after=2025-11-28 00:00:00+00:00
[2025-11-27T10:28:40.836+0000] {processor.py:183} INFO - Processing /opt/airflow/dags/01_data_fetch_mkCHtbls.py took 5.946 seconds
[2025-11-27T10:29:11.466+0000] {processor.py:161} INFO - Started process (PID=16364) to work on /opt/airflow/dags/01_data_fetch_mkCHtbls.py
[2025-11-27T10:29:11.469+0000] {processor.py:830} INFO - Processing file /opt/airflow/dags/01_data_fetch_mkCHtbls.py for tasks to queue
[2025-11-27T10:29:11.472+0000] {logging_mixin.py:188} INFO - [2025-11-27T10:29:11.471+0000] {dagbag.py:538} INFO - Filling up the DagBag from /opt/airflow/dags/01_data_fetch_mkCHtbls.py
[2025-11-27T10:29:18.891+0000] {processor.py:840} INFO - DAG(s) 'fetch_data' retrieved from /opt/airflow/dags/01_data_fetch_mkCHtbls.py
[2025-11-27T10:29:18.949+0000] {logging_mixin.py:188} INFO - [2025-11-27T10:29:18.949+0000] {dag.py:3036} INFO - Sync 1 DAGs
[2025-11-27T10:29:18.992+0000] {logging_mixin.py:188} INFO - [2025-11-27T10:29:18.992+0000] {dag.py:3823} INFO - Setting next_dagrun for fetch_data to 2025-11-27 00:00:00+00:00, run_after=2025-11-28 00:00:00+00:00
[2025-11-27T10:29:19.052+0000] {processor.py:183} INFO - Processing /opt/airflow/dags/01_data_fetch_mkCHtbls.py took 7.595 seconds
[2025-11-27T10:29:49.813+0000] {processor.py:161} INFO - Started process (PID=16455) to work on /opt/airflow/dags/01_data_fetch_mkCHtbls.py
[2025-11-27T10:29:49.815+0000] {processor.py:830} INFO - Processing file /opt/airflow/dags/01_data_fetch_mkCHtbls.py for tasks to queue
[2025-11-27T10:29:49.817+0000] {logging_mixin.py:188} INFO - [2025-11-27T10:29:49.817+0000] {dagbag.py:538} INFO - Filling up the DagBag from /opt/airflow/dags/01_data_fetch_mkCHtbls.py
[2025-11-27T10:29:56.125+0000] {processor.py:840} INFO - DAG(s) 'fetch_data' retrieved from /opt/airflow/dags/01_data_fetch_mkCHtbls.py
[2025-11-27T10:29:56.182+0000] {logging_mixin.py:188} INFO - [2025-11-27T10:29:56.182+0000] {dag.py:3036} INFO - Sync 1 DAGs
[2025-11-27T10:29:56.227+0000] {logging_mixin.py:188} INFO - [2025-11-27T10:29:56.227+0000] {dag.py:3823} INFO - Setting next_dagrun for fetch_data to 2025-11-27 00:00:00+00:00, run_after=2025-11-28 00:00:00+00:00
[2025-11-27T10:29:56.285+0000] {processor.py:183} INFO - Processing /opt/airflow/dags/01_data_fetch_mkCHtbls.py took 6.480 seconds
[2025-11-27T10:30:26.567+0000] {processor.py:161} INFO - Started process (PID=16525) to work on /opt/airflow/dags/01_data_fetch_mkCHtbls.py
[2025-11-27T10:30:26.569+0000] {processor.py:830} INFO - Processing file /opt/airflow/dags/01_data_fetch_mkCHtbls.py for tasks to queue
[2025-11-27T10:30:26.571+0000] {logging_mixin.py:188} INFO - [2025-11-27T10:30:26.570+0000] {dagbag.py:538} INFO - Filling up the DagBag from /opt/airflow/dags/01_data_fetch_mkCHtbls.py
[2025-11-27T10:30:32.255+0000] {processor.py:840} INFO - DAG(s) 'fetch_data' retrieved from /opt/airflow/dags/01_data_fetch_mkCHtbls.py
[2025-11-27T10:30:32.323+0000] {logging_mixin.py:188} INFO - [2025-11-27T10:30:32.322+0000] {dag.py:3036} INFO - Sync 1 DAGs
[2025-11-27T10:30:32.375+0000] {logging_mixin.py:188} INFO - [2025-11-27T10:30:32.374+0000] {dag.py:3823} INFO - Setting next_dagrun for fetch_data to 2025-11-27 00:00:00+00:00, run_after=2025-11-28 00:00:00+00:00
[2025-11-27T10:30:32.413+0000] {processor.py:183} INFO - Processing /opt/airflow/dags/01_data_fetch_mkCHtbls.py took 5.852 seconds
[2025-11-27T10:31:02.989+0000] {processor.py:161} INFO - Started process (PID=16600) to work on /opt/airflow/dags/01_data_fetch_mkCHtbls.py
[2025-11-27T10:31:02.992+0000] {processor.py:830} INFO - Processing file /opt/airflow/dags/01_data_fetch_mkCHtbls.py for tasks to queue
[2025-11-27T10:31:02.994+0000] {logging_mixin.py:188} INFO - [2025-11-27T10:31:02.993+0000] {dagbag.py:538} INFO - Filling up the DagBag from /opt/airflow/dags/01_data_fetch_mkCHtbls.py
[2025-11-27T10:31:08.641+0000] {processor.py:840} INFO - DAG(s) 'fetch_data' retrieved from /opt/airflow/dags/01_data_fetch_mkCHtbls.py
[2025-11-27T10:31:08.700+0000] {logging_mixin.py:188} INFO - [2025-11-27T10:31:08.699+0000] {dag.py:3036} INFO - Sync 1 DAGs
[2025-11-27T10:31:08.738+0000] {logging_mixin.py:188} INFO - [2025-11-27T10:31:08.738+0000] {dag.py:3823} INFO - Setting next_dagrun for fetch_data to 2025-11-27 00:00:00+00:00, run_after=2025-11-28 00:00:00+00:00
[2025-11-27T10:31:08.772+0000] {processor.py:183} INFO - Processing /opt/airflow/dags/01_data_fetch_mkCHtbls.py took 5.789 seconds
[2025-11-27T10:31:38.856+0000] {processor.py:161} INFO - Started process (PID=16670) to work on /opt/airflow/dags/01_data_fetch_mkCHtbls.py
[2025-11-27T10:31:38.859+0000] {processor.py:830} INFO - Processing file /opt/airflow/dags/01_data_fetch_mkCHtbls.py for tasks to queue
[2025-11-27T10:31:38.861+0000] {logging_mixin.py:188} INFO - [2025-11-27T10:31:38.860+0000] {dagbag.py:538} INFO - Filling up the DagBag from /opt/airflow/dags/01_data_fetch_mkCHtbls.py
[2025-11-27T10:31:45.020+0000] {processor.py:840} INFO - DAG(s) 'fetch_data' retrieved from /opt/airflow/dags/01_data_fetch_mkCHtbls.py
[2025-11-27T10:31:45.078+0000] {logging_mixin.py:188} INFO - [2025-11-27T10:31:45.078+0000] {dag.py:3036} INFO - Sync 1 DAGs
[2025-11-27T10:31:45.119+0000] {logging_mixin.py:188} INFO - [2025-11-27T10:31:45.119+0000] {dag.py:3823} INFO - Setting next_dagrun for fetch_data to 2025-11-27 00:00:00+00:00, run_after=2025-11-28 00:00:00+00:00
[2025-11-27T10:31:45.172+0000] {processor.py:183} INFO - Processing /opt/airflow/dags/01_data_fetch_mkCHtbls.py took 6.324 seconds
[2025-11-27T10:32:15.532+0000] {processor.py:161} INFO - Started process (PID=16760) to work on /opt/airflow/dags/01_data_fetch_mkCHtbls.py
[2025-11-27T10:32:15.536+0000] {processor.py:830} INFO - Processing file /opt/airflow/dags/01_data_fetch_mkCHtbls.py for tasks to queue
[2025-11-27T10:32:15.542+0000] {logging_mixin.py:188} INFO - [2025-11-27T10:32:15.542+0000] {dagbag.py:538} INFO - Filling up the DagBag from /opt/airflow/dags/01_data_fetch_mkCHtbls.py
[2025-11-27T10:32:20.990+0000] {processor.py:840} INFO - DAG(s) 'fetch_data' retrieved from /opt/airflow/dags/01_data_fetch_mkCHtbls.py
[2025-11-27T10:32:21.048+0000] {logging_mixin.py:188} INFO - [2025-11-27T10:32:21.047+0000] {dag.py:3036} INFO - Sync 1 DAGs
[2025-11-27T10:32:21.098+0000] {logging_mixin.py:188} INFO - [2025-11-27T10:32:21.097+0000] {dag.py:3823} INFO - Setting next_dagrun for fetch_data to 2025-11-27 00:00:00+00:00, run_after=2025-11-28 00:00:00+00:00
[2025-11-27T10:32:21.147+0000] {processor.py:183} INFO - Processing /opt/airflow/dags/01_data_fetch_mkCHtbls.py took 5.623 seconds
[2025-11-27T10:32:51.616+0000] {processor.py:161} INFO - Started process (PID=16830) to work on /opt/airflow/dags/01_data_fetch_mkCHtbls.py
[2025-11-27T10:32:51.619+0000] {processor.py:830} INFO - Processing file /opt/airflow/dags/01_data_fetch_mkCHtbls.py for tasks to queue
[2025-11-27T10:32:51.622+0000] {logging_mixin.py:188} INFO - [2025-11-27T10:32:51.621+0000] {dagbag.py:538} INFO - Filling up the DagBag from /opt/airflow/dags/01_data_fetch_mkCHtbls.py
[2025-11-27T10:32:57.963+0000] {processor.py:840} INFO - DAG(s) 'fetch_data' retrieved from /opt/airflow/dags/01_data_fetch_mkCHtbls.py
[2025-11-27T10:32:58.020+0000] {logging_mixin.py:188} INFO - [2025-11-27T10:32:58.020+0000] {dag.py:3036} INFO - Sync 1 DAGs
[2025-11-27T10:32:58.055+0000] {logging_mixin.py:188} INFO - [2025-11-27T10:32:58.054+0000] {dag.py:3823} INFO - Setting next_dagrun for fetch_data to 2025-11-27 00:00:00+00:00, run_after=2025-11-28 00:00:00+00:00
[2025-11-27T10:32:58.098+0000] {processor.py:183} INFO - Processing /opt/airflow/dags/01_data_fetch_mkCHtbls.py took 6.489 seconds
[2025-11-27T10:33:28.689+0000] {processor.py:161} INFO - Started process (PID=16919) to work on /opt/airflow/dags/01_data_fetch_mkCHtbls.py
[2025-11-27T10:33:28.694+0000] {processor.py:830} INFO - Processing file /opt/airflow/dags/01_data_fetch_mkCHtbls.py for tasks to queue
[2025-11-27T10:33:28.697+0000] {logging_mixin.py:188} INFO - [2025-11-27T10:33:28.696+0000] {dagbag.py:538} INFO - Filling up the DagBag from /opt/airflow/dags/01_data_fetch_mkCHtbls.py
[2025-11-27T10:33:34.484+0000] {processor.py:840} INFO - DAG(s) 'fetch_data' retrieved from /opt/airflow/dags/01_data_fetch_mkCHtbls.py
[2025-11-27T10:33:34.543+0000] {logging_mixin.py:188} INFO - [2025-11-27T10:33:34.542+0000] {dag.py:3036} INFO - Sync 1 DAGs
[2025-11-27T10:33:34.601+0000] {logging_mixin.py:188} INFO - [2025-11-27T10:33:34.601+0000] {dag.py:3823} INFO - Setting next_dagrun for fetch_data to 2025-11-27 00:00:00+00:00, run_after=2025-11-28 00:00:00+00:00
[2025-11-27T10:33:34.648+0000] {processor.py:183} INFO - Processing /opt/airflow/dags/01_data_fetch_mkCHtbls.py took 5.967 seconds
[2025-11-27T10:34:05.140+0000] {processor.py:161} INFO - Started process (PID=16996) to work on /opt/airflow/dags/01_data_fetch_mkCHtbls.py
[2025-11-27T10:34:05.142+0000] {processor.py:830} INFO - Processing file /opt/airflow/dags/01_data_fetch_mkCHtbls.py for tasks to queue
[2025-11-27T10:34:05.145+0000] {logging_mixin.py:188} INFO - [2025-11-27T10:34:05.144+0000] {dagbag.py:538} INFO - Filling up the DagBag from /opt/airflow/dags/01_data_fetch_mkCHtbls.py
[2025-11-27T10:34:10.515+0000] {processor.py:840} INFO - DAG(s) 'fetch_data' retrieved from /opt/airflow/dags/01_data_fetch_mkCHtbls.py
[2025-11-27T10:34:10.570+0000] {logging_mixin.py:188} INFO - [2025-11-27T10:34:10.570+0000] {dag.py:3036} INFO - Sync 1 DAGs
[2025-11-27T10:34:10.608+0000] {logging_mixin.py:188} INFO - [2025-11-27T10:34:10.607+0000] {dag.py:3823} INFO - Setting next_dagrun for fetch_data to 2025-11-27 00:00:00+00:00, run_after=2025-11-28 00:00:00+00:00
[2025-11-27T10:34:10.643+0000] {processor.py:183} INFO - Processing /opt/airflow/dags/01_data_fetch_mkCHtbls.py took 5.510 seconds
[2025-11-27T10:34:41.068+0000] {processor.py:161} INFO - Started process (PID=17066) to work on /opt/airflow/dags/01_data_fetch_mkCHtbls.py
[2025-11-27T10:34:41.071+0000] {processor.py:830} INFO - Processing file /opt/airflow/dags/01_data_fetch_mkCHtbls.py for tasks to queue
[2025-11-27T10:34:41.073+0000] {logging_mixin.py:188} INFO - [2025-11-27T10:34:41.072+0000] {dagbag.py:538} INFO - Filling up the DagBag from /opt/airflow/dags/01_data_fetch_mkCHtbls.py
[2025-11-27T10:34:47.546+0000] {processor.py:840} INFO - DAG(s) 'fetch_data' retrieved from /opt/airflow/dags/01_data_fetch_mkCHtbls.py
[2025-11-27T10:34:47.596+0000] {logging_mixin.py:188} INFO - [2025-11-27T10:34:47.596+0000] {dag.py:3036} INFO - Sync 1 DAGs
[2025-11-27T10:34:47.636+0000] {logging_mixin.py:188} INFO - [2025-11-27T10:34:47.636+0000] {dag.py:3823} INFO - Setting next_dagrun for fetch_data to 2025-11-27 00:00:00+00:00, run_after=2025-11-28 00:00:00+00:00
[2025-11-27T10:34:47.673+0000] {processor.py:183} INFO - Processing /opt/airflow/dags/01_data_fetch_mkCHtbls.py took 6.612 seconds
[2025-11-27T10:35:17.968+0000] {processor.py:161} INFO - Started process (PID=17156) to work on /opt/airflow/dags/01_data_fetch_mkCHtbls.py
[2025-11-27T10:35:17.971+0000] {processor.py:830} INFO - Processing file /opt/airflow/dags/01_data_fetch_mkCHtbls.py for tasks to queue
[2025-11-27T10:35:17.974+0000] {logging_mixin.py:188} INFO - [2025-11-27T10:35:17.973+0000] {dagbag.py:538} INFO - Filling up the DagBag from /opt/airflow/dags/01_data_fetch_mkCHtbls.py
[2025-11-27T10:35:23.880+0000] {processor.py:840} INFO - DAG(s) 'fetch_data' retrieved from /opt/airflow/dags/01_data_fetch_mkCHtbls.py
[2025-11-27T10:35:23.929+0000] {logging_mixin.py:188} INFO - [2025-11-27T10:35:23.928+0000] {dag.py:3036} INFO - Sync 1 DAGs
[2025-11-27T10:35:23.967+0000] {logging_mixin.py:188} INFO - [2025-11-27T10:35:23.967+0000] {dag.py:3823} INFO - Setting next_dagrun for fetch_data to 2025-11-27 00:00:00+00:00, run_after=2025-11-28 00:00:00+00:00
[2025-11-27T10:35:24.003+0000] {processor.py:183} INFO - Processing /opt/airflow/dags/01_data_fetch_mkCHtbls.py took 6.041 seconds
[2025-11-27T10:35:54.253+0000] {processor.py:161} INFO - Started process (PID=17226) to work on /opt/airflow/dags/01_data_fetch_mkCHtbls.py
[2025-11-27T10:35:54.256+0000] {processor.py:830} INFO - Processing file /opt/airflow/dags/01_data_fetch_mkCHtbls.py for tasks to queue
[2025-11-27T10:35:54.261+0000] {logging_mixin.py:188} INFO - [2025-11-27T10:35:54.260+0000] {dagbag.py:538} INFO - Filling up the DagBag from /opt/airflow/dags/01_data_fetch_mkCHtbls.py
[2025-11-27T10:36:00.650+0000] {processor.py:840} INFO - DAG(s) 'fetch_data' retrieved from /opt/airflow/dags/01_data_fetch_mkCHtbls.py
[2025-11-27T10:36:00.723+0000] {logging_mixin.py:188} INFO - [2025-11-27T10:36:00.723+0000] {dag.py:3036} INFO - Sync 1 DAGs
[2025-11-27T10:36:00.764+0000] {logging_mixin.py:188} INFO - [2025-11-27T10:36:00.763+0000] {dag.py:3823} INFO - Setting next_dagrun for fetch_data to 2025-11-27 00:00:00+00:00, run_after=2025-11-28 00:00:00+00:00
[2025-11-27T10:36:00.803+0000] {processor.py:183} INFO - Processing /opt/airflow/dags/01_data_fetch_mkCHtbls.py took 6.562 seconds
[2025-11-27T10:36:31.104+0000] {processor.py:161} INFO - Started process (PID=17296) to work on /opt/airflow/dags/01_data_fetch_mkCHtbls.py
[2025-11-27T10:36:31.106+0000] {processor.py:830} INFO - Processing file /opt/airflow/dags/01_data_fetch_mkCHtbls.py for tasks to queue
[2025-11-27T10:36:31.108+0000] {logging_mixin.py:188} INFO - [2025-11-27T10:36:31.107+0000] {dagbag.py:538} INFO - Filling up the DagBag from /opt/airflow/dags/01_data_fetch_mkCHtbls.py
[2025-11-27T10:36:36.825+0000] {processor.py:840} INFO - DAG(s) 'fetch_data' retrieved from /opt/airflow/dags/01_data_fetch_mkCHtbls.py
[2025-11-27T10:36:36.888+0000] {logging_mixin.py:188} INFO - [2025-11-27T10:36:36.888+0000] {dag.py:3036} INFO - Sync 1 DAGs
[2025-11-27T10:36:37.036+0000] {logging_mixin.py:188} INFO - [2025-11-27T10:36:37.036+0000] {dag.py:3823} INFO - Setting next_dagrun for fetch_data to 2025-11-27 00:00:00+00:00, run_after=2025-11-28 00:00:00+00:00
[2025-11-27T10:36:37.082+0000] {processor.py:183} INFO - Processing /opt/airflow/dags/01_data_fetch_mkCHtbls.py took 5.985 seconds
[2025-11-27T10:37:07.852+0000] {processor.py:161} INFO - Started process (PID=17371) to work on /opt/airflow/dags/01_data_fetch_mkCHtbls.py
[2025-11-27T10:37:07.855+0000] {processor.py:830} INFO - Processing file /opt/airflow/dags/01_data_fetch_mkCHtbls.py for tasks to queue
[2025-11-27T10:37:07.857+0000] {logging_mixin.py:188} INFO - [2025-11-27T10:37:07.857+0000] {dagbag.py:538} INFO - Filling up the DagBag from /opt/airflow/dags/01_data_fetch_mkCHtbls.py
[2025-11-27T10:37:14.259+0000] {processor.py:840} INFO - DAG(s) 'fetch_data' retrieved from /opt/airflow/dags/01_data_fetch_mkCHtbls.py
[2025-11-27T10:37:14.357+0000] {logging_mixin.py:188} INFO - [2025-11-27T10:37:14.356+0000] {dag.py:3036} INFO - Sync 1 DAGs
[2025-11-27T10:37:14.419+0000] {logging_mixin.py:188} INFO - [2025-11-27T10:37:14.418+0000] {dag.py:3823} INFO - Setting next_dagrun for fetch_data to 2025-11-27 00:00:00+00:00, run_after=2025-11-28 00:00:00+00:00
[2025-11-27T10:37:14.478+0000] {processor.py:183} INFO - Processing /opt/airflow/dags/01_data_fetch_mkCHtbls.py took 6.635 seconds
[2025-11-27T10:37:44.583+0000] {processor.py:161} INFO - Started process (PID=17462) to work on /opt/airflow/dags/01_data_fetch_mkCHtbls.py
[2025-11-27T10:37:44.586+0000] {processor.py:830} INFO - Processing file /opt/airflow/dags/01_data_fetch_mkCHtbls.py for tasks to queue
[2025-11-27T10:37:44.588+0000] {logging_mixin.py:188} INFO - [2025-11-27T10:37:44.587+0000] {dagbag.py:538} INFO - Filling up the DagBag from /opt/airflow/dags/01_data_fetch_mkCHtbls.py
[2025-11-27T10:37:50.346+0000] {processor.py:840} INFO - DAG(s) 'fetch_data' retrieved from /opt/airflow/dags/01_data_fetch_mkCHtbls.py
[2025-11-27T10:37:50.398+0000] {logging_mixin.py:188} INFO - [2025-11-27T10:37:50.398+0000] {dag.py:3036} INFO - Sync 1 DAGs
[2025-11-27T10:37:50.439+0000] {logging_mixin.py:188} INFO - [2025-11-27T10:37:50.438+0000] {dag.py:3823} INFO - Setting next_dagrun for fetch_data to 2025-11-27 00:00:00+00:00, run_after=2025-11-28 00:00:00+00:00
[2025-11-27T10:37:50.476+0000] {processor.py:183} INFO - Processing /opt/airflow/dags/01_data_fetch_mkCHtbls.py took 5.901 seconds
[2025-11-27T10:38:20.535+0000] {processor.py:161} INFO - Started process (PID=17552) to work on /opt/airflow/dags/01_data_fetch_mkCHtbls.py
[2025-11-27T10:38:20.538+0000] {processor.py:830} INFO - Processing file /opt/airflow/dags/01_data_fetch_mkCHtbls.py for tasks to queue
[2025-11-27T10:38:20.540+0000] {logging_mixin.py:188} INFO - [2025-11-27T10:38:20.539+0000] {dagbag.py:538} INFO - Filling up the DagBag from /opt/airflow/dags/01_data_fetch_mkCHtbls.py
[2025-11-27T10:38:27.535+0000] {processor.py:840} INFO - DAG(s) 'fetch_data' retrieved from /opt/airflow/dags/01_data_fetch_mkCHtbls.py
[2025-11-27T10:38:27.594+0000] {logging_mixin.py:188} INFO - [2025-11-27T10:38:27.594+0000] {dag.py:3036} INFO - Sync 1 DAGs
[2025-11-27T10:38:27.630+0000] {logging_mixin.py:188} INFO - [2025-11-27T10:38:27.629+0000] {dag.py:3823} INFO - Setting next_dagrun for fetch_data to 2025-11-27 00:00:00+00:00, run_after=2025-11-28 00:00:00+00:00
[2025-11-27T10:38:27.678+0000] {processor.py:183} INFO - Processing /opt/airflow/dags/01_data_fetch_mkCHtbls.py took 7.149 seconds
[2025-11-27T10:38:58.158+0000] {processor.py:161} INFO - Started process (PID=17622) to work on /opt/airflow/dags/01_data_fetch_mkCHtbls.py
[2025-11-27T10:38:58.161+0000] {processor.py:830} INFO - Processing file /opt/airflow/dags/01_data_fetch_mkCHtbls.py for tasks to queue
[2025-11-27T10:38:58.163+0000] {logging_mixin.py:188} INFO - [2025-11-27T10:38:58.162+0000] {dagbag.py:538} INFO - Filling up the DagBag from /opt/airflow/dags/01_data_fetch_mkCHtbls.py
[2025-11-27T10:39:04.421+0000] {processor.py:840} INFO - DAG(s) 'fetch_data' retrieved from /opt/airflow/dags/01_data_fetch_mkCHtbls.py
[2025-11-27T10:39:04.472+0000] {logging_mixin.py:188} INFO - [2025-11-27T10:39:04.472+0000] {dag.py:3036} INFO - Sync 1 DAGs
[2025-11-27T10:39:04.509+0000] {logging_mixin.py:188} INFO - [2025-11-27T10:39:04.508+0000] {dag.py:3823} INFO - Setting next_dagrun for fetch_data to 2025-11-27 00:00:00+00:00, run_after=2025-11-28 00:00:00+00:00
[2025-11-27T10:39:04.557+0000] {processor.py:183} INFO - Processing /opt/airflow/dags/01_data_fetch_mkCHtbls.py took 6.407 seconds
[2025-11-27T10:39:35.257+0000] {processor.py:161} INFO - Started process (PID=17692) to work on /opt/airflow/dags/01_data_fetch_mkCHtbls.py
[2025-11-27T10:39:35.261+0000] {processor.py:830} INFO - Processing file /opt/airflow/dags/01_data_fetch_mkCHtbls.py for tasks to queue
[2025-11-27T10:39:35.266+0000] {logging_mixin.py:188} INFO - [2025-11-27T10:39:35.264+0000] {dagbag.py:538} INFO - Filling up the DagBag from /opt/airflow/dags/01_data_fetch_mkCHtbls.py
[2025-11-27T10:39:42.810+0000] {processor.py:840} INFO - DAG(s) 'fetch_data' retrieved from /opt/airflow/dags/01_data_fetch_mkCHtbls.py
[2025-11-27T10:39:42.934+0000] {logging_mixin.py:188} INFO - [2025-11-27T10:39:42.933+0000] {dag.py:3036} INFO - Sync 1 DAGs
[2025-11-27T10:39:43.041+0000] {logging_mixin.py:188} INFO - [2025-11-27T10:39:43.040+0000] {dag.py:3823} INFO - Setting next_dagrun for fetch_data to 2025-11-27 00:00:00+00:00, run_after=2025-11-28 00:00:00+00:00
[2025-11-27T10:39:43.101+0000] {processor.py:183} INFO - Processing /opt/airflow/dags/01_data_fetch_mkCHtbls.py took 7.856 seconds
[2025-11-27T10:40:13.790+0000] {processor.py:161} INFO - Started process (PID=17767) to work on /opt/airflow/dags/01_data_fetch_mkCHtbls.py
[2025-11-27T10:40:13.792+0000] {processor.py:830} INFO - Processing file /opt/airflow/dags/01_data_fetch_mkCHtbls.py for tasks to queue
[2025-11-27T10:40:13.795+0000] {logging_mixin.py:188} INFO - [2025-11-27T10:40:13.794+0000] {dagbag.py:538} INFO - Filling up the DagBag from /opt/airflow/dags/01_data_fetch_mkCHtbls.py
[2025-11-27T10:40:20.504+0000] {processor.py:840} INFO - DAG(s) 'fetch_data' retrieved from /opt/airflow/dags/01_data_fetch_mkCHtbls.py
[2025-11-27T10:40:20.582+0000] {logging_mixin.py:188} INFO - [2025-11-27T10:40:20.581+0000] {dag.py:3036} INFO - Sync 1 DAGs
[2025-11-27T10:40:20.652+0000] {logging_mixin.py:188} INFO - [2025-11-27T10:40:20.651+0000] {dag.py:3823} INFO - Setting next_dagrun for fetch_data to 2025-11-27 00:00:00+00:00, run_after=2025-11-28 00:00:00+00:00
[2025-11-27T10:40:20.709+0000] {processor.py:183} INFO - Processing /opt/airflow/dags/01_data_fetch_mkCHtbls.py took 6.927 seconds
[2025-11-27T10:40:51.528+0000] {processor.py:161} INFO - Started process (PID=17837) to work on /opt/airflow/dags/01_data_fetch_mkCHtbls.py
[2025-11-27T10:40:51.531+0000] {processor.py:830} INFO - Processing file /opt/airflow/dags/01_data_fetch_mkCHtbls.py for tasks to queue
[2025-11-27T10:40:51.537+0000] {logging_mixin.py:188} INFO - [2025-11-27T10:40:51.535+0000] {dagbag.py:538} INFO - Filling up the DagBag from /opt/airflow/dags/01_data_fetch_mkCHtbls.py
[2025-11-27T10:40:58.352+0000] {processor.py:840} INFO - DAG(s) 'fetch_data' retrieved from /opt/airflow/dags/01_data_fetch_mkCHtbls.py
[2025-11-27T10:40:58.404+0000] {logging_mixin.py:188} INFO - [2025-11-27T10:40:58.404+0000] {dag.py:3036} INFO - Sync 1 DAGs
[2025-11-27T10:40:58.444+0000] {logging_mixin.py:188} INFO - [2025-11-27T10:40:58.444+0000] {dag.py:3823} INFO - Setting next_dagrun for fetch_data to 2025-11-27 00:00:00+00:00, run_after=2025-11-28 00:00:00+00:00
[2025-11-27T10:40:58.493+0000] {processor.py:183} INFO - Processing /opt/airflow/dags/01_data_fetch_mkCHtbls.py took 6.974 seconds
[2025-11-27T10:41:28.591+0000] {processor.py:161} INFO - Started process (PID=17948) to work on /opt/airflow/dags/01_data_fetch_mkCHtbls.py
[2025-11-27T10:41:28.593+0000] {processor.py:830} INFO - Processing file /opt/airflow/dags/01_data_fetch_mkCHtbls.py for tasks to queue
[2025-11-27T10:41:28.596+0000] {logging_mixin.py:188} INFO - [2025-11-27T10:41:28.595+0000] {dagbag.py:538} INFO - Filling up the DagBag from /opt/airflow/dags/01_data_fetch_mkCHtbls.py
[2025-11-27T10:41:36.557+0000] {processor.py:840} INFO - DAG(s) 'fetch_data' retrieved from /opt/airflow/dags/01_data_fetch_mkCHtbls.py
[2025-11-27T10:41:36.634+0000] {logging_mixin.py:188} INFO - [2025-11-27T10:41:36.634+0000] {dag.py:3036} INFO - Sync 1 DAGs
[2025-11-27T10:41:36.681+0000] {logging_mixin.py:188} INFO - [2025-11-27T10:41:36.681+0000] {dag.py:3823} INFO - Setting next_dagrun for fetch_data to 2025-11-27 00:00:00+00:00, run_after=2025-11-28 00:00:00+00:00
[2025-11-27T10:41:36.749+0000] {processor.py:183} INFO - Processing /opt/airflow/dags/01_data_fetch_mkCHtbls.py took 8.168 seconds
[2025-11-27T10:42:07.292+0000] {processor.py:161} INFO - Started process (PID=18018) to work on /opt/airflow/dags/01_data_fetch_mkCHtbls.py
[2025-11-27T10:42:07.294+0000] {processor.py:830} INFO - Processing file /opt/airflow/dags/01_data_fetch_mkCHtbls.py for tasks to queue
[2025-11-27T10:42:07.297+0000] {logging_mixin.py:188} INFO - [2025-11-27T10:42:07.296+0000] {dagbag.py:538} INFO - Filling up the DagBag from /opt/airflow/dags/01_data_fetch_mkCHtbls.py
[2025-11-27T10:42:14.477+0000] {processor.py:840} INFO - DAG(s) 'fetch_data' retrieved from /opt/airflow/dags/01_data_fetch_mkCHtbls.py
[2025-11-27T10:42:14.538+0000] {logging_mixin.py:188} INFO - [2025-11-27T10:42:14.537+0000] {dag.py:3036} INFO - Sync 1 DAGs
[2025-11-27T10:42:14.576+0000] {logging_mixin.py:188} INFO - [2025-11-27T10:42:14.576+0000] {dag.py:3823} INFO - Setting next_dagrun for fetch_data to 2025-11-27 00:00:00+00:00, run_after=2025-11-28 00:00:00+00:00
[2025-11-27T10:42:14.614+0000] {processor.py:183} INFO - Processing /opt/airflow/dags/01_data_fetch_mkCHtbls.py took 7.331 seconds
[2025-11-27T10:42:45.108+0000] {processor.py:161} INFO - Started process (PID=18093) to work on /opt/airflow/dags/01_data_fetch_mkCHtbls.py
[2025-11-27T10:42:45.111+0000] {processor.py:830} INFO - Processing file /opt/airflow/dags/01_data_fetch_mkCHtbls.py for tasks to queue
[2025-11-27T10:42:45.115+0000] {logging_mixin.py:188} INFO - [2025-11-27T10:42:45.113+0000] {dagbag.py:538} INFO - Filling up the DagBag from /opt/airflow/dags/01_data_fetch_mkCHtbls.py
[2025-11-27T10:42:50.447+0000] {processor.py:840} INFO - DAG(s) 'fetch_data' retrieved from /opt/airflow/dags/01_data_fetch_mkCHtbls.py
[2025-11-27T10:42:50.501+0000] {logging_mixin.py:188} INFO - [2025-11-27T10:42:50.500+0000] {dag.py:3036} INFO - Sync 1 DAGs
[2025-11-27T10:42:50.537+0000] {logging_mixin.py:188} INFO - [2025-11-27T10:42:50.537+0000] {dag.py:3823} INFO - Setting next_dagrun for fetch_data to 2025-11-27 00:00:00+00:00, run_after=2025-11-28 00:00:00+00:00
[2025-11-27T10:42:50.585+0000] {processor.py:183} INFO - Processing /opt/airflow/dags/01_data_fetch_mkCHtbls.py took 5.487 seconds
[2025-11-27T10:43:21.335+0000] {processor.py:161} INFO - Started process (PID=18163) to work on /opt/airflow/dags/01_data_fetch_mkCHtbls.py
[2025-11-27T10:43:21.338+0000] {processor.py:830} INFO - Processing file /opt/airflow/dags/01_data_fetch_mkCHtbls.py for tasks to queue
[2025-11-27T10:43:21.341+0000] {logging_mixin.py:188} INFO - [2025-11-27T10:43:21.340+0000] {dagbag.py:538} INFO - Filling up the DagBag from /opt/airflow/dags/01_data_fetch_mkCHtbls.py
[2025-11-27T10:43:28.034+0000] {processor.py:840} INFO - DAG(s) 'fetch_data' retrieved from /opt/airflow/dags/01_data_fetch_mkCHtbls.py
[2025-11-27T10:43:28.118+0000] {logging_mixin.py:188} INFO - [2025-11-27T10:43:28.117+0000] {dag.py:3036} INFO - Sync 1 DAGs
[2025-11-27T10:43:28.170+0000] {logging_mixin.py:188} INFO - [2025-11-27T10:43:28.170+0000] {dag.py:3823} INFO - Setting next_dagrun for fetch_data to 2025-11-27 00:00:00+00:00, run_after=2025-11-28 00:00:00+00:00
[2025-11-27T10:43:28.207+0000] {processor.py:183} INFO - Processing /opt/airflow/dags/01_data_fetch_mkCHtbls.py took 6.880 seconds
[2025-11-27T10:43:58.991+0000] {processor.py:161} INFO - Started process (PID=18233) to work on /opt/airflow/dags/01_data_fetch_mkCHtbls.py
[2025-11-27T10:43:58.993+0000] {processor.py:830} INFO - Processing file /opt/airflow/dags/01_data_fetch_mkCHtbls.py for tasks to queue
[2025-11-27T10:43:58.997+0000] {logging_mixin.py:188} INFO - [2025-11-27T10:43:58.996+0000] {dagbag.py:538} INFO - Filling up the DagBag from /opt/airflow/dags/01_data_fetch_mkCHtbls.py
[2025-11-27T10:44:05.395+0000] {processor.py:840} INFO - DAG(s) 'fetch_data' retrieved from /opt/airflow/dags/01_data_fetch_mkCHtbls.py
[2025-11-27T10:44:05.465+0000] {logging_mixin.py:188} INFO - [2025-11-27T10:44:05.464+0000] {dag.py:3036} INFO - Sync 1 DAGs
[2025-11-27T10:44:05.523+0000] {logging_mixin.py:188} INFO - [2025-11-27T10:44:05.522+0000] {dag.py:3823} INFO - Setting next_dagrun for fetch_data to 2025-11-27 00:00:00+00:00, run_after=2025-11-28 00:00:00+00:00
[2025-11-27T10:44:05.584+0000] {processor.py:183} INFO - Processing /opt/airflow/dags/01_data_fetch_mkCHtbls.py took 6.600 seconds
[2025-11-27T10:44:36.341+0000] {processor.py:161} INFO - Started process (PID=18342) to work on /opt/airflow/dags/01_data_fetch_mkCHtbls.py
[2025-11-27T10:44:36.345+0000] {processor.py:830} INFO - Processing file /opt/airflow/dags/01_data_fetch_mkCHtbls.py for tasks to queue
[2025-11-27T10:44:36.348+0000] {logging_mixin.py:188} INFO - [2025-11-27T10:44:36.347+0000] {dagbag.py:538} INFO - Filling up the DagBag from /opt/airflow/dags/01_data_fetch_mkCHtbls.py
[2025-11-27T10:44:49.127+0000] {processor.py:840} INFO - DAG(s) 'fetch_data' retrieved from /opt/airflow/dags/01_data_fetch_mkCHtbls.py
[2025-11-27T10:44:49.246+0000] {logging_mixin.py:188} INFO - [2025-11-27T10:44:49.245+0000] {dag.py:3036} INFO - Sync 1 DAGs
[2025-11-27T10:44:49.361+0000] {logging_mixin.py:188} INFO - [2025-11-27T10:44:49.360+0000] {dag.py:3823} INFO - Setting next_dagrun for fetch_data to 2025-11-27 00:00:00+00:00, run_after=2025-11-28 00:00:00+00:00
[2025-11-27T10:44:49.430+0000] {processor.py:183} INFO - Processing /opt/airflow/dags/01_data_fetch_mkCHtbls.py took 13.106 seconds
[2025-11-27T10:45:19.531+0000] {processor.py:161} INFO - Started process (PID=18419) to work on /opt/airflow/dags/01_data_fetch_mkCHtbls.py
[2025-11-27T10:45:19.534+0000] {processor.py:830} INFO - Processing file /opt/airflow/dags/01_data_fetch_mkCHtbls.py for tasks to queue
[2025-11-27T10:45:19.536+0000] {logging_mixin.py:188} INFO - [2025-11-27T10:45:19.535+0000] {dagbag.py:538} INFO - Filling up the DagBag from /opt/airflow/dags/01_data_fetch_mkCHtbls.py
[2025-11-27T10:45:26.279+0000] {processor.py:840} INFO - DAG(s) 'fetch_data' retrieved from /opt/airflow/dags/01_data_fetch_mkCHtbls.py
[2025-11-27T10:45:26.332+0000] {logging_mixin.py:188} INFO - [2025-11-27T10:45:26.331+0000] {dag.py:3036} INFO - Sync 1 DAGs
[2025-11-27T10:45:26.380+0000] {logging_mixin.py:188} INFO - [2025-11-27T10:45:26.379+0000] {dag.py:3823} INFO - Setting next_dagrun for fetch_data to 2025-11-27 00:00:00+00:00, run_after=2025-11-28 00:00:00+00:00
[2025-11-27T10:45:26.425+0000] {processor.py:183} INFO - Processing /opt/airflow/dags/01_data_fetch_mkCHtbls.py took 6.901 seconds
[2025-11-27T10:45:56.904+0000] {processor.py:161} INFO - Started process (PID=18489) to work on /opt/airflow/dags/01_data_fetch_mkCHtbls.py
[2025-11-27T10:45:56.906+0000] {processor.py:830} INFO - Processing file /opt/airflow/dags/01_data_fetch_mkCHtbls.py for tasks to queue
[2025-11-27T10:45:56.909+0000] {logging_mixin.py:188} INFO - [2025-11-27T10:45:56.908+0000] {dagbag.py:538} INFO - Filling up the DagBag from /opt/airflow/dags/01_data_fetch_mkCHtbls.py
[2025-11-27T10:46:02.416+0000] {processor.py:840} INFO - DAG(s) 'fetch_data' retrieved from /opt/airflow/dags/01_data_fetch_mkCHtbls.py
[2025-11-27T10:46:02.470+0000] {logging_mixin.py:188} INFO - [2025-11-27T10:46:02.470+0000] {dag.py:3036} INFO - Sync 1 DAGs
[2025-11-27T10:46:02.512+0000] {logging_mixin.py:188} INFO - [2025-11-27T10:46:02.511+0000] {dag.py:3823} INFO - Setting next_dagrun for fetch_data to 2025-11-27 00:00:00+00:00, run_after=2025-11-28 00:00:00+00:00
[2025-11-27T10:46:02.553+0000] {processor.py:183} INFO - Processing /opt/airflow/dags/01_data_fetch_mkCHtbls.py took 5.656 seconds
[2025-11-27T10:46:32.842+0000] {processor.py:161} INFO - Started process (PID=18559) to work on /opt/airflow/dags/01_data_fetch_mkCHtbls.py
[2025-11-27T10:46:32.845+0000] {processor.py:830} INFO - Processing file /opt/airflow/dags/01_data_fetch_mkCHtbls.py for tasks to queue
[2025-11-27T10:46:32.849+0000] {logging_mixin.py:188} INFO - [2025-11-27T10:46:32.848+0000] {dagbag.py:538} INFO - Filling up the DagBag from /opt/airflow/dags/01_data_fetch_mkCHtbls.py
[2025-11-27T10:46:39.043+0000] {processor.py:840} INFO - DAG(s) 'fetch_data' retrieved from /opt/airflow/dags/01_data_fetch_mkCHtbls.py
[2025-11-27T10:46:39.106+0000] {logging_mixin.py:188} INFO - [2025-11-27T10:46:39.106+0000] {dag.py:3036} INFO - Sync 1 DAGs
[2025-11-27T10:46:39.161+0000] {logging_mixin.py:188} INFO - [2025-11-27T10:46:39.161+0000] {dag.py:3823} INFO - Setting next_dagrun for fetch_data to 2025-11-27 00:00:00+00:00, run_after=2025-11-28 00:00:00+00:00
[2025-11-27T10:46:39.215+0000] {processor.py:183} INFO - Processing /opt/airflow/dags/01_data_fetch_mkCHtbls.py took 6.385 seconds
[2025-11-27T10:47:09.314+0000] {processor.py:161} INFO - Started process (PID=18649) to work on /opt/airflow/dags/01_data_fetch_mkCHtbls.py
[2025-11-27T10:47:09.316+0000] {processor.py:830} INFO - Processing file /opt/airflow/dags/01_data_fetch_mkCHtbls.py for tasks to queue
[2025-11-27T10:47:09.318+0000] {logging_mixin.py:188} INFO - [2025-11-27T10:47:09.317+0000] {dagbag.py:538} INFO - Filling up the DagBag from /opt/airflow/dags/01_data_fetch_mkCHtbls.py
[2025-11-27T10:47:15.893+0000] {processor.py:840} INFO - DAG(s) 'fetch_data' retrieved from /opt/airflow/dags/01_data_fetch_mkCHtbls.py
[2025-11-27T10:47:15.948+0000] {logging_mixin.py:188} INFO - [2025-11-27T10:47:15.947+0000] {dag.py:3036} INFO - Sync 1 DAGs
[2025-11-27T10:47:15.991+0000] {logging_mixin.py:188} INFO - [2025-11-27T10:47:15.990+0000] {dag.py:3823} INFO - Setting next_dagrun for fetch_data to 2025-11-27 00:00:00+00:00, run_after=2025-11-28 00:00:00+00:00
[2025-11-27T10:47:16.041+0000] {processor.py:183} INFO - Processing /opt/airflow/dags/01_data_fetch_mkCHtbls.py took 6.734 seconds
[2025-11-27T10:47:46.645+0000] {processor.py:161} INFO - Started process (PID=18738) to work on /opt/airflow/dags/01_data_fetch_mkCHtbls.py
[2025-11-27T10:47:46.647+0000] {processor.py:830} INFO - Processing file /opt/airflow/dags/01_data_fetch_mkCHtbls.py for tasks to queue
[2025-11-27T10:47:46.650+0000] {logging_mixin.py:188} INFO - [2025-11-27T10:47:46.649+0000] {dagbag.py:538} INFO - Filling up the DagBag from /opt/airflow/dags/01_data_fetch_mkCHtbls.py
[2025-11-27T10:47:52.704+0000] {processor.py:840} INFO - DAG(s) 'fetch_data' retrieved from /opt/airflow/dags/01_data_fetch_mkCHtbls.py
[2025-11-27T10:47:52.783+0000] {logging_mixin.py:188} INFO - [2025-11-27T10:47:52.782+0000] {dag.py:3036} INFO - Sync 1 DAGs
[2025-11-27T10:47:52.854+0000] {logging_mixin.py:188} INFO - [2025-11-27T10:47:52.853+0000] {dag.py:3823} INFO - Setting next_dagrun for fetch_data to 2025-11-27 00:00:00+00:00, run_after=2025-11-28 00:00:00+00:00
[2025-11-27T10:47:52.939+0000] {processor.py:183} INFO - Processing /opt/airflow/dags/01_data_fetch_mkCHtbls.py took 6.301 seconds
[2025-11-27T10:48:23.354+0000] {processor.py:161} INFO - Started process (PID=18815) to work on /opt/airflow/dags/01_data_fetch_mkCHtbls.py
[2025-11-27T10:48:23.356+0000] {processor.py:830} INFO - Processing file /opt/airflow/dags/01_data_fetch_mkCHtbls.py for tasks to queue
[2025-11-27T10:48:23.358+0000] {logging_mixin.py:188} INFO - [2025-11-27T10:48:23.358+0000] {dagbag.py:538} INFO - Filling up the DagBag from /opt/airflow/dags/01_data_fetch_mkCHtbls.py
[2025-11-27T10:48:30.007+0000] {processor.py:840} INFO - DAG(s) 'fetch_data' retrieved from /opt/airflow/dags/01_data_fetch_mkCHtbls.py
[2025-11-27T10:48:30.069+0000] {logging_mixin.py:188} INFO - [2025-11-27T10:48:30.069+0000] {dag.py:3036} INFO - Sync 1 DAGs
[2025-11-27T10:48:30.110+0000] {logging_mixin.py:188} INFO - [2025-11-27T10:48:30.110+0000] {dag.py:3823} INFO - Setting next_dagrun for fetch_data to 2025-11-27 00:00:00+00:00, run_after=2025-11-28 00:00:00+00:00
[2025-11-27T10:48:30.151+0000] {processor.py:183} INFO - Processing /opt/airflow/dags/01_data_fetch_mkCHtbls.py took 6.805 seconds
[2025-11-27T10:49:00.744+0000] {processor.py:161} INFO - Started process (PID=18885) to work on /opt/airflow/dags/01_data_fetch_mkCHtbls.py
[2025-11-27T10:49:00.746+0000] {processor.py:830} INFO - Processing file /opt/airflow/dags/01_data_fetch_mkCHtbls.py for tasks to queue
[2025-11-27T10:49:00.748+0000] {logging_mixin.py:188} INFO - [2025-11-27T10:49:00.748+0000] {dagbag.py:538} INFO - Filling up the DagBag from /opt/airflow/dags/01_data_fetch_mkCHtbls.py
[2025-11-27T10:49:06.522+0000] {processor.py:840} INFO - DAG(s) 'fetch_data' retrieved from /opt/airflow/dags/01_data_fetch_mkCHtbls.py
[2025-11-27T10:49:06.577+0000] {logging_mixin.py:188} INFO - [2025-11-27T10:49:06.577+0000] {dag.py:3036} INFO - Sync 1 DAGs
[2025-11-27T10:49:06.636+0000] {logging_mixin.py:188} INFO - [2025-11-27T10:49:06.636+0000] {dag.py:3823} INFO - Setting next_dagrun for fetch_data to 2025-11-27 00:00:00+00:00, run_after=2025-11-28 00:00:00+00:00
[2025-11-27T10:49:06.677+0000] {processor.py:183} INFO - Processing /opt/airflow/dags/01_data_fetch_mkCHtbls.py took 5.940 seconds
[2025-11-27T10:49:37.495+0000] {processor.py:161} INFO - Started process (PID=18955) to work on /opt/airflow/dags/01_data_fetch_mkCHtbls.py
[2025-11-27T10:49:37.510+0000] {processor.py:830} INFO - Processing file /opt/airflow/dags/01_data_fetch_mkCHtbls.py for tasks to queue
[2025-11-27T10:49:37.515+0000] {logging_mixin.py:188} INFO - [2025-11-27T10:49:37.514+0000] {dagbag.py:538} INFO - Filling up the DagBag from /opt/airflow/dags/01_data_fetch_mkCHtbls.py
[2025-11-27T10:49:43.646+0000] {processor.py:840} INFO - DAG(s) 'fetch_data' retrieved from /opt/airflow/dags/01_data_fetch_mkCHtbls.py
[2025-11-27T10:49:43.701+0000] {logging_mixin.py:188} INFO - [2025-11-27T10:49:43.700+0000] {dag.py:3036} INFO - Sync 1 DAGs
[2025-11-27T10:49:43.748+0000] {logging_mixin.py:188} INFO - [2025-11-27T10:49:43.748+0000] {dag.py:3823} INFO - Setting next_dagrun for fetch_data to 2025-11-27 00:00:00+00:00, run_after=2025-11-28 00:00:00+00:00
[2025-11-27T10:49:43.804+0000] {processor.py:183} INFO - Processing /opt/airflow/dags/01_data_fetch_mkCHtbls.py took 6.316 seconds
[2025-11-27T10:50:14.361+0000] {processor.py:161} INFO - Started process (PID=19045) to work on /opt/airflow/dags/01_data_fetch_mkCHtbls.py
[2025-11-27T10:50:14.368+0000] {processor.py:830} INFO - Processing file /opt/airflow/dags/01_data_fetch_mkCHtbls.py for tasks to queue
[2025-11-27T10:50:14.376+0000] {logging_mixin.py:188} INFO - [2025-11-27T10:50:14.375+0000] {dagbag.py:538} INFO - Filling up the DagBag from /opt/airflow/dags/01_data_fetch_mkCHtbls.py
[2025-11-27T10:50:20.768+0000] {processor.py:840} INFO - DAG(s) 'fetch_data' retrieved from /opt/airflow/dags/01_data_fetch_mkCHtbls.py
[2025-11-27T10:50:20.825+0000] {logging_mixin.py:188} INFO - [2025-11-27T10:50:20.825+0000] {dag.py:3036} INFO - Sync 1 DAGs
[2025-11-27T10:50:20.868+0000] {logging_mixin.py:188} INFO - [2025-11-27T10:50:20.868+0000] {dag.py:3823} INFO - Setting next_dagrun for fetch_data to 2025-11-27 00:00:00+00:00, run_after=2025-11-28 00:00:00+00:00
[2025-11-27T10:50:20.905+0000] {processor.py:183} INFO - Processing /opt/airflow/dags/01_data_fetch_mkCHtbls.py took 6.551 seconds
[2025-11-27T10:50:51.283+0000] {processor.py:161} INFO - Started process (PID=19115) to work on /opt/airflow/dags/01_data_fetch_mkCHtbls.py
[2025-11-27T10:50:51.286+0000] {processor.py:830} INFO - Processing file /opt/airflow/dags/01_data_fetch_mkCHtbls.py for tasks to queue
[2025-11-27T10:50:51.288+0000] {logging_mixin.py:188} INFO - [2025-11-27T10:50:51.287+0000] {dagbag.py:538} INFO - Filling up the DagBag from /opt/airflow/dags/01_data_fetch_mkCHtbls.py
[2025-11-27T10:50:58.713+0000] {processor.py:840} INFO - DAG(s) 'fetch_data' retrieved from /opt/airflow/dags/01_data_fetch_mkCHtbls.py
[2025-11-27T10:50:58.776+0000] {logging_mixin.py:188} INFO - [2025-11-27T10:50:58.775+0000] {dag.py:3036} INFO - Sync 1 DAGs
[2025-11-27T10:50:58.816+0000] {logging_mixin.py:188} INFO - [2025-11-27T10:50:58.816+0000] {dag.py:3823} INFO - Setting next_dagrun for fetch_data to 2025-11-27 00:00:00+00:00, run_after=2025-11-28 00:00:00+00:00
[2025-11-27T10:50:59.079+0000] {processor.py:183} INFO - Processing /opt/airflow/dags/01_data_fetch_mkCHtbls.py took 7.807 seconds
[2025-11-27T10:51:29.703+0000] {processor.py:161} INFO - Started process (PID=19209) to work on /opt/airflow/dags/01_data_fetch_mkCHtbls.py
[2025-11-27T10:51:29.705+0000] {processor.py:830} INFO - Processing file /opt/airflow/dags/01_data_fetch_mkCHtbls.py for tasks to queue
[2025-11-27T10:51:29.707+0000] {logging_mixin.py:188} INFO - [2025-11-27T10:51:29.706+0000] {dagbag.py:538} INFO - Filling up the DagBag from /opt/airflow/dags/01_data_fetch_mkCHtbls.py
[2025-11-27T10:51:36.028+0000] {processor.py:840} INFO - DAG(s) 'fetch_data' retrieved from /opt/airflow/dags/01_data_fetch_mkCHtbls.py
[2025-11-27T10:51:36.078+0000] {logging_mixin.py:188} INFO - [2025-11-27T10:51:36.077+0000] {dag.py:3036} INFO - Sync 1 DAGs
[2025-11-27T10:51:36.115+0000] {logging_mixin.py:188} INFO - [2025-11-27T10:51:36.114+0000] {dag.py:3823} INFO - Setting next_dagrun for fetch_data to 2025-11-27 00:00:00+00:00, run_after=2025-11-28 00:00:00+00:00
[2025-11-27T10:51:36.159+0000] {processor.py:183} INFO - Processing /opt/airflow/dags/01_data_fetch_mkCHtbls.py took 6.463 seconds
[2025-11-27T10:52:06.738+0000] {processor.py:161} INFO - Started process (PID=19281) to work on /opt/airflow/dags/01_data_fetch_mkCHtbls.py
[2025-11-27T10:52:06.741+0000] {processor.py:830} INFO - Processing file /opt/airflow/dags/01_data_fetch_mkCHtbls.py for tasks to queue
[2025-11-27T10:52:06.744+0000] {logging_mixin.py:188} INFO - [2025-11-27T10:52:06.743+0000] {dagbag.py:538} INFO - Filling up the DagBag from /opt/airflow/dags/01_data_fetch_mkCHtbls.py
[2025-11-27T10:52:12.175+0000] {processor.py:840} INFO - DAG(s) 'fetch_data' retrieved from /opt/airflow/dags/01_data_fetch_mkCHtbls.py
[2025-11-27T10:52:12.230+0000] {logging_mixin.py:188} INFO - [2025-11-27T10:52:12.230+0000] {dag.py:3036} INFO - Sync 1 DAGs
[2025-11-27T10:52:12.287+0000] {logging_mixin.py:188} INFO - [2025-11-27T10:52:12.287+0000] {dag.py:3823} INFO - Setting next_dagrun for fetch_data to 2025-11-27 00:00:00+00:00, run_after=2025-11-28 00:00:00+00:00
[2025-11-27T10:52:12.329+0000] {processor.py:183} INFO - Processing /opt/airflow/dags/01_data_fetch_mkCHtbls.py took 5.598 seconds
[2025-11-27T10:52:42.437+0000] {processor.py:161} INFO - Started process (PID=19351) to work on /opt/airflow/dags/01_data_fetch_mkCHtbls.py
[2025-11-27T10:52:42.440+0000] {processor.py:830} INFO - Processing file /opt/airflow/dags/01_data_fetch_mkCHtbls.py for tasks to queue
[2025-11-27T10:52:42.443+0000] {logging_mixin.py:188} INFO - [2025-11-27T10:52:42.442+0000] {dagbag.py:538} INFO - Filling up the DagBag from /opt/airflow/dags/01_data_fetch_mkCHtbls.py
[2025-11-27T10:52:48.960+0000] {processor.py:840} INFO - DAG(s) 'fetch_data' retrieved from /opt/airflow/dags/01_data_fetch_mkCHtbls.py
[2025-11-27T10:52:49.058+0000] {logging_mixin.py:188} INFO - [2025-11-27T10:52:49.057+0000] {dag.py:3036} INFO - Sync 1 DAGs
[2025-11-27T10:52:49.101+0000] {logging_mixin.py:188} INFO - [2025-11-27T10:52:49.101+0000] {dag.py:3823} INFO - Setting next_dagrun for fetch_data to 2025-11-27 00:00:00+00:00, run_after=2025-11-28 00:00:00+00:00
[2025-11-27T10:52:49.151+0000] {processor.py:183} INFO - Processing /opt/airflow/dags/01_data_fetch_mkCHtbls.py took 6.725 seconds
[2025-11-27T10:53:19.655+0000] {processor.py:161} INFO - Started process (PID=19441) to work on /opt/airflow/dags/01_data_fetch_mkCHtbls.py
[2025-11-27T10:53:19.658+0000] {processor.py:830} INFO - Processing file /opt/airflow/dags/01_data_fetch_mkCHtbls.py for tasks to queue
[2025-11-27T10:53:19.661+0000] {logging_mixin.py:188} INFO - [2025-11-27T10:53:19.660+0000] {dagbag.py:538} INFO - Filling up the DagBag from /opt/airflow/dags/01_data_fetch_mkCHtbls.py
[2025-11-27T10:53:27.098+0000] {processor.py:840} INFO - DAG(s) 'fetch_data' retrieved from /opt/airflow/dags/01_data_fetch_mkCHtbls.py
[2025-11-27T10:53:27.159+0000] {logging_mixin.py:188} INFO - [2025-11-27T10:53:27.159+0000] {dag.py:3036} INFO - Sync 1 DAGs
[2025-11-27T10:53:27.209+0000] {logging_mixin.py:188} INFO - [2025-11-27T10:53:27.208+0000] {dag.py:3823} INFO - Setting next_dagrun for fetch_data to 2025-11-27 00:00:00+00:00, run_after=2025-11-28 00:00:00+00:00
[2025-11-27T10:53:27.274+0000] {processor.py:183} INFO - Processing /opt/airflow/dags/01_data_fetch_mkCHtbls.py took 7.626 seconds
[2025-11-27T10:53:57.557+0000] {processor.py:161} INFO - Started process (PID=19511) to work on /opt/airflow/dags/01_data_fetch_mkCHtbls.py
[2025-11-27T10:53:57.560+0000] {processor.py:830} INFO - Processing file /opt/airflow/dags/01_data_fetch_mkCHtbls.py for tasks to queue
[2025-11-27T10:53:57.564+0000] {logging_mixin.py:188} INFO - [2025-11-27T10:53:57.562+0000] {dagbag.py:538} INFO - Filling up the DagBag from /opt/airflow/dags/01_data_fetch_mkCHtbls.py
[2025-11-27T10:54:04.447+0000] {processor.py:840} INFO - DAG(s) 'fetch_data' retrieved from /opt/airflow/dags/01_data_fetch_mkCHtbls.py
[2025-11-27T10:54:04.507+0000] {logging_mixin.py:188} INFO - [2025-11-27T10:54:04.506+0000] {dag.py:3036} INFO - Sync 1 DAGs
[2025-11-27T10:54:04.550+0000] {logging_mixin.py:188} INFO - [2025-11-27T10:54:04.550+0000] {dag.py:3823} INFO - Setting next_dagrun for fetch_data to 2025-11-27 00:00:00+00:00, run_after=2025-11-28 00:00:00+00:00
[2025-11-27T10:54:04.605+0000] {processor.py:183} INFO - Processing /opt/airflow/dags/01_data_fetch_mkCHtbls.py took 7.057 seconds
[2025-11-27T10:54:35.279+0000] {processor.py:161} INFO - Started process (PID=19586) to work on /opt/airflow/dags/01_data_fetch_mkCHtbls.py
[2025-11-27T10:54:35.283+0000] {processor.py:830} INFO - Processing file /opt/airflow/dags/01_data_fetch_mkCHtbls.py for tasks to queue
[2025-11-27T10:54:35.287+0000] {logging_mixin.py:188} INFO - [2025-11-27T10:54:35.285+0000] {dagbag.py:538} INFO - Filling up the DagBag from /opt/airflow/dags/01_data_fetch_mkCHtbls.py
[2025-11-27T10:54:42.473+0000] {processor.py:840} INFO - DAG(s) 'fetch_data' retrieved from /opt/airflow/dags/01_data_fetch_mkCHtbls.py
[2025-11-27T10:54:42.523+0000] {logging_mixin.py:188} INFO - [2025-11-27T10:54:42.523+0000] {dag.py:3036} INFO - Sync 1 DAGs
[2025-11-27T10:54:42.562+0000] {logging_mixin.py:188} INFO - [2025-11-27T10:54:42.562+0000] {dag.py:3823} INFO - Setting next_dagrun for fetch_data to 2025-11-27 00:00:00+00:00, run_after=2025-11-28 00:00:00+00:00
[2025-11-27T10:54:42.610+0000] {processor.py:183} INFO - Processing /opt/airflow/dags/01_data_fetch_mkCHtbls.py took 7.341 seconds
[2025-11-27T10:55:12.845+0000] {processor.py:161} INFO - Started process (PID=19675) to work on /opt/airflow/dags/01_data_fetch_mkCHtbls.py
[2025-11-27T10:55:12.851+0000] {processor.py:830} INFO - Processing file /opt/airflow/dags/01_data_fetch_mkCHtbls.py for tasks to queue
[2025-11-27T10:55:12.856+0000] {logging_mixin.py:188} INFO - [2025-11-27T10:55:12.855+0000] {dagbag.py:538} INFO - Filling up the DagBag from /opt/airflow/dags/01_data_fetch_mkCHtbls.py
[2025-11-27T10:55:21.131+0000] {processor.py:840} INFO - DAG(s) 'fetch_data' retrieved from /opt/airflow/dags/01_data_fetch_mkCHtbls.py
[2025-11-27T10:55:21.196+0000] {logging_mixin.py:188} INFO - [2025-11-27T10:55:21.195+0000] {dag.py:3036} INFO - Sync 1 DAGs
[2025-11-27T10:55:21.268+0000] {logging_mixin.py:188} INFO - [2025-11-27T10:55:21.268+0000] {dag.py:3823} INFO - Setting next_dagrun for fetch_data to 2025-11-27 00:00:00+00:00, run_after=2025-11-28 00:00:00+00:00
[2025-11-27T10:55:21.733+0000] {processor.py:183} INFO - Processing /opt/airflow/dags/01_data_fetch_mkCHtbls.py took 8.899 seconds
[2025-11-27T10:55:51.902+0000] {processor.py:161} INFO - Started process (PID=19767) to work on /opt/airflow/dags/01_data_fetch_mkCHtbls.py
[2025-11-27T10:55:51.905+0000] {processor.py:830} INFO - Processing file /opt/airflow/dags/01_data_fetch_mkCHtbls.py for tasks to queue
[2025-11-27T10:55:51.907+0000] {logging_mixin.py:188} INFO - [2025-11-27T10:55:51.906+0000] {dagbag.py:538} INFO - Filling up the DagBag from /opt/airflow/dags/01_data_fetch_mkCHtbls.py
[2025-11-27T10:56:00.091+0000] {processor.py:840} INFO - DAG(s) 'fetch_data' retrieved from /opt/airflow/dags/01_data_fetch_mkCHtbls.py
[2025-11-27T10:56:00.163+0000] {logging_mixin.py:188} INFO - [2025-11-27T10:56:00.162+0000] {dag.py:3036} INFO - Sync 1 DAGs
[2025-11-27T10:56:00.210+0000] {logging_mixin.py:188} INFO - [2025-11-27T10:56:00.210+0000] {dag.py:3823} INFO - Setting next_dagrun for fetch_data to 2025-11-27 00:00:00+00:00, run_after=2025-11-28 00:00:00+00:00
[2025-11-27T10:56:00.265+0000] {processor.py:183} INFO - Processing /opt/airflow/dags/01_data_fetch_mkCHtbls.py took 8.371 seconds
[2025-11-27T10:56:31.029+0000] {processor.py:161} INFO - Started process (PID=19837) to work on /opt/airflow/dags/01_data_fetch_mkCHtbls.py
[2025-11-27T10:56:31.031+0000] {processor.py:830} INFO - Processing file /opt/airflow/dags/01_data_fetch_mkCHtbls.py for tasks to queue
[2025-11-27T10:56:31.033+0000] {logging_mixin.py:188} INFO - [2025-11-27T10:56:31.032+0000] {dagbag.py:538} INFO - Filling up the DagBag from /opt/airflow/dags/01_data_fetch_mkCHtbls.py
[2025-11-27T10:56:37.769+0000] {processor.py:840} INFO - DAG(s) 'fetch_data' retrieved from /opt/airflow/dags/01_data_fetch_mkCHtbls.py
[2025-11-27T10:56:37.841+0000] {logging_mixin.py:188} INFO - [2025-11-27T10:56:37.840+0000] {dag.py:3036} INFO - Sync 1 DAGs
[2025-11-27T10:56:37.914+0000] {logging_mixin.py:188} INFO - [2025-11-27T10:56:37.914+0000] {dag.py:3823} INFO - Setting next_dagrun for fetch_data to 2025-11-27 00:00:00+00:00, run_after=2025-11-28 00:00:00+00:00
[2025-11-27T10:56:37.969+0000] {processor.py:183} INFO - Processing /opt/airflow/dags/01_data_fetch_mkCHtbls.py took 6.947 seconds
[2025-11-27T10:57:08.656+0000] {processor.py:161} INFO - Started process (PID=19912) to work on /opt/airflow/dags/01_data_fetch_mkCHtbls.py
[2025-11-27T10:57:08.659+0000] {processor.py:830} INFO - Processing file /opt/airflow/dags/01_data_fetch_mkCHtbls.py for tasks to queue
[2025-11-27T10:57:08.661+0000] {logging_mixin.py:188} INFO - [2025-11-27T10:57:08.660+0000] {dagbag.py:538} INFO - Filling up the DagBag from /opt/airflow/dags/01_data_fetch_mkCHtbls.py
[2025-11-27T10:57:16.123+0000] {processor.py:840} INFO - DAG(s) 'fetch_data' retrieved from /opt/airflow/dags/01_data_fetch_mkCHtbls.py
[2025-11-27T10:57:16.211+0000] {logging_mixin.py:188} INFO - [2025-11-27T10:57:16.209+0000] {dag.py:3036} INFO - Sync 1 DAGs
[2025-11-27T10:57:16.482+0000] {logging_mixin.py:188} INFO - [2025-11-27T10:57:16.482+0000] {dag.py:3823} INFO - Setting next_dagrun for fetch_data to 2025-11-27 00:00:00+00:00, run_after=2025-11-28 00:00:00+00:00
[2025-11-27T10:57:16.519+0000] {processor.py:183} INFO - Processing /opt/airflow/dags/01_data_fetch_mkCHtbls.py took 7.872 seconds
[2025-11-27T10:57:46.658+0000] {processor.py:161} INFO - Started process (PID=19982) to work on /opt/airflow/dags/01_data_fetch_mkCHtbls.py
[2025-11-27T10:57:46.661+0000] {processor.py:830} INFO - Processing file /opt/airflow/dags/01_data_fetch_mkCHtbls.py for tasks to queue
[2025-11-27T10:57:46.665+0000] {logging_mixin.py:188} INFO - [2025-11-27T10:57:46.663+0000] {dagbag.py:538} INFO - Filling up the DagBag from /opt/airflow/dags/01_data_fetch_mkCHtbls.py
[2025-11-27T10:57:54.729+0000] {processor.py:840} INFO - DAG(s) 'fetch_data' retrieved from /opt/airflow/dags/01_data_fetch_mkCHtbls.py
[2025-11-27T10:57:54.817+0000] {logging_mixin.py:188} INFO - [2025-11-27T10:57:54.815+0000] {dag.py:3036} INFO - Sync 1 DAGs
[2025-11-27T10:57:54.866+0000] {logging_mixin.py:188} INFO - [2025-11-27T10:57:54.865+0000] {dag.py:3823} INFO - Setting next_dagrun for fetch_data to 2025-11-27 00:00:00+00:00, run_after=2025-11-28 00:00:00+00:00
[2025-11-27T10:57:54.904+0000] {processor.py:183} INFO - Processing /opt/airflow/dags/01_data_fetch_mkCHtbls.py took 8.257 seconds
[2025-11-27T10:58:25.239+0000] {processor.py:161} INFO - Started process (PID=20093) to work on /opt/airflow/dags/01_data_fetch_mkCHtbls.py
[2025-11-27T10:58:25.243+0000] {processor.py:830} INFO - Processing file /opt/airflow/dags/01_data_fetch_mkCHtbls.py for tasks to queue
[2025-11-27T10:58:25.246+0000] {logging_mixin.py:188} INFO - [2025-11-27T10:58:25.244+0000] {dagbag.py:538} INFO - Filling up the DagBag from /opt/airflow/dags/01_data_fetch_mkCHtbls.py
[2025-11-27T10:58:33.438+0000] {processor.py:840} INFO - DAG(s) 'fetch_data' retrieved from /opt/airflow/dags/01_data_fetch_mkCHtbls.py
[2025-11-27T10:58:33.576+0000] {logging_mixin.py:188} INFO - [2025-11-27T10:58:33.572+0000] {dag.py:3036} INFO - Sync 1 DAGs
[2025-11-27T10:58:34.038+0000] {logging_mixin.py:188} INFO - [2025-11-27T10:58:34.037+0000] {dag.py:3823} INFO - Setting next_dagrun for fetch_data to 2025-11-27 00:00:00+00:00, run_after=2025-11-28 00:00:00+00:00
[2025-11-27T10:58:34.086+0000] {processor.py:183} INFO - Processing /opt/airflow/dags/01_data_fetch_mkCHtbls.py took 8.862 seconds
[2025-11-27T10:59:04.524+0000] {processor.py:161} INFO - Started process (PID=20163) to work on /opt/airflow/dags/01_data_fetch_mkCHtbls.py
[2025-11-27T10:59:04.528+0000] {processor.py:830} INFO - Processing file /opt/airflow/dags/01_data_fetch_mkCHtbls.py for tasks to queue
[2025-11-27T10:59:04.531+0000] {logging_mixin.py:188} INFO - [2025-11-27T10:59:04.529+0000] {dagbag.py:538} INFO - Filling up the DagBag from /opt/airflow/dags/01_data_fetch_mkCHtbls.py
[2025-11-27T10:59:12.377+0000] {processor.py:840} INFO - DAG(s) 'fetch_data' retrieved from /opt/airflow/dags/01_data_fetch_mkCHtbls.py
[2025-11-27T10:59:12.463+0000] {logging_mixin.py:188} INFO - [2025-11-27T10:59:12.461+0000] {dag.py:3036} INFO - Sync 1 DAGs
[2025-11-27T10:59:12.501+0000] {logging_mixin.py:188} INFO - [2025-11-27T10:59:12.501+0000] {dag.py:3823} INFO - Setting next_dagrun for fetch_data to 2025-11-27 00:00:00+00:00, run_after=2025-11-28 00:00:00+00:00
[2025-11-27T10:59:12.547+0000] {processor.py:183} INFO - Processing /opt/airflow/dags/01_data_fetch_mkCHtbls.py took 8.033 seconds
[2025-11-27T10:59:42.838+0000] {processor.py:161} INFO - Started process (PID=20238) to work on /opt/airflow/dags/01_data_fetch_mkCHtbls.py
[2025-11-27T10:59:42.842+0000] {processor.py:830} INFO - Processing file /opt/airflow/dags/01_data_fetch_mkCHtbls.py for tasks to queue
[2025-11-27T10:59:42.845+0000] {logging_mixin.py:188} INFO - [2025-11-27T10:59:42.843+0000] {dagbag.py:538} INFO - Filling up the DagBag from /opt/airflow/dags/01_data_fetch_mkCHtbls.py
[2025-11-27T10:59:51.394+0000] {processor.py:840} INFO - DAG(s) 'fetch_data' retrieved from /opt/airflow/dags/01_data_fetch_mkCHtbls.py
[2025-11-27T10:59:51.498+0000] {logging_mixin.py:188} INFO - [2025-11-27T10:59:51.496+0000] {dag.py:3036} INFO - Sync 1 DAGs
[2025-11-27T10:59:51.544+0000] {logging_mixin.py:188} INFO - [2025-11-27T10:59:51.543+0000] {dag.py:3823} INFO - Setting next_dagrun for fetch_data to 2025-11-27 00:00:00+00:00, run_after=2025-11-28 00:00:00+00:00
[2025-11-27T10:59:51.875+0000] {processor.py:183} INFO - Processing /opt/airflow/dags/01_data_fetch_mkCHtbls.py took 9.053 seconds
[2025-11-27T11:00:22.342+0000] {processor.py:161} INFO - Started process (PID=20308) to work on /opt/airflow/dags/01_data_fetch_mkCHtbls.py
[2025-11-27T11:00:22.346+0000] {processor.py:830} INFO - Processing file /opt/airflow/dags/01_data_fetch_mkCHtbls.py for tasks to queue
[2025-11-27T11:00:22.348+0000] {logging_mixin.py:188} INFO - [2025-11-27T11:00:22.347+0000] {dagbag.py:538} INFO - Filling up the DagBag from /opt/airflow/dags/01_data_fetch_mkCHtbls.py
[2025-11-27T11:00:30.149+0000] {processor.py:840} INFO - DAG(s) 'fetch_data' retrieved from /opt/airflow/dags/01_data_fetch_mkCHtbls.py
[2025-11-27T11:00:30.481+0000] {logging_mixin.py:188} INFO - [2025-11-27T11:00:30.477+0000] {dag.py:3036} INFO - Sync 1 DAGs
[2025-11-27T11:00:30.519+0000] {logging_mixin.py:188} INFO - [2025-11-27T11:00:30.518+0000] {dag.py:3823} INFO - Setting next_dagrun for fetch_data to 2025-11-27 00:00:00+00:00, run_after=2025-11-28 00:00:00+00:00
[2025-11-27T11:00:30.550+0000] {processor.py:183} INFO - Processing /opt/airflow/dags/01_data_fetch_mkCHtbls.py took 8.217 seconds
[2025-11-27T11:01:00.908+0000] {processor.py:161} INFO - Started process (PID=20396) to work on /opt/airflow/dags/01_data_fetch_mkCHtbls.py
[2025-11-27T11:01:00.911+0000] {processor.py:830} INFO - Processing file /opt/airflow/dags/01_data_fetch_mkCHtbls.py for tasks to queue
[2025-11-27T11:01:00.914+0000] {logging_mixin.py:188} INFO - [2025-11-27T11:01:00.913+0000] {dagbag.py:538} INFO - Filling up the DagBag from /opt/airflow/dags/01_data_fetch_mkCHtbls.py
[2025-11-27T11:01:12.106+0000] {processor.py:840} INFO - DAG(s) 'fetch_data' retrieved from /opt/airflow/dags/01_data_fetch_mkCHtbls.py
[2025-11-27T11:01:12.292+0000] {logging_mixin.py:188} INFO - [2025-11-27T11:01:12.289+0000] {dag.py:3036} INFO - Sync 1 DAGs
[2025-11-27T11:01:12.366+0000] {logging_mixin.py:188} INFO - [2025-11-27T11:01:12.365+0000] {dag.py:3823} INFO - Setting next_dagrun for fetch_data to 2025-11-27 00:00:00+00:00, run_after=2025-11-28 00:00:00+00:00
[2025-11-27T11:01:12.465+0000] {processor.py:183} INFO - Processing /opt/airflow/dags/01_data_fetch_mkCHtbls.py took 11.567 seconds
[2025-11-27T11:01:43.235+0000] {processor.py:161} INFO - Started process (PID=20494) to work on /opt/airflow/dags/01_data_fetch_mkCHtbls.py
[2025-11-27T11:01:43.240+0000] {processor.py:830} INFO - Processing file /opt/airflow/dags/01_data_fetch_mkCHtbls.py for tasks to queue
[2025-11-27T11:01:43.248+0000] {logging_mixin.py:188} INFO - [2025-11-27T11:01:43.244+0000] {dagbag.py:538} INFO - Filling up the DagBag from /opt/airflow/dags/01_data_fetch_mkCHtbls.py
[2025-11-27T11:01:50.647+0000] {processor.py:840} INFO - DAG(s) 'fetch_data' retrieved from /opt/airflow/dags/01_data_fetch_mkCHtbls.py
[2025-11-27T11:01:51.001+0000] {logging_mixin.py:188} INFO - [2025-11-27T11:01:50.997+0000] {dag.py:3036} INFO - Sync 1 DAGs
[2025-11-27T11:01:51.042+0000] {logging_mixin.py:188} INFO - [2025-11-27T11:01:51.042+0000] {dag.py:3823} INFO - Setting next_dagrun for fetch_data to 2025-11-27 00:00:00+00:00, run_after=2025-11-28 00:00:00+00:00
[2025-11-27T11:01:51.082+0000] {processor.py:183} INFO - Processing /opt/airflow/dags/01_data_fetch_mkCHtbls.py took 7.863 seconds
[2025-11-27T11:02:21.798+0000] {processor.py:161} INFO - Started process (PID=20564) to work on /opt/airflow/dags/01_data_fetch_mkCHtbls.py
[2025-11-27T11:02:21.801+0000] {processor.py:830} INFO - Processing file /opt/airflow/dags/01_data_fetch_mkCHtbls.py for tasks to queue
[2025-11-27T11:02:21.804+0000] {logging_mixin.py:188} INFO - [2025-11-27T11:02:21.802+0000] {dagbag.py:538} INFO - Filling up the DagBag from /opt/airflow/dags/01_data_fetch_mkCHtbls.py
[2025-11-27T11:02:29.308+0000] {processor.py:840} INFO - DAG(s) 'fetch_data' retrieved from /opt/airflow/dags/01_data_fetch_mkCHtbls.py
[2025-11-27T11:02:29.392+0000] {logging_mixin.py:188} INFO - [2025-11-27T11:02:29.388+0000] {dag.py:3036} INFO - Sync 1 DAGs
[2025-11-27T11:02:29.439+0000] {logging_mixin.py:188} INFO - [2025-11-27T11:02:29.439+0000] {dag.py:3823} INFO - Setting next_dagrun for fetch_data to 2025-11-27 00:00:00+00:00, run_after=2025-11-28 00:00:00+00:00
[2025-11-27T11:02:29.478+0000] {processor.py:183} INFO - Processing /opt/airflow/dags/01_data_fetch_mkCHtbls.py took 7.688 seconds
[2025-11-27T11:02:59.604+0000] {processor.py:161} INFO - Started process (PID=20634) to work on /opt/airflow/dags/01_data_fetch_mkCHtbls.py
[2025-11-27T11:02:59.608+0000] {processor.py:830} INFO - Processing file /opt/airflow/dags/01_data_fetch_mkCHtbls.py for tasks to queue
[2025-11-27T11:02:59.612+0000] {logging_mixin.py:188} INFO - [2025-11-27T11:02:59.610+0000] {dagbag.py:538} INFO - Filling up the DagBag from /opt/airflow/dags/01_data_fetch_mkCHtbls.py
[2025-11-27T11:03:08.616+0000] {processor.py:840} INFO - DAG(s) 'fetch_data' retrieved from /opt/airflow/dags/01_data_fetch_mkCHtbls.py
[2025-11-27T11:03:08.706+0000] {logging_mixin.py:188} INFO - [2025-11-27T11:03:08.704+0000] {dag.py:3036} INFO - Sync 1 DAGs
[2025-11-27T11:03:08.974+0000] {logging_mixin.py:188} INFO - [2025-11-27T11:03:08.974+0000] {dag.py:3823} INFO - Setting next_dagrun for fetch_data to 2025-11-27 00:00:00+00:00, run_after=2025-11-28 00:00:00+00:00
[2025-11-27T11:03:09.027+0000] {processor.py:183} INFO - Processing /opt/airflow/dags/01_data_fetch_mkCHtbls.py took 9.434 seconds
[2025-11-27T11:03:39.199+0000] {processor.py:161} INFO - Started process (PID=20724) to work on /opt/airflow/dags/01_data_fetch_mkCHtbls.py
[2025-11-27T11:03:39.201+0000] {processor.py:830} INFO - Processing file /opt/airflow/dags/01_data_fetch_mkCHtbls.py for tasks to queue
[2025-11-27T11:03:39.204+0000] {logging_mixin.py:188} INFO - [2025-11-27T11:03:39.202+0000] {dagbag.py:538} INFO - Filling up the DagBag from /opt/airflow/dags/01_data_fetch_mkCHtbls.py
[2025-11-27T11:03:50.185+0000] {processor.py:840} INFO - DAG(s) 'fetch_data' retrieved from /opt/airflow/dags/01_data_fetch_mkCHtbls.py
[2025-11-27T11:03:50.288+0000] {logging_mixin.py:188} INFO - [2025-11-27T11:03:50.285+0000] {dag.py:3036} INFO - Sync 1 DAGs
[2025-11-27T11:03:50.350+0000] {logging_mixin.py:188} INFO - [2025-11-27T11:03:50.349+0000] {dag.py:3823} INFO - Setting next_dagrun for fetch_data to 2025-11-27 00:00:00+00:00, run_after=2025-11-28 00:00:00+00:00
[2025-11-27T11:03:50.392+0000] {processor.py:183} INFO - Processing /opt/airflow/dags/01_data_fetch_mkCHtbls.py took 11.203 seconds
[2025-11-27T11:04:21.085+0000] {processor.py:161} INFO - Started process (PID=20820) to work on /opt/airflow/dags/01_data_fetch_mkCHtbls.py
[2025-11-27T11:04:21.089+0000] {processor.py:830} INFO - Processing file /opt/airflow/dags/01_data_fetch_mkCHtbls.py for tasks to queue
[2025-11-27T11:04:21.093+0000] {logging_mixin.py:188} INFO - [2025-11-27T11:04:21.090+0000] {dagbag.py:538} INFO - Filling up the DagBag from /opt/airflow/dags/01_data_fetch_mkCHtbls.py
[2025-11-27T11:04:28.729+0000] {processor.py:840} INFO - DAG(s) 'fetch_data' retrieved from /opt/airflow/dags/01_data_fetch_mkCHtbls.py
[2025-11-27T11:04:28.791+0000] {logging_mixin.py:188} INFO - [2025-11-27T11:04:28.789+0000] {dag.py:3036} INFO - Sync 1 DAGs
[2025-11-27T11:04:29.167+0000] {logging_mixin.py:188} INFO - [2025-11-27T11:04:29.166+0000] {dag.py:3823} INFO - Setting next_dagrun for fetch_data to 2025-11-27 00:00:00+00:00, run_after=2025-11-28 00:00:00+00:00
[2025-11-27T11:04:29.219+0000] {processor.py:183} INFO - Processing /opt/airflow/dags/01_data_fetch_mkCHtbls.py took 8.144 seconds
[2025-11-27T11:05:00.080+0000] {processor.py:161} INFO - Started process (PID=20890) to work on /opt/airflow/dags/01_data_fetch_mkCHtbls.py
[2025-11-27T11:05:00.084+0000] {processor.py:830} INFO - Processing file /opt/airflow/dags/01_data_fetch_mkCHtbls.py for tasks to queue
[2025-11-27T11:05:00.087+0000] {logging_mixin.py:188} INFO - [2025-11-27T11:05:00.085+0000] {dagbag.py:538} INFO - Filling up the DagBag from /opt/airflow/dags/01_data_fetch_mkCHtbls.py
[2025-11-27T11:05:07.573+0000] {processor.py:840} INFO - DAG(s) 'fetch_data' retrieved from /opt/airflow/dags/01_data_fetch_mkCHtbls.py
[2025-11-27T11:05:07.991+0000] {logging_mixin.py:188} INFO - [2025-11-27T11:05:07.988+0000] {dag.py:3036} INFO - Sync 1 DAGs
[2025-11-27T11:05:08.187+0000] {logging_mixin.py:188} INFO - [2025-11-27T11:05:08.186+0000] {dag.py:3823} INFO - Setting next_dagrun for fetch_data to 2025-11-27 00:00:00+00:00, run_after=2025-11-28 00:00:00+00:00
[2025-11-27T11:05:08.230+0000] {processor.py:183} INFO - Processing /opt/airflow/dags/01_data_fetch_mkCHtbls.py took 8.164 seconds
[2025-11-27T11:05:38.519+0000] {processor.py:161} INFO - Started process (PID=20960) to work on /opt/airflow/dags/01_data_fetch_mkCHtbls.py
[2025-11-27T11:05:38.524+0000] {processor.py:830} INFO - Processing file /opt/airflow/dags/01_data_fetch_mkCHtbls.py for tasks to queue
[2025-11-27T11:05:38.528+0000] {logging_mixin.py:188} INFO - [2025-11-27T11:05:38.526+0000] {dagbag.py:538} INFO - Filling up the DagBag from /opt/airflow/dags/01_data_fetch_mkCHtbls.py
[2025-11-27T11:05:48.625+0000] {processor.py:840} INFO - DAG(s) 'fetch_data' retrieved from /opt/airflow/dags/01_data_fetch_mkCHtbls.py
[2025-11-27T11:05:48.719+0000] {logging_mixin.py:188} INFO - [2025-11-27T11:05:48.717+0000] {dag.py:3036} INFO - Sync 1 DAGs
[2025-11-27T11:05:48.756+0000] {logging_mixin.py:188} INFO - [2025-11-27T11:05:48.756+0000] {dag.py:3823} INFO - Setting next_dagrun for fetch_data to 2025-11-27 00:00:00+00:00, run_after=2025-11-28 00:00:00+00:00
[2025-11-27T11:05:48.802+0000] {processor.py:183} INFO - Processing /opt/airflow/dags/01_data_fetch_mkCHtbls.py took 10.300 seconds
[2025-11-27T11:06:19.611+0000] {processor.py:161} INFO - Started process (PID=21055) to work on /opt/airflow/dags/01_data_fetch_mkCHtbls.py
[2025-11-27T11:06:19.614+0000] {processor.py:830} INFO - Processing file /opt/airflow/dags/01_data_fetch_mkCHtbls.py for tasks to queue
[2025-11-27T11:06:19.618+0000] {logging_mixin.py:188} INFO - [2025-11-27T11:06:19.616+0000] {dagbag.py:538} INFO - Filling up the DagBag from /opt/airflow/dags/01_data_fetch_mkCHtbls.py
[2025-11-27T11:06:30.343+0000] {processor.py:840} INFO - DAG(s) 'fetch_data' retrieved from /opt/airflow/dags/01_data_fetch_mkCHtbls.py
[2025-11-27T11:06:30.868+0000] {logging_mixin.py:188} INFO - [2025-11-27T11:06:30.863+0000] {dag.py:3036} INFO - Sync 1 DAGs
[2025-11-27T11:06:30.937+0000] {logging_mixin.py:188} INFO - [2025-11-27T11:06:30.936+0000] {dag.py:3823} INFO - Setting next_dagrun for fetch_data to 2025-11-27 00:00:00+00:00, run_after=2025-11-28 00:00:00+00:00
[2025-11-27T11:06:30.994+0000] {processor.py:183} INFO - Processing /opt/airflow/dags/01_data_fetch_mkCHtbls.py took 11.400 seconds
[2025-11-27T11:07:01.486+0000] {processor.py:161} INFO - Started process (PID=21144) to work on /opt/airflow/dags/01_data_fetch_mkCHtbls.py
[2025-11-27T11:07:01.489+0000] {processor.py:830} INFO - Processing file /opt/airflow/dags/01_data_fetch_mkCHtbls.py for tasks to queue
[2025-11-27T11:07:01.492+0000] {logging_mixin.py:188} INFO - [2025-11-27T11:07:01.491+0000] {dagbag.py:538} INFO - Filling up the DagBag from /opt/airflow/dags/01_data_fetch_mkCHtbls.py
[2025-11-27T11:07:11.371+0000] {processor.py:840} INFO - DAG(s) 'fetch_data' retrieved from /opt/airflow/dags/01_data_fetch_mkCHtbls.py
[2025-11-27T11:07:11.465+0000] {logging_mixin.py:188} INFO - [2025-11-27T11:07:11.463+0000] {dag.py:3036} INFO - Sync 1 DAGs
[2025-11-27T11:07:11.528+0000] {logging_mixin.py:188} INFO - [2025-11-27T11:07:11.527+0000] {dag.py:3823} INFO - Setting next_dagrun for fetch_data to 2025-11-27 00:00:00+00:00, run_after=2025-11-28 00:00:00+00:00
[2025-11-27T11:07:11.593+0000] {processor.py:183} INFO - Processing /opt/airflow/dags/01_data_fetch_mkCHtbls.py took 10.116 seconds
[2025-11-27T11:07:42.228+0000] {processor.py:161} INFO - Started process (PID=21216) to work on /opt/airflow/dags/01_data_fetch_mkCHtbls.py
[2025-11-27T11:07:42.232+0000] {processor.py:830} INFO - Processing file /opt/airflow/dags/01_data_fetch_mkCHtbls.py for tasks to queue
[2025-11-27T11:07:42.235+0000] {logging_mixin.py:188} INFO - [2025-11-27T11:07:42.234+0000] {dagbag.py:538} INFO - Filling up the DagBag from /opt/airflow/dags/01_data_fetch_mkCHtbls.py
[2025-11-27T11:07:53.075+0000] {processor.py:840} INFO - DAG(s) 'fetch_data' retrieved from /opt/airflow/dags/01_data_fetch_mkCHtbls.py
[2025-11-27T11:07:53.274+0000] {logging_mixin.py:188} INFO - [2025-11-27T11:07:53.270+0000] {dag.py:3036} INFO - Sync 1 DAGs
[2025-11-27T11:07:53.640+0000] {logging_mixin.py:188} INFO - [2025-11-27T11:07:53.639+0000] {dag.py:3823} INFO - Setting next_dagrun for fetch_data to 2025-11-27 00:00:00+00:00, run_after=2025-11-28 00:00:00+00:00
[2025-11-27T11:07:53.681+0000] {processor.py:183} INFO - Processing /opt/airflow/dags/01_data_fetch_mkCHtbls.py took 11.465 seconds
[2025-11-27T11:08:24.557+0000] {processor.py:161} INFO - Started process (PID=21311) to work on /opt/airflow/dags/01_data_fetch_mkCHtbls.py
[2025-11-27T11:08:24.562+0000] {processor.py:830} INFO - Processing file /opt/airflow/dags/01_data_fetch_mkCHtbls.py for tasks to queue
[2025-11-27T11:08:24.583+0000] {logging_mixin.py:188} INFO - [2025-11-27T11:08:24.580+0000] {dagbag.py:538} INFO - Filling up the DagBag from /opt/airflow/dags/01_data_fetch_mkCHtbls.py
[2025-11-27T11:08:35.601+0000] {processor.py:840} INFO - DAG(s) 'fetch_data' retrieved from /opt/airflow/dags/01_data_fetch_mkCHtbls.py
[2025-11-27T11:08:35.728+0000] {logging_mixin.py:188} INFO - [2025-11-27T11:08:35.726+0000] {dag.py:3036} INFO - Sync 1 DAGs
[2025-11-27T11:08:35.788+0000] {logging_mixin.py:188} INFO - [2025-11-27T11:08:35.787+0000] {dag.py:3823} INFO - Setting next_dagrun for fetch_data to 2025-11-27 00:00:00+00:00, run_after=2025-11-28 00:00:00+00:00
[2025-11-27T11:08:35.844+0000] {processor.py:183} INFO - Processing /opt/airflow/dags/01_data_fetch_mkCHtbls.py took 11.304 seconds
[2025-11-27T11:09:06.115+0000] {processor.py:161} INFO - Started process (PID=21381) to work on /opt/airflow/dags/01_data_fetch_mkCHtbls.py
[2025-11-27T11:09:06.118+0000] {processor.py:830} INFO - Processing file /opt/airflow/dags/01_data_fetch_mkCHtbls.py for tasks to queue
[2025-11-27T11:09:06.121+0000] {logging_mixin.py:188} INFO - [2025-11-27T11:09:06.119+0000] {dagbag.py:538} INFO - Filling up the DagBag from /opt/airflow/dags/01_data_fetch_mkCHtbls.py
[2025-11-27T11:09:18.278+0000] {processor.py:840} INFO - DAG(s) 'fetch_data' retrieved from /opt/airflow/dags/01_data_fetch_mkCHtbls.py
[2025-11-27T11:09:18.355+0000] {logging_mixin.py:188} INFO - [2025-11-27T11:09:18.354+0000] {dag.py:3036} INFO - Sync 1 DAGs
[2025-11-27T11:09:18.703+0000] {logging_mixin.py:188} INFO - [2025-11-27T11:09:18.702+0000] {dag.py:3823} INFO - Setting next_dagrun for fetch_data to 2025-11-27 00:00:00+00:00, run_after=2025-11-28 00:00:00+00:00
[2025-11-27T11:09:18.769+0000] {processor.py:183} INFO - Processing /opt/airflow/dags/01_data_fetch_mkCHtbls.py took 12.663 seconds
[2025-11-27T11:09:49.178+0000] {processor.py:161} INFO - Started process (PID=21472) to work on /opt/airflow/dags/01_data_fetch_mkCHtbls.py
[2025-11-27T11:09:49.183+0000] {processor.py:830} INFO - Processing file /opt/airflow/dags/01_data_fetch_mkCHtbls.py for tasks to queue
[2025-11-27T11:09:49.199+0000] {logging_mixin.py:188} INFO - [2025-11-27T11:09:49.198+0000] {dagbag.py:538} INFO - Filling up the DagBag from /opt/airflow/dags/01_data_fetch_mkCHtbls.py
[2025-11-27T11:10:01.319+0000] {processor.py:840} INFO - DAG(s) 'fetch_data' retrieved from /opt/airflow/dags/01_data_fetch_mkCHtbls.py
[2025-11-27T11:10:01.453+0000] {logging_mixin.py:188} INFO - [2025-11-27T11:10:01.450+0000] {dag.py:3036} INFO - Sync 1 DAGs
[2025-11-27T11:10:01.523+0000] {logging_mixin.py:188} INFO - [2025-11-27T11:10:01.522+0000] {dag.py:3823} INFO - Setting next_dagrun for fetch_data to 2025-11-27 00:00:00+00:00, run_after=2025-11-28 00:00:00+00:00
[2025-11-27T11:10:01.589+0000] {processor.py:183} INFO - Processing /opt/airflow/dags/01_data_fetch_mkCHtbls.py took 12.428 seconds
[2025-11-27T11:10:32.386+0000] {processor.py:161} INFO - Started process (PID=21567) to work on /opt/airflow/dags/01_data_fetch_mkCHtbls.py
[2025-11-27T11:10:32.389+0000] {processor.py:830} INFO - Processing file /opt/airflow/dags/01_data_fetch_mkCHtbls.py for tasks to queue
[2025-11-27T11:10:32.391+0000] {logging_mixin.py:188} INFO - [2025-11-27T11:10:32.390+0000] {dagbag.py:538} INFO - Filling up the DagBag from /opt/airflow/dags/01_data_fetch_mkCHtbls.py
[2025-11-27T11:10:39.686+0000] {processor.py:840} INFO - DAG(s) 'fetch_data' retrieved from /opt/airflow/dags/01_data_fetch_mkCHtbls.py
[2025-11-27T11:10:39.768+0000] {logging_mixin.py:188} INFO - [2025-11-27T11:10:39.766+0000] {dag.py:3036} INFO - Sync 1 DAGs
[2025-11-27T11:10:40.016+0000] {logging_mixin.py:188} INFO - [2025-11-27T11:10:40.016+0000] {dag.py:3823} INFO - Setting next_dagrun for fetch_data to 2025-11-27 00:00:00+00:00, run_after=2025-11-28 00:00:00+00:00
[2025-11-27T11:10:40.060+0000] {processor.py:183} INFO - Processing /opt/airflow/dags/01_data_fetch_mkCHtbls.py took 7.683 seconds
[2025-11-27T11:11:10.638+0000] {processor.py:161} INFO - Started process (PID=21637) to work on /opt/airflow/dags/01_data_fetch_mkCHtbls.py
[2025-11-27T11:11:10.641+0000] {processor.py:830} INFO - Processing file /opt/airflow/dags/01_data_fetch_mkCHtbls.py for tasks to queue
[2025-11-27T11:11:10.644+0000] {logging_mixin.py:188} INFO - [2025-11-27T11:11:10.642+0000] {dagbag.py:538} INFO - Filling up the DagBag from /opt/airflow/dags/01_data_fetch_mkCHtbls.py
[2025-11-27T11:11:19.129+0000] {processor.py:840} INFO - DAG(s) 'fetch_data' retrieved from /opt/airflow/dags/01_data_fetch_mkCHtbls.py
[2025-11-27T11:11:19.441+0000] {logging_mixin.py:188} INFO - [2025-11-27T11:11:19.439+0000] {dag.py:3036} INFO - Sync 1 DAGs
[2025-11-27T11:11:19.480+0000] {logging_mixin.py:188} INFO - [2025-11-27T11:11:19.479+0000] {dag.py:3823} INFO - Setting next_dagrun for fetch_data to 2025-11-27 00:00:00+00:00, run_after=2025-11-28 00:00:00+00:00
[2025-11-27T11:11:19.529+0000] {processor.py:183} INFO - Processing /opt/airflow/dags/01_data_fetch_mkCHtbls.py took 8.901 seconds
[2025-11-27T11:11:50.236+0000] {processor.py:161} INFO - Started process (PID=21707) to work on /opt/airflow/dags/01_data_fetch_mkCHtbls.py
[2025-11-27T11:11:50.239+0000] {processor.py:830} INFO - Processing file /opt/airflow/dags/01_data_fetch_mkCHtbls.py for tasks to queue
[2025-11-27T11:11:50.242+0000] {logging_mixin.py:188} INFO - [2025-11-27T11:11:50.240+0000] {dagbag.py:538} INFO - Filling up the DagBag from /opt/airflow/dags/01_data_fetch_mkCHtbls.py
[2025-11-27T11:11:59.638+0000] {processor.py:840} INFO - DAG(s) 'fetch_data' retrieved from /opt/airflow/dags/01_data_fetch_mkCHtbls.py
[2025-11-27T11:11:59.777+0000] {logging_mixin.py:188} INFO - [2025-11-27T11:11:59.774+0000] {dag.py:3036} INFO - Sync 1 DAGs
[2025-11-27T11:11:59.848+0000] {logging_mixin.py:188} INFO - [2025-11-27T11:11:59.847+0000] {dag.py:3823} INFO - Setting next_dagrun for fetch_data to 2025-11-27 00:00:00+00:00, run_after=2025-11-28 00:00:00+00:00
[2025-11-27T11:11:59.894+0000] {processor.py:183} INFO - Processing /opt/airflow/dags/01_data_fetch_mkCHtbls.py took 9.666 seconds
[2025-11-27T11:12:30.185+0000] {processor.py:161} INFO - Started process (PID=21821) to work on /opt/airflow/dags/01_data_fetch_mkCHtbls.py
[2025-11-27T11:12:30.193+0000] {processor.py:830} INFO - Processing file /opt/airflow/dags/01_data_fetch_mkCHtbls.py for tasks to queue
[2025-11-27T11:12:30.201+0000] {logging_mixin.py:188} INFO - [2025-11-27T11:12:30.196+0000] {dagbag.py:538} INFO - Filling up the DagBag from /opt/airflow/dags/01_data_fetch_mkCHtbls.py
[2025-11-27T11:12:40.237+0000] {processor.py:840} INFO - DAG(s) 'fetch_data' retrieved from /opt/airflow/dags/01_data_fetch_mkCHtbls.py
[2025-11-27T11:12:40.428+0000] {logging_mixin.py:188} INFO - [2025-11-27T11:12:40.424+0000] {dag.py:3036} INFO - Sync 1 DAGs
[2025-11-27T11:12:40.494+0000] {logging_mixin.py:188} INFO - [2025-11-27T11:12:40.494+0000] {dag.py:3823} INFO - Setting next_dagrun for fetch_data to 2025-11-27 00:00:00+00:00, run_after=2025-11-28 00:00:00+00:00
[2025-11-27T11:12:40.554+0000] {processor.py:183} INFO - Processing /opt/airflow/dags/01_data_fetch_mkCHtbls.py took 10.388 seconds
[2025-11-27T11:13:10.706+0000] {processor.py:161} INFO - Started process (PID=21893) to work on /opt/airflow/dags/01_data_fetch_mkCHtbls.py
[2025-11-27T11:13:10.710+0000] {processor.py:830} INFO - Processing file /opt/airflow/dags/01_data_fetch_mkCHtbls.py for tasks to queue
[2025-11-27T11:13:10.713+0000] {logging_mixin.py:188} INFO - [2025-11-27T11:13:10.711+0000] {dagbag.py:538} INFO - Filling up the DagBag from /opt/airflow/dags/01_data_fetch_mkCHtbls.py
[2025-11-27T11:13:20.240+0000] {processor.py:840} INFO - DAG(s) 'fetch_data' retrieved from /opt/airflow/dags/01_data_fetch_mkCHtbls.py
[2025-11-27T11:13:20.520+0000] {logging_mixin.py:188} INFO - [2025-11-27T11:13:20.515+0000] {dag.py:3036} INFO - Sync 1 DAGs
[2025-11-27T11:13:20.650+0000] {logging_mixin.py:188} INFO - [2025-11-27T11:13:20.649+0000] {dag.py:3823} INFO - Setting next_dagrun for fetch_data to 2025-11-27 00:00:00+00:00, run_after=2025-11-28 00:00:00+00:00
[2025-11-27T11:13:20.741+0000] {processor.py:183} INFO - Processing /opt/airflow/dags/01_data_fetch_mkCHtbls.py took 10.045 seconds
[2025-11-27T11:13:50.837+0000] {processor.py:161} INFO - Started process (PID=21963) to work on /opt/airflow/dags/01_data_fetch_mkCHtbls.py
[2025-11-27T11:13:50.840+0000] {processor.py:830} INFO - Processing file /opt/airflow/dags/01_data_fetch_mkCHtbls.py for tasks to queue
[2025-11-27T11:13:50.843+0000] {logging_mixin.py:188} INFO - [2025-11-27T11:13:50.841+0000] {dagbag.py:538} INFO - Filling up the DagBag from /opt/airflow/dags/01_data_fetch_mkCHtbls.py
[2025-11-27T11:14:00.590+0000] {processor.py:840} INFO - DAG(s) 'fetch_data' retrieved from /opt/airflow/dags/01_data_fetch_mkCHtbls.py
[2025-11-27T11:14:00.722+0000] {logging_mixin.py:188} INFO - [2025-11-27T11:14:00.718+0000] {dag.py:3036} INFO - Sync 1 DAGs
[2025-11-27T11:14:00.802+0000] {logging_mixin.py:188} INFO - [2025-11-27T11:14:00.801+0000] {dag.py:3823} INFO - Setting next_dagrun for fetch_data to 2025-11-27 00:00:00+00:00, run_after=2025-11-28 00:00:00+00:00
[2025-11-27T11:14:00.846+0000] {processor.py:183} INFO - Processing /opt/airflow/dags/01_data_fetch_mkCHtbls.py took 10.015 seconds
[2025-11-27T11:14:31.518+0000] {processor.py:161} INFO - Started process (PID=22058) to work on /opt/airflow/dags/01_data_fetch_mkCHtbls.py
[2025-11-27T11:14:31.521+0000] {processor.py:830} INFO - Processing file /opt/airflow/dags/01_data_fetch_mkCHtbls.py for tasks to queue
[2025-11-27T11:14:31.523+0000] {logging_mixin.py:188} INFO - [2025-11-27T11:14:31.523+0000] {dagbag.py:538} INFO - Filling up the DagBag from /opt/airflow/dags/01_data_fetch_mkCHtbls.py
[2025-11-27T11:14:48.487+0000] {processor.py:840} INFO - DAG(s) 'fetch_data' retrieved from /opt/airflow/dags/01_data_fetch_mkCHtbls.py
[2025-11-27T11:14:48.588+0000] {logging_mixin.py:188} INFO - [2025-11-27T11:14:48.586+0000] {dag.py:3036} INFO - Sync 1 DAGs
[2025-11-27T11:14:48.624+0000] {logging_mixin.py:188} INFO - [2025-11-27T11:14:48.623+0000] {dag.py:3823} INFO - Setting next_dagrun for fetch_data to 2025-11-27 00:00:00+00:00, run_after=2025-11-28 00:00:00+00:00
[2025-11-27T11:14:48.666+0000] {processor.py:183} INFO - Processing /opt/airflow/dags/01_data_fetch_mkCHtbls.py took 17.155 seconds
[2025-11-27T11:15:19.511+0000] {processor.py:161} INFO - Started process (PID=22149) to work on /opt/airflow/dags/01_data_fetch_mkCHtbls.py
[2025-11-27T11:15:19.513+0000] {processor.py:830} INFO - Processing file /opt/airflow/dags/01_data_fetch_mkCHtbls.py for tasks to queue
[2025-11-27T11:15:19.516+0000] {logging_mixin.py:188} INFO - [2025-11-27T11:15:19.514+0000] {dagbag.py:538} INFO - Filling up the DagBag from /opt/airflow/dags/01_data_fetch_mkCHtbls.py
[2025-11-27T11:15:35.112+0000] {processor.py:840} INFO - DAG(s) 'fetch_data' retrieved from /opt/airflow/dags/01_data_fetch_mkCHtbls.py
[2025-11-27T11:15:35.356+0000] {logging_mixin.py:188} INFO - [2025-11-27T11:15:35.350+0000] {dag.py:3036} INFO - Sync 1 DAGs
[2025-11-27T11:15:35.479+0000] {logging_mixin.py:188} INFO - [2025-11-27T11:15:35.474+0000] {dag.py:3823} INFO - Setting next_dagrun for fetch_data to 2025-11-27 00:00:00+00:00, run_after=2025-11-28 00:00:00+00:00
[2025-11-27T11:15:35.626+0000] {processor.py:183} INFO - Processing /opt/airflow/dags/01_data_fetch_mkCHtbls.py took 16.160 seconds
[2025-11-27T11:16:05.751+0000] {processor.py:161} INFO - Started process (PID=22244) to work on /opt/airflow/dags/01_data_fetch_mkCHtbls.py
[2025-11-27T11:16:05.755+0000] {processor.py:830} INFO - Processing file /opt/airflow/dags/01_data_fetch_mkCHtbls.py for tasks to queue
[2025-11-27T11:16:05.758+0000] {logging_mixin.py:188} INFO - [2025-11-27T11:16:05.757+0000] {dagbag.py:538} INFO - Filling up the DagBag from /opt/airflow/dags/01_data_fetch_mkCHtbls.py
[2025-11-27T11:16:18.011+0000] {processor.py:840} INFO - DAG(s) 'fetch_data' retrieved from /opt/airflow/dags/01_data_fetch_mkCHtbls.py
[2025-11-27T11:16:18.172+0000] {logging_mixin.py:188} INFO - [2025-11-27T11:16:18.168+0000] {dag.py:3036} INFO - Sync 1 DAGs
[2025-11-27T11:16:18.285+0000] {logging_mixin.py:188} INFO - [2025-11-27T11:16:18.284+0000] {dag.py:3823} INFO - Setting next_dagrun for fetch_data to 2025-11-27 00:00:00+00:00, run_after=2025-11-28 00:00:00+00:00
[2025-11-27T11:16:18.380+0000] {processor.py:183} INFO - Processing /opt/airflow/dags/01_data_fetch_mkCHtbls.py took 12.638 seconds
[2025-11-27T11:16:48.671+0000] {processor.py:161} INFO - Started process (PID=22314) to work on /opt/airflow/dags/01_data_fetch_mkCHtbls.py
[2025-11-27T11:16:48.674+0000] {processor.py:830} INFO - Processing file /opt/airflow/dags/01_data_fetch_mkCHtbls.py for tasks to queue
[2025-11-27T11:16:48.678+0000] {logging_mixin.py:188} INFO - [2025-11-27T11:16:48.676+0000] {dagbag.py:538} INFO - Filling up the DagBag from /opt/airflow/dags/01_data_fetch_mkCHtbls.py
[2025-11-27T11:17:02.607+0000] {processor.py:840} INFO - DAG(s) 'fetch_data' retrieved from /opt/airflow/dags/01_data_fetch_mkCHtbls.py
[2025-11-27T11:17:02.840+0000] {logging_mixin.py:188} INFO - [2025-11-27T11:17:02.828+0000] {dag.py:3036} INFO - Sync 1 DAGs
[2025-11-27T11:17:03.121+0000] {logging_mixin.py:188} INFO - [2025-11-27T11:17:03.112+0000] {dag.py:3823} INFO - Setting next_dagrun for fetch_data to 2025-11-27 00:00:00+00:00, run_after=2025-11-28 00:00:00+00:00
[2025-11-27T11:17:03.398+0000] {processor.py:183} INFO - Processing /opt/airflow/dags/01_data_fetch_mkCHtbls.py took 14.743 seconds
[2025-11-27T11:17:34.270+0000] {processor.py:161} INFO - Started process (PID=22405) to work on /opt/airflow/dags/01_data_fetch_mkCHtbls.py
[2025-11-27T11:17:34.275+0000] {processor.py:830} INFO - Processing file /opt/airflow/dags/01_data_fetch_mkCHtbls.py for tasks to queue
[2025-11-27T11:17:34.280+0000] {logging_mixin.py:188} INFO - [2025-11-27T11:17:34.277+0000] {dagbag.py:538} INFO - Filling up the DagBag from /opt/airflow/dags/01_data_fetch_mkCHtbls.py
[2025-11-27T11:17:48.510+0000] {processor.py:840} INFO - DAG(s) 'fetch_data' retrieved from /opt/airflow/dags/01_data_fetch_mkCHtbls.py
[2025-11-27T11:17:49.041+0000] {logging_mixin.py:188} INFO - [2025-11-27T11:17:49.013+0000] {dag.py:3036} INFO - Sync 1 DAGs
[2025-11-27T11:17:49.362+0000] {logging_mixin.py:188} INFO - [2025-11-27T11:17:49.349+0000] {dag.py:3823} INFO - Setting next_dagrun for fetch_data to 2025-11-27 00:00:00+00:00, run_after=2025-11-28 00:00:00+00:00
[2025-11-27T11:17:49.631+0000] {processor.py:183} INFO - Processing /opt/airflow/dags/01_data_fetch_mkCHtbls.py took 15.375 seconds
[2025-11-27T11:18:20.074+0000] {processor.py:161} INFO - Started process (PID=22500) to work on /opt/airflow/dags/01_data_fetch_mkCHtbls.py
[2025-11-27T11:18:20.077+0000] {processor.py:830} INFO - Processing file /opt/airflow/dags/01_data_fetch_mkCHtbls.py for tasks to queue
[2025-11-27T11:18:20.080+0000] {logging_mixin.py:188} INFO - [2025-11-27T11:18:20.079+0000] {dagbag.py:538} INFO - Filling up the DagBag from /opt/airflow/dags/01_data_fetch_mkCHtbls.py
[2025-11-27T11:18:27.658+0000] {processor.py:840} INFO - DAG(s) 'fetch_data' retrieved from /opt/airflow/dags/01_data_fetch_mkCHtbls.py
[2025-11-27T11:18:27.840+0000] {logging_mixin.py:188} INFO - [2025-11-27T11:18:27.837+0000] {dag.py:3036} INFO - Sync 1 DAGs
[2025-11-27T11:18:27.897+0000] {logging_mixin.py:188} INFO - [2025-11-27T11:18:27.896+0000] {dag.py:3823} INFO - Setting next_dagrun for fetch_data to 2025-11-27 00:00:00+00:00, run_after=2025-11-28 00:00:00+00:00
[2025-11-27T11:18:27.967+0000] {processor.py:183} INFO - Processing /opt/airflow/dags/01_data_fetch_mkCHtbls.py took 7.900 seconds
[2025-11-27T11:18:58.788+0000] {processor.py:161} INFO - Started process (PID=22570) to work on /opt/airflow/dags/01_data_fetch_mkCHtbls.py
[2025-11-27T11:18:58.791+0000] {processor.py:830} INFO - Processing file /opt/airflow/dags/01_data_fetch_mkCHtbls.py for tasks to queue
[2025-11-27T11:18:58.795+0000] {logging_mixin.py:188} INFO - [2025-11-27T11:18:58.793+0000] {dagbag.py:538} INFO - Filling up the DagBag from /opt/airflow/dags/01_data_fetch_mkCHtbls.py
[2025-11-27T11:19:07.245+0000] {processor.py:840} INFO - DAG(s) 'fetch_data' retrieved from /opt/airflow/dags/01_data_fetch_mkCHtbls.py
[2025-11-27T11:19:07.360+0000] {logging_mixin.py:188} INFO - [2025-11-27T11:19:07.356+0000] {dag.py:3036} INFO - Sync 1 DAGs
[2025-11-27T11:19:07.403+0000] {logging_mixin.py:188} INFO - [2025-11-27T11:19:07.403+0000] {dag.py:3823} INFO - Setting next_dagrun for fetch_data to 2025-11-27 00:00:00+00:00, run_after=2025-11-28 00:00:00+00:00
[2025-11-27T11:19:07.457+0000] {processor.py:183} INFO - Processing /opt/airflow/dags/01_data_fetch_mkCHtbls.py took 8.679 seconds
[2025-11-27T11:19:37.621+0000] {processor.py:161} INFO - Started process (PID=22640) to work on /opt/airflow/dags/01_data_fetch_mkCHtbls.py
[2025-11-27T11:19:37.632+0000] {processor.py:830} INFO - Processing file /opt/airflow/dags/01_data_fetch_mkCHtbls.py for tasks to queue
[2025-11-27T11:19:37.638+0000] {logging_mixin.py:188} INFO - [2025-11-27T11:19:37.636+0000] {dagbag.py:538} INFO - Filling up the DagBag from /opt/airflow/dags/01_data_fetch_mkCHtbls.py
[2025-11-27T11:19:47.287+0000] {processor.py:840} INFO - DAG(s) 'fetch_data' retrieved from /opt/airflow/dags/01_data_fetch_mkCHtbls.py
[2025-11-27T11:19:47.468+0000] {logging_mixin.py:188} INFO - [2025-11-27T11:19:47.464+0000] {dag.py:3036} INFO - Sync 1 DAGs
[2025-11-27T11:19:47.544+0000] {logging_mixin.py:188} INFO - [2025-11-27T11:19:47.543+0000] {dag.py:3823} INFO - Setting next_dagrun for fetch_data to 2025-11-27 00:00:00+00:00, run_after=2025-11-28 00:00:00+00:00
[2025-11-27T11:19:47.588+0000] {processor.py:183} INFO - Processing /opt/airflow/dags/01_data_fetch_mkCHtbls.py took 9.986 seconds
[2025-11-27T11:20:17.784+0000] {processor.py:161} INFO - Started process (PID=22710) to work on /opt/airflow/dags/01_data_fetch_mkCHtbls.py
[2025-11-27T11:20:17.788+0000] {processor.py:830} INFO - Processing file /opt/airflow/dags/01_data_fetch_mkCHtbls.py for tasks to queue
[2025-11-27T11:20:17.791+0000] {logging_mixin.py:188} INFO - [2025-11-27T11:20:17.789+0000] {dagbag.py:538} INFO - Filling up the DagBag from /opt/airflow/dags/01_data_fetch_mkCHtbls.py
[2025-11-27T11:20:27.055+0000] {processor.py:840} INFO - DAG(s) 'fetch_data' retrieved from /opt/airflow/dags/01_data_fetch_mkCHtbls.py
[2025-11-27T11:20:27.309+0000] {logging_mixin.py:188} INFO - [2025-11-27T11:20:27.303+0000] {dag.py:3036} INFO - Sync 1 DAGs
[2025-11-27T11:20:27.372+0000] {logging_mixin.py:188} INFO - [2025-11-27T11:20:27.371+0000] {dag.py:3823} INFO - Setting next_dagrun for fetch_data to 2025-11-27 00:00:00+00:00, run_after=2025-11-28 00:00:00+00:00
[2025-11-27T11:20:27.419+0000] {processor.py:183} INFO - Processing /opt/airflow/dags/01_data_fetch_mkCHtbls.py took 9.645 seconds
[2025-11-27T11:20:58.033+0000] {processor.py:161} INFO - Started process (PID=22785) to work on /opt/airflow/dags/01_data_fetch_mkCHtbls.py
[2025-11-27T11:20:58.036+0000] {processor.py:830} INFO - Processing file /opt/airflow/dags/01_data_fetch_mkCHtbls.py for tasks to queue
[2025-11-27T11:20:58.040+0000] {logging_mixin.py:188} INFO - [2025-11-27T11:20:58.039+0000] {dagbag.py:538} INFO - Filling up the DagBag from /opt/airflow/dags/01_data_fetch_mkCHtbls.py
[2025-11-27T11:21:08.769+0000] {processor.py:840} INFO - DAG(s) 'fetch_data' retrieved from /opt/airflow/dags/01_data_fetch_mkCHtbls.py
[2025-11-27T11:21:08.871+0000] {logging_mixin.py:188} INFO - [2025-11-27T11:21:08.869+0000] {dag.py:3036} INFO - Sync 1 DAGs
[2025-11-27T11:21:08.905+0000] {logging_mixin.py:188} INFO - [2025-11-27T11:21:08.905+0000] {dag.py:3823} INFO - Setting next_dagrun for fetch_data to 2025-11-27 00:00:00+00:00, run_after=2025-11-28 00:00:00+00:00
[2025-11-27T11:21:08.956+0000] {processor.py:183} INFO - Processing /opt/airflow/dags/01_data_fetch_mkCHtbls.py took 10.936 seconds
[2025-11-27T11:21:39.213+0000] {processor.py:161} INFO - Started process (PID=22896) to work on /opt/airflow/dags/01_data_fetch_mkCHtbls.py
[2025-11-27T11:21:39.216+0000] {processor.py:830} INFO - Processing file /opt/airflow/dags/01_data_fetch_mkCHtbls.py for tasks to queue
[2025-11-27T11:21:39.219+0000] {logging_mixin.py:188} INFO - [2025-11-27T11:21:39.217+0000] {dagbag.py:538} INFO - Filling up the DagBag from /opt/airflow/dags/01_data_fetch_mkCHtbls.py
[2025-11-27T11:21:48.024+0000] {processor.py:840} INFO - DAG(s) 'fetch_data' retrieved from /opt/airflow/dags/01_data_fetch_mkCHtbls.py
[2025-11-27T11:21:48.169+0000] {logging_mixin.py:188} INFO - [2025-11-27T11:21:48.165+0000] {dag.py:3036} INFO - Sync 1 DAGs
[2025-11-27T11:21:48.254+0000] {logging_mixin.py:188} INFO - [2025-11-27T11:21:48.253+0000] {dag.py:3823} INFO - Setting next_dagrun for fetch_data to 2025-11-27 00:00:00+00:00, run_after=2025-11-28 00:00:00+00:00
[2025-11-27T11:21:48.352+0000] {processor.py:183} INFO - Processing /opt/airflow/dags/01_data_fetch_mkCHtbls.py took 9.147 seconds
[2025-11-27T11:22:19.223+0000] {processor.py:161} INFO - Started process (PID=22966) to work on /opt/airflow/dags/01_data_fetch_mkCHtbls.py
[2025-11-27T11:22:19.225+0000] {processor.py:830} INFO - Processing file /opt/airflow/dags/01_data_fetch_mkCHtbls.py for tasks to queue
[2025-11-27T11:22:19.228+0000] {logging_mixin.py:188} INFO - [2025-11-27T11:22:19.226+0000] {dagbag.py:538} INFO - Filling up the DagBag from /opt/airflow/dags/01_data_fetch_mkCHtbls.py
[2025-11-27T11:22:28.503+0000] {processor.py:840} INFO - DAG(s) 'fetch_data' retrieved from /opt/airflow/dags/01_data_fetch_mkCHtbls.py
[2025-11-27T11:22:28.567+0000] {logging_mixin.py:188} INFO - [2025-11-27T11:22:28.566+0000] {dag.py:3036} INFO - Sync 1 DAGs
[2025-11-27T11:22:28.616+0000] {logging_mixin.py:188} INFO - [2025-11-27T11:22:28.616+0000] {dag.py:3823} INFO - Setting next_dagrun for fetch_data to 2025-11-27 00:00:00+00:00, run_after=2025-11-28 00:00:00+00:00
[2025-11-27T11:22:28.681+0000] {processor.py:183} INFO - Processing /opt/airflow/dags/01_data_fetch_mkCHtbls.py took 9.469 seconds
[2025-11-27T11:22:59.118+0000] {processor.py:161} INFO - Started process (PID=23036) to work on /opt/airflow/dags/01_data_fetch_mkCHtbls.py
[2025-11-27T11:22:59.122+0000] {processor.py:830} INFO - Processing file /opt/airflow/dags/01_data_fetch_mkCHtbls.py for tasks to queue
[2025-11-27T11:22:59.125+0000] {logging_mixin.py:188} INFO - [2025-11-27T11:22:59.124+0000] {dagbag.py:538} INFO - Filling up the DagBag from /opt/airflow/dags/01_data_fetch_mkCHtbls.py
[2025-11-27T11:23:08.521+0000] {processor.py:840} INFO - DAG(s) 'fetch_data' retrieved from /opt/airflow/dags/01_data_fetch_mkCHtbls.py
[2025-11-27T11:23:08.603+0000] {logging_mixin.py:188} INFO - [2025-11-27T11:23:08.601+0000] {dag.py:3036} INFO - Sync 1 DAGs
[2025-11-27T11:23:08.643+0000] {logging_mixin.py:188} INFO - [2025-11-27T11:23:08.643+0000] {dag.py:3823} INFO - Setting next_dagrun for fetch_data to 2025-11-27 00:00:00+00:00, run_after=2025-11-28 00:00:00+00:00
[2025-11-27T11:23:08.693+0000] {processor.py:183} INFO - Processing /opt/airflow/dags/01_data_fetch_mkCHtbls.py took 9.588 seconds
[2025-11-27T11:23:39.053+0000] {processor.py:161} INFO - Started process (PID=23131) to work on /opt/airflow/dags/01_data_fetch_mkCHtbls.py
[2025-11-27T11:23:39.057+0000] {processor.py:830} INFO - Processing file /opt/airflow/dags/01_data_fetch_mkCHtbls.py for tasks to queue
[2025-11-27T11:23:39.061+0000] {logging_mixin.py:188} INFO - [2025-11-27T11:23:39.060+0000] {dagbag.py:538} INFO - Filling up the DagBag from /opt/airflow/dags/01_data_fetch_mkCHtbls.py
[2025-11-27T11:23:48.229+0000] {processor.py:840} INFO - DAG(s) 'fetch_data' retrieved from /opt/airflow/dags/01_data_fetch_mkCHtbls.py
[2025-11-27T11:23:48.333+0000] {logging_mixin.py:188} INFO - [2025-11-27T11:23:48.331+0000] {dag.py:3036} INFO - Sync 1 DAGs
[2025-11-27T11:23:48.372+0000] {logging_mixin.py:188} INFO - [2025-11-27T11:23:48.372+0000] {dag.py:3823} INFO - Setting next_dagrun for fetch_data to 2025-11-27 00:00:00+00:00, run_after=2025-11-28 00:00:00+00:00
[2025-11-27T11:23:48.422+0000] {processor.py:183} INFO - Processing /opt/airflow/dags/01_data_fetch_mkCHtbls.py took 9.381 seconds
[2025-11-27T11:24:19.209+0000] {processor.py:161} INFO - Started process (PID=23222) to work on /opt/airflow/dags/01_data_fetch_mkCHtbls.py
[2025-11-27T11:24:19.212+0000] {processor.py:830} INFO - Processing file /opt/airflow/dags/01_data_fetch_mkCHtbls.py for tasks to queue
[2025-11-27T11:24:19.215+0000] {logging_mixin.py:188} INFO - [2025-11-27T11:24:19.214+0000] {dagbag.py:538} INFO - Filling up the DagBag from /opt/airflow/dags/01_data_fetch_mkCHtbls.py
[2025-11-27T11:24:27.651+0000] {processor.py:840} INFO - DAG(s) 'fetch_data' retrieved from /opt/airflow/dags/01_data_fetch_mkCHtbls.py
[2025-11-27T11:24:27.799+0000] {logging_mixin.py:188} INFO - [2025-11-27T11:24:27.793+0000] {dag.py:3036} INFO - Sync 1 DAGs
[2025-11-27T11:24:27.851+0000] {logging_mixin.py:188} INFO - [2025-11-27T11:24:27.851+0000] {dag.py:3823} INFO - Setting next_dagrun for fetch_data to 2025-11-27 00:00:00+00:00, run_after=2025-11-28 00:00:00+00:00
[2025-11-27T11:24:27.897+0000] {processor.py:183} INFO - Processing /opt/airflow/dags/01_data_fetch_mkCHtbls.py took 8.699 seconds
[2025-11-27T11:24:58.058+0000] {processor.py:161} INFO - Started process (PID=23292) to work on /opt/airflow/dags/01_data_fetch_mkCHtbls.py
[2025-11-27T11:24:58.060+0000] {processor.py:830} INFO - Processing file /opt/airflow/dags/01_data_fetch_mkCHtbls.py for tasks to queue
[2025-11-27T11:24:58.063+0000] {logging_mixin.py:188} INFO - [2025-11-27T11:24:58.062+0000] {dagbag.py:538} INFO - Filling up the DagBag from /opt/airflow/dags/01_data_fetch_mkCHtbls.py
[2025-11-27T11:25:08.325+0000] {processor.py:840} INFO - DAG(s) 'fetch_data' retrieved from /opt/airflow/dags/01_data_fetch_mkCHtbls.py
[2025-11-27T11:25:08.684+0000] {logging_mixin.py:188} INFO - [2025-11-27T11:25:08.677+0000] {dag.py:3036} INFO - Sync 1 DAGs
[2025-11-27T11:25:08.790+0000] {logging_mixin.py:188} INFO - [2025-11-27T11:25:08.788+0000] {dag.py:3823} INFO - Setting next_dagrun for fetch_data to 2025-11-27 00:00:00+00:00, run_after=2025-11-28 00:00:00+00:00
[2025-11-27T11:25:08.872+0000] {processor.py:183} INFO - Processing /opt/airflow/dags/01_data_fetch_mkCHtbls.py took 10.824 seconds
[2025-11-27T11:25:39.515+0000] {processor.py:161} INFO - Started process (PID=23367) to work on /opt/airflow/dags/01_data_fetch_mkCHtbls.py
[2025-11-27T11:25:39.519+0000] {processor.py:830} INFO - Processing file /opt/airflow/dags/01_data_fetch_mkCHtbls.py for tasks to queue
[2025-11-27T11:25:39.525+0000] {logging_mixin.py:188} INFO - [2025-11-27T11:25:39.522+0000] {dagbag.py:538} INFO - Filling up the DagBag from /opt/airflow/dags/01_data_fetch_mkCHtbls.py
[2025-11-27T11:25:49.504+0000] {processor.py:840} INFO - DAG(s) 'fetch_data' retrieved from /opt/airflow/dags/01_data_fetch_mkCHtbls.py
[2025-11-27T11:25:49.617+0000] {logging_mixin.py:188} INFO - [2025-11-27T11:25:49.613+0000] {dag.py:3036} INFO - Sync 1 DAGs
[2025-11-27T11:25:49.665+0000] {logging_mixin.py:188} INFO - [2025-11-27T11:25:49.663+0000] {dag.py:3823} INFO - Setting next_dagrun for fetch_data to 2025-11-27 00:00:00+00:00, run_after=2025-11-28 00:00:00+00:00
[2025-11-27T11:25:49.729+0000] {processor.py:183} INFO - Processing /opt/airflow/dags/01_data_fetch_mkCHtbls.py took 10.225 seconds
[2025-11-27T11:26:20.448+0000] {processor.py:161} INFO - Started process (PID=23457) to work on /opt/airflow/dags/01_data_fetch_mkCHtbls.py
[2025-11-27T11:26:20.452+0000] {processor.py:830} INFO - Processing file /opt/airflow/dags/01_data_fetch_mkCHtbls.py for tasks to queue
[2025-11-27T11:26:20.456+0000] {logging_mixin.py:188} INFO - [2025-11-27T11:26:20.455+0000] {dagbag.py:538} INFO - Filling up the DagBag from /opt/airflow/dags/01_data_fetch_mkCHtbls.py
[2025-11-27T11:26:30.632+0000] {processor.py:840} INFO - DAG(s) 'fetch_data' retrieved from /opt/airflow/dags/01_data_fetch_mkCHtbls.py
[2025-11-27T11:26:30.726+0000] {logging_mixin.py:188} INFO - [2025-11-27T11:26:30.723+0000] {dag.py:3036} INFO - Sync 1 DAGs
[2025-11-27T11:26:30.760+0000] {logging_mixin.py:188} INFO - [2025-11-27T11:26:30.759+0000] {dag.py:3823} INFO - Setting next_dagrun for fetch_data to 2025-11-27 00:00:00+00:00, run_after=2025-11-28 00:00:00+00:00
[2025-11-27T11:26:30.806+0000] {processor.py:183} INFO - Processing /opt/airflow/dags/01_data_fetch_mkCHtbls.py took 10.372 seconds
[2025-11-27T11:27:01.356+0000] {processor.py:161} INFO - Started process (PID=23548) to work on /opt/airflow/dags/01_data_fetch_mkCHtbls.py
[2025-11-27T11:27:01.359+0000] {processor.py:830} INFO - Processing file /opt/airflow/dags/01_data_fetch_mkCHtbls.py for tasks to queue
[2025-11-27T11:27:01.361+0000] {logging_mixin.py:188} INFO - [2025-11-27T11:27:01.360+0000] {dagbag.py:538} INFO - Filling up the DagBag from /opt/airflow/dags/01_data_fetch_mkCHtbls.py
[2025-11-27T11:27:10.828+0000] {processor.py:840} INFO - DAG(s) 'fetch_data' retrieved from /opt/airflow/dags/01_data_fetch_mkCHtbls.py
[2025-11-27T11:27:10.924+0000] {logging_mixin.py:188} INFO - [2025-11-27T11:27:10.921+0000] {dag.py:3036} INFO - Sync 1 DAGs
[2025-11-27T11:27:10.965+0000] {logging_mixin.py:188} INFO - [2025-11-27T11:27:10.964+0000] {dag.py:3823} INFO - Setting next_dagrun for fetch_data to 2025-11-27 00:00:00+00:00, run_after=2025-11-28 00:00:00+00:00
[2025-11-27T11:27:11.000+0000] {processor.py:183} INFO - Processing /opt/airflow/dags/01_data_fetch_mkCHtbls.py took 9.654 seconds
[2025-11-27T11:27:41.424+0000] {processor.py:161} INFO - Started process (PID=23623) to work on /opt/airflow/dags/01_data_fetch_mkCHtbls.py
[2025-11-27T11:27:41.429+0000] {processor.py:830} INFO - Processing file /opt/airflow/dags/01_data_fetch_mkCHtbls.py for tasks to queue
[2025-11-27T11:27:41.433+0000] {logging_mixin.py:188} INFO - [2025-11-27T11:27:41.431+0000] {dagbag.py:538} INFO - Filling up the DagBag from /opt/airflow/dags/01_data_fetch_mkCHtbls.py
[2025-11-27T11:27:50.754+0000] {processor.py:840} INFO - DAG(s) 'fetch_data' retrieved from /opt/airflow/dags/01_data_fetch_mkCHtbls.py
[2025-11-27T11:27:50.849+0000] {logging_mixin.py:188} INFO - [2025-11-27T11:27:50.847+0000] {dag.py:3036} INFO - Sync 1 DAGs
[2025-11-27T11:27:50.891+0000] {logging_mixin.py:188} INFO - [2025-11-27T11:27:50.891+0000] {dag.py:3823} INFO - Setting next_dagrun for fetch_data to 2025-11-27 00:00:00+00:00, run_after=2025-11-28 00:00:00+00:00
[2025-11-27T11:27:50.939+0000] {processor.py:183} INFO - Processing /opt/airflow/dags/01_data_fetch_mkCHtbls.py took 9.527 seconds
[2025-11-27T11:28:21.170+0000] {processor.py:161} INFO - Started process (PID=23713) to work on /opt/airflow/dags/01_data_fetch_mkCHtbls.py
[2025-11-27T11:28:21.174+0000] {processor.py:830} INFO - Processing file /opt/airflow/dags/01_data_fetch_mkCHtbls.py for tasks to queue
[2025-11-27T11:28:21.179+0000] {logging_mixin.py:188} INFO - [2025-11-27T11:28:21.177+0000] {dagbag.py:538} INFO - Filling up the DagBag from /opt/airflow/dags/01_data_fetch_mkCHtbls.py
[2025-11-27T11:28:30.473+0000] {processor.py:840} INFO - DAG(s) 'fetch_data' retrieved from /opt/airflow/dags/01_data_fetch_mkCHtbls.py
[2025-11-27T11:28:30.614+0000] {logging_mixin.py:188} INFO - [2025-11-27T11:28:30.610+0000] {dag.py:3036} INFO - Sync 1 DAGs
[2025-11-27T11:28:30.681+0000] {logging_mixin.py:188} INFO - [2025-11-27T11:28:30.680+0000] {dag.py:3823} INFO - Setting next_dagrun for fetch_data to 2025-11-27 00:00:00+00:00, run_after=2025-11-28 00:00:00+00:00
[2025-11-27T11:28:30.743+0000] {processor.py:183} INFO - Processing /opt/airflow/dags/01_data_fetch_mkCHtbls.py took 9.584 seconds
[2025-11-27T11:29:00.856+0000] {processor.py:161} INFO - Started process (PID=23783) to work on /opt/airflow/dags/01_data_fetch_mkCHtbls.py
[2025-11-27T11:29:00.859+0000] {processor.py:830} INFO - Processing file /opt/airflow/dags/01_data_fetch_mkCHtbls.py for tasks to queue
[2025-11-27T11:29:00.863+0000] {logging_mixin.py:188} INFO - [2025-11-27T11:29:00.861+0000] {dagbag.py:538} INFO - Filling up the DagBag from /opt/airflow/dags/01_data_fetch_mkCHtbls.py
[2025-11-27T11:29:11.615+0000] {processor.py:840} INFO - DAG(s) 'fetch_data' retrieved from /opt/airflow/dags/01_data_fetch_mkCHtbls.py
[2025-11-27T11:29:11.693+0000] {logging_mixin.py:188} INFO - [2025-11-27T11:29:11.692+0000] {dag.py:3036} INFO - Sync 1 DAGs
[2025-11-27T11:29:11.728+0000] {logging_mixin.py:188} INFO - [2025-11-27T11:29:11.728+0000] {dag.py:3823} INFO - Setting next_dagrun for fetch_data to 2025-11-27 00:00:00+00:00, run_after=2025-11-28 00:00:00+00:00
[2025-11-27T11:29:11.783+0000] {processor.py:183} INFO - Processing /opt/airflow/dags/01_data_fetch_mkCHtbls.py took 10.937 seconds
[2025-11-27T11:29:42.187+0000] {processor.py:161} INFO - Started process (PID=23877) to work on /opt/airflow/dags/01_data_fetch_mkCHtbls.py
[2025-11-27T11:29:42.190+0000] {processor.py:830} INFO - Processing file /opt/airflow/dags/01_data_fetch_mkCHtbls.py for tasks to queue
[2025-11-27T11:29:42.194+0000] {logging_mixin.py:188} INFO - [2025-11-27T11:29:42.192+0000] {dagbag.py:538} INFO - Filling up the DagBag from /opt/airflow/dags/01_data_fetch_mkCHtbls.py
[2025-11-27T11:29:51.876+0000] {processor.py:840} INFO - DAG(s) 'fetch_data' retrieved from /opt/airflow/dags/01_data_fetch_mkCHtbls.py
[2025-11-27T11:29:52.035+0000] {logging_mixin.py:188} INFO - [2025-11-27T11:29:52.032+0000] {dag.py:3036} INFO - Sync 1 DAGs
[2025-11-27T11:29:52.077+0000] {logging_mixin.py:188} INFO - [2025-11-27T11:29:52.076+0000] {dag.py:3823} INFO - Setting next_dagrun for fetch_data to 2025-11-27 00:00:00+00:00, run_after=2025-11-28 00:00:00+00:00
[2025-11-27T11:29:52.117+0000] {processor.py:183} INFO - Processing /opt/airflow/dags/01_data_fetch_mkCHtbls.py took 9.941 seconds
[2025-11-27T11:30:22.424+0000] {processor.py:161} INFO - Started process (PID=23969) to work on /opt/airflow/dags/01_data_fetch_mkCHtbls.py
[2025-11-27T11:30:22.427+0000] {processor.py:830} INFO - Processing file /opt/airflow/dags/01_data_fetch_mkCHtbls.py for tasks to queue
[2025-11-27T11:30:22.430+0000] {logging_mixin.py:188} INFO - [2025-11-27T11:30:22.429+0000] {dagbag.py:538} INFO - Filling up the DagBag from /opt/airflow/dags/01_data_fetch_mkCHtbls.py
[2025-11-27T11:30:30.994+0000] {processor.py:840} INFO - DAG(s) 'fetch_data' retrieved from /opt/airflow/dags/01_data_fetch_mkCHtbls.py
[2025-11-27T11:30:31.079+0000] {logging_mixin.py:188} INFO - [2025-11-27T11:30:31.077+0000] {dag.py:3036} INFO - Sync 1 DAGs
[2025-11-27T11:30:31.117+0000] {logging_mixin.py:188} INFO - [2025-11-27T11:30:31.116+0000] {dag.py:3823} INFO - Setting next_dagrun for fetch_data to 2025-11-27 00:00:00+00:00, run_after=2025-11-28 00:00:00+00:00
[2025-11-27T11:30:31.161+0000] {processor.py:183} INFO - Processing /opt/airflow/dags/01_data_fetch_mkCHtbls.py took 8.749 seconds
[2025-11-27T11:31:01.426+0000] {processor.py:161} INFO - Started process (PID=24039) to work on /opt/airflow/dags/01_data_fetch_mkCHtbls.py
[2025-11-27T11:31:01.429+0000] {processor.py:830} INFO - Processing file /opt/airflow/dags/01_data_fetch_mkCHtbls.py for tasks to queue
[2025-11-27T11:31:01.433+0000] {logging_mixin.py:188} INFO - [2025-11-27T11:31:01.431+0000] {dagbag.py:538} INFO - Filling up the DagBag from /opt/airflow/dags/01_data_fetch_mkCHtbls.py
[2025-11-27T11:31:09.891+0000] {processor.py:840} INFO - DAG(s) 'fetch_data' retrieved from /opt/airflow/dags/01_data_fetch_mkCHtbls.py
[2025-11-27T11:31:09.997+0000] {logging_mixin.py:188} INFO - [2025-11-27T11:31:09.994+0000] {dag.py:3036} INFO - Sync 1 DAGs
[2025-11-27T11:31:10.067+0000] {logging_mixin.py:188} INFO - [2025-11-27T11:31:10.064+0000] {dag.py:3823} INFO - Setting next_dagrun for fetch_data to 2025-11-27 00:00:00+00:00, run_after=2025-11-28 00:00:00+00:00
[2025-11-27T11:31:10.129+0000] {processor.py:183} INFO - Processing /opt/airflow/dags/01_data_fetch_mkCHtbls.py took 8.713 seconds
[2025-11-27T11:31:40.382+0000] {processor.py:161} INFO - Started process (PID=24109) to work on /opt/airflow/dags/01_data_fetch_mkCHtbls.py
[2025-11-27T11:31:40.385+0000] {processor.py:830} INFO - Processing file /opt/airflow/dags/01_data_fetch_mkCHtbls.py for tasks to queue
[2025-11-27T11:31:40.387+0000] {logging_mixin.py:188} INFO - [2025-11-27T11:31:40.386+0000] {dagbag.py:538} INFO - Filling up the DagBag from /opt/airflow/dags/01_data_fetch_mkCHtbls.py
[2025-11-27T11:31:49.781+0000] {processor.py:840} INFO - DAG(s) 'fetch_data' retrieved from /opt/airflow/dags/01_data_fetch_mkCHtbls.py
[2025-11-27T11:31:49.893+0000] {logging_mixin.py:188} INFO - [2025-11-27T11:31:49.891+0000] {dag.py:3036} INFO - Sync 1 DAGs
[2025-11-27T11:31:49.936+0000] {logging_mixin.py:188} INFO - [2025-11-27T11:31:49.935+0000] {dag.py:3823} INFO - Setting next_dagrun for fetch_data to 2025-11-27 00:00:00+00:00, run_after=2025-11-28 00:00:00+00:00
[2025-11-27T11:31:49.986+0000] {processor.py:183} INFO - Processing /opt/airflow/dags/01_data_fetch_mkCHtbls.py took 9.614 seconds
[2025-11-27T11:32:20.083+0000] {processor.py:161} INFO - Started process (PID=24184) to work on /opt/airflow/dags/01_data_fetch_mkCHtbls.py
[2025-11-27T11:32:20.085+0000] {processor.py:830} INFO - Processing file /opt/airflow/dags/01_data_fetch_mkCHtbls.py for tasks to queue
[2025-11-27T11:32:20.090+0000] {logging_mixin.py:188} INFO - [2025-11-27T11:32:20.088+0000] {dagbag.py:538} INFO - Filling up the DagBag from /opt/airflow/dags/01_data_fetch_mkCHtbls.py
[2025-11-27T11:32:30.986+0000] {processor.py:840} INFO - DAG(s) 'fetch_data' retrieved from /opt/airflow/dags/01_data_fetch_mkCHtbls.py
[2025-11-27T11:32:31.113+0000] {logging_mixin.py:188} INFO - [2025-11-27T11:32:31.111+0000] {dag.py:3036} INFO - Sync 1 DAGs
[2025-11-27T11:32:31.158+0000] {logging_mixin.py:188} INFO - [2025-11-27T11:32:31.158+0000] {dag.py:3823} INFO - Setting next_dagrun for fetch_data to 2025-11-27 00:00:00+00:00, run_after=2025-11-28 00:00:00+00:00
[2025-11-27T11:32:31.202+0000] {processor.py:183} INFO - Processing /opt/airflow/dags/01_data_fetch_mkCHtbls.py took 11.124 seconds
[2025-11-27T11:33:01.279+0000] {processor.py:161} INFO - Started process (PID=24295) to work on /opt/airflow/dags/01_data_fetch_mkCHtbls.py
[2025-11-27T11:33:01.281+0000] {processor.py:830} INFO - Processing file /opt/airflow/dags/01_data_fetch_mkCHtbls.py for tasks to queue
[2025-11-27T11:33:01.283+0000] {logging_mixin.py:188} INFO - [2025-11-27T11:33:01.282+0000] {dagbag.py:538} INFO - Filling up the DagBag from /opt/airflow/dags/01_data_fetch_mkCHtbls.py
[2025-11-27T11:33:09.728+0000] {processor.py:840} INFO - DAG(s) 'fetch_data' retrieved from /opt/airflow/dags/01_data_fetch_mkCHtbls.py
[2025-11-27T11:33:09.854+0000] {logging_mixin.py:188} INFO - [2025-11-27T11:33:09.850+0000] {dag.py:3036} INFO - Sync 1 DAGs
[2025-11-27T11:33:09.918+0000] {logging_mixin.py:188} INFO - [2025-11-27T11:33:09.915+0000] {dag.py:3823} INFO - Setting next_dagrun for fetch_data to 2025-11-27 00:00:00+00:00, run_after=2025-11-28 00:00:00+00:00
[2025-11-27T11:33:09.983+0000] {processor.py:183} INFO - Processing /opt/airflow/dags/01_data_fetch_mkCHtbls.py took 8.711 seconds
[2025-11-27T11:33:40.259+0000] {processor.py:161} INFO - Started process (PID=24365) to work on /opt/airflow/dags/01_data_fetch_mkCHtbls.py
[2025-11-27T11:33:40.263+0000] {processor.py:830} INFO - Processing file /opt/airflow/dags/01_data_fetch_mkCHtbls.py for tasks to queue
[2025-11-27T11:33:40.268+0000] {logging_mixin.py:188} INFO - [2025-11-27T11:33:40.265+0000] {dagbag.py:538} INFO - Filling up the DagBag from /opt/airflow/dags/01_data_fetch_mkCHtbls.py
[2025-11-27T11:33:49.939+0000] {processor.py:840} INFO - DAG(s) 'fetch_data' retrieved from /opt/airflow/dags/01_data_fetch_mkCHtbls.py
[2025-11-27T11:33:50.120+0000] {logging_mixin.py:188} INFO - [2025-11-27T11:33:50.117+0000] {dag.py:3036} INFO - Sync 1 DAGs
[2025-11-27T11:33:50.222+0000] {logging_mixin.py:188} INFO - [2025-11-27T11:33:50.218+0000] {dag.py:3823} INFO - Setting next_dagrun for fetch_data to 2025-11-27 00:00:00+00:00, run_after=2025-11-28 00:00:00+00:00
[2025-11-27T11:33:50.317+0000] {processor.py:183} INFO - Processing /opt/airflow/dags/01_data_fetch_mkCHtbls.py took 10.071 seconds
[2025-11-27T11:34:21.034+0000] {processor.py:161} INFO - Started process (PID=24440) to work on /opt/airflow/dags/01_data_fetch_mkCHtbls.py
[2025-11-27T11:34:21.036+0000] {processor.py:830} INFO - Processing file /opt/airflow/dags/01_data_fetch_mkCHtbls.py for tasks to queue
[2025-11-27T11:34:21.039+0000] {logging_mixin.py:188} INFO - [2025-11-27T11:34:21.038+0000] {dagbag.py:538} INFO - Filling up the DagBag from /opt/airflow/dags/01_data_fetch_mkCHtbls.py
[2025-11-27T11:34:31.968+0000] {processor.py:840} INFO - DAG(s) 'fetch_data' retrieved from /opt/airflow/dags/01_data_fetch_mkCHtbls.py
[2025-11-27T11:34:32.081+0000] {logging_mixin.py:188} INFO - [2025-11-27T11:34:32.078+0000] {dag.py:3036} INFO - Sync 1 DAGs
[2025-11-27T11:34:32.137+0000] {logging_mixin.py:188} INFO - [2025-11-27T11:34:32.137+0000] {dag.py:3823} INFO - Setting next_dagrun for fetch_data to 2025-11-27 00:00:00+00:00, run_after=2025-11-28 00:00:00+00:00
[2025-11-27T11:34:32.202+0000] {processor.py:183} INFO - Processing /opt/airflow/dags/01_data_fetch_mkCHtbls.py took 11.176 seconds
[2025-11-27T11:35:03.278+0000] {processor.py:161} INFO - Started process (PID=24510) to work on /opt/airflow/dags/01_data_fetch_mkCHtbls.py
[2025-11-27T11:35:03.287+0000] {processor.py:830} INFO - Processing file /opt/airflow/dags/01_data_fetch_mkCHtbls.py for tasks to queue
[2025-11-27T11:35:03.303+0000] {logging_mixin.py:188} INFO - [2025-11-27T11:35:03.297+0000] {dagbag.py:538} INFO - Filling up the DagBag from /opt/airflow/dags/01_data_fetch_mkCHtbls.py
[2025-11-27T11:35:15.305+0000] {processor.py:840} INFO - DAG(s) 'fetch_data' retrieved from /opt/airflow/dags/01_data_fetch_mkCHtbls.py
[2025-11-27T11:35:15.549+0000] {logging_mixin.py:188} INFO - [2025-11-27T11:35:15.545+0000] {dag.py:3036} INFO - Sync 1 DAGs
[2025-11-27T11:35:15.597+0000] {logging_mixin.py:188} INFO - [2025-11-27T11:35:15.597+0000] {dag.py:3823} INFO - Setting next_dagrun for fetch_data to 2025-11-27 00:00:00+00:00, run_after=2025-11-28 00:00:00+00:00
[2025-11-27T11:35:15.648+0000] {processor.py:183} INFO - Processing /opt/airflow/dags/01_data_fetch_mkCHtbls.py took 12.391 seconds
[2025-11-27T11:35:45.989+0000] {processor.py:161} INFO - Started process (PID=24621) to work on /opt/airflow/dags/01_data_fetch_mkCHtbls.py
[2025-11-27T11:35:45.995+0000] {processor.py:830} INFO - Processing file /opt/airflow/dags/01_data_fetch_mkCHtbls.py for tasks to queue
[2025-11-27T11:35:45.999+0000] {logging_mixin.py:188} INFO - [2025-11-27T11:35:45.997+0000] {dagbag.py:538} INFO - Filling up the DagBag from /opt/airflow/dags/01_data_fetch_mkCHtbls.py
[2025-11-27T11:36:09.857+0000] {processor.py:840} INFO - DAG(s) 'fetch_data' retrieved from /opt/airflow/dags/01_data_fetch_mkCHtbls.py
[2025-11-27T11:37:24.667+0000] {processor.py:161} INFO - Started process (PID=24677) to work on /opt/airflow/dags/01_data_fetch_mkCHtbls.py
[2025-11-27T11:37:24.671+0000] {processor.py:830} INFO - Processing file /opt/airflow/dags/01_data_fetch_mkCHtbls.py for tasks to queue
[2025-11-27T11:37:24.674+0000] {logging_mixin.py:188} INFO - [2025-11-27T11:37:24.673+0000] {dagbag.py:538} INFO - Filling up the DagBag from /opt/airflow/dags/01_data_fetch_mkCHtbls.py
[2025-11-27T11:37:32.700+0000] {processor.py:840} INFO - DAG(s) 'fetch_data' retrieved from /opt/airflow/dags/01_data_fetch_mkCHtbls.py
[2025-11-27T11:37:32.979+0000] {logging_mixin.py:188} INFO - [2025-11-27T11:37:32.975+0000] {dag.py:3036} INFO - Sync 1 DAGs
[2025-11-27T11:37:33.021+0000] {logging_mixin.py:188} INFO - [2025-11-27T11:37:33.020+0000] {dag.py:3823} INFO - Setting next_dagrun for fetch_data to 2025-11-27 00:00:00+00:00, run_after=2025-11-28 00:00:00+00:00
[2025-11-27T11:37:33.078+0000] {processor.py:183} INFO - Processing /opt/airflow/dags/01_data_fetch_mkCHtbls.py took 8.422 seconds
[2025-11-27T11:38:03.398+0000] {processor.py:161} INFO - Started process (PID=24747) to work on /opt/airflow/dags/01_data_fetch_mkCHtbls.py
[2025-11-27T11:38:03.402+0000] {processor.py:830} INFO - Processing file /opt/airflow/dags/01_data_fetch_mkCHtbls.py for tasks to queue
[2025-11-27T11:38:03.405+0000] {logging_mixin.py:188} INFO - [2025-11-27T11:38:03.403+0000] {dagbag.py:538} INFO - Filling up the DagBag from /opt/airflow/dags/01_data_fetch_mkCHtbls.py
[2025-11-27T11:38:11.176+0000] {processor.py:840} INFO - DAG(s) 'fetch_data' retrieved from /opt/airflow/dags/01_data_fetch_mkCHtbls.py
[2025-11-27T11:38:11.270+0000] {logging_mixin.py:188} INFO - [2025-11-27T11:38:11.268+0000] {dag.py:3036} INFO - Sync 1 DAGs
[2025-11-27T11:38:11.316+0000] {logging_mixin.py:188} INFO - [2025-11-27T11:38:11.315+0000] {dag.py:3823} INFO - Setting next_dagrun for fetch_data to 2025-11-27 00:00:00+00:00, run_after=2025-11-28 00:00:00+00:00
[2025-11-27T11:38:11.350+0000] {processor.py:183} INFO - Processing /opt/airflow/dags/01_data_fetch_mkCHtbls.py took 7.960 seconds
[2025-11-27T11:38:41.989+0000] {processor.py:161} INFO - Started process (PID=24817) to work on /opt/airflow/dags/01_data_fetch_mkCHtbls.py
[2025-11-27T11:38:41.992+0000] {processor.py:830} INFO - Processing file /opt/airflow/dags/01_data_fetch_mkCHtbls.py for tasks to queue
[2025-11-27T11:38:41.996+0000] {logging_mixin.py:188} INFO - [2025-11-27T11:38:41.994+0000] {dagbag.py:538} INFO - Filling up the DagBag from /opt/airflow/dags/01_data_fetch_mkCHtbls.py
[2025-11-27T11:38:50.468+0000] {processor.py:840} INFO - DAG(s) 'fetch_data' retrieved from /opt/airflow/dags/01_data_fetch_mkCHtbls.py
[2025-11-27T11:38:50.603+0000] {logging_mixin.py:188} INFO - [2025-11-27T11:38:50.598+0000] {dag.py:3036} INFO - Sync 1 DAGs
[2025-11-27T11:38:50.652+0000] {logging_mixin.py:188} INFO - [2025-11-27T11:38:50.651+0000] {dag.py:3823} INFO - Setting next_dagrun for fetch_data to 2025-11-27 00:00:00+00:00, run_after=2025-11-28 00:00:00+00:00
[2025-11-27T11:38:50.706+0000] {processor.py:183} INFO - Processing /opt/airflow/dags/01_data_fetch_mkCHtbls.py took 8.726 seconds
[2025-11-27T11:39:20.898+0000] {processor.py:161} INFO - Started process (PID=24912) to work on /opt/airflow/dags/01_data_fetch_mkCHtbls.py
[2025-11-27T11:39:20.903+0000] {processor.py:830} INFO - Processing file /opt/airflow/dags/01_data_fetch_mkCHtbls.py for tasks to queue
[2025-11-27T11:39:20.910+0000] {logging_mixin.py:188} INFO - [2025-11-27T11:39:20.908+0000] {dagbag.py:538} INFO - Filling up the DagBag from /opt/airflow/dags/01_data_fetch_mkCHtbls.py
[2025-11-27T11:39:31.408+0000] {processor.py:840} INFO - DAG(s) 'fetch_data' retrieved from /opt/airflow/dags/01_data_fetch_mkCHtbls.py
[2025-11-27T11:39:31.552+0000] {logging_mixin.py:188} INFO - [2025-11-27T11:39:31.548+0000] {dag.py:3036} INFO - Sync 1 DAGs
[2025-11-27T11:39:31.679+0000] {logging_mixin.py:188} INFO - [2025-11-27T11:39:31.678+0000] {dag.py:3823} INFO - Setting next_dagrun for fetch_data to 2025-11-27 00:00:00+00:00, run_after=2025-11-28 00:00:00+00:00
[2025-11-27T11:39:31.758+0000] {processor.py:183} INFO - Processing /opt/airflow/dags/01_data_fetch_mkCHtbls.py took 10.875 seconds
[2025-11-27T11:40:02.162+0000] {processor.py:161} INFO - Started process (PID=25003) to work on /opt/airflow/dags/01_data_fetch_mkCHtbls.py
[2025-11-27T11:40:02.165+0000] {processor.py:830} INFO - Processing file /opt/airflow/dags/01_data_fetch_mkCHtbls.py for tasks to queue
[2025-11-27T11:40:02.169+0000] {logging_mixin.py:188} INFO - [2025-11-27T11:40:02.167+0000] {dagbag.py:538} INFO - Filling up the DagBag from /opt/airflow/dags/01_data_fetch_mkCHtbls.py
[2025-11-27T11:40:08.752+0000] {processor.py:840} INFO - DAG(s) 'fetch_data' retrieved from /opt/airflow/dags/01_data_fetch_mkCHtbls.py
[2025-11-27T11:40:08.830+0000] {logging_mixin.py:188} INFO - [2025-11-27T11:40:08.827+0000] {dag.py:3036} INFO - Sync 1 DAGs
[2025-11-27T11:40:08.878+0000] {logging_mixin.py:188} INFO - [2025-11-27T11:40:08.877+0000] {dag.py:3823} INFO - Setting next_dagrun for fetch_data to 2025-11-27 00:00:00+00:00, run_after=2025-11-28 00:00:00+00:00
[2025-11-27T11:40:08.964+0000] {processor.py:183} INFO - Processing /opt/airflow/dags/01_data_fetch_mkCHtbls.py took 6.818 seconds
[2025-11-27T11:40:39.266+0000] {processor.py:161} INFO - Started process (PID=25073) to work on /opt/airflow/dags/01_data_fetch_mkCHtbls.py
[2025-11-27T11:40:39.269+0000] {processor.py:830} INFO - Processing file /opt/airflow/dags/01_data_fetch_mkCHtbls.py for tasks to queue
[2025-11-27T11:40:39.275+0000] {logging_mixin.py:188} INFO - [2025-11-27T11:40:39.273+0000] {dagbag.py:538} INFO - Filling up the DagBag from /opt/airflow/dags/01_data_fetch_mkCHtbls.py
[2025-11-27T11:40:47.744+0000] {processor.py:840} INFO - DAG(s) 'fetch_data' retrieved from /opt/airflow/dags/01_data_fetch_mkCHtbls.py
[2025-11-27T11:40:47.831+0000] {logging_mixin.py:188} INFO - [2025-11-27T11:40:47.829+0000] {dag.py:3036} INFO - Sync 1 DAGs
[2025-11-27T11:40:47.870+0000] {logging_mixin.py:188} INFO - [2025-11-27T11:40:47.869+0000] {dag.py:3823} INFO - Setting next_dagrun for fetch_data to 2025-11-27 00:00:00+00:00, run_after=2025-11-28 00:00:00+00:00
[2025-11-27T11:40:47.917+0000] {processor.py:183} INFO - Processing /opt/airflow/dags/01_data_fetch_mkCHtbls.py took 8.667 seconds
[2025-11-27T11:41:18.790+0000] {processor.py:161} INFO - Started process (PID=25143) to work on /opt/airflow/dags/01_data_fetch_mkCHtbls.py
[2025-11-27T11:41:18.792+0000] {processor.py:830} INFO - Processing file /opt/airflow/dags/01_data_fetch_mkCHtbls.py for tasks to queue
[2025-11-27T11:41:18.797+0000] {logging_mixin.py:188} INFO - [2025-11-27T11:41:18.794+0000] {dagbag.py:538} INFO - Filling up the DagBag from /opt/airflow/dags/01_data_fetch_mkCHtbls.py
[2025-11-27T11:41:28.040+0000] {processor.py:840} INFO - DAG(s) 'fetch_data' retrieved from /opt/airflow/dags/01_data_fetch_mkCHtbls.py
[2025-11-27T11:41:28.213+0000] {logging_mixin.py:188} INFO - [2025-11-27T11:41:28.208+0000] {dag.py:3036} INFO - Sync 1 DAGs
[2025-11-27T11:41:28.263+0000] {logging_mixin.py:188} INFO - [2025-11-27T11:41:28.263+0000] {dag.py:3823} INFO - Setting next_dagrun for fetch_data to 2025-11-27 00:00:00+00:00, run_after=2025-11-28 00:00:00+00:00
[2025-11-27T11:41:28.305+0000] {processor.py:183} INFO - Processing /opt/airflow/dags/01_data_fetch_mkCHtbls.py took 9.526 seconds
[2025-11-27T11:41:58.482+0000] {processor.py:161} INFO - Started process (PID=25238) to work on /opt/airflow/dags/01_data_fetch_mkCHtbls.py
[2025-11-27T11:41:58.485+0000] {processor.py:830} INFO - Processing file /opt/airflow/dags/01_data_fetch_mkCHtbls.py for tasks to queue
[2025-11-27T11:41:58.487+0000] {logging_mixin.py:188} INFO - [2025-11-27T11:41:58.486+0000] {dagbag.py:538} INFO - Filling up the DagBag from /opt/airflow/dags/01_data_fetch_mkCHtbls.py
[2025-11-27T11:42:07.897+0000] {processor.py:840} INFO - DAG(s) 'fetch_data' retrieved from /opt/airflow/dags/01_data_fetch_mkCHtbls.py
[2025-11-27T11:42:07.997+0000] {logging_mixin.py:188} INFO - [2025-11-27T11:42:07.994+0000] {dag.py:3036} INFO - Sync 1 DAGs
[2025-11-27T11:42:08.080+0000] {logging_mixin.py:188} INFO - [2025-11-27T11:42:08.078+0000] {dag.py:3823} INFO - Setting next_dagrun for fetch_data to 2025-11-27 00:00:00+00:00, run_after=2025-11-28 00:00:00+00:00
[2025-11-27T11:42:08.140+0000] {processor.py:183} INFO - Processing /opt/airflow/dags/01_data_fetch_mkCHtbls.py took 9.667 seconds
[2025-11-27T11:42:38.540+0000] {processor.py:161} INFO - Started process (PID=25329) to work on /opt/airflow/dags/01_data_fetch_mkCHtbls.py
[2025-11-27T11:42:38.543+0000] {processor.py:830} INFO - Processing file /opt/airflow/dags/01_data_fetch_mkCHtbls.py for tasks to queue
[2025-11-27T11:42:38.545+0000] {logging_mixin.py:188} INFO - [2025-11-27T11:42:38.544+0000] {dagbag.py:538} INFO - Filling up the DagBag from /opt/airflow/dags/01_data_fetch_mkCHtbls.py
[2025-11-27T11:42:53.556+0000] {processor.py:840} INFO - DAG(s) 'fetch_data' retrieved from /opt/airflow/dags/01_data_fetch_mkCHtbls.py
[2025-11-27T11:42:53.808+0000] {logging_mixin.py:188} INFO - [2025-11-27T11:42:53.800+0000] {dag.py:3036} INFO - Sync 1 DAGs
[2025-11-27T11:42:53.959+0000] {logging_mixin.py:188} INFO - [2025-11-27T11:42:53.957+0000] {dag.py:3823} INFO - Setting next_dagrun for fetch_data to 2025-11-27 00:00:00+00:00, run_after=2025-11-28 00:00:00+00:00
[2025-11-27T11:42:54.057+0000] {processor.py:183} INFO - Processing /opt/airflow/dags/01_data_fetch_mkCHtbls.py took 15.528 seconds
[2025-11-27T11:43:24.898+0000] {processor.py:161} INFO - Started process (PID=25404) to work on /opt/airflow/dags/01_data_fetch_mkCHtbls.py
[2025-11-27T11:43:24.900+0000] {processor.py:830} INFO - Processing file /opt/airflow/dags/01_data_fetch_mkCHtbls.py for tasks to queue
[2025-11-27T11:43:24.901+0000] {logging_mixin.py:188} INFO - [2025-11-27T11:43:24.901+0000] {dagbag.py:538} INFO - Filling up the DagBag from /opt/airflow/dags/01_data_fetch_mkCHtbls.py
[2025-11-27T11:43:32.976+0000] {processor.py:840} INFO - DAG(s) 'fetch_data' retrieved from /opt/airflow/dags/01_data_fetch_mkCHtbls.py
[2025-11-27T11:43:33.094+0000] {logging_mixin.py:188} INFO - [2025-11-27T11:43:33.091+0000] {dag.py:3036} INFO - Sync 1 DAGs
[2025-11-27T11:43:33.132+0000] {logging_mixin.py:188} INFO - [2025-11-27T11:43:33.131+0000] {dag.py:3823} INFO - Setting next_dagrun for fetch_data to 2025-11-27 00:00:00+00:00, run_after=2025-11-28 00:00:00+00:00
[2025-11-27T11:43:33.173+0000] {processor.py:183} INFO - Processing /opt/airflow/dags/01_data_fetch_mkCHtbls.py took 8.282 seconds
[2025-11-27T11:44:03.828+0000] {processor.py:161} INFO - Started process (PID=25494) to work on /opt/airflow/dags/01_data_fetch_mkCHtbls.py
[2025-11-27T11:44:03.831+0000] {processor.py:830} INFO - Processing file /opt/airflow/dags/01_data_fetch_mkCHtbls.py for tasks to queue
[2025-11-27T11:44:03.835+0000] {logging_mixin.py:188} INFO - [2025-11-27T11:44:03.833+0000] {dagbag.py:538} INFO - Filling up the DagBag from /opt/airflow/dags/01_data_fetch_mkCHtbls.py
[2025-11-27T11:44:12.036+0000] {processor.py:840} INFO - DAG(s) 'fetch_data' retrieved from /opt/airflow/dags/01_data_fetch_mkCHtbls.py
[2025-11-27T11:44:12.134+0000] {logging_mixin.py:188} INFO - [2025-11-27T11:44:12.132+0000] {dag.py:3036} INFO - Sync 1 DAGs
[2025-11-27T11:44:12.174+0000] {logging_mixin.py:188} INFO - [2025-11-27T11:44:12.173+0000] {dag.py:3823} INFO - Setting next_dagrun for fetch_data to 2025-11-27 00:00:00+00:00, run_after=2025-11-28 00:00:00+00:00
[2025-11-27T11:44:12.226+0000] {processor.py:183} INFO - Processing /opt/airflow/dags/01_data_fetch_mkCHtbls.py took 8.407 seconds
[2025-11-27T11:44:42.666+0000] {processor.py:161} INFO - Started process (PID=25564) to work on /opt/airflow/dags/01_data_fetch_mkCHtbls.py
[2025-11-27T11:44:42.668+0000] {processor.py:830} INFO - Processing file /opt/airflow/dags/01_data_fetch_mkCHtbls.py for tasks to queue
[2025-11-27T11:44:42.671+0000] {logging_mixin.py:188} INFO - [2025-11-27T11:44:42.670+0000] {dagbag.py:538} INFO - Filling up the DagBag from /opt/airflow/dags/01_data_fetch_mkCHtbls.py
[2025-11-27T11:44:50.771+0000] {processor.py:840} INFO - DAG(s) 'fetch_data' retrieved from /opt/airflow/dags/01_data_fetch_mkCHtbls.py
[2025-11-27T11:44:50.870+0000] {logging_mixin.py:188} INFO - [2025-11-27T11:44:50.867+0000] {dag.py:3036} INFO - Sync 1 DAGs
[2025-11-27T11:44:50.923+0000] {logging_mixin.py:188} INFO - [2025-11-27T11:44:50.922+0000] {dag.py:3823} INFO - Setting next_dagrun for fetch_data to 2025-11-27 00:00:00+00:00, run_after=2025-11-28 00:00:00+00:00
[2025-11-27T11:44:50.984+0000] {processor.py:183} INFO - Processing /opt/airflow/dags/01_data_fetch_mkCHtbls.py took 8.327 seconds
[2025-11-27T11:45:21.489+0000] {processor.py:161} INFO - Started process (PID=25655) to work on /opt/airflow/dags/01_data_fetch_mkCHtbls.py
[2025-11-27T11:45:21.493+0000] {processor.py:830} INFO - Processing file /opt/airflow/dags/01_data_fetch_mkCHtbls.py for tasks to queue
[2025-11-27T11:45:21.497+0000] {logging_mixin.py:188} INFO - [2025-11-27T11:45:21.495+0000] {dagbag.py:538} INFO - Filling up the DagBag from /opt/airflow/dags/01_data_fetch_mkCHtbls.py
[2025-11-27T11:45:30.701+0000] {processor.py:840} INFO - DAG(s) 'fetch_data' retrieved from /opt/airflow/dags/01_data_fetch_mkCHtbls.py
[2025-11-27T11:45:30.796+0000] {logging_mixin.py:188} INFO - [2025-11-27T11:45:30.793+0000] {dag.py:3036} INFO - Sync 1 DAGs
[2025-11-27T11:45:30.833+0000] {logging_mixin.py:188} INFO - [2025-11-27T11:45:30.833+0000] {dag.py:3823} INFO - Setting next_dagrun for fetch_data to 2025-11-27 00:00:00+00:00, run_after=2025-11-28 00:00:00+00:00
[2025-11-27T11:45:30.877+0000] {processor.py:183} INFO - Processing /opt/airflow/dags/01_data_fetch_mkCHtbls.py took 9.398 seconds
[2025-11-27T11:46:00.946+0000] {processor.py:161} INFO - Started process (PID=25748) to work on /opt/airflow/dags/01_data_fetch_mkCHtbls.py
[2025-11-27T11:46:00.948+0000] {processor.py:830} INFO - Processing file /opt/airflow/dags/01_data_fetch_mkCHtbls.py for tasks to queue
[2025-11-27T11:46:00.950+0000] {logging_mixin.py:188} INFO - [2025-11-27T11:46:00.949+0000] {dagbag.py:538} INFO - Filling up the DagBag from /opt/airflow/dags/01_data_fetch_mkCHtbls.py
[2025-11-27T11:46:08.819+0000] {processor.py:840} INFO - DAG(s) 'fetch_data' retrieved from /opt/airflow/dags/01_data_fetch_mkCHtbls.py
[2025-11-27T11:46:08.916+0000] {logging_mixin.py:188} INFO - [2025-11-27T11:46:08.914+0000] {dag.py:3036} INFO - Sync 1 DAGs
[2025-11-27T11:46:08.951+0000] {logging_mixin.py:188} INFO - [2025-11-27T11:46:08.951+0000] {dag.py:3823} INFO - Setting next_dagrun for fetch_data to 2025-11-27 00:00:00+00:00, run_after=2025-11-28 00:00:00+00:00
[2025-11-27T11:46:08.986+0000] {processor.py:183} INFO - Processing /opt/airflow/dags/01_data_fetch_mkCHtbls.py took 8.048 seconds
[2025-11-27T11:46:39.067+0000] {processor.py:161} INFO - Started process (PID=25820) to work on /opt/airflow/dags/01_data_fetch_mkCHtbls.py
[2025-11-27T11:46:39.070+0000] {processor.py:830} INFO - Processing file /opt/airflow/dags/01_data_fetch_mkCHtbls.py for tasks to queue
[2025-11-27T11:46:39.073+0000] {logging_mixin.py:188} INFO - [2025-11-27T11:46:39.072+0000] {dagbag.py:538} INFO - Filling up the DagBag from /opt/airflow/dags/01_data_fetch_mkCHtbls.py
[2025-11-27T11:46:48.291+0000] {processor.py:840} INFO - DAG(s) 'fetch_data' retrieved from /opt/airflow/dags/01_data_fetch_mkCHtbls.py
[2025-11-27T11:46:48.403+0000] {logging_mixin.py:188} INFO - [2025-11-27T11:46:48.400+0000] {dag.py:3036} INFO - Sync 1 DAGs
[2025-11-27T11:46:48.476+0000] {logging_mixin.py:188} INFO - [2025-11-27T11:46:48.475+0000] {dag.py:3823} INFO - Setting next_dagrun for fetch_data to 2025-11-27 00:00:00+00:00, run_after=2025-11-28 00:00:00+00:00
[2025-11-27T11:46:48.541+0000] {processor.py:183} INFO - Processing /opt/airflow/dags/01_data_fetch_mkCHtbls.py took 9.484 seconds
[2025-11-27T11:47:18.862+0000] {processor.py:161} INFO - Started process (PID=25890) to work on /opt/airflow/dags/01_data_fetch_mkCHtbls.py
[2025-11-27T11:47:18.864+0000] {processor.py:830} INFO - Processing file /opt/airflow/dags/01_data_fetch_mkCHtbls.py for tasks to queue
[2025-11-27T11:47:18.867+0000] {logging_mixin.py:188} INFO - [2025-11-27T11:47:18.865+0000] {dagbag.py:538} INFO - Filling up the DagBag from /opt/airflow/dags/01_data_fetch_mkCHtbls.py
[2025-11-27T11:47:27.762+0000] {processor.py:840} INFO - DAG(s) 'fetch_data' retrieved from /opt/airflow/dags/01_data_fetch_mkCHtbls.py
[2025-11-27T11:47:27.901+0000] {logging_mixin.py:188} INFO - [2025-11-27T11:47:27.898+0000] {dag.py:3036} INFO - Sync 1 DAGs
[2025-11-27T11:47:27.946+0000] {logging_mixin.py:188} INFO - [2025-11-27T11:47:27.945+0000] {dag.py:3823} INFO - Setting next_dagrun for fetch_data to 2025-11-27 00:00:00+00:00, run_after=2025-11-28 00:00:00+00:00
[2025-11-27T11:47:28.000+0000] {processor.py:183} INFO - Processing /opt/airflow/dags/01_data_fetch_mkCHtbls.py took 9.147 seconds
[2025-11-27T11:47:58.181+0000] {processor.py:161} INFO - Started process (PID=25960) to work on /opt/airflow/dags/01_data_fetch_mkCHtbls.py
[2025-11-27T11:47:58.183+0000] {processor.py:830} INFO - Processing file /opt/airflow/dags/01_data_fetch_mkCHtbls.py for tasks to queue
[2025-11-27T11:47:58.188+0000] {logging_mixin.py:188} INFO - [2025-11-27T11:47:58.186+0000] {dagbag.py:538} INFO - Filling up the DagBag from /opt/airflow/dags/01_data_fetch_mkCHtbls.py
[2025-11-27T11:48:08.933+0000] {processor.py:840} INFO - DAG(s) 'fetch_data' retrieved from /opt/airflow/dags/01_data_fetch_mkCHtbls.py
[2025-11-27T11:48:09.022+0000] {logging_mixin.py:188} INFO - [2025-11-27T11:48:09.020+0000] {dag.py:3036} INFO - Sync 1 DAGs
[2025-11-27T11:48:09.058+0000] {logging_mixin.py:188} INFO - [2025-11-27T11:48:09.058+0000] {dag.py:3823} INFO - Setting next_dagrun for fetch_data to 2025-11-27 00:00:00+00:00, run_after=2025-11-28 00:00:00+00:00
[2025-11-27T11:48:09.093+0000] {processor.py:183} INFO - Processing /opt/airflow/dags/01_data_fetch_mkCHtbls.py took 10.924 seconds
[2025-11-27T11:48:39.401+0000] {processor.py:161} INFO - Started process (PID=26076) to work on /opt/airflow/dags/01_data_fetch_mkCHtbls.py
[2025-11-27T11:48:39.405+0000] {processor.py:830} INFO - Processing file /opt/airflow/dags/01_data_fetch_mkCHtbls.py for tasks to queue
[2025-11-27T11:48:39.410+0000] {logging_mixin.py:188} INFO - [2025-11-27T11:48:39.407+0000] {dagbag.py:538} INFO - Filling up the DagBag from /opt/airflow/dags/01_data_fetch_mkCHtbls.py
[2025-11-27T11:48:48.495+0000] {processor.py:840} INFO - DAG(s) 'fetch_data' retrieved from /opt/airflow/dags/01_data_fetch_mkCHtbls.py
[2025-11-27T11:48:48.610+0000] {logging_mixin.py:188} INFO - [2025-11-27T11:48:48.607+0000] {dag.py:3036} INFO - Sync 1 DAGs
[2025-11-27T11:48:48.657+0000] {logging_mixin.py:188} INFO - [2025-11-27T11:48:48.657+0000] {dag.py:3823} INFO - Setting next_dagrun for fetch_data to 2025-11-27 00:00:00+00:00, run_after=2025-11-28 00:00:00+00:00
[2025-11-27T11:48:48.701+0000] {processor.py:183} INFO - Processing /opt/airflow/dags/01_data_fetch_mkCHtbls.py took 9.311 seconds
[2025-11-27T11:49:19.220+0000] {processor.py:161} INFO - Started process (PID=26146) to work on /opt/airflow/dags/01_data_fetch_mkCHtbls.py
[2025-11-27T11:49:19.222+0000] {processor.py:830} INFO - Processing file /opt/airflow/dags/01_data_fetch_mkCHtbls.py for tasks to queue
[2025-11-27T11:49:19.225+0000] {logging_mixin.py:188} INFO - [2025-11-27T11:49:19.224+0000] {dagbag.py:538} INFO - Filling up the DagBag from /opt/airflow/dags/01_data_fetch_mkCHtbls.py
[2025-11-27T11:49:27.425+0000] {processor.py:840} INFO - DAG(s) 'fetch_data' retrieved from /opt/airflow/dags/01_data_fetch_mkCHtbls.py
[2025-11-27T11:49:27.524+0000] {logging_mixin.py:188} INFO - [2025-11-27T11:49:27.522+0000] {dag.py:3036} INFO - Sync 1 DAGs
[2025-11-27T11:49:27.565+0000] {logging_mixin.py:188} INFO - [2025-11-27T11:49:27.564+0000] {dag.py:3823} INFO - Setting next_dagrun for fetch_data to 2025-11-27 00:00:00+00:00, run_after=2025-11-28 00:00:00+00:00
[2025-11-27T11:49:27.616+0000] {processor.py:183} INFO - Processing /opt/airflow/dags/01_data_fetch_mkCHtbls.py took 8.406 seconds
[2025-11-27T11:49:57.942+0000] {processor.py:161} INFO - Started process (PID=26216) to work on /opt/airflow/dags/01_data_fetch_mkCHtbls.py
[2025-11-27T11:49:57.945+0000] {processor.py:830} INFO - Processing file /opt/airflow/dags/01_data_fetch_mkCHtbls.py for tasks to queue
[2025-11-27T11:49:57.948+0000] {logging_mixin.py:188} INFO - [2025-11-27T11:49:57.946+0000] {dagbag.py:538} INFO - Filling up the DagBag from /opt/airflow/dags/01_data_fetch_mkCHtbls.py
[2025-11-27T11:50:06.528+0000] {processor.py:840} INFO - DAG(s) 'fetch_data' retrieved from /opt/airflow/dags/01_data_fetch_mkCHtbls.py
[2025-11-27T11:50:06.746+0000] {logging_mixin.py:188} INFO - [2025-11-27T11:50:06.742+0000] {dag.py:3036} INFO - Sync 1 DAGs
[2025-11-27T11:50:06.828+0000] {logging_mixin.py:188} INFO - [2025-11-27T11:50:06.827+0000] {dag.py:3823} INFO - Setting next_dagrun for fetch_data to 2025-11-27 00:00:00+00:00, run_after=2025-11-28 00:00:00+00:00
[2025-11-27T11:50:06.880+0000] {processor.py:183} INFO - Processing /opt/airflow/dags/01_data_fetch_mkCHtbls.py took 8.948 seconds
[2025-11-27T11:50:37.081+0000] {processor.py:161} INFO - Started process (PID=26291) to work on /opt/airflow/dags/01_data_fetch_mkCHtbls.py
[2025-11-27T11:50:37.085+0000] {processor.py:830} INFO - Processing file /opt/airflow/dags/01_data_fetch_mkCHtbls.py for tasks to queue
[2025-11-27T11:50:37.090+0000] {logging_mixin.py:188} INFO - [2025-11-27T11:50:37.087+0000] {dagbag.py:538} INFO - Filling up the DagBag from /opt/airflow/dags/01_data_fetch_mkCHtbls.py
[2025-11-27T11:50:46.167+0000] {processor.py:840} INFO - DAG(s) 'fetch_data' retrieved from /opt/airflow/dags/01_data_fetch_mkCHtbls.py
[2025-11-27T11:50:46.290+0000] {logging_mixin.py:188} INFO - [2025-11-27T11:50:46.287+0000] {dag.py:3036} INFO - Sync 1 DAGs
[2025-11-27T11:50:46.358+0000] {logging_mixin.py:188} INFO - [2025-11-27T11:50:46.357+0000] {dag.py:3823} INFO - Setting next_dagrun for fetch_data to 2025-11-27 00:00:00+00:00, run_after=2025-11-28 00:00:00+00:00
[2025-11-27T11:50:46.444+0000] {processor.py:183} INFO - Processing /opt/airflow/dags/01_data_fetch_mkCHtbls.py took 9.379 seconds
[2025-11-27T11:51:16.862+0000] {processor.py:161} INFO - Started process (PID=26402) to work on /opt/airflow/dags/01_data_fetch_mkCHtbls.py
[2025-11-27T11:51:16.867+0000] {processor.py:830} INFO - Processing file /opt/airflow/dags/01_data_fetch_mkCHtbls.py for tasks to queue
[2025-11-27T11:51:16.871+0000] {logging_mixin.py:188} INFO - [2025-11-27T11:51:16.869+0000] {dagbag.py:538} INFO - Filling up the DagBag from /opt/airflow/dags/01_data_fetch_mkCHtbls.py
[2025-11-27T11:51:25.125+0000] {processor.py:840} INFO - DAG(s) 'fetch_data' retrieved from /opt/airflow/dags/01_data_fetch_mkCHtbls.py
[2025-11-27T11:51:25.225+0000] {logging_mixin.py:188} INFO - [2025-11-27T11:51:25.222+0000] {dag.py:3036} INFO - Sync 1 DAGs
[2025-11-27T11:51:25.271+0000] {logging_mixin.py:188} INFO - [2025-11-27T11:51:25.271+0000] {dag.py:3823} INFO - Setting next_dagrun for fetch_data to 2025-11-27 00:00:00+00:00, run_after=2025-11-28 00:00:00+00:00
[2025-11-27T11:51:25.323+0000] {processor.py:183} INFO - Processing /opt/airflow/dags/01_data_fetch_mkCHtbls.py took 8.478 seconds
[2025-11-27T11:51:55.643+0000] {processor.py:161} INFO - Started process (PID=26472) to work on /opt/airflow/dags/01_data_fetch_mkCHtbls.py
[2025-11-27T11:51:55.645+0000] {processor.py:830} INFO - Processing file /opt/airflow/dags/01_data_fetch_mkCHtbls.py for tasks to queue
[2025-11-27T11:51:55.648+0000] {logging_mixin.py:188} INFO - [2025-11-27T11:51:55.646+0000] {dagbag.py:538} INFO - Filling up the DagBag from /opt/airflow/dags/01_data_fetch_mkCHtbls.py
[2025-11-27T11:52:02.819+0000] {processor.py:840} INFO - DAG(s) 'fetch_data' retrieved from /opt/airflow/dags/01_data_fetch_mkCHtbls.py
[2025-11-27T11:52:02.934+0000] {logging_mixin.py:188} INFO - [2025-11-27T11:52:02.932+0000] {dag.py:3036} INFO - Sync 1 DAGs
[2025-11-27T11:52:02.976+0000] {logging_mixin.py:188} INFO - [2025-11-27T11:52:02.976+0000] {dag.py:3823} INFO - Setting next_dagrun for fetch_data to 2025-11-27 00:00:00+00:00, run_after=2025-11-28 00:00:00+00:00
[2025-11-27T11:52:03.027+0000] {processor.py:183} INFO - Processing /opt/airflow/dags/01_data_fetch_mkCHtbls.py took 7.397 seconds
[2025-11-27T11:52:33.315+0000] {processor.py:161} INFO - Started process (PID=26542) to work on /opt/airflow/dags/01_data_fetch_mkCHtbls.py
[2025-11-27T11:52:33.318+0000] {processor.py:830} INFO - Processing file /opt/airflow/dags/01_data_fetch_mkCHtbls.py for tasks to queue
[2025-11-27T11:52:33.321+0000] {logging_mixin.py:188} INFO - [2025-11-27T11:52:33.319+0000] {dagbag.py:538} INFO - Filling up the DagBag from /opt/airflow/dags/01_data_fetch_mkCHtbls.py
[2025-11-27T11:52:42.048+0000] {processor.py:840} INFO - DAG(s) 'fetch_data' retrieved from /opt/airflow/dags/01_data_fetch_mkCHtbls.py
[2025-11-27T11:52:42.186+0000] {logging_mixin.py:188} INFO - [2025-11-27T11:52:42.182+0000] {dag.py:3036} INFO - Sync 1 DAGs
[2025-11-27T11:52:42.256+0000] {logging_mixin.py:188} INFO - [2025-11-27T11:52:42.256+0000] {dag.py:3823} INFO - Setting next_dagrun for fetch_data to 2025-11-27 00:00:00+00:00, run_after=2025-11-28 00:00:00+00:00
[2025-11-27T11:52:42.324+0000] {processor.py:183} INFO - Processing /opt/airflow/dags/01_data_fetch_mkCHtbls.py took 9.024 seconds
[2025-11-27T11:53:12.747+0000] {processor.py:161} INFO - Started process (PID=26617) to work on /opt/airflow/dags/01_data_fetch_mkCHtbls.py
[2025-11-27T11:53:12.750+0000] {processor.py:830} INFO - Processing file /opt/airflow/dags/01_data_fetch_mkCHtbls.py for tasks to queue
[2025-11-27T11:53:12.752+0000] {logging_mixin.py:188} INFO - [2025-11-27T11:53:12.751+0000] {dagbag.py:538} INFO - Filling up the DagBag from /opt/airflow/dags/01_data_fetch_mkCHtbls.py
[2025-11-27T11:53:20.955+0000] {processor.py:840} INFO - DAG(s) 'fetch_data' retrieved from /opt/airflow/dags/01_data_fetch_mkCHtbls.py
[2025-11-27T11:53:21.068+0000] {logging_mixin.py:188} INFO - [2025-11-27T11:53:21.066+0000] {dag.py:3036} INFO - Sync 1 DAGs
[2025-11-27T11:53:21.115+0000] {logging_mixin.py:188} INFO - [2025-11-27T11:53:21.115+0000] {dag.py:3823} INFO - Setting next_dagrun for fetch_data to 2025-11-27 00:00:00+00:00, run_after=2025-11-28 00:00:00+00:00
[2025-11-27T11:53:21.156+0000] {processor.py:183} INFO - Processing /opt/airflow/dags/01_data_fetch_mkCHtbls.py took 8.419 seconds
[2025-11-27T11:53:51.789+0000] {processor.py:161} INFO - Started process (PID=26707) to work on /opt/airflow/dags/01_data_fetch_mkCHtbls.py
[2025-11-27T11:53:51.791+0000] {processor.py:830} INFO - Processing file /opt/airflow/dags/01_data_fetch_mkCHtbls.py for tasks to queue
[2025-11-27T11:53:51.793+0000] {logging_mixin.py:188} INFO - [2025-11-27T11:53:51.792+0000] {dagbag.py:538} INFO - Filling up the DagBag from /opt/airflow/dags/01_data_fetch_mkCHtbls.py
[2025-11-27T11:54:00.108+0000] {processor.py:840} INFO - DAG(s) 'fetch_data' retrieved from /opt/airflow/dags/01_data_fetch_mkCHtbls.py
[2025-11-27T11:54:00.200+0000] {logging_mixin.py:188} INFO - [2025-11-27T11:54:00.198+0000] {dag.py:3036} INFO - Sync 1 DAGs
[2025-11-27T11:54:00.235+0000] {logging_mixin.py:188} INFO - [2025-11-27T11:54:00.235+0000] {dag.py:3823} INFO - Setting next_dagrun for fetch_data to 2025-11-27 00:00:00+00:00, run_after=2025-11-28 00:00:00+00:00
[2025-11-27T11:54:00.271+0000] {processor.py:183} INFO - Processing /opt/airflow/dags/01_data_fetch_mkCHtbls.py took 8.491 seconds
[2025-11-27T11:54:30.849+0000] {processor.py:161} INFO - Started process (PID=26798) to work on /opt/airflow/dags/01_data_fetch_mkCHtbls.py
[2025-11-27T11:54:30.852+0000] {processor.py:830} INFO - Processing file /opt/airflow/dags/01_data_fetch_mkCHtbls.py for tasks to queue
[2025-11-27T11:54:30.855+0000] {logging_mixin.py:188} INFO - [2025-11-27T11:54:30.854+0000] {dagbag.py:538} INFO - Filling up the DagBag from /opt/airflow/dags/01_data_fetch_mkCHtbls.py
[2025-11-27T11:54:38.409+0000] {processor.py:840} INFO - DAG(s) 'fetch_data' retrieved from /opt/airflow/dags/01_data_fetch_mkCHtbls.py
[2025-11-27T11:54:38.491+0000] {logging_mixin.py:188} INFO - [2025-11-27T11:54:38.491+0000] {dag.py:3036} INFO - Sync 1 DAGs
[2025-11-27T11:54:38.528+0000] {logging_mixin.py:188} INFO - [2025-11-27T11:54:38.527+0000] {dag.py:3823} INFO - Setting next_dagrun for fetch_data to 2025-11-27 00:00:00+00:00, run_after=2025-11-28 00:00:00+00:00
[2025-11-27T11:54:38.572+0000] {processor.py:183} INFO - Processing /opt/airflow/dags/01_data_fetch_mkCHtbls.py took 7.732 seconds
[2025-11-27T11:55:09.561+0000] {processor.py:161} INFO - Started process (PID=26868) to work on /opt/airflow/dags/01_data_fetch_mkCHtbls.py
[2025-11-27T11:55:09.566+0000] {processor.py:830} INFO - Processing file /opt/airflow/dags/01_data_fetch_mkCHtbls.py for tasks to queue
[2025-11-27T11:55:09.569+0000] {logging_mixin.py:188} INFO - [2025-11-27T11:55:09.567+0000] {dagbag.py:538} INFO - Filling up the DagBag from /opt/airflow/dags/01_data_fetch_mkCHtbls.py
[2025-11-27T11:55:18.590+0000] {processor.py:840} INFO - DAG(s) 'fetch_data' retrieved from /opt/airflow/dags/01_data_fetch_mkCHtbls.py
[2025-11-27T11:55:18.688+0000] {logging_mixin.py:188} INFO - [2025-11-27T11:55:18.686+0000] {dag.py:3036} INFO - Sync 1 DAGs
[2025-11-27T11:55:18.739+0000] {logging_mixin.py:188} INFO - [2025-11-27T11:55:18.738+0000] {dag.py:3823} INFO - Setting next_dagrun for fetch_data to 2025-11-27 00:00:00+00:00, run_after=2025-11-28 00:00:00+00:00
[2025-11-27T11:55:18.795+0000] {processor.py:183} INFO - Processing /opt/airflow/dags/01_data_fetch_mkCHtbls.py took 9.244 seconds
[2025-11-27T11:55:49.429+0000] {processor.py:161} INFO - Started process (PID=26943) to work on /opt/airflow/dags/01_data_fetch_mkCHtbls.py
[2025-11-27T11:55:49.432+0000] {processor.py:830} INFO - Processing file /opt/airflow/dags/01_data_fetch_mkCHtbls.py for tasks to queue
[2025-11-27T11:55:49.435+0000] {logging_mixin.py:188} INFO - [2025-11-27T11:55:49.433+0000] {dagbag.py:538} INFO - Filling up the DagBag from /opt/airflow/dags/01_data_fetch_mkCHtbls.py
[2025-11-27T11:55:57.784+0000] {processor.py:840} INFO - DAG(s) 'fetch_data' retrieved from /opt/airflow/dags/01_data_fetch_mkCHtbls.py
[2025-11-27T11:55:57.962+0000] {logging_mixin.py:188} INFO - [2025-11-27T11:55:57.958+0000] {dag.py:3036} INFO - Sync 1 DAGs
[2025-11-27T11:55:58.045+0000] {logging_mixin.py:188} INFO - [2025-11-27T11:55:58.044+0000] {dag.py:3823} INFO - Setting next_dagrun for fetch_data to 2025-11-27 00:00:00+00:00, run_after=2025-11-28 00:00:00+00:00
[2025-11-27T11:55:58.129+0000] {processor.py:183} INFO - Processing /opt/airflow/dags/01_data_fetch_mkCHtbls.py took 8.709 seconds
[2025-11-27T11:56:28.409+0000] {processor.py:161} INFO - Started process (PID=27033) to work on /opt/airflow/dags/01_data_fetch_mkCHtbls.py
[2025-11-27T11:56:28.411+0000] {processor.py:830} INFO - Processing file /opt/airflow/dags/01_data_fetch_mkCHtbls.py for tasks to queue
[2025-11-27T11:56:28.414+0000] {logging_mixin.py:188} INFO - [2025-11-27T11:56:28.413+0000] {dagbag.py:538} INFO - Filling up the DagBag from /opt/airflow/dags/01_data_fetch_mkCHtbls.py
[2025-11-27T11:56:35.660+0000] {processor.py:840} INFO - DAG(s) 'fetch_data' retrieved from /opt/airflow/dags/01_data_fetch_mkCHtbls.py
[2025-11-27T11:56:35.755+0000] {logging_mixin.py:188} INFO - [2025-11-27T11:56:35.753+0000] {dag.py:3036} INFO - Sync 1 DAGs
[2025-11-27T11:56:35.798+0000] {logging_mixin.py:188} INFO - [2025-11-27T11:56:35.797+0000] {dag.py:3823} INFO - Setting next_dagrun for fetch_data to 2025-11-27 00:00:00+00:00, run_after=2025-11-28 00:00:00+00:00
[2025-11-27T11:56:35.850+0000] {processor.py:183} INFO - Processing /opt/airflow/dags/01_data_fetch_mkCHtbls.py took 7.450 seconds
[2025-11-27T11:57:06.115+0000] {processor.py:161} INFO - Started process (PID=27124) to work on /opt/airflow/dags/01_data_fetch_mkCHtbls.py
[2025-11-27T11:57:06.118+0000] {processor.py:830} INFO - Processing file /opt/airflow/dags/01_data_fetch_mkCHtbls.py for tasks to queue
[2025-11-27T11:57:06.121+0000] {logging_mixin.py:188} INFO - [2025-11-27T11:57:06.120+0000] {dagbag.py:538} INFO - Filling up the DagBag from /opt/airflow/dags/01_data_fetch_mkCHtbls.py
[2025-11-27T11:57:13.420+0000] {processor.py:840} INFO - DAG(s) 'fetch_data' retrieved from /opt/airflow/dags/01_data_fetch_mkCHtbls.py
[2025-11-27T11:57:13.552+0000] {logging_mixin.py:188} INFO - [2025-11-27T11:57:13.550+0000] {dag.py:3036} INFO - Sync 1 DAGs
[2025-11-27T11:57:13.601+0000] {logging_mixin.py:188} INFO - [2025-11-27T11:57:13.600+0000] {dag.py:3823} INFO - Setting next_dagrun for fetch_data to 2025-11-27 00:00:00+00:00, run_after=2025-11-28 00:00:00+00:00
[2025-11-27T11:57:13.645+0000] {processor.py:183} INFO - Processing /opt/airflow/dags/01_data_fetch_mkCHtbls.py took 7.533 seconds
[2025-11-27T11:57:44.129+0000] {processor.py:161} INFO - Started process (PID=27194) to work on /opt/airflow/dags/01_data_fetch_mkCHtbls.py
[2025-11-27T11:57:44.135+0000] {processor.py:830} INFO - Processing file /opt/airflow/dags/01_data_fetch_mkCHtbls.py for tasks to queue
[2025-11-27T11:57:44.141+0000] {logging_mixin.py:188} INFO - [2025-11-27T11:57:44.138+0000] {dagbag.py:538} INFO - Filling up the DagBag from /opt/airflow/dags/01_data_fetch_mkCHtbls.py
[2025-11-27T11:57:52.549+0000] {processor.py:840} INFO - DAG(s) 'fetch_data' retrieved from /opt/airflow/dags/01_data_fetch_mkCHtbls.py
[2025-11-27T11:57:52.648+0000] {logging_mixin.py:188} INFO - [2025-11-27T11:57:52.646+0000] {dag.py:3036} INFO - Sync 1 DAGs
[2025-11-27T11:57:52.684+0000] {logging_mixin.py:188} INFO - [2025-11-27T11:57:52.684+0000] {dag.py:3823} INFO - Setting next_dagrun for fetch_data to 2025-11-27 00:00:00+00:00, run_after=2025-11-28 00:00:00+00:00
[2025-11-27T11:57:52.722+0000] {processor.py:183} INFO - Processing /opt/airflow/dags/01_data_fetch_mkCHtbls.py took 8.610 seconds
[2025-11-27T11:58:23.362+0000] {processor.py:161} INFO - Started process (PID=27269) to work on /opt/airflow/dags/01_data_fetch_mkCHtbls.py
[2025-11-27T11:58:23.366+0000] {processor.py:830} INFO - Processing file /opt/airflow/dags/01_data_fetch_mkCHtbls.py for tasks to queue
[2025-11-27T11:58:23.369+0000] {logging_mixin.py:188} INFO - [2025-11-27T11:58:23.367+0000] {dagbag.py:538} INFO - Filling up the DagBag from /opt/airflow/dags/01_data_fetch_mkCHtbls.py
[2025-11-27T11:58:31.297+0000] {processor.py:840} INFO - DAG(s) 'fetch_data' retrieved from /opt/airflow/dags/01_data_fetch_mkCHtbls.py
[2025-11-27T11:58:31.400+0000] {logging_mixin.py:188} INFO - [2025-11-27T11:58:31.398+0000] {dag.py:3036} INFO - Sync 1 DAGs
[2025-11-27T11:58:31.438+0000] {logging_mixin.py:188} INFO - [2025-11-27T11:58:31.438+0000] {dag.py:3823} INFO - Setting next_dagrun for fetch_data to 2025-11-27 00:00:00+00:00, run_after=2025-11-28 00:00:00+00:00
[2025-11-27T11:58:31.488+0000] {processor.py:183} INFO - Processing /opt/airflow/dags/01_data_fetch_mkCHtbls.py took 8.141 seconds
[2025-11-27T11:59:02.010+0000] {processor.py:161} INFO - Started process (PID=27359) to work on /opt/airflow/dags/01_data_fetch_mkCHtbls.py
[2025-11-27T11:59:02.013+0000] {processor.py:830} INFO - Processing file /opt/airflow/dags/01_data_fetch_mkCHtbls.py for tasks to queue
[2025-11-27T11:59:02.016+0000] {logging_mixin.py:188} INFO - [2025-11-27T11:59:02.015+0000] {dagbag.py:538} INFO - Filling up the DagBag from /opt/airflow/dags/01_data_fetch_mkCHtbls.py
[2025-11-27T11:59:09.836+0000] {processor.py:840} INFO - DAG(s) 'fetch_data' retrieved from /opt/airflow/dags/01_data_fetch_mkCHtbls.py
[2025-11-27T11:59:09.918+0000] {logging_mixin.py:188} INFO - [2025-11-27T11:59:09.916+0000] {dag.py:3036} INFO - Sync 1 DAGs
[2025-11-27T11:59:09.964+0000] {logging_mixin.py:188} INFO - [2025-11-27T11:59:09.963+0000] {dag.py:3823} INFO - Setting next_dagrun for fetch_data to 2025-11-27 00:00:00+00:00, run_after=2025-11-28 00:00:00+00:00
[2025-11-27T11:59:10.000+0000] {processor.py:183} INFO - Processing /opt/airflow/dags/01_data_fetch_mkCHtbls.py took 7.997 seconds
[2025-11-27T11:59:40.584+0000] {processor.py:161} INFO - Started process (PID=27429) to work on /opt/airflow/dags/01_data_fetch_mkCHtbls.py
[2025-11-27T11:59:40.588+0000] {processor.py:830} INFO - Processing file /opt/airflow/dags/01_data_fetch_mkCHtbls.py for tasks to queue
[2025-11-27T11:59:40.593+0000] {logging_mixin.py:188} INFO - [2025-11-27T11:59:40.591+0000] {dagbag.py:538} INFO - Filling up the DagBag from /opt/airflow/dags/01_data_fetch_mkCHtbls.py
[2025-11-27T11:59:50.798+0000] {processor.py:840} INFO - DAG(s) 'fetch_data' retrieved from /opt/airflow/dags/01_data_fetch_mkCHtbls.py
[2025-11-27T11:59:50.898+0000] {logging_mixin.py:188} INFO - [2025-11-27T11:59:50.896+0000] {dag.py:3036} INFO - Sync 1 DAGs
[2025-11-27T11:59:50.945+0000] {logging_mixin.py:188} INFO - [2025-11-27T11:59:50.945+0000] {dag.py:3823} INFO - Setting next_dagrun for fetch_data to 2025-11-27 00:00:00+00:00, run_after=2025-11-28 00:00:00+00:00
[2025-11-27T11:59:50.994+0000] {processor.py:183} INFO - Processing /opt/airflow/dags/01_data_fetch_mkCHtbls.py took 10.419 seconds
[2025-11-27T12:00:21.347+0000] {processor.py:161} INFO - Started process (PID=27525) to work on /opt/airflow/dags/01_data_fetch_mkCHtbls.py
[2025-11-27T12:00:21.351+0000] {processor.py:830} INFO - Processing file /opt/airflow/dags/01_data_fetch_mkCHtbls.py for tasks to queue
[2025-11-27T12:00:21.354+0000] {logging_mixin.py:188} INFO - [2025-11-27T12:00:21.352+0000] {dagbag.py:538} INFO - Filling up the DagBag from /opt/airflow/dags/01_data_fetch_mkCHtbls.py
[2025-11-27T12:00:30.214+0000] {processor.py:840} INFO - DAG(s) 'fetch_data' retrieved from /opt/airflow/dags/01_data_fetch_mkCHtbls.py
[2025-11-27T12:00:30.398+0000] {logging_mixin.py:188} INFO - [2025-11-27T12:00:30.390+0000] {dag.py:3036} INFO - Sync 1 DAGs
[2025-11-27T12:00:30.508+0000] {logging_mixin.py:188} INFO - [2025-11-27T12:00:30.506+0000] {dag.py:3823} INFO - Setting next_dagrun for fetch_data to 2025-11-27 00:00:00+00:00, run_after=2025-11-28 00:00:00+00:00
[2025-11-27T12:00:30.613+0000] {processor.py:183} INFO - Processing /opt/airflow/dags/01_data_fetch_mkCHtbls.py took 9.277 seconds
[2025-11-27T12:01:01.512+0000] {processor.py:161} INFO - Started process (PID=27595) to work on /opt/airflow/dags/01_data_fetch_mkCHtbls.py
[2025-11-27T12:01:01.514+0000] {processor.py:830} INFO - Processing file /opt/airflow/dags/01_data_fetch_mkCHtbls.py for tasks to queue
[2025-11-27T12:01:01.517+0000] {logging_mixin.py:188} INFO - [2025-11-27T12:01:01.516+0000] {dagbag.py:538} INFO - Filling up the DagBag from /opt/airflow/dags/01_data_fetch_mkCHtbls.py
[2025-11-27T12:01:11.093+0000] {processor.py:840} INFO - DAG(s) 'fetch_data' retrieved from /opt/airflow/dags/01_data_fetch_mkCHtbls.py
[2025-11-27T12:01:11.203+0000] {logging_mixin.py:188} INFO - [2025-11-27T12:01:11.200+0000] {dag.py:3036} INFO - Sync 1 DAGs
[2025-11-27T12:01:11.250+0000] {logging_mixin.py:188} INFO - [2025-11-27T12:01:11.250+0000] {dag.py:3823} INFO - Setting next_dagrun for fetch_data to 2025-11-27 00:00:00+00:00, run_after=2025-11-28 00:00:00+00:00
[2025-11-27T12:01:11.299+0000] {processor.py:183} INFO - Processing /opt/airflow/dags/01_data_fetch_mkCHtbls.py took 9.794 seconds
[2025-11-27T12:01:42.242+0000] {processor.py:161} INFO - Started process (PID=27685) to work on /opt/airflow/dags/01_data_fetch_mkCHtbls.py
[2025-11-27T12:01:42.245+0000] {processor.py:830} INFO - Processing file /opt/airflow/dags/01_data_fetch_mkCHtbls.py for tasks to queue
[2025-11-27T12:01:42.248+0000] {logging_mixin.py:188} INFO - [2025-11-27T12:01:42.247+0000] {dagbag.py:538} INFO - Filling up the DagBag from /opt/airflow/dags/01_data_fetch_mkCHtbls.py
[2025-11-27T12:01:50.210+0000] {processor.py:840} INFO - DAG(s) 'fetch_data' retrieved from /opt/airflow/dags/01_data_fetch_mkCHtbls.py
[2025-11-27T12:01:50.296+0000] {logging_mixin.py:188} INFO - [2025-11-27T12:01:50.295+0000] {dag.py:3036} INFO - Sync 1 DAGs
[2025-11-27T12:01:50.335+0000] {logging_mixin.py:188} INFO - [2025-11-27T12:01:50.335+0000] {dag.py:3823} INFO - Setting next_dagrun for fetch_data to 2025-11-27 00:00:00+00:00, run_after=2025-11-28 00:00:00+00:00
[2025-11-27T12:01:50.374+0000] {processor.py:183} INFO - Processing /opt/airflow/dags/01_data_fetch_mkCHtbls.py took 8.144 seconds
[2025-11-27T12:02:20.875+0000] {processor.py:161} INFO - Started process (PID=27760) to work on /opt/airflow/dags/01_data_fetch_mkCHtbls.py
[2025-11-27T12:02:20.879+0000] {processor.py:830} INFO - Processing file /opt/airflow/dags/01_data_fetch_mkCHtbls.py for tasks to queue
[2025-11-27T12:02:20.883+0000] {logging_mixin.py:188} INFO - [2025-11-27T12:02:20.881+0000] {dagbag.py:538} INFO - Filling up the DagBag from /opt/airflow/dags/01_data_fetch_mkCHtbls.py
[2025-11-27T12:02:31.925+0000] {processor.py:840} INFO - DAG(s) 'fetch_data' retrieved from /opt/airflow/dags/01_data_fetch_mkCHtbls.py
[2025-11-27T12:02:32.013+0000] {logging_mixin.py:188} INFO - [2025-11-27T12:02:32.011+0000] {dag.py:3036} INFO - Sync 1 DAGs
[2025-11-27T12:02:32.047+0000] {logging_mixin.py:188} INFO - [2025-11-27T12:02:32.046+0000] {dag.py:3823} INFO - Setting next_dagrun for fetch_data to 2025-11-27 00:00:00+00:00, run_after=2025-11-28 00:00:00+00:00
[2025-11-27T12:02:32.089+0000] {processor.py:183} INFO - Processing /opt/airflow/dags/01_data_fetch_mkCHtbls.py took 11.226 seconds
[2025-11-27T12:03:02.712+0000] {processor.py:161} INFO - Started process (PID=27851) to work on /opt/airflow/dags/01_data_fetch_mkCHtbls.py
[2025-11-27T12:03:02.715+0000] {processor.py:830} INFO - Processing file /opt/airflow/dags/01_data_fetch_mkCHtbls.py for tasks to queue
[2025-11-27T12:03:02.718+0000] {logging_mixin.py:188} INFO - [2025-11-27T12:03:02.716+0000] {dagbag.py:538} INFO - Filling up the DagBag from /opt/airflow/dags/01_data_fetch_mkCHtbls.py
[2025-11-27T12:03:10.164+0000] {processor.py:840} INFO - DAG(s) 'fetch_data' retrieved from /opt/airflow/dags/01_data_fetch_mkCHtbls.py
[2025-11-27T12:03:10.228+0000] {logging_mixin.py:188} INFO - [2025-11-27T12:03:10.227+0000] {dag.py:3036} INFO - Sync 1 DAGs
[2025-11-27T12:03:10.266+0000] {logging_mixin.py:188} INFO - [2025-11-27T12:03:10.266+0000] {dag.py:3823} INFO - Setting next_dagrun for fetch_data to 2025-11-27 00:00:00+00:00, run_after=2025-11-28 00:00:00+00:00
[2025-11-27T12:03:10.316+0000] {processor.py:183} INFO - Processing /opt/airflow/dags/01_data_fetch_mkCHtbls.py took 7.614 seconds
[2025-11-27T12:03:40.495+0000] {processor.py:161} INFO - Started process (PID=27941) to work on /opt/airflow/dags/01_data_fetch_mkCHtbls.py
[2025-11-27T12:03:40.499+0000] {processor.py:830} INFO - Processing file /opt/airflow/dags/01_data_fetch_mkCHtbls.py for tasks to queue
[2025-11-27T12:03:40.503+0000] {logging_mixin.py:188} INFO - [2025-11-27T12:03:40.502+0000] {dagbag.py:538} INFO - Filling up the DagBag from /opt/airflow/dags/01_data_fetch_mkCHtbls.py
[2025-11-27T12:03:48.831+0000] {processor.py:840} INFO - DAG(s) 'fetch_data' retrieved from /opt/airflow/dags/01_data_fetch_mkCHtbls.py
[2025-11-27T12:03:48.938+0000] {logging_mixin.py:188} INFO - [2025-11-27T12:03:48.935+0000] {dag.py:3036} INFO - Sync 1 DAGs
[2025-11-27T12:03:48.978+0000] {logging_mixin.py:188} INFO - [2025-11-27T12:03:48.978+0000] {dag.py:3823} INFO - Setting next_dagrun for fetch_data to 2025-11-27 00:00:00+00:00, run_after=2025-11-28 00:00:00+00:00
[2025-11-27T12:03:49.022+0000] {processor.py:183} INFO - Processing /opt/airflow/dags/01_data_fetch_mkCHtbls.py took 8.538 seconds
[2025-11-27T12:04:19.538+0000] {processor.py:161} INFO - Started process (PID=28011) to work on /opt/airflow/dags/01_data_fetch_mkCHtbls.py
[2025-11-27T12:04:19.541+0000] {processor.py:830} INFO - Processing file /opt/airflow/dags/01_data_fetch_mkCHtbls.py for tasks to queue
[2025-11-27T12:04:19.544+0000] {logging_mixin.py:188} INFO - [2025-11-27T12:04:19.542+0000] {dagbag.py:538} INFO - Filling up the DagBag from /opt/airflow/dags/01_data_fetch_mkCHtbls.py
[2025-11-27T12:04:28.236+0000] {processor.py:840} INFO - DAG(s) 'fetch_data' retrieved from /opt/airflow/dags/01_data_fetch_mkCHtbls.py
[2025-11-27T12:04:28.343+0000] {logging_mixin.py:188} INFO - [2025-11-27T12:04:28.340+0000] {dag.py:3036} INFO - Sync 1 DAGs
[2025-11-27T12:04:28.407+0000] {logging_mixin.py:188} INFO - [2025-11-27T12:04:28.406+0000] {dag.py:3823} INFO - Setting next_dagrun for fetch_data to 2025-11-27 00:00:00+00:00, run_after=2025-11-28 00:00:00+00:00
[2025-11-27T12:04:28.452+0000] {processor.py:183} INFO - Processing /opt/airflow/dags/01_data_fetch_mkCHtbls.py took 8.923 seconds
[2025-11-27T12:04:58.626+0000] {processor.py:161} INFO - Started process (PID=28086) to work on /opt/airflow/dags/01_data_fetch_mkCHtbls.py
[2025-11-27T12:04:58.628+0000] {processor.py:830} INFO - Processing file /opt/airflow/dags/01_data_fetch_mkCHtbls.py for tasks to queue
[2025-11-27T12:04:58.630+0000] {logging_mixin.py:188} INFO - [2025-11-27T12:04:58.630+0000] {dagbag.py:538} INFO - Filling up the DagBag from /opt/airflow/dags/01_data_fetch_mkCHtbls.py
[2025-11-27T12:05:07.621+0000] {processor.py:840} INFO - DAG(s) 'fetch_data' retrieved from /opt/airflow/dags/01_data_fetch_mkCHtbls.py
[2025-11-27T12:05:07.789+0000] {logging_mixin.py:188} INFO - [2025-11-27T12:05:07.783+0000] {dag.py:3036} INFO - Sync 1 DAGs
[2025-11-27T12:05:07.846+0000] {logging_mixin.py:188} INFO - [2025-11-27T12:05:07.846+0000] {dag.py:3823} INFO - Setting next_dagrun for fetch_data to 2025-11-27 00:00:00+00:00, run_after=2025-11-28 00:00:00+00:00
[2025-11-27T12:05:07.911+0000] {processor.py:183} INFO - Processing /opt/airflow/dags/01_data_fetch_mkCHtbls.py took 9.293 seconds
[2025-11-27T12:05:38.093+0000] {processor.py:161} INFO - Started process (PID=28156) to work on /opt/airflow/dags/01_data_fetch_mkCHtbls.py
[2025-11-27T12:05:38.096+0000] {processor.py:830} INFO - Processing file /opt/airflow/dags/01_data_fetch_mkCHtbls.py for tasks to queue
[2025-11-27T12:05:38.099+0000] {logging_mixin.py:188} INFO - [2025-11-27T12:05:38.097+0000] {dagbag.py:538} INFO - Filling up the DagBag from /opt/airflow/dags/01_data_fetch_mkCHtbls.py
[2025-11-27T12:05:47.027+0000] {processor.py:840} INFO - DAG(s) 'fetch_data' retrieved from /opt/airflow/dags/01_data_fetch_mkCHtbls.py
[2025-11-27T12:05:47.257+0000] {logging_mixin.py:188} INFO - [2025-11-27T12:05:47.253+0000] {dag.py:3036} INFO - Sync 1 DAGs
[2025-11-27T12:05:47.321+0000] {logging_mixin.py:188} INFO - [2025-11-27T12:05:47.320+0000] {dag.py:3823} INFO - Setting next_dagrun for fetch_data to 2025-11-27 00:00:00+00:00, run_after=2025-11-28 00:00:00+00:00
[2025-11-27T12:05:47.371+0000] {processor.py:183} INFO - Processing /opt/airflow/dags/01_data_fetch_mkCHtbls.py took 9.288 seconds
[2025-11-27T12:06:18.306+0000] {processor.py:161} INFO - Started process (PID=28267) to work on /opt/airflow/dags/01_data_fetch_mkCHtbls.py
[2025-11-27T12:06:18.309+0000] {processor.py:830} INFO - Processing file /opt/airflow/dags/01_data_fetch_mkCHtbls.py for tasks to queue
[2025-11-27T12:06:18.311+0000] {logging_mixin.py:188} INFO - [2025-11-27T12:06:18.310+0000] {dagbag.py:538} INFO - Filling up the DagBag from /opt/airflow/dags/01_data_fetch_mkCHtbls.py
[2025-11-27T12:06:26.172+0000] {processor.py:840} INFO - DAG(s) 'fetch_data' retrieved from /opt/airflow/dags/01_data_fetch_mkCHtbls.py
[2025-11-27T12:06:26.293+0000] {logging_mixin.py:188} INFO - [2025-11-27T12:06:26.290+0000] {dag.py:3036} INFO - Sync 1 DAGs
[2025-11-27T12:06:26.345+0000] {logging_mixin.py:188} INFO - [2025-11-27T12:06:26.344+0000] {dag.py:3823} INFO - Setting next_dagrun for fetch_data to 2025-11-27 00:00:00+00:00, run_after=2025-11-28 00:00:00+00:00
[2025-11-27T12:06:26.436+0000] {processor.py:183} INFO - Processing /opt/airflow/dags/01_data_fetch_mkCHtbls.py took 8.138 seconds
[2025-11-27T12:06:56.891+0000] {processor.py:161} INFO - Started process (PID=28337) to work on /opt/airflow/dags/01_data_fetch_mkCHtbls.py
[2025-11-27T12:06:56.895+0000] {processor.py:830} INFO - Processing file /opt/airflow/dags/01_data_fetch_mkCHtbls.py for tasks to queue
[2025-11-27T12:06:56.900+0000] {logging_mixin.py:188} INFO - [2025-11-27T12:06:56.899+0000] {dagbag.py:538} INFO - Filling up the DagBag from /opt/airflow/dags/01_data_fetch_mkCHtbls.py
[2025-11-27T12:07:04.922+0000] {processor.py:840} INFO - DAG(s) 'fetch_data' retrieved from /opt/airflow/dags/01_data_fetch_mkCHtbls.py
[2025-11-27T12:07:05.075+0000] {logging_mixin.py:188} INFO - [2025-11-27T12:07:05.071+0000] {dag.py:3036} INFO - Sync 1 DAGs
[2025-11-27T12:07:05.185+0000] {logging_mixin.py:188} INFO - [2025-11-27T12:07:05.184+0000] {dag.py:3823} INFO - Setting next_dagrun for fetch_data to 2025-11-27 00:00:00+00:00, run_after=2025-11-28 00:00:00+00:00
[2025-11-27T12:07:05.279+0000] {processor.py:183} INFO - Processing /opt/airflow/dags/01_data_fetch_mkCHtbls.py took 8.407 seconds
[2025-11-27T12:07:35.757+0000] {processor.py:161} INFO - Started process (PID=28412) to work on /opt/airflow/dags/01_data_fetch_mkCHtbls.py
[2025-11-27T12:07:35.761+0000] {processor.py:830} INFO - Processing file /opt/airflow/dags/01_data_fetch_mkCHtbls.py for tasks to queue
[2025-11-27T12:07:35.772+0000] {logging_mixin.py:188} INFO - [2025-11-27T12:07:35.769+0000] {dagbag.py:538} INFO - Filling up the DagBag from /opt/airflow/dags/01_data_fetch_mkCHtbls.py
[2025-11-27T12:07:43.866+0000] {processor.py:840} INFO - DAG(s) 'fetch_data' retrieved from /opt/airflow/dags/01_data_fetch_mkCHtbls.py
[2025-11-27T12:07:43.940+0000] {logging_mixin.py:188} INFO - [2025-11-27T12:07:43.938+0000] {dag.py:3036} INFO - Sync 1 DAGs
[2025-11-27T12:07:43.976+0000] {logging_mixin.py:188} INFO - [2025-11-27T12:07:43.975+0000] {dag.py:3823} INFO - Setting next_dagrun for fetch_data to 2025-11-27 00:00:00+00:00, run_after=2025-11-28 00:00:00+00:00
[2025-11-27T12:07:44.029+0000] {processor.py:183} INFO - Processing /opt/airflow/dags/01_data_fetch_mkCHtbls.py took 8.284 seconds
[2025-11-27T12:08:14.255+0000] {processor.py:161} INFO - Started process (PID=28482) to work on /opt/airflow/dags/01_data_fetch_mkCHtbls.py
[2025-11-27T12:08:14.258+0000] {processor.py:830} INFO - Processing file /opt/airflow/dags/01_data_fetch_mkCHtbls.py for tasks to queue
[2025-11-27T12:08:14.263+0000] {logging_mixin.py:188} INFO - [2025-11-27T12:08:14.261+0000] {dagbag.py:538} INFO - Filling up the DagBag from /opt/airflow/dags/01_data_fetch_mkCHtbls.py
[2025-11-27T12:08:22.445+0000] {processor.py:840} INFO - DAG(s) 'fetch_data' retrieved from /opt/airflow/dags/01_data_fetch_mkCHtbls.py
[2025-11-27T12:08:22.528+0000] {logging_mixin.py:188} INFO - [2025-11-27T12:08:22.527+0000] {dag.py:3036} INFO - Sync 1 DAGs
[2025-11-27T12:08:22.566+0000] {logging_mixin.py:188} INFO - [2025-11-27T12:08:22.566+0000] {dag.py:3823} INFO - Setting next_dagrun for fetch_data to 2025-11-27 00:00:00+00:00, run_after=2025-11-28 00:00:00+00:00
[2025-11-27T12:08:22.616+0000] {processor.py:183} INFO - Processing /opt/airflow/dags/01_data_fetch_mkCHtbls.py took 8.377 seconds
[2025-11-27T12:08:52.899+0000] {processor.py:161} INFO - Started process (PID=28593) to work on /opt/airflow/dags/01_data_fetch_mkCHtbls.py
[2025-11-27T12:08:52.901+0000] {processor.py:830} INFO - Processing file /opt/airflow/dags/01_data_fetch_mkCHtbls.py for tasks to queue
[2025-11-27T12:08:52.904+0000] {logging_mixin.py:188} INFO - [2025-11-27T12:08:52.903+0000] {dagbag.py:538} INFO - Filling up the DagBag from /opt/airflow/dags/01_data_fetch_mkCHtbls.py
[2025-11-27T12:09:00.756+0000] {processor.py:840} INFO - DAG(s) 'fetch_data' retrieved from /opt/airflow/dags/01_data_fetch_mkCHtbls.py
[2025-11-27T12:09:00.849+0000] {logging_mixin.py:188} INFO - [2025-11-27T12:09:00.847+0000] {dag.py:3036} INFO - Sync 1 DAGs
[2025-11-27T12:09:00.888+0000] {logging_mixin.py:188} INFO - [2025-11-27T12:09:00.887+0000] {dag.py:3823} INFO - Setting next_dagrun for fetch_data to 2025-11-27 00:00:00+00:00, run_after=2025-11-28 00:00:00+00:00
[2025-11-27T12:09:00.941+0000] {processor.py:183} INFO - Processing /opt/airflow/dags/01_data_fetch_mkCHtbls.py took 8.051 seconds
[2025-11-27T12:09:31.331+0000] {processor.py:161} INFO - Started process (PID=28668) to work on /opt/airflow/dags/01_data_fetch_mkCHtbls.py
[2025-11-27T12:09:31.334+0000] {processor.py:830} INFO - Processing file /opt/airflow/dags/01_data_fetch_mkCHtbls.py for tasks to queue
[2025-11-27T12:09:31.336+0000] {logging_mixin.py:188} INFO - [2025-11-27T12:09:31.336+0000] {dagbag.py:538} INFO - Filling up the DagBag from /opt/airflow/dags/01_data_fetch_mkCHtbls.py
[2025-11-27T12:09:40.401+0000] {processor.py:840} INFO - DAG(s) 'fetch_data' retrieved from /opt/airflow/dags/01_data_fetch_mkCHtbls.py
[2025-11-27T12:09:40.567+0000] {logging_mixin.py:188} INFO - [2025-11-27T12:09:40.561+0000] {dag.py:3036} INFO - Sync 1 DAGs
[2025-11-27T12:09:40.664+0000] {logging_mixin.py:188} INFO - [2025-11-27T12:09:40.662+0000] {dag.py:3823} INFO - Setting next_dagrun for fetch_data to 2025-11-27 00:00:00+00:00, run_after=2025-11-28 00:00:00+00:00
[2025-11-27T12:09:40.759+0000] {processor.py:183} INFO - Processing /opt/airflow/dags/01_data_fetch_mkCHtbls.py took 9.436 seconds
[2025-11-27T12:10:11.099+0000] {processor.py:161} INFO - Started process (PID=28738) to work on /opt/airflow/dags/01_data_fetch_mkCHtbls.py
[2025-11-27T12:10:11.102+0000] {processor.py:830} INFO - Processing file /opt/airflow/dags/01_data_fetch_mkCHtbls.py for tasks to queue
[2025-11-27T12:10:11.106+0000] {logging_mixin.py:188} INFO - [2025-11-27T12:10:11.104+0000] {dagbag.py:538} INFO - Filling up the DagBag from /opt/airflow/dags/01_data_fetch_mkCHtbls.py
[2025-11-27T12:10:19.203+0000] {processor.py:840} INFO - DAG(s) 'fetch_data' retrieved from /opt/airflow/dags/01_data_fetch_mkCHtbls.py
[2025-11-27T12:10:19.289+0000] {logging_mixin.py:188} INFO - [2025-11-27T12:10:19.287+0000] {dag.py:3036} INFO - Sync 1 DAGs
[2025-11-27T12:10:19.329+0000] {logging_mixin.py:188} INFO - [2025-11-27T12:10:19.328+0000] {dag.py:3823} INFO - Setting next_dagrun for fetch_data to 2025-11-27 00:00:00+00:00, run_after=2025-11-28 00:00:00+00:00
[2025-11-27T12:10:19.379+0000] {processor.py:183} INFO - Processing /opt/airflow/dags/01_data_fetch_mkCHtbls.py took 8.291 seconds
[2025-11-27T12:10:49.829+0000] {processor.py:161} INFO - Started process (PID=28808) to work on /opt/airflow/dags/01_data_fetch_mkCHtbls.py
[2025-11-27T12:10:49.835+0000] {processor.py:830} INFO - Processing file /opt/airflow/dags/01_data_fetch_mkCHtbls.py for tasks to queue
[2025-11-27T12:10:49.838+0000] {logging_mixin.py:188} INFO - [2025-11-27T12:10:49.836+0000] {dagbag.py:538} INFO - Filling up the DagBag from /opt/airflow/dags/01_data_fetch_mkCHtbls.py
[2025-11-27T12:10:58.555+0000] {processor.py:840} INFO - DAG(s) 'fetch_data' retrieved from /opt/airflow/dags/01_data_fetch_mkCHtbls.py
[2025-11-27T12:10:58.661+0000] {logging_mixin.py:188} INFO - [2025-11-27T12:10:58.659+0000] {dag.py:3036} INFO - Sync 1 DAGs
[2025-11-27T12:10:58.715+0000] {logging_mixin.py:188} INFO - [2025-11-27T12:10:58.714+0000] {dag.py:3823} INFO - Setting next_dagrun for fetch_data to 2025-11-27 00:00:00+00:00, run_after=2025-11-28 00:00:00+00:00
[2025-11-27T12:10:58.783+0000] {processor.py:183} INFO - Processing /opt/airflow/dags/01_data_fetch_mkCHtbls.py took 8.964 seconds
[2025-11-27T12:11:28.953+0000] {processor.py:161} INFO - Started process (PID=28896) to work on /opt/airflow/dags/01_data_fetch_mkCHtbls.py
[2025-11-27T12:11:28.955+0000] {processor.py:830} INFO - Processing file /opt/airflow/dags/01_data_fetch_mkCHtbls.py for tasks to queue
[2025-11-27T12:11:28.959+0000] {logging_mixin.py:188} INFO - [2025-11-27T12:11:28.957+0000] {dagbag.py:538} INFO - Filling up the DagBag from /opt/airflow/dags/01_data_fetch_mkCHtbls.py
[2025-11-27T12:11:37.844+0000] {processor.py:840} INFO - DAG(s) 'fetch_data' retrieved from /opt/airflow/dags/01_data_fetch_mkCHtbls.py
[2025-11-27T12:11:38.108+0000] {logging_mixin.py:188} INFO - [2025-11-27T12:11:38.102+0000] {dag.py:3036} INFO - Sync 1 DAGs
[2025-11-27T12:11:38.199+0000] {logging_mixin.py:188} INFO - [2025-11-27T12:11:38.198+0000] {dag.py:3823} INFO - Setting next_dagrun for fetch_data to 2025-11-27 00:00:00+00:00, run_after=2025-11-28 00:00:00+00:00
[2025-11-27T12:11:38.262+0000] {processor.py:183} INFO - Processing /opt/airflow/dags/01_data_fetch_mkCHtbls.py took 9.317 seconds
[2025-11-27T12:12:08.810+0000] {processor.py:161} INFO - Started process (PID=28994) to work on /opt/airflow/dags/01_data_fetch_mkCHtbls.py
[2025-11-27T12:12:08.814+0000] {processor.py:830} INFO - Processing file /opt/airflow/dags/01_data_fetch_mkCHtbls.py for tasks to queue
[2025-11-27T12:12:08.817+0000] {logging_mixin.py:188} INFO - [2025-11-27T12:12:08.815+0000] {dagbag.py:538} INFO - Filling up the DagBag from /opt/airflow/dags/01_data_fetch_mkCHtbls.py
[2025-11-27T12:12:17.163+0000] {processor.py:840} INFO - DAG(s) 'fetch_data' retrieved from /opt/airflow/dags/01_data_fetch_mkCHtbls.py
[2025-11-27T12:12:17.298+0000] {logging_mixin.py:188} INFO - [2025-11-27T12:12:17.293+0000] {dag.py:3036} INFO - Sync 1 DAGs
[2025-11-27T12:12:17.354+0000] {logging_mixin.py:188} INFO - [2025-11-27T12:12:17.353+0000] {dag.py:3823} INFO - Setting next_dagrun for fetch_data to 2025-11-27 00:00:00+00:00, run_after=2025-11-28 00:00:00+00:00
[2025-11-27T12:12:17.420+0000] {processor.py:183} INFO - Processing /opt/airflow/dags/01_data_fetch_mkCHtbls.py took 8.623 seconds
[2025-11-27T12:12:48.021+0000] {processor.py:161} INFO - Started process (PID=29064) to work on /opt/airflow/dags/01_data_fetch_mkCHtbls.py
[2025-11-27T12:12:48.024+0000] {processor.py:830} INFO - Processing file /opt/airflow/dags/01_data_fetch_mkCHtbls.py for tasks to queue
[2025-11-27T12:12:48.027+0000] {logging_mixin.py:188} INFO - [2025-11-27T12:12:48.025+0000] {dagbag.py:538} INFO - Filling up the DagBag from /opt/airflow/dags/01_data_fetch_mkCHtbls.py
[2025-11-27T12:12:55.144+0000] {processor.py:840} INFO - DAG(s) 'fetch_data' retrieved from /opt/airflow/dags/01_data_fetch_mkCHtbls.py
[2025-11-27T12:12:55.261+0000] {logging_mixin.py:188} INFO - [2025-11-27T12:12:55.258+0000] {dag.py:3036} INFO - Sync 1 DAGs
[2025-11-27T12:12:55.303+0000] {logging_mixin.py:188} INFO - [2025-11-27T12:12:55.303+0000] {dag.py:3823} INFO - Setting next_dagrun for fetch_data to 2025-11-27 00:00:00+00:00, run_after=2025-11-28 00:00:00+00:00
[2025-11-27T12:12:55.353+0000] {processor.py:183} INFO - Processing /opt/airflow/dags/01_data_fetch_mkCHtbls.py took 7.341 seconds
[2025-11-27T12:13:25.832+0000] {processor.py:161} INFO - Started process (PID=29134) to work on /opt/airflow/dags/01_data_fetch_mkCHtbls.py
[2025-11-27T12:13:25.835+0000] {processor.py:830} INFO - Processing file /opt/airflow/dags/01_data_fetch_mkCHtbls.py for tasks to queue
[2025-11-27T12:13:25.838+0000] {logging_mixin.py:188} INFO - [2025-11-27T12:13:25.836+0000] {dagbag.py:538} INFO - Filling up the DagBag from /opt/airflow/dags/01_data_fetch_mkCHtbls.py
[2025-11-27T12:13:32.850+0000] {processor.py:840} INFO - DAG(s) 'fetch_data' retrieved from /opt/airflow/dags/01_data_fetch_mkCHtbls.py
[2025-11-27T12:13:32.940+0000] {logging_mixin.py:188} INFO - [2025-11-27T12:13:32.938+0000] {dag.py:3036} INFO - Sync 1 DAGs
[2025-11-27T12:13:32.974+0000] {logging_mixin.py:188} INFO - [2025-11-27T12:13:32.974+0000] {dag.py:3823} INFO - Setting next_dagrun for fetch_data to 2025-11-27 00:00:00+00:00, run_after=2025-11-28 00:00:00+00:00
[2025-11-27T12:13:33.032+0000] {processor.py:183} INFO - Processing /opt/airflow/dags/01_data_fetch_mkCHtbls.py took 7.209 seconds
[2025-11-27T12:14:03.699+0000] {processor.py:161} INFO - Started process (PID=29204) to work on /opt/airflow/dags/01_data_fetch_mkCHtbls.py
[2025-11-27T12:14:03.703+0000] {processor.py:830} INFO - Processing file /opt/airflow/dags/01_data_fetch_mkCHtbls.py for tasks to queue
[2025-11-27T12:14:03.707+0000] {logging_mixin.py:188} INFO - [2025-11-27T12:14:03.705+0000] {dagbag.py:538} INFO - Filling up the DagBag from /opt/airflow/dags/01_data_fetch_mkCHtbls.py
[2025-11-27T12:14:13.461+0000] {processor.py:840} INFO - DAG(s) 'fetch_data' retrieved from /opt/airflow/dags/01_data_fetch_mkCHtbls.py
[2025-11-27T12:14:13.524+0000] {logging_mixin.py:188} INFO - [2025-11-27T12:14:13.523+0000] {dag.py:3036} INFO - Sync 1 DAGs
[2025-11-27T12:14:13.573+0000] {logging_mixin.py:188} INFO - [2025-11-27T12:14:13.572+0000] {dag.py:3823} INFO - Setting next_dagrun for fetch_data to 2025-11-27 00:00:00+00:00, run_after=2025-11-28 00:00:00+00:00
[2025-11-27T12:14:13.610+0000] {processor.py:183} INFO - Processing /opt/airflow/dags/01_data_fetch_mkCHtbls.py took 9.922 seconds
[2025-11-27T12:14:43.879+0000] {processor.py:161} INFO - Started process (PID=29299) to work on /opt/airflow/dags/01_data_fetch_mkCHtbls.py
[2025-11-27T12:14:43.882+0000] {processor.py:830} INFO - Processing file /opt/airflow/dags/01_data_fetch_mkCHtbls.py for tasks to queue
[2025-11-27T12:14:43.885+0000] {logging_mixin.py:188} INFO - [2025-11-27T12:14:43.884+0000] {dagbag.py:538} INFO - Filling up the DagBag from /opt/airflow/dags/01_data_fetch_mkCHtbls.py
[2025-11-27T12:14:52.524+0000] {processor.py:840} INFO - DAG(s) 'fetch_data' retrieved from /opt/airflow/dags/01_data_fetch_mkCHtbls.py
[2025-11-27T12:14:52.609+0000] {logging_mixin.py:188} INFO - [2025-11-27T12:14:52.607+0000] {dag.py:3036} INFO - Sync 1 DAGs
[2025-11-27T12:14:52.643+0000] {logging_mixin.py:188} INFO - [2025-11-27T12:14:52.643+0000] {dag.py:3823} INFO - Setting next_dagrun for fetch_data to 2025-11-27 00:00:00+00:00, run_after=2025-11-28 00:00:00+00:00
[2025-11-27T12:14:52.690+0000] {processor.py:183} INFO - Processing /opt/airflow/dags/01_data_fetch_mkCHtbls.py took 8.820 seconds
[2025-11-27T12:15:23.097+0000] {processor.py:161} INFO - Started process (PID=29390) to work on /opt/airflow/dags/01_data_fetch_mkCHtbls.py
[2025-11-27T12:15:23.103+0000] {processor.py:830} INFO - Processing file /opt/airflow/dags/01_data_fetch_mkCHtbls.py for tasks to queue
[2025-11-27T12:15:23.106+0000] {logging_mixin.py:188} INFO - [2025-11-27T12:15:23.105+0000] {dagbag.py:538} INFO - Filling up the DagBag from /opt/airflow/dags/01_data_fetch_mkCHtbls.py
[2025-11-27T12:15:32.698+0000] {processor.py:840} INFO - DAG(s) 'fetch_data' retrieved from /opt/airflow/dags/01_data_fetch_mkCHtbls.py
[2025-11-27T12:15:32.794+0000] {logging_mixin.py:188} INFO - [2025-11-27T12:15:32.792+0000] {dag.py:3036} INFO - Sync 1 DAGs
[2025-11-27T12:15:32.833+0000] {logging_mixin.py:188} INFO - [2025-11-27T12:15:32.833+0000] {dag.py:3823} INFO - Setting next_dagrun for fetch_data to 2025-11-27 00:00:00+00:00, run_after=2025-11-28 00:00:00+00:00
[2025-11-27T12:15:32.881+0000] {processor.py:183} INFO - Processing /opt/airflow/dags/01_data_fetch_mkCHtbls.py took 9.795 seconds
[2025-11-27T12:16:03.400+0000] {processor.py:161} INFO - Started process (PID=29460) to work on /opt/airflow/dags/01_data_fetch_mkCHtbls.py
[2025-11-27T12:16:03.404+0000] {processor.py:830} INFO - Processing file /opt/airflow/dags/01_data_fetch_mkCHtbls.py for tasks to queue
[2025-11-27T12:16:03.407+0000] {logging_mixin.py:188} INFO - [2025-11-27T12:16:03.406+0000] {dagbag.py:538} INFO - Filling up the DagBag from /opt/airflow/dags/01_data_fetch_mkCHtbls.py
[2025-11-27T12:16:12.440+0000] {processor.py:840} INFO - DAG(s) 'fetch_data' retrieved from /opt/airflow/dags/01_data_fetch_mkCHtbls.py
[2025-11-27T12:16:12.530+0000] {logging_mixin.py:188} INFO - [2025-11-27T12:16:12.528+0000] {dag.py:3036} INFO - Sync 1 DAGs
[2025-11-27T12:16:12.570+0000] {logging_mixin.py:188} INFO - [2025-11-27T12:16:12.569+0000] {dag.py:3823} INFO - Setting next_dagrun for fetch_data to 2025-11-27 00:00:00+00:00, run_after=2025-11-28 00:00:00+00:00
[2025-11-27T12:16:12.627+0000] {processor.py:183} INFO - Processing /opt/airflow/dags/01_data_fetch_mkCHtbls.py took 9.236 seconds
[2025-11-27T12:16:43.322+0000] {processor.py:161} INFO - Started process (PID=29535) to work on /opt/airflow/dags/01_data_fetch_mkCHtbls.py
[2025-11-27T12:16:43.324+0000] {processor.py:830} INFO - Processing file /opt/airflow/dags/01_data_fetch_mkCHtbls.py for tasks to queue
[2025-11-27T12:16:43.327+0000] {logging_mixin.py:188} INFO - [2025-11-27T12:16:43.326+0000] {dagbag.py:538} INFO - Filling up the DagBag from /opt/airflow/dags/01_data_fetch_mkCHtbls.py
[2025-11-27T12:16:52.209+0000] {processor.py:840} INFO - DAG(s) 'fetch_data' retrieved from /opt/airflow/dags/01_data_fetch_mkCHtbls.py
[2025-11-27T12:16:52.307+0000] {logging_mixin.py:188} INFO - [2025-11-27T12:16:52.304+0000] {dag.py:3036} INFO - Sync 1 DAGs
[2025-11-27T12:16:52.342+0000] {logging_mixin.py:188} INFO - [2025-11-27T12:16:52.342+0000] {dag.py:3823} INFO - Setting next_dagrun for fetch_data to 2025-11-27 00:00:00+00:00, run_after=2025-11-28 00:00:00+00:00
[2025-11-27T12:16:52.394+0000] {processor.py:183} INFO - Processing /opt/airflow/dags/01_data_fetch_mkCHtbls.py took 9.078 seconds
[2025-11-27T12:17:23.266+0000] {processor.py:161} INFO - Started process (PID=29625) to work on /opt/airflow/dags/01_data_fetch_mkCHtbls.py
[2025-11-27T12:17:23.270+0000] {processor.py:830} INFO - Processing file /opt/airflow/dags/01_data_fetch_mkCHtbls.py for tasks to queue
[2025-11-27T12:17:23.277+0000] {logging_mixin.py:188} INFO - [2025-11-27T12:17:23.275+0000] {dagbag.py:538} INFO - Filling up the DagBag from /opt/airflow/dags/01_data_fetch_mkCHtbls.py
[2025-11-27T12:17:31.800+0000] {processor.py:840} INFO - DAG(s) 'fetch_data' retrieved from /opt/airflow/dags/01_data_fetch_mkCHtbls.py
[2025-11-27T12:17:31.890+0000] {logging_mixin.py:188} INFO - [2025-11-27T12:17:31.888+0000] {dag.py:3036} INFO - Sync 1 DAGs
[2025-11-27T12:17:31.933+0000] {logging_mixin.py:188} INFO - [2025-11-27T12:17:31.932+0000] {dag.py:3823} INFO - Setting next_dagrun for fetch_data to 2025-11-27 00:00:00+00:00, run_after=2025-11-28 00:00:00+00:00
[2025-11-27T12:17:31.984+0000] {processor.py:183} INFO - Processing /opt/airflow/dags/01_data_fetch_mkCHtbls.py took 8.729 seconds
[2025-11-27T12:18:02.086+0000] {processor.py:161} INFO - Started process (PID=29716) to work on /opt/airflow/dags/01_data_fetch_mkCHtbls.py
[2025-11-27T12:18:02.088+0000] {processor.py:830} INFO - Processing file /opt/airflow/dags/01_data_fetch_mkCHtbls.py for tasks to queue
[2025-11-27T12:18:02.091+0000] {logging_mixin.py:188} INFO - [2025-11-27T12:18:02.090+0000] {dagbag.py:538} INFO - Filling up the DagBag from /opt/airflow/dags/01_data_fetch_mkCHtbls.py
[2025-11-27T12:18:10.292+0000] {processor.py:840} INFO - DAG(s) 'fetch_data' retrieved from /opt/airflow/dags/01_data_fetch_mkCHtbls.py
[2025-11-27T12:18:10.383+0000] {logging_mixin.py:188} INFO - [2025-11-27T12:18:10.381+0000] {dag.py:3036} INFO - Sync 1 DAGs
[2025-11-27T12:18:10.420+0000] {logging_mixin.py:188} INFO - [2025-11-27T12:18:10.420+0000] {dag.py:3823} INFO - Setting next_dagrun for fetch_data to 2025-11-27 00:00:00+00:00, run_after=2025-11-28 00:00:00+00:00
[2025-11-27T12:18:10.460+0000] {processor.py:183} INFO - Processing /opt/airflow/dags/01_data_fetch_mkCHtbls.py took 8.382 seconds
[2025-11-27T12:18:41.086+0000] {processor.py:161} INFO - Started process (PID=29786) to work on /opt/airflow/dags/01_data_fetch_mkCHtbls.py
[2025-11-27T12:18:41.091+0000] {processor.py:830} INFO - Processing file /opt/airflow/dags/01_data_fetch_mkCHtbls.py for tasks to queue
[2025-11-27T12:18:41.099+0000] {logging_mixin.py:188} INFO - [2025-11-27T12:18:41.095+0000] {dagbag.py:538} INFO - Filling up the DagBag from /opt/airflow/dags/01_data_fetch_mkCHtbls.py
[2025-11-27T12:18:49.959+0000] {processor.py:840} INFO - DAG(s) 'fetch_data' retrieved from /opt/airflow/dags/01_data_fetch_mkCHtbls.py
[2025-11-27T12:18:50.053+0000] {logging_mixin.py:188} INFO - [2025-11-27T12:18:50.051+0000] {dag.py:3036} INFO - Sync 1 DAGs
[2025-11-27T12:18:50.095+0000] {logging_mixin.py:188} INFO - [2025-11-27T12:18:50.095+0000] {dag.py:3823} INFO - Setting next_dagrun for fetch_data to 2025-11-27 00:00:00+00:00, run_after=2025-11-28 00:00:00+00:00
[2025-11-27T12:18:50.160+0000] {processor.py:183} INFO - Processing /opt/airflow/dags/01_data_fetch_mkCHtbls.py took 9.094 seconds
[2025-11-27T12:19:20.556+0000] {processor.py:161} INFO - Started process (PID=29861) to work on /opt/airflow/dags/01_data_fetch_mkCHtbls.py
[2025-11-27T12:19:20.561+0000] {processor.py:830} INFO - Processing file /opt/airflow/dags/01_data_fetch_mkCHtbls.py for tasks to queue
[2025-11-27T12:19:20.565+0000] {logging_mixin.py:188} INFO - [2025-11-27T12:19:20.563+0000] {dagbag.py:538} INFO - Filling up the DagBag from /opt/airflow/dags/01_data_fetch_mkCHtbls.py
[2025-11-27T12:19:29.874+0000] {processor.py:840} INFO - DAG(s) 'fetch_data' retrieved from /opt/airflow/dags/01_data_fetch_mkCHtbls.py
[2025-11-27T12:19:30.047+0000] {logging_mixin.py:188} INFO - [2025-11-27T12:19:30.039+0000] {dag.py:3036} INFO - Sync 1 DAGs
[2025-11-27T12:19:30.148+0000] {logging_mixin.py:188} INFO - [2025-11-27T12:19:30.144+0000] {dag.py:3823} INFO - Setting next_dagrun for fetch_data to 2025-11-27 00:00:00+00:00, run_after=2025-11-28 00:00:00+00:00
[2025-11-27T12:19:30.261+0000] {processor.py:183} INFO - Processing /opt/airflow/dags/01_data_fetch_mkCHtbls.py took 9.717 seconds
[2025-11-27T12:20:00.627+0000] {processor.py:161} INFO - Started process (PID=29951) to work on /opt/airflow/dags/01_data_fetch_mkCHtbls.py
[2025-11-27T12:20:00.631+0000] {processor.py:830} INFO - Processing file /opt/airflow/dags/01_data_fetch_mkCHtbls.py for tasks to queue
[2025-11-27T12:20:00.635+0000] {logging_mixin.py:188} INFO - [2025-11-27T12:20:00.633+0000] {dagbag.py:538} INFO - Filling up the DagBag from /opt/airflow/dags/01_data_fetch_mkCHtbls.py
[2025-11-27T12:20:10.277+0000] {processor.py:840} INFO - DAG(s) 'fetch_data' retrieved from /opt/airflow/dags/01_data_fetch_mkCHtbls.py
[2025-11-27T12:20:10.524+0000] {logging_mixin.py:188} INFO - [2025-11-27T12:20:10.521+0000] {dag.py:3036} INFO - Sync 1 DAGs
[2025-11-27T12:20:10.585+0000] {logging_mixin.py:188} INFO - [2025-11-27T12:20:10.585+0000] {dag.py:3823} INFO - Setting next_dagrun for fetch_data to 2025-11-27 00:00:00+00:00, run_after=2025-11-28 00:00:00+00:00
[2025-11-27T12:20:10.637+0000] {processor.py:183} INFO - Processing /opt/airflow/dags/01_data_fetch_mkCHtbls.py took 10.021 seconds
[2025-11-27T12:20:41.153+0000] {processor.py:161} INFO - Started process (PID=30040) to work on /opt/airflow/dags/01_data_fetch_mkCHtbls.py
[2025-11-27T12:20:41.160+0000] {processor.py:830} INFO - Processing file /opt/airflow/dags/01_data_fetch_mkCHtbls.py for tasks to queue
[2025-11-27T12:20:41.170+0000] {logging_mixin.py:188} INFO - [2025-11-27T12:20:41.165+0000] {dagbag.py:538} INFO - Filling up the DagBag from /opt/airflow/dags/01_data_fetch_mkCHtbls.py
[2025-11-27T12:20:50.321+0000] {processor.py:840} INFO - DAG(s) 'fetch_data' retrieved from /opt/airflow/dags/01_data_fetch_mkCHtbls.py
[2025-11-27T12:20:50.439+0000] {logging_mixin.py:188} INFO - [2025-11-27T12:20:50.435+0000] {dag.py:3036} INFO - Sync 1 DAGs
[2025-11-27T12:20:50.477+0000] {logging_mixin.py:188} INFO - [2025-11-27T12:20:50.477+0000] {dag.py:3823} INFO - Setting next_dagrun for fetch_data to 2025-11-27 00:00:00+00:00, run_after=2025-11-28 00:00:00+00:00
[2025-11-27T12:20:50.509+0000] {processor.py:183} INFO - Processing /opt/airflow/dags/01_data_fetch_mkCHtbls.py took 9.380 seconds
[2025-11-27T12:21:21.290+0000] {processor.py:161} INFO - Started process (PID=30117) to work on /opt/airflow/dags/01_data_fetch_mkCHtbls.py
[2025-11-27T12:21:21.292+0000] {processor.py:830} INFO - Processing file /opt/airflow/dags/01_data_fetch_mkCHtbls.py for tasks to queue
[2025-11-27T12:21:21.295+0000] {logging_mixin.py:188} INFO - [2025-11-27T12:21:21.294+0000] {dagbag.py:538} INFO - Filling up the DagBag from /opt/airflow/dags/01_data_fetch_mkCHtbls.py
[2025-11-27T12:21:29.529+0000] {processor.py:840} INFO - DAG(s) 'fetch_data' retrieved from /opt/airflow/dags/01_data_fetch_mkCHtbls.py
[2025-11-27T12:21:29.747+0000] {logging_mixin.py:188} INFO - [2025-11-27T12:21:29.742+0000] {dag.py:3036} INFO - Sync 1 DAGs
[2025-11-27T12:21:29.861+0000] {logging_mixin.py:188} INFO - [2025-11-27T12:21:29.860+0000] {dag.py:3823} INFO - Setting next_dagrun for fetch_data to 2025-11-27 00:00:00+00:00, run_after=2025-11-28 00:00:00+00:00
[2025-11-27T12:21:29.953+0000] {processor.py:183} INFO - Processing /opt/airflow/dags/01_data_fetch_mkCHtbls.py took 8.671 seconds
[2025-11-27T12:22:00.129+0000] {processor.py:161} INFO - Started process (PID=30187) to work on /opt/airflow/dags/01_data_fetch_mkCHtbls.py
[2025-11-27T12:22:00.131+0000] {processor.py:830} INFO - Processing file /opt/airflow/dags/01_data_fetch_mkCHtbls.py for tasks to queue
[2025-11-27T12:22:00.134+0000] {logging_mixin.py:188} INFO - [2025-11-27T12:22:00.132+0000] {dagbag.py:538} INFO - Filling up the DagBag from /opt/airflow/dags/01_data_fetch_mkCHtbls.py
[2025-11-27T12:22:09.200+0000] {processor.py:840} INFO - DAG(s) 'fetch_data' retrieved from /opt/airflow/dags/01_data_fetch_mkCHtbls.py
[2025-11-27T12:22:09.287+0000] {logging_mixin.py:188} INFO - [2025-11-27T12:22:09.285+0000] {dag.py:3036} INFO - Sync 1 DAGs
[2025-11-27T12:22:09.326+0000] {logging_mixin.py:188} INFO - [2025-11-27T12:22:09.325+0000] {dag.py:3823} INFO - Setting next_dagrun for fetch_data to 2025-11-27 00:00:00+00:00, run_after=2025-11-28 00:00:00+00:00
[2025-11-27T12:22:09.371+0000] {processor.py:183} INFO - Processing /opt/airflow/dags/01_data_fetch_mkCHtbls.py took 9.252 seconds
[2025-11-27T12:22:39.775+0000] {processor.py:161} INFO - Started process (PID=30277) to work on /opt/airflow/dags/01_data_fetch_mkCHtbls.py
[2025-11-27T12:22:39.778+0000] {processor.py:830} INFO - Processing file /opt/airflow/dags/01_data_fetch_mkCHtbls.py for tasks to queue
[2025-11-27T12:22:39.781+0000] {logging_mixin.py:188} INFO - [2025-11-27T12:22:39.780+0000] {dagbag.py:538} INFO - Filling up the DagBag from /opt/airflow/dags/01_data_fetch_mkCHtbls.py
[2025-11-27T12:22:49.206+0000] {processor.py:840} INFO - DAG(s) 'fetch_data' retrieved from /opt/airflow/dags/01_data_fetch_mkCHtbls.py
[2025-11-27T12:22:49.352+0000] {logging_mixin.py:188} INFO - [2025-11-27T12:22:49.348+0000] {dag.py:3036} INFO - Sync 1 DAGs
[2025-11-27T12:22:49.414+0000] {logging_mixin.py:188} INFO - [2025-11-27T12:22:49.413+0000] {dag.py:3823} INFO - Setting next_dagrun for fetch_data to 2025-11-27 00:00:00+00:00, run_after=2025-11-28 00:00:00+00:00
[2025-11-27T12:22:49.487+0000] {processor.py:183} INFO - Processing /opt/airflow/dags/01_data_fetch_mkCHtbls.py took 9.722 seconds
[2025-11-27T12:23:19.724+0000] {processor.py:161} INFO - Started process (PID=30352) to work on /opt/airflow/dags/01_data_fetch_mkCHtbls.py
[2025-11-27T12:23:19.726+0000] {processor.py:830} INFO - Processing file /opt/airflow/dags/01_data_fetch_mkCHtbls.py for tasks to queue
[2025-11-27T12:23:19.728+0000] {logging_mixin.py:188} INFO - [2025-11-27T12:23:19.728+0000] {dagbag.py:538} INFO - Filling up the DagBag from /opt/airflow/dags/01_data_fetch_mkCHtbls.py
[2025-11-27T12:23:29.304+0000] {processor.py:840} INFO - DAG(s) 'fetch_data' retrieved from /opt/airflow/dags/01_data_fetch_mkCHtbls.py
[2025-11-27T12:23:29.405+0000] {logging_mixin.py:188} INFO - [2025-11-27T12:23:29.403+0000] {dag.py:3036} INFO - Sync 1 DAGs
[2025-11-27T12:23:29.446+0000] {logging_mixin.py:188} INFO - [2025-11-27T12:23:29.445+0000] {dag.py:3823} INFO - Setting next_dagrun for fetch_data to 2025-11-27 00:00:00+00:00, run_after=2025-11-28 00:00:00+00:00
[2025-11-27T12:23:29.493+0000] {processor.py:183} INFO - Processing /opt/airflow/dags/01_data_fetch_mkCHtbls.py took 9.776 seconds
[2025-11-27T12:24:00.147+0000] {processor.py:161} INFO - Started process (PID=30443) to work on /opt/airflow/dags/01_data_fetch_mkCHtbls.py
[2025-11-27T12:24:00.150+0000] {processor.py:830} INFO - Processing file /opt/airflow/dags/01_data_fetch_mkCHtbls.py for tasks to queue
[2025-11-27T12:24:00.154+0000] {logging_mixin.py:188} INFO - [2025-11-27T12:24:00.152+0000] {dagbag.py:538} INFO - Filling up the DagBag from /opt/airflow/dags/01_data_fetch_mkCHtbls.py
[2025-11-27T12:24:08.497+0000] {processor.py:840} INFO - DAG(s) 'fetch_data' retrieved from /opt/airflow/dags/01_data_fetch_mkCHtbls.py
[2025-11-27T12:24:08.600+0000] {logging_mixin.py:188} INFO - [2025-11-27T12:24:08.600+0000] {dag.py:3036} INFO - Sync 1 DAGs
[2025-11-27T12:24:08.648+0000] {logging_mixin.py:188} INFO - [2025-11-27T12:24:08.648+0000] {dag.py:3823} INFO - Setting next_dagrun for fetch_data to 2025-11-27 00:00:00+00:00, run_after=2025-11-28 00:00:00+00:00
[2025-11-27T12:24:08.698+0000] {processor.py:183} INFO - Processing /opt/airflow/dags/01_data_fetch_mkCHtbls.py took 8.560 seconds
[2025-11-27T12:24:38.986+0000] {processor.py:161} INFO - Started process (PID=30531) to work on /opt/airflow/dags/01_data_fetch_mkCHtbls.py
[2025-11-27T12:24:38.989+0000] {processor.py:830} INFO - Processing file /opt/airflow/dags/01_data_fetch_mkCHtbls.py for tasks to queue
[2025-11-27T12:24:38.993+0000] {logging_mixin.py:188} INFO - [2025-11-27T12:24:38.991+0000] {dagbag.py:538} INFO - Filling up the DagBag from /opt/airflow/dags/01_data_fetch_mkCHtbls.py
[2025-11-27T12:24:47.070+0000] {processor.py:840} INFO - DAG(s) 'fetch_data' retrieved from /opt/airflow/dags/01_data_fetch_mkCHtbls.py
[2025-11-27T12:24:47.224+0000] {logging_mixin.py:188} INFO - [2025-11-27T12:24:47.222+0000] {dag.py:3036} INFO - Sync 1 DAGs
[2025-11-27T12:24:47.306+0000] {logging_mixin.py:188} INFO - [2025-11-27T12:24:47.304+0000] {dag.py:3823} INFO - Setting next_dagrun for fetch_data to 2025-11-27 00:00:00+00:00, run_after=2025-11-28 00:00:00+00:00
[2025-11-27T12:24:47.371+0000] {processor.py:183} INFO - Processing /opt/airflow/dags/01_data_fetch_mkCHtbls.py took 8.397 seconds
[2025-11-27T12:25:18.301+0000] {processor.py:161} INFO - Started process (PID=30603) to work on /opt/airflow/dags/01_data_fetch_mkCHtbls.py
[2025-11-27T12:25:18.305+0000] {processor.py:830} INFO - Processing file /opt/airflow/dags/01_data_fetch_mkCHtbls.py for tasks to queue
[2025-11-27T12:25:18.309+0000] {logging_mixin.py:188} INFO - [2025-11-27T12:25:18.307+0000] {dagbag.py:538} INFO - Filling up the DagBag from /opt/airflow/dags/01_data_fetch_mkCHtbls.py
[2025-11-27T12:25:25.576+0000] {processor.py:840} INFO - DAG(s) 'fetch_data' retrieved from /opt/airflow/dags/01_data_fetch_mkCHtbls.py
[2025-11-27T12:25:25.686+0000] {logging_mixin.py:188} INFO - [2025-11-27T12:25:25.684+0000] {dag.py:3036} INFO - Sync 1 DAGs
[2025-11-27T12:25:25.738+0000] {logging_mixin.py:188} INFO - [2025-11-27T12:25:25.738+0000] {dag.py:3823} INFO - Setting next_dagrun for fetch_data to 2025-11-27 00:00:00+00:00, run_after=2025-11-28 00:00:00+00:00
[2025-11-27T12:25:25.803+0000] {processor.py:183} INFO - Processing /opt/airflow/dags/01_data_fetch_mkCHtbls.py took 7.512 seconds
[2025-11-27T12:25:56.182+0000] {processor.py:161} INFO - Started process (PID=30678) to work on /opt/airflow/dags/01_data_fetch_mkCHtbls.py
[2025-11-27T12:25:56.184+0000] {processor.py:830} INFO - Processing file /opt/airflow/dags/01_data_fetch_mkCHtbls.py for tasks to queue
[2025-11-27T12:25:56.187+0000] {logging_mixin.py:188} INFO - [2025-11-27T12:25:56.186+0000] {dagbag.py:538} INFO - Filling up the DagBag from /opt/airflow/dags/01_data_fetch_mkCHtbls.py
[2025-11-27T12:26:03.997+0000] {processor.py:840} INFO - DAG(s) 'fetch_data' retrieved from /opt/airflow/dags/01_data_fetch_mkCHtbls.py
[2025-11-27T12:26:04.106+0000] {logging_mixin.py:188} INFO - [2025-11-27T12:26:04.104+0000] {dag.py:3036} INFO - Sync 1 DAGs
[2025-11-27T12:26:04.147+0000] {logging_mixin.py:188} INFO - [2025-11-27T12:26:04.146+0000] {dag.py:3823} INFO - Setting next_dagrun for fetch_data to 2025-11-27 00:00:00+00:00, run_after=2025-11-28 00:00:00+00:00
[2025-11-27T12:26:04.201+0000] {processor.py:183} INFO - Processing /opt/airflow/dags/01_data_fetch_mkCHtbls.py took 8.029 seconds
[2025-11-27T12:26:34.555+0000] {processor.py:161} INFO - Started process (PID=30769) to work on /opt/airflow/dags/01_data_fetch_mkCHtbls.py
[2025-11-27T12:26:34.560+0000] {processor.py:830} INFO - Processing file /opt/airflow/dags/01_data_fetch_mkCHtbls.py for tasks to queue
[2025-11-27T12:26:34.567+0000] {logging_mixin.py:188} INFO - [2025-11-27T12:26:34.565+0000] {dagbag.py:538} INFO - Filling up the DagBag from /opt/airflow/dags/01_data_fetch_mkCHtbls.py
[2025-11-27T12:26:43.487+0000] {processor.py:840} INFO - DAG(s) 'fetch_data' retrieved from /opt/airflow/dags/01_data_fetch_mkCHtbls.py
[2025-11-27T12:26:43.588+0000] {logging_mixin.py:188} INFO - [2025-11-27T12:26:43.587+0000] {dag.py:3036} INFO - Sync 1 DAGs
[2025-11-27T12:26:43.637+0000] {logging_mixin.py:188} INFO - [2025-11-27T12:26:43.637+0000] {dag.py:3823} INFO - Setting next_dagrun for fetch_data to 2025-11-27 00:00:00+00:00, run_after=2025-11-28 00:00:00+00:00
[2025-11-27T12:26:43.688+0000] {processor.py:183} INFO - Processing /opt/airflow/dags/01_data_fetch_mkCHtbls.py took 9.150 seconds
[2025-11-27T12:27:14.325+0000] {processor.py:161} INFO - Started process (PID=30839) to work on /opt/airflow/dags/01_data_fetch_mkCHtbls.py
[2025-11-27T12:27:14.336+0000] {processor.py:830} INFO - Processing file /opt/airflow/dags/01_data_fetch_mkCHtbls.py for tasks to queue
[2025-11-27T12:27:14.342+0000] {logging_mixin.py:188} INFO - [2025-11-27T12:27:14.341+0000] {dagbag.py:538} INFO - Filling up the DagBag from /opt/airflow/dags/01_data_fetch_mkCHtbls.py
[2025-11-27T12:27:22.062+0000] {processor.py:840} INFO - DAG(s) 'fetch_data' retrieved from /opt/airflow/dags/01_data_fetch_mkCHtbls.py
[2025-11-27T12:27:22.171+0000] {logging_mixin.py:188} INFO - [2025-11-27T12:27:22.169+0000] {dag.py:3036} INFO - Sync 1 DAGs
[2025-11-27T12:27:22.213+0000] {logging_mixin.py:188} INFO - [2025-11-27T12:27:22.212+0000] {dag.py:3823} INFO - Setting next_dagrun for fetch_data to 2025-11-27 00:00:00+00:00, run_after=2025-11-28 00:00:00+00:00
[2025-11-27T12:27:22.262+0000] {processor.py:183} INFO - Processing /opt/airflow/dags/01_data_fetch_mkCHtbls.py took 7.961 seconds
[2025-11-27T12:27:52.778+0000] {processor.py:161} INFO - Started process (PID=30929) to work on /opt/airflow/dags/01_data_fetch_mkCHtbls.py
[2025-11-27T12:27:52.781+0000] {processor.py:830} INFO - Processing file /opt/airflow/dags/01_data_fetch_mkCHtbls.py for tasks to queue
[2025-11-27T12:27:52.783+0000] {logging_mixin.py:188} INFO - [2025-11-27T12:27:52.782+0000] {dagbag.py:538} INFO - Filling up the DagBag from /opt/airflow/dags/01_data_fetch_mkCHtbls.py
[2025-11-27T12:28:00.527+0000] {processor.py:840} INFO - DAG(s) 'fetch_data' retrieved from /opt/airflow/dags/01_data_fetch_mkCHtbls.py
[2025-11-27T12:28:00.621+0000] {logging_mixin.py:188} INFO - [2025-11-27T12:28:00.619+0000] {dag.py:3036} INFO - Sync 1 DAGs
[2025-11-27T12:28:00.659+0000] {logging_mixin.py:188} INFO - [2025-11-27T12:28:00.658+0000] {dag.py:3823} INFO - Setting next_dagrun for fetch_data to 2025-11-27 00:00:00+00:00, run_after=2025-11-28 00:00:00+00:00
[2025-11-27T12:28:00.708+0000] {processor.py:183} INFO - Processing /opt/airflow/dags/01_data_fetch_mkCHtbls.py took 7.938 seconds
[2025-11-27T12:28:30.908+0000] {processor.py:161} INFO - Started process (PID=31004) to work on /opt/airflow/dags/01_data_fetch_mkCHtbls.py
[2025-11-27T12:28:30.913+0000] {processor.py:830} INFO - Processing file /opt/airflow/dags/01_data_fetch_mkCHtbls.py for tasks to queue
[2025-11-27T12:28:30.916+0000] {logging_mixin.py:188} INFO - [2025-11-27T12:28:30.914+0000] {dagbag.py:538} INFO - Filling up the DagBag from /opt/airflow/dags/01_data_fetch_mkCHtbls.py
[2025-11-27T12:28:38.941+0000] {processor.py:840} INFO - DAG(s) 'fetch_data' retrieved from /opt/airflow/dags/01_data_fetch_mkCHtbls.py
[2025-11-27T12:28:39.037+0000] {logging_mixin.py:188} INFO - [2025-11-27T12:28:39.035+0000] {dag.py:3036} INFO - Sync 1 DAGs
[2025-11-27T12:28:39.080+0000] {logging_mixin.py:188} INFO - [2025-11-27T12:28:39.080+0000] {dag.py:3823} INFO - Setting next_dagrun for fetch_data to 2025-11-27 00:00:00+00:00, run_after=2025-11-28 00:00:00+00:00
[2025-11-27T12:28:39.131+0000] {processor.py:183} INFO - Processing /opt/airflow/dags/01_data_fetch_mkCHtbls.py took 8.235 seconds
[2025-11-27T12:29:09.796+0000] {processor.py:161} INFO - Started process (PID=31074) to work on /opt/airflow/dags/01_data_fetch_mkCHtbls.py
[2025-11-27T12:29:09.799+0000] {processor.py:830} INFO - Processing file /opt/airflow/dags/01_data_fetch_mkCHtbls.py for tasks to queue
[2025-11-27T12:29:09.803+0000] {logging_mixin.py:188} INFO - [2025-11-27T12:29:09.801+0000] {dagbag.py:538} INFO - Filling up the DagBag from /opt/airflow/dags/01_data_fetch_mkCHtbls.py
[2025-11-27T12:29:17.973+0000] {processor.py:840} INFO - DAG(s) 'fetch_data' retrieved from /opt/airflow/dags/01_data_fetch_mkCHtbls.py
[2025-11-27T12:29:18.071+0000] {logging_mixin.py:188} INFO - [2025-11-27T12:29:18.068+0000] {dag.py:3036} INFO - Sync 1 DAGs
[2025-11-27T12:29:18.119+0000] {logging_mixin.py:188} INFO - [2025-11-27T12:29:18.118+0000] {dag.py:3823} INFO - Setting next_dagrun for fetch_data to 2025-11-27 00:00:00+00:00, run_after=2025-11-28 00:00:00+00:00
[2025-11-27T12:29:18.172+0000] {processor.py:183} INFO - Processing /opt/airflow/dags/01_data_fetch_mkCHtbls.py took 8.388 seconds
[2025-11-27T12:29:48.950+0000] {processor.py:161} INFO - Started process (PID=31165) to work on /opt/airflow/dags/01_data_fetch_mkCHtbls.py
[2025-11-27T12:29:48.959+0000] {processor.py:830} INFO - Processing file /opt/airflow/dags/01_data_fetch_mkCHtbls.py for tasks to queue
[2025-11-27T12:29:48.963+0000] {logging_mixin.py:188} INFO - [2025-11-27T12:29:48.961+0000] {dagbag.py:538} INFO - Filling up the DagBag from /opt/airflow/dags/01_data_fetch_mkCHtbls.py
[2025-11-27T12:29:58.040+0000] {processor.py:840} INFO - DAG(s) 'fetch_data' retrieved from /opt/airflow/dags/01_data_fetch_mkCHtbls.py
[2025-11-27T12:29:58.277+0000] {logging_mixin.py:188} INFO - [2025-11-27T12:29:58.272+0000] {dag.py:3036} INFO - Sync 1 DAGs
[2025-11-27T12:29:58.347+0000] {logging_mixin.py:188} INFO - [2025-11-27T12:29:58.346+0000] {dag.py:3823} INFO - Setting next_dagrun for fetch_data to 2025-11-27 00:00:00+00:00, run_after=2025-11-28 00:00:00+00:00
[2025-11-27T12:29:58.400+0000] {processor.py:183} INFO - Processing /opt/airflow/dags/01_data_fetch_mkCHtbls.py took 9.467 seconds
[2025-11-27T12:30:28.789+0000] {processor.py:161} INFO - Started process (PID=31255) to work on /opt/airflow/dags/01_data_fetch_mkCHtbls.py
[2025-11-27T12:30:28.792+0000] {processor.py:830} INFO - Processing file /opt/airflow/dags/01_data_fetch_mkCHtbls.py for tasks to queue
[2025-11-27T12:30:28.795+0000] {logging_mixin.py:188} INFO - [2025-11-27T12:30:28.793+0000] {dagbag.py:538} INFO - Filling up the DagBag from /opt/airflow/dags/01_data_fetch_mkCHtbls.py
[2025-11-27T12:30:36.000+0000] {processor.py:840} INFO - DAG(s) 'fetch_data' retrieved from /opt/airflow/dags/01_data_fetch_mkCHtbls.py
[2025-11-27T12:30:36.103+0000] {logging_mixin.py:188} INFO - [2025-11-27T12:30:36.100+0000] {dag.py:3036} INFO - Sync 1 DAGs
[2025-11-27T12:30:36.162+0000] {logging_mixin.py:188} INFO - [2025-11-27T12:30:36.161+0000] {dag.py:3823} INFO - Setting next_dagrun for fetch_data to 2025-11-27 00:00:00+00:00, run_after=2025-11-28 00:00:00+00:00
[2025-11-27T12:30:36.261+0000] {processor.py:183} INFO - Processing /opt/airflow/dags/01_data_fetch_mkCHtbls.py took 7.481 seconds
[2025-11-27T12:31:06.736+0000] {processor.py:161} INFO - Started process (PID=31330) to work on /opt/airflow/dags/01_data_fetch_mkCHtbls.py
[2025-11-27T12:31:06.739+0000] {processor.py:830} INFO - Processing file /opt/airflow/dags/01_data_fetch_mkCHtbls.py for tasks to queue
[2025-11-27T12:31:06.741+0000] {logging_mixin.py:188} INFO - [2025-11-27T12:31:06.741+0000] {dagbag.py:538} INFO - Filling up the DagBag from /opt/airflow/dags/01_data_fetch_mkCHtbls.py
[2025-11-27T12:31:16.675+0000] {processor.py:840} INFO - DAG(s) 'fetch_data' retrieved from /opt/airflow/dags/01_data_fetch_mkCHtbls.py
[2025-11-27T12:31:16.789+0000] {logging_mixin.py:188} INFO - [2025-11-27T12:31:16.787+0000] {dag.py:3036} INFO - Sync 1 DAGs
[2025-11-27T12:31:16.840+0000] {logging_mixin.py:188} INFO - [2025-11-27T12:31:16.840+0000] {dag.py:3823} INFO - Setting next_dagrun for fetch_data to 2025-11-27 00:00:00+00:00, run_after=2025-11-28 00:00:00+00:00
[2025-11-27T12:31:16.915+0000] {processor.py:183} INFO - Processing /opt/airflow/dags/01_data_fetch_mkCHtbls.py took 10.187 seconds
[2025-11-27T12:31:47.565+0000] {processor.py:161} INFO - Started process (PID=31400) to work on /opt/airflow/dags/01_data_fetch_mkCHtbls.py
[2025-11-27T12:31:47.571+0000] {processor.py:830} INFO - Processing file /opt/airflow/dags/01_data_fetch_mkCHtbls.py for tasks to queue
[2025-11-27T12:31:47.576+0000] {logging_mixin.py:188} INFO - [2025-11-27T12:31:47.574+0000] {dagbag.py:538} INFO - Filling up the DagBag from /opt/airflow/dags/01_data_fetch_mkCHtbls.py
[2025-11-27T12:31:54.852+0000] {processor.py:840} INFO - DAG(s) 'fetch_data' retrieved from /opt/airflow/dags/01_data_fetch_mkCHtbls.py
[2025-11-27T12:31:55.010+0000] {logging_mixin.py:188} INFO - [2025-11-27T12:31:55.009+0000] {dag.py:3036} INFO - Sync 1 DAGs
[2025-11-27T12:31:55.083+0000] {logging_mixin.py:188} INFO - [2025-11-27T12:31:55.082+0000] {dag.py:3823} INFO - Setting next_dagrun for fetch_data to 2025-11-27 00:00:00+00:00, run_after=2025-11-28 00:00:00+00:00
[2025-11-27T12:31:55.176+0000] {processor.py:183} INFO - Processing /opt/airflow/dags/01_data_fetch_mkCHtbls.py took 7.627 seconds
[2025-11-27T12:32:25.961+0000] {processor.py:161} INFO - Started process (PID=31489) to work on /opt/airflow/dags/01_data_fetch_mkCHtbls.py
[2025-11-27T12:32:25.969+0000] {processor.py:830} INFO - Processing file /opt/airflow/dags/01_data_fetch_mkCHtbls.py for tasks to queue
[2025-11-27T12:32:25.975+0000] {logging_mixin.py:188} INFO - [2025-11-27T12:32:25.972+0000] {dagbag.py:538} INFO - Filling up the DagBag from /opt/airflow/dags/01_data_fetch_mkCHtbls.py
[2025-11-27T12:32:33.203+0000] {processor.py:840} INFO - DAG(s) 'fetch_data' retrieved from /opt/airflow/dags/01_data_fetch_mkCHtbls.py
[2025-11-27T12:32:33.270+0000] {logging_mixin.py:188} INFO - [2025-11-27T12:32:33.270+0000] {dag.py:3036} INFO - Sync 1 DAGs
[2025-11-27T12:32:33.314+0000] {logging_mixin.py:188} INFO - [2025-11-27T12:32:33.313+0000] {dag.py:3823} INFO - Setting next_dagrun for fetch_data to 2025-11-27 00:00:00+00:00, run_after=2025-11-28 00:00:00+00:00
[2025-11-27T12:32:33.349+0000] {processor.py:183} INFO - Processing /opt/airflow/dags/01_data_fetch_mkCHtbls.py took 7.405 seconds
[2025-11-27T12:33:03.743+0000] {processor.py:161} INFO - Started process (PID=31581) to work on /opt/airflow/dags/01_data_fetch_mkCHtbls.py
[2025-11-27T12:33:03.745+0000] {processor.py:830} INFO - Processing file /opt/airflow/dags/01_data_fetch_mkCHtbls.py for tasks to queue
[2025-11-27T12:33:03.749+0000] {logging_mixin.py:188} INFO - [2025-11-27T12:33:03.747+0000] {dagbag.py:538} INFO - Filling up the DagBag from /opt/airflow/dags/01_data_fetch_mkCHtbls.py
[2025-11-27T12:33:11.299+0000] {processor.py:840} INFO - DAG(s) 'fetch_data' retrieved from /opt/airflow/dags/01_data_fetch_mkCHtbls.py
[2025-11-27T12:33:11.409+0000] {logging_mixin.py:188} INFO - [2025-11-27T12:33:11.407+0000] {dag.py:3036} INFO - Sync 1 DAGs
[2025-11-27T12:33:11.459+0000] {logging_mixin.py:188} INFO - [2025-11-27T12:33:11.458+0000] {dag.py:3823} INFO - Setting next_dagrun for fetch_data to 2025-11-27 00:00:00+00:00, run_after=2025-11-28 00:00:00+00:00
[2025-11-27T12:33:11.502+0000] {processor.py:183} INFO - Processing /opt/airflow/dags/01_data_fetch_mkCHtbls.py took 7.769 seconds
[2025-11-27T12:33:42.130+0000] {processor.py:161} INFO - Started process (PID=31656) to work on /opt/airflow/dags/01_data_fetch_mkCHtbls.py
[2025-11-27T12:33:42.133+0000] {processor.py:830} INFO - Processing file /opt/airflow/dags/01_data_fetch_mkCHtbls.py for tasks to queue
[2025-11-27T12:33:42.136+0000] {logging_mixin.py:188} INFO - [2025-11-27T12:33:42.135+0000] {dagbag.py:538} INFO - Filling up the DagBag from /opt/airflow/dags/01_data_fetch_mkCHtbls.py
[2025-11-27T12:33:52.199+0000] {processor.py:840} INFO - DAG(s) 'fetch_data' retrieved from /opt/airflow/dags/01_data_fetch_mkCHtbls.py
[2025-11-27T12:33:52.335+0000] {logging_mixin.py:188} INFO - [2025-11-27T12:33:52.332+0000] {dag.py:3036} INFO - Sync 1 DAGs
[2025-11-27T12:33:52.387+0000] {logging_mixin.py:188} INFO - [2025-11-27T12:33:52.386+0000] {dag.py:3823} INFO - Setting next_dagrun for fetch_data to 2025-11-27 00:00:00+00:00, run_after=2025-11-28 00:00:00+00:00
[2025-11-27T12:33:52.439+0000] {processor.py:183} INFO - Processing /opt/airflow/dags/01_data_fetch_mkCHtbls.py took 10.320 seconds
[2025-11-27T12:34:23.227+0000] {processor.py:161} INFO - Started process (PID=31726) to work on /opt/airflow/dags/01_data_fetch_mkCHtbls.py
[2025-11-27T12:34:23.229+0000] {processor.py:830} INFO - Processing file /opt/airflow/dags/01_data_fetch_mkCHtbls.py for tasks to queue
[2025-11-27T12:34:23.239+0000] {logging_mixin.py:188} INFO - [2025-11-27T12:34:23.236+0000] {dagbag.py:538} INFO - Filling up the DagBag from /opt/airflow/dags/01_data_fetch_mkCHtbls.py
[2025-11-27T12:34:31.618+0000] {processor.py:840} INFO - DAG(s) 'fetch_data' retrieved from /opt/airflow/dags/01_data_fetch_mkCHtbls.py
[2025-11-27T12:34:31.704+0000] {logging_mixin.py:188} INFO - [2025-11-27T12:34:31.703+0000] {dag.py:3036} INFO - Sync 1 DAGs
[2025-11-27T12:34:31.756+0000] {logging_mixin.py:188} INFO - [2025-11-27T12:34:31.755+0000] {dag.py:3823} INFO - Setting next_dagrun for fetch_data to 2025-11-27 00:00:00+00:00, run_after=2025-11-28 00:00:00+00:00
[2025-11-27T12:34:31.807+0000] {processor.py:183} INFO - Processing /opt/airflow/dags/01_data_fetch_mkCHtbls.py took 8.588 seconds
[2025-11-27T12:35:02.304+0000] {processor.py:161} INFO - Started process (PID=31796) to work on /opt/airflow/dags/01_data_fetch_mkCHtbls.py
[2025-11-27T12:35:02.306+0000] {processor.py:830} INFO - Processing file /opt/airflow/dags/01_data_fetch_mkCHtbls.py for tasks to queue
[2025-11-27T12:35:02.311+0000] {logging_mixin.py:188} INFO - [2025-11-27T12:35:02.309+0000] {dagbag.py:538} INFO - Filling up the DagBag from /opt/airflow/dags/01_data_fetch_mkCHtbls.py
[2025-11-27T12:35:11.252+0000] {processor.py:840} INFO - DAG(s) 'fetch_data' retrieved from /opt/airflow/dags/01_data_fetch_mkCHtbls.py
[2025-11-27T12:35:11.375+0000] {logging_mixin.py:188} INFO - [2025-11-27T12:35:11.373+0000] {dag.py:3036} INFO - Sync 1 DAGs
[2025-11-27T12:35:11.432+0000] {logging_mixin.py:188} INFO - [2025-11-27T12:35:11.432+0000] {dag.py:3823} INFO - Setting next_dagrun for fetch_data to 2025-11-27 00:00:00+00:00, run_after=2025-11-28 00:00:00+00:00
[2025-11-27T12:35:11.476+0000] {processor.py:183} INFO - Processing /opt/airflow/dags/01_data_fetch_mkCHtbls.py took 9.184 seconds
[2025-11-27T12:35:42.183+0000] {processor.py:161} INFO - Started process (PID=31912) to work on /opt/airflow/dags/01_data_fetch_mkCHtbls.py
[2025-11-27T12:35:42.186+0000] {processor.py:830} INFO - Processing file /opt/airflow/dags/01_data_fetch_mkCHtbls.py for tasks to queue
[2025-11-27T12:35:42.189+0000] {logging_mixin.py:188} INFO - [2025-11-27T12:35:42.187+0000] {dagbag.py:538} INFO - Filling up the DagBag from /opt/airflow/dags/01_data_fetch_mkCHtbls.py
[2025-11-27T12:35:49.526+0000] {processor.py:840} INFO - DAG(s) 'fetch_data' retrieved from /opt/airflow/dags/01_data_fetch_mkCHtbls.py
[2025-11-27T12:35:49.611+0000] {logging_mixin.py:188} INFO - [2025-11-27T12:35:49.609+0000] {dag.py:3036} INFO - Sync 1 DAGs
[2025-11-27T12:35:49.653+0000] {logging_mixin.py:188} INFO - [2025-11-27T12:35:49.653+0000] {dag.py:3823} INFO - Setting next_dagrun for fetch_data to 2025-11-27 00:00:00+00:00, run_after=2025-11-28 00:00:00+00:00
[2025-11-27T12:35:49.698+0000] {processor.py:183} INFO - Processing /opt/airflow/dags/01_data_fetch_mkCHtbls.py took 7.524 seconds
[2025-11-27T12:36:19.816+0000] {processor.py:161} INFO - Started process (PID=31982) to work on /opt/airflow/dags/01_data_fetch_mkCHtbls.py
[2025-11-27T12:36:19.819+0000] {processor.py:830} INFO - Processing file /opt/airflow/dags/01_data_fetch_mkCHtbls.py for tasks to queue
[2025-11-27T12:36:19.822+0000] {logging_mixin.py:188} INFO - [2025-11-27T12:36:19.821+0000] {dagbag.py:538} INFO - Filling up the DagBag from /opt/airflow/dags/01_data_fetch_mkCHtbls.py
[2025-11-27T12:36:28.338+0000] {processor.py:840} INFO - DAG(s) 'fetch_data' retrieved from /opt/airflow/dags/01_data_fetch_mkCHtbls.py
[2025-11-27T12:36:28.436+0000] {logging_mixin.py:188} INFO - [2025-11-27T12:36:28.433+0000] {dag.py:3036} INFO - Sync 1 DAGs
[2025-11-27T12:36:28.488+0000] {logging_mixin.py:188} INFO - [2025-11-27T12:36:28.488+0000] {dag.py:3823} INFO - Setting next_dagrun for fetch_data to 2025-11-27 00:00:00+00:00, run_after=2025-11-28 00:00:00+00:00
[2025-11-27T12:36:28.533+0000] {processor.py:183} INFO - Processing /opt/airflow/dags/01_data_fetch_mkCHtbls.py took 8.728 seconds
[2025-11-27T12:36:58.701+0000] {processor.py:161} INFO - Started process (PID=32052) to work on /opt/airflow/dags/01_data_fetch_mkCHtbls.py
[2025-11-27T12:36:58.704+0000] {processor.py:830} INFO - Processing file /opt/airflow/dags/01_data_fetch_mkCHtbls.py for tasks to queue
[2025-11-27T12:36:58.707+0000] {logging_mixin.py:188} INFO - [2025-11-27T12:36:58.706+0000] {dagbag.py:538} INFO - Filling up the DagBag from /opt/airflow/dags/01_data_fetch_mkCHtbls.py
[2025-11-27T12:37:06.464+0000] {processor.py:840} INFO - DAG(s) 'fetch_data' retrieved from /opt/airflow/dags/01_data_fetch_mkCHtbls.py
[2025-11-27T12:37:06.588+0000] {logging_mixin.py:188} INFO - [2025-11-27T12:37:06.584+0000] {dag.py:3036} INFO - Sync 1 DAGs
[2025-11-27T12:37:06.666+0000] {logging_mixin.py:188} INFO - [2025-11-27T12:37:06.665+0000] {dag.py:3823} INFO - Setting next_dagrun for fetch_data to 2025-11-27 00:00:00+00:00, run_after=2025-11-28 00:00:00+00:00
[2025-11-27T12:37:06.716+0000] {processor.py:183} INFO - Processing /opt/airflow/dags/01_data_fetch_mkCHtbls.py took 8.024 seconds
[2025-11-27T12:37:36.976+0000] {processor.py:161} INFO - Started process (PID=32122) to work on /opt/airflow/dags/01_data_fetch_mkCHtbls.py
[2025-11-27T12:37:36.983+0000] {processor.py:830} INFO - Processing file /opt/airflow/dags/01_data_fetch_mkCHtbls.py for tasks to queue
[2025-11-27T12:37:36.989+0000] {logging_mixin.py:188} INFO - [2025-11-27T12:37:36.986+0000] {dagbag.py:538} INFO - Filling up the DagBag from /opt/airflow/dags/01_data_fetch_mkCHtbls.py
[2025-11-27T12:37:44.281+0000] {processor.py:840} INFO - DAG(s) 'fetch_data' retrieved from /opt/airflow/dags/01_data_fetch_mkCHtbls.py
[2025-11-27T12:37:44.408+0000] {logging_mixin.py:188} INFO - [2025-11-27T12:37:44.403+0000] {dag.py:3036} INFO - Sync 1 DAGs
[2025-11-27T12:37:44.494+0000] {logging_mixin.py:188} INFO - [2025-11-27T12:37:44.494+0000] {dag.py:3823} INFO - Setting next_dagrun for fetch_data to 2025-11-27 00:00:00+00:00, run_after=2025-11-28 00:00:00+00:00
[2025-11-27T12:37:44.589+0000] {processor.py:183} INFO - Processing /opt/airflow/dags/01_data_fetch_mkCHtbls.py took 7.625 seconds
[2025-11-27T12:38:15.272+0000] {processor.py:161} INFO - Started process (PID=32236) to work on /opt/airflow/dags/01_data_fetch_mkCHtbls.py
[2025-11-27T12:38:15.275+0000] {processor.py:830} INFO - Processing file /opt/airflow/dags/01_data_fetch_mkCHtbls.py for tasks to queue
[2025-11-27T12:38:15.278+0000] {logging_mixin.py:188} INFO - [2025-11-27T12:38:15.276+0000] {dagbag.py:538} INFO - Filling up the DagBag from /opt/airflow/dags/01_data_fetch_mkCHtbls.py
[2025-11-27T12:38:22.497+0000] {processor.py:840} INFO - DAG(s) 'fetch_data' retrieved from /opt/airflow/dags/01_data_fetch_mkCHtbls.py
[2025-11-27T12:38:22.583+0000] {logging_mixin.py:188} INFO - [2025-11-27T12:38:22.581+0000] {dag.py:3036} INFO - Sync 1 DAGs
[2025-11-27T12:38:22.628+0000] {logging_mixin.py:188} INFO - [2025-11-27T12:38:22.627+0000] {dag.py:3823} INFO - Setting next_dagrun for fetch_data to 2025-11-27 00:00:00+00:00, run_after=2025-11-28 00:00:00+00:00
[2025-11-27T12:38:22.701+0000] {processor.py:183} INFO - Processing /opt/airflow/dags/01_data_fetch_mkCHtbls.py took 7.438 seconds
[2025-11-27T12:38:52.947+0000] {processor.py:161} INFO - Started process (PID=32308) to work on /opt/airflow/dags/01_data_fetch_mkCHtbls.py
[2025-11-27T12:38:52.950+0000] {processor.py:830} INFO - Processing file /opt/airflow/dags/01_data_fetch_mkCHtbls.py for tasks to queue
[2025-11-27T12:38:52.953+0000] {logging_mixin.py:188} INFO - [2025-11-27T12:38:52.951+0000] {dagbag.py:538} INFO - Filling up the DagBag from /opt/airflow/dags/01_data_fetch_mkCHtbls.py
[2025-11-27T12:39:00.564+0000] {processor.py:840} INFO - DAG(s) 'fetch_data' retrieved from /opt/airflow/dags/01_data_fetch_mkCHtbls.py
[2025-11-27T12:39:00.654+0000] {logging_mixin.py:188} INFO - [2025-11-27T12:39:00.652+0000] {dag.py:3036} INFO - Sync 1 DAGs
[2025-11-27T12:39:00.717+0000] {logging_mixin.py:188} INFO - [2025-11-27T12:39:00.716+0000] {dag.py:3823} INFO - Setting next_dagrun for fetch_data to 2025-11-27 00:00:00+00:00, run_after=2025-11-28 00:00:00+00:00
[2025-11-27T12:39:00.755+0000] {processor.py:183} INFO - Processing /opt/airflow/dags/01_data_fetch_mkCHtbls.py took 7.819 seconds
[2025-11-27T12:39:31.388+0000] {processor.py:161} INFO - Started process (PID=32378) to work on /opt/airflow/dags/01_data_fetch_mkCHtbls.py
[2025-11-27T12:39:31.390+0000] {processor.py:830} INFO - Processing file /opt/airflow/dags/01_data_fetch_mkCHtbls.py for tasks to queue
[2025-11-27T12:39:31.395+0000] {logging_mixin.py:188} INFO - [2025-11-27T12:39:31.393+0000] {dagbag.py:538} INFO - Filling up the DagBag from /opt/airflow/dags/01_data_fetch_mkCHtbls.py
[2025-11-27T12:39:39.850+0000] {processor.py:840} INFO - DAG(s) 'fetch_data' retrieved from /opt/airflow/dags/01_data_fetch_mkCHtbls.py
[2025-11-27T12:39:39.947+0000] {logging_mixin.py:188} INFO - [2025-11-27T12:39:39.944+0000] {dag.py:3036} INFO - Sync 1 DAGs
[2025-11-27T12:39:39.990+0000] {logging_mixin.py:188} INFO - [2025-11-27T12:39:39.989+0000] {dag.py:3823} INFO - Setting next_dagrun for fetch_data to 2025-11-27 00:00:00+00:00, run_after=2025-11-28 00:00:00+00:00
[2025-11-27T12:39:40.043+0000] {processor.py:183} INFO - Processing /opt/airflow/dags/01_data_fetch_mkCHtbls.py took 8.664 seconds
[2025-11-27T12:40:10.598+0000] {processor.py:161} INFO - Started process (PID=32448) to work on /opt/airflow/dags/01_data_fetch_mkCHtbls.py
[2025-11-27T12:40:10.602+0000] {processor.py:830} INFO - Processing file /opt/airflow/dags/01_data_fetch_mkCHtbls.py for tasks to queue
[2025-11-27T12:40:10.606+0000] {logging_mixin.py:188} INFO - [2025-11-27T12:40:10.604+0000] {dagbag.py:538} INFO - Filling up the DagBag from /opt/airflow/dags/01_data_fetch_mkCHtbls.py
[2025-11-27T12:40:18.747+0000] {processor.py:840} INFO - DAG(s) 'fetch_data' retrieved from /opt/airflow/dags/01_data_fetch_mkCHtbls.py
[2025-11-27T12:40:18.846+0000] {logging_mixin.py:188} INFO - [2025-11-27T12:40:18.844+0000] {dag.py:3036} INFO - Sync 1 DAGs
[2025-11-27T12:40:18.889+0000] {logging_mixin.py:188} INFO - [2025-11-27T12:40:18.888+0000] {dag.py:3823} INFO - Setting next_dagrun for fetch_data to 2025-11-27 00:00:00+00:00, run_after=2025-11-28 00:00:00+00:00
[2025-11-27T12:40:18.933+0000] {processor.py:183} INFO - Processing /opt/airflow/dags/01_data_fetch_mkCHtbls.py took 8.349 seconds
[2025-11-27T12:40:49.211+0000] {processor.py:161} INFO - Started process (PID=32543) to work on /opt/airflow/dags/01_data_fetch_mkCHtbls.py
[2025-11-27T12:40:49.214+0000] {processor.py:830} INFO - Processing file /opt/airflow/dags/01_data_fetch_mkCHtbls.py for tasks to queue
[2025-11-27T12:40:49.218+0000] {logging_mixin.py:188} INFO - [2025-11-27T12:40:49.216+0000] {dagbag.py:538} INFO - Filling up the DagBag from /opt/airflow/dags/01_data_fetch_mkCHtbls.py
[2025-11-27T12:40:57.910+0000] {processor.py:840} INFO - DAG(s) 'fetch_data' retrieved from /opt/airflow/dags/01_data_fetch_mkCHtbls.py
[2025-11-27T12:40:58.005+0000] {logging_mixin.py:188} INFO - [2025-11-27T12:40:58.003+0000] {dag.py:3036} INFO - Sync 1 DAGs
[2025-11-27T12:40:58.060+0000] {logging_mixin.py:188} INFO - [2025-11-27T12:40:58.059+0000] {dag.py:3823} INFO - Setting next_dagrun for fetch_data to 2025-11-27 00:00:00+00:00, run_after=2025-11-28 00:00:00+00:00
[2025-11-27T12:40:58.114+0000] {processor.py:183} INFO - Processing /opt/airflow/dags/01_data_fetch_mkCHtbls.py took 8.912 seconds
[2025-11-27T12:41:28.789+0000] {processor.py:161} INFO - Started process (PID=32634) to work on /opt/airflow/dags/01_data_fetch_mkCHtbls.py
[2025-11-27T12:41:28.791+0000] {processor.py:830} INFO - Processing file /opt/airflow/dags/01_data_fetch_mkCHtbls.py for tasks to queue
[2025-11-27T12:41:28.793+0000] {logging_mixin.py:188} INFO - [2025-11-27T12:41:28.793+0000] {dagbag.py:538} INFO - Filling up the DagBag from /opt/airflow/dags/01_data_fetch_mkCHtbls.py
[2025-11-27T12:41:36.684+0000] {processor.py:840} INFO - DAG(s) 'fetch_data' retrieved from /opt/airflow/dags/01_data_fetch_mkCHtbls.py
[2025-11-27T12:41:36.873+0000] {logging_mixin.py:188} INFO - [2025-11-27T12:41:36.868+0000] {dag.py:3036} INFO - Sync 1 DAGs
[2025-11-27T12:41:36.959+0000] {logging_mixin.py:188} INFO - [2025-11-27T12:41:36.958+0000] {dag.py:3823} INFO - Setting next_dagrun for fetch_data to 2025-11-27 00:00:00+00:00, run_after=2025-11-28 00:00:00+00:00
[2025-11-27T12:41:37.016+0000] {processor.py:183} INFO - Processing /opt/airflow/dags/01_data_fetch_mkCHtbls.py took 8.235 seconds
[2025-11-27T12:42:07.700+0000] {processor.py:161} INFO - Started process (PID=32704) to work on /opt/airflow/dags/01_data_fetch_mkCHtbls.py
[2025-11-27T12:42:07.707+0000] {processor.py:830} INFO - Processing file /opt/airflow/dags/01_data_fetch_mkCHtbls.py for tasks to queue
[2025-11-27T12:42:07.715+0000] {logging_mixin.py:188} INFO - [2025-11-27T12:42:07.711+0000] {dagbag.py:538} INFO - Filling up the DagBag from /opt/airflow/dags/01_data_fetch_mkCHtbls.py
[2025-11-27T12:42:14.250+0000] {processor.py:840} INFO - DAG(s) 'fetch_data' retrieved from /opt/airflow/dags/01_data_fetch_mkCHtbls.py
[2025-11-27T12:42:14.458+0000] {logging_mixin.py:188} INFO - [2025-11-27T12:42:14.453+0000] {dag.py:3036} INFO - Sync 1 DAGs
[2025-11-27T12:42:14.552+0000] {logging_mixin.py:188} INFO - [2025-11-27T12:42:14.551+0000] {dag.py:3823} INFO - Setting next_dagrun for fetch_data to 2025-11-27 00:00:00+00:00, run_after=2025-11-28 00:00:00+00:00
[2025-11-27T12:42:14.631+0000] {processor.py:183} INFO - Processing /opt/airflow/dags/01_data_fetch_mkCHtbls.py took 6.953 seconds
[2025-11-27T12:42:45.111+0000] {processor.py:161} INFO - Started process (PID=32774) to work on /opt/airflow/dags/01_data_fetch_mkCHtbls.py
[2025-11-27T12:42:45.114+0000] {processor.py:830} INFO - Processing file /opt/airflow/dags/01_data_fetch_mkCHtbls.py for tasks to queue
[2025-11-27T12:42:45.117+0000] {logging_mixin.py:188} INFO - [2025-11-27T12:42:45.115+0000] {dagbag.py:538} INFO - Filling up the DagBag from /opt/airflow/dags/01_data_fetch_mkCHtbls.py
[2025-11-27T12:42:52.280+0000] {processor.py:840} INFO - DAG(s) 'fetch_data' retrieved from /opt/airflow/dags/01_data_fetch_mkCHtbls.py
[2025-11-27T12:42:52.364+0000] {logging_mixin.py:188} INFO - [2025-11-27T12:42:52.362+0000] {dag.py:3036} INFO - Sync 1 DAGs
[2025-11-27T12:42:52.405+0000] {logging_mixin.py:188} INFO - [2025-11-27T12:42:52.404+0000] {dag.py:3823} INFO - Setting next_dagrun for fetch_data to 2025-11-27 00:00:00+00:00, run_after=2025-11-28 00:00:00+00:00
[2025-11-27T12:42:52.452+0000] {processor.py:183} INFO - Processing /opt/airflow/dags/01_data_fetch_mkCHtbls.py took 7.352 seconds
[2025-11-27T12:43:22.627+0000] {processor.py:161} INFO - Started process (PID=32869) to work on /opt/airflow/dags/01_data_fetch_mkCHtbls.py
[2025-11-27T12:43:22.631+0000] {processor.py:830} INFO - Processing file /opt/airflow/dags/01_data_fetch_mkCHtbls.py for tasks to queue
[2025-11-27T12:43:22.636+0000] {logging_mixin.py:188} INFO - [2025-11-27T12:43:22.634+0000] {dagbag.py:538} INFO - Filling up the DagBag from /opt/airflow/dags/01_data_fetch_mkCHtbls.py
[2025-11-27T12:43:30.470+0000] {processor.py:840} INFO - DAG(s) 'fetch_data' retrieved from /opt/airflow/dags/01_data_fetch_mkCHtbls.py
[2025-11-27T12:43:30.599+0000] {logging_mixin.py:188} INFO - [2025-11-27T12:43:30.596+0000] {dag.py:3036} INFO - Sync 1 DAGs
[2025-11-27T12:43:30.644+0000] {logging_mixin.py:188} INFO - [2025-11-27T12:43:30.643+0000] {dag.py:3823} INFO - Setting next_dagrun for fetch_data to 2025-11-27 00:00:00+00:00, run_after=2025-11-28 00:00:00+00:00
[2025-11-27T12:43:30.700+0000] {processor.py:183} INFO - Processing /opt/airflow/dags/01_data_fetch_mkCHtbls.py took 8.087 seconds
[2025-11-27T12:44:01.451+0000] {processor.py:161} INFO - Started process (PID=32939) to work on /opt/airflow/dags/01_data_fetch_mkCHtbls.py
[2025-11-27T12:44:01.453+0000] {processor.py:830} INFO - Processing file /opt/airflow/dags/01_data_fetch_mkCHtbls.py for tasks to queue
[2025-11-27T12:44:01.456+0000] {logging_mixin.py:188} INFO - [2025-11-27T12:44:01.455+0000] {dagbag.py:538} INFO - Filling up the DagBag from /opt/airflow/dags/01_data_fetch_mkCHtbls.py
[2025-11-27T12:44:10.422+0000] {processor.py:840} INFO - DAG(s) 'fetch_data' retrieved from /opt/airflow/dags/01_data_fetch_mkCHtbls.py
[2025-11-27T12:44:10.522+0000] {logging_mixin.py:188} INFO - [2025-11-27T12:44:10.520+0000] {dag.py:3036} INFO - Sync 1 DAGs
[2025-11-27T12:44:10.579+0000] {logging_mixin.py:188} INFO - [2025-11-27T12:44:10.578+0000] {dag.py:3823} INFO - Setting next_dagrun for fetch_data to 2025-11-27 00:00:00+00:00, run_after=2025-11-28 00:00:00+00:00
[2025-11-27T12:44:10.635+0000] {processor.py:183} INFO - Processing /opt/airflow/dags/01_data_fetch_mkCHtbls.py took 9.193 seconds
[2025-11-27T12:44:40.923+0000] {processor.py:161} INFO - Started process (PID=33030) to work on /opt/airflow/dags/01_data_fetch_mkCHtbls.py
[2025-11-27T12:44:40.926+0000] {processor.py:830} INFO - Processing file /opt/airflow/dags/01_data_fetch_mkCHtbls.py for tasks to queue
[2025-11-27T12:44:40.929+0000] {logging_mixin.py:188} INFO - [2025-11-27T12:44:40.928+0000] {dagbag.py:538} INFO - Filling up the DagBag from /opt/airflow/dags/01_data_fetch_mkCHtbls.py
[2025-11-27T12:44:49.213+0000] {processor.py:840} INFO - DAG(s) 'fetch_data' retrieved from /opt/airflow/dags/01_data_fetch_mkCHtbls.py
[2025-11-27T12:44:49.293+0000] {logging_mixin.py:188} INFO - [2025-11-27T12:44:49.291+0000] {dag.py:3036} INFO - Sync 1 DAGs
[2025-11-27T12:44:49.335+0000] {logging_mixin.py:188} INFO - [2025-11-27T12:44:49.334+0000] {dag.py:3823} INFO - Setting next_dagrun for fetch_data to 2025-11-27 00:00:00+00:00, run_after=2025-11-28 00:00:00+00:00
[2025-11-27T12:44:49.387+0000] {processor.py:183} INFO - Processing /opt/airflow/dags/01_data_fetch_mkCHtbls.py took 8.475 seconds
[2025-11-27T12:45:20.041+0000] {processor.py:161} INFO - Started process (PID=33100) to work on /opt/airflow/dags/01_data_fetch_mkCHtbls.py
[2025-11-27T12:45:20.059+0000] {processor.py:830} INFO - Processing file /opt/airflow/dags/01_data_fetch_mkCHtbls.py for tasks to queue
[2025-11-27T12:45:20.064+0000] {logging_mixin.py:188} INFO - [2025-11-27T12:45:20.061+0000] {dagbag.py:538} INFO - Filling up the DagBag from /opt/airflow/dags/01_data_fetch_mkCHtbls.py
[2025-11-27T12:45:27.870+0000] {processor.py:840} INFO - DAG(s) 'fetch_data' retrieved from /opt/airflow/dags/01_data_fetch_mkCHtbls.py
[2025-11-27T12:45:28.001+0000] {logging_mixin.py:188} INFO - [2025-11-27T12:45:27.998+0000] {dag.py:3036} INFO - Sync 1 DAGs
[2025-11-27T12:45:28.078+0000] {logging_mixin.py:188} INFO - [2025-11-27T12:45:28.077+0000] {dag.py:3823} INFO - Setting next_dagrun for fetch_data to 2025-11-27 00:00:00+00:00, run_after=2025-11-28 00:00:00+00:00
[2025-11-27T12:45:28.156+0000] {processor.py:183} INFO - Processing /opt/airflow/dags/01_data_fetch_mkCHtbls.py took 8.126 seconds
[2025-11-27T12:45:59.003+0000] {processor.py:161} INFO - Started process (PID=33195) to work on /opt/airflow/dags/01_data_fetch_mkCHtbls.py
[2025-11-27T12:45:59.007+0000] {processor.py:830} INFO - Processing file /opt/airflow/dags/01_data_fetch_mkCHtbls.py for tasks to queue
[2025-11-27T12:45:59.010+0000] {logging_mixin.py:188} INFO - [2025-11-27T12:45:59.009+0000] {dagbag.py:538} INFO - Filling up the DagBag from /opt/airflow/dags/01_data_fetch_mkCHtbls.py
[2025-11-27T12:46:06.678+0000] {processor.py:840} INFO - DAG(s) 'fetch_data' retrieved from /opt/airflow/dags/01_data_fetch_mkCHtbls.py
[2025-11-27T12:46:06.809+0000] {logging_mixin.py:188} INFO - [2025-11-27T12:46:06.804+0000] {dag.py:3036} INFO - Sync 1 DAGs
[2025-11-27T12:46:06.925+0000] {logging_mixin.py:188} INFO - [2025-11-27T12:46:06.923+0000] {dag.py:3823} INFO - Setting next_dagrun for fetch_data to 2025-11-27 00:00:00+00:00, run_after=2025-11-28 00:00:00+00:00
[2025-11-27T12:46:07.007+0000] {processor.py:183} INFO - Processing /opt/airflow/dags/01_data_fetch_mkCHtbls.py took 8.014 seconds
[2025-11-27T12:46:37.617+0000] {processor.py:161} INFO - Started process (PID=33265) to work on /opt/airflow/dags/01_data_fetch_mkCHtbls.py
[2025-11-27T12:46:37.619+0000] {processor.py:830} INFO - Processing file /opt/airflow/dags/01_data_fetch_mkCHtbls.py for tasks to queue
[2025-11-27T12:46:37.623+0000] {logging_mixin.py:188} INFO - [2025-11-27T12:46:37.621+0000] {dagbag.py:538} INFO - Filling up the DagBag from /opt/airflow/dags/01_data_fetch_mkCHtbls.py
[2025-11-27T12:46:46.436+0000] {processor.py:840} INFO - DAG(s) 'fetch_data' retrieved from /opt/airflow/dags/01_data_fetch_mkCHtbls.py
[2025-11-27T12:46:46.553+0000] {logging_mixin.py:188} INFO - [2025-11-27T12:46:46.551+0000] {dag.py:3036} INFO - Sync 1 DAGs
[2025-11-27T12:46:46.599+0000] {logging_mixin.py:188} INFO - [2025-11-27T12:46:46.599+0000] {dag.py:3823} INFO - Setting next_dagrun for fetch_data to 2025-11-27 00:00:00+00:00, run_after=2025-11-28 00:00:00+00:00
[2025-11-27T12:46:46.656+0000] {processor.py:183} INFO - Processing /opt/airflow/dags/01_data_fetch_mkCHtbls.py took 9.050 seconds
[2025-11-27T12:47:16.902+0000] {processor.py:161} INFO - Started process (PID=33356) to work on /opt/airflow/dags/01_data_fetch_mkCHtbls.py
[2025-11-27T12:47:16.904+0000] {processor.py:830} INFO - Processing file /opt/airflow/dags/01_data_fetch_mkCHtbls.py for tasks to queue
[2025-11-27T12:47:16.906+0000] {logging_mixin.py:188} INFO - [2025-11-27T12:47:16.906+0000] {dagbag.py:538} INFO - Filling up the DagBag from /opt/airflow/dags/01_data_fetch_mkCHtbls.py
[2025-11-27T12:47:31.230+0000] {processor.py:840} INFO - DAG(s) 'fetch_data' retrieved from /opt/airflow/dags/01_data_fetch_mkCHtbls.py
[2025-11-27T12:47:31.355+0000] {logging_mixin.py:188} INFO - [2025-11-27T12:47:31.352+0000] {dag.py:3036} INFO - Sync 1 DAGs
[2025-11-27T12:47:31.408+0000] {logging_mixin.py:188} INFO - [2025-11-27T12:47:31.407+0000] {dag.py:3823} INFO - Setting next_dagrun for fetch_data to 2025-11-27 00:00:00+00:00, run_after=2025-11-28 00:00:00+00:00
[2025-11-27T12:47:31.478+0000] {processor.py:183} INFO - Processing /opt/airflow/dags/01_data_fetch_mkCHtbls.py took 14.583 seconds
[2025-11-27T12:48:01.895+0000] {processor.py:161} INFO - Started process (PID=33451) to work on /opt/airflow/dags/01_data_fetch_mkCHtbls.py
[2025-11-27T12:48:01.898+0000] {processor.py:830} INFO - Processing file /opt/airflow/dags/01_data_fetch_mkCHtbls.py for tasks to queue
[2025-11-27T12:48:01.905+0000] {logging_mixin.py:188} INFO - [2025-11-27T12:48:01.903+0000] {dagbag.py:538} INFO - Filling up the DagBag from /opt/airflow/dags/01_data_fetch_mkCHtbls.py
[2025-11-27T12:48:10.373+0000] {processor.py:840} INFO - DAG(s) 'fetch_data' retrieved from /opt/airflow/dags/01_data_fetch_mkCHtbls.py
[2025-11-27T12:48:10.471+0000] {logging_mixin.py:188} INFO - [2025-11-27T12:48:10.468+0000] {dag.py:3036} INFO - Sync 1 DAGs
[2025-11-27T12:48:10.512+0000] {logging_mixin.py:188} INFO - [2025-11-27T12:48:10.512+0000] {dag.py:3823} INFO - Setting next_dagrun for fetch_data to 2025-11-27 00:00:00+00:00, run_after=2025-11-28 00:00:00+00:00
[2025-11-27T12:48:10.564+0000] {processor.py:183} INFO - Processing /opt/airflow/dags/01_data_fetch_mkCHtbls.py took 8.680 seconds
[2025-11-27T12:48:40.787+0000] {processor.py:161} INFO - Started process (PID=33521) to work on /opt/airflow/dags/01_data_fetch_mkCHtbls.py
[2025-11-27T12:48:40.790+0000] {processor.py:830} INFO - Processing file /opt/airflow/dags/01_data_fetch_mkCHtbls.py for tasks to queue
[2025-11-27T12:48:40.794+0000] {logging_mixin.py:188} INFO - [2025-11-27T12:48:40.792+0000] {dagbag.py:538} INFO - Filling up the DagBag from /opt/airflow/dags/01_data_fetch_mkCHtbls.py
[2025-11-27T12:48:51.299+0000] {processor.py:840} INFO - DAG(s) 'fetch_data' retrieved from /opt/airflow/dags/01_data_fetch_mkCHtbls.py
[2025-11-27T12:48:51.461+0000] {logging_mixin.py:188} INFO - [2025-11-27T12:48:51.458+0000] {dag.py:3036} INFO - Sync 1 DAGs
[2025-11-27T12:48:51.506+0000] {logging_mixin.py:188} INFO - [2025-11-27T12:48:51.506+0000] {dag.py:3823} INFO - Setting next_dagrun for fetch_data to 2025-11-27 00:00:00+00:00, run_after=2025-11-28 00:00:00+00:00
[2025-11-27T12:48:51.562+0000] {processor.py:183} INFO - Processing /opt/airflow/dags/01_data_fetch_mkCHtbls.py took 10.788 seconds
[2025-11-27T12:49:22.311+0000] {processor.py:161} INFO - Started process (PID=33591) to work on /opt/airflow/dags/01_data_fetch_mkCHtbls.py
[2025-11-27T12:49:22.315+0000] {processor.py:830} INFO - Processing file /opt/airflow/dags/01_data_fetch_mkCHtbls.py for tasks to queue
[2025-11-27T12:49:22.318+0000] {logging_mixin.py:188} INFO - [2025-11-27T12:49:22.316+0000] {dagbag.py:538} INFO - Filling up the DagBag from /opt/airflow/dags/01_data_fetch_mkCHtbls.py
[2025-11-27T12:49:31.896+0000] {processor.py:840} INFO - DAG(s) 'fetch_data' retrieved from /opt/airflow/dags/01_data_fetch_mkCHtbls.py
[2025-11-27T12:49:31.990+0000] {logging_mixin.py:188} INFO - [2025-11-27T12:49:31.988+0000] {dag.py:3036} INFO - Sync 1 DAGs
[2025-11-27T12:49:32.042+0000] {logging_mixin.py:188} INFO - [2025-11-27T12:49:32.042+0000] {dag.py:3823} INFO - Setting next_dagrun for fetch_data to 2025-11-27 00:00:00+00:00, run_after=2025-11-28 00:00:00+00:00
[2025-11-27T12:49:32.091+0000] {processor.py:183} INFO - Processing /opt/airflow/dags/01_data_fetch_mkCHtbls.py took 9.792 seconds
[2025-11-27T12:50:02.243+0000] {processor.py:161} INFO - Started process (PID=33687) to work on /opt/airflow/dags/01_data_fetch_mkCHtbls.py
[2025-11-27T12:50:02.246+0000] {processor.py:830} INFO - Processing file /opt/airflow/dags/01_data_fetch_mkCHtbls.py for tasks to queue
[2025-11-27T12:50:02.250+0000] {logging_mixin.py:188} INFO - [2025-11-27T12:50:02.248+0000] {dagbag.py:538} INFO - Filling up the DagBag from /opt/airflow/dags/01_data_fetch_mkCHtbls.py
[2025-11-27T12:50:10.918+0000] {processor.py:840} INFO - DAG(s) 'fetch_data' retrieved from /opt/airflow/dags/01_data_fetch_mkCHtbls.py
[2025-11-27T12:50:11.010+0000] {logging_mixin.py:188} INFO - [2025-11-27T12:50:11.009+0000] {dag.py:3036} INFO - Sync 1 DAGs
[2025-11-27T12:50:11.053+0000] {logging_mixin.py:188} INFO - [2025-11-27T12:50:11.053+0000] {dag.py:3823} INFO - Setting next_dagrun for fetch_data to 2025-11-27 00:00:00+00:00, run_after=2025-11-28 00:00:00+00:00
[2025-11-27T12:50:11.107+0000] {processor.py:183} INFO - Processing /opt/airflow/dags/01_data_fetch_mkCHtbls.py took 8.876 seconds
[2025-11-27T12:50:41.246+0000] {processor.py:161} INFO - Started process (PID=33777) to work on /opt/airflow/dags/01_data_fetch_mkCHtbls.py
[2025-11-27T12:50:41.252+0000] {processor.py:830} INFO - Processing file /opt/airflow/dags/01_data_fetch_mkCHtbls.py for tasks to queue
[2025-11-27T12:50:41.260+0000] {logging_mixin.py:188} INFO - [2025-11-27T12:50:41.257+0000] {dagbag.py:538} INFO - Filling up the DagBag from /opt/airflow/dags/01_data_fetch_mkCHtbls.py
[2025-11-27T12:50:49.375+0000] {processor.py:840} INFO - DAG(s) 'fetch_data' retrieved from /opt/airflow/dags/01_data_fetch_mkCHtbls.py
[2025-11-27T12:50:49.456+0000] {logging_mixin.py:188} INFO - [2025-11-27T12:50:49.454+0000] {dag.py:3036} INFO - Sync 1 DAGs
[2025-11-27T12:50:49.515+0000] {logging_mixin.py:188} INFO - [2025-11-27T12:50:49.515+0000] {dag.py:3823} INFO - Setting next_dagrun for fetch_data to 2025-11-27 00:00:00+00:00, run_after=2025-11-28 00:00:00+00:00
[2025-11-27T12:50:49.562+0000] {processor.py:183} INFO - Processing /opt/airflow/dags/01_data_fetch_mkCHtbls.py took 8.335 seconds
[2025-11-27T12:51:19.846+0000] {processor.py:161} INFO - Started process (PID=33847) to work on /opt/airflow/dags/01_data_fetch_mkCHtbls.py
[2025-11-27T12:51:19.849+0000] {processor.py:830} INFO - Processing file /opt/airflow/dags/01_data_fetch_mkCHtbls.py for tasks to queue
[2025-11-27T12:51:19.852+0000] {logging_mixin.py:188} INFO - [2025-11-27T12:51:19.850+0000] {dagbag.py:538} INFO - Filling up the DagBag from /opt/airflow/dags/01_data_fetch_mkCHtbls.py
[2025-11-27T12:51:27.617+0000] {processor.py:840} INFO - DAG(s) 'fetch_data' retrieved from /opt/airflow/dags/01_data_fetch_mkCHtbls.py
[2025-11-27T12:51:27.725+0000] {logging_mixin.py:188} INFO - [2025-11-27T12:51:27.722+0000] {dag.py:3036} INFO - Sync 1 DAGs
[2025-11-27T12:51:27.802+0000] {logging_mixin.py:188} INFO - [2025-11-27T12:51:27.801+0000] {dag.py:3823} INFO - Setting next_dagrun for fetch_data to 2025-11-27 00:00:00+00:00, run_after=2025-11-28 00:00:00+00:00
[2025-11-27T12:51:27.857+0000] {processor.py:183} INFO - Processing /opt/airflow/dags/01_data_fetch_mkCHtbls.py took 8.021 seconds
[2025-11-27T12:51:58.176+0000] {processor.py:161} INFO - Started process (PID=33917) to work on /opt/airflow/dags/01_data_fetch_mkCHtbls.py
[2025-11-27T12:51:58.179+0000] {processor.py:830} INFO - Processing file /opt/airflow/dags/01_data_fetch_mkCHtbls.py for tasks to queue
[2025-11-27T12:51:58.184+0000] {logging_mixin.py:188} INFO - [2025-11-27T12:51:58.181+0000] {dagbag.py:538} INFO - Filling up the DagBag from /opt/airflow/dags/01_data_fetch_mkCHtbls.py
[2025-11-27T12:52:05.253+0000] {processor.py:840} INFO - DAG(s) 'fetch_data' retrieved from /opt/airflow/dags/01_data_fetch_mkCHtbls.py
[2025-11-27T12:52:05.393+0000] {logging_mixin.py:188} INFO - [2025-11-27T12:52:05.389+0000] {dag.py:3036} INFO - Sync 1 DAGs
[2025-11-27T12:52:05.455+0000] {logging_mixin.py:188} INFO - [2025-11-27T12:52:05.454+0000] {dag.py:3823} INFO - Setting next_dagrun for fetch_data to 2025-11-27 00:00:00+00:00, run_after=2025-11-28 00:00:00+00:00
[2025-11-27T12:52:05.511+0000] {processor.py:183} INFO - Processing /opt/airflow/dags/01_data_fetch_mkCHtbls.py took 7.347 seconds
[2025-11-27T12:52:35.746+0000] {processor.py:161} INFO - Started process (PID=34013) to work on /opt/airflow/dags/01_data_fetch_mkCHtbls.py
[2025-11-27T12:52:35.748+0000] {processor.py:830} INFO - Processing file /opt/airflow/dags/01_data_fetch_mkCHtbls.py for tasks to queue
[2025-11-27T12:52:35.750+0000] {logging_mixin.py:188} INFO - [2025-11-27T12:52:35.749+0000] {dagbag.py:538} INFO - Filling up the DagBag from /opt/airflow/dags/01_data_fetch_mkCHtbls.py
[2025-11-27T12:52:43.755+0000] {processor.py:840} INFO - DAG(s) 'fetch_data' retrieved from /opt/airflow/dags/01_data_fetch_mkCHtbls.py
[2025-11-27T12:52:43.832+0000] {logging_mixin.py:188} INFO - [2025-11-27T12:52:43.829+0000] {dag.py:3036} INFO - Sync 1 DAGs
[2025-11-27T12:52:43.873+0000] {logging_mixin.py:188} INFO - [2025-11-27T12:52:43.872+0000] {dag.py:3823} INFO - Setting next_dagrun for fetch_data to 2025-11-27 00:00:00+00:00, run_after=2025-11-28 00:00:00+00:00
[2025-11-27T12:52:43.930+0000] {processor.py:183} INFO - Processing /opt/airflow/dags/01_data_fetch_mkCHtbls.py took 8.191 seconds
[2025-11-27T12:53:14.081+0000] {processor.py:161} INFO - Started process (PID=34103) to work on /opt/airflow/dags/01_data_fetch_mkCHtbls.py
[2025-11-27T12:53:14.086+0000] {processor.py:830} INFO - Processing file /opt/airflow/dags/01_data_fetch_mkCHtbls.py for tasks to queue
[2025-11-27T12:53:14.090+0000] {logging_mixin.py:188} INFO - [2025-11-27T12:53:14.088+0000] {dagbag.py:538} INFO - Filling up the DagBag from /opt/airflow/dags/01_data_fetch_mkCHtbls.py
[2025-11-27T12:53:21.923+0000] {processor.py:840} INFO - DAG(s) 'fetch_data' retrieved from /opt/airflow/dags/01_data_fetch_mkCHtbls.py
[2025-11-27T12:53:22.021+0000] {logging_mixin.py:188} INFO - [2025-11-27T12:53:22.018+0000] {dag.py:3036} INFO - Sync 1 DAGs
[2025-11-27T12:53:22.086+0000] {logging_mixin.py:188} INFO - [2025-11-27T12:53:22.085+0000] {dag.py:3823} INFO - Setting next_dagrun for fetch_data to 2025-11-27 00:00:00+00:00, run_after=2025-11-28 00:00:00+00:00
[2025-11-27T12:53:22.198+0000] {processor.py:183} INFO - Processing /opt/airflow/dags/01_data_fetch_mkCHtbls.py took 8.133 seconds
[2025-11-27T12:53:52.887+0000] {processor.py:161} INFO - Started process (PID=34173) to work on /opt/airflow/dags/01_data_fetch_mkCHtbls.py
[2025-11-27T12:53:52.891+0000] {processor.py:830} INFO - Processing file /opt/airflow/dags/01_data_fetch_mkCHtbls.py for tasks to queue
[2025-11-27T12:53:52.896+0000] {logging_mixin.py:188} INFO - [2025-11-27T12:53:52.894+0000] {dagbag.py:538} INFO - Filling up the DagBag from /opt/airflow/dags/01_data_fetch_mkCHtbls.py
[2025-11-27T12:54:00.652+0000] {processor.py:840} INFO - DAG(s) 'fetch_data' retrieved from /opt/airflow/dags/01_data_fetch_mkCHtbls.py
[2025-11-27T12:54:00.742+0000] {logging_mixin.py:188} INFO - [2025-11-27T12:54:00.740+0000] {dag.py:3036} INFO - Sync 1 DAGs
[2025-11-27T12:54:00.784+0000] {logging_mixin.py:188} INFO - [2025-11-27T12:54:00.783+0000] {dag.py:3823} INFO - Setting next_dagrun for fetch_data to 2025-11-27 00:00:00+00:00, run_after=2025-11-28 00:00:00+00:00
[2025-11-27T12:54:00.831+0000] {processor.py:183} INFO - Processing /opt/airflow/dags/01_data_fetch_mkCHtbls.py took 7.960 seconds
[2025-11-27T12:54:31.464+0000] {processor.py:161} INFO - Started process (PID=34243) to work on /opt/airflow/dags/01_data_fetch_mkCHtbls.py
[2025-11-27T12:54:31.468+0000] {processor.py:830} INFO - Processing file /opt/airflow/dags/01_data_fetch_mkCHtbls.py for tasks to queue
[2025-11-27T12:54:31.471+0000] {logging_mixin.py:188} INFO - [2025-11-27T12:54:31.469+0000] {dagbag.py:538} INFO - Filling up the DagBag from /opt/airflow/dags/01_data_fetch_mkCHtbls.py
[2025-11-27T12:54:39.417+0000] {processor.py:840} INFO - DAG(s) 'fetch_data' retrieved from /opt/airflow/dags/01_data_fetch_mkCHtbls.py
[2025-11-27T12:54:39.512+0000] {logging_mixin.py:188} INFO - [2025-11-27T12:54:39.509+0000] {dag.py:3036} INFO - Sync 1 DAGs
[2025-11-27T12:54:39.557+0000] {logging_mixin.py:188} INFO - [2025-11-27T12:54:39.557+0000] {dag.py:3823} INFO - Setting next_dagrun for fetch_data to 2025-11-27 00:00:00+00:00, run_after=2025-11-28 00:00:00+00:00
[2025-11-27T12:54:39.593+0000] {processor.py:183} INFO - Processing /opt/airflow/dags/01_data_fetch_mkCHtbls.py took 8.139 seconds
[2025-11-27T12:55:10.130+0000] {processor.py:161} INFO - Started process (PID=34318) to work on /opt/airflow/dags/01_data_fetch_mkCHtbls.py
[2025-11-27T12:55:10.142+0000] {processor.py:830} INFO - Processing file /opt/airflow/dags/01_data_fetch_mkCHtbls.py for tasks to queue
[2025-11-27T12:55:10.145+0000] {logging_mixin.py:188} INFO - [2025-11-27T12:55:10.143+0000] {dagbag.py:538} INFO - Filling up the DagBag from /opt/airflow/dags/01_data_fetch_mkCHtbls.py
[2025-11-27T12:55:18.261+0000] {processor.py:840} INFO - DAG(s) 'fetch_data' retrieved from /opt/airflow/dags/01_data_fetch_mkCHtbls.py
[2025-11-27T12:55:18.366+0000] {logging_mixin.py:188} INFO - [2025-11-27T12:55:18.363+0000] {dag.py:3036} INFO - Sync 1 DAGs
[2025-11-27T12:55:18.416+0000] {logging_mixin.py:188} INFO - [2025-11-27T12:55:18.416+0000] {dag.py:3823} INFO - Setting next_dagrun for fetch_data to 2025-11-27 00:00:00+00:00, run_after=2025-11-28 00:00:00+00:00
[2025-11-27T12:55:18.461+0000] {processor.py:183} INFO - Processing /opt/airflow/dags/01_data_fetch_mkCHtbls.py took 8.343 seconds
[2025-11-27T12:55:49.009+0000] {processor.py:161} INFO - Started process (PID=34429) to work on /opt/airflow/dags/01_data_fetch_mkCHtbls.py
[2025-11-27T12:55:49.011+0000] {processor.py:830} INFO - Processing file /opt/airflow/dags/01_data_fetch_mkCHtbls.py for tasks to queue
[2025-11-27T12:55:49.013+0000] {logging_mixin.py:188} INFO - [2025-11-27T12:55:49.012+0000] {dagbag.py:538} INFO - Filling up the DagBag from /opt/airflow/dags/01_data_fetch_mkCHtbls.py
[2025-11-27T12:55:56.657+0000] {processor.py:840} INFO - DAG(s) 'fetch_data' retrieved from /opt/airflow/dags/01_data_fetch_mkCHtbls.py
[2025-11-27T12:55:56.777+0000] {logging_mixin.py:188} INFO - [2025-11-27T12:55:56.772+0000] {dag.py:3036} INFO - Sync 1 DAGs
[2025-11-27T12:55:56.882+0000] {logging_mixin.py:188} INFO - [2025-11-27T12:55:56.881+0000] {dag.py:3823} INFO - Setting next_dagrun for fetch_data to 2025-11-27 00:00:00+00:00, run_after=2025-11-28 00:00:00+00:00
[2025-11-27T12:55:56.934+0000] {processor.py:183} INFO - Processing /opt/airflow/dags/01_data_fetch_mkCHtbls.py took 7.933 seconds
[2025-11-27T12:56:27.285+0000] {processor.py:161} INFO - Started process (PID=34499) to work on /opt/airflow/dags/01_data_fetch_mkCHtbls.py
[2025-11-27T12:56:27.289+0000] {processor.py:830} INFO - Processing file /opt/airflow/dags/01_data_fetch_mkCHtbls.py for tasks to queue
[2025-11-27T12:56:27.293+0000] {logging_mixin.py:188} INFO - [2025-11-27T12:56:27.291+0000] {dagbag.py:538} INFO - Filling up the DagBag from /opt/airflow/dags/01_data_fetch_mkCHtbls.py
[2025-11-27T12:56:34.255+0000] {processor.py:840} INFO - DAG(s) 'fetch_data' retrieved from /opt/airflow/dags/01_data_fetch_mkCHtbls.py
[2025-11-27T12:56:34.395+0000] {logging_mixin.py:188} INFO - [2025-11-27T12:56:34.391+0000] {dag.py:3036} INFO - Sync 1 DAGs
[2025-11-27T12:56:34.489+0000] {logging_mixin.py:188} INFO - [2025-11-27T12:56:34.488+0000] {dag.py:3823} INFO - Setting next_dagrun for fetch_data to 2025-11-27 00:00:00+00:00, run_after=2025-11-28 00:00:00+00:00
[2025-11-27T12:56:34.583+0000] {processor.py:183} INFO - Processing /opt/airflow/dags/01_data_fetch_mkCHtbls.py took 7.309 seconds
[2025-11-27T12:57:05.004+0000] {processor.py:161} INFO - Started process (PID=34569) to work on /opt/airflow/dags/01_data_fetch_mkCHtbls.py
[2025-11-27T12:57:05.008+0000] {processor.py:830} INFO - Processing file /opt/airflow/dags/01_data_fetch_mkCHtbls.py for tasks to queue
[2025-11-27T12:57:05.013+0000] {logging_mixin.py:188} INFO - [2025-11-27T12:57:05.010+0000] {dagbag.py:538} INFO - Filling up the DagBag from /opt/airflow/dags/01_data_fetch_mkCHtbls.py
[2025-11-27T12:57:12.198+0000] {processor.py:840} INFO - DAG(s) 'fetch_data' retrieved from /opt/airflow/dags/01_data_fetch_mkCHtbls.py
[2025-11-27T12:57:12.313+0000] {logging_mixin.py:188} INFO - [2025-11-27T12:57:12.311+0000] {dag.py:3036} INFO - Sync 1 DAGs
[2025-11-27T12:57:12.360+0000] {logging_mixin.py:188} INFO - [2025-11-27T12:57:12.360+0000] {dag.py:3823} INFO - Setting next_dagrun for fetch_data to 2025-11-27 00:00:00+00:00, run_after=2025-11-28 00:00:00+00:00
[2025-11-27T12:57:12.410+0000] {processor.py:183} INFO - Processing /opt/airflow/dags/01_data_fetch_mkCHtbls.py took 7.418 seconds
[2025-11-27T12:57:42.652+0000] {processor.py:161} INFO - Started process (PID=34644) to work on /opt/airflow/dags/01_data_fetch_mkCHtbls.py
[2025-11-27T12:57:42.654+0000] {processor.py:830} INFO - Processing file /opt/airflow/dags/01_data_fetch_mkCHtbls.py for tasks to queue
[2025-11-27T12:57:42.656+0000] {logging_mixin.py:188} INFO - [2025-11-27T12:57:42.656+0000] {dagbag.py:538} INFO - Filling up the DagBag from /opt/airflow/dags/01_data_fetch_mkCHtbls.py
[2025-11-27T12:57:50.826+0000] {processor.py:840} INFO - DAG(s) 'fetch_data' retrieved from /opt/airflow/dags/01_data_fetch_mkCHtbls.py
[2025-11-27T12:57:51.013+0000] {logging_mixin.py:188} INFO - [2025-11-27T12:57:51.010+0000] {dag.py:3036} INFO - Sync 1 DAGs
[2025-11-27T12:57:51.108+0000] {logging_mixin.py:188} INFO - [2025-11-27T12:57:51.107+0000] {dag.py:3823} INFO - Setting next_dagrun for fetch_data to 2025-11-27 00:00:00+00:00, run_after=2025-11-28 00:00:00+00:00
[2025-11-27T12:57:51.167+0000] {processor.py:183} INFO - Processing /opt/airflow/dags/01_data_fetch_mkCHtbls.py took 8.522 seconds
[2025-11-27T12:58:21.249+0000] {processor.py:161} INFO - Started process (PID=34714) to work on /opt/airflow/dags/01_data_fetch_mkCHtbls.py
[2025-11-27T12:58:21.253+0000] {processor.py:830} INFO - Processing file /opt/airflow/dags/01_data_fetch_mkCHtbls.py for tasks to queue
[2025-11-27T12:58:21.256+0000] {logging_mixin.py:188} INFO - [2025-11-27T12:58:21.254+0000] {dagbag.py:538} INFO - Filling up the DagBag from /opt/airflow/dags/01_data_fetch_mkCHtbls.py
[2025-11-27T12:58:29.803+0000] {processor.py:840} INFO - DAG(s) 'fetch_data' retrieved from /opt/airflow/dags/01_data_fetch_mkCHtbls.py
[2025-11-27T12:58:29.938+0000] {logging_mixin.py:188} INFO - [2025-11-27T12:58:29.935+0000] {dag.py:3036} INFO - Sync 1 DAGs
[2025-11-27T12:58:29.992+0000] {logging_mixin.py:188} INFO - [2025-11-27T12:58:29.992+0000] {dag.py:3823} INFO - Setting next_dagrun for fetch_data to 2025-11-27 00:00:00+00:00, run_after=2025-11-28 00:00:00+00:00
[2025-11-27T12:58:30.068+0000] {processor.py:183} INFO - Processing /opt/airflow/dags/01_data_fetch_mkCHtbls.py took 8.828 seconds
[2025-11-27T12:59:00.313+0000] {processor.py:161} INFO - Started process (PID=34825) to work on /opt/airflow/dags/01_data_fetch_mkCHtbls.py
[2025-11-27T12:59:00.315+0000] {processor.py:830} INFO - Processing file /opt/airflow/dags/01_data_fetch_mkCHtbls.py for tasks to queue
[2025-11-27T12:59:00.317+0000] {logging_mixin.py:188} INFO - [2025-11-27T12:59:00.317+0000] {dagbag.py:538} INFO - Filling up the DagBag from /opt/airflow/dags/01_data_fetch_mkCHtbls.py
[2025-11-27T12:59:08.922+0000] {processor.py:840} INFO - DAG(s) 'fetch_data' retrieved from /opt/airflow/dags/01_data_fetch_mkCHtbls.py
[2025-11-27T12:59:09.012+0000] {logging_mixin.py:188} INFO - [2025-11-27T12:59:09.010+0000] {dag.py:3036} INFO - Sync 1 DAGs
[2025-11-27T12:59:09.056+0000] {logging_mixin.py:188} INFO - [2025-11-27T12:59:09.055+0000] {dag.py:3823} INFO - Setting next_dagrun for fetch_data to 2025-11-27 00:00:00+00:00, run_after=2025-11-28 00:00:00+00:00
[2025-11-27T12:59:09.109+0000] {processor.py:183} INFO - Processing /opt/airflow/dags/01_data_fetch_mkCHtbls.py took 8.803 seconds
[2025-11-27T12:59:39.356+0000] {processor.py:161} INFO - Started process (PID=34895) to work on /opt/airflow/dags/01_data_fetch_mkCHtbls.py
[2025-11-27T12:59:39.359+0000] {processor.py:830} INFO - Processing file /opt/airflow/dags/01_data_fetch_mkCHtbls.py for tasks to queue
[2025-11-27T12:59:39.361+0000] {logging_mixin.py:188} INFO - [2025-11-27T12:59:39.360+0000] {dagbag.py:538} INFO - Filling up the DagBag from /opt/airflow/dags/01_data_fetch_mkCHtbls.py
[2025-11-27T12:59:47.764+0000] {processor.py:840} INFO - DAG(s) 'fetch_data' retrieved from /opt/airflow/dags/01_data_fetch_mkCHtbls.py
[2025-11-27T12:59:47.938+0000] {logging_mixin.py:188} INFO - [2025-11-27T12:59:47.934+0000] {dag.py:3036} INFO - Sync 1 DAGs
[2025-11-27T12:59:48.023+0000] {logging_mixin.py:188} INFO - [2025-11-27T12:59:48.023+0000] {dag.py:3823} INFO - Setting next_dagrun for fetch_data to 2025-11-27 00:00:00+00:00, run_after=2025-11-28 00:00:00+00:00
[2025-11-27T12:59:48.084+0000] {processor.py:183} INFO - Processing /opt/airflow/dags/01_data_fetch_mkCHtbls.py took 8.736 seconds
[2025-11-27T13:00:18.241+0000] {processor.py:161} INFO - Started process (PID=34970) to work on /opt/airflow/dags/01_data_fetch_mkCHtbls.py
[2025-11-27T13:00:18.244+0000] {processor.py:830} INFO - Processing file /opt/airflow/dags/01_data_fetch_mkCHtbls.py for tasks to queue
[2025-11-27T13:00:18.248+0000] {logging_mixin.py:188} INFO - [2025-11-27T13:00:18.245+0000] {dagbag.py:538} INFO - Filling up the DagBag from /opt/airflow/dags/01_data_fetch_mkCHtbls.py
[2025-11-27T13:00:25.466+0000] {processor.py:840} INFO - DAG(s) 'fetch_data' retrieved from /opt/airflow/dags/01_data_fetch_mkCHtbls.py
[2025-11-27T13:00:25.603+0000] {logging_mixin.py:188} INFO - [2025-11-27T13:00:25.597+0000] {dag.py:3036} INFO - Sync 1 DAGs
[2025-11-27T13:00:25.719+0000] {logging_mixin.py:188} INFO - [2025-11-27T13:00:25.718+0000] {dag.py:3823} INFO - Setting next_dagrun for fetch_data to 2025-11-27 00:00:00+00:00, run_after=2025-11-28 00:00:00+00:00
[2025-11-27T13:00:25.789+0000] {processor.py:183} INFO - Processing /opt/airflow/dags/01_data_fetch_mkCHtbls.py took 7.557 seconds
[2025-11-27T13:00:55.902+0000] {processor.py:161} INFO - Started process (PID=35040) to work on /opt/airflow/dags/01_data_fetch_mkCHtbls.py
[2025-11-27T13:00:55.905+0000] {processor.py:830} INFO - Processing file /opt/airflow/dags/01_data_fetch_mkCHtbls.py for tasks to queue
[2025-11-27T13:00:55.908+0000] {logging_mixin.py:188} INFO - [2025-11-27T13:00:55.906+0000] {dagbag.py:538} INFO - Filling up the DagBag from /opt/airflow/dags/01_data_fetch_mkCHtbls.py
[2025-11-27T13:01:03.248+0000] {processor.py:840} INFO - DAG(s) 'fetch_data' retrieved from /opt/airflow/dags/01_data_fetch_mkCHtbls.py
[2025-11-27T13:01:03.340+0000] {logging_mixin.py:188} INFO - [2025-11-27T13:01:03.338+0000] {dag.py:3036} INFO - Sync 1 DAGs
[2025-11-27T13:01:03.383+0000] {logging_mixin.py:188} INFO - [2025-11-27T13:01:03.383+0000] {dag.py:3823} INFO - Setting next_dagrun for fetch_data to 2025-11-27 00:00:00+00:00, run_after=2025-11-28 00:00:00+00:00
[2025-11-27T13:01:03.432+0000] {processor.py:183} INFO - Processing /opt/airflow/dags/01_data_fetch_mkCHtbls.py took 7.539 seconds
[2025-11-27T13:01:33.717+0000] {processor.py:161} INFO - Started process (PID=35130) to work on /opt/airflow/dags/01_data_fetch_mkCHtbls.py
[2025-11-27T13:01:33.719+0000] {processor.py:830} INFO - Processing file /opt/airflow/dags/01_data_fetch_mkCHtbls.py for tasks to queue
[2025-11-27T13:01:33.723+0000] {logging_mixin.py:188} INFO - [2025-11-27T13:01:33.721+0000] {dagbag.py:538} INFO - Filling up the DagBag from /opt/airflow/dags/01_data_fetch_mkCHtbls.py
[2025-11-27T13:01:42.901+0000] {processor.py:840} INFO - DAG(s) 'fetch_data' retrieved from /opt/airflow/dags/01_data_fetch_mkCHtbls.py
[2025-11-27T13:01:42.990+0000] {logging_mixin.py:188} INFO - [2025-11-27T13:01:42.988+0000] {dag.py:3036} INFO - Sync 1 DAGs
[2025-11-27T13:01:43.036+0000] {logging_mixin.py:188} INFO - [2025-11-27T13:01:43.035+0000] {dag.py:3823} INFO - Setting next_dagrun for fetch_data to 2025-11-27 00:00:00+00:00, run_after=2025-11-28 00:00:00+00:00
[2025-11-27T13:01:43.090+0000] {processor.py:183} INFO - Processing /opt/airflow/dags/01_data_fetch_mkCHtbls.py took 9.384 seconds
[2025-11-27T13:02:13.535+0000] {processor.py:161} INFO - Started process (PID=35221) to work on /opt/airflow/dags/01_data_fetch_mkCHtbls.py
[2025-11-27T13:02:13.538+0000] {processor.py:830} INFO - Processing file /opt/airflow/dags/01_data_fetch_mkCHtbls.py for tasks to queue
[2025-11-27T13:02:13.541+0000] {logging_mixin.py:188} INFO - [2025-11-27T13:02:13.540+0000] {dagbag.py:538} INFO - Filling up the DagBag from /opt/airflow/dags/01_data_fetch_mkCHtbls.py
[2025-11-27T13:02:21.104+0000] {processor.py:840} INFO - DAG(s) 'fetch_data' retrieved from /opt/airflow/dags/01_data_fetch_mkCHtbls.py
[2025-11-27T13:02:21.186+0000] {logging_mixin.py:188} INFO - [2025-11-27T13:02:21.184+0000] {dag.py:3036} INFO - Sync 1 DAGs
[2025-11-27T13:02:21.236+0000] {logging_mixin.py:188} INFO - [2025-11-27T13:02:21.235+0000] {dag.py:3823} INFO - Setting next_dagrun for fetch_data to 2025-11-27 00:00:00+00:00, run_after=2025-11-28 00:00:00+00:00
[2025-11-27T13:02:21.276+0000] {processor.py:183} INFO - Processing /opt/airflow/dags/01_data_fetch_mkCHtbls.py took 7.755 seconds
[2025-11-27T13:02:51.575+0000] {processor.py:161} INFO - Started process (PID=35296) to work on /opt/airflow/dags/01_data_fetch_mkCHtbls.py
[2025-11-27T13:02:51.578+0000] {processor.py:830} INFO - Processing file /opt/airflow/dags/01_data_fetch_mkCHtbls.py for tasks to queue
[2025-11-27T13:02:51.581+0000] {logging_mixin.py:188} INFO - [2025-11-27T13:02:51.580+0000] {dagbag.py:538} INFO - Filling up the DagBag from /opt/airflow/dags/01_data_fetch_mkCHtbls.py
[2025-11-27T13:02:59.703+0000] {processor.py:840} INFO - DAG(s) 'fetch_data' retrieved from /opt/airflow/dags/01_data_fetch_mkCHtbls.py
[2025-11-27T13:02:59.807+0000] {logging_mixin.py:188} INFO - [2025-11-27T13:02:59.805+0000] {dag.py:3036} INFO - Sync 1 DAGs
[2025-11-27T13:02:59.847+0000] {logging_mixin.py:188} INFO - [2025-11-27T13:02:59.846+0000] {dag.py:3823} INFO - Setting next_dagrun for fetch_data to 2025-11-27 00:00:00+00:00, run_after=2025-11-28 00:00:00+00:00
[2025-11-27T13:02:59.898+0000] {processor.py:183} INFO - Processing /opt/airflow/dags/01_data_fetch_mkCHtbls.py took 8.334 seconds
[2025-11-27T13:03:30.259+0000] {processor.py:161} INFO - Started process (PID=35366) to work on /opt/airflow/dags/01_data_fetch_mkCHtbls.py
[2025-11-27T13:03:30.261+0000] {processor.py:830} INFO - Processing file /opt/airflow/dags/01_data_fetch_mkCHtbls.py for tasks to queue
[2025-11-27T13:03:30.264+0000] {logging_mixin.py:188} INFO - [2025-11-27T13:03:30.263+0000] {dagbag.py:538} INFO - Filling up the DagBag from /opt/airflow/dags/01_data_fetch_mkCHtbls.py
[2025-11-27T13:03:37.705+0000] {processor.py:840} INFO - DAG(s) 'fetch_data' retrieved from /opt/airflow/dags/01_data_fetch_mkCHtbls.py
[2025-11-27T13:03:37.807+0000] {logging_mixin.py:188} INFO - [2025-11-27T13:03:37.804+0000] {dag.py:3036} INFO - Sync 1 DAGs
[2025-11-27T13:03:37.854+0000] {logging_mixin.py:188} INFO - [2025-11-27T13:03:37.854+0000] {dag.py:3823} INFO - Setting next_dagrun for fetch_data to 2025-11-27 00:00:00+00:00, run_after=2025-11-28 00:00:00+00:00
[2025-11-27T13:03:37.897+0000] {processor.py:183} INFO - Processing /opt/airflow/dags/01_data_fetch_mkCHtbls.py took 7.648 seconds
[2025-11-27T13:04:08.030+0000] {processor.py:161} INFO - Started process (PID=35456) to work on /opt/airflow/dags/01_data_fetch_mkCHtbls.py
[2025-11-27T13:04:08.032+0000] {processor.py:830} INFO - Processing file /opt/airflow/dags/01_data_fetch_mkCHtbls.py for tasks to queue
[2025-11-27T13:04:08.035+0000] {logging_mixin.py:188} INFO - [2025-11-27T13:04:08.034+0000] {dagbag.py:538} INFO - Filling up the DagBag from /opt/airflow/dags/01_data_fetch_mkCHtbls.py
[2025-11-27T13:04:15.816+0000] {processor.py:840} INFO - DAG(s) 'fetch_data' retrieved from /opt/airflow/dags/01_data_fetch_mkCHtbls.py
[2025-11-27T13:04:15.946+0000] {logging_mixin.py:188} INFO - [2025-11-27T13:04:15.942+0000] {dag.py:3036} INFO - Sync 1 DAGs
[2025-11-27T13:04:15.995+0000] {logging_mixin.py:188} INFO - [2025-11-27T13:04:15.995+0000] {dag.py:3823} INFO - Setting next_dagrun for fetch_data to 2025-11-27 00:00:00+00:00, run_after=2025-11-28 00:00:00+00:00
[2025-11-27T13:04:16.039+0000] {processor.py:183} INFO - Processing /opt/airflow/dags/01_data_fetch_mkCHtbls.py took 8.015 seconds
[2025-11-27T13:04:46.111+0000] {processor.py:161} INFO - Started process (PID=35526) to work on /opt/airflow/dags/01_data_fetch_mkCHtbls.py
[2025-11-27T13:04:46.115+0000] {processor.py:830} INFO - Processing file /opt/airflow/dags/01_data_fetch_mkCHtbls.py for tasks to queue
[2025-11-27T13:04:46.117+0000] {logging_mixin.py:188} INFO - [2025-11-27T13:04:46.116+0000] {dagbag.py:538} INFO - Filling up the DagBag from /opt/airflow/dags/01_data_fetch_mkCHtbls.py
[2025-11-27T13:04:53.299+0000] {processor.py:840} INFO - DAG(s) 'fetch_data' retrieved from /opt/airflow/dags/01_data_fetch_mkCHtbls.py
[2025-11-27T13:04:53.392+0000] {logging_mixin.py:188} INFO - [2025-11-27T13:04:53.390+0000] {dag.py:3036} INFO - Sync 1 DAGs
[2025-11-27T13:04:53.433+0000] {logging_mixin.py:188} INFO - [2025-11-27T13:04:53.432+0000] {dag.py:3823} INFO - Setting next_dagrun for fetch_data to 2025-11-27 00:00:00+00:00, run_after=2025-11-28 00:00:00+00:00
[2025-11-27T13:04:53.489+0000] {processor.py:183} INFO - Processing /opt/airflow/dags/01_data_fetch_mkCHtbls.py took 7.388 seconds
[2025-11-27T13:05:24.145+0000] {processor.py:161} INFO - Started process (PID=35622) to work on /opt/airflow/dags/01_data_fetch_mkCHtbls.py
[2025-11-27T13:05:24.147+0000] {processor.py:830} INFO - Processing file /opt/airflow/dags/01_data_fetch_mkCHtbls.py for tasks to queue
[2025-11-27T13:05:24.149+0000] {logging_mixin.py:188} INFO - [2025-11-27T13:05:24.148+0000] {dagbag.py:538} INFO - Filling up the DagBag from /opt/airflow/dags/01_data_fetch_mkCHtbls.py
[2025-11-27T13:05:31.705+0000] {processor.py:840} INFO - DAG(s) 'fetch_data' retrieved from /opt/airflow/dags/01_data_fetch_mkCHtbls.py
[2025-11-27T13:05:31.832+0000] {logging_mixin.py:188} INFO - [2025-11-27T13:05:31.830+0000] {dag.py:3036} INFO - Sync 1 DAGs
[2025-11-27T13:05:31.884+0000] {logging_mixin.py:188} INFO - [2025-11-27T13:05:31.883+0000] {dag.py:3823} INFO - Setting next_dagrun for fetch_data to 2025-11-27 00:00:00+00:00, run_after=2025-11-28 00:00:00+00:00
[2025-11-27T13:05:31.938+0000] {processor.py:183} INFO - Processing /opt/airflow/dags/01_data_fetch_mkCHtbls.py took 7.800 seconds
[2025-11-27T13:06:02.028+0000] {processor.py:161} INFO - Started process (PID=35692) to work on /opt/airflow/dags/01_data_fetch_mkCHtbls.py
[2025-11-27T13:06:02.032+0000] {processor.py:830} INFO - Processing file /opt/airflow/dags/01_data_fetch_mkCHtbls.py for tasks to queue
[2025-11-27T13:06:02.036+0000] {logging_mixin.py:188} INFO - [2025-11-27T13:06:02.034+0000] {dagbag.py:538} INFO - Filling up the DagBag from /opt/airflow/dags/01_data_fetch_mkCHtbls.py
[2025-11-27T13:06:10.747+0000] {processor.py:840} INFO - DAG(s) 'fetch_data' retrieved from /opt/airflow/dags/01_data_fetch_mkCHtbls.py
[2025-11-27T13:06:10.838+0000] {logging_mixin.py:188} INFO - [2025-11-27T13:06:10.835+0000] {dag.py:3036} INFO - Sync 1 DAGs
[2025-11-27T13:06:10.879+0000] {logging_mixin.py:188} INFO - [2025-11-27T13:06:10.879+0000] {dag.py:3823} INFO - Setting next_dagrun for fetch_data to 2025-11-27 00:00:00+00:00, run_after=2025-11-28 00:00:00+00:00
[2025-11-27T13:06:10.932+0000] {processor.py:183} INFO - Processing /opt/airflow/dags/01_data_fetch_mkCHtbls.py took 8.916 seconds
[2025-11-27T13:06:41.194+0000] {processor.py:161} INFO - Started process (PID=35782) to work on /opt/airflow/dags/01_data_fetch_mkCHtbls.py
[2025-11-27T13:06:41.201+0000] {processor.py:830} INFO - Processing file /opt/airflow/dags/01_data_fetch_mkCHtbls.py for tasks to queue
[2025-11-27T13:06:41.210+0000] {logging_mixin.py:188} INFO - [2025-11-27T13:06:41.207+0000] {dagbag.py:538} INFO - Filling up the DagBag from /opt/airflow/dags/01_data_fetch_mkCHtbls.py
[2025-11-27T13:06:50.866+0000] {processor.py:840} INFO - DAG(s) 'fetch_data' retrieved from /opt/airflow/dags/01_data_fetch_mkCHtbls.py
[2025-11-27T13:06:50.932+0000] {logging_mixin.py:188} INFO - [2025-11-27T13:06:50.931+0000] {dag.py:3036} INFO - Sync 1 DAGs
[2025-11-27T13:06:50.970+0000] {logging_mixin.py:188} INFO - [2025-11-27T13:06:50.970+0000] {dag.py:3823} INFO - Setting next_dagrun for fetch_data to 2025-11-27 00:00:00+00:00, run_after=2025-11-28 00:00:00+00:00
[2025-11-27T13:06:51.008+0000] {processor.py:183} INFO - Processing /opt/airflow/dags/01_data_fetch_mkCHtbls.py took 9.837 seconds
[2025-11-27T13:07:21.298+0000] {processor.py:161} INFO - Started process (PID=35857) to work on /opt/airflow/dags/01_data_fetch_mkCHtbls.py
[2025-11-27T13:07:21.301+0000] {processor.py:830} INFO - Processing file /opt/airflow/dags/01_data_fetch_mkCHtbls.py for tasks to queue
[2025-11-27T13:07:21.303+0000] {logging_mixin.py:188} INFO - [2025-11-27T13:07:21.303+0000] {dagbag.py:538} INFO - Filling up the DagBag from /opt/airflow/dags/01_data_fetch_mkCHtbls.py
[2025-11-27T13:07:30.852+0000] {processor.py:840} INFO - DAG(s) 'fetch_data' retrieved from /opt/airflow/dags/01_data_fetch_mkCHtbls.py
[2025-11-27T13:07:30.998+0000] {logging_mixin.py:188} INFO - [2025-11-27T13:07:30.993+0000] {dag.py:3036} INFO - Sync 1 DAGs
[2025-11-27T13:07:31.091+0000] {logging_mixin.py:188} INFO - [2025-11-27T13:07:31.089+0000] {dag.py:3823} INFO - Setting next_dagrun for fetch_data to 2025-11-27 00:00:00+00:00, run_after=2025-11-28 00:00:00+00:00
[2025-11-27T13:07:31.152+0000] {processor.py:183} INFO - Processing /opt/airflow/dags/01_data_fetch_mkCHtbls.py took 9.865 seconds
[2025-11-27T13:08:01.502+0000] {processor.py:161} INFO - Started process (PID=35927) to work on /opt/airflow/dags/01_data_fetch_mkCHtbls.py
[2025-11-27T13:08:01.505+0000] {processor.py:830} INFO - Processing file /opt/airflow/dags/01_data_fetch_mkCHtbls.py for tasks to queue
[2025-11-27T13:08:01.508+0000] {logging_mixin.py:188} INFO - [2025-11-27T13:08:01.507+0000] {dagbag.py:538} INFO - Filling up the DagBag from /opt/airflow/dags/01_data_fetch_mkCHtbls.py
[2025-11-27T13:08:10.214+0000] {processor.py:840} INFO - DAG(s) 'fetch_data' retrieved from /opt/airflow/dags/01_data_fetch_mkCHtbls.py
[2025-11-27T13:08:10.304+0000] {logging_mixin.py:188} INFO - [2025-11-27T13:08:10.301+0000] {dag.py:3036} INFO - Sync 1 DAGs
[2025-11-27T13:08:10.352+0000] {logging_mixin.py:188} INFO - [2025-11-27T13:08:10.351+0000] {dag.py:3823} INFO - Setting next_dagrun for fetch_data to 2025-11-27 00:00:00+00:00, run_after=2025-11-28 00:00:00+00:00
[2025-11-27T13:08:10.389+0000] {processor.py:183} INFO - Processing /opt/airflow/dags/01_data_fetch_mkCHtbls.py took 8.900 seconds
[2025-11-27T13:08:41.208+0000] {processor.py:161} INFO - Started process (PID=36018) to work on /opt/airflow/dags/01_data_fetch_mkCHtbls.py
[2025-11-27T13:08:41.219+0000] {processor.py:830} INFO - Processing file /opt/airflow/dags/01_data_fetch_mkCHtbls.py for tasks to queue
[2025-11-27T13:08:41.228+0000] {logging_mixin.py:188} INFO - [2025-11-27T13:08:41.224+0000] {dagbag.py:538} INFO - Filling up the DagBag from /opt/airflow/dags/01_data_fetch_mkCHtbls.py
[2025-11-27T13:08:50.161+0000] {processor.py:840} INFO - DAG(s) 'fetch_data' retrieved from /opt/airflow/dags/01_data_fetch_mkCHtbls.py
[2025-11-27T13:08:50.245+0000] {logging_mixin.py:188} INFO - [2025-11-27T13:08:50.244+0000] {dag.py:3036} INFO - Sync 1 DAGs
[2025-11-27T13:08:50.297+0000] {logging_mixin.py:188} INFO - [2025-11-27T13:08:50.297+0000] {dag.py:3823} INFO - Setting next_dagrun for fetch_data to 2025-11-27 00:00:00+00:00, run_after=2025-11-28 00:00:00+00:00
[2025-11-27T13:08:50.335+0000] {processor.py:183} INFO - Processing /opt/airflow/dags/01_data_fetch_mkCHtbls.py took 9.154 seconds
[2025-11-27T13:09:20.476+0000] {processor.py:161} INFO - Started process (PID=36108) to work on /opt/airflow/dags/01_data_fetch_mkCHtbls.py
[2025-11-27T13:09:20.478+0000] {processor.py:830} INFO - Processing file /opt/airflow/dags/01_data_fetch_mkCHtbls.py for tasks to queue
[2025-11-27T13:09:20.483+0000] {logging_mixin.py:188} INFO - [2025-11-27T13:09:20.481+0000] {dagbag.py:538} INFO - Filling up the DagBag from /opt/airflow/dags/01_data_fetch_mkCHtbls.py
[2025-11-27T13:09:29.543+0000] {processor.py:840} INFO - DAG(s) 'fetch_data' retrieved from /opt/airflow/dags/01_data_fetch_mkCHtbls.py
[2025-11-27T13:09:29.630+0000] {logging_mixin.py:188} INFO - [2025-11-27T13:09:29.628+0000] {dag.py:3036} INFO - Sync 1 DAGs
[2025-11-27T13:09:29.677+0000] {logging_mixin.py:188} INFO - [2025-11-27T13:09:29.676+0000] {dag.py:3823} INFO - Setting next_dagrun for fetch_data to 2025-11-27 00:00:00+00:00, run_after=2025-11-28 00:00:00+00:00
[2025-11-27T13:09:29.731+0000] {processor.py:183} INFO - Processing /opt/airflow/dags/01_data_fetch_mkCHtbls.py took 9.268 seconds
[2025-11-27T13:10:00.485+0000] {processor.py:161} INFO - Started process (PID=36183) to work on /opt/airflow/dags/01_data_fetch_mkCHtbls.py
[2025-11-27T13:10:00.488+0000] {processor.py:830} INFO - Processing file /opt/airflow/dags/01_data_fetch_mkCHtbls.py for tasks to queue
[2025-11-27T13:10:00.492+0000] {logging_mixin.py:188} INFO - [2025-11-27T13:10:00.490+0000] {dagbag.py:538} INFO - Filling up the DagBag from /opt/airflow/dags/01_data_fetch_mkCHtbls.py
[2025-11-27T13:10:08.489+0000] {processor.py:840} INFO - DAG(s) 'fetch_data' retrieved from /opt/airflow/dags/01_data_fetch_mkCHtbls.py
[2025-11-27T13:10:08.606+0000] {logging_mixin.py:188} INFO - [2025-11-27T13:10:08.604+0000] {dag.py:3036} INFO - Sync 1 DAGs
[2025-11-27T13:10:08.651+0000] {logging_mixin.py:188} INFO - [2025-11-27T13:10:08.650+0000] {dag.py:3823} INFO - Setting next_dagrun for fetch_data to 2025-11-27 00:00:00+00:00, run_after=2025-11-28 00:00:00+00:00
[2025-11-27T13:10:08.709+0000] {processor.py:183} INFO - Processing /opt/airflow/dags/01_data_fetch_mkCHtbls.py took 8.235 seconds
[2025-11-27T13:10:39.519+0000] {processor.py:161} INFO - Started process (PID=36253) to work on /opt/airflow/dags/01_data_fetch_mkCHtbls.py
[2025-11-27T13:10:39.522+0000] {processor.py:830} INFO - Processing file /opt/airflow/dags/01_data_fetch_mkCHtbls.py for tasks to queue
[2025-11-27T13:10:39.526+0000] {logging_mixin.py:188} INFO - [2025-11-27T13:10:39.524+0000] {dagbag.py:538} INFO - Filling up the DagBag from /opt/airflow/dags/01_data_fetch_mkCHtbls.py
[2025-11-27T13:10:47.746+0000] {processor.py:840} INFO - DAG(s) 'fetch_data' retrieved from /opt/airflow/dags/01_data_fetch_mkCHtbls.py
[2025-11-27T13:10:47.886+0000] {logging_mixin.py:188} INFO - [2025-11-27T13:10:47.885+0000] {dag.py:3036} INFO - Sync 1 DAGs
[2025-11-27T13:10:47.953+0000] {logging_mixin.py:188} INFO - [2025-11-27T13:10:47.952+0000] {dag.py:3823} INFO - Setting next_dagrun for fetch_data to 2025-11-27 00:00:00+00:00, run_after=2025-11-28 00:00:00+00:00
[2025-11-27T13:10:48.014+0000] {processor.py:183} INFO - Processing /opt/airflow/dags/01_data_fetch_mkCHtbls.py took 8.501 seconds
[2025-11-27T13:11:18.325+0000] {processor.py:161} INFO - Started process (PID=36344) to work on /opt/airflow/dags/01_data_fetch_mkCHtbls.py
[2025-11-27T13:11:18.328+0000] {processor.py:830} INFO - Processing file /opt/airflow/dags/01_data_fetch_mkCHtbls.py for tasks to queue
[2025-11-27T13:11:18.331+0000] {logging_mixin.py:188} INFO - [2025-11-27T13:11:18.329+0000] {dagbag.py:538} INFO - Filling up the DagBag from /opt/airflow/dags/01_data_fetch_mkCHtbls.py
[2025-11-27T13:11:26.563+0000] {processor.py:840} INFO - DAG(s) 'fetch_data' retrieved from /opt/airflow/dags/01_data_fetch_mkCHtbls.py
[2025-11-27T13:11:26.657+0000] {logging_mixin.py:188} INFO - [2025-11-27T13:11:26.655+0000] {dag.py:3036} INFO - Sync 1 DAGs
[2025-11-27T13:11:26.725+0000] {logging_mixin.py:188} INFO - [2025-11-27T13:11:26.725+0000] {dag.py:3823} INFO - Setting next_dagrun for fetch_data to 2025-11-27 00:00:00+00:00, run_after=2025-11-28 00:00:00+00:00
[2025-11-27T13:11:26.766+0000] {processor.py:183} INFO - Processing /opt/airflow/dags/01_data_fetch_mkCHtbls.py took 8.452 seconds
[2025-11-27T13:11:57.492+0000] {processor.py:161} INFO - Started process (PID=36434) to work on /opt/airflow/dags/01_data_fetch_mkCHtbls.py
[2025-11-27T13:11:57.496+0000] {processor.py:830} INFO - Processing file /opt/airflow/dags/01_data_fetch_mkCHtbls.py for tasks to queue
[2025-11-27T13:11:57.500+0000] {logging_mixin.py:188} INFO - [2025-11-27T13:11:57.497+0000] {dagbag.py:538} INFO - Filling up the DagBag from /opt/airflow/dags/01_data_fetch_mkCHtbls.py
[2025-11-27T13:12:04.021+0000] {processor.py:840} INFO - DAG(s) 'fetch_data' retrieved from /opt/airflow/dags/01_data_fetch_mkCHtbls.py
[2025-11-27T13:12:04.152+0000] {logging_mixin.py:188} INFO - [2025-11-27T13:12:04.149+0000] {dag.py:3036} INFO - Sync 1 DAGs
[2025-11-27T13:12:04.198+0000] {logging_mixin.py:188} INFO - [2025-11-27T13:12:04.197+0000] {dag.py:3823} INFO - Setting next_dagrun for fetch_data to 2025-11-27 00:00:00+00:00, run_after=2025-11-28 00:00:00+00:00
[2025-11-27T13:12:04.247+0000] {processor.py:183} INFO - Processing /opt/airflow/dags/01_data_fetch_mkCHtbls.py took 6.766 seconds
[2025-11-27T13:12:34.805+0000] {processor.py:161} INFO - Started process (PID=36509) to work on /opt/airflow/dags/01_data_fetch_mkCHtbls.py
[2025-11-27T13:12:34.808+0000] {processor.py:830} INFO - Processing file /opt/airflow/dags/01_data_fetch_mkCHtbls.py for tasks to queue
[2025-11-27T13:12:34.812+0000] {logging_mixin.py:188} INFO - [2025-11-27T13:12:34.811+0000] {dagbag.py:538} INFO - Filling up the DagBag from /opt/airflow/dags/01_data_fetch_mkCHtbls.py
[2025-11-27T13:12:42.925+0000] {processor.py:840} INFO - DAG(s) 'fetch_data' retrieved from /opt/airflow/dags/01_data_fetch_mkCHtbls.py
[2025-11-27T13:12:43.013+0000] {logging_mixin.py:188} INFO - [2025-11-27T13:12:43.010+0000] {dag.py:3036} INFO - Sync 1 DAGs
[2025-11-27T13:12:43.056+0000] {logging_mixin.py:188} INFO - [2025-11-27T13:12:43.056+0000] {dag.py:3823} INFO - Setting next_dagrun for fetch_data to 2025-11-27 00:00:00+00:00, run_after=2025-11-28 00:00:00+00:00
[2025-11-27T13:12:43.125+0000] {processor.py:183} INFO - Processing /opt/airflow/dags/01_data_fetch_mkCHtbls.py took 8.320 seconds
[2025-11-27T13:13:13.303+0000] {processor.py:161} INFO - Started process (PID=36579) to work on /opt/airflow/dags/01_data_fetch_mkCHtbls.py
[2025-11-27T13:13:13.307+0000] {processor.py:830} INFO - Processing file /opt/airflow/dags/01_data_fetch_mkCHtbls.py for tasks to queue
[2025-11-27T13:13:13.311+0000] {logging_mixin.py:188} INFO - [2025-11-27T13:13:13.309+0000] {dagbag.py:538} INFO - Filling up the DagBag from /opt/airflow/dags/01_data_fetch_mkCHtbls.py
[2025-11-27T13:13:21.838+0000] {processor.py:840} INFO - DAG(s) 'fetch_data' retrieved from /opt/airflow/dags/01_data_fetch_mkCHtbls.py
[2025-11-27T13:13:21.949+0000] {logging_mixin.py:188} INFO - [2025-11-27T13:13:21.946+0000] {dag.py:3036} INFO - Sync 1 DAGs
[2025-11-27T13:13:21.990+0000] {logging_mixin.py:188} INFO - [2025-11-27T13:13:21.990+0000] {dag.py:3823} INFO - Setting next_dagrun for fetch_data to 2025-11-27 00:00:00+00:00, run_after=2025-11-28 00:00:00+00:00
[2025-11-27T13:13:22.053+0000] {processor.py:183} INFO - Processing /opt/airflow/dags/01_data_fetch_mkCHtbls.py took 8.762 seconds
[2025-11-27T13:13:52.265+0000] {processor.py:161} INFO - Started process (PID=36649) to work on /opt/airflow/dags/01_data_fetch_mkCHtbls.py
[2025-11-27T13:13:52.268+0000] {processor.py:830} INFO - Processing file /opt/airflow/dags/01_data_fetch_mkCHtbls.py for tasks to queue
[2025-11-27T13:13:52.271+0000] {logging_mixin.py:188} INFO - [2025-11-27T13:13:52.269+0000] {dagbag.py:538} INFO - Filling up the DagBag from /opt/airflow/dags/01_data_fetch_mkCHtbls.py
[2025-11-27T13:14:02.094+0000] {processor.py:840} INFO - DAG(s) 'fetch_data' retrieved from /opt/airflow/dags/01_data_fetch_mkCHtbls.py
[2025-11-27T13:14:02.189+0000] {logging_mixin.py:188} INFO - [2025-11-27T13:14:02.187+0000] {dag.py:3036} INFO - Sync 1 DAGs
[2025-11-27T13:14:02.232+0000] {logging_mixin.py:188} INFO - [2025-11-27T13:14:02.232+0000] {dag.py:3823} INFO - Setting next_dagrun for fetch_data to 2025-11-27 00:00:00+00:00, run_after=2025-11-28 00:00:00+00:00
[2025-11-27T13:14:02.288+0000] {processor.py:183} INFO - Processing /opt/airflow/dags/01_data_fetch_mkCHtbls.py took 10.032 seconds
[2025-11-27T13:14:32.675+0000] {processor.py:161} INFO - Started process (PID=36765) to work on /opt/airflow/dags/01_data_fetch_mkCHtbls.py
[2025-11-27T13:14:32.677+0000] {processor.py:830} INFO - Processing file /opt/airflow/dags/01_data_fetch_mkCHtbls.py for tasks to queue
[2025-11-27T13:14:32.680+0000] {logging_mixin.py:188} INFO - [2025-11-27T13:14:32.679+0000] {dagbag.py:538} INFO - Filling up the DagBag from /opt/airflow/dags/01_data_fetch_mkCHtbls.py
[2025-11-27T13:14:40.116+0000] {processor.py:840} INFO - DAG(s) 'fetch_data' retrieved from /opt/airflow/dags/01_data_fetch_mkCHtbls.py
[2025-11-27T13:14:40.204+0000] {logging_mixin.py:188} INFO - [2025-11-27T13:14:40.202+0000] {dag.py:3036} INFO - Sync 1 DAGs
[2025-11-27T13:14:40.249+0000] {logging_mixin.py:188} INFO - [2025-11-27T13:14:40.249+0000] {dag.py:3823} INFO - Setting next_dagrun for fetch_data to 2025-11-27 00:00:00+00:00, run_after=2025-11-28 00:00:00+00:00
[2025-11-27T13:14:40.306+0000] {processor.py:183} INFO - Processing /opt/airflow/dags/01_data_fetch_mkCHtbls.py took 7.639 seconds
[2025-11-27T13:15:10.407+0000] {processor.py:161} INFO - Started process (PID=36835) to work on /opt/airflow/dags/01_data_fetch_mkCHtbls.py
[2025-11-27T13:15:10.410+0000] {processor.py:830} INFO - Processing file /opt/airflow/dags/01_data_fetch_mkCHtbls.py for tasks to queue
[2025-11-27T13:15:10.415+0000] {logging_mixin.py:188} INFO - [2025-11-27T13:15:10.413+0000] {dagbag.py:538} INFO - Filling up the DagBag from /opt/airflow/dags/01_data_fetch_mkCHtbls.py
[2025-11-27T13:15:18.601+0000] {processor.py:840} INFO - DAG(s) 'fetch_data' retrieved from /opt/airflow/dags/01_data_fetch_mkCHtbls.py
[2025-11-27T13:15:18.718+0000] {logging_mixin.py:188} INFO - [2025-11-27T13:15:18.716+0000] {dag.py:3036} INFO - Sync 1 DAGs
[2025-11-27T13:15:18.770+0000] {logging_mixin.py:188} INFO - [2025-11-27T13:15:18.770+0000] {dag.py:3823} INFO - Setting next_dagrun for fetch_data to 2025-11-27 00:00:00+00:00, run_after=2025-11-28 00:00:00+00:00
[2025-11-27T13:15:18.827+0000] {processor.py:183} INFO - Processing /opt/airflow/dags/01_data_fetch_mkCHtbls.py took 8.425 seconds
[2025-11-27T13:15:48.963+0000] {processor.py:161} INFO - Started process (PID=36905) to work on /opt/airflow/dags/01_data_fetch_mkCHtbls.py
[2025-11-27T13:15:48.980+0000] {processor.py:830} INFO - Processing file /opt/airflow/dags/01_data_fetch_mkCHtbls.py for tasks to queue
[2025-11-27T13:15:48.984+0000] {logging_mixin.py:188} INFO - [2025-11-27T13:15:48.982+0000] {dagbag.py:538} INFO - Filling up the DagBag from /opt/airflow/dags/01_data_fetch_mkCHtbls.py
[2025-11-27T13:15:55.978+0000] {processor.py:840} INFO - DAG(s) 'fetch_data' retrieved from /opt/airflow/dags/01_data_fetch_mkCHtbls.py
[2025-11-27T13:15:56.090+0000] {logging_mixin.py:188} INFO - [2025-11-27T13:15:56.087+0000] {dag.py:3036} INFO - Sync 1 DAGs
[2025-11-27T13:15:56.149+0000] {logging_mixin.py:188} INFO - [2025-11-27T13:15:56.148+0000] {dag.py:3823} INFO - Setting next_dagrun for fetch_data to 2025-11-27 00:00:00+00:00, run_after=2025-11-28 00:00:00+00:00
[2025-11-27T13:15:56.212+0000] {processor.py:183} INFO - Processing /opt/airflow/dags/01_data_fetch_mkCHtbls.py took 7.259 seconds
[2025-11-27T13:16:26.504+0000] {processor.py:161} INFO - Started process (PID=36975) to work on /opt/airflow/dags/01_data_fetch_mkCHtbls.py
[2025-11-27T13:16:26.506+0000] {processor.py:830} INFO - Processing file /opt/airflow/dags/01_data_fetch_mkCHtbls.py for tasks to queue
[2025-11-27T13:16:26.509+0000] {logging_mixin.py:188} INFO - [2025-11-27T13:16:26.508+0000] {dagbag.py:538} INFO - Filling up the DagBag from /opt/airflow/dags/01_data_fetch_mkCHtbls.py
[2025-11-27T13:16:33.920+0000] {processor.py:840} INFO - DAG(s) 'fetch_data' retrieved from /opt/airflow/dags/01_data_fetch_mkCHtbls.py
[2025-11-27T13:16:34.102+0000] {logging_mixin.py:188} INFO - [2025-11-27T13:16:34.099+0000] {dag.py:3036} INFO - Sync 1 DAGs
[2025-11-27T13:16:34.143+0000] {logging_mixin.py:188} INFO - [2025-11-27T13:16:34.143+0000] {dag.py:3823} INFO - Setting next_dagrun for fetch_data to 2025-11-27 00:00:00+00:00, run_after=2025-11-28 00:00:00+00:00
[2025-11-27T13:16:34.184+0000] {processor.py:183} INFO - Processing /opt/airflow/dags/01_data_fetch_mkCHtbls.py took 7.690 seconds
[2025-11-27T13:17:04.458+0000] {processor.py:161} INFO - Started process (PID=37070) to work on /opt/airflow/dags/01_data_fetch_mkCHtbls.py
[2025-11-27T13:17:04.462+0000] {processor.py:830} INFO - Processing file /opt/airflow/dags/01_data_fetch_mkCHtbls.py for tasks to queue
[2025-11-27T13:17:04.466+0000] {logging_mixin.py:188} INFO - [2025-11-27T13:17:04.465+0000] {dagbag.py:538} INFO - Filling up the DagBag from /opt/airflow/dags/01_data_fetch_mkCHtbls.py
[2025-11-27T13:17:12.619+0000] {processor.py:840} INFO - DAG(s) 'fetch_data' retrieved from /opt/airflow/dags/01_data_fetch_mkCHtbls.py
[2025-11-27T13:17:12.754+0000] {logging_mixin.py:188} INFO - [2025-11-27T13:17:12.751+0000] {dag.py:3036} INFO - Sync 1 DAGs
[2025-11-27T13:17:12.830+0000] {logging_mixin.py:188} INFO - [2025-11-27T13:17:12.829+0000] {dag.py:3823} INFO - Setting next_dagrun for fetch_data to 2025-11-27 00:00:00+00:00, run_after=2025-11-28 00:00:00+00:00
[2025-11-27T13:17:12.937+0000] {processor.py:183} INFO - Processing /opt/airflow/dags/01_data_fetch_mkCHtbls.py took 8.495 seconds
[2025-11-27T13:17:43.182+0000] {processor.py:161} INFO - Started process (PID=37161) to work on /opt/airflow/dags/01_data_fetch_mkCHtbls.py
[2025-11-27T13:17:43.184+0000] {processor.py:830} INFO - Processing file /opt/airflow/dags/01_data_fetch_mkCHtbls.py for tasks to queue
[2025-11-27T13:17:43.187+0000] {logging_mixin.py:188} INFO - [2025-11-27T13:17:43.186+0000] {dagbag.py:538} INFO - Filling up the DagBag from /opt/airflow/dags/01_data_fetch_mkCHtbls.py
[2025-11-27T13:17:50.941+0000] {processor.py:840} INFO - DAG(s) 'fetch_data' retrieved from /opt/airflow/dags/01_data_fetch_mkCHtbls.py
[2025-11-27T13:17:51.033+0000] {logging_mixin.py:188} INFO - [2025-11-27T13:17:51.030+0000] {dag.py:3036} INFO - Sync 1 DAGs
[2025-11-27T13:17:51.075+0000] {logging_mixin.py:188} INFO - [2025-11-27T13:17:51.075+0000] {dag.py:3823} INFO - Setting next_dagrun for fetch_data to 2025-11-27 00:00:00+00:00, run_after=2025-11-28 00:00:00+00:00
[2025-11-27T13:17:51.116+0000] {processor.py:183} INFO - Processing /opt/airflow/dags/01_data_fetch_mkCHtbls.py took 7.937 seconds
[2025-11-27T13:18:21.248+0000] {processor.py:161} INFO - Started process (PID=37231) to work on /opt/airflow/dags/01_data_fetch_mkCHtbls.py
[2025-11-27T13:18:21.251+0000] {processor.py:830} INFO - Processing file /opt/airflow/dags/01_data_fetch_mkCHtbls.py for tasks to queue
[2025-11-27T13:18:21.254+0000] {logging_mixin.py:188} INFO - [2025-11-27T13:18:21.253+0000] {dagbag.py:538} INFO - Filling up the DagBag from /opt/airflow/dags/01_data_fetch_mkCHtbls.py
[2025-11-27T13:18:29.282+0000] {processor.py:840} INFO - DAG(s) 'fetch_data' retrieved from /opt/airflow/dags/01_data_fetch_mkCHtbls.py
[2025-11-27T13:18:29.373+0000] {logging_mixin.py:188} INFO - [2025-11-27T13:18:29.371+0000] {dag.py:3036} INFO - Sync 1 DAGs
[2025-11-27T13:18:29.426+0000] {logging_mixin.py:188} INFO - [2025-11-27T13:18:29.425+0000] {dag.py:3823} INFO - Setting next_dagrun for fetch_data to 2025-11-27 00:00:00+00:00, run_after=2025-11-28 00:00:00+00:00
[2025-11-27T13:18:29.458+0000] {processor.py:183} INFO - Processing /opt/airflow/dags/01_data_fetch_mkCHtbls.py took 8.220 seconds
[2025-11-27T13:18:59.685+0000] {processor.py:161} INFO - Started process (PID=37301) to work on /opt/airflow/dags/01_data_fetch_mkCHtbls.py
[2025-11-27T13:18:59.689+0000] {processor.py:830} INFO - Processing file /opt/airflow/dags/01_data_fetch_mkCHtbls.py for tasks to queue
[2025-11-27T13:18:59.691+0000] {logging_mixin.py:188} INFO - [2025-11-27T13:18:59.690+0000] {dagbag.py:538} INFO - Filling up the DagBag from /opt/airflow/dags/01_data_fetch_mkCHtbls.py
[2025-11-27T13:19:08.899+0000] {processor.py:840} INFO - DAG(s) 'fetch_data' retrieved from /opt/airflow/dags/01_data_fetch_mkCHtbls.py
[2025-11-27T13:19:09.015+0000] {logging_mixin.py:188} INFO - [2025-11-27T13:19:09.013+0000] {dag.py:3036} INFO - Sync 1 DAGs
[2025-11-27T13:19:09.070+0000] {logging_mixin.py:188} INFO - [2025-11-27T13:19:09.070+0000] {dag.py:3823} INFO - Setting next_dagrun for fetch_data to 2025-11-27 00:00:00+00:00, run_after=2025-11-28 00:00:00+00:00
[2025-11-27T13:19:09.119+0000] {processor.py:183} INFO - Processing /opt/airflow/dags/01_data_fetch_mkCHtbls.py took 9.443 seconds
[2025-11-27T13:19:39.629+0000] {processor.py:161} INFO - Started process (PID=37396) to work on /opt/airflow/dags/01_data_fetch_mkCHtbls.py
[2025-11-27T13:19:39.631+0000] {processor.py:830} INFO - Processing file /opt/airflow/dags/01_data_fetch_mkCHtbls.py for tasks to queue
[2025-11-27T13:19:39.633+0000] {logging_mixin.py:188} INFO - [2025-11-27T13:19:39.633+0000] {dagbag.py:538} INFO - Filling up the DagBag from /opt/airflow/dags/01_data_fetch_mkCHtbls.py
[2025-11-27T13:19:47.710+0000] {processor.py:840} INFO - DAG(s) 'fetch_data' retrieved from /opt/airflow/dags/01_data_fetch_mkCHtbls.py
[2025-11-27T13:19:48.136+0000] {logging_mixin.py:188} INFO - [2025-11-27T13:19:48.130+0000] {dag.py:3036} INFO - Sync 1 DAGs
[2025-11-27T13:19:48.201+0000] {logging_mixin.py:188} INFO - [2025-11-27T13:19:48.200+0000] {dag.py:3823} INFO - Setting next_dagrun for fetch_data to 2025-11-27 00:00:00+00:00, run_after=2025-11-28 00:00:00+00:00
[2025-11-27T13:19:48.260+0000] {processor.py:183} INFO - Processing /opt/airflow/dags/01_data_fetch_mkCHtbls.py took 8.636 seconds
[2025-11-27T13:20:19.025+0000] {processor.py:161} INFO - Started process (PID=37466) to work on /opt/airflow/dags/01_data_fetch_mkCHtbls.py
[2025-11-27T13:20:19.028+0000] {processor.py:830} INFO - Processing file /opt/airflow/dags/01_data_fetch_mkCHtbls.py for tasks to queue
[2025-11-27T13:20:19.031+0000] {logging_mixin.py:188} INFO - [2025-11-27T13:20:19.030+0000] {dagbag.py:538} INFO - Filling up the DagBag from /opt/airflow/dags/01_data_fetch_mkCHtbls.py
[2025-11-27T13:20:27.793+0000] {processor.py:840} INFO - DAG(s) 'fetch_data' retrieved from /opt/airflow/dags/01_data_fetch_mkCHtbls.py
[2025-11-27T13:20:27.895+0000] {logging_mixin.py:188} INFO - [2025-11-27T13:20:27.892+0000] {dag.py:3036} INFO - Sync 1 DAGs
[2025-11-27T13:20:27.947+0000] {logging_mixin.py:188} INFO - [2025-11-27T13:20:27.946+0000] {dag.py:3823} INFO - Setting next_dagrun for fetch_data to 2025-11-27 00:00:00+00:00, run_after=2025-11-28 00:00:00+00:00
[2025-11-27T13:20:28.002+0000] {processor.py:183} INFO - Processing /opt/airflow/dags/01_data_fetch_mkCHtbls.py took 8.986 seconds
[2025-11-27T13:20:58.183+0000] {processor.py:161} INFO - Started process (PID=37557) to work on /opt/airflow/dags/01_data_fetch_mkCHtbls.py
[2025-11-27T13:20:58.187+0000] {processor.py:830} INFO - Processing file /opt/airflow/dags/01_data_fetch_mkCHtbls.py for tasks to queue
[2025-11-27T13:20:58.190+0000] {logging_mixin.py:188} INFO - [2025-11-27T13:20:58.188+0000] {dagbag.py:538} INFO - Filling up the DagBag from /opt/airflow/dags/01_data_fetch_mkCHtbls.py
[2025-11-27T13:21:04.833+0000] {processor.py:840} INFO - DAG(s) 'fetch_data' retrieved from /opt/airflow/dags/01_data_fetch_mkCHtbls.py
[2025-11-27T13:21:04.942+0000] {logging_mixin.py:188} INFO - [2025-11-27T13:21:04.938+0000] {dag.py:3036} INFO - Sync 1 DAGs
[2025-11-27T13:21:05.026+0000] {logging_mixin.py:188} INFO - [2025-11-27T13:21:05.024+0000] {dag.py:3823} INFO - Setting next_dagrun for fetch_data to 2025-11-27 00:00:00+00:00, run_after=2025-11-28 00:00:00+00:00
[2025-11-27T13:21:05.132+0000] {processor.py:183} INFO - Processing /opt/airflow/dags/01_data_fetch_mkCHtbls.py took 6.959 seconds
[2025-11-27T13:21:35.284+0000] {processor.py:161} INFO - Started process (PID=37627) to work on /opt/airflow/dags/01_data_fetch_mkCHtbls.py
[2025-11-27T13:21:35.287+0000] {processor.py:830} INFO - Processing file /opt/airflow/dags/01_data_fetch_mkCHtbls.py for tasks to queue
[2025-11-27T13:21:35.290+0000] {logging_mixin.py:188} INFO - [2025-11-27T13:21:35.289+0000] {dagbag.py:538} INFO - Filling up the DagBag from /opt/airflow/dags/01_data_fetch_mkCHtbls.py
[2025-11-27T13:21:44.076+0000] {processor.py:840} INFO - DAG(s) 'fetch_data' retrieved from /opt/airflow/dags/01_data_fetch_mkCHtbls.py
[2025-11-27T13:21:44.200+0000] {logging_mixin.py:188} INFO - [2025-11-27T13:21:44.197+0000] {dag.py:3036} INFO - Sync 1 DAGs
[2025-11-27T13:21:44.243+0000] {logging_mixin.py:188} INFO - [2025-11-27T13:21:44.243+0000] {dag.py:3823} INFO - Setting next_dagrun for fetch_data to 2025-11-27 00:00:00+00:00, run_after=2025-11-28 00:00:00+00:00
[2025-11-27T13:21:44.287+0000] {processor.py:183} INFO - Processing /opt/airflow/dags/01_data_fetch_mkCHtbls.py took 9.009 seconds
[2025-11-27T13:22:14.736+0000] {processor.py:161} INFO - Started process (PID=37722) to work on /opt/airflow/dags/01_data_fetch_mkCHtbls.py
[2025-11-27T13:22:14.741+0000] {processor.py:830} INFO - Processing file /opt/airflow/dags/01_data_fetch_mkCHtbls.py for tasks to queue
[2025-11-27T13:22:14.748+0000] {logging_mixin.py:188} INFO - [2025-11-27T13:22:14.745+0000] {dagbag.py:538} INFO - Filling up the DagBag from /opt/airflow/dags/01_data_fetch_mkCHtbls.py
[2025-11-27T13:22:21.972+0000] {processor.py:840} INFO - DAG(s) 'fetch_data' retrieved from /opt/airflow/dags/01_data_fetch_mkCHtbls.py
[2025-11-27T13:22:22.075+0000] {logging_mixin.py:188} INFO - [2025-11-27T13:22:22.073+0000] {dag.py:3036} INFO - Sync 1 DAGs
[2025-11-27T13:22:22.116+0000] {logging_mixin.py:188} INFO - [2025-11-27T13:22:22.116+0000] {dag.py:3823} INFO - Setting next_dagrun for fetch_data to 2025-11-27 00:00:00+00:00, run_after=2025-11-28 00:00:00+00:00
[2025-11-27T13:22:22.172+0000] {processor.py:183} INFO - Processing /opt/airflow/dags/01_data_fetch_mkCHtbls.py took 7.454 seconds
[2025-11-27T13:22:52.256+0000] {processor.py:161} INFO - Started process (PID=37792) to work on /opt/airflow/dags/01_data_fetch_mkCHtbls.py
[2025-11-27T13:22:52.260+0000] {processor.py:830} INFO - Processing file /opt/airflow/dags/01_data_fetch_mkCHtbls.py for tasks to queue
[2025-11-27T13:22:52.263+0000] {logging_mixin.py:188} INFO - [2025-11-27T13:22:52.261+0000] {dagbag.py:538} INFO - Filling up the DagBag from /opt/airflow/dags/01_data_fetch_mkCHtbls.py
[2025-11-27T13:22:59.949+0000] {processor.py:840} INFO - DAG(s) 'fetch_data' retrieved from /opt/airflow/dags/01_data_fetch_mkCHtbls.py
[2025-11-27T13:23:00.046+0000] {logging_mixin.py:188} INFO - [2025-11-27T13:23:00.044+0000] {dag.py:3036} INFO - Sync 1 DAGs
[2025-11-27T13:23:00.091+0000] {logging_mixin.py:188} INFO - [2025-11-27T13:23:00.090+0000] {dag.py:3823} INFO - Setting next_dagrun for fetch_data to 2025-11-27 00:00:00+00:00, run_after=2025-11-28 00:00:00+00:00
[2025-11-27T13:23:00.143+0000] {processor.py:183} INFO - Processing /opt/airflow/dags/01_data_fetch_mkCHtbls.py took 7.898 seconds
[2025-11-27T13:23:30.889+0000] {processor.py:161} INFO - Started process (PID=37862) to work on /opt/airflow/dags/01_data_fetch_mkCHtbls.py
[2025-11-27T13:23:30.892+0000] {processor.py:830} INFO - Processing file /opt/airflow/dags/01_data_fetch_mkCHtbls.py for tasks to queue
[2025-11-27T13:23:30.895+0000] {logging_mixin.py:188} INFO - [2025-11-27T13:23:30.893+0000] {dagbag.py:538} INFO - Filling up the DagBag from /opt/airflow/dags/01_data_fetch_mkCHtbls.py
[2025-11-27T13:23:38.878+0000] {processor.py:840} INFO - DAG(s) 'fetch_data' retrieved from /opt/airflow/dags/01_data_fetch_mkCHtbls.py
[2025-11-27T13:23:38.968+0000] {logging_mixin.py:188} INFO - [2025-11-27T13:23:38.966+0000] {dag.py:3036} INFO - Sync 1 DAGs
[2025-11-27T13:23:39.008+0000] {logging_mixin.py:188} INFO - [2025-11-27T13:23:39.007+0000] {dag.py:3823} INFO - Setting next_dagrun for fetch_data to 2025-11-27 00:00:00+00:00, run_after=2025-11-28 00:00:00+00:00
[2025-11-27T13:23:39.057+0000] {processor.py:183} INFO - Processing /opt/airflow/dags/01_data_fetch_mkCHtbls.py took 8.177 seconds
[2025-11-27T13:24:09.256+0000] {processor.py:161} INFO - Started process (PID=37953) to work on /opt/airflow/dags/01_data_fetch_mkCHtbls.py
[2025-11-27T13:24:09.258+0000] {processor.py:830} INFO - Processing file /opt/airflow/dags/01_data_fetch_mkCHtbls.py for tasks to queue
[2025-11-27T13:24:09.261+0000] {logging_mixin.py:188} INFO - [2025-11-27T13:24:09.260+0000] {dagbag.py:538} INFO - Filling up the DagBag from /opt/airflow/dags/01_data_fetch_mkCHtbls.py
[2025-11-27T13:24:17.803+0000] {processor.py:840} INFO - DAG(s) 'fetch_data' retrieved from /opt/airflow/dags/01_data_fetch_mkCHtbls.py
[2025-11-27T13:24:17.914+0000] {logging_mixin.py:188} INFO - [2025-11-27T13:24:17.912+0000] {dag.py:3036} INFO - Sync 1 DAGs
[2025-11-27T13:24:17.961+0000] {logging_mixin.py:188} INFO - [2025-11-27T13:24:17.960+0000] {dag.py:3823} INFO - Setting next_dagrun for fetch_data to 2025-11-27 00:00:00+00:00, run_after=2025-11-28 00:00:00+00:00
[2025-11-27T13:24:18.023+0000] {processor.py:183} INFO - Processing /opt/airflow/dags/01_data_fetch_mkCHtbls.py took 8.774 seconds
[2025-11-27T13:24:48.493+0000] {processor.py:161} INFO - Started process (PID=38048) to work on /opt/airflow/dags/01_data_fetch_mkCHtbls.py
[2025-11-27T13:24:48.496+0000] {processor.py:830} INFO - Processing file /opt/airflow/dags/01_data_fetch_mkCHtbls.py for tasks to queue
[2025-11-27T13:24:48.499+0000] {logging_mixin.py:188} INFO - [2025-11-27T13:24:48.498+0000] {dagbag.py:538} INFO - Filling up the DagBag from /opt/airflow/dags/01_data_fetch_mkCHtbls.py
[2025-11-27T13:24:55.526+0000] {processor.py:840} INFO - DAG(s) 'fetch_data' retrieved from /opt/airflow/dags/01_data_fetch_mkCHtbls.py
[2025-11-27T13:24:55.616+0000] {logging_mixin.py:188} INFO - [2025-11-27T13:24:55.614+0000] {dag.py:3036} INFO - Sync 1 DAGs
[2025-11-27T13:24:55.658+0000] {logging_mixin.py:188} INFO - [2025-11-27T13:24:55.657+0000] {dag.py:3823} INFO - Setting next_dagrun for fetch_data to 2025-11-27 00:00:00+00:00, run_after=2025-11-28 00:00:00+00:00
[2025-11-27T13:24:55.710+0000] {processor.py:183} INFO - Processing /opt/airflow/dags/01_data_fetch_mkCHtbls.py took 7.225 seconds
[2025-11-27T13:25:25.956+0000] {processor.py:161} INFO - Started process (PID=38118) to work on /opt/airflow/dags/01_data_fetch_mkCHtbls.py
[2025-11-27T13:25:25.960+0000] {processor.py:830} INFO - Processing file /opt/airflow/dags/01_data_fetch_mkCHtbls.py for tasks to queue
[2025-11-27T13:25:25.964+0000] {logging_mixin.py:188} INFO - [2025-11-27T13:25:25.962+0000] {dagbag.py:538} INFO - Filling up the DagBag from /opt/airflow/dags/01_data_fetch_mkCHtbls.py
[2025-11-27T13:25:32.994+0000] {processor.py:840} INFO - DAG(s) 'fetch_data' retrieved from /opt/airflow/dags/01_data_fetch_mkCHtbls.py
[2025-11-27T13:25:33.099+0000] {logging_mixin.py:188} INFO - [2025-11-27T13:25:33.097+0000] {dag.py:3036} INFO - Sync 1 DAGs
[2025-11-27T13:25:33.150+0000] {logging_mixin.py:188} INFO - [2025-11-27T13:25:33.149+0000] {dag.py:3823} INFO - Setting next_dagrun for fetch_data to 2025-11-27 00:00:00+00:00, run_after=2025-11-28 00:00:00+00:00
[2025-11-27T13:25:33.193+0000] {processor.py:183} INFO - Processing /opt/airflow/dags/01_data_fetch_mkCHtbls.py took 7.246 seconds
[2025-11-27T13:26:03.500+0000] {processor.py:161} INFO - Started process (PID=38188) to work on /opt/airflow/dags/01_data_fetch_mkCHtbls.py
[2025-11-27T13:26:03.502+0000] {processor.py:830} INFO - Processing file /opt/airflow/dags/01_data_fetch_mkCHtbls.py for tasks to queue
[2025-11-27T13:26:03.505+0000] {logging_mixin.py:188} INFO - [2025-11-27T13:26:03.503+0000] {dagbag.py:538} INFO - Filling up the DagBag from /opt/airflow/dags/01_data_fetch_mkCHtbls.py
[2025-11-27T13:26:11.926+0000] {processor.py:840} INFO - DAG(s) 'fetch_data' retrieved from /opt/airflow/dags/01_data_fetch_mkCHtbls.py
[2025-11-27T13:26:12.007+0000] {logging_mixin.py:188} INFO - [2025-11-27T13:26:12.005+0000] {dag.py:3036} INFO - Sync 1 DAGs
[2025-11-27T13:26:12.053+0000] {logging_mixin.py:188} INFO - [2025-11-27T13:26:12.052+0000] {dag.py:3823} INFO - Setting next_dagrun for fetch_data to 2025-11-27 00:00:00+00:00, run_after=2025-11-28 00:00:00+00:00
[2025-11-27T13:26:12.099+0000] {processor.py:183} INFO - Processing /opt/airflow/dags/01_data_fetch_mkCHtbls.py took 8.608 seconds
[2025-11-27T13:26:42.435+0000] {processor.py:161} INFO - Started process (PID=38258) to work on /opt/airflow/dags/01_data_fetch_mkCHtbls.py
[2025-11-27T13:26:42.437+0000] {processor.py:830} INFO - Processing file /opt/airflow/dags/01_data_fetch_mkCHtbls.py for tasks to queue
[2025-11-27T13:26:42.440+0000] {logging_mixin.py:188} INFO - [2025-11-27T13:26:42.438+0000] {dagbag.py:538} INFO - Filling up the DagBag from /opt/airflow/dags/01_data_fetch_mkCHtbls.py
[2025-11-27T13:26:51.189+0000] {processor.py:840} INFO - DAG(s) 'fetch_data' retrieved from /opt/airflow/dags/01_data_fetch_mkCHtbls.py
[2025-11-27T13:26:51.291+0000] {logging_mixin.py:188} INFO - [2025-11-27T13:26:51.289+0000] {dag.py:3036} INFO - Sync 1 DAGs
[2025-11-27T13:26:51.330+0000] {logging_mixin.py:188} INFO - [2025-11-27T13:26:51.330+0000] {dag.py:3823} INFO - Setting next_dagrun for fetch_data to 2025-11-27 00:00:00+00:00, run_after=2025-11-28 00:00:00+00:00
[2025-11-27T13:26:51.366+0000] {processor.py:183} INFO - Processing /opt/airflow/dags/01_data_fetch_mkCHtbls.py took 8.939 seconds
[2025-11-27T13:27:21.929+0000] {processor.py:161} INFO - Started process (PID=38374) to work on /opt/airflow/dags/01_data_fetch_mkCHtbls.py
[2025-11-27T13:27:21.932+0000] {processor.py:830} INFO - Processing file /opt/airflow/dags/01_data_fetch_mkCHtbls.py for tasks to queue
[2025-11-27T13:27:21.935+0000] {logging_mixin.py:188} INFO - [2025-11-27T13:27:21.934+0000] {dagbag.py:538} INFO - Filling up the DagBag from /opt/airflow/dags/01_data_fetch_mkCHtbls.py
[2025-11-27T13:27:29.425+0000] {processor.py:840} INFO - DAG(s) 'fetch_data' retrieved from /opt/airflow/dags/01_data_fetch_mkCHtbls.py
[2025-11-27T13:27:29.512+0000] {logging_mixin.py:188} INFO - [2025-11-27T13:27:29.510+0000] {dag.py:3036} INFO - Sync 1 DAGs
[2025-11-27T13:27:29.556+0000] {logging_mixin.py:188} INFO - [2025-11-27T13:27:29.555+0000] {dag.py:3823} INFO - Setting next_dagrun for fetch_data to 2025-11-27 00:00:00+00:00, run_after=2025-11-28 00:00:00+00:00
[2025-11-27T13:27:29.598+0000] {processor.py:183} INFO - Processing /opt/airflow/dags/01_data_fetch_mkCHtbls.py took 7.678 seconds
[2025-11-27T13:27:59.826+0000] {processor.py:161} INFO - Started process (PID=38444) to work on /opt/airflow/dags/01_data_fetch_mkCHtbls.py
[2025-11-27T13:27:59.828+0000] {processor.py:830} INFO - Processing file /opt/airflow/dags/01_data_fetch_mkCHtbls.py for tasks to queue
[2025-11-27T13:27:59.830+0000] {logging_mixin.py:188} INFO - [2025-11-27T13:27:59.829+0000] {dagbag.py:538} INFO - Filling up the DagBag from /opt/airflow/dags/01_data_fetch_mkCHtbls.py
[2025-11-27T13:28:07.637+0000] {processor.py:840} INFO - DAG(s) 'fetch_data' retrieved from /opt/airflow/dags/01_data_fetch_mkCHtbls.py
[2025-11-27T13:28:07.789+0000] {logging_mixin.py:188} INFO - [2025-11-27T13:28:07.786+0000] {dag.py:3036} INFO - Sync 1 DAGs
[2025-11-27T13:28:07.888+0000] {logging_mixin.py:188} INFO - [2025-11-27T13:28:07.887+0000] {dag.py:3823} INFO - Setting next_dagrun for fetch_data to 2025-11-27 00:00:00+00:00, run_after=2025-11-28 00:00:00+00:00
[2025-11-27T13:28:07.956+0000] {processor.py:183} INFO - Processing /opt/airflow/dags/01_data_fetch_mkCHtbls.py took 8.140 seconds
[2025-11-27T13:28:38.151+0000] {processor.py:161} INFO - Started process (PID=38514) to work on /opt/airflow/dags/01_data_fetch_mkCHtbls.py
[2025-11-27T13:28:38.153+0000] {processor.py:830} INFO - Processing file /opt/airflow/dags/01_data_fetch_mkCHtbls.py for tasks to queue
[2025-11-27T13:28:38.158+0000] {logging_mixin.py:188} INFO - [2025-11-27T13:28:38.156+0000] {dagbag.py:538} INFO - Filling up the DagBag from /opt/airflow/dags/01_data_fetch_mkCHtbls.py
[2025-11-27T13:28:45.696+0000] {processor.py:840} INFO - DAG(s) 'fetch_data' retrieved from /opt/airflow/dags/01_data_fetch_mkCHtbls.py
[2025-11-27T13:28:45.794+0000] {logging_mixin.py:188} INFO - [2025-11-27T13:28:45.790+0000] {dag.py:3036} INFO - Sync 1 DAGs
[2025-11-27T13:28:45.851+0000] {logging_mixin.py:188} INFO - [2025-11-27T13:28:45.851+0000] {dag.py:3823} INFO - Setting next_dagrun for fetch_data to 2025-11-27 00:00:00+00:00, run_after=2025-11-28 00:00:00+00:00
[2025-11-27T13:28:45.917+0000] {processor.py:183} INFO - Processing /opt/airflow/dags/01_data_fetch_mkCHtbls.py took 7.775 seconds
[2025-11-27T13:29:19.337+0000] {processor.py:161} INFO - Started process (PID=38584) to work on /opt/airflow/dags/01_data_fetch_mkCHtbls.py
[2025-11-27T13:29:19.343+0000] {processor.py:830} INFO - Processing file /opt/airflow/dags/01_data_fetch_mkCHtbls.py for tasks to queue
[2025-11-27T13:29:19.353+0000] {logging_mixin.py:188} INFO - [2025-11-27T13:29:19.347+0000] {dagbag.py:538} INFO - Filling up the DagBag from /opt/airflow/dags/01_data_fetch_mkCHtbls.py
[2025-11-27T13:29:43.486+0000] {processor.py:840} INFO - DAG(s) 'fetch_data' retrieved from /opt/airflow/dags/01_data_fetch_mkCHtbls.py
[2025-11-27T13:29:43.800+0000] {logging_mixin.py:188} INFO - [2025-11-27T13:29:43.796+0000] {dag.py:3036} INFO - Sync 1 DAGs
[2025-11-27T13:29:43.932+0000] {logging_mixin.py:188} INFO - [2025-11-27T13:29:43.931+0000] {dag.py:3823} INFO - Setting next_dagrun for fetch_data to 2025-11-27 00:00:00+00:00, run_after=2025-11-28 00:00:00+00:00
[2025-11-27T13:29:44.033+0000] {processor.py:183} INFO - Processing /opt/airflow/dags/01_data_fetch_mkCHtbls.py took 24.714 seconds
[2025-11-27T13:31:59.135+0000] {processor.py:161} INFO - Started process (PID=38660) to work on /opt/airflow/dags/01_data_fetch_mkCHtbls.py
[2025-11-27T13:31:59.278+0000] {processor.py:830} INFO - Processing file /opt/airflow/dags/01_data_fetch_mkCHtbls.py for tasks to queue
[2025-11-27T13:31:59.416+0000] {logging_mixin.py:188} INFO - [2025-11-27T13:31:59.410+0000] {dagbag.py:538} INFO - Filling up the DagBag from /opt/airflow/dags/01_data_fetch_mkCHtbls.py
[2025-11-27T13:32:19.213+0000] {processor.py:840} INFO - DAG(s) 'fetch_data' retrieved from /opt/airflow/dags/01_data_fetch_mkCHtbls.py
[2025-11-27T13:32:19.382+0000] {logging_mixin.py:188} INFO - [2025-11-27T13:32:19.381+0000] {dag.py:3036} INFO - Sync 1 DAGs
[2025-11-27T13:32:19.575+0000] {logging_mixin.py:188} INFO - [2025-11-27T13:32:19.573+0000] {dag.py:3823} INFO - Setting next_dagrun for fetch_data to 2025-11-27 00:00:00+00:00, run_after=2025-11-28 00:00:00+00:00
[2025-11-27T13:32:19.759+0000] {processor.py:183} INFO - Processing /opt/airflow/dags/01_data_fetch_mkCHtbls.py took 20.663 seconds
[2025-11-27T13:32:49.923+0000] {processor.py:161} INFO - Started process (PID=38751) to work on /opt/airflow/dags/01_data_fetch_mkCHtbls.py
[2025-11-27T13:32:49.926+0000] {processor.py:830} INFO - Processing file /opt/airflow/dags/01_data_fetch_mkCHtbls.py for tasks to queue
[2025-11-27T13:32:49.929+0000] {logging_mixin.py:188} INFO - [2025-11-27T13:32:49.928+0000] {dagbag.py:538} INFO - Filling up the DagBag from /opt/airflow/dags/01_data_fetch_mkCHtbls.py
[2025-11-27T13:32:59.508+0000] {processor.py:840} INFO - DAG(s) 'fetch_data' retrieved from /opt/airflow/dags/01_data_fetch_mkCHtbls.py
[2025-11-27T13:32:59.636+0000] {logging_mixin.py:188} INFO - [2025-11-27T13:32:59.635+0000] {dag.py:3036} INFO - Sync 1 DAGs
[2025-11-27T13:32:59.687+0000] {logging_mixin.py:188} INFO - [2025-11-27T13:32:59.686+0000] {dag.py:3823} INFO - Setting next_dagrun for fetch_data to 2025-11-27 00:00:00+00:00, run_after=2025-11-28 00:00:00+00:00
[2025-11-27T13:32:59.732+0000] {processor.py:183} INFO - Processing /opt/airflow/dags/01_data_fetch_mkCHtbls.py took 9.818 seconds
[2025-11-27T13:33:29.906+0000] {processor.py:161} INFO - Started process (PID=38821) to work on /opt/airflow/dags/01_data_fetch_mkCHtbls.py
[2025-11-27T13:33:29.910+0000] {processor.py:830} INFO - Processing file /opt/airflow/dags/01_data_fetch_mkCHtbls.py for tasks to queue
[2025-11-27T13:33:29.918+0000] {logging_mixin.py:188} INFO - [2025-11-27T13:33:29.916+0000] {dagbag.py:538} INFO - Filling up the DagBag from /opt/airflow/dags/01_data_fetch_mkCHtbls.py
[2025-11-27T13:33:39.801+0000] {processor.py:840} INFO - DAG(s) 'fetch_data' retrieved from /opt/airflow/dags/01_data_fetch_mkCHtbls.py
[2025-11-27T13:33:39.870+0000] {logging_mixin.py:188} INFO - [2025-11-27T13:33:39.870+0000] {dag.py:3036} INFO - Sync 1 DAGs
[2025-11-27T13:33:39.927+0000] {logging_mixin.py:188} INFO - [2025-11-27T13:33:39.926+0000] {dag.py:3823} INFO - Setting next_dagrun for fetch_data to 2025-11-27 00:00:00+00:00, run_after=2025-11-28 00:00:00+00:00
[2025-11-27T13:33:40.006+0000] {processor.py:183} INFO - Processing /opt/airflow/dags/01_data_fetch_mkCHtbls.py took 10.112 seconds
[2025-11-27T13:34:10.226+0000] {processor.py:161} INFO - Started process (PID=38916) to work on /opt/airflow/dags/01_data_fetch_mkCHtbls.py
[2025-11-27T13:34:10.228+0000] {processor.py:830} INFO - Processing file /opt/airflow/dags/01_data_fetch_mkCHtbls.py for tasks to queue
[2025-11-27T13:34:10.230+0000] {logging_mixin.py:188} INFO - [2025-11-27T13:34:10.229+0000] {dagbag.py:538} INFO - Filling up the DagBag from /opt/airflow/dags/01_data_fetch_mkCHtbls.py
[2025-11-27T13:34:18.145+0000] {processor.py:840} INFO - DAG(s) 'fetch_data' retrieved from /opt/airflow/dags/01_data_fetch_mkCHtbls.py
[2025-11-27T13:34:18.315+0000] {logging_mixin.py:188} INFO - [2025-11-27T13:34:18.310+0000] {dag.py:3036} INFO - Sync 1 DAGs
[2025-11-27T13:34:18.379+0000] {logging_mixin.py:188} INFO - [2025-11-27T13:34:18.378+0000] {dag.py:3823} INFO - Setting next_dagrun for fetch_data to 2025-11-27 00:00:00+00:00, run_after=2025-11-28 00:00:00+00:00
[2025-11-27T13:34:18.441+0000] {processor.py:183} INFO - Processing /opt/airflow/dags/01_data_fetch_mkCHtbls.py took 8.223 seconds
[2025-11-27T13:34:49.090+0000] {processor.py:161} INFO - Started process (PID=39007) to work on /opt/airflow/dags/01_data_fetch_mkCHtbls.py
[2025-11-27T13:34:49.093+0000] {processor.py:830} INFO - Processing file /opt/airflow/dags/01_data_fetch_mkCHtbls.py for tasks to queue
[2025-11-27T13:34:49.095+0000] {logging_mixin.py:188} INFO - [2025-11-27T13:34:49.094+0000] {dagbag.py:538} INFO - Filling up the DagBag from /opt/airflow/dags/01_data_fetch_mkCHtbls.py
[2025-11-27T13:34:56.814+0000] {processor.py:840} INFO - DAG(s) 'fetch_data' retrieved from /opt/airflow/dags/01_data_fetch_mkCHtbls.py
[2025-11-27T13:34:56.895+0000] {logging_mixin.py:188} INFO - [2025-11-27T13:34:56.894+0000] {dag.py:3036} INFO - Sync 1 DAGs
[2025-11-27T13:34:56.971+0000] {logging_mixin.py:188} INFO - [2025-11-27T13:34:56.971+0000] {dag.py:3823} INFO - Setting next_dagrun for fetch_data to 2025-11-27 00:00:00+00:00, run_after=2025-11-28 00:00:00+00:00
[2025-11-27T13:34:57.046+0000] {processor.py:183} INFO - Processing /opt/airflow/dags/01_data_fetch_mkCHtbls.py took 7.964 seconds
[2025-11-27T13:35:27.267+0000] {processor.py:161} INFO - Started process (PID=39077) to work on /opt/airflow/dags/01_data_fetch_mkCHtbls.py
[2025-11-27T13:35:27.269+0000] {processor.py:830} INFO - Processing file /opt/airflow/dags/01_data_fetch_mkCHtbls.py for tasks to queue
[2025-11-27T13:35:27.271+0000] {logging_mixin.py:188} INFO - [2025-11-27T13:35:27.271+0000] {dagbag.py:538} INFO - Filling up the DagBag from /opt/airflow/dags/01_data_fetch_mkCHtbls.py
[2025-11-27T13:35:34.606+0000] {processor.py:840} INFO - DAG(s) 'fetch_data' retrieved from /opt/airflow/dags/01_data_fetch_mkCHtbls.py
[2025-11-27T13:35:34.683+0000] {logging_mixin.py:188} INFO - [2025-11-27T13:35:34.682+0000] {dag.py:3036} INFO - Sync 1 DAGs
[2025-11-27T13:35:34.745+0000] {logging_mixin.py:188} INFO - [2025-11-27T13:35:34.744+0000] {dag.py:3823} INFO - Setting next_dagrun for fetch_data to 2025-11-27 00:00:00+00:00, run_after=2025-11-28 00:00:00+00:00
[2025-11-27T13:35:34.795+0000] {processor.py:183} INFO - Processing /opt/airflow/dags/01_data_fetch_mkCHtbls.py took 7.535 seconds
[2025-11-27T13:36:05.213+0000] {processor.py:161} INFO - Started process (PID=39152) to work on /opt/airflow/dags/01_data_fetch_mkCHtbls.py
[2025-11-27T13:36:05.218+0000] {processor.py:830} INFO - Processing file /opt/airflow/dags/01_data_fetch_mkCHtbls.py for tasks to queue
[2025-11-27T13:36:05.224+0000] {logging_mixin.py:188} INFO - [2025-11-27T13:36:05.222+0000] {dagbag.py:538} INFO - Filling up the DagBag from /opt/airflow/dags/01_data_fetch_mkCHtbls.py
[2025-11-27T13:36:14.176+0000] {processor.py:840} INFO - DAG(s) 'fetch_data' retrieved from /opt/airflow/dags/01_data_fetch_mkCHtbls.py
[2025-11-27T13:36:14.265+0000] {logging_mixin.py:188} INFO - [2025-11-27T13:36:14.263+0000] {dag.py:3036} INFO - Sync 1 DAGs
[2025-11-27T13:36:14.319+0000] {logging_mixin.py:188} INFO - [2025-11-27T13:36:14.318+0000] {dag.py:3823} INFO - Setting next_dagrun for fetch_data to 2025-11-27 00:00:00+00:00, run_after=2025-11-28 00:00:00+00:00
[2025-11-27T13:36:14.363+0000] {processor.py:183} INFO - Processing /opt/airflow/dags/01_data_fetch_mkCHtbls.py took 9.170 seconds
[2025-11-27T13:36:44.900+0000] {processor.py:161} INFO - Started process (PID=39242) to work on /opt/airflow/dags/01_data_fetch_mkCHtbls.py
[2025-11-27T13:36:44.902+0000] {processor.py:830} INFO - Processing file /opt/airflow/dags/01_data_fetch_mkCHtbls.py for tasks to queue
[2025-11-27T13:36:44.904+0000] {logging_mixin.py:188} INFO - [2025-11-27T13:36:44.903+0000] {dagbag.py:538} INFO - Filling up the DagBag from /opt/airflow/dags/01_data_fetch_mkCHtbls.py
[2025-11-27T13:36:55.477+0000] {processor.py:840} INFO - DAG(s) 'fetch_data' retrieved from /opt/airflow/dags/01_data_fetch_mkCHtbls.py
[2025-11-27T13:36:55.560+0000] {logging_mixin.py:188} INFO - [2025-11-27T13:36:55.558+0000] {dag.py:3036} INFO - Sync 1 DAGs
[2025-11-27T13:36:55.620+0000] {logging_mixin.py:188} INFO - [2025-11-27T13:36:55.619+0000] {dag.py:3823} INFO - Setting next_dagrun for fetch_data to 2025-11-27 00:00:00+00:00, run_after=2025-11-28 00:00:00+00:00
[2025-11-27T13:36:55.673+0000] {processor.py:183} INFO - Processing /opt/airflow/dags/01_data_fetch_mkCHtbls.py took 10.780 seconds
[2025-11-27T13:37:26.120+0000] {processor.py:161} INFO - Started process (PID=39331) to work on /opt/airflow/dags/01_data_fetch_mkCHtbls.py
[2025-11-27T13:37:26.132+0000] {processor.py:830} INFO - Processing file /opt/airflow/dags/01_data_fetch_mkCHtbls.py for tasks to queue
[2025-11-27T13:37:26.138+0000] {logging_mixin.py:188} INFO - [2025-11-27T13:37:26.136+0000] {dagbag.py:538} INFO - Filling up the DagBag from /opt/airflow/dags/01_data_fetch_mkCHtbls.py
[2025-11-27T13:37:33.997+0000] {processor.py:840} INFO - DAG(s) 'fetch_data' retrieved from /opt/airflow/dags/01_data_fetch_mkCHtbls.py
[2025-11-27T13:37:34.071+0000] {logging_mixin.py:188} INFO - [2025-11-27T13:37:34.070+0000] {dag.py:3036} INFO - Sync 1 DAGs
[2025-11-27T13:37:34.109+0000] {logging_mixin.py:188} INFO - [2025-11-27T13:37:34.109+0000] {dag.py:3823} INFO - Setting next_dagrun for fetch_data to 2025-11-27 00:00:00+00:00, run_after=2025-11-28 00:00:00+00:00
[2025-11-27T13:37:34.155+0000] {processor.py:183} INFO - Processing /opt/airflow/dags/01_data_fetch_mkCHtbls.py took 8.072 seconds
[2025-11-27T13:38:04.949+0000] {processor.py:161} INFO - Started process (PID=39403) to work on /opt/airflow/dags/01_data_fetch_mkCHtbls.py
[2025-11-27T13:38:04.954+0000] {processor.py:830} INFO - Processing file /opt/airflow/dags/01_data_fetch_mkCHtbls.py for tasks to queue
[2025-11-27T13:38:04.960+0000] {logging_mixin.py:188} INFO - [2025-11-27T13:38:04.958+0000] {dagbag.py:538} INFO - Filling up the DagBag from /opt/airflow/dags/01_data_fetch_mkCHtbls.py
[2025-11-27T13:38:14.049+0000] {processor.py:840} INFO - DAG(s) 'fetch_data' retrieved from /opt/airflow/dags/01_data_fetch_mkCHtbls.py
[2025-11-27T13:38:14.100+0000] {logging_mixin.py:188} INFO - [2025-11-27T13:38:14.100+0000] {dag.py:3036} INFO - Sync 1 DAGs
[2025-11-27T13:38:14.137+0000] {logging_mixin.py:188} INFO - [2025-11-27T13:38:14.137+0000] {dag.py:3823} INFO - Setting next_dagrun for fetch_data to 2025-11-27 00:00:00+00:00, run_after=2025-11-28 00:00:00+00:00
[2025-11-27T13:38:14.182+0000] {processor.py:183} INFO - Processing /opt/airflow/dags/01_data_fetch_mkCHtbls.py took 9.249 seconds
[2025-11-27T13:38:44.829+0000] {processor.py:161} INFO - Started process (PID=39478) to work on /opt/airflow/dags/01_data_fetch_mkCHtbls.py
[2025-11-27T13:38:44.833+0000] {processor.py:830} INFO - Processing file /opt/airflow/dags/01_data_fetch_mkCHtbls.py for tasks to queue
[2025-11-27T13:38:44.837+0000] {logging_mixin.py:188} INFO - [2025-11-27T13:38:44.835+0000] {dagbag.py:538} INFO - Filling up the DagBag from /opt/airflow/dags/01_data_fetch_mkCHtbls.py
[2025-11-27T13:38:53.156+0000] {processor.py:840} INFO - DAG(s) 'fetch_data' retrieved from /opt/airflow/dags/01_data_fetch_mkCHtbls.py
[2025-11-27T13:38:53.242+0000] {logging_mixin.py:188} INFO - [2025-11-27T13:38:53.240+0000] {dag.py:3036} INFO - Sync 1 DAGs
[2025-11-27T13:38:53.287+0000] {logging_mixin.py:188} INFO - [2025-11-27T13:38:53.286+0000] {dag.py:3823} INFO - Setting next_dagrun for fetch_data to 2025-11-27 00:00:00+00:00, run_after=2025-11-28 00:00:00+00:00
[2025-11-27T13:38:53.326+0000] {processor.py:183} INFO - Processing /opt/airflow/dags/01_data_fetch_mkCHtbls.py took 8.509 seconds
[2025-11-27T13:39:23.751+0000] {processor.py:161} INFO - Started process (PID=39568) to work on /opt/airflow/dags/01_data_fetch_mkCHtbls.py
[2025-11-27T13:39:23.753+0000] {processor.py:830} INFO - Processing file /opt/airflow/dags/01_data_fetch_mkCHtbls.py for tasks to queue
[2025-11-27T13:39:23.756+0000] {logging_mixin.py:188} INFO - [2025-11-27T13:39:23.754+0000] {dagbag.py:538} INFO - Filling up the DagBag from /opt/airflow/dags/01_data_fetch_mkCHtbls.py
[2025-11-27T13:39:33.933+0000] {processor.py:840} INFO - DAG(s) 'fetch_data' retrieved from /opt/airflow/dags/01_data_fetch_mkCHtbls.py
[2025-11-27T13:39:34.100+0000] {logging_mixin.py:188} INFO - [2025-11-27T13:39:34.099+0000] {dag.py:3036} INFO - Sync 1 DAGs
[2025-11-27T13:39:34.197+0000] {logging_mixin.py:188} INFO - [2025-11-27T13:39:34.197+0000] {dag.py:3823} INFO - Setting next_dagrun for fetch_data to 2025-11-27 00:00:00+00:00, run_after=2025-11-28 00:00:00+00:00
[2025-11-27T13:39:34.296+0000] {processor.py:183} INFO - Processing /opt/airflow/dags/01_data_fetch_mkCHtbls.py took 10.554 seconds
[2025-11-27T13:40:04.763+0000] {processor.py:161} INFO - Started process (PID=39638) to work on /opt/airflow/dags/01_data_fetch_mkCHtbls.py
[2025-11-27T13:40:04.767+0000] {processor.py:830} INFO - Processing file /opt/airflow/dags/01_data_fetch_mkCHtbls.py for tasks to queue
[2025-11-27T13:40:04.772+0000] {logging_mixin.py:188} INFO - [2025-11-27T13:40:04.770+0000] {dagbag.py:538} INFO - Filling up the DagBag from /opt/airflow/dags/01_data_fetch_mkCHtbls.py
[2025-11-27T13:40:13.602+0000] {processor.py:840} INFO - DAG(s) 'fetch_data' retrieved from /opt/airflow/dags/01_data_fetch_mkCHtbls.py
[2025-11-27T13:40:13.714+0000] {logging_mixin.py:188} INFO - [2025-11-27T13:40:13.711+0000] {dag.py:3036} INFO - Sync 1 DAGs
[2025-11-27T13:40:13.802+0000] {logging_mixin.py:188} INFO - [2025-11-27T13:40:13.801+0000] {dag.py:3823} INFO - Setting next_dagrun for fetch_data to 2025-11-27 00:00:00+00:00, run_after=2025-11-28 00:00:00+00:00
[2025-11-27T13:40:13.876+0000] {processor.py:183} INFO - Processing /opt/airflow/dags/01_data_fetch_mkCHtbls.py took 9.126 seconds
[2025-11-27T13:40:44.482+0000] {processor.py:161} INFO - Started process (PID=39734) to work on /opt/airflow/dags/01_data_fetch_mkCHtbls.py
[2025-11-27T13:40:44.486+0000] {processor.py:830} INFO - Processing file /opt/airflow/dags/01_data_fetch_mkCHtbls.py for tasks to queue
[2025-11-27T13:40:44.492+0000] {logging_mixin.py:188} INFO - [2025-11-27T13:40:44.489+0000] {dagbag.py:538} INFO - Filling up the DagBag from /opt/airflow/dags/01_data_fetch_mkCHtbls.py
[2025-11-27T13:40:55.196+0000] {processor.py:840} INFO - DAG(s) 'fetch_data' retrieved from /opt/airflow/dags/01_data_fetch_mkCHtbls.py
[2025-11-27T13:40:55.261+0000] {logging_mixin.py:188} INFO - [2025-11-27T13:40:55.259+0000] {dag.py:3036} INFO - Sync 1 DAGs
[2025-11-27T13:40:55.300+0000] {logging_mixin.py:188} INFO - [2025-11-27T13:40:55.299+0000] {dag.py:3823} INFO - Setting next_dagrun for fetch_data to 2025-11-27 00:00:00+00:00, run_after=2025-11-28 00:00:00+00:00
[2025-11-27T13:40:55.342+0000] {processor.py:183} INFO - Processing /opt/airflow/dags/01_data_fetch_mkCHtbls.py took 10.882 seconds
[2025-11-27T13:41:25.503+0000] {processor.py:161} INFO - Started process (PID=39824) to work on /opt/airflow/dags/01_data_fetch_mkCHtbls.py
[2025-11-27T13:41:25.506+0000] {processor.py:830} INFO - Processing file /opt/airflow/dags/01_data_fetch_mkCHtbls.py for tasks to queue
[2025-11-27T13:41:25.508+0000] {logging_mixin.py:188} INFO - [2025-11-27T13:41:25.507+0000] {dagbag.py:538} INFO - Filling up the DagBag from /opt/airflow/dags/01_data_fetch_mkCHtbls.py
[2025-11-27T13:41:32.936+0000] {processor.py:840} INFO - DAG(s) 'fetch_data' retrieved from /opt/airflow/dags/01_data_fetch_mkCHtbls.py
[2025-11-27T13:41:33.031+0000] {logging_mixin.py:188} INFO - [2025-11-27T13:41:33.028+0000] {dag.py:3036} INFO - Sync 1 DAGs
[2025-11-27T13:41:33.092+0000] {logging_mixin.py:188} INFO - [2025-11-27T13:41:33.091+0000] {dag.py:3823} INFO - Setting next_dagrun for fetch_data to 2025-11-27 00:00:00+00:00, run_after=2025-11-28 00:00:00+00:00
[2025-11-27T13:41:33.140+0000] {processor.py:183} INFO - Processing /opt/airflow/dags/01_data_fetch_mkCHtbls.py took 7.643 seconds
[2025-11-27T13:42:03.733+0000] {processor.py:161} INFO - Started process (PID=39894) to work on /opt/airflow/dags/01_data_fetch_mkCHtbls.py
[2025-11-27T13:42:03.737+0000] {processor.py:830} INFO - Processing file /opt/airflow/dags/01_data_fetch_mkCHtbls.py for tasks to queue
[2025-11-27T13:42:03.740+0000] {logging_mixin.py:188} INFO - [2025-11-27T13:42:03.738+0000] {dagbag.py:538} INFO - Filling up the DagBag from /opt/airflow/dags/01_data_fetch_mkCHtbls.py
[2025-11-27T13:42:11.412+0000] {processor.py:840} INFO - DAG(s) 'fetch_data' retrieved from /opt/airflow/dags/01_data_fetch_mkCHtbls.py
[2025-11-27T13:42:11.504+0000] {logging_mixin.py:188} INFO - [2025-11-27T13:42:11.502+0000] {dag.py:3036} INFO - Sync 1 DAGs
[2025-11-27T13:42:11.564+0000] {logging_mixin.py:188} INFO - [2025-11-27T13:42:11.563+0000] {dag.py:3823} INFO - Setting next_dagrun for fetch_data to 2025-11-27 00:00:00+00:00, run_after=2025-11-28 00:00:00+00:00
[2025-11-27T13:42:11.622+0000] {processor.py:183} INFO - Processing /opt/airflow/dags/01_data_fetch_mkCHtbls.py took 7.901 seconds
[2025-11-27T13:42:41.832+0000] {processor.py:161} INFO - Started process (PID=39964) to work on /opt/airflow/dags/01_data_fetch_mkCHtbls.py
[2025-11-27T13:42:41.835+0000] {processor.py:830} INFO - Processing file /opt/airflow/dags/01_data_fetch_mkCHtbls.py for tasks to queue
[2025-11-27T13:42:41.838+0000] {logging_mixin.py:188} INFO - [2025-11-27T13:42:41.836+0000] {dagbag.py:538} INFO - Filling up the DagBag from /opt/airflow/dags/01_data_fetch_mkCHtbls.py
[2025-11-27T13:42:50.453+0000] {processor.py:840} INFO - DAG(s) 'fetch_data' retrieved from /opt/airflow/dags/01_data_fetch_mkCHtbls.py
[2025-11-27T13:42:50.581+0000] {logging_mixin.py:188} INFO - [2025-11-27T13:42:50.578+0000] {dag.py:3036} INFO - Sync 1 DAGs
[2025-11-27T13:42:50.626+0000] {logging_mixin.py:188} INFO - [2025-11-27T13:42:50.626+0000] {dag.py:3823} INFO - Setting next_dagrun for fetch_data to 2025-11-27 00:00:00+00:00, run_after=2025-11-28 00:00:00+00:00
[2025-11-27T13:42:50.680+0000] {processor.py:183} INFO - Processing /opt/airflow/dags/01_data_fetch_mkCHtbls.py took 8.857 seconds
[2025-11-27T13:43:21.399+0000] {processor.py:161} INFO - Started process (PID=40060) to work on /opt/airflow/dags/01_data_fetch_mkCHtbls.py
[2025-11-27T13:43:21.401+0000] {processor.py:830} INFO - Processing file /opt/airflow/dags/01_data_fetch_mkCHtbls.py for tasks to queue
[2025-11-27T13:43:21.403+0000] {logging_mixin.py:188} INFO - [2025-11-27T13:43:21.402+0000] {dagbag.py:538} INFO - Filling up the DagBag from /opt/airflow/dags/01_data_fetch_mkCHtbls.py
[2025-11-27T13:43:29.551+0000] {processor.py:840} INFO - DAG(s) 'fetch_data' retrieved from /opt/airflow/dags/01_data_fetch_mkCHtbls.py
[2025-11-27T13:43:29.633+0000] {logging_mixin.py:188} INFO - [2025-11-27T13:43:29.629+0000] {dag.py:3036} INFO - Sync 1 DAGs
[2025-11-27T13:43:29.681+0000] {logging_mixin.py:188} INFO - [2025-11-27T13:43:29.680+0000] {dag.py:3823} INFO - Setting next_dagrun for fetch_data to 2025-11-27 00:00:00+00:00, run_after=2025-11-28 00:00:00+00:00
[2025-11-27T13:43:29.732+0000] {processor.py:183} INFO - Processing /opt/airflow/dags/01_data_fetch_mkCHtbls.py took 8.341 seconds
[2025-11-27T13:43:59.809+0000] {processor.py:161} INFO - Started process (PID=40150) to work on /opt/airflow/dags/01_data_fetch_mkCHtbls.py
[2025-11-27T13:43:59.812+0000] {processor.py:830} INFO - Processing file /opt/airflow/dags/01_data_fetch_mkCHtbls.py for tasks to queue
[2025-11-27T13:43:59.815+0000] {logging_mixin.py:188} INFO - [2025-11-27T13:43:59.813+0000] {dagbag.py:538} INFO - Filling up the DagBag from /opt/airflow/dags/01_data_fetch_mkCHtbls.py
[2025-11-27T13:44:06.615+0000] {processor.py:840} INFO - DAG(s) 'fetch_data' retrieved from /opt/airflow/dags/01_data_fetch_mkCHtbls.py
[2025-11-27T13:44:06.730+0000] {logging_mixin.py:188} INFO - [2025-11-27T13:44:06.728+0000] {dag.py:3036} INFO - Sync 1 DAGs
[2025-11-27T13:44:06.791+0000] {logging_mixin.py:188} INFO - [2025-11-27T13:44:06.791+0000] {dag.py:3823} INFO - Setting next_dagrun for fetch_data to 2025-11-27 00:00:00+00:00, run_after=2025-11-28 00:00:00+00:00
[2025-11-27T13:44:06.851+0000] {processor.py:183} INFO - Processing /opt/airflow/dags/01_data_fetch_mkCHtbls.py took 7.051 seconds
[2025-11-27T13:44:36.989+0000] {processor.py:161} INFO - Started process (PID=40220) to work on /opt/airflow/dags/01_data_fetch_mkCHtbls.py
[2025-11-27T13:44:36.991+0000] {processor.py:830} INFO - Processing file /opt/airflow/dags/01_data_fetch_mkCHtbls.py for tasks to queue
[2025-11-27T13:44:36.994+0000] {logging_mixin.py:188} INFO - [2025-11-27T13:44:36.992+0000] {dagbag.py:538} INFO - Filling up the DagBag from /opt/airflow/dags/01_data_fetch_mkCHtbls.py
[2025-11-27T13:44:44.513+0000] {processor.py:840} INFO - DAG(s) 'fetch_data' retrieved from /opt/airflow/dags/01_data_fetch_mkCHtbls.py
[2025-11-27T13:44:44.598+0000] {logging_mixin.py:188} INFO - [2025-11-27T13:44:44.595+0000] {dag.py:3036} INFO - Sync 1 DAGs
[2025-11-27T13:44:44.864+0000] {logging_mixin.py:188} INFO - [2025-11-27T13:44:44.863+0000] {dag.py:3823} INFO - Setting next_dagrun for fetch_data to 2025-11-27 00:00:00+00:00, run_after=2025-11-28 00:00:00+00:00
[2025-11-27T13:44:44.902+0000] {processor.py:183} INFO - Processing /opt/airflow/dags/01_data_fetch_mkCHtbls.py took 7.923 seconds
[2025-11-27T13:45:15.754+0000] {processor.py:161} INFO - Started process (PID=40290) to work on /opt/airflow/dags/01_data_fetch_mkCHtbls.py
[2025-11-27T13:45:15.758+0000] {processor.py:830} INFO - Processing file /opt/airflow/dags/01_data_fetch_mkCHtbls.py for tasks to queue
[2025-11-27T13:45:15.762+0000] {logging_mixin.py:188} INFO - [2025-11-27T13:45:15.760+0000] {dagbag.py:538} INFO - Filling up the DagBag from /opt/airflow/dags/01_data_fetch_mkCHtbls.py
[2025-11-27T13:45:23.595+0000] {processor.py:840} INFO - DAG(s) 'fetch_data' retrieved from /opt/airflow/dags/01_data_fetch_mkCHtbls.py
[2025-11-27T13:45:23.675+0000] {logging_mixin.py:188} INFO - [2025-11-27T13:45:23.672+0000] {dag.py:3036} INFO - Sync 1 DAGs
[2025-11-27T13:45:23.715+0000] {logging_mixin.py:188} INFO - [2025-11-27T13:45:23.714+0000] {dag.py:3823} INFO - Setting next_dagrun for fetch_data to 2025-11-27 00:00:00+00:00, run_after=2025-11-28 00:00:00+00:00
[2025-11-27T13:45:23.764+0000] {processor.py:183} INFO - Processing /opt/airflow/dags/01_data_fetch_mkCHtbls.py took 8.022 seconds
[2025-11-27T13:45:54.104+0000] {processor.py:161} INFO - Started process (PID=40365) to work on /opt/airflow/dags/01_data_fetch_mkCHtbls.py
[2025-11-27T13:45:54.106+0000] {processor.py:830} INFO - Processing file /opt/airflow/dags/01_data_fetch_mkCHtbls.py for tasks to queue
[2025-11-27T13:45:54.109+0000] {logging_mixin.py:188} INFO - [2025-11-27T13:45:54.107+0000] {dagbag.py:538} INFO - Filling up the DagBag from /opt/airflow/dags/01_data_fetch_mkCHtbls.py
[2025-11-27T13:46:02.151+0000] {processor.py:840} INFO - DAG(s) 'fetch_data' retrieved from /opt/airflow/dags/01_data_fetch_mkCHtbls.py
[2025-11-27T13:46:02.248+0000] {logging_mixin.py:188} INFO - [2025-11-27T13:46:02.247+0000] {dag.py:3036} INFO - Sync 1 DAGs
[2025-11-27T13:46:02.767+0000] {logging_mixin.py:188} INFO - [2025-11-27T13:46:02.759+0000] {dag.py:3823} INFO - Setting next_dagrun for fetch_data to 2025-11-27 00:00:00+00:00, run_after=2025-11-28 00:00:00+00:00
[2025-11-27T13:46:02.884+0000] {processor.py:183} INFO - Processing /opt/airflow/dags/01_data_fetch_mkCHtbls.py took 8.791 seconds
[2025-11-27T13:46:33.588+0000] {processor.py:161} INFO - Started process (PID=40476) to work on /opt/airflow/dags/01_data_fetch_mkCHtbls.py
[2025-11-27T13:46:33.590+0000] {processor.py:830} INFO - Processing file /opt/airflow/dags/01_data_fetch_mkCHtbls.py for tasks to queue
[2025-11-27T13:46:33.593+0000] {logging_mixin.py:188} INFO - [2025-11-27T13:46:33.592+0000] {dagbag.py:538} INFO - Filling up the DagBag from /opt/airflow/dags/01_data_fetch_mkCHtbls.py
[2025-11-27T13:46:41.392+0000] {processor.py:840} INFO - DAG(s) 'fetch_data' retrieved from /opt/airflow/dags/01_data_fetch_mkCHtbls.py
[2025-11-27T13:46:41.572+0000] {logging_mixin.py:188} INFO - [2025-11-27T13:46:41.570+0000] {dag.py:3036} INFO - Sync 1 DAGs
[2025-11-27T13:46:41.623+0000] {logging_mixin.py:188} INFO - [2025-11-27T13:46:41.623+0000] {dag.py:3823} INFO - Setting next_dagrun for fetch_data to 2025-11-27 00:00:00+00:00, run_after=2025-11-28 00:00:00+00:00
[2025-11-27T13:46:41.673+0000] {processor.py:183} INFO - Processing /opt/airflow/dags/01_data_fetch_mkCHtbls.py took 8.092 seconds
[2025-11-27T13:47:12.250+0000] {processor.py:161} INFO - Started process (PID=40546) to work on /opt/airflow/dags/01_data_fetch_mkCHtbls.py
[2025-11-27T13:47:12.252+0000] {processor.py:830} INFO - Processing file /opt/airflow/dags/01_data_fetch_mkCHtbls.py for tasks to queue
[2025-11-27T13:47:12.255+0000] {logging_mixin.py:188} INFO - [2025-11-27T13:47:12.253+0000] {dagbag.py:538} INFO - Filling up the DagBag from /opt/airflow/dags/01_data_fetch_mkCHtbls.py
[2025-11-27T13:47:19.965+0000] {processor.py:840} INFO - DAG(s) 'fetch_data' retrieved from /opt/airflow/dags/01_data_fetch_mkCHtbls.py
[2025-11-27T13:47:20.125+0000] {logging_mixin.py:188} INFO - [2025-11-27T13:47:20.121+0000] {dag.py:3036} INFO - Sync 1 DAGs
[2025-11-27T13:47:20.671+0000] {logging_mixin.py:188} INFO - [2025-11-27T13:47:20.670+0000] {dag.py:3823} INFO - Setting next_dagrun for fetch_data to 2025-11-27 00:00:00+00:00, run_after=2025-11-28 00:00:00+00:00
[2025-11-27T13:47:20.743+0000] {processor.py:183} INFO - Processing /opt/airflow/dags/01_data_fetch_mkCHtbls.py took 8.502 seconds
[2025-11-27T13:47:51.177+0000] {processor.py:161} INFO - Started process (PID=40616) to work on /opt/airflow/dags/01_data_fetch_mkCHtbls.py
[2025-11-27T13:47:51.181+0000] {processor.py:830} INFO - Processing file /opt/airflow/dags/01_data_fetch_mkCHtbls.py for tasks to queue
[2025-11-27T13:47:51.185+0000] {logging_mixin.py:188} INFO - [2025-11-27T13:47:51.183+0000] {dagbag.py:538} INFO - Filling up the DagBag from /opt/airflow/dags/01_data_fetch_mkCHtbls.py
[2025-11-27T13:47:59.279+0000] {processor.py:840} INFO - DAG(s) 'fetch_data' retrieved from /opt/airflow/dags/01_data_fetch_mkCHtbls.py
[2025-11-27T13:47:59.826+0000] {logging_mixin.py:188} INFO - [2025-11-27T13:47:59.822+0000] {dag.py:3036} INFO - Sync 1 DAGs
[2025-11-27T13:47:59.875+0000] {logging_mixin.py:188} INFO - [2025-11-27T13:47:59.875+0000] {dag.py:3823} INFO - Setting next_dagrun for fetch_data to 2025-11-27 00:00:00+00:00, run_after=2025-11-28 00:00:00+00:00
[2025-11-27T13:47:59.925+0000] {processor.py:183} INFO - Processing /opt/airflow/dags/01_data_fetch_mkCHtbls.py took 8.756 seconds
[2025-11-27T13:48:30.043+0000] {processor.py:161} INFO - Started process (PID=40691) to work on /opt/airflow/dags/01_data_fetch_mkCHtbls.py
[2025-11-27T13:48:30.045+0000] {processor.py:830} INFO - Processing file /opt/airflow/dags/01_data_fetch_mkCHtbls.py for tasks to queue
[2025-11-27T13:48:30.047+0000] {logging_mixin.py:188} INFO - [2025-11-27T13:48:30.046+0000] {dagbag.py:538} INFO - Filling up the DagBag from /opt/airflow/dags/01_data_fetch_mkCHtbls.py
[2025-11-27T13:48:37.184+0000] {processor.py:840} INFO - DAG(s) 'fetch_data' retrieved from /opt/airflow/dags/01_data_fetch_mkCHtbls.py
[2025-11-27T13:48:37.255+0000] {logging_mixin.py:188} INFO - [2025-11-27T13:48:37.254+0000] {dag.py:3036} INFO - Sync 1 DAGs
[2025-11-27T13:48:37.301+0000] {logging_mixin.py:188} INFO - [2025-11-27T13:48:37.300+0000] {dag.py:3823} INFO - Setting next_dagrun for fetch_data to 2025-11-27 00:00:00+00:00, run_after=2025-11-28 00:00:00+00:00
[2025-11-27T13:48:37.353+0000] {processor.py:183} INFO - Processing /opt/airflow/dags/01_data_fetch_mkCHtbls.py took 7.317 seconds
[2025-11-27T13:49:07.547+0000] {processor.py:161} INFO - Started process (PID=40781) to work on /opt/airflow/dags/01_data_fetch_mkCHtbls.py
[2025-11-27T13:49:07.549+0000] {processor.py:830} INFO - Processing file /opt/airflow/dags/01_data_fetch_mkCHtbls.py for tasks to queue
[2025-11-27T13:49:07.552+0000] {logging_mixin.py:188} INFO - [2025-11-27T13:49:07.551+0000] {dagbag.py:538} INFO - Filling up the DagBag from /opt/airflow/dags/01_data_fetch_mkCHtbls.py
[2025-11-27T13:49:14.660+0000] {processor.py:840} INFO - DAG(s) 'fetch_data' retrieved from /opt/airflow/dags/01_data_fetch_mkCHtbls.py
[2025-11-27T13:49:14.738+0000] {logging_mixin.py:188} INFO - [2025-11-27T13:49:14.736+0000] {dag.py:3036} INFO - Sync 1 DAGs
[2025-11-27T13:49:15.004+0000] {logging_mixin.py:188} INFO - [2025-11-27T13:49:15.004+0000] {dag.py:3823} INFO - Setting next_dagrun for fetch_data to 2025-11-27 00:00:00+00:00, run_after=2025-11-28 00:00:00+00:00
[2025-11-27T13:49:15.044+0000] {processor.py:183} INFO - Processing /opt/airflow/dags/01_data_fetch_mkCHtbls.py took 7.506 seconds
[2025-11-27T13:49:45.437+0000] {processor.py:161} INFO - Started process (PID=40872) to work on /opt/airflow/dags/01_data_fetch_mkCHtbls.py
[2025-11-27T13:49:45.440+0000] {processor.py:830} INFO - Processing file /opt/airflow/dags/01_data_fetch_mkCHtbls.py for tasks to queue
[2025-11-27T13:49:45.443+0000] {logging_mixin.py:188} INFO - [2025-11-27T13:49:45.442+0000] {dagbag.py:538} INFO - Filling up the DagBag from /opt/airflow/dags/01_data_fetch_mkCHtbls.py
[2025-11-27T13:49:53.048+0000] {processor.py:840} INFO - DAG(s) 'fetch_data' retrieved from /opt/airflow/dags/01_data_fetch_mkCHtbls.py
[2025-11-27T13:49:53.142+0000] {logging_mixin.py:188} INFO - [2025-11-27T13:49:53.140+0000] {dag.py:3036} INFO - Sync 1 DAGs
[2025-11-27T13:49:53.195+0000] {logging_mixin.py:188} INFO - [2025-11-27T13:49:53.194+0000] {dag.py:3823} INFO - Setting next_dagrun for fetch_data to 2025-11-27 00:00:00+00:00, run_after=2025-11-28 00:00:00+00:00
[2025-11-27T13:49:53.228+0000] {processor.py:183} INFO - Processing /opt/airflow/dags/01_data_fetch_mkCHtbls.py took 7.802 seconds
[2025-11-27T13:50:23.890+0000] {processor.py:161} INFO - Started process (PID=40942) to work on /opt/airflow/dags/01_data_fetch_mkCHtbls.py
[2025-11-27T13:50:23.893+0000] {processor.py:830} INFO - Processing file /opt/airflow/dags/01_data_fetch_mkCHtbls.py for tasks to queue
[2025-11-27T13:50:23.896+0000] {logging_mixin.py:188} INFO - [2025-11-27T13:50:23.894+0000] {dagbag.py:538} INFO - Filling up the DagBag from /opt/airflow/dags/01_data_fetch_mkCHtbls.py
[2025-11-27T13:50:32.160+0000] {processor.py:840} INFO - DAG(s) 'fetch_data' retrieved from /opt/airflow/dags/01_data_fetch_mkCHtbls.py
[2025-11-27T13:50:32.245+0000] {logging_mixin.py:188} INFO - [2025-11-27T13:50:32.242+0000] {dag.py:3036} INFO - Sync 1 DAGs
[2025-11-27T13:50:32.517+0000] {logging_mixin.py:188} INFO - [2025-11-27T13:50:32.516+0000] {dag.py:3823} INFO - Setting next_dagrun for fetch_data to 2025-11-27 00:00:00+00:00, run_after=2025-11-28 00:00:00+00:00
[2025-11-27T13:50:32.556+0000] {processor.py:183} INFO - Processing /opt/airflow/dags/01_data_fetch_mkCHtbls.py took 8.674 seconds
[2025-11-27T13:51:02.968+0000] {processor.py:161} INFO - Started process (PID=41017) to work on /opt/airflow/dags/01_data_fetch_mkCHtbls.py
[2025-11-27T13:51:02.971+0000] {processor.py:830} INFO - Processing file /opt/airflow/dags/01_data_fetch_mkCHtbls.py for tasks to queue
[2025-11-27T13:51:02.974+0000] {logging_mixin.py:188} INFO - [2025-11-27T13:51:02.972+0000] {dagbag.py:538} INFO - Filling up the DagBag from /opt/airflow/dags/01_data_fetch_mkCHtbls.py
[2025-11-27T13:51:10.865+0000] {processor.py:840} INFO - DAG(s) 'fetch_data' retrieved from /opt/airflow/dags/01_data_fetch_mkCHtbls.py
[2025-11-27T13:51:10.963+0000] {logging_mixin.py:188} INFO - [2025-11-27T13:51:10.961+0000] {dag.py:3036} INFO - Sync 1 DAGs
[2025-11-27T13:51:11.021+0000] {logging_mixin.py:188} INFO - [2025-11-27T13:51:11.020+0000] {dag.py:3823} INFO - Setting next_dagrun for fetch_data to 2025-11-27 00:00:00+00:00, run_after=2025-11-28 00:00:00+00:00
[2025-11-27T13:51:11.083+0000] {processor.py:183} INFO - Processing /opt/airflow/dags/01_data_fetch_mkCHtbls.py took 8.125 seconds
[2025-11-27T13:51:41.412+0000] {processor.py:161} INFO - Started process (PID=41107) to work on /opt/airflow/dags/01_data_fetch_mkCHtbls.py
[2025-11-27T13:51:41.415+0000] {processor.py:830} INFO - Processing file /opt/airflow/dags/01_data_fetch_mkCHtbls.py for tasks to queue
[2025-11-27T13:51:41.418+0000] {logging_mixin.py:188} INFO - [2025-11-27T13:51:41.417+0000] {dagbag.py:538} INFO - Filling up the DagBag from /opt/airflow/dags/01_data_fetch_mkCHtbls.py
[2025-11-27T13:51:49.315+0000] {processor.py:840} INFO - DAG(s) 'fetch_data' retrieved from /opt/airflow/dags/01_data_fetch_mkCHtbls.py
[2025-11-27T13:51:49.442+0000] {logging_mixin.py:188} INFO - [2025-11-27T13:51:49.438+0000] {dag.py:3036} INFO - Sync 1 DAGs
[2025-11-27T13:51:49.503+0000] {logging_mixin.py:188} INFO - [2025-11-27T13:51:49.502+0000] {dag.py:3823} INFO - Setting next_dagrun for fetch_data to 2025-11-27 00:00:00+00:00, run_after=2025-11-28 00:00:00+00:00
[2025-11-27T13:51:49.569+0000] {processor.py:183} INFO - Processing /opt/airflow/dags/01_data_fetch_mkCHtbls.py took 8.171 seconds
[2025-11-27T13:52:20.285+0000] {processor.py:161} INFO - Started process (PID=41177) to work on /opt/airflow/dags/01_data_fetch_mkCHtbls.py
[2025-11-27T13:52:20.289+0000] {processor.py:830} INFO - Processing file /opt/airflow/dags/01_data_fetch_mkCHtbls.py for tasks to queue
[2025-11-27T13:52:20.294+0000] {logging_mixin.py:188} INFO - [2025-11-27T13:52:20.291+0000] {dagbag.py:538} INFO - Filling up the DagBag from /opt/airflow/dags/01_data_fetch_mkCHtbls.py
[2025-11-27T13:52:28.726+0000] {processor.py:840} INFO - DAG(s) 'fetch_data' retrieved from /opt/airflow/dags/01_data_fetch_mkCHtbls.py
[2025-11-27T13:52:29.625+0000] {logging_mixin.py:188} INFO - [2025-11-27T13:52:29.624+0000] {dag.py:3036} INFO - Sync 1 DAGs
[2025-11-27T13:52:29.683+0000] {logging_mixin.py:188} INFO - [2025-11-27T13:52:29.681+0000] {dag.py:3823} INFO - Setting next_dagrun for fetch_data to 2025-11-27 00:00:00+00:00, run_after=2025-11-28 00:00:00+00:00
[2025-11-27T13:52:29.755+0000] {processor.py:183} INFO - Processing /opt/airflow/dags/01_data_fetch_mkCHtbls.py took 9.483 seconds
[2025-11-27T13:52:59.977+0000] {processor.py:161} INFO - Started process (PID=41273) to work on /opt/airflow/dags/01_data_fetch_mkCHtbls.py
[2025-11-27T13:52:59.980+0000] {processor.py:830} INFO - Processing file /opt/airflow/dags/01_data_fetch_mkCHtbls.py for tasks to queue
[2025-11-27T13:52:59.983+0000] {logging_mixin.py:188} INFO - [2025-11-27T13:52:59.981+0000] {dagbag.py:538} INFO - Filling up the DagBag from /opt/airflow/dags/01_data_fetch_mkCHtbls.py
[2025-11-27T13:53:07.656+0000] {processor.py:840} INFO - DAG(s) 'fetch_data' retrieved from /opt/airflow/dags/01_data_fetch_mkCHtbls.py
[2025-11-27T13:53:07.748+0000] {logging_mixin.py:188} INFO - [2025-11-27T13:53:07.746+0000] {dag.py:3036} INFO - Sync 1 DAGs
[2025-11-27T13:53:07.787+0000] {logging_mixin.py:188} INFO - [2025-11-27T13:53:07.786+0000] {dag.py:3823} INFO - Setting next_dagrun for fetch_data to 2025-11-27 00:00:00+00:00, run_after=2025-11-28 00:00:00+00:00
[2025-11-27T13:53:07.845+0000] {processor.py:183} INFO - Processing /opt/airflow/dags/01_data_fetch_mkCHtbls.py took 7.872 seconds
[2025-11-27T13:53:38.048+0000] {processor.py:161} INFO - Started process (PID=41343) to work on /opt/airflow/dags/01_data_fetch_mkCHtbls.py
[2025-11-27T13:53:38.051+0000] {processor.py:830} INFO - Processing file /opt/airflow/dags/01_data_fetch_mkCHtbls.py for tasks to queue
[2025-11-27T13:53:38.054+0000] {logging_mixin.py:188} INFO - [2025-11-27T13:53:38.053+0000] {dagbag.py:538} INFO - Filling up the DagBag from /opt/airflow/dags/01_data_fetch_mkCHtbls.py
[2025-11-27T13:53:45.280+0000] {processor.py:840} INFO - DAG(s) 'fetch_data' retrieved from /opt/airflow/dags/01_data_fetch_mkCHtbls.py
[2025-11-27T13:53:45.363+0000] {logging_mixin.py:188} INFO - [2025-11-27T13:53:45.362+0000] {dag.py:3036} INFO - Sync 1 DAGs
[2025-11-27T13:53:45.655+0000] {logging_mixin.py:188} INFO - [2025-11-27T13:53:45.654+0000] {dag.py:3823} INFO - Setting next_dagrun for fetch_data to 2025-11-27 00:00:00+00:00, run_after=2025-11-28 00:00:00+00:00
[2025-11-27T13:53:45.707+0000] {processor.py:183} INFO - Processing /opt/airflow/dags/01_data_fetch_mkCHtbls.py took 7.672 seconds
[2025-11-27T13:54:16.243+0000] {processor.py:161} INFO - Started process (PID=41433) to work on /opt/airflow/dags/01_data_fetch_mkCHtbls.py
[2025-11-27T13:54:16.248+0000] {processor.py:830} INFO - Processing file /opt/airflow/dags/01_data_fetch_mkCHtbls.py for tasks to queue
[2025-11-27T13:54:16.259+0000] {logging_mixin.py:188} INFO - [2025-11-27T13:54:16.256+0000] {dagbag.py:538} INFO - Filling up the DagBag from /opt/airflow/dags/01_data_fetch_mkCHtbls.py
[2025-11-27T13:54:24.939+0000] {processor.py:840} INFO - DAG(s) 'fetch_data' retrieved from /opt/airflow/dags/01_data_fetch_mkCHtbls.py
[2025-11-27T13:54:25.045+0000] {logging_mixin.py:188} INFO - [2025-11-27T13:54:25.042+0000] {dag.py:3036} INFO - Sync 1 DAGs
[2025-11-27T13:54:25.099+0000] {logging_mixin.py:188} INFO - [2025-11-27T13:54:25.098+0000] {dag.py:3823} INFO - Setting next_dagrun for fetch_data to 2025-11-27 00:00:00+00:00, run_after=2025-11-28 00:00:00+00:00
[2025-11-27T13:54:25.152+0000] {processor.py:183} INFO - Processing /opt/airflow/dags/01_data_fetch_mkCHtbls.py took 8.927 seconds
[2025-11-27T13:54:55.388+0000] {processor.py:161} INFO - Started process (PID=41503) to work on /opt/airflow/dags/01_data_fetch_mkCHtbls.py
[2025-11-27T13:54:55.391+0000] {processor.py:830} INFO - Processing file /opt/airflow/dags/01_data_fetch_mkCHtbls.py for tasks to queue
[2025-11-27T13:54:55.396+0000] {logging_mixin.py:188} INFO - [2025-11-27T13:54:55.394+0000] {dagbag.py:538} INFO - Filling up the DagBag from /opt/airflow/dags/01_data_fetch_mkCHtbls.py
[2025-11-27T13:55:03.394+0000] {processor.py:840} INFO - DAG(s) 'fetch_data' retrieved from /opt/airflow/dags/01_data_fetch_mkCHtbls.py
[2025-11-27T13:55:03.450+0000] {logging_mixin.py:188} INFO - [2025-11-27T13:55:03.449+0000] {dag.py:3036} INFO - Sync 1 DAGs
[2025-11-27T13:55:03.491+0000] {logging_mixin.py:188} INFO - [2025-11-27T13:55:03.490+0000] {dag.py:3823} INFO - Setting next_dagrun for fetch_data to 2025-11-27 00:00:00+00:00, run_after=2025-11-28 00:00:00+00:00
[2025-11-27T13:55:03.538+0000] {processor.py:183} INFO - Processing /opt/airflow/dags/01_data_fetch_mkCHtbls.py took 8.162 seconds
[2025-11-27T13:55:33.878+0000] {processor.py:161} INFO - Started process (PID=41599) to work on /opt/airflow/dags/01_data_fetch_mkCHtbls.py
[2025-11-27T13:55:33.882+0000] {processor.py:830} INFO - Processing file /opt/airflow/dags/01_data_fetch_mkCHtbls.py for tasks to queue
[2025-11-27T13:55:33.887+0000] {logging_mixin.py:188} INFO - [2025-11-27T13:55:33.886+0000] {dagbag.py:538} INFO - Filling up the DagBag from /opt/airflow/dags/01_data_fetch_mkCHtbls.py
[2025-11-27T13:55:44.819+0000] {processor.py:840} INFO - DAG(s) 'fetch_data' retrieved from /opt/airflow/dags/01_data_fetch_mkCHtbls.py
[2025-11-27T13:55:44.922+0000] {logging_mixin.py:188} INFO - [2025-11-27T13:55:44.918+0000] {dag.py:3036} INFO - Sync 1 DAGs
[2025-11-27T13:55:44.963+0000] {logging_mixin.py:188} INFO - [2025-11-27T13:55:44.962+0000] {dag.py:3823} INFO - Setting next_dagrun for fetch_data to 2025-11-27 00:00:00+00:00, run_after=2025-11-28 00:00:00+00:00
[2025-11-27T13:55:45.011+0000] {processor.py:183} INFO - Processing /opt/airflow/dags/01_data_fetch_mkCHtbls.py took 11.146 seconds
[2025-11-27T13:56:15.445+0000] {processor.py:161} INFO - Started process (PID=41669) to work on /opt/airflow/dags/01_data_fetch_mkCHtbls.py
[2025-11-27T13:56:15.449+0000] {processor.py:830} INFO - Processing file /opt/airflow/dags/01_data_fetch_mkCHtbls.py for tasks to queue
[2025-11-27T13:56:15.452+0000] {logging_mixin.py:188} INFO - [2025-11-27T13:56:15.451+0000] {dagbag.py:538} INFO - Filling up the DagBag from /opt/airflow/dags/01_data_fetch_mkCHtbls.py
[2025-11-27T13:56:23.174+0000] {processor.py:840} INFO - DAG(s) 'fetch_data' retrieved from /opt/airflow/dags/01_data_fetch_mkCHtbls.py
[2025-11-27T13:56:23.221+0000] {logging_mixin.py:188} INFO - [2025-11-27T13:56:23.221+0000] {dag.py:3036} INFO - Sync 1 DAGs
[2025-11-27T13:56:23.257+0000] {logging_mixin.py:188} INFO - [2025-11-27T13:56:23.256+0000] {dag.py:3823} INFO - Setting next_dagrun for fetch_data to 2025-11-27 00:00:00+00:00, run_after=2025-11-28 00:00:00+00:00
[2025-11-27T13:56:23.302+0000] {processor.py:183} INFO - Processing /opt/airflow/dags/01_data_fetch_mkCHtbls.py took 7.866 seconds
[2025-11-27T13:56:53.481+0000] {processor.py:161} INFO - Started process (PID=41759) to work on /opt/airflow/dags/01_data_fetch_mkCHtbls.py
[2025-11-27T13:56:53.483+0000] {processor.py:830} INFO - Processing file /opt/airflow/dags/01_data_fetch_mkCHtbls.py for tasks to queue
[2025-11-27T13:56:53.486+0000] {logging_mixin.py:188} INFO - [2025-11-27T13:56:53.485+0000] {dagbag.py:538} INFO - Filling up the DagBag from /opt/airflow/dags/01_data_fetch_mkCHtbls.py
[2025-11-27T13:57:01.102+0000] {processor.py:840} INFO - DAG(s) 'fetch_data' retrieved from /opt/airflow/dags/01_data_fetch_mkCHtbls.py
[2025-11-27T13:57:01.187+0000] {logging_mixin.py:188} INFO - [2025-11-27T13:57:01.185+0000] {dag.py:3036} INFO - Sync 1 DAGs
[2025-11-27T13:57:01.225+0000] {logging_mixin.py:188} INFO - [2025-11-27T13:57:01.225+0000] {dag.py:3823} INFO - Setting next_dagrun for fetch_data to 2025-11-27 00:00:00+00:00, run_after=2025-11-28 00:00:00+00:00
[2025-11-27T13:57:01.273+0000] {processor.py:183} INFO - Processing /opt/airflow/dags/01_data_fetch_mkCHtbls.py took 7.798 seconds
[2025-11-27T13:57:31.807+0000] {processor.py:161} INFO - Started process (PID=41829) to work on /opt/airflow/dags/01_data_fetch_mkCHtbls.py
[2025-11-27T13:57:31.809+0000] {processor.py:830} INFO - Processing file /opt/airflow/dags/01_data_fetch_mkCHtbls.py for tasks to queue
[2025-11-27T13:57:31.812+0000] {logging_mixin.py:188} INFO - [2025-11-27T13:57:31.811+0000] {dagbag.py:538} INFO - Filling up the DagBag from /opt/airflow/dags/01_data_fetch_mkCHtbls.py
[2025-11-27T13:57:41.002+0000] {processor.py:840} INFO - DAG(s) 'fetch_data' retrieved from /opt/airflow/dags/01_data_fetch_mkCHtbls.py
[2025-11-27T13:57:41.271+0000] {logging_mixin.py:188} INFO - [2025-11-27T13:57:41.263+0000] {dag.py:3036} INFO - Sync 1 DAGs
[2025-11-27T13:57:41.400+0000] {logging_mixin.py:188} INFO - [2025-11-27T13:57:41.398+0000] {dag.py:3823} INFO - Setting next_dagrun for fetch_data to 2025-11-27 00:00:00+00:00, run_after=2025-11-28 00:00:00+00:00
[2025-11-27T13:57:41.522+0000] {processor.py:183} INFO - Processing /opt/airflow/dags/01_data_fetch_mkCHtbls.py took 9.724 seconds
[2025-11-27T13:58:12.042+0000] {processor.py:161} INFO - Started process (PID=41904) to work on /opt/airflow/dags/01_data_fetch_mkCHtbls.py
[2025-11-27T13:58:12.044+0000] {processor.py:830} INFO - Processing file /opt/airflow/dags/01_data_fetch_mkCHtbls.py for tasks to queue
[2025-11-27T13:58:12.046+0000] {logging_mixin.py:188} INFO - [2025-11-27T13:58:12.046+0000] {dagbag.py:538} INFO - Filling up the DagBag from /opt/airflow/dags/01_data_fetch_mkCHtbls.py
[2025-11-27T13:58:21.874+0000] {processor.py:840} INFO - DAG(s) 'fetch_data' retrieved from /opt/airflow/dags/01_data_fetch_mkCHtbls.py
[2025-11-27T13:58:21.958+0000] {logging_mixin.py:188} INFO - [2025-11-27T13:58:21.955+0000] {dag.py:3036} INFO - Sync 1 DAGs
[2025-11-27T13:58:22.000+0000] {logging_mixin.py:188} INFO - [2025-11-27T13:58:21.999+0000] {dag.py:3823} INFO - Setting next_dagrun for fetch_data to 2025-11-27 00:00:00+00:00, run_after=2025-11-28 00:00:00+00:00
[2025-11-27T13:58:22.047+0000] {processor.py:183} INFO - Processing /opt/airflow/dags/01_data_fetch_mkCHtbls.py took 10.013 seconds
[2025-11-27T13:58:52.953+0000] {processor.py:161} INFO - Started process (PID=41995) to work on /opt/airflow/dags/01_data_fetch_mkCHtbls.py
[2025-11-27T13:58:52.955+0000] {processor.py:830} INFO - Processing file /opt/airflow/dags/01_data_fetch_mkCHtbls.py for tasks to queue
[2025-11-27T13:58:52.957+0000] {logging_mixin.py:188} INFO - [2025-11-27T13:58:52.957+0000] {dagbag.py:538} INFO - Filling up the DagBag from /opt/airflow/dags/01_data_fetch_mkCHtbls.py
[2025-11-27T13:59:00.530+0000] {processor.py:840} INFO - DAG(s) 'fetch_data' retrieved from /opt/airflow/dags/01_data_fetch_mkCHtbls.py
[2025-11-27T13:59:00.588+0000] {logging_mixin.py:188} INFO - [2025-11-27T13:59:00.587+0000] {dag.py:3036} INFO - Sync 1 DAGs
[2025-11-27T13:59:00.623+0000] {logging_mixin.py:188} INFO - [2025-11-27T13:59:00.622+0000] {dag.py:3823} INFO - Setting next_dagrun for fetch_data to 2025-11-27 00:00:00+00:00, run_after=2025-11-28 00:00:00+00:00
[2025-11-27T13:59:00.665+0000] {processor.py:183} INFO - Processing /opt/airflow/dags/01_data_fetch_mkCHtbls.py took 7.716 seconds
[2025-11-27T13:59:31.070+0000] {processor.py:161} INFO - Started process (PID=42085) to work on /opt/airflow/dags/01_data_fetch_mkCHtbls.py
[2025-11-27T13:59:31.073+0000] {processor.py:830} INFO - Processing file /opt/airflow/dags/01_data_fetch_mkCHtbls.py for tasks to queue
[2025-11-27T13:59:31.077+0000] {logging_mixin.py:188} INFO - [2025-11-27T13:59:31.075+0000] {dagbag.py:538} INFO - Filling up the DagBag from /opt/airflow/dags/01_data_fetch_mkCHtbls.py
[2025-11-27T13:59:38.205+0000] {processor.py:840} INFO - DAG(s) 'fetch_data' retrieved from /opt/airflow/dags/01_data_fetch_mkCHtbls.py
[2025-11-27T13:59:38.334+0000] {logging_mixin.py:188} INFO - [2025-11-27T13:59:38.332+0000] {dag.py:3036} INFO - Sync 1 DAGs
[2025-11-27T13:59:38.379+0000] {logging_mixin.py:188} INFO - [2025-11-27T13:59:38.379+0000] {dag.py:3823} INFO - Setting next_dagrun for fetch_data to 2025-11-27 00:00:00+00:00, run_after=2025-11-28 00:00:00+00:00
[2025-11-27T13:59:38.438+0000] {processor.py:183} INFO - Processing /opt/airflow/dags/01_data_fetch_mkCHtbls.py took 7.378 seconds
[2025-11-27T14:00:08.646+0000] {processor.py:161} INFO - Started process (PID=42155) to work on /opt/airflow/dags/01_data_fetch_mkCHtbls.py
[2025-11-27T14:00:08.649+0000] {processor.py:830} INFO - Processing file /opt/airflow/dags/01_data_fetch_mkCHtbls.py for tasks to queue
[2025-11-27T14:00:08.653+0000] {logging_mixin.py:188} INFO - [2025-11-27T14:00:08.651+0000] {dagbag.py:538} INFO - Filling up the DagBag from /opt/airflow/dags/01_data_fetch_mkCHtbls.py
[2025-11-27T14:00:15.742+0000] {processor.py:840} INFO - DAG(s) 'fetch_data' retrieved from /opt/airflow/dags/01_data_fetch_mkCHtbls.py
[2025-11-27T14:00:15.821+0000] {logging_mixin.py:188} INFO - [2025-11-27T14:00:15.819+0000] {dag.py:3036} INFO - Sync 1 DAGs
[2025-11-27T14:00:15.856+0000] {logging_mixin.py:188} INFO - [2025-11-27T14:00:15.856+0000] {dag.py:3823} INFO - Setting next_dagrun for fetch_data to 2025-11-27 00:00:00+00:00, run_after=2025-11-28 00:00:00+00:00
[2025-11-27T14:00:15.904+0000] {processor.py:183} INFO - Processing /opt/airflow/dags/01_data_fetch_mkCHtbls.py took 7.271 seconds
[2025-11-27T14:00:46.444+0000] {processor.py:161} INFO - Started process (PID=42230) to work on /opt/airflow/dags/01_data_fetch_mkCHtbls.py
[2025-11-27T14:00:46.449+0000] {processor.py:830} INFO - Processing file /opt/airflow/dags/01_data_fetch_mkCHtbls.py for tasks to queue
[2025-11-27T14:00:46.455+0000] {logging_mixin.py:188} INFO - [2025-11-27T14:00:46.452+0000] {dagbag.py:538} INFO - Filling up the DagBag from /opt/airflow/dags/01_data_fetch_mkCHtbls.py
[2025-11-27T14:00:53.523+0000] {processor.py:840} INFO - DAG(s) 'fetch_data' retrieved from /opt/airflow/dags/01_data_fetch_mkCHtbls.py
[2025-11-27T14:00:53.701+0000] {logging_mixin.py:188} INFO - [2025-11-27T14:00:53.696+0000] {dag.py:3036} INFO - Sync 1 DAGs
[2025-11-27T14:00:53.794+0000] {logging_mixin.py:188} INFO - [2025-11-27T14:00:53.794+0000] {dag.py:3823} INFO - Setting next_dagrun for fetch_data to 2025-11-27 00:00:00+00:00, run_after=2025-11-28 00:00:00+00:00
[2025-11-27T14:00:53.913+0000] {processor.py:183} INFO - Processing /opt/airflow/dags/01_data_fetch_mkCHtbls.py took 7.487 seconds
[2025-11-27T14:01:24.265+0000] {processor.py:161} INFO - Started process (PID=42300) to work on /opt/airflow/dags/01_data_fetch_mkCHtbls.py
[2025-11-27T14:01:24.267+0000] {processor.py:830} INFO - Processing file /opt/airflow/dags/01_data_fetch_mkCHtbls.py for tasks to queue
[2025-11-27T14:01:24.270+0000] {logging_mixin.py:188} INFO - [2025-11-27T14:01:24.269+0000] {dagbag.py:538} INFO - Filling up the DagBag from /opt/airflow/dags/01_data_fetch_mkCHtbls.py
[2025-11-27T14:01:34.436+0000] {processor.py:840} INFO - DAG(s) 'fetch_data' retrieved from /opt/airflow/dags/01_data_fetch_mkCHtbls.py
[2025-11-27T14:01:34.493+0000] {logging_mixin.py:188} INFO - [2025-11-27T14:01:34.493+0000] {dag.py:3036} INFO - Sync 1 DAGs
[2025-11-27T14:01:34.533+0000] {logging_mixin.py:188} INFO - [2025-11-27T14:01:34.532+0000] {dag.py:3823} INFO - Setting next_dagrun for fetch_data to 2025-11-27 00:00:00+00:00, run_after=2025-11-28 00:00:00+00:00
[2025-11-27T14:01:34.611+0000] {processor.py:183} INFO - Processing /opt/airflow/dags/01_data_fetch_mkCHtbls.py took 10.355 seconds
[2025-11-27T14:02:05.200+0000] {processor.py:161} INFO - Started process (PID=42411) to work on /opt/airflow/dags/01_data_fetch_mkCHtbls.py
[2025-11-27T14:02:05.203+0000] {processor.py:830} INFO - Processing file /opt/airflow/dags/01_data_fetch_mkCHtbls.py for tasks to queue
[2025-11-27T14:02:05.205+0000] {logging_mixin.py:188} INFO - [2025-11-27T14:02:05.204+0000] {dagbag.py:538} INFO - Filling up the DagBag from /opt/airflow/dags/01_data_fetch_mkCHtbls.py
[2025-11-27T14:02:13.190+0000] {processor.py:840} INFO - DAG(s) 'fetch_data' retrieved from /opt/airflow/dags/01_data_fetch_mkCHtbls.py
[2025-11-27T14:02:13.285+0000] {logging_mixin.py:188} INFO - [2025-11-27T14:02:13.283+0000] {dag.py:3036} INFO - Sync 1 DAGs
[2025-11-27T14:02:13.333+0000] {logging_mixin.py:188} INFO - [2025-11-27T14:02:13.332+0000] {dag.py:3823} INFO - Setting next_dagrun for fetch_data to 2025-11-27 00:00:00+00:00, run_after=2025-11-28 00:00:00+00:00
[2025-11-27T14:02:13.383+0000] {processor.py:183} INFO - Processing /opt/airflow/dags/01_data_fetch_mkCHtbls.py took 8.190 seconds
[2025-11-27T14:02:43.866+0000] {processor.py:161} INFO - Started process (PID=42481) to work on /opt/airflow/dags/01_data_fetch_mkCHtbls.py
[2025-11-27T14:02:43.869+0000] {processor.py:830} INFO - Processing file /opt/airflow/dags/01_data_fetch_mkCHtbls.py for tasks to queue
[2025-11-27T14:02:43.874+0000] {logging_mixin.py:188} INFO - [2025-11-27T14:02:43.872+0000] {dagbag.py:538} INFO - Filling up the DagBag from /opt/airflow/dags/01_data_fetch_mkCHtbls.py
[2025-11-27T14:02:52.324+0000] {processor.py:840} INFO - DAG(s) 'fetch_data' retrieved from /opt/airflow/dags/01_data_fetch_mkCHtbls.py
[2025-11-27T14:02:52.454+0000] {logging_mixin.py:188} INFO - [2025-11-27T14:02:52.451+0000] {dag.py:3036} INFO - Sync 1 DAGs
[2025-11-27T14:02:52.509+0000] {logging_mixin.py:188} INFO - [2025-11-27T14:02:52.508+0000] {dag.py:3823} INFO - Setting next_dagrun for fetch_data to 2025-11-27 00:00:00+00:00, run_after=2025-11-28 00:00:00+00:00
[2025-11-27T14:02:52.571+0000] {processor.py:183} INFO - Processing /opt/airflow/dags/01_data_fetch_mkCHtbls.py took 8.718 seconds
[2025-11-27T14:03:22.931+0000] {processor.py:161} INFO - Started process (PID=42556) to work on /opt/airflow/dags/01_data_fetch_mkCHtbls.py
[2025-11-27T14:03:22.934+0000] {processor.py:830} INFO - Processing file /opt/airflow/dags/01_data_fetch_mkCHtbls.py for tasks to queue
[2025-11-27T14:03:22.939+0000] {logging_mixin.py:188} INFO - [2025-11-27T14:03:22.937+0000] {dagbag.py:538} INFO - Filling up the DagBag from /opt/airflow/dags/01_data_fetch_mkCHtbls.py
[2025-11-27T14:03:31.542+0000] {processor.py:840} INFO - DAG(s) 'fetch_data' retrieved from /opt/airflow/dags/01_data_fetch_mkCHtbls.py
[2025-11-27T14:03:31.649+0000] {logging_mixin.py:188} INFO - [2025-11-27T14:03:31.647+0000] {dag.py:3036} INFO - Sync 1 DAGs
[2025-11-27T14:03:31.707+0000] {logging_mixin.py:188} INFO - [2025-11-27T14:03:31.707+0000] {dag.py:3823} INFO - Setting next_dagrun for fetch_data to 2025-11-27 00:00:00+00:00, run_after=2025-11-28 00:00:00+00:00
[2025-11-27T14:03:31.748+0000] {processor.py:183} INFO - Processing /opt/airflow/dags/01_data_fetch_mkCHtbls.py took 8.831 seconds
[2025-11-27T14:04:02.406+0000] {processor.py:161} INFO - Started process (PID=42626) to work on /opt/airflow/dags/01_data_fetch_mkCHtbls.py
[2025-11-27T14:04:02.411+0000] {processor.py:830} INFO - Processing file /opt/airflow/dags/01_data_fetch_mkCHtbls.py for tasks to queue
[2025-11-27T14:04:02.414+0000] {logging_mixin.py:188} INFO - [2025-11-27T14:04:02.412+0000] {dagbag.py:538} INFO - Filling up the DagBag from /opt/airflow/dags/01_data_fetch_mkCHtbls.py
[2025-11-27T14:04:11.358+0000] {processor.py:840} INFO - DAG(s) 'fetch_data' retrieved from /opt/airflow/dags/01_data_fetch_mkCHtbls.py
[2025-11-27T14:04:11.504+0000] {logging_mixin.py:188} INFO - [2025-11-27T14:04:11.501+0000] {dag.py:3036} INFO - Sync 1 DAGs
[2025-11-27T14:04:11.573+0000] {logging_mixin.py:188} INFO - [2025-11-27T14:04:11.572+0000] {dag.py:3823} INFO - Setting next_dagrun for fetch_data to 2025-11-27 00:00:00+00:00, run_after=2025-11-28 00:00:00+00:00
[2025-11-27T14:04:11.624+0000] {processor.py:183} INFO - Processing /opt/airflow/dags/01_data_fetch_mkCHtbls.py took 9.226 seconds
[2025-11-27T14:04:41.892+0000] {processor.py:161} INFO - Started process (PID=42737) to work on /opt/airflow/dags/01_data_fetch_mkCHtbls.py
[2025-11-27T14:04:41.895+0000] {processor.py:830} INFO - Processing file /opt/airflow/dags/01_data_fetch_mkCHtbls.py for tasks to queue
[2025-11-27T14:04:41.898+0000] {logging_mixin.py:188} INFO - [2025-11-27T14:04:41.896+0000] {dagbag.py:538} INFO - Filling up the DagBag from /opt/airflow/dags/01_data_fetch_mkCHtbls.py
[2025-11-27T14:04:49.001+0000] {processor.py:840} INFO - DAG(s) 'fetch_data' retrieved from /opt/airflow/dags/01_data_fetch_mkCHtbls.py
[2025-11-27T14:04:49.094+0000] {logging_mixin.py:188} INFO - [2025-11-27T14:04:49.094+0000] {dag.py:3036} INFO - Sync 1 DAGs
[2025-11-27T14:04:49.143+0000] {logging_mixin.py:188} INFO - [2025-11-27T14:04:49.143+0000] {dag.py:3823} INFO - Setting next_dagrun for fetch_data to 2025-11-27 00:00:00+00:00, run_after=2025-11-28 00:00:00+00:00
[2025-11-27T14:04:49.180+0000] {processor.py:183} INFO - Processing /opt/airflow/dags/01_data_fetch_mkCHtbls.py took 7.300 seconds
[2025-11-27T14:05:19.656+0000] {processor.py:161} INFO - Started process (PID=42812) to work on /opt/airflow/dags/01_data_fetch_mkCHtbls.py
[2025-11-27T14:05:19.658+0000] {processor.py:830} INFO - Processing file /opt/airflow/dags/01_data_fetch_mkCHtbls.py for tasks to queue
[2025-11-27T14:05:19.660+0000] {logging_mixin.py:188} INFO - [2025-11-27T14:05:19.659+0000] {dagbag.py:538} INFO - Filling up the DagBag from /opt/airflow/dags/01_data_fetch_mkCHtbls.py
[2025-11-27T14:05:27.307+0000] {processor.py:840} INFO - DAG(s) 'fetch_data' retrieved from /opt/airflow/dags/01_data_fetch_mkCHtbls.py
[2025-11-27T14:05:27.400+0000] {logging_mixin.py:188} INFO - [2025-11-27T14:05:27.397+0000] {dag.py:3036} INFO - Sync 1 DAGs
[2025-11-27T14:05:27.442+0000] {logging_mixin.py:188} INFO - [2025-11-27T14:05:27.441+0000] {dag.py:3823} INFO - Setting next_dagrun for fetch_data to 2025-11-27 00:00:00+00:00, run_after=2025-11-28 00:00:00+00:00
[2025-11-27T14:05:27.496+0000] {processor.py:183} INFO - Processing /opt/airflow/dags/01_data_fetch_mkCHtbls.py took 7.849 seconds
[2025-11-27T14:05:58.163+0000] {processor.py:161} INFO - Started process (PID=42882) to work on /opt/airflow/dags/01_data_fetch_mkCHtbls.py
[2025-11-27T14:05:58.165+0000] {processor.py:830} INFO - Processing file /opt/airflow/dags/01_data_fetch_mkCHtbls.py for tasks to queue
[2025-11-27T14:05:58.169+0000] {logging_mixin.py:188} INFO - [2025-11-27T14:05:58.167+0000] {dagbag.py:538} INFO - Filling up the DagBag from /opt/airflow/dags/01_data_fetch_mkCHtbls.py
[2025-11-27T14:06:05.177+0000] {processor.py:840} INFO - DAG(s) 'fetch_data' retrieved from /opt/airflow/dags/01_data_fetch_mkCHtbls.py
[2025-11-27T14:06:05.261+0000] {logging_mixin.py:188} INFO - [2025-11-27T14:06:05.258+0000] {dag.py:3036} INFO - Sync 1 DAGs
[2025-11-27T14:06:05.295+0000] {logging_mixin.py:188} INFO - [2025-11-27T14:06:05.294+0000] {dag.py:3823} INFO - Setting next_dagrun for fetch_data to 2025-11-27 00:00:00+00:00, run_after=2025-11-28 00:00:00+00:00
[2025-11-27T14:06:05.357+0000] {processor.py:183} INFO - Processing /opt/airflow/dags/01_data_fetch_mkCHtbls.py took 7.208 seconds
[2025-11-27T14:06:35.975+0000] {processor.py:161} INFO - Started process (PID=42952) to work on /opt/airflow/dags/01_data_fetch_mkCHtbls.py
[2025-11-27T14:06:35.978+0000] {processor.py:830} INFO - Processing file /opt/airflow/dags/01_data_fetch_mkCHtbls.py for tasks to queue
[2025-11-27T14:06:35.982+0000] {logging_mixin.py:188} INFO - [2025-11-27T14:06:35.980+0000] {dagbag.py:538} INFO - Filling up the DagBag from /opt/airflow/dags/01_data_fetch_mkCHtbls.py
[2025-11-27T14:06:44.089+0000] {processor.py:840} INFO - DAG(s) 'fetch_data' retrieved from /opt/airflow/dags/01_data_fetch_mkCHtbls.py
[2025-11-27T14:06:44.196+0000] {logging_mixin.py:188} INFO - [2025-11-27T14:06:44.195+0000] {dag.py:3036} INFO - Sync 1 DAGs
[2025-11-27T14:06:44.236+0000] {logging_mixin.py:188} INFO - [2025-11-27T14:06:44.235+0000] {dag.py:3823} INFO - Setting next_dagrun for fetch_data to 2025-11-27 00:00:00+00:00, run_after=2025-11-28 00:00:00+00:00
[2025-11-27T14:06:44.285+0000] {processor.py:183} INFO - Processing /opt/airflow/dags/01_data_fetch_mkCHtbls.py took 8.320 seconds
[2025-11-27T14:07:14.927+0000] {processor.py:161} INFO - Started process (PID=43042) to work on /opt/airflow/dags/01_data_fetch_mkCHtbls.py
[2025-11-27T14:07:14.929+0000] {processor.py:830} INFO - Processing file /opt/airflow/dags/01_data_fetch_mkCHtbls.py for tasks to queue
[2025-11-27T14:07:14.931+0000] {logging_mixin.py:188} INFO - [2025-11-27T14:07:14.930+0000] {dagbag.py:538} INFO - Filling up the DagBag from /opt/airflow/dags/01_data_fetch_mkCHtbls.py
[2025-11-27T14:07:23.333+0000] {processor.py:840} INFO - DAG(s) 'fetch_data' retrieved from /opt/airflow/dags/01_data_fetch_mkCHtbls.py
[2025-11-27T14:07:23.402+0000] {logging_mixin.py:188} INFO - [2025-11-27T14:07:23.400+0000] {dag.py:3036} INFO - Sync 1 DAGs
[2025-11-27T14:07:23.440+0000] {logging_mixin.py:188} INFO - [2025-11-27T14:07:23.440+0000] {dag.py:3823} INFO - Setting next_dagrun for fetch_data to 2025-11-27 00:00:00+00:00, run_after=2025-11-28 00:00:00+00:00
[2025-11-27T14:07:23.488+0000] {processor.py:183} INFO - Processing /opt/airflow/dags/01_data_fetch_mkCHtbls.py took 8.568 seconds
[2025-11-27T14:07:53.956+0000] {processor.py:161} INFO - Started process (PID=43138) to work on /opt/airflow/dags/01_data_fetch_mkCHtbls.py
[2025-11-27T14:07:53.958+0000] {processor.py:830} INFO - Processing file /opt/airflow/dags/01_data_fetch_mkCHtbls.py for tasks to queue
[2025-11-27T14:07:53.960+0000] {logging_mixin.py:188} INFO - [2025-11-27T14:07:53.960+0000] {dagbag.py:538} INFO - Filling up the DagBag from /opt/airflow/dags/01_data_fetch_mkCHtbls.py
[2025-11-27T14:08:01.439+0000] {processor.py:840} INFO - DAG(s) 'fetch_data' retrieved from /opt/airflow/dags/01_data_fetch_mkCHtbls.py
[2025-11-27T14:08:01.523+0000] {logging_mixin.py:188} INFO - [2025-11-27T14:08:01.521+0000] {dag.py:3036} INFO - Sync 1 DAGs
[2025-11-27T14:08:01.559+0000] {logging_mixin.py:188} INFO - [2025-11-27T14:08:01.559+0000] {dag.py:3823} INFO - Setting next_dagrun for fetch_data to 2025-11-27 00:00:00+00:00, run_after=2025-11-28 00:00:00+00:00
[2025-11-27T14:08:01.605+0000] {processor.py:183} INFO - Processing /opt/airflow/dags/01_data_fetch_mkCHtbls.py took 7.657 seconds
[2025-11-27T14:08:31.971+0000] {processor.py:161} INFO - Started process (PID=43208) to work on /opt/airflow/dags/01_data_fetch_mkCHtbls.py
[2025-11-27T14:08:31.975+0000] {processor.py:830} INFO - Processing file /opt/airflow/dags/01_data_fetch_mkCHtbls.py for tasks to queue
[2025-11-27T14:08:31.979+0000] {logging_mixin.py:188} INFO - [2025-11-27T14:08:31.977+0000] {dagbag.py:538} INFO - Filling up the DagBag from /opt/airflow/dags/01_data_fetch_mkCHtbls.py
[2025-11-27T14:08:38.960+0000] {processor.py:840} INFO - DAG(s) 'fetch_data' retrieved from /opt/airflow/dags/01_data_fetch_mkCHtbls.py
[2025-11-27T14:08:39.116+0000] {logging_mixin.py:188} INFO - [2025-11-27T14:08:39.114+0000] {dag.py:3036} INFO - Sync 1 DAGs
[2025-11-27T14:08:39.171+0000] {logging_mixin.py:188} INFO - [2025-11-27T14:08:39.170+0000] {dag.py:3823} INFO - Setting next_dagrun for fetch_data to 2025-11-27 00:00:00+00:00, run_after=2025-11-28 00:00:00+00:00
[2025-11-27T14:08:39.228+0000] {processor.py:183} INFO - Processing /opt/airflow/dags/01_data_fetch_mkCHtbls.py took 7.268 seconds
[2025-11-27T14:09:09.529+0000] {processor.py:161} INFO - Started process (PID=43278) to work on /opt/airflow/dags/01_data_fetch_mkCHtbls.py
[2025-11-27T14:09:09.531+0000] {processor.py:830} INFO - Processing file /opt/airflow/dags/01_data_fetch_mkCHtbls.py for tasks to queue
[2025-11-27T14:09:09.534+0000] {logging_mixin.py:188} INFO - [2025-11-27T14:09:09.532+0000] {dagbag.py:538} INFO - Filling up the DagBag from /opt/airflow/dags/01_data_fetch_mkCHtbls.py
[2025-11-27T14:09:17.266+0000] {processor.py:840} INFO - DAG(s) 'fetch_data' retrieved from /opt/airflow/dags/01_data_fetch_mkCHtbls.py
[2025-11-27T14:09:17.355+0000] {logging_mixin.py:188} INFO - [2025-11-27T14:09:17.352+0000] {dag.py:3036} INFO - Sync 1 DAGs
[2025-11-27T14:09:17.396+0000] {logging_mixin.py:188} INFO - [2025-11-27T14:09:17.396+0000] {dag.py:3823} INFO - Setting next_dagrun for fetch_data to 2025-11-27 00:00:00+00:00, run_after=2025-11-28 00:00:00+00:00
[2025-11-27T14:09:17.449+0000] {processor.py:183} INFO - Processing /opt/airflow/dags/01_data_fetch_mkCHtbls.py took 7.930 seconds
[2025-11-27T14:09:47.668+0000] {processor.py:161} INFO - Started process (PID=43368) to work on /opt/airflow/dags/01_data_fetch_mkCHtbls.py
[2025-11-27T14:09:47.670+0000] {processor.py:830} INFO - Processing file /opt/airflow/dags/01_data_fetch_mkCHtbls.py for tasks to queue
[2025-11-27T14:09:47.674+0000] {logging_mixin.py:188} INFO - [2025-11-27T14:09:47.672+0000] {dagbag.py:538} INFO - Filling up the DagBag from /opt/airflow/dags/01_data_fetch_mkCHtbls.py
[2025-11-27T14:09:54.794+0000] {processor.py:840} INFO - DAG(s) 'fetch_data' retrieved from /opt/airflow/dags/01_data_fetch_mkCHtbls.py
[2025-11-27T14:09:54.905+0000] {logging_mixin.py:188} INFO - [2025-11-27T14:09:54.904+0000] {dag.py:3036} INFO - Sync 1 DAGs
[2025-11-27T14:09:54.965+0000] {logging_mixin.py:188} INFO - [2025-11-27T14:09:54.964+0000] {dag.py:3823} INFO - Setting next_dagrun for fetch_data to 2025-11-27 00:00:00+00:00, run_after=2025-11-28 00:00:00+00:00
[2025-11-27T14:09:55.021+0000] {processor.py:183} INFO - Processing /opt/airflow/dags/01_data_fetch_mkCHtbls.py took 7.362 seconds
[2025-11-27T14:10:25.471+0000] {processor.py:161} INFO - Started process (PID=43438) to work on /opt/airflow/dags/01_data_fetch_mkCHtbls.py
[2025-11-27T14:10:25.475+0000] {processor.py:830} INFO - Processing file /opt/airflow/dags/01_data_fetch_mkCHtbls.py for tasks to queue
[2025-11-27T14:10:25.479+0000] {logging_mixin.py:188} INFO - [2025-11-27T14:10:25.477+0000] {dagbag.py:538} INFO - Filling up the DagBag from /opt/airflow/dags/01_data_fetch_mkCHtbls.py
[2025-11-27T14:10:33.793+0000] {processor.py:840} INFO - DAG(s) 'fetch_data' retrieved from /opt/airflow/dags/01_data_fetch_mkCHtbls.py
[2025-11-27T14:10:33.878+0000] {logging_mixin.py:188} INFO - [2025-11-27T14:10:33.877+0000] {dag.py:3036} INFO - Sync 1 DAGs
[2025-11-27T14:10:33.936+0000] {logging_mixin.py:188} INFO - [2025-11-27T14:10:33.936+0000] {dag.py:3823} INFO - Setting next_dagrun for fetch_data to 2025-11-27 00:00:00+00:00, run_after=2025-11-28 00:00:00+00:00
[2025-11-27T14:10:33.973+0000] {processor.py:183} INFO - Processing /opt/airflow/dags/01_data_fetch_mkCHtbls.py took 8.515 seconds
[2025-11-27T14:11:04.386+0000] {processor.py:161} INFO - Started process (PID=43534) to work on /opt/airflow/dags/01_data_fetch_mkCHtbls.py
[2025-11-27T14:11:04.388+0000] {processor.py:830} INFO - Processing file /opt/airflow/dags/01_data_fetch_mkCHtbls.py for tasks to queue
[2025-11-27T14:11:04.390+0000] {logging_mixin.py:188} INFO - [2025-11-27T14:11:04.390+0000] {dagbag.py:538} INFO - Filling up the DagBag from /opt/airflow/dags/01_data_fetch_mkCHtbls.py
[2025-11-27T14:11:11.734+0000] {processor.py:840} INFO - DAG(s) 'fetch_data' retrieved from /opt/airflow/dags/01_data_fetch_mkCHtbls.py
[2025-11-27T14:11:11.822+0000] {logging_mixin.py:188} INFO - [2025-11-27T14:11:11.819+0000] {dag.py:3036} INFO - Sync 1 DAGs
[2025-11-27T14:11:11.858+0000] {logging_mixin.py:188} INFO - [2025-11-27T14:11:11.858+0000] {dag.py:3823} INFO - Setting next_dagrun for fetch_data to 2025-11-27 00:00:00+00:00, run_after=2025-11-28 00:00:00+00:00
[2025-11-27T14:11:11.913+0000] {processor.py:183} INFO - Processing /opt/airflow/dags/01_data_fetch_mkCHtbls.py took 7.537 seconds
[2025-11-27T14:11:42.074+0000] {processor.py:161} INFO - Started process (PID=43604) to work on /opt/airflow/dags/01_data_fetch_mkCHtbls.py
[2025-11-27T14:11:42.076+0000] {processor.py:830} INFO - Processing file /opt/airflow/dags/01_data_fetch_mkCHtbls.py for tasks to queue
[2025-11-27T14:11:42.079+0000] {logging_mixin.py:188} INFO - [2025-11-27T14:11:42.078+0000] {dagbag.py:538} INFO - Filling up the DagBag from /opt/airflow/dags/01_data_fetch_mkCHtbls.py
[2025-11-27T14:11:49.955+0000] {processor.py:840} INFO - DAG(s) 'fetch_data' retrieved from /opt/airflow/dags/01_data_fetch_mkCHtbls.py
[2025-11-27T14:11:50.033+0000] {logging_mixin.py:188} INFO - [2025-11-27T14:11:50.032+0000] {dag.py:3036} INFO - Sync 1 DAGs
[2025-11-27T14:11:50.083+0000] {logging_mixin.py:188} INFO - [2025-11-27T14:11:50.082+0000] {dag.py:3823} INFO - Setting next_dagrun for fetch_data to 2025-11-27 00:00:00+00:00, run_after=2025-11-28 00:00:00+00:00
[2025-11-27T14:11:50.122+0000] {processor.py:183} INFO - Processing /opt/airflow/dags/01_data_fetch_mkCHtbls.py took 8.057 seconds
[2025-11-27T14:12:20.342+0000] {processor.py:161} INFO - Started process (PID=43694) to work on /opt/airflow/dags/01_data_fetch_mkCHtbls.py
[2025-11-27T14:12:20.344+0000] {processor.py:830} INFO - Processing file /opt/airflow/dags/01_data_fetch_mkCHtbls.py for tasks to queue
[2025-11-27T14:12:20.346+0000] {logging_mixin.py:188} INFO - [2025-11-27T14:12:20.345+0000] {dagbag.py:538} INFO - Filling up the DagBag from /opt/airflow/dags/01_data_fetch_mkCHtbls.py
[2025-11-27T14:12:28.244+0000] {processor.py:840} INFO - DAG(s) 'fetch_data' retrieved from /opt/airflow/dags/01_data_fetch_mkCHtbls.py
[2025-11-27T14:12:28.364+0000] {logging_mixin.py:188} INFO - [2025-11-27T14:12:28.362+0000] {dag.py:3036} INFO - Sync 1 DAGs
[2025-11-27T14:12:28.414+0000] {logging_mixin.py:188} INFO - [2025-11-27T14:12:28.413+0000] {dag.py:3823} INFO - Setting next_dagrun for fetch_data to 2025-11-27 00:00:00+00:00, run_after=2025-11-28 00:00:00+00:00
[2025-11-27T14:12:28.459+0000] {processor.py:183} INFO - Processing /opt/airflow/dags/01_data_fetch_mkCHtbls.py took 8.124 seconds
[2025-11-27T14:12:59.027+0000] {processor.py:161} INFO - Started process (PID=43764) to work on /opt/airflow/dags/01_data_fetch_mkCHtbls.py
[2025-11-27T14:12:59.029+0000] {processor.py:830} INFO - Processing file /opt/airflow/dags/01_data_fetch_mkCHtbls.py for tasks to queue
[2025-11-27T14:12:59.032+0000] {logging_mixin.py:188} INFO - [2025-11-27T14:12:59.031+0000] {dagbag.py:538} INFO - Filling up the DagBag from /opt/airflow/dags/01_data_fetch_mkCHtbls.py
[2025-11-27T14:13:05.552+0000] {processor.py:840} INFO - DAG(s) 'fetch_data' retrieved from /opt/airflow/dags/01_data_fetch_mkCHtbls.py
[2025-11-27T14:13:05.634+0000] {logging_mixin.py:188} INFO - [2025-11-27T14:13:05.632+0000] {dag.py:3036} INFO - Sync 1 DAGs
[2025-11-27T14:13:05.681+0000] {logging_mixin.py:188} INFO - [2025-11-27T14:13:05.680+0000] {dag.py:3823} INFO - Setting next_dagrun for fetch_data to 2025-11-27 00:00:00+00:00, run_after=2025-11-28 00:00:00+00:00
[2025-11-27T14:13:05.741+0000] {processor.py:183} INFO - Processing /opt/airflow/dags/01_data_fetch_mkCHtbls.py took 6.726 seconds
[2025-11-27T14:13:36.013+0000] {processor.py:161} INFO - Started process (PID=43839) to work on /opt/airflow/dags/01_data_fetch_mkCHtbls.py
[2025-11-27T14:13:36.015+0000] {processor.py:830} INFO - Processing file /opt/airflow/dags/01_data_fetch_mkCHtbls.py for tasks to queue
[2025-11-27T14:13:36.018+0000] {logging_mixin.py:188} INFO - [2025-11-27T14:13:36.017+0000] {dagbag.py:538} INFO - Filling up the DagBag from /opt/airflow/dags/01_data_fetch_mkCHtbls.py
[2025-11-27T14:13:44.085+0000] {processor.py:840} INFO - DAG(s) 'fetch_data' retrieved from /opt/airflow/dags/01_data_fetch_mkCHtbls.py
[2025-11-27T14:13:44.179+0000] {logging_mixin.py:188} INFO - [2025-11-27T14:13:44.177+0000] {dag.py:3036} INFO - Sync 1 DAGs
[2025-11-27T14:13:44.217+0000] {logging_mixin.py:188} INFO - [2025-11-27T14:13:44.217+0000] {dag.py:3823} INFO - Setting next_dagrun for fetch_data to 2025-11-27 00:00:00+00:00, run_after=2025-11-28 00:00:00+00:00
[2025-11-27T14:13:44.253+0000] {processor.py:183} INFO - Processing /opt/airflow/dags/01_data_fetch_mkCHtbls.py took 8.247 seconds
[2025-11-27T14:14:14.344+0000] {processor.py:161} INFO - Started process (PID=43930) to work on /opt/airflow/dags/01_data_fetch_mkCHtbls.py
[2025-11-27T14:14:14.346+0000] {processor.py:830} INFO - Processing file /opt/airflow/dags/01_data_fetch_mkCHtbls.py for tasks to queue
[2025-11-27T14:14:14.348+0000] {logging_mixin.py:188} INFO - [2025-11-27T14:14:14.347+0000] {dagbag.py:538} INFO - Filling up the DagBag from /opt/airflow/dags/01_data_fetch_mkCHtbls.py
[2025-11-27T14:14:22.358+0000] {processor.py:840} INFO - DAG(s) 'fetch_data' retrieved from /opt/airflow/dags/01_data_fetch_mkCHtbls.py
[2025-11-27T14:14:22.512+0000] {logging_mixin.py:188} INFO - [2025-11-27T14:14:22.509+0000] {dag.py:3036} INFO - Sync 1 DAGs
[2025-11-27T14:14:22.568+0000] {logging_mixin.py:188} INFO - [2025-11-27T14:14:22.567+0000] {dag.py:3823} INFO - Setting next_dagrun for fetch_data to 2025-11-27 00:00:00+00:00, run_after=2025-11-28 00:00:00+00:00
[2025-11-27T14:14:22.644+0000] {processor.py:183} INFO - Processing /opt/airflow/dags/01_data_fetch_mkCHtbls.py took 8.309 seconds
[2025-11-27T14:14:52.747+0000] {processor.py:161} INFO - Started process (PID=44000) to work on /opt/airflow/dags/01_data_fetch_mkCHtbls.py
[2025-11-27T14:14:52.749+0000] {processor.py:830} INFO - Processing file /opt/airflow/dags/01_data_fetch_mkCHtbls.py for tasks to queue
[2025-11-27T14:14:52.752+0000] {logging_mixin.py:188} INFO - [2025-11-27T14:14:52.750+0000] {dagbag.py:538} INFO - Filling up the DagBag from /opt/airflow/dags/01_data_fetch_mkCHtbls.py
[2025-11-27T14:15:00.732+0000] {processor.py:840} INFO - DAG(s) 'fetch_data' retrieved from /opt/airflow/dags/01_data_fetch_mkCHtbls.py
[2025-11-27T14:15:00.825+0000] {logging_mixin.py:188} INFO - [2025-11-27T14:15:00.822+0000] {dag.py:3036} INFO - Sync 1 DAGs
[2025-11-27T14:15:00.871+0000] {logging_mixin.py:188} INFO - [2025-11-27T14:15:00.870+0000] {dag.py:3823} INFO - Setting next_dagrun for fetch_data to 2025-11-27 00:00:00+00:00, run_after=2025-11-28 00:00:00+00:00
[2025-11-27T14:15:00.935+0000] {processor.py:183} INFO - Processing /opt/airflow/dags/01_data_fetch_mkCHtbls.py took 8.192 seconds
[2025-11-27T14:15:31.579+0000] {processor.py:161} INFO - Started process (PID=44090) to work on /opt/airflow/dags/01_data_fetch_mkCHtbls.py
[2025-11-27T14:15:31.582+0000] {processor.py:830} INFO - Processing file /opt/airflow/dags/01_data_fetch_mkCHtbls.py for tasks to queue
[2025-11-27T14:15:31.588+0000] {logging_mixin.py:188} INFO - [2025-11-27T14:15:31.585+0000] {dagbag.py:538} INFO - Filling up the DagBag from /opt/airflow/dags/01_data_fetch_mkCHtbls.py
[2025-11-27T14:15:39.266+0000] {processor.py:840} INFO - DAG(s) 'fetch_data' retrieved from /opt/airflow/dags/01_data_fetch_mkCHtbls.py
[2025-11-27T14:15:39.352+0000] {logging_mixin.py:188} INFO - [2025-11-27T14:15:39.350+0000] {dag.py:3036} INFO - Sync 1 DAGs
[2025-11-27T14:15:39.398+0000] {logging_mixin.py:188} INFO - [2025-11-27T14:15:39.398+0000] {dag.py:3823} INFO - Setting next_dagrun for fetch_data to 2025-11-27 00:00:00+00:00, run_after=2025-11-28 00:00:00+00:00
[2025-11-27T14:15:39.446+0000] {processor.py:183} INFO - Processing /opt/airflow/dags/01_data_fetch_mkCHtbls.py took 7.884 seconds
[2025-11-27T14:16:09.644+0000] {processor.py:161} INFO - Started process (PID=44165) to work on /opt/airflow/dags/01_data_fetch_mkCHtbls.py
[2025-11-27T14:16:09.646+0000] {processor.py:830} INFO - Processing file /opt/airflow/dags/01_data_fetch_mkCHtbls.py for tasks to queue
[2025-11-27T14:16:09.649+0000] {logging_mixin.py:188} INFO - [2025-11-27T14:16:09.647+0000] {dagbag.py:538} INFO - Filling up the DagBag from /opt/airflow/dags/01_data_fetch_mkCHtbls.py
[2025-11-27T14:16:16.610+0000] {processor.py:840} INFO - DAG(s) 'fetch_data' retrieved from /opt/airflow/dags/01_data_fetch_mkCHtbls.py
[2025-11-27T14:16:16.789+0000] {logging_mixin.py:188} INFO - [2025-11-27T14:16:16.786+0000] {dag.py:3036} INFO - Sync 1 DAGs
[2025-11-27T14:16:16.856+0000] {logging_mixin.py:188} INFO - [2025-11-27T14:16:16.855+0000] {dag.py:3823} INFO - Setting next_dagrun for fetch_data to 2025-11-27 00:00:00+00:00, run_after=2025-11-28 00:00:00+00:00
[2025-11-27T14:16:16.914+0000] {processor.py:183} INFO - Processing /opt/airflow/dags/01_data_fetch_mkCHtbls.py took 7.279 seconds
[2025-11-27T14:16:47.261+0000] {processor.py:161} INFO - Started process (PID=44235) to work on /opt/airflow/dags/01_data_fetch_mkCHtbls.py
[2025-11-27T14:16:47.264+0000] {processor.py:830} INFO - Processing file /opt/airflow/dags/01_data_fetch_mkCHtbls.py for tasks to queue
[2025-11-27T14:16:47.267+0000] {logging_mixin.py:188} INFO - [2025-11-27T14:16:47.265+0000] {dagbag.py:538} INFO - Filling up the DagBag from /opt/airflow/dags/01_data_fetch_mkCHtbls.py
[2025-11-27T14:16:54.699+0000] {processor.py:840} INFO - DAG(s) 'fetch_data' retrieved from /opt/airflow/dags/01_data_fetch_mkCHtbls.py
[2025-11-27T14:16:54.753+0000] {logging_mixin.py:188} INFO - [2025-11-27T14:16:54.752+0000] {dag.py:3036} INFO - Sync 1 DAGs
[2025-11-27T14:16:54.788+0000] {logging_mixin.py:188} INFO - [2025-11-27T14:16:54.788+0000] {dag.py:3823} INFO - Setting next_dagrun for fetch_data to 2025-11-27 00:00:00+00:00, run_after=2025-11-28 00:00:00+00:00
[2025-11-27T14:16:54.831+0000] {processor.py:183} INFO - Processing /opt/airflow/dags/01_data_fetch_mkCHtbls.py took 7.579 seconds
[2025-11-27T14:17:24.895+0000] {processor.py:161} INFO - Started process (PID=44326) to work on /opt/airflow/dags/01_data_fetch_mkCHtbls.py
[2025-11-27T14:17:24.898+0000] {processor.py:830} INFO - Processing file /opt/airflow/dags/01_data_fetch_mkCHtbls.py for tasks to queue
[2025-11-27T14:17:24.901+0000] {logging_mixin.py:188} INFO - [2025-11-27T14:17:24.900+0000] {dagbag.py:538} INFO - Filling up the DagBag from /opt/airflow/dags/01_data_fetch_mkCHtbls.py
[2025-11-27T14:17:32.696+0000] {processor.py:840} INFO - DAG(s) 'fetch_data' retrieved from /opt/airflow/dags/01_data_fetch_mkCHtbls.py
[2025-11-27T14:17:32.853+0000] {logging_mixin.py:188} INFO - [2025-11-27T14:17:32.849+0000] {dag.py:3036} INFO - Sync 1 DAGs
[2025-11-27T14:17:32.951+0000] {logging_mixin.py:188} INFO - [2025-11-27T14:17:32.950+0000] {dag.py:3823} INFO - Setting next_dagrun for fetch_data to 2025-11-27 00:00:00+00:00, run_after=2025-11-28 00:00:00+00:00
[2025-11-27T14:17:33.031+0000] {processor.py:183} INFO - Processing /opt/airflow/dags/01_data_fetch_mkCHtbls.py took 8.145 seconds
[2025-11-27T14:18:03.527+0000] {processor.py:161} INFO - Started process (PID=44416) to work on /opt/airflow/dags/01_data_fetch_mkCHtbls.py
[2025-11-27T14:18:03.530+0000] {processor.py:830} INFO - Processing file /opt/airflow/dags/01_data_fetch_mkCHtbls.py for tasks to queue
[2025-11-27T14:18:03.533+0000] {logging_mixin.py:188} INFO - [2025-11-27T14:18:03.532+0000] {dagbag.py:538} INFO - Filling up the DagBag from /opt/airflow/dags/01_data_fetch_mkCHtbls.py
[2025-11-27T14:18:11.623+0000] {processor.py:840} INFO - DAG(s) 'fetch_data' retrieved from /opt/airflow/dags/01_data_fetch_mkCHtbls.py
[2025-11-27T14:18:11.690+0000] {logging_mixin.py:188} INFO - [2025-11-27T14:18:11.690+0000] {dag.py:3036} INFO - Sync 1 DAGs
[2025-11-27T14:18:11.727+0000] {logging_mixin.py:188} INFO - [2025-11-27T14:18:11.726+0000] {dag.py:3823} INFO - Setting next_dagrun for fetch_data to 2025-11-27 00:00:00+00:00, run_after=2025-11-28 00:00:00+00:00
[2025-11-27T14:18:11.777+0000] {processor.py:183} INFO - Processing /opt/airflow/dags/01_data_fetch_mkCHtbls.py took 8.259 seconds
[2025-11-27T14:18:42.182+0000] {processor.py:161} INFO - Started process (PID=44491) to work on /opt/airflow/dags/01_data_fetch_mkCHtbls.py
[2025-11-27T14:18:42.184+0000] {processor.py:830} INFO - Processing file /opt/airflow/dags/01_data_fetch_mkCHtbls.py for tasks to queue
[2025-11-27T14:18:42.187+0000] {logging_mixin.py:188} INFO - [2025-11-27T14:18:42.186+0000] {dagbag.py:538} INFO - Filling up the DagBag from /opt/airflow/dags/01_data_fetch_mkCHtbls.py
[2025-11-27T14:18:49.842+0000] {processor.py:840} INFO - DAG(s) 'fetch_data' retrieved from /opt/airflow/dags/01_data_fetch_mkCHtbls.py
[2025-11-27T14:18:49.948+0000] {logging_mixin.py:188} INFO - [2025-11-27T14:18:49.946+0000] {dag.py:3036} INFO - Sync 1 DAGs
[2025-11-27T14:18:49.992+0000] {logging_mixin.py:188} INFO - [2025-11-27T14:18:49.992+0000] {dag.py:3823} INFO - Setting next_dagrun for fetch_data to 2025-11-27 00:00:00+00:00, run_after=2025-11-28 00:00:00+00:00
[2025-11-27T14:18:50.033+0000] {processor.py:183} INFO - Processing /opt/airflow/dags/01_data_fetch_mkCHtbls.py took 7.859 seconds
[2025-11-27T14:19:20.356+0000] {processor.py:161} INFO - Started process (PID=44561) to work on /opt/airflow/dags/01_data_fetch_mkCHtbls.py
[2025-11-27T14:19:20.358+0000] {processor.py:830} INFO - Processing file /opt/airflow/dags/01_data_fetch_mkCHtbls.py for tasks to queue
[2025-11-27T14:19:20.362+0000] {logging_mixin.py:188} INFO - [2025-11-27T14:19:20.360+0000] {dagbag.py:538} INFO - Filling up the DagBag from /opt/airflow/dags/01_data_fetch_mkCHtbls.py
[2025-11-27T14:19:28.141+0000] {processor.py:840} INFO - DAG(s) 'fetch_data' retrieved from /opt/airflow/dags/01_data_fetch_mkCHtbls.py
[2025-11-27T14:19:28.225+0000] {logging_mixin.py:188} INFO - [2025-11-27T14:19:28.224+0000] {dag.py:3036} INFO - Sync 1 DAGs
[2025-11-27T14:19:28.278+0000] {logging_mixin.py:188} INFO - [2025-11-27T14:19:28.277+0000] {dag.py:3823} INFO - Setting next_dagrun for fetch_data to 2025-11-27 00:00:00+00:00, run_after=2025-11-28 00:00:00+00:00
[2025-11-27T14:19:28.335+0000] {processor.py:183} INFO - Processing /opt/airflow/dags/01_data_fetch_mkCHtbls.py took 7.988 seconds
[2025-11-27T14:19:58.825+0000] {processor.py:161} INFO - Started process (PID=44631) to work on /opt/airflow/dags/01_data_fetch_mkCHtbls.py
[2025-11-27T14:19:58.828+0000] {processor.py:830} INFO - Processing file /opt/airflow/dags/01_data_fetch_mkCHtbls.py for tasks to queue
[2025-11-27T14:19:58.832+0000] {logging_mixin.py:188} INFO - [2025-11-27T14:19:58.830+0000] {dagbag.py:538} INFO - Filling up the DagBag from /opt/airflow/dags/01_data_fetch_mkCHtbls.py
[2025-11-27T14:20:06.791+0000] {processor.py:840} INFO - DAG(s) 'fetch_data' retrieved from /opt/airflow/dags/01_data_fetch_mkCHtbls.py
[2025-11-27T14:20:06.975+0000] {logging_mixin.py:188} INFO - [2025-11-27T14:20:06.971+0000] {dag.py:3036} INFO - Sync 1 DAGs
[2025-11-27T14:20:07.083+0000] {logging_mixin.py:188} INFO - [2025-11-27T14:20:07.081+0000] {dag.py:3823} INFO - Setting next_dagrun for fetch_data to 2025-11-27 00:00:00+00:00, run_after=2025-11-28 00:00:00+00:00
[2025-11-27T14:20:07.178+0000] {processor.py:183} INFO - Processing /opt/airflow/dags/01_data_fetch_mkCHtbls.py took 8.369 seconds
[2025-11-27T14:20:37.894+0000] {processor.py:161} INFO - Started process (PID=44742) to work on /opt/airflow/dags/01_data_fetch_mkCHtbls.py
[2025-11-27T14:20:37.897+0000] {processor.py:830} INFO - Processing file /opt/airflow/dags/01_data_fetch_mkCHtbls.py for tasks to queue
[2025-11-27T14:20:37.900+0000] {logging_mixin.py:188} INFO - [2025-11-27T14:20:37.900+0000] {dagbag.py:538} INFO - Filling up the DagBag from /opt/airflow/dags/01_data_fetch_mkCHtbls.py
[2025-11-27T14:20:45.655+0000] {processor.py:840} INFO - DAG(s) 'fetch_data' retrieved from /opt/airflow/dags/01_data_fetch_mkCHtbls.py
[2025-11-27T14:20:45.727+0000] {logging_mixin.py:188} INFO - [2025-11-27T14:20:45.725+0000] {dag.py:3036} INFO - Sync 1 DAGs
[2025-11-27T14:20:45.760+0000] {logging_mixin.py:188} INFO - [2025-11-27T14:20:45.760+0000] {dag.py:3823} INFO - Setting next_dagrun for fetch_data to 2025-11-27 00:00:00+00:00, run_after=2025-11-28 00:00:00+00:00
[2025-11-27T14:20:45.809+0000] {processor.py:183} INFO - Processing /opt/airflow/dags/01_data_fetch_mkCHtbls.py took 7.927 seconds
[2025-11-27T14:21:16.609+0000] {processor.py:161} INFO - Started process (PID=44817) to work on /opt/airflow/dags/01_data_fetch_mkCHtbls.py
[2025-11-27T14:21:16.612+0000] {processor.py:830} INFO - Processing file /opt/airflow/dags/01_data_fetch_mkCHtbls.py for tasks to queue
[2025-11-27T14:21:16.615+0000] {logging_mixin.py:188} INFO - [2025-11-27T14:21:16.613+0000] {dagbag.py:538} INFO - Filling up the DagBag from /opt/airflow/dags/01_data_fetch_mkCHtbls.py
[2025-11-27T14:21:23.597+0000] {processor.py:840} INFO - DAG(s) 'fetch_data' retrieved from /opt/airflow/dags/01_data_fetch_mkCHtbls.py
[2025-11-27T14:21:23.679+0000] {logging_mixin.py:188} INFO - [2025-11-27T14:21:23.677+0000] {dag.py:3036} INFO - Sync 1 DAGs
[2025-11-27T14:21:23.720+0000] {logging_mixin.py:188} INFO - [2025-11-27T14:21:23.719+0000] {dag.py:3823} INFO - Setting next_dagrun for fetch_data to 2025-11-27 00:00:00+00:00, run_after=2025-11-28 00:00:00+00:00
[2025-11-27T14:21:23.756+0000] {processor.py:183} INFO - Processing /opt/airflow/dags/01_data_fetch_mkCHtbls.py took 7.160 seconds
[2025-11-27T14:21:54.448+0000] {processor.py:161} INFO - Started process (PID=44887) to work on /opt/airflow/dags/01_data_fetch_mkCHtbls.py
[2025-11-27T14:21:54.451+0000] {processor.py:830} INFO - Processing file /opt/airflow/dags/01_data_fetch_mkCHtbls.py for tasks to queue
[2025-11-27T14:21:54.455+0000] {logging_mixin.py:188} INFO - [2025-11-27T14:21:54.453+0000] {dagbag.py:538} INFO - Filling up the DagBag from /opt/airflow/dags/01_data_fetch_mkCHtbls.py
[2025-11-27T14:22:01.947+0000] {processor.py:840} INFO - DAG(s) 'fetch_data' retrieved from /opt/airflow/dags/01_data_fetch_mkCHtbls.py
[2025-11-27T14:22:02.023+0000] {logging_mixin.py:188} INFO - [2025-11-27T14:22:02.021+0000] {dag.py:3036} INFO - Sync 1 DAGs
[2025-11-27T14:22:02.068+0000] {logging_mixin.py:188} INFO - [2025-11-27T14:22:02.067+0000] {dag.py:3823} INFO - Setting next_dagrun for fetch_data to 2025-11-27 00:00:00+00:00, run_after=2025-11-28 00:00:00+00:00
[2025-11-27T14:22:02.108+0000] {processor.py:183} INFO - Processing /opt/airflow/dags/01_data_fetch_mkCHtbls.py took 7.671 seconds
[2025-11-27T14:22:32.845+0000] {processor.py:161} INFO - Started process (PID=44957) to work on /opt/airflow/dags/01_data_fetch_mkCHtbls.py
[2025-11-27T14:22:32.847+0000] {processor.py:830} INFO - Processing file /opt/airflow/dags/01_data_fetch_mkCHtbls.py for tasks to queue
[2025-11-27T14:22:32.850+0000] {logging_mixin.py:188} INFO - [2025-11-27T14:22:32.849+0000] {dagbag.py:538} INFO - Filling up the DagBag from /opt/airflow/dags/01_data_fetch_mkCHtbls.py
[2025-11-27T14:22:40.385+0000] {processor.py:840} INFO - DAG(s) 'fetch_data' retrieved from /opt/airflow/dags/01_data_fetch_mkCHtbls.py
[2025-11-27T14:22:40.456+0000] {logging_mixin.py:188} INFO - [2025-11-27T14:22:40.456+0000] {dag.py:3036} INFO - Sync 1 DAGs
[2025-11-27T14:22:40.495+0000] {logging_mixin.py:188} INFO - [2025-11-27T14:22:40.494+0000] {dag.py:3823} INFO - Setting next_dagrun for fetch_data to 2025-11-27 00:00:00+00:00, run_after=2025-11-28 00:00:00+00:00
[2025-11-27T14:22:40.542+0000] {processor.py:183} INFO - Processing /opt/airflow/dags/01_data_fetch_mkCHtbls.py took 7.707 seconds
[2025-11-27T14:23:10.866+0000] {processor.py:161} INFO - Started process (PID=45047) to work on /opt/airflow/dags/01_data_fetch_mkCHtbls.py
[2025-11-27T14:23:10.868+0000] {processor.py:830} INFO - Processing file /opt/airflow/dags/01_data_fetch_mkCHtbls.py for tasks to queue
[2025-11-27T14:23:10.870+0000] {logging_mixin.py:188} INFO - [2025-11-27T14:23:10.869+0000] {dagbag.py:538} INFO - Filling up the DagBag from /opt/airflow/dags/01_data_fetch_mkCHtbls.py
[2025-11-27T14:23:18.809+0000] {processor.py:840} INFO - DAG(s) 'fetch_data' retrieved from /opt/airflow/dags/01_data_fetch_mkCHtbls.py
[2025-11-27T14:23:18.910+0000] {logging_mixin.py:188} INFO - [2025-11-27T14:23:18.909+0000] {dag.py:3036} INFO - Sync 1 DAGs
[2025-11-27T14:23:18.985+0000] {logging_mixin.py:188} INFO - [2025-11-27T14:23:18.984+0000] {dag.py:3823} INFO - Setting next_dagrun for fetch_data to 2025-11-27 00:00:00+00:00, run_after=2025-11-28 00:00:00+00:00
[2025-11-27T14:23:19.059+0000] {processor.py:183} INFO - Processing /opt/airflow/dags/01_data_fetch_mkCHtbls.py took 8.203 seconds
[2025-11-27T14:23:49.804+0000] {processor.py:161} INFO - Started process (PID=45141) to work on /opt/airflow/dags/01_data_fetch_mkCHtbls.py
[2025-11-27T14:23:49.809+0000] {processor.py:830} INFO - Processing file /opt/airflow/dags/01_data_fetch_mkCHtbls.py for tasks to queue
[2025-11-27T14:23:49.812+0000] {logging_mixin.py:188} INFO - [2025-11-27T14:23:49.811+0000] {dagbag.py:538} INFO - Filling up the DagBag from /opt/airflow/dags/01_data_fetch_mkCHtbls.py
[2025-11-27T14:23:57.045+0000] {processor.py:840} INFO - DAG(s) 'fetch_data' retrieved from /opt/airflow/dags/01_data_fetch_mkCHtbls.py
[2025-11-27T14:23:57.130+0000] {logging_mixin.py:188} INFO - [2025-11-27T14:23:57.128+0000] {dag.py:3036} INFO - Sync 1 DAGs
[2025-11-27T14:23:57.167+0000] {logging_mixin.py:188} INFO - [2025-11-27T14:23:57.167+0000] {dag.py:3823} INFO - Setting next_dagrun for fetch_data to 2025-11-27 00:00:00+00:00, run_after=2025-11-28 00:00:00+00:00
[2025-11-27T14:23:57.220+0000] {processor.py:183} INFO - Processing /opt/airflow/dags/01_data_fetch_mkCHtbls.py took 7.426 seconds
[2025-11-27T14:24:27.513+0000] {processor.py:161} INFO - Started process (PID=45213) to work on /opt/airflow/dags/01_data_fetch_mkCHtbls.py
[2025-11-27T14:24:27.517+0000] {processor.py:830} INFO - Processing file /opt/airflow/dags/01_data_fetch_mkCHtbls.py for tasks to queue
[2025-11-27T14:24:27.520+0000] {logging_mixin.py:188} INFO - [2025-11-27T14:24:27.519+0000] {dagbag.py:538} INFO - Filling up the DagBag from /opt/airflow/dags/01_data_fetch_mkCHtbls.py
[2025-11-27T14:24:35.423+0000] {processor.py:840} INFO - DAG(s) 'fetch_data' retrieved from /opt/airflow/dags/01_data_fetch_mkCHtbls.py
[2025-11-27T14:24:35.508+0000] {logging_mixin.py:188} INFO - [2025-11-27T14:24:35.505+0000] {dag.py:3036} INFO - Sync 1 DAGs
[2025-11-27T14:24:35.553+0000] {logging_mixin.py:188} INFO - [2025-11-27T14:24:35.552+0000] {dag.py:3823} INFO - Setting next_dagrun for fetch_data to 2025-11-27 00:00:00+00:00, run_after=2025-11-28 00:00:00+00:00
[2025-11-27T14:24:35.605+0000] {processor.py:183} INFO - Processing /opt/airflow/dags/01_data_fetch_mkCHtbls.py took 8.102 seconds
[2025-11-27T14:25:06.326+0000] {processor.py:161} INFO - Started process (PID=45283) to work on /opt/airflow/dags/01_data_fetch_mkCHtbls.py
[2025-11-27T14:25:06.331+0000] {processor.py:830} INFO - Processing file /opt/airflow/dags/01_data_fetch_mkCHtbls.py for tasks to queue
[2025-11-27T14:25:06.339+0000] {logging_mixin.py:188} INFO - [2025-11-27T14:25:06.336+0000] {dagbag.py:538} INFO - Filling up the DagBag from /opt/airflow/dags/01_data_fetch_mkCHtbls.py
[2025-11-27T14:25:13.416+0000] {processor.py:840} INFO - DAG(s) 'fetch_data' retrieved from /opt/airflow/dags/01_data_fetch_mkCHtbls.py
[2025-11-27T14:25:13.516+0000] {logging_mixin.py:188} INFO - [2025-11-27T14:25:13.515+0000] {dag.py:3036} INFO - Sync 1 DAGs
[2025-11-27T14:25:13.550+0000] {logging_mixin.py:188} INFO - [2025-11-27T14:25:13.550+0000] {dag.py:3823} INFO - Setting next_dagrun for fetch_data to 2025-11-27 00:00:00+00:00, run_after=2025-11-28 00:00:00+00:00
[2025-11-27T14:25:13.585+0000] {processor.py:183} INFO - Processing /opt/airflow/dags/01_data_fetch_mkCHtbls.py took 7.276 seconds
[2025-11-27T14:25:44.102+0000] {processor.py:161} INFO - Started process (PID=45353) to work on /opt/airflow/dags/01_data_fetch_mkCHtbls.py
[2025-11-27T14:25:44.104+0000] {processor.py:830} INFO - Processing file /opt/airflow/dags/01_data_fetch_mkCHtbls.py for tasks to queue
[2025-11-27T14:25:44.107+0000] {logging_mixin.py:188} INFO - [2025-11-27T14:25:44.106+0000] {dagbag.py:538} INFO - Filling up the DagBag from /opt/airflow/dags/01_data_fetch_mkCHtbls.py
[2025-11-27T17:07:19.500+0000] {logging_mixin.py:188} INFO - [2025-11-27T17:07:19.458+0000] {timeout.py:68} ERROR - Process timed out, PID: 45353
[2025-11-27T17:07:19.419+0000] {logging_mixin.py:188} INFO - [2025-11-27T17:07:19.562+0000] {dagbag.py:348} ERROR - Failed to import: /opt/airflow/dags/01_data_fetch_mkCHtbls.py
Traceback (most recent call last):
  File "/home/airflow/.local/lib/python3.8/site-packages/airflow/models/dagbag.py", line 344, in parse
    loader.exec_module(new_module)
  File "<frozen importlib._bootstrap_external>", line 843, in exec_module
  File "<frozen importlib._bootstrap>", line 219, in _call_with_frames_removed
  File "/opt/airflow/dags/01_data_fetch_mkCHtbls.py", line 9, in <module>
    subprocess.check_call([sys.executable, '-m', 'pip', 'install', 'meteostat'])
  File "/usr/local/lib/python3.8/subprocess.py", line 359, in check_call
    retcode = call(*popenargs, **kwargs)
  File "/usr/local/lib/python3.8/subprocess.py", line 342, in call
    return p.wait(timeout=timeout)
  File "/usr/local/lib/python3.8/subprocess.py", line 1083, in wait
    return self._wait(timeout=timeout)
  File "/usr/local/lib/python3.8/subprocess.py", line 1822, in _wait
    (pid, sts) = self._try_wait(0)
  File "/usr/local/lib/python3.8/subprocess.py", line 1780, in _try_wait
    (pid, sts) = os.waitpid(self.pid, wait_flags)
  File "/home/airflow/.local/lib/python3.8/site-packages/airflow/utils/timeout.py", line 69, in handle_timeout
    raise AirflowTaskTimeout(self.error_message)
airflow.exceptions.AirflowTaskTimeout: DagBag import timeout for /opt/airflow/dags/01_data_fetch_mkCHtbls.py after 30.0s.
Please take a look at these docs to improve your DAG import time:
* https://airflow.apache.org/docs/apache-airflow/2.8.1/best-practices.html#top-level-python-code
* https://airflow.apache.org/docs/apache-airflow/2.8.1/best-practices.html#reducing-dag-complexity, PID: 45353
[2025-11-27T17:07:19.426+0000] {processor.py:842} WARNING - No viable dags retrieved from /opt/airflow/dags/01_data_fetch_mkCHtbls.py
[2025-11-27T17:07:20.275+0000] {processor.py:183} INFO - Processing /opt/airflow/dags/01_data_fetch_mkCHtbls.py took 9696.832 seconds
[2025-11-27T17:07:50.925+0000] {processor.py:161} INFO - Started process (PID=45426) to work on /opt/airflow/dags/01_data_fetch_mkCHtbls.py
[2025-11-27T17:07:50.930+0000] {processor.py:830} INFO - Processing file /opt/airflow/dags/01_data_fetch_mkCHtbls.py for tasks to queue
[2025-11-27T17:07:50.935+0000] {logging_mixin.py:188} INFO - [2025-11-27T17:07:50.933+0000] {dagbag.py:538} INFO - Filling up the DagBag from /opt/airflow/dags/01_data_fetch_mkCHtbls.py
[2025-11-27T17:08:03.626+0000] {processor.py:840} INFO - DAG(s) 'fetch_data' retrieved from /opt/airflow/dags/01_data_fetch_mkCHtbls.py
[2025-11-27T17:08:03.673+0000] {logging_mixin.py:188} INFO - [2025-11-27T17:08:03.673+0000] {dag.py:3036} INFO - Sync 1 DAGs
[2025-11-27T17:08:03.714+0000] {logging_mixin.py:188} INFO - [2025-11-27T17:08:03.713+0000] {dag.py:3823} INFO - Setting next_dagrun for fetch_data to 2025-11-27 00:00:00+00:00, run_after=2025-11-28 00:00:00+00:00
[2025-11-27T17:08:03.765+0000] {processor.py:183} INFO - Processing /opt/airflow/dags/01_data_fetch_mkCHtbls.py took 12.854 seconds
[2025-11-27T17:08:34.421+0000] {processor.py:161} INFO - Started process (PID=45542) to work on /opt/airflow/dags/01_data_fetch_mkCHtbls.py
[2025-11-27T17:08:34.423+0000] {processor.py:830} INFO - Processing file /opt/airflow/dags/01_data_fetch_mkCHtbls.py for tasks to queue
[2025-11-27T17:08:34.425+0000] {logging_mixin.py:188} INFO - [2025-11-27T17:08:34.424+0000] {dagbag.py:538} INFO - Filling up the DagBag from /opt/airflow/dags/01_data_fetch_mkCHtbls.py
[2025-11-27T17:08:40.233+0000] {processor.py:840} INFO - DAG(s) 'fetch_data' retrieved from /opt/airflow/dags/01_data_fetch_mkCHtbls.py
[2025-11-27T17:08:40.294+0000] {logging_mixin.py:188} INFO - [2025-11-27T17:08:40.294+0000] {dag.py:3036} INFO - Sync 1 DAGs
[2025-11-27T17:08:40.331+0000] {logging_mixin.py:188} INFO - [2025-11-27T17:08:40.330+0000] {dag.py:3823} INFO - Setting next_dagrun for fetch_data to 2025-11-27 00:00:00+00:00, run_after=2025-11-28 00:00:00+00:00
[2025-11-27T17:08:40.360+0000] {processor.py:183} INFO - Processing /opt/airflow/dags/01_data_fetch_mkCHtbls.py took 5.946 seconds
[2025-11-27T17:09:10.431+0000] {processor.py:161} INFO - Started process (PID=45612) to work on /opt/airflow/dags/01_data_fetch_mkCHtbls.py
[2025-11-27T17:09:10.434+0000] {processor.py:830} INFO - Processing file /opt/airflow/dags/01_data_fetch_mkCHtbls.py for tasks to queue
[2025-11-27T17:09:10.435+0000] {logging_mixin.py:188} INFO - [2025-11-27T17:09:10.435+0000] {dagbag.py:538} INFO - Filling up the DagBag from /opt/airflow/dags/01_data_fetch_mkCHtbls.py
[2025-11-27T17:09:16.480+0000] {processor.py:840} INFO - DAG(s) 'fetch_data' retrieved from /opt/airflow/dags/01_data_fetch_mkCHtbls.py
[2025-11-27T17:09:16.525+0000] {logging_mixin.py:188} INFO - [2025-11-27T17:09:16.524+0000] {dag.py:3036} INFO - Sync 1 DAGs
[2025-11-27T17:09:16.559+0000] {logging_mixin.py:188} INFO - [2025-11-27T17:09:16.559+0000] {dag.py:3823} INFO - Setting next_dagrun for fetch_data to 2025-11-27 00:00:00+00:00, run_after=2025-11-28 00:00:00+00:00
[2025-11-27T17:09:16.607+0000] {processor.py:183} INFO - Processing /opt/airflow/dags/01_data_fetch_mkCHtbls.py took 6.183 seconds
[2025-11-27T17:09:47.380+0000] {processor.py:161} INFO - Started process (PID=45682) to work on /opt/airflow/dags/01_data_fetch_mkCHtbls.py
[2025-11-27T17:09:47.382+0000] {processor.py:830} INFO - Processing file /opt/airflow/dags/01_data_fetch_mkCHtbls.py for tasks to queue
[2025-11-27T17:09:47.385+0000] {logging_mixin.py:188} INFO - [2025-11-27T17:09:47.384+0000] {dagbag.py:538} INFO - Filling up the DagBag from /opt/airflow/dags/01_data_fetch_mkCHtbls.py
[2025-11-27T17:09:55.004+0000] {processor.py:840} INFO - DAG(s) 'fetch_data' retrieved from /opt/airflow/dags/01_data_fetch_mkCHtbls.py
[2025-11-27T17:09:55.197+0000] {logging_mixin.py:188} INFO - [2025-11-27T17:09:55.196+0000] {dag.py:3036} INFO - Sync 1 DAGs
[2025-11-27T17:09:55.291+0000] {logging_mixin.py:188} INFO - [2025-11-27T17:09:55.290+0000] {dag.py:3823} INFO - Setting next_dagrun for fetch_data to 2025-11-27 00:00:00+00:00, run_after=2025-11-28 00:00:00+00:00
[2025-11-27T17:09:55.387+0000] {processor.py:183} INFO - Processing /opt/airflow/dags/01_data_fetch_mkCHtbls.py took 8.014 seconds
[2025-11-27T17:10:25.690+0000] {processor.py:161} INFO - Started process (PID=45752) to work on /opt/airflow/dags/01_data_fetch_mkCHtbls.py
[2025-11-27T17:10:25.699+0000] {processor.py:830} INFO - Processing file /opt/airflow/dags/01_data_fetch_mkCHtbls.py for tasks to queue
[2025-11-27T17:10:25.703+0000] {logging_mixin.py:188} INFO - [2025-11-27T17:10:25.702+0000] {dagbag.py:538} INFO - Filling up the DagBag from /opt/airflow/dags/01_data_fetch_mkCHtbls.py
[2025-11-27T17:10:34.448+0000] {processor.py:840} INFO - DAG(s) 'fetch_data' retrieved from /opt/airflow/dags/01_data_fetch_mkCHtbls.py
[2025-11-27T17:10:34.509+0000] {logging_mixin.py:188} INFO - [2025-11-27T17:10:34.508+0000] {dag.py:3036} INFO - Sync 1 DAGs
[2025-11-27T17:10:34.559+0000] {logging_mixin.py:188} INFO - [2025-11-27T17:10:34.558+0000] {dag.py:3823} INFO - Setting next_dagrun for fetch_data to 2025-11-27 00:00:00+00:00, run_after=2025-11-28 00:00:00+00:00
[2025-11-27T17:10:34.601+0000] {processor.py:183} INFO - Processing /opt/airflow/dags/01_data_fetch_mkCHtbls.py took 8.922 seconds
[2025-11-27T17:11:04.729+0000] {processor.py:161} INFO - Started process (PID=45847) to work on /opt/airflow/dags/01_data_fetch_mkCHtbls.py
[2025-11-27T17:11:04.732+0000] {processor.py:830} INFO - Processing file /opt/airflow/dags/01_data_fetch_mkCHtbls.py for tasks to queue
[2025-11-27T17:11:04.734+0000] {logging_mixin.py:188} INFO - [2025-11-27T17:11:04.734+0000] {dagbag.py:538} INFO - Filling up the DagBag from /opt/airflow/dags/01_data_fetch_mkCHtbls.py
[2025-11-27T17:11:12.216+0000] {processor.py:840} INFO - DAG(s) 'fetch_data' retrieved from /opt/airflow/dags/01_data_fetch_mkCHtbls.py
[2025-11-27T17:11:12.319+0000] {logging_mixin.py:188} INFO - [2025-11-27T17:11:12.317+0000] {dag.py:3036} INFO - Sync 1 DAGs
[2025-11-27T17:11:12.400+0000] {logging_mixin.py:188} INFO - [2025-11-27T17:11:12.399+0000] {dag.py:3823} INFO - Setting next_dagrun for fetch_data to 2025-11-27 00:00:00+00:00, run_after=2025-11-28 00:00:00+00:00
[2025-11-27T17:11:12.471+0000] {processor.py:183} INFO - Processing /opt/airflow/dags/01_data_fetch_mkCHtbls.py took 7.749 seconds
[2025-11-27T17:11:42.761+0000] {processor.py:161} INFO - Started process (PID=45938) to work on /opt/airflow/dags/01_data_fetch_mkCHtbls.py
[2025-11-27T17:11:42.764+0000] {processor.py:830} INFO - Processing file /opt/airflow/dags/01_data_fetch_mkCHtbls.py for tasks to queue
[2025-11-27T17:11:42.767+0000] {logging_mixin.py:188} INFO - [2025-11-27T17:11:42.766+0000] {dagbag.py:538} INFO - Filling up the DagBag from /opt/airflow/dags/01_data_fetch_mkCHtbls.py
[2025-11-27T17:11:49.771+0000] {processor.py:840} INFO - DAG(s) 'fetch_data' retrieved from /opt/airflow/dags/01_data_fetch_mkCHtbls.py
[2025-11-27T17:11:49.866+0000] {logging_mixin.py:188} INFO - [2025-11-27T17:11:49.865+0000] {dag.py:3036} INFO - Sync 1 DAGs
[2025-11-27T17:11:49.929+0000] {logging_mixin.py:188} INFO - [2025-11-27T17:11:49.928+0000] {dag.py:3823} INFO - Setting next_dagrun for fetch_data to 2025-11-27 00:00:00+00:00, run_after=2025-11-28 00:00:00+00:00
[2025-11-27T17:11:50.023+0000] {processor.py:183} INFO - Processing /opt/airflow/dags/01_data_fetch_mkCHtbls.py took 7.273 seconds
[2025-11-27T17:12:20.128+0000] {processor.py:161} INFO - Started process (PID=46008) to work on /opt/airflow/dags/01_data_fetch_mkCHtbls.py
[2025-11-27T17:12:20.132+0000] {processor.py:830} INFO - Processing file /opt/airflow/dags/01_data_fetch_mkCHtbls.py for tasks to queue
[2025-11-27T17:12:20.140+0000] {logging_mixin.py:188} INFO - [2025-11-27T17:12:20.139+0000] {dagbag.py:538} INFO - Filling up the DagBag from /opt/airflow/dags/01_data_fetch_mkCHtbls.py
[2025-11-27T17:12:26.037+0000] {processor.py:840} INFO - DAG(s) 'fetch_data' retrieved from /opt/airflow/dags/01_data_fetch_mkCHtbls.py
[2025-11-27T17:12:26.086+0000] {logging_mixin.py:188} INFO - [2025-11-27T17:12:26.085+0000] {dag.py:3036} INFO - Sync 1 DAGs
[2025-11-27T17:12:26.136+0000] {logging_mixin.py:188} INFO - [2025-11-27T17:12:26.136+0000] {dag.py:3823} INFO - Setting next_dagrun for fetch_data to 2025-11-27 00:00:00+00:00, run_after=2025-11-28 00:00:00+00:00
[2025-11-27T17:12:26.201+0000] {processor.py:183} INFO - Processing /opt/airflow/dags/01_data_fetch_mkCHtbls.py took 6.081 seconds
[2025-11-27T17:12:56.844+0000] {processor.py:161} INFO - Started process (PID=46078) to work on /opt/airflow/dags/01_data_fetch_mkCHtbls.py
[2025-11-27T17:12:56.847+0000] {processor.py:830} INFO - Processing file /opt/airflow/dags/01_data_fetch_mkCHtbls.py for tasks to queue
[2025-11-27T17:12:56.850+0000] {logging_mixin.py:188} INFO - [2025-11-27T17:12:56.849+0000] {dagbag.py:538} INFO - Filling up the DagBag from /opt/airflow/dags/01_data_fetch_mkCHtbls.py
[2025-11-27T17:13:03.622+0000] {processor.py:840} INFO - DAG(s) 'fetch_data' retrieved from /opt/airflow/dags/01_data_fetch_mkCHtbls.py
[2025-11-27T17:13:03.665+0000] {logging_mixin.py:188} INFO - [2025-11-27T17:13:03.664+0000] {dag.py:3036} INFO - Sync 1 DAGs
[2025-11-27T17:13:03.704+0000] {logging_mixin.py:188} INFO - [2025-11-27T17:13:03.703+0000] {dag.py:3823} INFO - Setting next_dagrun for fetch_data to 2025-11-27 00:00:00+00:00, run_after=2025-11-28 00:00:00+00:00
[2025-11-27T17:13:03.748+0000] {processor.py:183} INFO - Processing /opt/airflow/dags/01_data_fetch_mkCHtbls.py took 6.914 seconds
[2025-11-27T17:13:34.129+0000] {processor.py:161} INFO - Started process (PID=46153) to work on /opt/airflow/dags/01_data_fetch_mkCHtbls.py
[2025-11-27T17:13:34.131+0000] {processor.py:830} INFO - Processing file /opt/airflow/dags/01_data_fetch_mkCHtbls.py for tasks to queue
[2025-11-27T17:13:34.133+0000] {logging_mixin.py:188} INFO - [2025-11-27T17:13:34.133+0000] {dagbag.py:538} INFO - Filling up the DagBag from /opt/airflow/dags/01_data_fetch_mkCHtbls.py
[2025-11-27T17:13:40.345+0000] {processor.py:840} INFO - DAG(s) 'fetch_data' retrieved from /opt/airflow/dags/01_data_fetch_mkCHtbls.py
[2025-11-27T17:13:40.395+0000] {logging_mixin.py:188} INFO - [2025-11-27T17:13:40.394+0000] {dag.py:3036} INFO - Sync 1 DAGs
[2025-11-27T17:13:40.440+0000] {logging_mixin.py:188} INFO - [2025-11-27T17:13:40.439+0000] {dag.py:3823} INFO - Setting next_dagrun for fetch_data to 2025-11-27 00:00:00+00:00, run_after=2025-11-28 00:00:00+00:00
[2025-11-27T17:13:40.479+0000] {processor.py:183} INFO - Processing /opt/airflow/dags/01_data_fetch_mkCHtbls.py took 6.358 seconds
[2025-11-27T17:14:10.954+0000] {processor.py:161} INFO - Started process (PID=46243) to work on /opt/airflow/dags/01_data_fetch_mkCHtbls.py
[2025-11-27T17:14:10.957+0000] {processor.py:830} INFO - Processing file /opt/airflow/dags/01_data_fetch_mkCHtbls.py for tasks to queue
[2025-11-27T17:14:10.960+0000] {logging_mixin.py:188} INFO - [2025-11-27T17:14:10.959+0000] {dagbag.py:538} INFO - Filling up the DagBag from /opt/airflow/dags/01_data_fetch_mkCHtbls.py
[2025-11-27T17:14:16.912+0000] {processor.py:840} INFO - DAG(s) 'fetch_data' retrieved from /opt/airflow/dags/01_data_fetch_mkCHtbls.py
[2025-11-27T17:14:16.960+0000] {logging_mixin.py:188} INFO - [2025-11-27T17:14:16.959+0000] {dag.py:3036} INFO - Sync 1 DAGs
[2025-11-27T17:14:16.993+0000] {logging_mixin.py:188} INFO - [2025-11-27T17:14:16.992+0000] {dag.py:3823} INFO - Setting next_dagrun for fetch_data to 2025-11-27 00:00:00+00:00, run_after=2025-11-28 00:00:00+00:00
[2025-11-27T17:14:17.039+0000] {processor.py:183} INFO - Processing /opt/airflow/dags/01_data_fetch_mkCHtbls.py took 6.095 seconds
[2025-11-27T17:14:47.530+0000] {processor.py:161} INFO - Started process (PID=46313) to work on /opt/airflow/dags/01_data_fetch_mkCHtbls.py
[2025-11-27T17:14:47.532+0000] {processor.py:830} INFO - Processing file /opt/airflow/dags/01_data_fetch_mkCHtbls.py for tasks to queue
[2025-11-27T17:14:47.534+0000] {logging_mixin.py:188} INFO - [2025-11-27T17:14:47.533+0000] {dagbag.py:538} INFO - Filling up the DagBag from /opt/airflow/dags/01_data_fetch_mkCHtbls.py
[2025-11-27T17:14:54.094+0000] {processor.py:840} INFO - DAG(s) 'fetch_data' retrieved from /opt/airflow/dags/01_data_fetch_mkCHtbls.py
[2025-11-27T17:14:54.137+0000] {logging_mixin.py:188} INFO - [2025-11-27T17:14:54.137+0000] {dag.py:3036} INFO - Sync 1 DAGs
[2025-11-27T17:14:54.170+0000] {logging_mixin.py:188} INFO - [2025-11-27T17:14:54.169+0000] {dag.py:3823} INFO - Setting next_dagrun for fetch_data to 2025-11-27 00:00:00+00:00, run_after=2025-11-28 00:00:00+00:00
[2025-11-27T17:14:54.217+0000] {processor.py:183} INFO - Processing /opt/airflow/dags/01_data_fetch_mkCHtbls.py took 6.693 seconds
[2025-11-27T17:15:24.971+0000] {processor.py:161} INFO - Started process (PID=46404) to work on /opt/airflow/dags/01_data_fetch_mkCHtbls.py
[2025-11-27T17:15:24.973+0000] {processor.py:830} INFO - Processing file /opt/airflow/dags/01_data_fetch_mkCHtbls.py for tasks to queue
[2025-11-27T17:15:24.975+0000] {logging_mixin.py:188} INFO - [2025-11-27T17:15:24.975+0000] {dagbag.py:538} INFO - Filling up the DagBag from /opt/airflow/dags/01_data_fetch_mkCHtbls.py
[2025-11-27T17:15:31.174+0000] {processor.py:840} INFO - DAG(s) 'fetch_data' retrieved from /opt/airflow/dags/01_data_fetch_mkCHtbls.py
[2025-11-27T17:15:31.226+0000] {logging_mixin.py:188} INFO - [2025-11-27T17:15:31.226+0000] {dag.py:3036} INFO - Sync 1 DAGs
[2025-11-27T17:15:31.267+0000] {logging_mixin.py:188} INFO - [2025-11-27T17:15:31.267+0000] {dag.py:3823} INFO - Setting next_dagrun for fetch_data to 2025-11-27 00:00:00+00:00, run_after=2025-11-28 00:00:00+00:00
[2025-11-27T17:15:31.314+0000] {processor.py:183} INFO - Processing /opt/airflow/dags/01_data_fetch_mkCHtbls.py took 6.350 seconds
[2025-11-27T17:16:01.822+0000] {processor.py:161} INFO - Started process (PID=46474) to work on /opt/airflow/dags/01_data_fetch_mkCHtbls.py
[2025-11-27T17:16:01.824+0000] {processor.py:830} INFO - Processing file /opt/airflow/dags/01_data_fetch_mkCHtbls.py for tasks to queue
[2025-11-27T17:16:01.827+0000] {logging_mixin.py:188} INFO - [2025-11-27T17:16:01.826+0000] {dagbag.py:538} INFO - Filling up the DagBag from /opt/airflow/dags/01_data_fetch_mkCHtbls.py
[2025-11-27T17:16:09.101+0000] {processor.py:840} INFO - DAG(s) 'fetch_data' retrieved from /opt/airflow/dags/01_data_fetch_mkCHtbls.py
[2025-11-27T17:16:09.201+0000] {logging_mixin.py:188} INFO - [2025-11-27T17:16:09.200+0000] {dag.py:3036} INFO - Sync 1 DAGs
[2025-11-27T17:16:09.265+0000] {logging_mixin.py:188} INFO - [2025-11-27T17:16:09.265+0000] {dag.py:3823} INFO - Setting next_dagrun for fetch_data to 2025-11-27 00:00:00+00:00, run_after=2025-11-28 00:00:00+00:00
[2025-11-27T17:16:09.375+0000] {processor.py:183} INFO - Processing /opt/airflow/dags/01_data_fetch_mkCHtbls.py took 7.562 seconds
[2025-11-27T17:16:39.771+0000] {processor.py:161} INFO - Started process (PID=46569) to work on /opt/airflow/dags/01_data_fetch_mkCHtbls.py
[2025-11-27T17:16:39.777+0000] {processor.py:830} INFO - Processing file /opt/airflow/dags/01_data_fetch_mkCHtbls.py for tasks to queue
[2025-11-27T17:16:39.794+0000] {logging_mixin.py:188} INFO - [2025-11-27T17:16:39.792+0000] {dagbag.py:538} INFO - Filling up the DagBag from /opt/airflow/dags/01_data_fetch_mkCHtbls.py
[2025-11-27T17:16:47.132+0000] {processor.py:840} INFO - DAG(s) 'fetch_data' retrieved from /opt/airflow/dags/01_data_fetch_mkCHtbls.py
[2025-11-27T17:16:47.180+0000] {logging_mixin.py:188} INFO - [2025-11-27T17:16:47.180+0000] {dag.py:3036} INFO - Sync 1 DAGs
[2025-11-27T17:16:47.215+0000] {logging_mixin.py:188} INFO - [2025-11-27T17:16:47.215+0000] {dag.py:3823} INFO - Setting next_dagrun for fetch_data to 2025-11-27 00:00:00+00:00, run_after=2025-11-28 00:00:00+00:00
[2025-11-27T17:16:47.263+0000] {processor.py:183} INFO - Processing /opt/airflow/dags/01_data_fetch_mkCHtbls.py took 7.507 seconds
[2025-11-27T17:17:17.732+0000] {processor.py:161} INFO - Started process (PID=46639) to work on /opt/airflow/dags/01_data_fetch_mkCHtbls.py
[2025-11-27T17:17:17.734+0000] {processor.py:830} INFO - Processing file /opt/airflow/dags/01_data_fetch_mkCHtbls.py for tasks to queue
[2025-11-27T17:17:17.736+0000] {logging_mixin.py:188} INFO - [2025-11-27T17:17:17.735+0000] {dagbag.py:538} INFO - Filling up the DagBag from /opt/airflow/dags/01_data_fetch_mkCHtbls.py
[2025-11-27T17:17:24.988+0000] {processor.py:840} INFO - DAG(s) 'fetch_data' retrieved from /opt/airflow/dags/01_data_fetch_mkCHtbls.py
[2025-11-27T17:17:25.044+0000] {logging_mixin.py:188} INFO - [2025-11-27T17:17:25.043+0000] {dag.py:3036} INFO - Sync 1 DAGs
[2025-11-27T17:17:25.104+0000] {logging_mixin.py:188} INFO - [2025-11-27T17:17:25.103+0000] {dag.py:3823} INFO - Setting next_dagrun for fetch_data to 2025-11-27 00:00:00+00:00, run_after=2025-11-28 00:00:00+00:00
[2025-11-27T17:17:25.152+0000] {processor.py:183} INFO - Processing /opt/airflow/dags/01_data_fetch_mkCHtbls.py took 7.426 seconds
[2025-11-27T17:17:55.698+0000] {processor.py:161} INFO - Started process (PID=46709) to work on /opt/airflow/dags/01_data_fetch_mkCHtbls.py
[2025-11-27T17:17:55.701+0000] {processor.py:830} INFO - Processing file /opt/airflow/dags/01_data_fetch_mkCHtbls.py for tasks to queue
[2025-11-27T17:17:55.703+0000] {logging_mixin.py:188} INFO - [2025-11-27T17:17:55.702+0000] {dagbag.py:538} INFO - Filling up the DagBag from /opt/airflow/dags/01_data_fetch_mkCHtbls.py
[2025-11-27T17:18:03.612+0000] {processor.py:840} INFO - DAG(s) 'fetch_data' retrieved from /opt/airflow/dags/01_data_fetch_mkCHtbls.py
[2025-11-27T17:18:03.665+0000] {logging_mixin.py:188} INFO - [2025-11-27T17:18:03.665+0000] {dag.py:3036} INFO - Sync 1 DAGs
[2025-11-27T17:18:03.701+0000] {logging_mixin.py:188} INFO - [2025-11-27T17:18:03.701+0000] {dag.py:3823} INFO - Setting next_dagrun for fetch_data to 2025-11-27 00:00:00+00:00, run_after=2025-11-28 00:00:00+00:00
[2025-11-27T17:18:03.745+0000] {processor.py:183} INFO - Processing /opt/airflow/dags/01_data_fetch_mkCHtbls.py took 8.055 seconds
[2025-11-27T17:18:34.369+0000] {processor.py:161} INFO - Started process (PID=46800) to work on /opt/airflow/dags/01_data_fetch_mkCHtbls.py
[2025-11-27T17:18:34.372+0000] {processor.py:830} INFO - Processing file /opt/airflow/dags/01_data_fetch_mkCHtbls.py for tasks to queue
[2025-11-27T17:18:34.374+0000] {logging_mixin.py:188} INFO - [2025-11-27T17:18:34.373+0000] {dagbag.py:538} INFO - Filling up the DagBag from /opt/airflow/dags/01_data_fetch_mkCHtbls.py
[2025-11-27T17:18:41.078+0000] {processor.py:840} INFO - DAG(s) 'fetch_data' retrieved from /opt/airflow/dags/01_data_fetch_mkCHtbls.py
[2025-11-27T17:18:41.137+0000] {logging_mixin.py:188} INFO - [2025-11-27T17:18:41.137+0000] {dag.py:3036} INFO - Sync 1 DAGs
[2025-11-27T17:18:41.186+0000] {logging_mixin.py:188} INFO - [2025-11-27T17:18:41.185+0000] {dag.py:3823} INFO - Setting next_dagrun for fetch_data to 2025-11-27 00:00:00+00:00, run_after=2025-11-28 00:00:00+00:00
[2025-11-27T17:18:41.243+0000] {processor.py:183} INFO - Processing /opt/airflow/dags/01_data_fetch_mkCHtbls.py took 6.881 seconds
[2025-11-27T17:19:11.910+0000] {processor.py:161} INFO - Started process (PID=46875) to work on /opt/airflow/dags/01_data_fetch_mkCHtbls.py
[2025-11-27T17:19:11.917+0000] {processor.py:830} INFO - Processing file /opt/airflow/dags/01_data_fetch_mkCHtbls.py for tasks to queue
[2025-11-27T17:19:11.923+0000] {logging_mixin.py:188} INFO - [2025-11-27T17:19:11.921+0000] {dagbag.py:538} INFO - Filling up the DagBag from /opt/airflow/dags/01_data_fetch_mkCHtbls.py
[2025-11-27T17:19:18.251+0000] {processor.py:840} INFO - DAG(s) 'fetch_data' retrieved from /opt/airflow/dags/01_data_fetch_mkCHtbls.py
[2025-11-27T17:19:18.294+0000] {logging_mixin.py:188} INFO - [2025-11-27T17:19:18.294+0000] {dag.py:3036} INFO - Sync 1 DAGs
[2025-11-27T17:19:18.329+0000] {logging_mixin.py:188} INFO - [2025-11-27T17:19:18.328+0000] {dag.py:3823} INFO - Setting next_dagrun for fetch_data to 2025-11-27 00:00:00+00:00, run_after=2025-11-28 00:00:00+00:00
[2025-11-27T17:19:18.359+0000] {processor.py:183} INFO - Processing /opt/airflow/dags/01_data_fetch_mkCHtbls.py took 6.468 seconds
[2025-11-27T17:19:48.963+0000] {processor.py:161} INFO - Started process (PID=46965) to work on /opt/airflow/dags/01_data_fetch_mkCHtbls.py
[2025-11-27T17:19:48.966+0000] {processor.py:830} INFO - Processing file /opt/airflow/dags/01_data_fetch_mkCHtbls.py for tasks to queue
[2025-11-27T17:19:48.968+0000] {logging_mixin.py:188} INFO - [2025-11-27T17:19:48.968+0000] {dagbag.py:538} INFO - Filling up the DagBag from /opt/airflow/dags/01_data_fetch_mkCHtbls.py
[2025-11-27T17:19:56.151+0000] {processor.py:840} INFO - DAG(s) 'fetch_data' retrieved from /opt/airflow/dags/01_data_fetch_mkCHtbls.py
[2025-11-27T17:19:56.196+0000] {logging_mixin.py:188} INFO - [2025-11-27T17:19:56.196+0000] {dag.py:3036} INFO - Sync 1 DAGs
[2025-11-27T17:19:56.227+0000] {logging_mixin.py:188} INFO - [2025-11-27T17:19:56.227+0000] {dag.py:3823} INFO - Setting next_dagrun for fetch_data to 2025-11-27 00:00:00+00:00, run_after=2025-11-28 00:00:00+00:00
[2025-11-27T17:19:56.264+0000] {processor.py:183} INFO - Processing /opt/airflow/dags/01_data_fetch_mkCHtbls.py took 7.307 seconds
[2025-11-27T17:20:26.967+0000] {processor.py:161} INFO - Started process (PID=47035) to work on /opt/airflow/dags/01_data_fetch_mkCHtbls.py
[2025-11-27T17:20:26.969+0000] {processor.py:830} INFO - Processing file /opt/airflow/dags/01_data_fetch_mkCHtbls.py for tasks to queue
[2025-11-27T17:20:26.977+0000] {logging_mixin.py:188} INFO - [2025-11-27T17:20:26.975+0000] {dagbag.py:538} INFO - Filling up the DagBag from /opt/airflow/dags/01_data_fetch_mkCHtbls.py
[2025-11-27T17:20:33.597+0000] {processor.py:840} INFO - DAG(s) 'fetch_data' retrieved from /opt/airflow/dags/01_data_fetch_mkCHtbls.py
[2025-11-27T17:20:33.650+0000] {logging_mixin.py:188} INFO - [2025-11-27T17:20:33.650+0000] {dag.py:3036} INFO - Sync 1 DAGs
[2025-11-27T17:20:33.693+0000] {logging_mixin.py:188} INFO - [2025-11-27T17:20:33.693+0000] {dag.py:3823} INFO - Setting next_dagrun for fetch_data to 2025-11-27 00:00:00+00:00, run_after=2025-11-28 00:00:00+00:00
[2025-11-27T17:20:33.755+0000] {processor.py:183} INFO - Processing /opt/airflow/dags/01_data_fetch_mkCHtbls.py took 6.795 seconds
[2025-11-27T17:21:03.904+0000] {processor.py:161} INFO - Started process (PID=47105) to work on /opt/airflow/dags/01_data_fetch_mkCHtbls.py
[2025-11-27T17:21:03.906+0000] {processor.py:830} INFO - Processing file /opt/airflow/dags/01_data_fetch_mkCHtbls.py for tasks to queue
[2025-11-27T17:21:03.908+0000] {logging_mixin.py:188} INFO - [2025-11-27T17:21:03.908+0000] {dagbag.py:538} INFO - Filling up the DagBag from /opt/airflow/dags/01_data_fetch_mkCHtbls.py
[2025-11-27T17:21:10.414+0000] {processor.py:840} INFO - DAG(s) 'fetch_data' retrieved from /opt/airflow/dags/01_data_fetch_mkCHtbls.py
[2025-11-27T17:21:10.490+0000] {logging_mixin.py:188} INFO - [2025-11-27T17:21:10.490+0000] {dag.py:3036} INFO - Sync 1 DAGs
[2025-11-27T17:21:10.536+0000] {logging_mixin.py:188} INFO - [2025-11-27T17:21:10.535+0000] {dag.py:3823} INFO - Setting next_dagrun for fetch_data to 2025-11-27 00:00:00+00:00, run_after=2025-11-28 00:00:00+00:00
[2025-11-27T17:21:10.589+0000] {processor.py:183} INFO - Processing /opt/airflow/dags/01_data_fetch_mkCHtbls.py took 6.692 seconds
[2025-11-27T17:21:41.146+0000] {processor.py:161} INFO - Started process (PID=47175) to work on /opt/airflow/dags/01_data_fetch_mkCHtbls.py
[2025-11-27T17:21:41.150+0000] {processor.py:830} INFO - Processing file /opt/airflow/dags/01_data_fetch_mkCHtbls.py for tasks to queue
[2025-11-27T17:21:41.152+0000] {logging_mixin.py:188} INFO - [2025-11-27T17:21:41.151+0000] {dagbag.py:538} INFO - Filling up the DagBag from /opt/airflow/dags/01_data_fetch_mkCHtbls.py
[2025-11-27T17:21:48.765+0000] {processor.py:840} INFO - DAG(s) 'fetch_data' retrieved from /opt/airflow/dags/01_data_fetch_mkCHtbls.py
[2025-11-27T17:21:48.810+0000] {logging_mixin.py:188} INFO - [2025-11-27T17:21:48.809+0000] {dag.py:3036} INFO - Sync 1 DAGs
[2025-11-27T17:21:48.842+0000] {logging_mixin.py:188} INFO - [2025-11-27T17:21:48.842+0000] {dag.py:3823} INFO - Setting next_dagrun for fetch_data to 2025-11-27 00:00:00+00:00, run_after=2025-11-28 00:00:00+00:00
[2025-11-27T17:21:48.891+0000] {processor.py:183} INFO - Processing /opt/airflow/dags/01_data_fetch_mkCHtbls.py took 7.755 seconds
[2025-11-27T17:22:19.363+0000] {processor.py:161} INFO - Started process (PID=47291) to work on /opt/airflow/dags/01_data_fetch_mkCHtbls.py
[2025-11-27T17:22:19.373+0000] {processor.py:830} INFO - Processing file /opt/airflow/dags/01_data_fetch_mkCHtbls.py for tasks to queue
[2025-11-27T17:22:19.381+0000] {logging_mixin.py:188} INFO - [2025-11-27T17:22:19.379+0000] {dagbag.py:538} INFO - Filling up the DagBag from /opt/airflow/dags/01_data_fetch_mkCHtbls.py
[2025-11-27T17:22:26.207+0000] {processor.py:840} INFO - DAG(s) 'fetch_data' retrieved from /opt/airflow/dags/01_data_fetch_mkCHtbls.py
[2025-11-27T17:22:26.263+0000] {logging_mixin.py:188} INFO - [2025-11-27T17:22:26.263+0000] {dag.py:3036} INFO - Sync 1 DAGs
[2025-11-27T17:22:26.297+0000] {logging_mixin.py:188} INFO - [2025-11-27T17:22:26.296+0000] {dag.py:3823} INFO - Setting next_dagrun for fetch_data to 2025-11-27 00:00:00+00:00, run_after=2025-11-28 00:00:00+00:00
[2025-11-27T17:22:26.343+0000] {processor.py:183} INFO - Processing /opt/airflow/dags/01_data_fetch_mkCHtbls.py took 6.994 seconds
[2025-11-27T17:22:56.494+0000] {processor.py:161} INFO - Started process (PID=47361) to work on /opt/airflow/dags/01_data_fetch_mkCHtbls.py
[2025-11-27T17:22:56.496+0000] {processor.py:830} INFO - Processing file /opt/airflow/dags/01_data_fetch_mkCHtbls.py for tasks to queue
[2025-11-27T17:22:56.498+0000] {logging_mixin.py:188} INFO - [2025-11-27T17:22:56.498+0000] {dagbag.py:538} INFO - Filling up the DagBag from /opt/airflow/dags/01_data_fetch_mkCHtbls.py
[2025-11-27T17:23:03.991+0000] {processor.py:840} INFO - DAG(s) 'fetch_data' retrieved from /opt/airflow/dags/01_data_fetch_mkCHtbls.py
[2025-11-27T17:23:04.055+0000] {logging_mixin.py:188} INFO - [2025-11-27T17:23:04.055+0000] {dag.py:3036} INFO - Sync 1 DAGs
[2025-11-27T17:23:04.087+0000] {logging_mixin.py:188} INFO - [2025-11-27T17:23:04.087+0000] {dag.py:3823} INFO - Setting next_dagrun for fetch_data to 2025-11-27 00:00:00+00:00, run_after=2025-11-28 00:00:00+00:00
[2025-11-27T17:23:04.133+0000] {processor.py:183} INFO - Processing /opt/airflow/dags/01_data_fetch_mkCHtbls.py took 7.647 seconds
[2025-11-27T17:23:34.609+0000] {processor.py:161} INFO - Started process (PID=47431) to work on /opt/airflow/dags/01_data_fetch_mkCHtbls.py
[2025-11-27T17:23:34.611+0000] {processor.py:830} INFO - Processing file /opt/airflow/dags/01_data_fetch_mkCHtbls.py for tasks to queue
[2025-11-27T17:23:34.612+0000] {logging_mixin.py:188} INFO - [2025-11-27T17:23:34.612+0000] {dagbag.py:538} INFO - Filling up the DagBag from /opt/airflow/dags/01_data_fetch_mkCHtbls.py
[2025-11-27T17:23:41.350+0000] {processor.py:840} INFO - DAG(s) 'fetch_data' retrieved from /opt/airflow/dags/01_data_fetch_mkCHtbls.py
[2025-11-27T17:23:41.420+0000] {logging_mixin.py:188} INFO - [2025-11-27T17:23:41.418+0000] {dag.py:3036} INFO - Sync 1 DAGs
[2025-11-27T17:23:41.488+0000] {logging_mixin.py:188} INFO - [2025-11-27T17:23:41.487+0000] {dag.py:3823} INFO - Setting next_dagrun for fetch_data to 2025-11-27 00:00:00+00:00, run_after=2025-11-28 00:00:00+00:00
[2025-11-27T17:23:41.544+0000] {processor.py:183} INFO - Processing /opt/airflow/dags/01_data_fetch_mkCHtbls.py took 6.942 seconds
[2025-11-27T17:24:11.873+0000] {processor.py:161} INFO - Started process (PID=47501) to work on /opt/airflow/dags/01_data_fetch_mkCHtbls.py
[2025-11-27T17:24:11.876+0000] {processor.py:830} INFO - Processing file /opt/airflow/dags/01_data_fetch_mkCHtbls.py for tasks to queue
[2025-11-27T17:24:11.880+0000] {logging_mixin.py:188} INFO - [2025-11-27T17:24:11.879+0000] {dagbag.py:538} INFO - Filling up the DagBag from /opt/airflow/dags/01_data_fetch_mkCHtbls.py
[2025-11-27T17:24:21.589+0000] {processor.py:840} INFO - DAG(s) 'fetch_data' retrieved from /opt/airflow/dags/01_data_fetch_mkCHtbls.py
[2025-11-27T17:24:21.654+0000] {logging_mixin.py:188} INFO - [2025-11-27T17:24:21.654+0000] {dag.py:3036} INFO - Sync 1 DAGs
[2025-11-27T17:24:21.711+0000] {logging_mixin.py:188} INFO - [2025-11-27T17:24:21.710+0000] {dag.py:3823} INFO - Setting next_dagrun for fetch_data to 2025-11-27 00:00:00+00:00, run_after=2025-11-28 00:00:00+00:00
[2025-11-27T17:24:21.805+0000] {processor.py:183} INFO - Processing /opt/airflow/dags/01_data_fetch_mkCHtbls.py took 9.941 seconds
[2025-11-27T17:24:52.376+0000] {processor.py:161} INFO - Started process (PID=47576) to work on /opt/airflow/dags/01_data_fetch_mkCHtbls.py
[2025-11-27T17:24:52.383+0000] {processor.py:830} INFO - Processing file /opt/airflow/dags/01_data_fetch_mkCHtbls.py for tasks to queue
[2025-11-27T17:24:52.386+0000] {logging_mixin.py:188} INFO - [2025-11-27T17:24:52.385+0000] {dagbag.py:538} INFO - Filling up the DagBag from /opt/airflow/dags/01_data_fetch_mkCHtbls.py
[2025-11-27T17:24:59.366+0000] {processor.py:840} INFO - DAG(s) 'fetch_data' retrieved from /opt/airflow/dags/01_data_fetch_mkCHtbls.py
[2025-11-27T17:24:59.505+0000] {logging_mixin.py:188} INFO - [2025-11-27T17:24:59.504+0000] {dag.py:3036} INFO - Sync 1 DAGs
[2025-11-27T17:24:59.566+0000] {logging_mixin.py:188} INFO - [2025-11-27T17:24:59.565+0000] {dag.py:3823} INFO - Setting next_dagrun for fetch_data to 2025-11-27 00:00:00+00:00, run_after=2025-11-28 00:00:00+00:00
[2025-11-27T17:24:59.661+0000] {processor.py:183} INFO - Processing /opt/airflow/dags/01_data_fetch_mkCHtbls.py took 7.293 seconds
[2025-11-27T17:25:30.345+0000] {processor.py:161} INFO - Started process (PID=47687) to work on /opt/airflow/dags/01_data_fetch_mkCHtbls.py
[2025-11-27T17:25:30.348+0000] {processor.py:830} INFO - Processing file /opt/airflow/dags/01_data_fetch_mkCHtbls.py for tasks to queue
[2025-11-27T17:25:30.350+0000] {logging_mixin.py:188} INFO - [2025-11-27T17:25:30.349+0000] {dagbag.py:538} INFO - Filling up the DagBag from /opt/airflow/dags/01_data_fetch_mkCHtbls.py
[2025-11-27T17:25:37.297+0000] {processor.py:840} INFO - DAG(s) 'fetch_data' retrieved from /opt/airflow/dags/01_data_fetch_mkCHtbls.py
[2025-11-27T17:25:37.359+0000] {logging_mixin.py:188} INFO - [2025-11-27T17:25:37.358+0000] {dag.py:3036} INFO - Sync 1 DAGs
[2025-11-27T17:25:37.413+0000] {logging_mixin.py:188} INFO - [2025-11-27T17:25:37.413+0000] {dag.py:3823} INFO - Setting next_dagrun for fetch_data to 2025-11-27 00:00:00+00:00, run_after=2025-11-28 00:00:00+00:00
[2025-11-27T17:25:37.458+0000] {processor.py:183} INFO - Processing /opt/airflow/dags/01_data_fetch_mkCHtbls.py took 7.121 seconds
[2025-11-27T17:26:07.562+0000] {processor.py:161} INFO - Started process (PID=47757) to work on /opt/airflow/dags/01_data_fetch_mkCHtbls.py
[2025-11-27T17:26:07.565+0000] {processor.py:830} INFO - Processing file /opt/airflow/dags/01_data_fetch_mkCHtbls.py for tasks to queue
[2025-11-27T17:26:07.569+0000] {logging_mixin.py:188} INFO - [2025-11-27T17:26:07.567+0000] {dagbag.py:538} INFO - Filling up the DagBag from /opt/airflow/dags/01_data_fetch_mkCHtbls.py
[2025-11-27T17:26:17.085+0000] {processor.py:840} INFO - DAG(s) 'fetch_data' retrieved from /opt/airflow/dags/01_data_fetch_mkCHtbls.py
[2025-11-27T17:26:17.173+0000] {logging_mixin.py:188} INFO - [2025-11-27T17:26:17.172+0000] {dag.py:3036} INFO - Sync 1 DAGs
[2025-11-27T17:26:17.246+0000] {logging_mixin.py:188} INFO - [2025-11-27T17:26:17.246+0000] {dag.py:3823} INFO - Setting next_dagrun for fetch_data to 2025-11-27 00:00:00+00:00, run_after=2025-11-28 00:00:00+00:00
[2025-11-27T17:26:17.317+0000] {processor.py:183} INFO - Processing /opt/airflow/dags/01_data_fetch_mkCHtbls.py took 9.763 seconds
[2025-11-27T17:26:47.810+0000] {processor.py:161} INFO - Started process (PID=47827) to work on /opt/airflow/dags/01_data_fetch_mkCHtbls.py
[2025-11-27T17:26:47.814+0000] {processor.py:830} INFO - Processing file /opt/airflow/dags/01_data_fetch_mkCHtbls.py for tasks to queue
[2025-11-27T17:26:47.818+0000] {logging_mixin.py:188} INFO - [2025-11-27T17:26:47.817+0000] {dagbag.py:538} INFO - Filling up the DagBag from /opt/airflow/dags/01_data_fetch_mkCHtbls.py
[2025-11-27T17:26:55.113+0000] {processor.py:840} INFO - DAG(s) 'fetch_data' retrieved from /opt/airflow/dags/01_data_fetch_mkCHtbls.py
[2025-11-27T17:26:55.163+0000] {logging_mixin.py:188} INFO - [2025-11-27T17:26:55.163+0000] {dag.py:3036} INFO - Sync 1 DAGs
[2025-11-27T17:26:55.202+0000] {logging_mixin.py:188} INFO - [2025-11-27T17:26:55.201+0000] {dag.py:3823} INFO - Setting next_dagrun for fetch_data to 2025-11-27 00:00:00+00:00, run_after=2025-11-28 00:00:00+00:00
[2025-11-27T17:26:55.248+0000] {processor.py:183} INFO - Processing /opt/airflow/dags/01_data_fetch_mkCHtbls.py took 7.446 seconds
[2025-11-27T17:27:25.312+0000] {processor.py:161} INFO - Started process (PID=47902) to work on /opt/airflow/dags/01_data_fetch_mkCHtbls.py
[2025-11-27T17:27:25.315+0000] {processor.py:830} INFO - Processing file /opt/airflow/dags/01_data_fetch_mkCHtbls.py for tasks to queue
[2025-11-27T17:27:25.317+0000] {logging_mixin.py:188} INFO - [2025-11-27T17:27:25.316+0000] {dagbag.py:538} INFO - Filling up the DagBag from /opt/airflow/dags/01_data_fetch_mkCHtbls.py
[2025-11-27T17:27:32.109+0000] {processor.py:840} INFO - DAG(s) 'fetch_data' retrieved from /opt/airflow/dags/01_data_fetch_mkCHtbls.py
[2025-11-27T17:27:32.166+0000] {logging_mixin.py:188} INFO - [2025-11-27T17:27:32.166+0000] {dag.py:3036} INFO - Sync 1 DAGs
[2025-11-27T17:27:32.221+0000] {logging_mixin.py:188} INFO - [2025-11-27T17:27:32.221+0000] {dag.py:3823} INFO - Setting next_dagrun for fetch_data to 2025-11-27 00:00:00+00:00, run_after=2025-11-28 00:00:00+00:00
[2025-11-27T17:27:32.261+0000] {processor.py:183} INFO - Processing /opt/airflow/dags/01_data_fetch_mkCHtbls.py took 6.956 seconds
[2025-11-27T17:28:02.716+0000] {processor.py:161} INFO - Started process (PID=47992) to work on /opt/airflow/dags/01_data_fetch_mkCHtbls.py
[2025-11-27T17:28:02.719+0000] {processor.py:830} INFO - Processing file /opt/airflow/dags/01_data_fetch_mkCHtbls.py for tasks to queue
[2025-11-27T17:28:02.722+0000] {logging_mixin.py:188} INFO - [2025-11-27T17:28:02.721+0000] {dagbag.py:538} INFO - Filling up the DagBag from /opt/airflow/dags/01_data_fetch_mkCHtbls.py
[2025-11-27T17:28:09.917+0000] {processor.py:840} INFO - DAG(s) 'fetch_data' retrieved from /opt/airflow/dags/01_data_fetch_mkCHtbls.py
[2025-11-27T17:28:09.966+0000] {logging_mixin.py:188} INFO - [2025-11-27T17:28:09.966+0000] {dag.py:3036} INFO - Sync 1 DAGs
[2025-11-27T17:28:10.002+0000] {logging_mixin.py:188} INFO - [2025-11-27T17:28:10.001+0000] {dag.py:3823} INFO - Setting next_dagrun for fetch_data to 2025-11-27 00:00:00+00:00, run_after=2025-11-28 00:00:00+00:00
[2025-11-27T17:28:10.054+0000] {processor.py:183} INFO - Processing /opt/airflow/dags/01_data_fetch_mkCHtbls.py took 7.347 seconds
[2025-11-27T17:28:40.540+0000] {processor.py:161} INFO - Started process (PID=48083) to work on /opt/airflow/dags/01_data_fetch_mkCHtbls.py
[2025-11-27T17:28:40.543+0000] {processor.py:830} INFO - Processing file /opt/airflow/dags/01_data_fetch_mkCHtbls.py for tasks to queue
[2025-11-27T17:28:40.545+0000] {logging_mixin.py:188} INFO - [2025-11-27T17:28:40.545+0000] {dagbag.py:538} INFO - Filling up the DagBag from /opt/airflow/dags/01_data_fetch_mkCHtbls.py
[2025-11-27T17:28:47.779+0000] {processor.py:840} INFO - DAG(s) 'fetch_data' retrieved from /opt/airflow/dags/01_data_fetch_mkCHtbls.py
[2025-11-27T17:28:47.834+0000] {logging_mixin.py:188} INFO - [2025-11-27T17:28:47.834+0000] {dag.py:3036} INFO - Sync 1 DAGs
[2025-11-27T17:28:47.887+0000] {logging_mixin.py:188} INFO - [2025-11-27T17:28:47.887+0000] {dag.py:3823} INFO - Setting next_dagrun for fetch_data to 2025-11-27 00:00:00+00:00, run_after=2025-11-28 00:00:00+00:00
[2025-11-27T17:28:47.923+0000] {processor.py:183} INFO - Processing /opt/airflow/dags/01_data_fetch_mkCHtbls.py took 7.391 seconds
[2025-11-27T17:29:18.108+0000] {processor.py:161} INFO - Started process (PID=48153) to work on /opt/airflow/dags/01_data_fetch_mkCHtbls.py
[2025-11-27T17:29:18.111+0000] {processor.py:830} INFO - Processing file /opt/airflow/dags/01_data_fetch_mkCHtbls.py for tasks to queue
[2025-11-27T17:29:18.113+0000] {logging_mixin.py:188} INFO - [2025-11-27T17:29:18.112+0000] {dagbag.py:538} INFO - Filling up the DagBag from /opt/airflow/dags/01_data_fetch_mkCHtbls.py
[2025-11-27T17:29:25.957+0000] {processor.py:840} INFO - DAG(s) 'fetch_data' retrieved from /opt/airflow/dags/01_data_fetch_mkCHtbls.py
[2025-11-27T17:29:26.035+0000] {logging_mixin.py:188} INFO - [2025-11-27T17:29:26.033+0000] {dag.py:3036} INFO - Sync 1 DAGs
[2025-11-27T17:29:26.070+0000] {logging_mixin.py:188} INFO - [2025-11-27T17:29:26.069+0000] {dag.py:3823} INFO - Setting next_dagrun for fetch_data to 2025-11-27 00:00:00+00:00, run_after=2025-11-28 00:00:00+00:00
[2025-11-27T17:29:26.117+0000] {processor.py:183} INFO - Processing /opt/airflow/dags/01_data_fetch_mkCHtbls.py took 8.014 seconds
[2025-11-27T17:29:56.872+0000] {processor.py:161} INFO - Started process (PID=48228) to work on /opt/airflow/dags/01_data_fetch_mkCHtbls.py
[2025-11-27T17:29:56.874+0000] {processor.py:830} INFO - Processing file /opt/airflow/dags/01_data_fetch_mkCHtbls.py for tasks to queue
[2025-11-27T17:29:56.876+0000] {logging_mixin.py:188} INFO - [2025-11-27T17:29:56.876+0000] {dagbag.py:538} INFO - Filling up the DagBag from /opt/airflow/dags/01_data_fetch_mkCHtbls.py
[2025-11-27T17:30:04.179+0000] {processor.py:840} INFO - DAG(s) 'fetch_data' retrieved from /opt/airflow/dags/01_data_fetch_mkCHtbls.py
[2025-11-27T17:30:04.231+0000] {logging_mixin.py:188} INFO - [2025-11-27T17:30:04.231+0000] {dag.py:3036} INFO - Sync 1 DAGs
[2025-11-27T17:30:04.270+0000] {logging_mixin.py:188} INFO - [2025-11-27T17:30:04.269+0000] {dag.py:3823} INFO - Setting next_dagrun for fetch_data to 2025-11-27 00:00:00+00:00, run_after=2025-11-28 00:00:00+00:00
[2025-11-27T17:30:04.318+0000] {processor.py:183} INFO - Processing /opt/airflow/dags/01_data_fetch_mkCHtbls.py took 7.453 seconds
[2025-11-27T17:30:34.682+0000] {processor.py:161} INFO - Started process (PID=48298) to work on /opt/airflow/dags/01_data_fetch_mkCHtbls.py
[2025-11-27T17:30:34.684+0000] {processor.py:830} INFO - Processing file /opt/airflow/dags/01_data_fetch_mkCHtbls.py for tasks to queue
[2025-11-27T17:30:34.686+0000] {logging_mixin.py:188} INFO - [2025-11-27T17:30:34.685+0000] {dagbag.py:538} INFO - Filling up the DagBag from /opt/airflow/dags/01_data_fetch_mkCHtbls.py
[2025-11-27T17:30:42.217+0000] {processor.py:840} INFO - DAG(s) 'fetch_data' retrieved from /opt/airflow/dags/01_data_fetch_mkCHtbls.py
[2025-11-27T17:30:42.347+0000] {logging_mixin.py:188} INFO - [2025-11-27T17:30:42.346+0000] {dag.py:3036} INFO - Sync 1 DAGs
[2025-11-27T17:30:42.424+0000] {logging_mixin.py:188} INFO - [2025-11-27T17:30:42.424+0000] {dag.py:3823} INFO - Setting next_dagrun for fetch_data to 2025-11-27 00:00:00+00:00, run_after=2025-11-28 00:00:00+00:00
[2025-11-27T17:30:42.473+0000] {processor.py:183} INFO - Processing /opt/airflow/dags/01_data_fetch_mkCHtbls.py took 7.798 seconds
[2025-11-27T17:31:13.389+0000] {processor.py:161} INFO - Started process (PID=48388) to work on /opt/airflow/dags/01_data_fetch_mkCHtbls.py
[2025-11-27T17:31:13.391+0000] {processor.py:830} INFO - Processing file /opt/airflow/dags/01_data_fetch_mkCHtbls.py for tasks to queue
[2025-11-27T17:31:13.393+0000] {logging_mixin.py:188} INFO - [2025-11-27T17:31:13.393+0000] {dagbag.py:538} INFO - Filling up the DagBag from /opt/airflow/dags/01_data_fetch_mkCHtbls.py
[2025-11-27T17:31:20.373+0000] {processor.py:840} INFO - DAG(s) 'fetch_data' retrieved from /opt/airflow/dags/01_data_fetch_mkCHtbls.py
[2025-11-27T17:31:20.425+0000] {logging_mixin.py:188} INFO - [2025-11-27T17:31:20.425+0000] {dag.py:3036} INFO - Sync 1 DAGs
[2025-11-27T17:31:20.465+0000] {logging_mixin.py:188} INFO - [2025-11-27T17:31:20.464+0000] {dag.py:3823} INFO - Setting next_dagrun for fetch_data to 2025-11-27 00:00:00+00:00, run_after=2025-11-28 00:00:00+00:00
[2025-11-27T17:31:20.514+0000] {processor.py:183} INFO - Processing /opt/airflow/dags/01_data_fetch_mkCHtbls.py took 7.133 seconds
[2025-11-27T17:31:50.738+0000] {processor.py:161} INFO - Started process (PID=48479) to work on /opt/airflow/dags/01_data_fetch_mkCHtbls.py
[2025-11-27T17:31:50.741+0000] {processor.py:830} INFO - Processing file /opt/airflow/dags/01_data_fetch_mkCHtbls.py for tasks to queue
[2025-11-27T17:31:50.743+0000] {logging_mixin.py:188} INFO - [2025-11-27T17:31:50.742+0000] {dagbag.py:538} INFO - Filling up the DagBag from /opt/airflow/dags/01_data_fetch_mkCHtbls.py
[2025-11-27T17:31:57.889+0000] {processor.py:840} INFO - DAG(s) 'fetch_data' retrieved from /opt/airflow/dags/01_data_fetch_mkCHtbls.py
[2025-11-27T17:31:57.955+0000] {logging_mixin.py:188} INFO - [2025-11-27T17:31:57.954+0000] {dag.py:3036} INFO - Sync 1 DAGs
[2025-11-27T17:31:58.001+0000] {logging_mixin.py:188} INFO - [2025-11-27T17:31:58.001+0000] {dag.py:3823} INFO - Setting next_dagrun for fetch_data to 2025-11-27 00:00:00+00:00, run_after=2025-11-28 00:00:00+00:00
[2025-11-27T17:31:58.046+0000] {processor.py:183} INFO - Processing /opt/airflow/dags/01_data_fetch_mkCHtbls.py took 7.315 seconds
[2025-11-27T17:32:28.475+0000] {processor.py:161} INFO - Started process (PID=48549) to work on /opt/airflow/dags/01_data_fetch_mkCHtbls.py
[2025-11-27T17:32:28.477+0000] {processor.py:830} INFO - Processing file /opt/airflow/dags/01_data_fetch_mkCHtbls.py for tasks to queue
[2025-11-27T17:32:28.479+0000] {logging_mixin.py:188} INFO - [2025-11-27T17:32:28.478+0000] {dagbag.py:538} INFO - Filling up the DagBag from /opt/airflow/dags/01_data_fetch_mkCHtbls.py
[2025-11-27T17:32:35.815+0000] {processor.py:840} INFO - DAG(s) 'fetch_data' retrieved from /opt/airflow/dags/01_data_fetch_mkCHtbls.py
[2025-11-27T17:32:35.893+0000] {logging_mixin.py:188} INFO - [2025-11-27T17:32:35.892+0000] {dag.py:3036} INFO - Sync 1 DAGs
[2025-11-27T17:32:35.939+0000] {logging_mixin.py:188} INFO - [2025-11-27T17:32:35.939+0000] {dag.py:3823} INFO - Setting next_dagrun for fetch_data to 2025-11-27 00:00:00+00:00, run_after=2025-11-28 00:00:00+00:00
[2025-11-27T17:32:35.987+0000] {processor.py:183} INFO - Processing /opt/airflow/dags/01_data_fetch_mkCHtbls.py took 7.520 seconds
[2025-11-27T17:33:06.516+0000] {processor.py:161} INFO - Started process (PID=48624) to work on /opt/airflow/dags/01_data_fetch_mkCHtbls.py
[2025-11-27T17:33:06.519+0000] {processor.py:830} INFO - Processing file /opt/airflow/dags/01_data_fetch_mkCHtbls.py for tasks to queue
[2025-11-27T17:33:06.522+0000] {logging_mixin.py:188} INFO - [2025-11-27T17:33:06.521+0000] {dagbag.py:538} INFO - Filling up the DagBag from /opt/airflow/dags/01_data_fetch_mkCHtbls.py
[2025-11-27T17:33:14.824+0000] {processor.py:840} INFO - DAG(s) 'fetch_data' retrieved from /opt/airflow/dags/01_data_fetch_mkCHtbls.py
[2025-11-27T17:33:14.888+0000] {logging_mixin.py:188} INFO - [2025-11-27T17:33:14.887+0000] {dag.py:3036} INFO - Sync 1 DAGs
[2025-11-27T17:33:14.936+0000] {logging_mixin.py:188} INFO - [2025-11-27T17:33:14.935+0000] {dag.py:3823} INFO - Setting next_dagrun for fetch_data to 2025-11-27 00:00:00+00:00, run_after=2025-11-28 00:00:00+00:00
[2025-11-27T17:33:15.003+0000] {processor.py:183} INFO - Processing /opt/airflow/dags/01_data_fetch_mkCHtbls.py took 8.497 seconds
[2025-11-27T17:33:45.342+0000] {processor.py:161} INFO - Started process (PID=48714) to work on /opt/airflow/dags/01_data_fetch_mkCHtbls.py
[2025-11-27T17:33:45.346+0000] {processor.py:830} INFO - Processing file /opt/airflow/dags/01_data_fetch_mkCHtbls.py for tasks to queue
[2025-11-27T17:33:45.348+0000] {logging_mixin.py:188} INFO - [2025-11-27T17:33:45.348+0000] {dagbag.py:538} INFO - Filling up the DagBag from /opt/airflow/dags/01_data_fetch_mkCHtbls.py
[2025-11-27T17:33:52.106+0000] {processor.py:840} INFO - DAG(s) 'fetch_data' retrieved from /opt/airflow/dags/01_data_fetch_mkCHtbls.py
[2025-11-27T17:33:52.160+0000] {logging_mixin.py:188} INFO - [2025-11-27T17:33:52.160+0000] {dag.py:3036} INFO - Sync 1 DAGs
[2025-11-27T17:33:52.201+0000] {logging_mixin.py:188} INFO - [2025-11-27T17:33:52.201+0000] {dag.py:3823} INFO - Setting next_dagrun for fetch_data to 2025-11-27 00:00:00+00:00, run_after=2025-11-28 00:00:00+00:00
[2025-11-27T17:33:52.251+0000] {processor.py:183} INFO - Processing /opt/airflow/dags/01_data_fetch_mkCHtbls.py took 6.916 seconds
[2025-11-27T17:34:22.734+0000] {processor.py:161} INFO - Started process (PID=48784) to work on /opt/airflow/dags/01_data_fetch_mkCHtbls.py
[2025-11-27T17:34:22.738+0000] {processor.py:830} INFO - Processing file /opt/airflow/dags/01_data_fetch_mkCHtbls.py for tasks to queue
[2025-11-27T17:34:22.743+0000] {logging_mixin.py:188} INFO - [2025-11-27T17:34:22.742+0000] {dagbag.py:538} INFO - Filling up the DagBag from /opt/airflow/dags/01_data_fetch_mkCHtbls.py
[2025-11-27T17:34:30.662+0000] {processor.py:840} INFO - DAG(s) 'fetch_data' retrieved from /opt/airflow/dags/01_data_fetch_mkCHtbls.py
[2025-11-27T17:34:30.718+0000] {logging_mixin.py:188} INFO - [2025-11-27T17:34:30.717+0000] {dag.py:3036} INFO - Sync 1 DAGs
[2025-11-27T17:34:30.759+0000] {logging_mixin.py:188} INFO - [2025-11-27T17:34:30.758+0000] {dag.py:3823} INFO - Setting next_dagrun for fetch_data to 2025-11-27 00:00:00+00:00, run_after=2025-11-28 00:00:00+00:00
[2025-11-27T17:34:30.844+0000] {processor.py:183} INFO - Processing /opt/airflow/dags/01_data_fetch_mkCHtbls.py took 8.123 seconds
[2025-11-27T17:35:01.507+0000] {processor.py:161} INFO - Started process (PID=48875) to work on /opt/airflow/dags/01_data_fetch_mkCHtbls.py
[2025-11-27T17:35:01.511+0000] {processor.py:830} INFO - Processing file /opt/airflow/dags/01_data_fetch_mkCHtbls.py for tasks to queue
[2025-11-27T17:35:01.515+0000] {logging_mixin.py:188} INFO - [2025-11-27T17:35:01.513+0000] {dagbag.py:538} INFO - Filling up the DagBag from /opt/airflow/dags/01_data_fetch_mkCHtbls.py
[2025-11-27T17:35:08.611+0000] {processor.py:840} INFO - DAG(s) 'fetch_data' retrieved from /opt/airflow/dags/01_data_fetch_mkCHtbls.py
[2025-11-27T17:35:08.689+0000] {logging_mixin.py:188} INFO - [2025-11-27T17:35:08.689+0000] {dag.py:3036} INFO - Sync 1 DAGs
[2025-11-27T17:35:08.750+0000] {logging_mixin.py:188} INFO - [2025-11-27T17:35:08.749+0000] {dag.py:3823} INFO - Setting next_dagrun for fetch_data to 2025-11-27 00:00:00+00:00, run_after=2025-11-28 00:00:00+00:00
[2025-11-27T17:35:08.808+0000] {processor.py:183} INFO - Processing /opt/airflow/dags/01_data_fetch_mkCHtbls.py took 7.312 seconds
[2025-11-27T17:35:39.255+0000] {processor.py:161} INFO - Started process (PID=48950) to work on /opt/airflow/dags/01_data_fetch_mkCHtbls.py
[2025-11-27T17:35:39.259+0000] {processor.py:830} INFO - Processing file /opt/airflow/dags/01_data_fetch_mkCHtbls.py for tasks to queue
[2025-11-27T17:35:39.265+0000] {logging_mixin.py:188} INFO - [2025-11-27T17:35:39.262+0000] {dagbag.py:538} INFO - Filling up the DagBag from /opt/airflow/dags/01_data_fetch_mkCHtbls.py
[2025-11-27T17:35:46.097+0000] {processor.py:840} INFO - DAG(s) 'fetch_data' retrieved from /opt/airflow/dags/01_data_fetch_mkCHtbls.py
[2025-11-27T17:35:46.156+0000] {logging_mixin.py:188} INFO - [2025-11-27T17:35:46.156+0000] {dag.py:3036} INFO - Sync 1 DAGs
[2025-11-27T17:35:46.196+0000] {logging_mixin.py:188} INFO - [2025-11-27T17:35:46.195+0000] {dag.py:3823} INFO - Setting next_dagrun for fetch_data to 2025-11-27 00:00:00+00:00, run_after=2025-11-28 00:00:00+00:00
[2025-11-27T17:35:46.229+0000] {processor.py:183} INFO - Processing /opt/airflow/dags/01_data_fetch_mkCHtbls.py took 6.989 seconds
[2025-11-27T17:36:16.479+0000] {processor.py:161} INFO - Started process (PID=49020) to work on /opt/airflow/dags/01_data_fetch_mkCHtbls.py
[2025-11-27T17:36:16.481+0000] {processor.py:830} INFO - Processing file /opt/airflow/dags/01_data_fetch_mkCHtbls.py for tasks to queue
[2025-11-27T17:36:16.483+0000] {logging_mixin.py:188} INFO - [2025-11-27T17:36:16.483+0000] {dagbag.py:538} INFO - Filling up the DagBag from /opt/airflow/dags/01_data_fetch_mkCHtbls.py
[2025-11-27T17:36:24.439+0000] {processor.py:840} INFO - DAG(s) 'fetch_data' retrieved from /opt/airflow/dags/01_data_fetch_mkCHtbls.py
[2025-11-27T17:36:24.500+0000] {logging_mixin.py:188} INFO - [2025-11-27T17:36:24.500+0000] {dag.py:3036} INFO - Sync 1 DAGs
[2025-11-27T17:36:24.548+0000] {logging_mixin.py:188} INFO - [2025-11-27T17:36:24.548+0000] {dag.py:3823} INFO - Setting next_dagrun for fetch_data to 2025-11-27 00:00:00+00:00, run_after=2025-11-28 00:00:00+00:00
[2025-11-27T17:36:24.599+0000] {processor.py:183} INFO - Processing /opt/airflow/dags/01_data_fetch_mkCHtbls.py took 8.128 seconds
[2025-11-27T17:36:55.018+0000] {processor.py:161} INFO - Started process (PID=49110) to work on /opt/airflow/dags/01_data_fetch_mkCHtbls.py
[2025-11-27T17:36:55.021+0000] {processor.py:830} INFO - Processing file /opt/airflow/dags/01_data_fetch_mkCHtbls.py for tasks to queue
[2025-11-27T17:36:55.024+0000] {logging_mixin.py:188} INFO - [2025-11-27T17:36:55.023+0000] {dagbag.py:538} INFO - Filling up the DagBag from /opt/airflow/dags/01_data_fetch_mkCHtbls.py
[2025-11-27T17:37:02.820+0000] {processor.py:840} INFO - DAG(s) 'fetch_data' retrieved from /opt/airflow/dags/01_data_fetch_mkCHtbls.py
[2025-11-27T17:37:02.921+0000] {logging_mixin.py:188} INFO - [2025-11-27T17:37:02.920+0000] {dag.py:3036} INFO - Sync 1 DAGs
[2025-11-27T17:37:03.006+0000] {logging_mixin.py:188} INFO - [2025-11-27T17:37:03.005+0000] {dag.py:3823} INFO - Setting next_dagrun for fetch_data to 2025-11-27 00:00:00+00:00, run_after=2025-11-28 00:00:00+00:00
[2025-11-27T17:37:03.062+0000] {processor.py:183} INFO - Processing /opt/airflow/dags/01_data_fetch_mkCHtbls.py took 8.054 seconds
[2025-11-27T17:37:33.838+0000] {processor.py:161} INFO - Started process (PID=49180) to work on /opt/airflow/dags/01_data_fetch_mkCHtbls.py
[2025-11-27T17:37:33.846+0000] {processor.py:830} INFO - Processing file /opt/airflow/dags/01_data_fetch_mkCHtbls.py for tasks to queue
[2025-11-27T17:37:33.849+0000] {logging_mixin.py:188} INFO - [2025-11-27T17:37:33.848+0000] {dagbag.py:538} INFO - Filling up the DagBag from /opt/airflow/dags/01_data_fetch_mkCHtbls.py
[2025-11-27T17:37:41.195+0000] {processor.py:840} INFO - DAG(s) 'fetch_data' retrieved from /opt/airflow/dags/01_data_fetch_mkCHtbls.py
[2025-11-27T17:37:41.266+0000] {logging_mixin.py:188} INFO - [2025-11-27T17:37:41.265+0000] {dag.py:3036} INFO - Sync 1 DAGs
[2025-11-27T17:37:41.315+0000] {logging_mixin.py:188} INFO - [2025-11-27T17:37:41.314+0000] {dag.py:3823} INFO - Setting next_dagrun for fetch_data to 2025-11-27 00:00:00+00:00, run_after=2025-11-28 00:00:00+00:00
[2025-11-27T17:37:41.366+0000] {processor.py:183} INFO - Processing /opt/airflow/dags/01_data_fetch_mkCHtbls.py took 7.535 seconds
[2025-11-27T17:38:11.817+0000] {processor.py:161} INFO - Started process (PID=49276) to work on /opt/airflow/dags/01_data_fetch_mkCHtbls.py
[2025-11-27T17:38:11.821+0000] {processor.py:830} INFO - Processing file /opt/airflow/dags/01_data_fetch_mkCHtbls.py for tasks to queue
[2025-11-27T17:38:11.825+0000] {logging_mixin.py:188} INFO - [2025-11-27T17:38:11.824+0000] {dagbag.py:538} INFO - Filling up the DagBag from /opt/airflow/dags/01_data_fetch_mkCHtbls.py
[2025-11-27T17:38:18.537+0000] {processor.py:840} INFO - DAG(s) 'fetch_data' retrieved from /opt/airflow/dags/01_data_fetch_mkCHtbls.py
[2025-11-27T17:38:18.585+0000] {logging_mixin.py:188} INFO - [2025-11-27T17:38:18.584+0000] {dag.py:3036} INFO - Sync 1 DAGs
[2025-11-27T17:38:18.625+0000] {logging_mixin.py:188} INFO - [2025-11-27T17:38:18.625+0000] {dag.py:3823} INFO - Setting next_dagrun for fetch_data to 2025-11-27 00:00:00+00:00, run_after=2025-11-28 00:00:00+00:00
[2025-11-27T17:38:18.658+0000] {processor.py:183} INFO - Processing /opt/airflow/dags/01_data_fetch_mkCHtbls.py took 6.856 seconds
[2025-11-27T17:38:49.201+0000] {processor.py:161} INFO - Started process (PID=49346) to work on /opt/airflow/dags/01_data_fetch_mkCHtbls.py
[2025-11-27T17:38:49.204+0000] {processor.py:830} INFO - Processing file /opt/airflow/dags/01_data_fetch_mkCHtbls.py for tasks to queue
[2025-11-27T17:38:49.208+0000] {logging_mixin.py:188} INFO - [2025-11-27T17:38:49.207+0000] {dagbag.py:538} INFO - Filling up the DagBag from /opt/airflow/dags/01_data_fetch_mkCHtbls.py
[2025-11-27T17:38:55.871+0000] {processor.py:840} INFO - DAG(s) 'fetch_data' retrieved from /opt/airflow/dags/01_data_fetch_mkCHtbls.py
[2025-11-27T17:38:55.943+0000] {logging_mixin.py:188} INFO - [2025-11-27T17:38:55.942+0000] {dag.py:3036} INFO - Sync 1 DAGs
[2025-11-27T17:38:55.982+0000] {logging_mixin.py:188} INFO - [2025-11-27T17:38:55.982+0000] {dag.py:3823} INFO - Setting next_dagrun for fetch_data to 2025-11-27 00:00:00+00:00, run_after=2025-11-28 00:00:00+00:00
[2025-11-27T17:38:56.014+0000] {processor.py:183} INFO - Processing /opt/airflow/dags/01_data_fetch_mkCHtbls.py took 6.831 seconds
[2025-11-27T17:39:26.524+0000] {processor.py:161} INFO - Started process (PID=49436) to work on /opt/airflow/dags/01_data_fetch_mkCHtbls.py
[2025-11-27T17:39:26.527+0000] {processor.py:830} INFO - Processing file /opt/airflow/dags/01_data_fetch_mkCHtbls.py for tasks to queue
[2025-11-27T17:39:26.529+0000] {logging_mixin.py:188} INFO - [2025-11-27T17:39:26.528+0000] {dagbag.py:538} INFO - Filling up the DagBag from /opt/airflow/dags/01_data_fetch_mkCHtbls.py
[2025-11-27T17:39:34.203+0000] {processor.py:840} INFO - DAG(s) 'fetch_data' retrieved from /opt/airflow/dags/01_data_fetch_mkCHtbls.py
[2025-11-27T17:39:34.276+0000] {logging_mixin.py:188} INFO - [2025-11-27T17:39:34.276+0000] {dag.py:3036} INFO - Sync 1 DAGs
[2025-11-27T17:39:34.313+0000] {logging_mixin.py:188} INFO - [2025-11-27T17:39:34.313+0000] {dag.py:3823} INFO - Setting next_dagrun for fetch_data to 2025-11-27 00:00:00+00:00, run_after=2025-11-28 00:00:00+00:00
[2025-11-27T17:39:34.349+0000] {processor.py:183} INFO - Processing /opt/airflow/dags/01_data_fetch_mkCHtbls.py took 7.831 seconds
[2025-11-27T17:40:04.490+0000] {processor.py:161} INFO - Started process (PID=49506) to work on /opt/airflow/dags/01_data_fetch_mkCHtbls.py
[2025-11-27T17:40:04.492+0000] {processor.py:830} INFO - Processing file /opt/airflow/dags/01_data_fetch_mkCHtbls.py for tasks to queue
[2025-11-27T17:40:04.494+0000] {logging_mixin.py:188} INFO - [2025-11-27T17:40:04.494+0000] {dagbag.py:538} INFO - Filling up the DagBag from /opt/airflow/dags/01_data_fetch_mkCHtbls.py
[2025-11-27T17:40:12.207+0000] {processor.py:840} INFO - DAG(s) 'fetch_data' retrieved from /opt/airflow/dags/01_data_fetch_mkCHtbls.py
[2025-11-27T17:40:12.357+0000] {logging_mixin.py:188} INFO - [2025-11-27T17:40:12.357+0000] {dag.py:3036} INFO - Sync 1 DAGs
[2025-11-27T17:40:12.435+0000] {logging_mixin.py:188} INFO - [2025-11-27T17:40:12.434+0000] {dag.py:3823} INFO - Setting next_dagrun for fetch_data to 2025-11-27 00:00:00+00:00, run_after=2025-11-28 00:00:00+00:00
[2025-11-27T17:40:12.527+0000] {processor.py:183} INFO - Processing /opt/airflow/dags/01_data_fetch_mkCHtbls.py took 8.045 seconds
[2025-11-27T17:40:42.740+0000] {processor.py:161} INFO - Started process (PID=49581) to work on /opt/airflow/dags/01_data_fetch_mkCHtbls.py
[2025-11-27T17:40:42.742+0000] {processor.py:830} INFO - Processing file /opt/airflow/dags/01_data_fetch_mkCHtbls.py for tasks to queue
[2025-11-27T17:40:42.744+0000] {logging_mixin.py:188} INFO - [2025-11-27T17:40:42.744+0000] {dagbag.py:538} INFO - Filling up the DagBag from /opt/airflow/dags/01_data_fetch_mkCHtbls.py
[2025-11-27T17:40:49.773+0000] {processor.py:840} INFO - DAG(s) 'fetch_data' retrieved from /opt/airflow/dags/01_data_fetch_mkCHtbls.py
[2025-11-27T17:40:49.842+0000] {logging_mixin.py:188} INFO - [2025-11-27T17:40:49.841+0000] {dag.py:3036} INFO - Sync 1 DAGs
[2025-11-27T17:40:49.879+0000] {logging_mixin.py:188} INFO - [2025-11-27T17:40:49.879+0000] {dag.py:3823} INFO - Setting next_dagrun for fetch_data to 2025-11-27 00:00:00+00:00, run_after=2025-11-28 00:00:00+00:00
[2025-11-27T17:40:49.925+0000] {processor.py:183} INFO - Processing /opt/airflow/dags/01_data_fetch_mkCHtbls.py took 7.191 seconds
[2025-11-27T17:41:20.315+0000] {processor.py:161} INFO - Started process (PID=49672) to work on /opt/airflow/dags/01_data_fetch_mkCHtbls.py
[2025-11-27T17:41:20.317+0000] {processor.py:830} INFO - Processing file /opt/airflow/dags/01_data_fetch_mkCHtbls.py for tasks to queue
[2025-11-27T17:41:20.319+0000] {logging_mixin.py:188} INFO - [2025-11-27T17:41:20.319+0000] {dagbag.py:538} INFO - Filling up the DagBag from /opt/airflow/dags/01_data_fetch_mkCHtbls.py
[2025-11-27T17:41:26.969+0000] {processor.py:840} INFO - DAG(s) 'fetch_data' retrieved from /opt/airflow/dags/01_data_fetch_mkCHtbls.py
[2025-11-27T17:41:27.031+0000] {logging_mixin.py:188} INFO - [2025-11-27T17:41:27.031+0000] {dag.py:3036} INFO - Sync 1 DAGs
[2025-11-27T17:41:27.067+0000] {logging_mixin.py:188} INFO - [2025-11-27T17:41:27.066+0000] {dag.py:3823} INFO - Setting next_dagrun for fetch_data to 2025-11-27 00:00:00+00:00, run_after=2025-11-28 00:00:00+00:00
[2025-11-27T17:41:27.118+0000] {processor.py:183} INFO - Processing /opt/airflow/dags/01_data_fetch_mkCHtbls.py took 6.810 seconds
[2025-11-27T17:41:57.647+0000] {processor.py:161} INFO - Started process (PID=49742) to work on /opt/airflow/dags/01_data_fetch_mkCHtbls.py
[2025-11-27T17:41:57.657+0000] {processor.py:830} INFO - Processing file /opt/airflow/dags/01_data_fetch_mkCHtbls.py for tasks to queue
[2025-11-27T17:41:57.661+0000] {logging_mixin.py:188} INFO - [2025-11-27T17:41:57.660+0000] {dagbag.py:538} INFO - Filling up the DagBag from /opt/airflow/dags/01_data_fetch_mkCHtbls.py
[2025-11-27T17:42:05.635+0000] {processor.py:840} INFO - DAG(s) 'fetch_data' retrieved from /opt/airflow/dags/01_data_fetch_mkCHtbls.py
[2025-11-27T17:42:05.692+0000] {logging_mixin.py:188} INFO - [2025-11-27T17:42:05.691+0000] {dag.py:3036} INFO - Sync 1 DAGs
[2025-11-27T17:42:05.762+0000] {logging_mixin.py:188} INFO - [2025-11-27T17:42:05.761+0000] {dag.py:3823} INFO - Setting next_dagrun for fetch_data to 2025-11-27 00:00:00+00:00, run_after=2025-11-28 00:00:00+00:00
[2025-11-27T17:42:05.812+0000] {processor.py:183} INFO - Processing /opt/airflow/dags/01_data_fetch_mkCHtbls.py took 8.172 seconds
[2025-11-27T17:42:36.320+0000] {processor.py:161} INFO - Started process (PID=49832) to work on /opt/airflow/dags/01_data_fetch_mkCHtbls.py
[2025-11-27T17:42:36.322+0000] {processor.py:830} INFO - Processing file /opt/airflow/dags/01_data_fetch_mkCHtbls.py for tasks to queue
[2025-11-27T17:42:36.325+0000] {logging_mixin.py:188} INFO - [2025-11-27T17:42:36.324+0000] {dagbag.py:538} INFO - Filling up the DagBag from /opt/airflow/dags/01_data_fetch_mkCHtbls.py
[2025-11-27T17:42:44.205+0000] {processor.py:840} INFO - DAG(s) 'fetch_data' retrieved from /opt/airflow/dags/01_data_fetch_mkCHtbls.py
[2025-11-27T17:42:44.268+0000] {logging_mixin.py:188} INFO - [2025-11-27T17:42:44.267+0000] {dag.py:3036} INFO - Sync 1 DAGs
[2025-11-27T17:42:44.312+0000] {logging_mixin.py:188} INFO - [2025-11-27T17:42:44.311+0000] {dag.py:3823} INFO - Setting next_dagrun for fetch_data to 2025-11-27 00:00:00+00:00, run_after=2025-11-28 00:00:00+00:00
[2025-11-27T17:42:44.349+0000] {processor.py:183} INFO - Processing /opt/airflow/dags/01_data_fetch_mkCHtbls.py took 8.038 seconds
[2025-11-27T17:43:15.082+0000] {processor.py:161} INFO - Started process (PID=49907) to work on /opt/airflow/dags/01_data_fetch_mkCHtbls.py
[2025-11-27T17:43:15.085+0000] {processor.py:830} INFO - Processing file /opt/airflow/dags/01_data_fetch_mkCHtbls.py for tasks to queue
[2025-11-27T17:43:15.088+0000] {logging_mixin.py:188} INFO - [2025-11-27T17:43:15.087+0000] {dagbag.py:538} INFO - Filling up the DagBag from /opt/airflow/dags/01_data_fetch_mkCHtbls.py
[2025-11-27T17:43:22.357+0000] {processor.py:840} INFO - DAG(s) 'fetch_data' retrieved from /opt/airflow/dags/01_data_fetch_mkCHtbls.py
[2025-11-27T17:43:22.468+0000] {logging_mixin.py:188} INFO - [2025-11-27T17:43:22.467+0000] {dag.py:3036} INFO - Sync 1 DAGs
[2025-11-27T17:43:22.529+0000] {logging_mixin.py:188} INFO - [2025-11-27T17:43:22.529+0000] {dag.py:3823} INFO - Setting next_dagrun for fetch_data to 2025-11-27 00:00:00+00:00, run_after=2025-11-28 00:00:00+00:00
[2025-11-27T17:43:22.598+0000] {processor.py:183} INFO - Processing /opt/airflow/dags/01_data_fetch_mkCHtbls.py took 7.520 seconds
[2025-11-27T17:43:53.078+0000] {processor.py:161} INFO - Started process (PID=49977) to work on /opt/airflow/dags/01_data_fetch_mkCHtbls.py
[2025-11-27T17:43:53.080+0000] {processor.py:830} INFO - Processing file /opt/airflow/dags/01_data_fetch_mkCHtbls.py for tasks to queue
[2025-11-27T17:43:53.082+0000] {logging_mixin.py:188} INFO - [2025-11-27T17:43:53.081+0000] {dagbag.py:538} INFO - Filling up the DagBag from /opt/airflow/dags/01_data_fetch_mkCHtbls.py
[2025-11-27T17:43:59.674+0000] {processor.py:840} INFO - DAG(s) 'fetch_data' retrieved from /opt/airflow/dags/01_data_fetch_mkCHtbls.py
[2025-11-27T17:43:59.728+0000] {logging_mixin.py:188} INFO - [2025-11-27T17:43:59.727+0000] {dag.py:3036} INFO - Sync 1 DAGs
[2025-11-27T17:43:59.767+0000] {logging_mixin.py:188} INFO - [2025-11-27T17:43:59.767+0000] {dag.py:3823} INFO - Setting next_dagrun for fetch_data to 2025-11-27 00:00:00+00:00, run_after=2025-11-28 00:00:00+00:00
[2025-11-27T17:43:59.823+0000] {processor.py:183} INFO - Processing /opt/airflow/dags/01_data_fetch_mkCHtbls.py took 6.752 seconds
[2025-11-27T17:44:30.694+0000] {processor.py:161} INFO - Started process (PID=50068) to work on /opt/airflow/dags/01_data_fetch_mkCHtbls.py
[2025-11-27T17:44:30.696+0000] {processor.py:830} INFO - Processing file /opt/airflow/dags/01_data_fetch_mkCHtbls.py for tasks to queue
[2025-11-27T17:44:30.698+0000] {logging_mixin.py:188} INFO - [2025-11-27T17:44:30.698+0000] {dagbag.py:538} INFO - Filling up the DagBag from /opt/airflow/dags/01_data_fetch_mkCHtbls.py
[2025-11-27T17:44:38.561+0000] {processor.py:840} INFO - DAG(s) 'fetch_data' retrieved from /opt/airflow/dags/01_data_fetch_mkCHtbls.py
[2025-11-27T17:44:38.611+0000] {logging_mixin.py:188} INFO - [2025-11-27T17:44:38.611+0000] {dag.py:3036} INFO - Sync 1 DAGs
[2025-11-27T17:44:38.646+0000] {logging_mixin.py:188} INFO - [2025-11-27T17:44:38.646+0000] {dag.py:3823} INFO - Setting next_dagrun for fetch_data to 2025-11-27 00:00:00+00:00, run_after=2025-11-28 00:00:00+00:00
[2025-11-27T17:44:38.698+0000] {processor.py:183} INFO - Processing /opt/airflow/dags/01_data_fetch_mkCHtbls.py took 8.011 seconds
[2025-11-27T17:45:09.126+0000] {processor.py:161} INFO - Started process (PID=50158) to work on /opt/airflow/dags/01_data_fetch_mkCHtbls.py
[2025-11-27T17:45:09.132+0000] {processor.py:830} INFO - Processing file /opt/airflow/dags/01_data_fetch_mkCHtbls.py for tasks to queue
[2025-11-27T17:45:09.140+0000] {logging_mixin.py:188} INFO - [2025-11-27T17:45:09.139+0000] {dagbag.py:538} INFO - Filling up the DagBag from /opt/airflow/dags/01_data_fetch_mkCHtbls.py
[2025-11-27T17:45:16.861+0000] {processor.py:840} INFO - DAG(s) 'fetch_data' retrieved from /opt/airflow/dags/01_data_fetch_mkCHtbls.py
[2025-11-27T17:45:16.908+0000] {logging_mixin.py:188} INFO - [2025-11-27T17:45:16.907+0000] {dag.py:3036} INFO - Sync 1 DAGs
[2025-11-27T17:45:16.939+0000] {logging_mixin.py:188} INFO - [2025-11-27T17:45:16.939+0000] {dag.py:3823} INFO - Setting next_dagrun for fetch_data to 2025-11-27 00:00:00+00:00, run_after=2025-11-28 00:00:00+00:00
[2025-11-27T17:45:16.982+0000] {processor.py:183} INFO - Processing /opt/airflow/dags/01_data_fetch_mkCHtbls.py took 7.865 seconds
[2025-11-27T17:45:47.407+0000] {processor.py:161} INFO - Started process (PID=50233) to work on /opt/airflow/dags/01_data_fetch_mkCHtbls.py
[2025-11-27T17:45:47.410+0000] {processor.py:830} INFO - Processing file /opt/airflow/dags/01_data_fetch_mkCHtbls.py for tasks to queue
[2025-11-27T17:45:47.412+0000] {logging_mixin.py:188} INFO - [2025-11-27T17:45:47.411+0000] {dagbag.py:538} INFO - Filling up the DagBag from /opt/airflow/dags/01_data_fetch_mkCHtbls.py
[2025-11-27T17:45:55.480+0000] {processor.py:840} INFO - DAG(s) 'fetch_data' retrieved from /opt/airflow/dags/01_data_fetch_mkCHtbls.py
[2025-11-27T17:45:55.523+0000] {logging_mixin.py:188} INFO - [2025-11-27T17:45:55.523+0000] {dag.py:3036} INFO - Sync 1 DAGs
[2025-11-27T17:45:55.556+0000] {logging_mixin.py:188} INFO - [2025-11-27T17:45:55.556+0000] {dag.py:3823} INFO - Setting next_dagrun for fetch_data to 2025-11-27 00:00:00+00:00, run_after=2025-11-28 00:00:00+00:00
[2025-11-27T17:45:55.596+0000] {processor.py:183} INFO - Processing /opt/airflow/dags/01_data_fetch_mkCHtbls.py took 8.198 seconds
[2025-11-27T17:46:26.239+0000] {processor.py:161} INFO - Started process (PID=50303) to work on /opt/airflow/dags/01_data_fetch_mkCHtbls.py
[2025-11-27T17:46:26.242+0000] {processor.py:830} INFO - Processing file /opt/airflow/dags/01_data_fetch_mkCHtbls.py for tasks to queue
[2025-11-27T17:46:26.244+0000] {logging_mixin.py:188} INFO - [2025-11-27T17:46:26.243+0000] {dagbag.py:538} INFO - Filling up the DagBag from /opt/airflow/dags/01_data_fetch_mkCHtbls.py
[2025-11-27T17:46:33.188+0000] {processor.py:840} INFO - DAG(s) 'fetch_data' retrieved from /opt/airflow/dags/01_data_fetch_mkCHtbls.py
[2025-11-27T17:46:33.302+0000] {logging_mixin.py:188} INFO - [2025-11-27T17:46:33.302+0000] {dag.py:3036} INFO - Sync 1 DAGs
[2025-11-27T17:46:33.341+0000] {logging_mixin.py:188} INFO - [2025-11-27T17:46:33.340+0000] {dag.py:3823} INFO - Setting next_dagrun for fetch_data to 2025-11-27 00:00:00+00:00, run_after=2025-11-28 00:00:00+00:00
[2025-11-27T17:46:33.377+0000] {processor.py:183} INFO - Processing /opt/airflow/dags/01_data_fetch_mkCHtbls.py took 7.145 seconds
[2025-11-27T17:47:03.795+0000] {processor.py:161} INFO - Started process (PID=50373) to work on /opt/airflow/dags/01_data_fetch_mkCHtbls.py
[2025-11-27T17:47:03.797+0000] {processor.py:830} INFO - Processing file /opt/airflow/dags/01_data_fetch_mkCHtbls.py for tasks to queue
[2025-11-27T17:47:03.799+0000] {logging_mixin.py:188} INFO - [2025-11-27T17:47:03.799+0000] {dagbag.py:538} INFO - Filling up the DagBag from /opt/airflow/dags/01_data_fetch_mkCHtbls.py
[2025-11-27T17:47:10.576+0000] {processor.py:840} INFO - DAG(s) 'fetch_data' retrieved from /opt/airflow/dags/01_data_fetch_mkCHtbls.py
[2025-11-27T17:47:10.680+0000] {logging_mixin.py:188} INFO - [2025-11-27T17:47:10.679+0000] {dag.py:3036} INFO - Sync 1 DAGs
[2025-11-27T17:47:10.766+0000] {logging_mixin.py:188} INFO - [2025-11-27T17:47:10.765+0000] {dag.py:3823} INFO - Setting next_dagrun for fetch_data to 2025-11-27 00:00:00+00:00, run_after=2025-11-28 00:00:00+00:00
[2025-11-27T17:47:10.852+0000] {processor.py:183} INFO - Processing /opt/airflow/dags/01_data_fetch_mkCHtbls.py took 7.064 seconds
[2025-11-27T17:47:41.335+0000] {processor.py:161} INFO - Started process (PID=50464) to work on /opt/airflow/dags/01_data_fetch_mkCHtbls.py
[2025-11-27T17:47:41.342+0000] {processor.py:830} INFO - Processing file /opt/airflow/dags/01_data_fetch_mkCHtbls.py for tasks to queue
[2025-11-27T17:47:41.345+0000] {logging_mixin.py:188} INFO - [2025-11-27T17:47:41.344+0000] {dagbag.py:538} INFO - Filling up the DagBag from /opt/airflow/dags/01_data_fetch_mkCHtbls.py
[2025-11-27T17:47:49.155+0000] {processor.py:840} INFO - DAG(s) 'fetch_data' retrieved from /opt/airflow/dags/01_data_fetch_mkCHtbls.py
[2025-11-27T17:47:49.237+0000] {logging_mixin.py:188} INFO - [2025-11-27T17:47:49.236+0000] {dag.py:3036} INFO - Sync 1 DAGs
[2025-11-27T17:47:49.279+0000] {logging_mixin.py:188} INFO - [2025-11-27T17:47:49.279+0000] {dag.py:3823} INFO - Setting next_dagrun for fetch_data to 2025-11-27 00:00:00+00:00, run_after=2025-11-28 00:00:00+00:00
[2025-11-27T17:47:49.315+0000] {processor.py:183} INFO - Processing /opt/airflow/dags/01_data_fetch_mkCHtbls.py took 7.988 seconds
[2025-11-27T17:48:19.489+0000] {processor.py:161} INFO - Started process (PID=50557) to work on /opt/airflow/dags/01_data_fetch_mkCHtbls.py
[2025-11-27T17:48:19.492+0000] {processor.py:830} INFO - Processing file /opt/airflow/dags/01_data_fetch_mkCHtbls.py for tasks to queue
[2025-11-27T17:48:19.494+0000] {logging_mixin.py:188} INFO - [2025-11-27T17:48:19.494+0000] {dagbag.py:538} INFO - Filling up the DagBag from /opt/airflow/dags/01_data_fetch_mkCHtbls.py
[2025-11-27T17:48:27.627+0000] {processor.py:840} INFO - DAG(s) 'fetch_data' retrieved from /opt/airflow/dags/01_data_fetch_mkCHtbls.py
[2025-11-27T17:48:27.706+0000] {logging_mixin.py:188} INFO - [2025-11-27T17:48:27.706+0000] {dag.py:3036} INFO - Sync 1 DAGs
[2025-11-27T17:48:27.746+0000] {logging_mixin.py:188} INFO - [2025-11-27T17:48:27.746+0000] {dag.py:3823} INFO - Setting next_dagrun for fetch_data to 2025-11-27 00:00:00+00:00, run_after=2025-11-28 00:00:00+00:00
[2025-11-27T17:48:27.799+0000] {processor.py:183} INFO - Processing /opt/airflow/dags/01_data_fetch_mkCHtbls.py took 8.319 seconds
[2025-11-27T17:48:58.864+0000] {processor.py:161} INFO - Started process (PID=50629) to work on /opt/airflow/dags/01_data_fetch_mkCHtbls.py
[2025-11-27T17:48:58.866+0000] {processor.py:830} INFO - Processing file /opt/airflow/dags/01_data_fetch_mkCHtbls.py for tasks to queue
[2025-11-27T17:48:58.869+0000] {logging_mixin.py:188} INFO - [2025-11-27T17:48:58.868+0000] {dagbag.py:538} INFO - Filling up the DagBag from /opt/airflow/dags/01_data_fetch_mkCHtbls.py
[2025-11-27T17:49:05.778+0000] {processor.py:840} INFO - DAG(s) 'fetch_data' retrieved from /opt/airflow/dags/01_data_fetch_mkCHtbls.py
[2025-11-27T17:49:05.830+0000] {logging_mixin.py:188} INFO - [2025-11-27T17:49:05.830+0000] {dag.py:3036} INFO - Sync 1 DAGs
[2025-11-27T17:49:05.868+0000] {logging_mixin.py:188} INFO - [2025-11-27T17:49:05.868+0000] {dag.py:3823} INFO - Setting next_dagrun for fetch_data to 2025-11-27 00:00:00+00:00, run_after=2025-11-28 00:00:00+00:00
[2025-11-27T17:49:05.910+0000] {processor.py:183} INFO - Processing /opt/airflow/dags/01_data_fetch_mkCHtbls.py took 7.056 seconds
[2025-11-27T17:49:36.573+0000] {processor.py:161} INFO - Started process (PID=50699) to work on /opt/airflow/dags/01_data_fetch_mkCHtbls.py
[2025-11-27T17:49:36.576+0000] {processor.py:830} INFO - Processing file /opt/airflow/dags/01_data_fetch_mkCHtbls.py for tasks to queue
[2025-11-27T17:49:36.578+0000] {logging_mixin.py:188} INFO - [2025-11-27T17:49:36.577+0000] {dagbag.py:538} INFO - Filling up the DagBag from /opt/airflow/dags/01_data_fetch_mkCHtbls.py
[2025-11-27T17:49:43.760+0000] {processor.py:840} INFO - DAG(s) 'fetch_data' retrieved from /opt/airflow/dags/01_data_fetch_mkCHtbls.py
[2025-11-27T17:49:43.825+0000] {logging_mixin.py:188} INFO - [2025-11-27T17:49:43.824+0000] {dag.py:3036} INFO - Sync 1 DAGs
[2025-11-27T17:49:43.867+0000] {logging_mixin.py:188} INFO - [2025-11-27T17:49:43.866+0000] {dag.py:3823} INFO - Setting next_dagrun for fetch_data to 2025-11-27 00:00:00+00:00, run_after=2025-11-28 00:00:00+00:00
[2025-11-27T17:49:43.927+0000] {processor.py:183} INFO - Processing /opt/airflow/dags/01_data_fetch_mkCHtbls.py took 7.361 seconds
[2025-11-27T17:50:14.384+0000] {processor.py:161} INFO - Started process (PID=50769) to work on /opt/airflow/dags/01_data_fetch_mkCHtbls.py
[2025-11-27T17:50:14.387+0000] {processor.py:830} INFO - Processing file /opt/airflow/dags/01_data_fetch_mkCHtbls.py for tasks to queue
[2025-11-27T17:50:14.391+0000] {logging_mixin.py:188} INFO - [2025-11-27T17:50:14.390+0000] {dagbag.py:538} INFO - Filling up the DagBag from /opt/airflow/dags/01_data_fetch_mkCHtbls.py
[2025-11-27T17:50:24.530+0000] {processor.py:840} INFO - DAG(s) 'fetch_data' retrieved from /opt/airflow/dags/01_data_fetch_mkCHtbls.py
[2025-11-27T17:50:24.610+0000] {logging_mixin.py:188} INFO - [2025-11-27T17:50:24.610+0000] {dag.py:3036} INFO - Sync 1 DAGs
[2025-11-27T17:50:24.664+0000] {logging_mixin.py:188} INFO - [2025-11-27T17:50:24.663+0000] {dag.py:3823} INFO - Setting next_dagrun for fetch_data to 2025-11-27 00:00:00+00:00, run_after=2025-11-28 00:00:00+00:00
[2025-11-27T17:50:24.731+0000] {processor.py:183} INFO - Processing /opt/airflow/dags/01_data_fetch_mkCHtbls.py took 10.355 seconds
[2025-11-27T17:50:55.200+0000] {processor.py:161} INFO - Started process (PID=50885) to work on /opt/airflow/dags/01_data_fetch_mkCHtbls.py
[2025-11-27T17:50:55.202+0000] {processor.py:830} INFO - Processing file /opt/airflow/dags/01_data_fetch_mkCHtbls.py for tasks to queue
[2025-11-27T17:50:55.205+0000] {logging_mixin.py:188} INFO - [2025-11-27T17:50:55.205+0000] {dagbag.py:538} INFO - Filling up the DagBag from /opt/airflow/dags/01_data_fetch_mkCHtbls.py
[2025-11-27T17:51:01.727+0000] {processor.py:840} INFO - DAG(s) 'fetch_data' retrieved from /opt/airflow/dags/01_data_fetch_mkCHtbls.py
[2025-11-27T17:51:01.780+0000] {logging_mixin.py:188} INFO - [2025-11-27T17:51:01.779+0000] {dag.py:3036} INFO - Sync 1 DAGs
[2025-11-27T17:51:01.820+0000] {logging_mixin.py:188} INFO - [2025-11-27T17:51:01.820+0000] {dag.py:3823} INFO - Setting next_dagrun for fetch_data to 2025-11-27 00:00:00+00:00, run_after=2025-11-28 00:00:00+00:00
[2025-11-27T17:51:01.860+0000] {processor.py:183} INFO - Processing /opt/airflow/dags/01_data_fetch_mkCHtbls.py took 6.668 seconds
[2025-11-27T17:51:32.048+0000] {processor.py:161} INFO - Started process (PID=50955) to work on /opt/airflow/dags/01_data_fetch_mkCHtbls.py
[2025-11-27T17:51:32.051+0000] {processor.py:830} INFO - Processing file /opt/airflow/dags/01_data_fetch_mkCHtbls.py for tasks to queue
[2025-11-27T17:51:32.053+0000] {logging_mixin.py:188} INFO - [2025-11-27T17:51:32.052+0000] {dagbag.py:538} INFO - Filling up the DagBag from /opt/airflow/dags/01_data_fetch_mkCHtbls.py
[2025-11-27T17:51:38.460+0000] {processor.py:840} INFO - DAG(s) 'fetch_data' retrieved from /opt/airflow/dags/01_data_fetch_mkCHtbls.py
[2025-11-27T17:51:38.550+0000] {logging_mixin.py:188} INFO - [2025-11-27T17:51:38.550+0000] {dag.py:3036} INFO - Sync 1 DAGs
[2025-11-27T17:51:38.591+0000] {logging_mixin.py:188} INFO - [2025-11-27T17:51:38.591+0000] {dag.py:3823} INFO - Setting next_dagrun for fetch_data to 2025-11-27 00:00:00+00:00, run_after=2025-11-28 00:00:00+00:00
[2025-11-27T17:51:38.626+0000] {processor.py:183} INFO - Processing /opt/airflow/dags/01_data_fetch_mkCHtbls.py took 6.586 seconds
[2025-11-27T17:52:09.269+0000] {processor.py:161} INFO - Started process (PID=51025) to work on /opt/airflow/dags/01_data_fetch_mkCHtbls.py
[2025-11-27T17:52:09.271+0000] {processor.py:830} INFO - Processing file /opt/airflow/dags/01_data_fetch_mkCHtbls.py for tasks to queue
[2025-11-27T17:52:09.273+0000] {logging_mixin.py:188} INFO - [2025-11-27T17:52:09.272+0000] {dagbag.py:538} INFO - Filling up the DagBag from /opt/airflow/dags/01_data_fetch_mkCHtbls.py
[2025-11-27T17:52:17.233+0000] {processor.py:840} INFO - DAG(s) 'fetch_data' retrieved from /opt/airflow/dags/01_data_fetch_mkCHtbls.py
[2025-11-27T17:52:17.339+0000] {logging_mixin.py:188} INFO - [2025-11-27T17:52:17.338+0000] {dag.py:3036} INFO - Sync 1 DAGs
[2025-11-27T17:52:17.392+0000] {logging_mixin.py:188} INFO - [2025-11-27T17:52:17.392+0000] {dag.py:3823} INFO - Setting next_dagrun for fetch_data to 2025-11-27 00:00:00+00:00, run_after=2025-11-28 00:00:00+00:00
[2025-11-27T17:52:17.438+0000] {processor.py:183} INFO - Processing /opt/airflow/dags/01_data_fetch_mkCHtbls.py took 8.175 seconds
[2025-11-27T17:52:47.901+0000] {processor.py:161} INFO - Started process (PID=51095) to work on /opt/airflow/dags/01_data_fetch_mkCHtbls.py
[2025-11-27T17:52:47.903+0000] {processor.py:830} INFO - Processing file /opt/airflow/dags/01_data_fetch_mkCHtbls.py for tasks to queue
[2025-11-27T17:52:47.905+0000] {logging_mixin.py:188} INFO - [2025-11-27T17:52:47.904+0000] {dagbag.py:538} INFO - Filling up the DagBag from /opt/airflow/dags/01_data_fetch_mkCHtbls.py
[2025-11-27T17:52:55.533+0000] {processor.py:840} INFO - DAG(s) 'fetch_data' retrieved from /opt/airflow/dags/01_data_fetch_mkCHtbls.py
[2025-11-27T17:52:55.601+0000] {logging_mixin.py:188} INFO - [2025-11-27T17:52:55.600+0000] {dag.py:3036} INFO - Sync 1 DAGs
[2025-11-27T17:52:55.671+0000] {logging_mixin.py:188} INFO - [2025-11-27T17:52:55.671+0000] {dag.py:3823} INFO - Setting next_dagrun for fetch_data to 2025-11-27 00:00:00+00:00, run_after=2025-11-28 00:00:00+00:00
[2025-11-27T17:52:55.738+0000] {processor.py:183} INFO - Processing /opt/airflow/dags/01_data_fetch_mkCHtbls.py took 7.847 seconds
[2025-11-27T17:53:26.128+0000] {processor.py:161} INFO - Started process (PID=51185) to work on /opt/airflow/dags/01_data_fetch_mkCHtbls.py
[2025-11-27T17:53:26.131+0000] {processor.py:830} INFO - Processing file /opt/airflow/dags/01_data_fetch_mkCHtbls.py for tasks to queue
[2025-11-27T17:53:26.132+0000] {logging_mixin.py:188} INFO - [2025-11-27T17:53:26.132+0000] {dagbag.py:538} INFO - Filling up the DagBag from /opt/airflow/dags/01_data_fetch_mkCHtbls.py
[2025-11-27T17:53:34.084+0000] {processor.py:840} INFO - DAG(s) 'fetch_data' retrieved from /opt/airflow/dags/01_data_fetch_mkCHtbls.py
[2025-11-27T17:53:34.142+0000] {logging_mixin.py:188} INFO - [2025-11-27T17:53:34.142+0000] {dag.py:3036} INFO - Sync 1 DAGs
[2025-11-27T17:53:34.191+0000] {logging_mixin.py:188} INFO - [2025-11-27T17:53:34.191+0000] {dag.py:3823} INFO - Setting next_dagrun for fetch_data to 2025-11-27 00:00:00+00:00, run_after=2025-11-28 00:00:00+00:00
[2025-11-27T17:53:34.248+0000] {processor.py:183} INFO - Processing /opt/airflow/dags/01_data_fetch_mkCHtbls.py took 8.127 seconds
[2025-11-27T17:54:05.025+0000] {processor.py:161} INFO - Started process (PID=51281) to work on /opt/airflow/dags/01_data_fetch_mkCHtbls.py
[2025-11-27T17:54:05.027+0000] {processor.py:830} INFO - Processing file /opt/airflow/dags/01_data_fetch_mkCHtbls.py for tasks to queue
[2025-11-27T17:54:05.030+0000] {logging_mixin.py:188} INFO - [2025-11-27T17:54:05.029+0000] {dagbag.py:538} INFO - Filling up the DagBag from /opt/airflow/dags/01_data_fetch_mkCHtbls.py
[2025-11-27T17:54:11.881+0000] {processor.py:840} INFO - DAG(s) 'fetch_data' retrieved from /opt/airflow/dags/01_data_fetch_mkCHtbls.py
[2025-11-27T17:54:11.946+0000] {logging_mixin.py:188} INFO - [2025-11-27T17:54:11.945+0000] {dag.py:3036} INFO - Sync 1 DAGs
[2025-11-27T17:54:11.990+0000] {logging_mixin.py:188} INFO - [2025-11-27T17:54:11.989+0000] {dag.py:3823} INFO - Setting next_dagrun for fetch_data to 2025-11-27 00:00:00+00:00, run_after=2025-11-28 00:00:00+00:00
[2025-11-27T17:54:12.050+0000] {processor.py:183} INFO - Processing /opt/airflow/dags/01_data_fetch_mkCHtbls.py took 7.033 seconds
[2025-11-27T17:54:42.462+0000] {processor.py:161} INFO - Started process (PID=51351) to work on /opt/airflow/dags/01_data_fetch_mkCHtbls.py
[2025-11-27T17:54:42.465+0000] {processor.py:830} INFO - Processing file /opt/airflow/dags/01_data_fetch_mkCHtbls.py for tasks to queue
[2025-11-27T17:54:42.469+0000] {logging_mixin.py:188} INFO - [2025-11-27T17:54:42.468+0000] {dagbag.py:538} INFO - Filling up the DagBag from /opt/airflow/dags/01_data_fetch_mkCHtbls.py
[2025-11-27T17:54:48.619+0000] {processor.py:840} INFO - DAG(s) 'fetch_data' retrieved from /opt/airflow/dags/01_data_fetch_mkCHtbls.py
[2025-11-27T17:54:48.675+0000] {logging_mixin.py:188} INFO - [2025-11-27T17:54:48.674+0000] {dag.py:3036} INFO - Sync 1 DAGs
[2025-11-27T17:54:48.716+0000] {logging_mixin.py:188} INFO - [2025-11-27T17:54:48.716+0000] {dag.py:3823} INFO - Setting next_dagrun for fetch_data to 2025-11-27 00:00:00+00:00, run_after=2025-11-28 00:00:00+00:00
[2025-11-27T17:54:48.748+0000] {processor.py:183} INFO - Processing /opt/airflow/dags/01_data_fetch_mkCHtbls.py took 6.298 seconds
[2025-11-27T17:55:19.331+0000] {processor.py:161} INFO - Started process (PID=51421) to work on /opt/airflow/dags/01_data_fetch_mkCHtbls.py
[2025-11-27T17:55:19.332+0000] {processor.py:830} INFO - Processing file /opt/airflow/dags/01_data_fetch_mkCHtbls.py for tasks to queue
[2025-11-27T17:55:19.334+0000] {logging_mixin.py:188} INFO - [2025-11-27T17:55:19.334+0000] {dagbag.py:538} INFO - Filling up the DagBag from /opt/airflow/dags/01_data_fetch_mkCHtbls.py
[2025-11-27T17:55:26.375+0000] {processor.py:840} INFO - DAG(s) 'fetch_data' retrieved from /opt/airflow/dags/01_data_fetch_mkCHtbls.py
[2025-11-27T17:55:26.448+0000] {logging_mixin.py:188} INFO - [2025-11-27T17:55:26.448+0000] {dag.py:3036} INFO - Sync 1 DAGs
[2025-11-27T17:55:26.497+0000] {logging_mixin.py:188} INFO - [2025-11-27T17:55:26.496+0000] {dag.py:3823} INFO - Setting next_dagrun for fetch_data to 2025-11-27 00:00:00+00:00, run_after=2025-11-28 00:00:00+00:00
[2025-11-27T17:55:26.551+0000] {processor.py:183} INFO - Processing /opt/airflow/dags/01_data_fetch_mkCHtbls.py took 7.226 seconds
[2025-11-27T17:55:56.897+0000] {processor.py:161} INFO - Started process (PID=51491) to work on /opt/airflow/dags/01_data_fetch_mkCHtbls.py
[2025-11-27T17:55:56.900+0000] {processor.py:830} INFO - Processing file /opt/airflow/dags/01_data_fetch_mkCHtbls.py for tasks to queue
[2025-11-27T17:55:56.902+0000] {logging_mixin.py:188} INFO - [2025-11-27T17:55:56.901+0000] {dagbag.py:538} INFO - Filling up the DagBag from /opt/airflow/dags/01_data_fetch_mkCHtbls.py
[2025-11-27T17:56:03.838+0000] {processor.py:840} INFO - DAG(s) 'fetch_data' retrieved from /opt/airflow/dags/01_data_fetch_mkCHtbls.py
[2025-11-27T17:56:03.900+0000] {logging_mixin.py:188} INFO - [2025-11-27T17:56:03.899+0000] {dag.py:3036} INFO - Sync 1 DAGs
[2025-11-27T17:56:03.960+0000] {logging_mixin.py:188} INFO - [2025-11-27T17:56:03.959+0000] {dag.py:3823} INFO - Setting next_dagrun for fetch_data to 2025-11-27 00:00:00+00:00, run_after=2025-11-28 00:00:00+00:00
[2025-11-27T17:56:04.011+0000] {processor.py:183} INFO - Processing /opt/airflow/dags/01_data_fetch_mkCHtbls.py took 7.120 seconds
[2025-11-27T17:56:34.769+0000] {processor.py:161} INFO - Started process (PID=51586) to work on /opt/airflow/dags/01_data_fetch_mkCHtbls.py
[2025-11-27T17:56:34.771+0000] {processor.py:830} INFO - Processing file /opt/airflow/dags/01_data_fetch_mkCHtbls.py for tasks to queue
[2025-11-27T17:56:34.773+0000] {logging_mixin.py:188} INFO - [2025-11-27T17:56:34.773+0000] {dagbag.py:538} INFO - Filling up the DagBag from /opt/airflow/dags/01_data_fetch_mkCHtbls.py
[2025-11-27T17:56:41.516+0000] {processor.py:840} INFO - DAG(s) 'fetch_data' retrieved from /opt/airflow/dags/01_data_fetch_mkCHtbls.py
[2025-11-27T17:56:41.589+0000] {logging_mixin.py:188} INFO - [2025-11-27T17:56:41.588+0000] {dag.py:3036} INFO - Sync 1 DAGs
[2025-11-27T17:56:41.641+0000] {logging_mixin.py:188} INFO - [2025-11-27T17:56:41.641+0000] {dag.py:3823} INFO - Setting next_dagrun for fetch_data to 2025-11-27 00:00:00+00:00, run_after=2025-11-28 00:00:00+00:00
[2025-11-27T17:56:41.690+0000] {processor.py:183} INFO - Processing /opt/airflow/dags/01_data_fetch_mkCHtbls.py took 6.928 seconds
[2025-11-27T17:57:12.427+0000] {processor.py:161} INFO - Started process (PID=51677) to work on /opt/airflow/dags/01_data_fetch_mkCHtbls.py
[2025-11-27T17:57:12.430+0000] {processor.py:830} INFO - Processing file /opt/airflow/dags/01_data_fetch_mkCHtbls.py for tasks to queue
[2025-11-27T17:57:12.433+0000] {logging_mixin.py:188} INFO - [2025-11-27T17:57:12.432+0000] {dagbag.py:538} INFO - Filling up the DagBag from /opt/airflow/dags/01_data_fetch_mkCHtbls.py
[2025-11-27T17:57:18.863+0000] {processor.py:840} INFO - DAG(s) 'fetch_data' retrieved from /opt/airflow/dags/01_data_fetch_mkCHtbls.py
[2025-11-27T17:57:18.914+0000] {logging_mixin.py:188} INFO - [2025-11-27T17:57:18.914+0000] {dag.py:3036} INFO - Sync 1 DAGs
[2025-11-27T17:57:18.957+0000] {logging_mixin.py:188} INFO - [2025-11-27T17:57:18.957+0000] {dag.py:3823} INFO - Setting next_dagrun for fetch_data to 2025-11-27 00:00:00+00:00, run_after=2025-11-28 00:00:00+00:00
[2025-11-27T17:57:19.002+0000] {processor.py:183} INFO - Processing /opt/airflow/dags/01_data_fetch_mkCHtbls.py took 6.583 seconds
[2025-11-27T17:57:49.480+0000] {processor.py:161} INFO - Started process (PID=51747) to work on /opt/airflow/dags/01_data_fetch_mkCHtbls.py
[2025-11-27T17:57:49.483+0000] {processor.py:830} INFO - Processing file /opt/airflow/dags/01_data_fetch_mkCHtbls.py for tasks to queue
[2025-11-27T17:57:49.485+0000] {logging_mixin.py:188} INFO - [2025-11-27T17:57:49.484+0000] {dagbag.py:538} INFO - Filling up the DagBag from /opt/airflow/dags/01_data_fetch_mkCHtbls.py
[2025-11-27T17:57:56.199+0000] {processor.py:840} INFO - DAG(s) 'fetch_data' retrieved from /opt/airflow/dags/01_data_fetch_mkCHtbls.py
[2025-11-27T17:57:56.256+0000] {logging_mixin.py:188} INFO - [2025-11-27T17:57:56.256+0000] {dag.py:3036} INFO - Sync 1 DAGs
[2025-11-27T17:57:56.292+0000] {logging_mixin.py:188} INFO - [2025-11-27T17:57:56.291+0000] {dag.py:3823} INFO - Setting next_dagrun for fetch_data to 2025-11-27 00:00:00+00:00, run_after=2025-11-28 00:00:00+00:00
[2025-11-27T17:57:56.328+0000] {processor.py:183} INFO - Processing /opt/airflow/dags/01_data_fetch_mkCHtbls.py took 6.854 seconds
[2025-11-27T17:58:26.431+0000] {processor.py:161} INFO - Started process (PID=51817) to work on /opt/airflow/dags/01_data_fetch_mkCHtbls.py
[2025-11-27T17:58:26.433+0000] {processor.py:830} INFO - Processing file /opt/airflow/dags/01_data_fetch_mkCHtbls.py for tasks to queue
[2025-11-27T17:58:26.435+0000] {logging_mixin.py:188} INFO - [2025-11-27T17:58:26.434+0000] {dagbag.py:538} INFO - Filling up the DagBag from /opt/airflow/dags/01_data_fetch_mkCHtbls.py
[2025-11-27T17:58:33.087+0000] {processor.py:840} INFO - DAG(s) 'fetch_data' retrieved from /opt/airflow/dags/01_data_fetch_mkCHtbls.py
[2025-11-27T17:58:33.159+0000] {logging_mixin.py:188} INFO - [2025-11-27T17:58:33.159+0000] {dag.py:3036} INFO - Sync 1 DAGs
[2025-11-27T17:58:33.222+0000] {logging_mixin.py:188} INFO - [2025-11-27T17:58:33.221+0000] {dag.py:3823} INFO - Setting next_dagrun for fetch_data to 2025-11-27 00:00:00+00:00, run_after=2025-11-28 00:00:00+00:00
[2025-11-27T17:58:33.268+0000] {processor.py:183} INFO - Processing /opt/airflow/dags/01_data_fetch_mkCHtbls.py took 6.845 seconds
[2025-11-27T17:59:04.192+0000] {processor.py:161} INFO - Started process (PID=51887) to work on /opt/airflow/dags/01_data_fetch_mkCHtbls.py
[2025-11-27T17:59:04.195+0000] {processor.py:830} INFO - Processing file /opt/airflow/dags/01_data_fetch_mkCHtbls.py for tasks to queue
[2025-11-27T17:59:04.198+0000] {logging_mixin.py:188} INFO - [2025-11-27T17:59:04.196+0000] {dagbag.py:538} INFO - Filling up the DagBag from /opt/airflow/dags/01_data_fetch_mkCHtbls.py
[2025-11-27T17:59:12.736+0000] {processor.py:840} INFO - DAG(s) 'fetch_data' retrieved from /opt/airflow/dags/01_data_fetch_mkCHtbls.py
[2025-11-27T17:59:13.209+0000] {logging_mixin.py:188} INFO - [2025-11-27T17:59:13.207+0000] {dag.py:3036} INFO - Sync 1 DAGs
[2025-11-27T17:59:13.379+0000] {logging_mixin.py:188} INFO - [2025-11-27T17:59:13.377+0000] {dag.py:3823} INFO - Setting next_dagrun for fetch_data to 2025-11-27 00:00:00+00:00, run_after=2025-11-28 00:00:00+00:00
[2025-11-27T17:59:13.524+0000] {processor.py:183} INFO - Processing /opt/airflow/dags/01_data_fetch_mkCHtbls.py took 9.347 seconds
[2025-11-27T17:59:43.771+0000] {processor.py:161} INFO - Started process (PID=51982) to work on /opt/airflow/dags/01_data_fetch_mkCHtbls.py
[2025-11-27T17:59:43.774+0000] {processor.py:830} INFO - Processing file /opt/airflow/dags/01_data_fetch_mkCHtbls.py for tasks to queue
[2025-11-27T17:59:43.776+0000] {logging_mixin.py:188} INFO - [2025-11-27T17:59:43.775+0000] {dagbag.py:538} INFO - Filling up the DagBag from /opt/airflow/dags/01_data_fetch_mkCHtbls.py
[2025-11-27T17:59:50.953+0000] {processor.py:840} INFO - DAG(s) 'fetch_data' retrieved from /opt/airflow/dags/01_data_fetch_mkCHtbls.py
[2025-11-27T17:59:51.034+0000] {logging_mixin.py:188} INFO - [2025-11-27T17:59:51.034+0000] {dag.py:3036} INFO - Sync 1 DAGs
[2025-11-27T17:59:51.086+0000] {logging_mixin.py:188} INFO - [2025-11-27T17:59:51.086+0000] {dag.py:3823} INFO - Setting next_dagrun for fetch_data to 2025-11-27 00:00:00+00:00, run_after=2025-11-28 00:00:00+00:00
[2025-11-27T17:59:51.135+0000] {processor.py:183} INFO - Processing /opt/airflow/dags/01_data_fetch_mkCHtbls.py took 7.371 seconds
[2025-11-27T18:00:21.449+0000] {processor.py:161} INFO - Started process (PID=52073) to work on /opt/airflow/dags/01_data_fetch_mkCHtbls.py
[2025-11-27T18:00:21.451+0000] {processor.py:830} INFO - Processing file /opt/airflow/dags/01_data_fetch_mkCHtbls.py for tasks to queue
[2025-11-27T18:00:21.453+0000] {logging_mixin.py:188} INFO - [2025-11-27T18:00:21.452+0000] {dagbag.py:538} INFO - Filling up the DagBag from /opt/airflow/dags/01_data_fetch_mkCHtbls.py
[2025-11-27T18:00:28.119+0000] {processor.py:840} INFO - DAG(s) 'fetch_data' retrieved from /opt/airflow/dags/01_data_fetch_mkCHtbls.py
[2025-11-27T18:00:28.205+0000] {logging_mixin.py:188} INFO - [2025-11-27T18:00:28.205+0000] {dag.py:3036} INFO - Sync 1 DAGs
[2025-11-27T18:00:28.246+0000] {logging_mixin.py:188} INFO - [2025-11-27T18:00:28.246+0000] {dag.py:3823} INFO - Setting next_dagrun for fetch_data to 2025-11-27 00:00:00+00:00, run_after=2025-11-28 00:00:00+00:00
[2025-11-27T18:00:28.291+0000] {processor.py:183} INFO - Processing /opt/airflow/dags/01_data_fetch_mkCHtbls.py took 6.850 seconds
[2025-11-27T18:00:58.509+0000] {processor.py:161} INFO - Started process (PID=52143) to work on /opt/airflow/dags/01_data_fetch_mkCHtbls.py
[2025-11-27T18:00:58.511+0000] {processor.py:830} INFO - Processing file /opt/airflow/dags/01_data_fetch_mkCHtbls.py for tasks to queue
[2025-11-27T18:00:58.513+0000] {logging_mixin.py:188} INFO - [2025-11-27T18:00:58.512+0000] {dagbag.py:538} INFO - Filling up the DagBag from /opt/airflow/dags/01_data_fetch_mkCHtbls.py
[2025-11-27T18:01:05.506+0000] {processor.py:840} INFO - DAG(s) 'fetch_data' retrieved from /opt/airflow/dags/01_data_fetch_mkCHtbls.py
[2025-11-27T18:01:05.592+0000] {logging_mixin.py:188} INFO - [2025-11-27T18:01:05.591+0000] {dag.py:3036} INFO - Sync 1 DAGs
[2025-11-27T18:01:05.631+0000] {logging_mixin.py:188} INFO - [2025-11-27T18:01:05.631+0000] {dag.py:3823} INFO - Setting next_dagrun for fetch_data to 2025-11-27 00:00:00+00:00, run_after=2025-11-28 00:00:00+00:00
[2025-11-27T18:01:05.669+0000] {processor.py:183} INFO - Processing /opt/airflow/dags/01_data_fetch_mkCHtbls.py took 7.168 seconds
[2025-11-27T18:01:36.185+0000] {processor.py:161} INFO - Started process (PID=52213) to work on /opt/airflow/dags/01_data_fetch_mkCHtbls.py
[2025-11-27T18:01:36.187+0000] {processor.py:830} INFO - Processing file /opt/airflow/dags/01_data_fetch_mkCHtbls.py for tasks to queue
[2025-11-27T18:01:36.190+0000] {logging_mixin.py:188} INFO - [2025-11-27T18:01:36.188+0000] {dagbag.py:538} INFO - Filling up the DagBag from /opt/airflow/dags/01_data_fetch_mkCHtbls.py
[2025-11-27T18:01:43.268+0000] {processor.py:840} INFO - DAG(s) 'fetch_data' retrieved from /opt/airflow/dags/01_data_fetch_mkCHtbls.py
[2025-11-27T18:01:43.327+0000] {logging_mixin.py:188} INFO - [2025-11-27T18:01:43.326+0000] {dag.py:3036} INFO - Sync 1 DAGs
[2025-11-27T18:01:43.370+0000] {logging_mixin.py:188} INFO - [2025-11-27T18:01:43.369+0000] {dag.py:3823} INFO - Setting next_dagrun for fetch_data to 2025-11-27 00:00:00+00:00, run_after=2025-11-28 00:00:00+00:00
[2025-11-27T18:01:43.419+0000] {processor.py:183} INFO - Processing /opt/airflow/dags/01_data_fetch_mkCHtbls.py took 7.242 seconds
[2025-11-27T18:02:13.812+0000] {processor.py:161} INFO - Started process (PID=52308) to work on /opt/airflow/dags/01_data_fetch_mkCHtbls.py
[2025-11-27T18:02:13.827+0000] {processor.py:830} INFO - Processing file /opt/airflow/dags/01_data_fetch_mkCHtbls.py for tasks to queue
[2025-11-27T18:02:13.832+0000] {logging_mixin.py:188} INFO - [2025-11-27T18:02:13.831+0000] {dagbag.py:538} INFO - Filling up the DagBag from /opt/airflow/dags/01_data_fetch_mkCHtbls.py
[2025-11-27T18:02:27.400+0000] {processor.py:840} INFO - DAG(s) 'fetch_data' retrieved from /opt/airflow/dags/01_data_fetch_mkCHtbls.py
[2025-11-27T18:02:27.485+0000] {logging_mixin.py:188} INFO - [2025-11-27T18:02:27.484+0000] {dag.py:3036} INFO - Sync 1 DAGs
[2025-11-27T18:02:27.531+0000] {logging_mixin.py:188} INFO - [2025-11-27T18:02:27.530+0000] {dag.py:3823} INFO - Setting next_dagrun for fetch_data to 2025-11-27 00:00:00+00:00, run_after=2025-11-28 00:00:00+00:00
[2025-11-27T18:02:27.575+0000] {processor.py:183} INFO - Processing /opt/airflow/dags/01_data_fetch_mkCHtbls.py took 13.774 seconds
[2025-11-27T18:02:57.805+0000] {processor.py:161} INFO - Started process (PID=52399) to work on /opt/airflow/dags/01_data_fetch_mkCHtbls.py
[2025-11-27T18:02:57.808+0000] {processor.py:830} INFO - Processing file /opt/airflow/dags/01_data_fetch_mkCHtbls.py for tasks to queue
[2025-11-27T18:02:57.810+0000] {logging_mixin.py:188} INFO - [2025-11-27T18:02:57.810+0000] {dagbag.py:538} INFO - Filling up the DagBag from /opt/airflow/dags/01_data_fetch_mkCHtbls.py
[2025-11-27T18:03:05.561+0000] {processor.py:840} INFO - DAG(s) 'fetch_data' retrieved from /opt/airflow/dags/01_data_fetch_mkCHtbls.py
[2025-11-27T18:03:05.625+0000] {logging_mixin.py:188} INFO - [2025-11-27T18:03:05.624+0000] {dag.py:3036} INFO - Sync 1 DAGs
[2025-11-27T18:03:05.666+0000] {logging_mixin.py:188} INFO - [2025-11-27T18:03:05.665+0000] {dag.py:3823} INFO - Setting next_dagrun for fetch_data to 2025-11-27 00:00:00+00:00, run_after=2025-11-28 00:00:00+00:00
[2025-11-27T18:03:05.719+0000] {processor.py:183} INFO - Processing /opt/airflow/dags/01_data_fetch_mkCHtbls.py took 7.921 seconds
[2025-11-27T18:03:36.502+0000] {processor.py:161} INFO - Started process (PID=52469) to work on /opt/airflow/dags/01_data_fetch_mkCHtbls.py
[2025-11-27T18:03:36.504+0000] {processor.py:830} INFO - Processing file /opt/airflow/dags/01_data_fetch_mkCHtbls.py for tasks to queue
[2025-11-27T18:03:36.506+0000] {logging_mixin.py:188} INFO - [2025-11-27T18:03:36.505+0000] {dagbag.py:538} INFO - Filling up the DagBag from /opt/airflow/dags/01_data_fetch_mkCHtbls.py
[2025-11-27T18:03:43.647+0000] {processor.py:840} INFO - DAG(s) 'fetch_data' retrieved from /opt/airflow/dags/01_data_fetch_mkCHtbls.py
[2025-11-27T18:03:43.710+0000] {logging_mixin.py:188} INFO - [2025-11-27T18:03:43.709+0000] {dag.py:3036} INFO - Sync 1 DAGs
[2025-11-27T18:03:43.759+0000] {logging_mixin.py:188} INFO - [2025-11-27T18:03:43.758+0000] {dag.py:3823} INFO - Setting next_dagrun for fetch_data to 2025-11-27 00:00:00+00:00, run_after=2025-11-28 00:00:00+00:00
[2025-11-27T18:03:43.826+0000] {processor.py:183} INFO - Processing /opt/airflow/dags/01_data_fetch_mkCHtbls.py took 7.332 seconds
[2025-11-27T18:04:14.371+0000] {processor.py:161} INFO - Started process (PID=52564) to work on /opt/airflow/dags/01_data_fetch_mkCHtbls.py
[2025-11-27T18:04:14.373+0000] {processor.py:830} INFO - Processing file /opt/airflow/dags/01_data_fetch_mkCHtbls.py for tasks to queue
[2025-11-27T18:04:14.374+0000] {logging_mixin.py:188} INFO - [2025-11-27T18:04:14.374+0000] {dagbag.py:538} INFO - Filling up the DagBag from /opt/airflow/dags/01_data_fetch_mkCHtbls.py
[2025-11-27T18:04:20.689+0000] {processor.py:840} INFO - DAG(s) 'fetch_data' retrieved from /opt/airflow/dags/01_data_fetch_mkCHtbls.py
[2025-11-27T18:04:20.753+0000] {logging_mixin.py:188} INFO - [2025-11-27T18:04:20.752+0000] {dag.py:3036} INFO - Sync 1 DAGs
[2025-11-27T18:04:20.797+0000] {logging_mixin.py:188} INFO - [2025-11-27T18:04:20.796+0000] {dag.py:3823} INFO - Setting next_dagrun for fetch_data to 2025-11-27 00:00:00+00:00, run_after=2025-11-28 00:00:00+00:00
[2025-11-27T18:04:20.850+0000] {processor.py:183} INFO - Processing /opt/airflow/dags/01_data_fetch_mkCHtbls.py took 6.485 seconds
[2025-11-27T18:04:51.263+0000] {processor.py:161} INFO - Started process (PID=52634) to work on /opt/airflow/dags/01_data_fetch_mkCHtbls.py
[2025-11-27T18:04:51.266+0000] {processor.py:830} INFO - Processing file /opt/airflow/dags/01_data_fetch_mkCHtbls.py for tasks to queue
[2025-11-27T18:04:51.268+0000] {logging_mixin.py:188} INFO - [2025-11-27T18:04:51.267+0000] {dagbag.py:538} INFO - Filling up the DagBag from /opt/airflow/dags/01_data_fetch_mkCHtbls.py
[2025-11-27T18:04:57.409+0000] {processor.py:840} INFO - DAG(s) 'fetch_data' retrieved from /opt/airflow/dags/01_data_fetch_mkCHtbls.py
[2025-11-27T18:04:57.462+0000] {logging_mixin.py:188} INFO - [2025-11-27T18:04:57.461+0000] {dag.py:3036} INFO - Sync 1 DAGs
[2025-11-27T18:04:57.502+0000] {logging_mixin.py:188} INFO - [2025-11-27T18:04:57.502+0000] {dag.py:3823} INFO - Setting next_dagrun for fetch_data to 2025-11-27 00:00:00+00:00, run_after=2025-11-28 00:00:00+00:00
[2025-11-27T18:04:57.550+0000] {processor.py:183} INFO - Processing /opt/airflow/dags/01_data_fetch_mkCHtbls.py took 6.294 seconds
[2025-11-27T18:05:27.753+0000] {processor.py:161} INFO - Started process (PID=52704) to work on /opt/airflow/dags/01_data_fetch_mkCHtbls.py
[2025-11-27T18:05:27.755+0000] {processor.py:830} INFO - Processing file /opt/airflow/dags/01_data_fetch_mkCHtbls.py for tasks to queue
[2025-11-27T18:05:27.757+0000] {logging_mixin.py:188} INFO - [2025-11-27T18:05:27.757+0000] {dagbag.py:538} INFO - Filling up the DagBag from /opt/airflow/dags/01_data_fetch_mkCHtbls.py
[2025-11-27T18:05:34.882+0000] {processor.py:840} INFO - DAG(s) 'fetch_data' retrieved from /opt/airflow/dags/01_data_fetch_mkCHtbls.py
[2025-11-27T18:05:34.938+0000] {logging_mixin.py:188} INFO - [2025-11-27T18:05:34.937+0000] {dag.py:3036} INFO - Sync 1 DAGs
[2025-11-27T18:05:34.979+0000] {logging_mixin.py:188} INFO - [2025-11-27T18:05:34.978+0000] {dag.py:3823} INFO - Setting next_dagrun for fetch_data to 2025-11-27 00:00:00+00:00, run_after=2025-11-28 00:00:00+00:00
[2025-11-27T18:05:35.011+0000] {processor.py:183} INFO - Processing /opt/airflow/dags/01_data_fetch_mkCHtbls.py took 7.264 seconds
[2025-11-27T18:06:05.410+0000] {processor.py:161} INFO - Started process (PID=52795) to work on /opt/airflow/dags/01_data_fetch_mkCHtbls.py
[2025-11-27T18:06:05.412+0000] {processor.py:830} INFO - Processing file /opt/airflow/dags/01_data_fetch_mkCHtbls.py for tasks to queue
[2025-11-27T18:06:05.413+0000] {logging_mixin.py:188} INFO - [2025-11-27T18:06:05.413+0000] {dagbag.py:538} INFO - Filling up the DagBag from /opt/airflow/dags/01_data_fetch_mkCHtbls.py
[2025-11-27T18:06:12.713+0000] {processor.py:840} INFO - DAG(s) 'fetch_data' retrieved from /opt/airflow/dags/01_data_fetch_mkCHtbls.py
[2025-11-27T18:06:12.941+0000] {logging_mixin.py:188} INFO - [2025-11-27T18:06:12.939+0000] {dag.py:3036} INFO - Sync 1 DAGs
[2025-11-27T18:06:13.059+0000] {logging_mixin.py:188} INFO - [2025-11-27T18:06:13.057+0000] {dag.py:3823} INFO - Setting next_dagrun for fetch_data to 2025-11-27 00:00:00+00:00, run_after=2025-11-28 00:00:00+00:00
[2025-11-27T18:06:13.173+0000] {processor.py:183} INFO - Processing /opt/airflow/dags/01_data_fetch_mkCHtbls.py took 7.769 seconds
[2025-11-27T18:06:43.845+0000] {processor.py:161} INFO - Started process (PID=52865) to work on /opt/airflow/dags/01_data_fetch_mkCHtbls.py
[2025-11-27T18:06:43.847+0000] {processor.py:830} INFO - Processing file /opt/airflow/dags/01_data_fetch_mkCHtbls.py for tasks to queue
[2025-11-27T18:06:43.849+0000] {logging_mixin.py:188} INFO - [2025-11-27T18:06:43.848+0000] {dagbag.py:538} INFO - Filling up the DagBag from /opt/airflow/dags/01_data_fetch_mkCHtbls.py
[2025-11-27T18:06:49.585+0000] {processor.py:840} INFO - DAG(s) 'fetch_data' retrieved from /opt/airflow/dags/01_data_fetch_mkCHtbls.py
[2025-11-27T18:06:49.634+0000] {logging_mixin.py:188} INFO - [2025-11-27T18:06:49.633+0000] {dag.py:3036} INFO - Sync 1 DAGs
[2025-11-27T18:06:49.669+0000] {logging_mixin.py:188} INFO - [2025-11-27T18:06:49.668+0000] {dag.py:3823} INFO - Setting next_dagrun for fetch_data to 2025-11-27 00:00:00+00:00, run_after=2025-11-28 00:00:00+00:00
[2025-11-27T18:06:49.718+0000] {processor.py:183} INFO - Processing /opt/airflow/dags/01_data_fetch_mkCHtbls.py took 5.879 seconds
[2025-11-27T18:07:20.464+0000] {processor.py:161} INFO - Started process (PID=52960) to work on /opt/airflow/dags/01_data_fetch_mkCHtbls.py
[2025-11-27T18:07:20.467+0000] {processor.py:830} INFO - Processing file /opt/airflow/dags/01_data_fetch_mkCHtbls.py for tasks to queue
[2025-11-27T18:07:20.469+0000] {logging_mixin.py:188} INFO - [2025-11-27T18:07:20.468+0000] {dagbag.py:538} INFO - Filling up the DagBag from /opt/airflow/dags/01_data_fetch_mkCHtbls.py
[2025-11-27T18:07:27.079+0000] {processor.py:840} INFO - DAG(s) 'fetch_data' retrieved from /opt/airflow/dags/01_data_fetch_mkCHtbls.py
[2025-11-27T18:07:27.130+0000] {logging_mixin.py:188} INFO - [2025-11-27T18:07:27.129+0000] {dag.py:3036} INFO - Sync 1 DAGs
[2025-11-27T18:07:27.178+0000] {logging_mixin.py:188} INFO - [2025-11-27T18:07:27.178+0000] {dag.py:3823} INFO - Setting next_dagrun for fetch_data to 2025-11-27 00:00:00+00:00, run_after=2025-11-28 00:00:00+00:00
[2025-11-27T18:07:27.223+0000] {processor.py:183} INFO - Processing /opt/airflow/dags/01_data_fetch_mkCHtbls.py took 6.771 seconds
[2025-11-27T18:07:57.915+0000] {processor.py:161} INFO - Started process (PID=53030) to work on /opt/airflow/dags/01_data_fetch_mkCHtbls.py
[2025-11-27T18:07:57.918+0000] {processor.py:830} INFO - Processing file /opt/airflow/dags/01_data_fetch_mkCHtbls.py for tasks to queue
[2025-11-27T18:07:57.920+0000] {logging_mixin.py:188} INFO - [2025-11-27T18:07:57.920+0000] {dagbag.py:538} INFO - Filling up the DagBag from /opt/airflow/dags/01_data_fetch_mkCHtbls.py
[2025-11-27T18:08:05.460+0000] {processor.py:840} INFO - DAG(s) 'fetch_data' retrieved from /opt/airflow/dags/01_data_fetch_mkCHtbls.py
[2025-11-27T18:08:05.528+0000] {logging_mixin.py:188} INFO - [2025-11-27T18:08:05.527+0000] {dag.py:3036} INFO - Sync 1 DAGs
[2025-11-27T18:08:05.569+0000] {logging_mixin.py:188} INFO - [2025-11-27T18:08:05.569+0000] {dag.py:3823} INFO - Setting next_dagrun for fetch_data to 2025-11-27 00:00:00+00:00, run_after=2025-11-28 00:00:00+00:00
[2025-11-27T18:08:05.620+0000] {processor.py:183} INFO - Processing /opt/airflow/dags/01_data_fetch_mkCHtbls.py took 7.712 seconds
