[2025-11-28T10:40:00.016+0000] {processor.py:161} INFO - Started process (PID=203) to work on /opt/airflow/dags/011_dbt_transforms.py
[2025-11-28T10:40:00.021+0000] {processor.py:830} INFO - Processing file /opt/airflow/dags/011_dbt_transforms.py for tasks to queue
[2025-11-28T10:40:00.027+0000] {logging_mixin.py:188} INFO - [2025-11-28T10:40:00.026+0000] {dagbag.py:538} INFO - Filling up the DagBag from /opt/airflow/dags/011_dbt_transforms.py
[2025-11-28T10:40:00.075+0000] {processor.py:840} INFO - DAG(s) 'dbt_transforms' retrieved from /opt/airflow/dags/011_dbt_transforms.py
[2025-11-28T10:40:00.588+0000] {logging_mixin.py:188} INFO - [2025-11-28T10:40:00.587+0000] {dag.py:3036} INFO - Sync 1 DAGs
[2025-11-28T10:40:00.706+0000] {logging_mixin.py:188} INFO - [2025-11-28T10:40:00.706+0000] {dag.py:3823} INFO - Setting next_dagrun for dbt_transforms to None, run_after=None
[2025-11-28T10:40:00.812+0000] {processor.py:183} INFO - Processing /opt/airflow/dags/011_dbt_transforms.py took 0.813 seconds
[2025-11-28T10:40:31.146+0000] {processor.py:161} INFO - Started process (PID=305) to work on /opt/airflow/dags/011_dbt_transforms.py
[2025-11-28T10:40:31.148+0000] {processor.py:830} INFO - Processing file /opt/airflow/dags/011_dbt_transforms.py for tasks to queue
[2025-11-28T10:40:31.150+0000] {logging_mixin.py:188} INFO - [2025-11-28T10:40:31.149+0000] {dagbag.py:538} INFO - Filling up the DagBag from /opt/airflow/dags/011_dbt_transforms.py
[2025-11-28T10:40:31.171+0000] {processor.py:840} INFO - DAG(s) 'dbt_transforms' retrieved from /opt/airflow/dags/011_dbt_transforms.py
[2025-11-28T10:40:31.248+0000] {logging_mixin.py:188} INFO - [2025-11-28T10:40:31.248+0000] {dag.py:3036} INFO - Sync 1 DAGs
[2025-11-28T10:40:31.307+0000] {logging_mixin.py:188} INFO - [2025-11-28T10:40:31.306+0000] {dag.py:3823} INFO - Setting next_dagrun for dbt_transforms to None, run_after=None
[2025-11-28T10:40:31.403+0000] {processor.py:183} INFO - Processing /opt/airflow/dags/011_dbt_transforms.py took 0.265 seconds
[2025-11-28T10:41:01.750+0000] {processor.py:161} INFO - Started process (PID=406) to work on /opt/airflow/dags/011_dbt_transforms.py
[2025-11-28T10:41:01.752+0000] {processor.py:830} INFO - Processing file /opt/airflow/dags/011_dbt_transforms.py for tasks to queue
[2025-11-28T10:41:01.753+0000] {logging_mixin.py:188} INFO - [2025-11-28T10:41:01.753+0000] {dagbag.py:538} INFO - Filling up the DagBag from /opt/airflow/dags/011_dbt_transforms.py
[2025-11-28T10:41:01.771+0000] {processor.py:840} INFO - DAG(s) 'dbt_transforms' retrieved from /opt/airflow/dags/011_dbt_transforms.py
[2025-11-28T10:41:01.827+0000] {logging_mixin.py:188} INFO - [2025-11-28T10:41:01.826+0000] {dag.py:3036} INFO - Sync 1 DAGs
[2025-11-28T10:41:01.864+0000] {logging_mixin.py:188} INFO - [2025-11-28T10:41:01.864+0000] {dag.py:3823} INFO - Setting next_dagrun for dbt_transforms to None, run_after=None
[2025-11-28T10:41:01.926+0000] {processor.py:183} INFO - Processing /opt/airflow/dags/011_dbt_transforms.py took 0.182 seconds
[2025-11-28T10:41:32.517+0000] {processor.py:161} INFO - Started process (PID=476) to work on /opt/airflow/dags/011_dbt_transforms.py
[2025-11-28T10:41:32.521+0000] {processor.py:830} INFO - Processing file /opt/airflow/dags/011_dbt_transforms.py for tasks to queue
[2025-11-28T10:41:32.526+0000] {logging_mixin.py:188} INFO - [2025-11-28T10:41:32.524+0000] {dagbag.py:538} INFO - Filling up the DagBag from /opt/airflow/dags/011_dbt_transforms.py
[2025-11-28T10:41:32.557+0000] {processor.py:840} INFO - DAG(s) 'dbt_transforms' retrieved from /opt/airflow/dags/011_dbt_transforms.py
[2025-11-28T10:41:32.666+0000] {logging_mixin.py:188} INFO - [2025-11-28T10:41:32.665+0000] {dag.py:3036} INFO - Sync 1 DAGs
[2025-11-28T10:41:32.730+0000] {logging_mixin.py:188} INFO - [2025-11-28T10:41:32.729+0000] {dag.py:3823} INFO - Setting next_dagrun for dbt_transforms to None, run_after=None
[2025-11-28T10:41:32.803+0000] {processor.py:183} INFO - Processing /opt/airflow/dags/011_dbt_transforms.py took 0.295 seconds
[2025-11-28T10:42:03.021+0000] {processor.py:161} INFO - Started process (PID=546) to work on /opt/airflow/dags/011_dbt_transforms.py
[2025-11-28T10:42:03.023+0000] {processor.py:830} INFO - Processing file /opt/airflow/dags/011_dbt_transforms.py for tasks to queue
[2025-11-28T10:42:03.025+0000] {logging_mixin.py:188} INFO - [2025-11-28T10:42:03.024+0000] {dagbag.py:538} INFO - Filling up the DagBag from /opt/airflow/dags/011_dbt_transforms.py
[2025-11-28T10:42:03.043+0000] {processor.py:840} INFO - DAG(s) 'dbt_transforms' retrieved from /opt/airflow/dags/011_dbt_transforms.py
[2025-11-28T10:42:03.106+0000] {logging_mixin.py:188} INFO - [2025-11-28T10:42:03.105+0000] {dag.py:3036} INFO - Sync 1 DAGs
[2025-11-28T10:42:03.147+0000] {logging_mixin.py:188} INFO - [2025-11-28T10:42:03.146+0000] {dag.py:3823} INFO - Setting next_dagrun for dbt_transforms to None, run_after=None
[2025-11-28T10:42:03.214+0000] {processor.py:183} INFO - Processing /opt/airflow/dags/011_dbt_transforms.py took 0.199 seconds
[2025-11-28T10:42:33.548+0000] {processor.py:161} INFO - Started process (PID=613) to work on /opt/airflow/dags/011_dbt_transforms.py
[2025-11-28T10:42:33.550+0000] {processor.py:830} INFO - Processing file /opt/airflow/dags/011_dbt_transforms.py for tasks to queue
[2025-11-28T10:42:33.560+0000] {logging_mixin.py:188} INFO - [2025-11-28T10:42:33.560+0000] {dagbag.py:538} INFO - Filling up the DagBag from /opt/airflow/dags/011_dbt_transforms.py
[2025-11-28T10:42:33.578+0000] {processor.py:840} INFO - DAG(s) 'dbt_transforms' retrieved from /opt/airflow/dags/011_dbt_transforms.py
[2025-11-28T10:42:33.636+0000] {logging_mixin.py:188} INFO - [2025-11-28T10:42:33.636+0000] {dag.py:3036} INFO - Sync 1 DAGs
[2025-11-28T10:42:33.677+0000] {logging_mixin.py:188} INFO - [2025-11-28T10:42:33.676+0000] {dag.py:3823} INFO - Setting next_dagrun for dbt_transforms to None, run_after=None
[2025-11-28T10:42:33.742+0000] {processor.py:183} INFO - Processing /opt/airflow/dags/011_dbt_transforms.py took 0.199 seconds
[2025-11-28T10:43:04.085+0000] {processor.py:161} INFO - Started process (PID=662) to work on /opt/airflow/dags/011_dbt_transforms.py
[2025-11-28T10:43:04.089+0000] {processor.py:830} INFO - Processing file /opt/airflow/dags/011_dbt_transforms.py for tasks to queue
[2025-11-28T10:43:04.092+0000] {logging_mixin.py:188} INFO - [2025-11-28T10:43:04.091+0000] {dagbag.py:538} INFO - Filling up the DagBag from /opt/airflow/dags/011_dbt_transforms.py
[2025-11-28T10:43:04.121+0000] {processor.py:840} INFO - DAG(s) 'dbt_transforms' retrieved from /opt/airflow/dags/011_dbt_transforms.py
[2025-11-28T10:43:04.202+0000] {logging_mixin.py:188} INFO - [2025-11-28T10:43:04.201+0000] {dag.py:3036} INFO - Sync 1 DAGs
[2025-11-28T10:43:04.260+0000] {logging_mixin.py:188} INFO - [2025-11-28T10:43:04.259+0000] {dag.py:3823} INFO - Setting next_dagrun for dbt_transforms to None, run_after=None
[2025-11-28T10:43:04.334+0000] {processor.py:183} INFO - Processing /opt/airflow/dags/011_dbt_transforms.py took 0.262 seconds
[2025-11-28T10:43:34.440+0000] {processor.py:161} INFO - Started process (PID=732) to work on /opt/airflow/dags/011_dbt_transforms.py
[2025-11-28T10:43:34.442+0000] {processor.py:830} INFO - Processing file /opt/airflow/dags/011_dbt_transforms.py for tasks to queue
[2025-11-28T10:43:34.445+0000] {logging_mixin.py:188} INFO - [2025-11-28T10:43:34.444+0000] {dagbag.py:538} INFO - Filling up the DagBag from /opt/airflow/dags/011_dbt_transforms.py
[2025-11-28T10:43:34.467+0000] {processor.py:840} INFO - DAG(s) 'dbt_transforms' retrieved from /opt/airflow/dags/011_dbt_transforms.py
[2025-11-28T10:43:34.545+0000] {logging_mixin.py:188} INFO - [2025-11-28T10:43:34.544+0000] {dag.py:3036} INFO - Sync 1 DAGs
[2025-11-28T10:43:34.624+0000] {logging_mixin.py:188} INFO - [2025-11-28T10:43:34.623+0000] {dag.py:3823} INFO - Setting next_dagrun for dbt_transforms to None, run_after=None
[2025-11-28T10:43:34.677+0000] {processor.py:183} INFO - Processing /opt/airflow/dags/011_dbt_transforms.py took 0.244 seconds
[2025-11-28T10:44:05.057+0000] {processor.py:161} INFO - Started process (PID=785) to work on /opt/airflow/dags/011_dbt_transforms.py
[2025-11-28T10:44:05.059+0000] {processor.py:830} INFO - Processing file /opt/airflow/dags/011_dbt_transforms.py for tasks to queue
[2025-11-28T10:44:05.061+0000] {logging_mixin.py:188} INFO - [2025-11-28T10:44:05.060+0000] {dagbag.py:538} INFO - Filling up the DagBag from /opt/airflow/dags/011_dbt_transforms.py
[2025-11-28T10:44:05.080+0000] {processor.py:840} INFO - DAG(s) 'dbt_transforms' retrieved from /opt/airflow/dags/011_dbt_transforms.py
[2025-11-28T10:44:05.140+0000] {logging_mixin.py:188} INFO - [2025-11-28T10:44:05.140+0000] {dag.py:3036} INFO - Sync 1 DAGs
[2025-11-28T10:44:05.185+0000] {logging_mixin.py:188} INFO - [2025-11-28T10:44:05.184+0000] {dag.py:3823} INFO - Setting next_dagrun for dbt_transforms to None, run_after=None
[2025-11-28T10:44:05.247+0000] {processor.py:183} INFO - Processing /opt/airflow/dags/011_dbt_transforms.py took 0.197 seconds
[2025-11-28T10:44:35.678+0000] {processor.py:161} INFO - Started process (PID=855) to work on /opt/airflow/dags/011_dbt_transforms.py
[2025-11-28T10:44:35.680+0000] {processor.py:830} INFO - Processing file /opt/airflow/dags/011_dbt_transforms.py for tasks to queue
[2025-11-28T10:44:35.682+0000] {logging_mixin.py:188} INFO - [2025-11-28T10:44:35.681+0000] {dagbag.py:538} INFO - Filling up the DagBag from /opt/airflow/dags/011_dbt_transforms.py
[2025-11-28T10:44:35.704+0000] {processor.py:840} INFO - DAG(s) 'dbt_transforms' retrieved from /opt/airflow/dags/011_dbt_transforms.py
[2025-11-28T10:44:35.767+0000] {logging_mixin.py:188} INFO - [2025-11-28T10:44:35.766+0000] {dag.py:3036} INFO - Sync 1 DAGs
[2025-11-28T10:44:35.819+0000] {logging_mixin.py:188} INFO - [2025-11-28T10:44:35.818+0000] {dag.py:3823} INFO - Setting next_dagrun for dbt_transforms to None, run_after=None
[2025-11-28T10:44:35.873+0000] {processor.py:183} INFO - Processing /opt/airflow/dags/011_dbt_transforms.py took 0.202 seconds
[2025-11-28T10:45:05.974+0000] {processor.py:161} INFO - Started process (PID=922) to work on /opt/airflow/dags/011_dbt_transforms.py
[2025-11-28T10:45:05.975+0000] {processor.py:830} INFO - Processing file /opt/airflow/dags/011_dbt_transforms.py for tasks to queue
[2025-11-28T10:45:05.977+0000] {logging_mixin.py:188} INFO - [2025-11-28T10:45:05.977+0000] {dagbag.py:538} INFO - Filling up the DagBag from /opt/airflow/dags/011_dbt_transforms.py
[2025-11-28T10:45:05.995+0000] {processor.py:840} INFO - DAG(s) 'dbt_transforms' retrieved from /opt/airflow/dags/011_dbt_transforms.py
[2025-11-28T10:45:06.057+0000] {logging_mixin.py:188} INFO - [2025-11-28T10:45:06.057+0000] {dag.py:3036} INFO - Sync 1 DAGs
[2025-11-28T10:45:06.095+0000] {logging_mixin.py:188} INFO - [2025-11-28T10:45:06.095+0000] {dag.py:3823} INFO - Setting next_dagrun for dbt_transforms to None, run_after=None
[2025-11-28T10:45:06.153+0000] {processor.py:183} INFO - Processing /opt/airflow/dags/011_dbt_transforms.py took 0.186 seconds
[2025-11-28T10:45:36.472+0000] {processor.py:161} INFO - Started process (PID=992) to work on /opt/airflow/dags/011_dbt_transforms.py
[2025-11-28T10:45:36.474+0000] {processor.py:830} INFO - Processing file /opt/airflow/dags/011_dbt_transforms.py for tasks to queue
[2025-11-28T10:45:36.476+0000] {logging_mixin.py:188} INFO - [2025-11-28T10:45:36.475+0000] {dagbag.py:538} INFO - Filling up the DagBag from /opt/airflow/dags/011_dbt_transforms.py
[2025-11-28T10:45:36.493+0000] {processor.py:840} INFO - DAG(s) 'dbt_transforms' retrieved from /opt/airflow/dags/011_dbt_transforms.py
[2025-11-28T10:45:36.544+0000] {logging_mixin.py:188} INFO - [2025-11-28T10:45:36.544+0000] {dag.py:3036} INFO - Sync 1 DAGs
[2025-11-28T10:45:36.583+0000] {logging_mixin.py:188} INFO - [2025-11-28T10:45:36.583+0000] {dag.py:3823} INFO - Setting next_dagrun for dbt_transforms to None, run_after=None
[2025-11-28T10:45:36.642+0000] {processor.py:183} INFO - Processing /opt/airflow/dags/011_dbt_transforms.py took 0.176 seconds
[2025-11-28T10:46:07.370+0000] {processor.py:161} INFO - Started process (PID=1108) to work on /opt/airflow/dags/011_dbt_transforms.py
[2025-11-28T10:46:07.372+0000] {processor.py:830} INFO - Processing file /opt/airflow/dags/011_dbt_transforms.py for tasks to queue
[2025-11-28T10:46:07.374+0000] {logging_mixin.py:188} INFO - [2025-11-28T10:46:07.373+0000] {dagbag.py:538} INFO - Filling up the DagBag from /opt/airflow/dags/011_dbt_transforms.py
[2025-11-28T10:46:07.392+0000] {processor.py:840} INFO - DAG(s) 'dbt_transforms' retrieved from /opt/airflow/dags/011_dbt_transforms.py
[2025-11-28T10:46:07.449+0000] {logging_mixin.py:188} INFO - [2025-11-28T10:46:07.448+0000] {dag.py:3036} INFO - Sync 1 DAGs
[2025-11-28T10:46:07.490+0000] {logging_mixin.py:188} INFO - [2025-11-28T10:46:07.490+0000] {dag.py:3823} INFO - Setting next_dagrun for dbt_transforms to None, run_after=None
[2025-11-28T10:46:07.551+0000] {processor.py:183} INFO - Processing /opt/airflow/dags/011_dbt_transforms.py took 0.187 seconds
[2025-11-28T10:46:37.915+0000] {processor.py:161} INFO - Started process (PID=1140) to work on /opt/airflow/dags/011_dbt_transforms.py
[2025-11-28T10:46:37.917+0000] {processor.py:830} INFO - Processing file /opt/airflow/dags/011_dbt_transforms.py for tasks to queue
[2025-11-28T10:46:37.920+0000] {logging_mixin.py:188} INFO - [2025-11-28T10:46:37.919+0000] {dagbag.py:538} INFO - Filling up the DagBag from /opt/airflow/dags/011_dbt_transforms.py
[2025-11-28T10:46:37.940+0000] {processor.py:840} INFO - DAG(s) 'dbt_transforms' retrieved from /opt/airflow/dags/011_dbt_transforms.py
[2025-11-28T10:46:38.005+0000] {logging_mixin.py:188} INFO - [2025-11-28T10:46:38.004+0000] {dag.py:3036} INFO - Sync 1 DAGs
[2025-11-28T10:46:38.051+0000] {logging_mixin.py:188} INFO - [2025-11-28T10:46:38.050+0000] {dag.py:3823} INFO - Setting next_dagrun for dbt_transforms to None, run_after=None
[2025-11-28T10:46:38.118+0000] {processor.py:183} INFO - Processing /opt/airflow/dags/011_dbt_transforms.py took 0.210 seconds
[2025-11-28T10:47:08.550+0000] {processor.py:161} INFO - Started process (PID=1210) to work on /opt/airflow/dags/011_dbt_transforms.py
[2025-11-28T10:47:08.552+0000] {processor.py:830} INFO - Processing file /opt/airflow/dags/011_dbt_transforms.py for tasks to queue
[2025-11-28T10:47:08.555+0000] {logging_mixin.py:188} INFO - [2025-11-28T10:47:08.554+0000] {dagbag.py:538} INFO - Filling up the DagBag from /opt/airflow/dags/011_dbt_transforms.py
[2025-11-28T10:47:08.584+0000] {processor.py:840} INFO - DAG(s) 'dbt_transforms' retrieved from /opt/airflow/dags/011_dbt_transforms.py
[2025-11-28T10:47:08.649+0000] {logging_mixin.py:188} INFO - [2025-11-28T10:47:08.648+0000] {dag.py:3036} INFO - Sync 1 DAGs
[2025-11-28T10:47:08.696+0000] {logging_mixin.py:188} INFO - [2025-11-28T10:47:08.695+0000] {dag.py:3823} INFO - Setting next_dagrun for dbt_transforms to None, run_after=None
[2025-11-28T10:47:08.764+0000] {processor.py:183} INFO - Processing /opt/airflow/dags/011_dbt_transforms.py took 0.223 seconds
[2025-11-28T10:47:39.202+0000] {processor.py:161} INFO - Started process (PID=1280) to work on /opt/airflow/dags/011_dbt_transforms.py
[2025-11-28T10:47:39.204+0000] {processor.py:830} INFO - Processing file /opt/airflow/dags/011_dbt_transforms.py for tasks to queue
[2025-11-28T10:47:39.207+0000] {logging_mixin.py:188} INFO - [2025-11-28T10:47:39.206+0000] {dagbag.py:538} INFO - Filling up the DagBag from /opt/airflow/dags/011_dbt_transforms.py
[2025-11-28T10:47:39.229+0000] {processor.py:840} INFO - DAG(s) 'dbt_transforms' retrieved from /opt/airflow/dags/011_dbt_transforms.py
[2025-11-28T10:47:39.289+0000] {logging_mixin.py:188} INFO - [2025-11-28T10:47:39.288+0000] {dag.py:3036} INFO - Sync 1 DAGs
[2025-11-28T10:47:39.336+0000] {logging_mixin.py:188} INFO - [2025-11-28T10:47:39.335+0000] {dag.py:3823} INFO - Setting next_dagrun for dbt_transforms to None, run_after=None
[2025-11-28T10:47:39.393+0000] {processor.py:183} INFO - Processing /opt/airflow/dags/011_dbt_transforms.py took 0.200 seconds
[2025-11-28T10:48:09.672+0000] {processor.py:161} INFO - Started process (PID=1350) to work on /opt/airflow/dags/011_dbt_transforms.py
[2025-11-28T10:48:09.674+0000] {processor.py:830} INFO - Processing file /opt/airflow/dags/011_dbt_transforms.py for tasks to queue
[2025-11-28T10:48:09.676+0000] {logging_mixin.py:188} INFO - [2025-11-28T10:48:09.676+0000] {dagbag.py:538} INFO - Filling up the DagBag from /opt/airflow/dags/011_dbt_transforms.py
[2025-11-28T10:48:09.696+0000] {processor.py:840} INFO - DAG(s) 'dbt_transforms' retrieved from /opt/airflow/dags/011_dbt_transforms.py
[2025-11-28T10:48:09.760+0000] {logging_mixin.py:188} INFO - [2025-11-28T10:48:09.759+0000] {dag.py:3036} INFO - Sync 1 DAGs
[2025-11-28T10:48:09.806+0000] {logging_mixin.py:188} INFO - [2025-11-28T10:48:09.805+0000] {dag.py:3823} INFO - Setting next_dagrun for dbt_transforms to None, run_after=None
[2025-11-28T10:48:09.862+0000] {processor.py:183} INFO - Processing /opt/airflow/dags/011_dbt_transforms.py took 0.198 seconds
[2025-11-28T10:48:40.116+0000] {processor.py:161} INFO - Started process (PID=1420) to work on /opt/airflow/dags/011_dbt_transforms.py
[2025-11-28T10:48:40.118+0000] {processor.py:830} INFO - Processing file /opt/airflow/dags/011_dbt_transforms.py for tasks to queue
[2025-11-28T10:48:40.120+0000] {logging_mixin.py:188} INFO - [2025-11-28T10:48:40.120+0000] {dagbag.py:538} INFO - Filling up the DagBag from /opt/airflow/dags/011_dbt_transforms.py
[2025-11-28T10:48:40.150+0000] {processor.py:840} INFO - DAG(s) 'dbt_transforms' retrieved from /opt/airflow/dags/011_dbt_transforms.py
[2025-11-28T10:48:40.223+0000] {logging_mixin.py:188} INFO - [2025-11-28T10:48:40.222+0000] {dag.py:3036} INFO - Sync 1 DAGs
[2025-11-28T10:48:40.273+0000] {logging_mixin.py:188} INFO - [2025-11-28T10:48:40.272+0000] {dag.py:3823} INFO - Setting next_dagrun for dbt_transforms to None, run_after=None
[2025-11-28T10:48:40.339+0000] {processor.py:183} INFO - Processing /opt/airflow/dags/011_dbt_transforms.py took 0.231 seconds
[2025-11-28T10:49:10.673+0000] {processor.py:161} INFO - Started process (PID=1490) to work on /opt/airflow/dags/011_dbt_transforms.py
[2025-11-28T10:49:10.675+0000] {processor.py:830} INFO - Processing file /opt/airflow/dags/011_dbt_transforms.py for tasks to queue
[2025-11-28T10:49:10.677+0000] {logging_mixin.py:188} INFO - [2025-11-28T10:49:10.676+0000] {dagbag.py:538} INFO - Filling up the DagBag from /opt/airflow/dags/011_dbt_transforms.py
[2025-11-28T10:49:10.697+0000] {processor.py:840} INFO - DAG(s) 'dbt_transforms' retrieved from /opt/airflow/dags/011_dbt_transforms.py
[2025-11-28T10:49:10.756+0000] {logging_mixin.py:188} INFO - [2025-11-28T10:49:10.756+0000] {dag.py:3036} INFO - Sync 1 DAGs
[2025-11-28T10:49:10.802+0000] {logging_mixin.py:188} INFO - [2025-11-28T10:49:10.802+0000] {dag.py:3823} INFO - Setting next_dagrun for dbt_transforms to None, run_after=None
[2025-11-28T10:49:10.862+0000] {processor.py:183} INFO - Processing /opt/airflow/dags/011_dbt_transforms.py took 0.196 seconds
[2025-11-28T10:49:41.318+0000] {processor.py:161} INFO - Started process (PID=1560) to work on /opt/airflow/dags/011_dbt_transforms.py
[2025-11-28T10:49:41.319+0000] {processor.py:830} INFO - Processing file /opt/airflow/dags/011_dbt_transforms.py for tasks to queue
[2025-11-28T10:49:41.321+0000] {logging_mixin.py:188} INFO - [2025-11-28T10:49:41.320+0000] {dagbag.py:538} INFO - Filling up the DagBag from /opt/airflow/dags/011_dbt_transforms.py
[2025-11-28T10:49:41.337+0000] {processor.py:840} INFO - DAG(s) 'dbt_transforms' retrieved from /opt/airflow/dags/011_dbt_transforms.py
[2025-11-28T10:49:41.387+0000] {logging_mixin.py:188} INFO - [2025-11-28T10:49:41.387+0000] {dag.py:3036} INFO - Sync 1 DAGs
[2025-11-28T10:49:41.423+0000] {logging_mixin.py:188} INFO - [2025-11-28T10:49:41.422+0000] {dag.py:3823} INFO - Setting next_dagrun for dbt_transforms to None, run_after=None
[2025-11-28T10:49:41.480+0000] {processor.py:183} INFO - Processing /opt/airflow/dags/011_dbt_transforms.py took 0.168 seconds
[2025-11-28T10:50:12.324+0000] {processor.py:161} INFO - Started process (PID=1628) to work on /opt/airflow/dags/011_dbt_transforms.py
[2025-11-28T10:50:12.326+0000] {processor.py:830} INFO - Processing file /opt/airflow/dags/011_dbt_transforms.py for tasks to queue
[2025-11-28T10:50:12.329+0000] {logging_mixin.py:188} INFO - [2025-11-28T10:50:12.328+0000] {dagbag.py:538} INFO - Filling up the DagBag from /opt/airflow/dags/011_dbt_transforms.py
[2025-11-28T10:50:12.348+0000] {processor.py:840} INFO - DAG(s) 'dbt_transforms' retrieved from /opt/airflow/dags/011_dbt_transforms.py
[2025-11-28T10:50:12.408+0000] {logging_mixin.py:188} INFO - [2025-11-28T10:50:12.408+0000] {dag.py:3036} INFO - Sync 1 DAGs
[2025-11-28T10:50:12.455+0000] {logging_mixin.py:188} INFO - [2025-11-28T10:50:12.455+0000] {dag.py:3823} INFO - Setting next_dagrun for dbt_transforms to None, run_after=None
[2025-11-28T10:50:12.539+0000] {processor.py:183} INFO - Processing /opt/airflow/dags/011_dbt_transforms.py took 0.221 seconds
[2025-11-28T10:50:42.925+0000] {processor.py:161} INFO - Started process (PID=1676) to work on /opt/airflow/dags/011_dbt_transforms.py
[2025-11-28T10:50:42.928+0000] {processor.py:830} INFO - Processing file /opt/airflow/dags/011_dbt_transforms.py for tasks to queue
[2025-11-28T10:50:42.931+0000] {logging_mixin.py:188} INFO - [2025-11-28T10:50:42.930+0000] {dagbag.py:538} INFO - Filling up the DagBag from /opt/airflow/dags/011_dbt_transforms.py
[2025-11-28T10:50:42.962+0000] {processor.py:840} INFO - DAG(s) 'dbt_transforms' retrieved from /opt/airflow/dags/011_dbt_transforms.py
[2025-11-28T10:50:43.072+0000] {logging_mixin.py:188} INFO - [2025-11-28T10:50:43.072+0000] {dag.py:3036} INFO - Sync 1 DAGs
[2025-11-28T10:50:43.115+0000] {logging_mixin.py:188} INFO - [2025-11-28T10:50:43.114+0000] {dag.py:3823} INFO - Setting next_dagrun for dbt_transforms to None, run_after=None
[2025-11-28T10:50:43.173+0000] {processor.py:183} INFO - Processing /opt/airflow/dags/011_dbt_transforms.py took 0.259 seconds
[2025-11-28T10:51:13.424+0000] {processor.py:161} INFO - Started process (PID=1746) to work on /opt/airflow/dags/011_dbt_transforms.py
[2025-11-28T10:51:13.427+0000] {processor.py:830} INFO - Processing file /opt/airflow/dags/011_dbt_transforms.py for tasks to queue
[2025-11-28T10:51:13.431+0000] {logging_mixin.py:188} INFO - [2025-11-28T10:51:13.430+0000] {dagbag.py:538} INFO - Filling up the DagBag from /opt/airflow/dags/011_dbt_transforms.py
[2025-11-28T10:51:13.458+0000] {processor.py:840} INFO - DAG(s) 'dbt_transforms' retrieved from /opt/airflow/dags/011_dbt_transforms.py
[2025-11-28T10:51:13.525+0000] {logging_mixin.py:188} INFO - [2025-11-28T10:51:13.524+0000] {dag.py:3036} INFO - Sync 1 DAGs
[2025-11-28T10:51:13.573+0000] {logging_mixin.py:188} INFO - [2025-11-28T10:51:13.573+0000] {dag.py:3823} INFO - Setting next_dagrun for dbt_transforms to None, run_after=None
[2025-11-28T10:51:13.637+0000] {processor.py:183} INFO - Processing /opt/airflow/dags/011_dbt_transforms.py took 0.223 seconds
[2025-11-28T10:51:44.283+0000] {processor.py:161} INFO - Started process (PID=1816) to work on /opt/airflow/dags/011_dbt_transforms.py
[2025-11-28T10:51:44.286+0000] {processor.py:830} INFO - Processing file /opt/airflow/dags/011_dbt_transforms.py for tasks to queue
[2025-11-28T10:51:44.288+0000] {logging_mixin.py:188} INFO - [2025-11-28T10:51:44.287+0000] {dagbag.py:538} INFO - Filling up the DagBag from /opt/airflow/dags/011_dbt_transforms.py
[2025-11-28T10:51:44.312+0000] {processor.py:840} INFO - DAG(s) 'dbt_transforms' retrieved from /opt/airflow/dags/011_dbt_transforms.py
[2025-11-28T10:51:44.389+0000] {logging_mixin.py:188} INFO - [2025-11-28T10:51:44.389+0000] {dag.py:3036} INFO - Sync 1 DAGs
[2025-11-28T10:51:44.447+0000] {logging_mixin.py:188} INFO - [2025-11-28T10:51:44.446+0000] {dag.py:3823} INFO - Setting next_dagrun for dbt_transforms to None, run_after=None
[2025-11-28T10:51:44.516+0000] {processor.py:183} INFO - Processing /opt/airflow/dags/011_dbt_transforms.py took 0.239 seconds
[2025-11-28T10:52:14.790+0000] {processor.py:161} INFO - Started process (PID=1886) to work on /opt/airflow/dags/011_dbt_transforms.py
[2025-11-28T10:52:14.793+0000] {processor.py:830} INFO - Processing file /opt/airflow/dags/011_dbt_transforms.py for tasks to queue
[2025-11-28T10:52:14.795+0000] {logging_mixin.py:188} INFO - [2025-11-28T10:52:14.794+0000] {dagbag.py:538} INFO - Filling up the DagBag from /opt/airflow/dags/011_dbt_transforms.py
[2025-11-28T10:52:14.815+0000] {processor.py:840} INFO - DAG(s) 'dbt_transforms' retrieved from /opt/airflow/dags/011_dbt_transforms.py
[2025-11-28T10:52:14.878+0000] {logging_mixin.py:188} INFO - [2025-11-28T10:52:14.878+0000] {dag.py:3036} INFO - Sync 1 DAGs
[2025-11-28T10:52:14.934+0000] {logging_mixin.py:188} INFO - [2025-11-28T10:52:14.933+0000] {dag.py:3823} INFO - Setting next_dagrun for dbt_transforms to None, run_after=None
[2025-11-28T10:52:14.995+0000] {processor.py:183} INFO - Processing /opt/airflow/dags/011_dbt_transforms.py took 0.212 seconds
[2025-11-28T10:52:45.143+0000] {processor.py:161} INFO - Started process (PID=1953) to work on /opt/airflow/dags/011_dbt_transforms.py
[2025-11-28T10:52:45.145+0000] {processor.py:830} INFO - Processing file /opt/airflow/dags/011_dbt_transforms.py for tasks to queue
[2025-11-28T10:52:45.147+0000] {logging_mixin.py:188} INFO - [2025-11-28T10:52:45.146+0000] {dagbag.py:538} INFO - Filling up the DagBag from /opt/airflow/dags/011_dbt_transforms.py
[2025-11-28T10:52:45.165+0000] {processor.py:840} INFO - DAG(s) 'dbt_transforms' retrieved from /opt/airflow/dags/011_dbt_transforms.py
[2025-11-28T10:52:45.223+0000] {logging_mixin.py:188} INFO - [2025-11-28T10:52:45.223+0000] {dag.py:3036} INFO - Sync 1 DAGs
[2025-11-28T10:52:45.261+0000] {logging_mixin.py:188} INFO - [2025-11-28T10:52:45.261+0000] {dag.py:3823} INFO - Setting next_dagrun for dbt_transforms to None, run_after=None
[2025-11-28T10:52:45.328+0000] {processor.py:183} INFO - Processing /opt/airflow/dags/011_dbt_transforms.py took 0.192 seconds
[2025-11-28T10:53:15.508+0000] {processor.py:161} INFO - Started process (PID=2023) to work on /opt/airflow/dags/011_dbt_transforms.py
[2025-11-28T10:53:15.510+0000] {processor.py:830} INFO - Processing file /opt/airflow/dags/011_dbt_transforms.py for tasks to queue
[2025-11-28T10:53:15.511+0000] {logging_mixin.py:188} INFO - [2025-11-28T10:53:15.511+0000] {dagbag.py:538} INFO - Filling up the DagBag from /opt/airflow/dags/011_dbt_transforms.py
[2025-11-28T10:53:15.530+0000] {processor.py:840} INFO - DAG(s) 'dbt_transforms' retrieved from /opt/airflow/dags/011_dbt_transforms.py
[2025-11-28T10:53:15.591+0000] {logging_mixin.py:188} INFO - [2025-11-28T10:53:15.591+0000] {dag.py:3036} INFO - Sync 1 DAGs
[2025-11-28T10:53:15.631+0000] {logging_mixin.py:188} INFO - [2025-11-28T10:53:15.630+0000] {dag.py:3823} INFO - Setting next_dagrun for dbt_transforms to None, run_after=None
[2025-11-28T10:53:15.691+0000] {processor.py:183} INFO - Processing /opt/airflow/dags/011_dbt_transforms.py took 0.190 seconds
[2025-11-28T10:53:45.973+0000] {processor.py:161} INFO - Started process (PID=2090) to work on /opt/airflow/dags/011_dbt_transforms.py
[2025-11-28T10:53:45.975+0000] {processor.py:830} INFO - Processing file /opt/airflow/dags/011_dbt_transforms.py for tasks to queue
[2025-11-28T10:53:45.977+0000] {logging_mixin.py:188} INFO - [2025-11-28T10:53:45.976+0000] {dagbag.py:538} INFO - Filling up the DagBag from /opt/airflow/dags/011_dbt_transforms.py
[2025-11-28T10:53:45.995+0000] {processor.py:840} INFO - DAG(s) 'dbt_transforms' retrieved from /opt/airflow/dags/011_dbt_transforms.py
[2025-11-28T10:53:46.057+0000] {logging_mixin.py:188} INFO - [2025-11-28T10:53:46.056+0000] {dag.py:3036} INFO - Sync 1 DAGs
[2025-11-28T10:53:46.101+0000] {logging_mixin.py:188} INFO - [2025-11-28T10:53:46.100+0000] {dag.py:3823} INFO - Setting next_dagrun for dbt_transforms to None, run_after=None
[2025-11-28T10:53:46.163+0000] {processor.py:183} INFO - Processing /opt/airflow/dags/011_dbt_transforms.py took 0.196 seconds
[2025-11-28T10:54:16.929+0000] {processor.py:161} INFO - Started process (PID=2142) to work on /opt/airflow/dags/011_dbt_transforms.py
[2025-11-28T10:54:16.931+0000] {processor.py:830} INFO - Processing file /opt/airflow/dags/011_dbt_transforms.py for tasks to queue
[2025-11-28T10:54:16.933+0000] {logging_mixin.py:188} INFO - [2025-11-28T10:54:16.932+0000] {dagbag.py:538} INFO - Filling up the DagBag from /opt/airflow/dags/011_dbt_transforms.py
[2025-11-28T10:54:16.953+0000] {processor.py:840} INFO - DAG(s) 'dbt_transforms' retrieved from /opt/airflow/dags/011_dbt_transforms.py
[2025-11-28T10:54:17.013+0000] {logging_mixin.py:188} INFO - [2025-11-28T10:54:17.013+0000] {dag.py:3036} INFO - Sync 1 DAGs
[2025-11-28T10:54:17.059+0000] {logging_mixin.py:188} INFO - [2025-11-28T10:54:17.059+0000] {dag.py:3823} INFO - Setting next_dagrun for dbt_transforms to None, run_after=None
[2025-11-28T10:54:17.125+0000] {processor.py:183} INFO - Processing /opt/airflow/dags/011_dbt_transforms.py took 0.203 seconds
[2025-11-28T10:54:47.494+0000] {processor.py:161} INFO - Started process (PID=2212) to work on /opt/airflow/dags/011_dbt_transforms.py
[2025-11-28T10:54:47.496+0000] {processor.py:830} INFO - Processing file /opt/airflow/dags/011_dbt_transforms.py for tasks to queue
[2025-11-28T10:54:47.498+0000] {logging_mixin.py:188} INFO - [2025-11-28T10:54:47.498+0000] {dagbag.py:538} INFO - Filling up the DagBag from /opt/airflow/dags/011_dbt_transforms.py
[2025-11-28T10:54:47.518+0000] {processor.py:840} INFO - DAG(s) 'dbt_transforms' retrieved from /opt/airflow/dags/011_dbt_transforms.py
[2025-11-28T10:54:47.588+0000] {logging_mixin.py:188} INFO - [2025-11-28T10:54:47.588+0000] {dag.py:3036} INFO - Sync 1 DAGs
[2025-11-28T10:54:47.643+0000] {logging_mixin.py:188} INFO - [2025-11-28T10:54:47.643+0000] {dag.py:3823} INFO - Setting next_dagrun for dbt_transforms to None, run_after=None
[2025-11-28T10:54:47.698+0000] {processor.py:183} INFO - Processing /opt/airflow/dags/011_dbt_transforms.py took 0.214 seconds
[2025-11-28T10:55:17.896+0000] {processor.py:161} INFO - Started process (PID=2282) to work on /opt/airflow/dags/011_dbt_transforms.py
[2025-11-28T10:55:17.898+0000] {processor.py:830} INFO - Processing file /opt/airflow/dags/011_dbt_transforms.py for tasks to queue
[2025-11-28T10:55:17.900+0000] {logging_mixin.py:188} INFO - [2025-11-28T10:55:17.900+0000] {dagbag.py:538} INFO - Filling up the DagBag from /opt/airflow/dags/011_dbt_transforms.py
[2025-11-28T10:55:17.920+0000] {processor.py:840} INFO - DAG(s) 'dbt_transforms' retrieved from /opt/airflow/dags/011_dbt_transforms.py
[2025-11-28T10:55:17.984+0000] {logging_mixin.py:188} INFO - [2025-11-28T10:55:17.984+0000] {dag.py:3036} INFO - Sync 1 DAGs
[2025-11-28T10:55:18.034+0000] {logging_mixin.py:188} INFO - [2025-11-28T10:55:18.034+0000] {dag.py:3823} INFO - Setting next_dagrun for dbt_transforms to None, run_after=None
[2025-11-28T10:55:18.105+0000] {processor.py:183} INFO - Processing /opt/airflow/dags/011_dbt_transforms.py took 0.215 seconds
[2025-11-28T10:55:48.349+0000] {processor.py:161} INFO - Started process (PID=2352) to work on /opt/airflow/dags/011_dbt_transforms.py
[2025-11-28T10:55:48.351+0000] {processor.py:830} INFO - Processing file /opt/airflow/dags/011_dbt_transforms.py for tasks to queue
[2025-11-28T10:55:48.353+0000] {logging_mixin.py:188} INFO - [2025-11-28T10:55:48.352+0000] {dagbag.py:538} INFO - Filling up the DagBag from /opt/airflow/dags/011_dbt_transforms.py
[2025-11-28T10:55:48.373+0000] {processor.py:840} INFO - DAG(s) 'dbt_transforms' retrieved from /opt/airflow/dags/011_dbt_transforms.py
[2025-11-28T10:55:48.436+0000] {logging_mixin.py:188} INFO - [2025-11-28T10:55:48.436+0000] {dag.py:3036} INFO - Sync 1 DAGs
[2025-11-28T10:55:48.483+0000] {logging_mixin.py:188} INFO - [2025-11-28T10:55:48.483+0000] {dag.py:3823} INFO - Setting next_dagrun for dbt_transforms to None, run_after=None
[2025-11-28T10:55:48.550+0000] {processor.py:183} INFO - Processing /opt/airflow/dags/011_dbt_transforms.py took 0.208 seconds
[2025-11-28T10:56:19.350+0000] {processor.py:161} INFO - Started process (PID=2437) to work on /opt/airflow/dags/011_dbt_transforms.py
[2025-11-28T10:56:19.353+0000] {processor.py:830} INFO - Processing file /opt/airflow/dags/011_dbt_transforms.py for tasks to queue
[2025-11-28T10:56:19.355+0000] {logging_mixin.py:188} INFO - [2025-11-28T10:56:19.354+0000] {dagbag.py:538} INFO - Filling up the DagBag from /opt/airflow/dags/011_dbt_transforms.py
[2025-11-28T10:56:19.375+0000] {processor.py:840} INFO - DAG(s) 'dbt_transforms' retrieved from /opt/airflow/dags/011_dbt_transforms.py
[2025-11-28T10:56:19.452+0000] {logging_mixin.py:188} INFO - [2025-11-28T10:56:19.451+0000] {dag.py:3036} INFO - Sync 1 DAGs
[2025-11-28T10:56:19.494+0000] {logging_mixin.py:188} INFO - [2025-11-28T10:56:19.493+0000] {dag.py:3823} INFO - Setting next_dagrun for dbt_transforms to None, run_after=None
[2025-11-28T10:56:19.554+0000] {processor.py:183} INFO - Processing /opt/airflow/dags/011_dbt_transforms.py took 0.210 seconds
[2025-11-28T10:56:49.788+0000] {processor.py:161} INFO - Started process (PID=2471) to work on /opt/airflow/dags/011_dbt_transforms.py
[2025-11-28T10:56:49.790+0000] {processor.py:830} INFO - Processing file /opt/airflow/dags/011_dbt_transforms.py for tasks to queue
[2025-11-28T10:56:49.792+0000] {logging_mixin.py:188} INFO - [2025-11-28T10:56:49.792+0000] {dagbag.py:538} INFO - Filling up the DagBag from /opt/airflow/dags/011_dbt_transforms.py
[2025-11-28T10:56:49.834+0000] {processor.py:840} INFO - DAG(s) 'dbt_transforms' retrieved from /opt/airflow/dags/011_dbt_transforms.py
[2025-11-28T10:56:49.908+0000] {logging_mixin.py:188} INFO - [2025-11-28T10:56:49.907+0000] {dag.py:3036} INFO - Sync 1 DAGs
[2025-11-28T10:56:49.955+0000] {logging_mixin.py:188} INFO - [2025-11-28T10:56:49.954+0000] {dag.py:3823} INFO - Setting next_dagrun for dbt_transforms to None, run_after=None
[2025-11-28T10:56:50.047+0000] {processor.py:183} INFO - Processing /opt/airflow/dags/011_dbt_transforms.py took 0.266 seconds
[2025-11-28T10:57:20.803+0000] {processor.py:161} INFO - Started process (PID=2555) to work on /opt/airflow/dags/011_dbt_transforms.py
[2025-11-28T10:57:20.805+0000] {processor.py:830} INFO - Processing file /opt/airflow/dags/011_dbt_transforms.py for tasks to queue
[2025-11-28T10:57:20.807+0000] {logging_mixin.py:188} INFO - [2025-11-28T10:57:20.807+0000] {dagbag.py:538} INFO - Filling up the DagBag from /opt/airflow/dags/011_dbt_transforms.py
[2025-11-28T10:57:20.828+0000] {processor.py:840} INFO - DAG(s) 'dbt_transforms' retrieved from /opt/airflow/dags/011_dbt_transforms.py
[2025-11-28T10:57:20.883+0000] {logging_mixin.py:188} INFO - [2025-11-28T10:57:20.883+0000] {dag.py:3036} INFO - Sync 1 DAGs
[2025-11-28T10:57:20.928+0000] {logging_mixin.py:188} INFO - [2025-11-28T10:57:20.927+0000] {dag.py:3823} INFO - Setting next_dagrun for dbt_transforms to None, run_after=None
[2025-11-28T10:57:20.984+0000] {processor.py:183} INFO - Processing /opt/airflow/dags/011_dbt_transforms.py took 0.187 seconds
[2025-11-28T10:57:51.206+0000] {processor.py:161} INFO - Started process (PID=2587) to work on /opt/airflow/dags/011_dbt_transforms.py
[2025-11-28T10:57:51.208+0000] {processor.py:830} INFO - Processing file /opt/airflow/dags/011_dbt_transforms.py for tasks to queue
[2025-11-28T10:57:51.210+0000] {logging_mixin.py:188} INFO - [2025-11-28T10:57:51.209+0000] {dagbag.py:538} INFO - Filling up the DagBag from /opt/airflow/dags/011_dbt_transforms.py
[2025-11-28T10:57:51.230+0000] {processor.py:840} INFO - DAG(s) 'dbt_transforms' retrieved from /opt/airflow/dags/011_dbt_transforms.py
[2025-11-28T10:57:51.290+0000] {logging_mixin.py:188} INFO - [2025-11-28T10:57:51.290+0000] {dag.py:3036} INFO - Sync 1 DAGs
[2025-11-28T10:57:51.334+0000] {logging_mixin.py:188} INFO - [2025-11-28T10:57:51.333+0000] {dag.py:3823} INFO - Setting next_dagrun for dbt_transforms to None, run_after=None
[2025-11-28T10:57:51.397+0000] {processor.py:183} INFO - Processing /opt/airflow/dags/011_dbt_transforms.py took 0.198 seconds
[2025-11-28T10:58:21.800+0000] {processor.py:161} INFO - Started process (PID=2657) to work on /opt/airflow/dags/011_dbt_transforms.py
[2025-11-28T10:58:21.802+0000] {processor.py:830} INFO - Processing file /opt/airflow/dags/011_dbt_transforms.py for tasks to queue
[2025-11-28T10:58:21.804+0000] {logging_mixin.py:188} INFO - [2025-11-28T10:58:21.803+0000] {dagbag.py:538} INFO - Filling up the DagBag from /opt/airflow/dags/011_dbt_transforms.py
[2025-11-28T10:58:21.823+0000] {processor.py:840} INFO - DAG(s) 'dbt_transforms' retrieved from /opt/airflow/dags/011_dbt_transforms.py
[2025-11-28T10:58:21.887+0000] {logging_mixin.py:188} INFO - [2025-11-28T10:58:21.887+0000] {dag.py:3036} INFO - Sync 1 DAGs
[2025-11-28T10:58:21.931+0000] {logging_mixin.py:188} INFO - [2025-11-28T10:58:21.931+0000] {dag.py:3823} INFO - Setting next_dagrun for dbt_transforms to None, run_after=None
[2025-11-28T10:58:21.999+0000] {processor.py:183} INFO - Processing /opt/airflow/dags/011_dbt_transforms.py took 0.207 seconds
[2025-11-28T10:58:52.070+0000] {processor.py:161} INFO - Started process (PID=2724) to work on /opt/airflow/dags/011_dbt_transforms.py
[2025-11-28T10:58:52.072+0000] {processor.py:830} INFO - Processing file /opt/airflow/dags/011_dbt_transforms.py for tasks to queue
[2025-11-28T10:58:52.074+0000] {logging_mixin.py:188} INFO - [2025-11-28T10:58:52.074+0000] {dagbag.py:538} INFO - Filling up the DagBag from /opt/airflow/dags/011_dbt_transforms.py
[2025-11-28T10:58:52.092+0000] {processor.py:840} INFO - DAG(s) 'dbt_transforms' retrieved from /opt/airflow/dags/011_dbt_transforms.py
[2025-11-28T10:58:52.156+0000] {logging_mixin.py:188} INFO - [2025-11-28T10:58:52.156+0000] {dag.py:3036} INFO - Sync 1 DAGs
[2025-11-28T10:58:52.203+0000] {logging_mixin.py:188} INFO - [2025-11-28T10:58:52.202+0000] {dag.py:3823} INFO - Setting next_dagrun for dbt_transforms to None, run_after=None
[2025-11-28T10:58:52.264+0000] {processor.py:183} INFO - Processing /opt/airflow/dags/011_dbt_transforms.py took 0.201 seconds
[2025-11-28T10:59:22.509+0000] {processor.py:161} INFO - Started process (PID=2794) to work on /opt/airflow/dags/011_dbt_transforms.py
[2025-11-28T10:59:22.511+0000] {processor.py:830} INFO - Processing file /opt/airflow/dags/011_dbt_transforms.py for tasks to queue
[2025-11-28T10:59:22.514+0000] {logging_mixin.py:188} INFO - [2025-11-28T10:59:22.513+0000] {dagbag.py:538} INFO - Filling up the DagBag from /opt/airflow/dags/011_dbt_transforms.py
[2025-11-28T10:59:22.547+0000] {processor.py:840} INFO - DAG(s) 'dbt_transforms' retrieved from /opt/airflow/dags/011_dbt_transforms.py
[2025-11-28T10:59:22.648+0000] {logging_mixin.py:188} INFO - [2025-11-28T10:59:22.647+0000] {dag.py:3036} INFO - Sync 1 DAGs
[2025-11-28T10:59:22.729+0000] {logging_mixin.py:188} INFO - [2025-11-28T10:59:22.728+0000] {dag.py:3823} INFO - Setting next_dagrun for dbt_transforms to None, run_after=None
[2025-11-28T10:59:22.872+0000] {processor.py:183} INFO - Processing /opt/airflow/dags/011_dbt_transforms.py took 0.373 seconds
[2025-11-28T10:59:53.027+0000] {processor.py:161} INFO - Started process (PID=2864) to work on /opt/airflow/dags/011_dbt_transforms.py
[2025-11-28T10:59:53.030+0000] {processor.py:830} INFO - Processing file /opt/airflow/dags/011_dbt_transforms.py for tasks to queue
[2025-11-28T10:59:53.033+0000] {logging_mixin.py:188} INFO - [2025-11-28T10:59:53.032+0000] {dagbag.py:538} INFO - Filling up the DagBag from /opt/airflow/dags/011_dbt_transforms.py
[2025-11-28T10:59:53.054+0000] {processor.py:840} INFO - DAG(s) 'dbt_transforms' retrieved from /opt/airflow/dags/011_dbt_transforms.py
[2025-11-28T10:59:53.115+0000] {logging_mixin.py:188} INFO - [2025-11-28T10:59:53.115+0000] {dag.py:3036} INFO - Sync 1 DAGs
[2025-11-28T10:59:53.158+0000] {logging_mixin.py:188} INFO - [2025-11-28T10:59:53.158+0000] {dag.py:3823} INFO - Setting next_dagrun for dbt_transforms to None, run_after=None
[2025-11-28T10:59:53.222+0000] {processor.py:183} INFO - Processing /opt/airflow/dags/011_dbt_transforms.py took 0.204 seconds
[2025-11-28T11:00:23.652+0000] {processor.py:161} INFO - Started process (PID=2934) to work on /opt/airflow/dags/011_dbt_transforms.py
[2025-11-28T11:00:23.655+0000] {processor.py:830} INFO - Processing file /opt/airflow/dags/011_dbt_transforms.py for tasks to queue
[2025-11-28T11:00:23.658+0000] {logging_mixin.py:188} INFO - [2025-11-28T11:00:23.657+0000] {dagbag.py:538} INFO - Filling up the DagBag from /opt/airflow/dags/011_dbt_transforms.py
[2025-11-28T11:00:23.682+0000] {processor.py:840} INFO - DAG(s) 'dbt_transforms' retrieved from /opt/airflow/dags/011_dbt_transforms.py
[2025-11-28T11:00:23.754+0000] {logging_mixin.py:188} INFO - [2025-11-28T11:00:23.753+0000] {dag.py:3036} INFO - Sync 1 DAGs
[2025-11-28T11:00:23.803+0000] {logging_mixin.py:188} INFO - [2025-11-28T11:00:23.802+0000] {dag.py:3823} INFO - Setting next_dagrun for dbt_transforms to None, run_after=None
[2025-11-28T11:00:23.884+0000] {processor.py:183} INFO - Processing /opt/airflow/dags/011_dbt_transforms.py took 0.247 seconds
[2025-11-28T11:00:54.463+0000] {processor.py:161} INFO - Started process (PID=3001) to work on /opt/airflow/dags/011_dbt_transforms.py
[2025-11-28T11:00:54.467+0000] {processor.py:830} INFO - Processing file /opt/airflow/dags/011_dbt_transforms.py for tasks to queue
[2025-11-28T11:00:54.471+0000] {logging_mixin.py:188} INFO - [2025-11-28T11:00:54.469+0000] {dagbag.py:538} INFO - Filling up the DagBag from /opt/airflow/dags/011_dbt_transforms.py
[2025-11-28T11:00:54.537+0000] {processor.py:840} INFO - DAG(s) 'dbt_transforms' retrieved from /opt/airflow/dags/011_dbt_transforms.py
[2025-11-28T11:00:54.713+0000] {logging_mixin.py:188} INFO - [2025-11-28T11:00:54.712+0000] {dag.py:3036} INFO - Sync 1 DAGs
[2025-11-28T11:00:54.830+0000] {logging_mixin.py:188} INFO - [2025-11-28T11:00:54.829+0000] {dag.py:3823} INFO - Setting next_dagrun for dbt_transforms to None, run_after=None
[2025-11-28T11:00:54.948+0000] {processor.py:183} INFO - Processing /opt/airflow/dags/011_dbt_transforms.py took 0.496 seconds
[2025-11-28T11:01:25.153+0000] {processor.py:161} INFO - Started process (PID=3050) to work on /opt/airflow/dags/011_dbt_transforms.py
[2025-11-28T11:01:25.156+0000] {processor.py:830} INFO - Processing file /opt/airflow/dags/011_dbt_transforms.py for tasks to queue
[2025-11-28T11:01:25.158+0000] {logging_mixin.py:188} INFO - [2025-11-28T11:01:25.157+0000] {dagbag.py:538} INFO - Filling up the DagBag from /opt/airflow/dags/011_dbt_transforms.py
[2025-11-28T11:01:25.183+0000] {processor.py:840} INFO - DAG(s) 'dbt_transforms' retrieved from /opt/airflow/dags/011_dbt_transforms.py
[2025-11-28T11:01:25.250+0000] {logging_mixin.py:188} INFO - [2025-11-28T11:01:25.250+0000] {dag.py:3036} INFO - Sync 1 DAGs
[2025-11-28T11:01:25.296+0000] {logging_mixin.py:188} INFO - [2025-11-28T11:01:25.295+0000] {dag.py:3823} INFO - Setting next_dagrun for dbt_transforms to None, run_after=None
[2025-11-28T11:01:25.362+0000] {processor.py:183} INFO - Processing /opt/airflow/dags/011_dbt_transforms.py took 0.216 seconds
[2025-11-28T11:01:55.861+0000] {processor.py:161} INFO - Started process (PID=3120) to work on /opt/airflow/dags/011_dbt_transforms.py
[2025-11-28T11:01:55.866+0000] {processor.py:830} INFO - Processing file /opt/airflow/dags/011_dbt_transforms.py for tasks to queue
[2025-11-28T11:01:55.870+0000] {logging_mixin.py:188} INFO - [2025-11-28T11:01:55.869+0000] {dagbag.py:538} INFO - Filling up the DagBag from /opt/airflow/dags/011_dbt_transforms.py
[2025-11-28T11:01:55.916+0000] {processor.py:840} INFO - DAG(s) 'dbt_transforms' retrieved from /opt/airflow/dags/011_dbt_transforms.py
[2025-11-28T11:01:56.045+0000] {logging_mixin.py:188} INFO - [2025-11-28T11:01:56.044+0000] {dag.py:3036} INFO - Sync 1 DAGs
[2025-11-28T11:01:56.141+0000] {logging_mixin.py:188} INFO - [2025-11-28T11:01:56.140+0000] {dag.py:3823} INFO - Setting next_dagrun for dbt_transforms to None, run_after=None
[2025-11-28T11:01:56.257+0000] {processor.py:183} INFO - Processing /opt/airflow/dags/011_dbt_transforms.py took 0.409 seconds
[2025-11-28T11:02:26.659+0000] {processor.py:161} INFO - Started process (PID=3187) to work on /opt/airflow/dags/011_dbt_transforms.py
[2025-11-28T11:02:26.662+0000] {processor.py:830} INFO - Processing file /opt/airflow/dags/011_dbt_transforms.py for tasks to queue
[2025-11-28T11:02:26.665+0000] {logging_mixin.py:188} INFO - [2025-11-28T11:02:26.664+0000] {dagbag.py:538} INFO - Filling up the DagBag from /opt/airflow/dags/011_dbt_transforms.py
[2025-11-28T11:02:26.695+0000] {processor.py:840} INFO - DAG(s) 'dbt_transforms' retrieved from /opt/airflow/dags/011_dbt_transforms.py
[2025-11-28T11:02:26.785+0000] {logging_mixin.py:188} INFO - [2025-11-28T11:02:26.784+0000] {dag.py:3036} INFO - Sync 1 DAGs
[2025-11-28T11:02:26.845+0000] {logging_mixin.py:188} INFO - [2025-11-28T11:02:26.844+0000] {dag.py:3823} INFO - Setting next_dagrun for dbt_transforms to None, run_after=None
[2025-11-28T11:02:26.924+0000] {processor.py:183} INFO - Processing /opt/airflow/dags/011_dbt_transforms.py took 0.278 seconds
[2025-11-28T11:02:57.270+0000] {processor.py:161} INFO - Started process (PID=3236) to work on /opt/airflow/dags/011_dbt_transforms.py
[2025-11-28T11:02:57.273+0000] {processor.py:830} INFO - Processing file /opt/airflow/dags/011_dbt_transforms.py for tasks to queue
[2025-11-28T11:02:57.275+0000] {logging_mixin.py:188} INFO - [2025-11-28T11:02:57.274+0000] {dagbag.py:538} INFO - Filling up the DagBag from /opt/airflow/dags/011_dbt_transforms.py
[2025-11-28T11:02:57.298+0000] {processor.py:840} INFO - DAG(s) 'dbt_transforms' retrieved from /opt/airflow/dags/011_dbt_transforms.py
[2025-11-28T11:02:57.387+0000] {logging_mixin.py:188} INFO - [2025-11-28T11:02:57.386+0000] {dag.py:3036} INFO - Sync 1 DAGs
[2025-11-28T11:02:57.445+0000] {logging_mixin.py:188} INFO - [2025-11-28T11:02:57.445+0000] {dag.py:3823} INFO - Setting next_dagrun for dbt_transforms to None, run_after=None
[2025-11-28T11:02:57.510+0000] {processor.py:183} INFO - Processing /opt/airflow/dags/011_dbt_transforms.py took 0.248 seconds
[2025-11-28T11:03:27.697+0000] {processor.py:161} INFO - Started process (PID=3306) to work on /opt/airflow/dags/011_dbt_transforms.py
[2025-11-28T11:03:27.701+0000] {processor.py:830} INFO - Processing file /opt/airflow/dags/011_dbt_transforms.py for tasks to queue
[2025-11-28T11:03:27.704+0000] {logging_mixin.py:188} INFO - [2025-11-28T11:03:27.703+0000] {dagbag.py:538} INFO - Filling up the DagBag from /opt/airflow/dags/011_dbt_transforms.py
[2025-11-28T11:03:27.733+0000] {processor.py:840} INFO - DAG(s) 'dbt_transforms' retrieved from /opt/airflow/dags/011_dbt_transforms.py
[2025-11-28T11:03:27.866+0000] {logging_mixin.py:188} INFO - [2025-11-28T11:03:27.865+0000] {dag.py:3036} INFO - Sync 1 DAGs
[2025-11-28T11:03:27.949+0000] {logging_mixin.py:188} INFO - [2025-11-28T11:03:27.948+0000] {dag.py:3823} INFO - Setting next_dagrun for dbt_transforms to None, run_after=None
[2025-11-28T11:03:28.045+0000] {processor.py:183} INFO - Processing /opt/airflow/dags/011_dbt_transforms.py took 0.357 seconds
[2025-11-28T11:03:58.443+0000] {processor.py:161} INFO - Started process (PID=3376) to work on /opt/airflow/dags/011_dbt_transforms.py
[2025-11-28T11:03:58.446+0000] {processor.py:830} INFO - Processing file /opt/airflow/dags/011_dbt_transforms.py for tasks to queue
[2025-11-28T11:03:58.448+0000] {logging_mixin.py:188} INFO - [2025-11-28T11:03:58.447+0000] {dagbag.py:538} INFO - Filling up the DagBag from /opt/airflow/dags/011_dbt_transforms.py
[2025-11-28T11:03:58.474+0000] {processor.py:840} INFO - DAG(s) 'dbt_transforms' retrieved from /opt/airflow/dags/011_dbt_transforms.py
[2025-11-28T11:03:58.539+0000] {logging_mixin.py:188} INFO - [2025-11-28T11:03:58.539+0000] {dag.py:3036} INFO - Sync 1 DAGs
[2025-11-28T11:03:58.588+0000] {logging_mixin.py:188} INFO - [2025-11-28T11:03:58.588+0000] {dag.py:3823} INFO - Setting next_dagrun for dbt_transforms to None, run_after=None
[2025-11-28T11:03:58.656+0000] {processor.py:183} INFO - Processing /opt/airflow/dags/011_dbt_transforms.py took 0.223 seconds
[2025-11-28T11:04:28.964+0000] {processor.py:161} INFO - Started process (PID=3446) to work on /opt/airflow/dags/011_dbt_transforms.py
[2025-11-28T11:04:28.967+0000] {processor.py:830} INFO - Processing file /opt/airflow/dags/011_dbt_transforms.py for tasks to queue
[2025-11-28T11:04:28.969+0000] {logging_mixin.py:188} INFO - [2025-11-28T11:04:28.968+0000] {dagbag.py:538} INFO - Filling up the DagBag from /opt/airflow/dags/011_dbt_transforms.py
[2025-11-28T11:04:28.993+0000] {processor.py:840} INFO - DAG(s) 'dbt_transforms' retrieved from /opt/airflow/dags/011_dbt_transforms.py
[2025-11-28T11:04:29.079+0000] {logging_mixin.py:188} INFO - [2025-11-28T11:04:29.078+0000] {dag.py:3036} INFO - Sync 1 DAGs
[2025-11-28T11:04:29.133+0000] {logging_mixin.py:188} INFO - [2025-11-28T11:04:29.133+0000] {dag.py:3823} INFO - Setting next_dagrun for dbt_transforms to None, run_after=None
[2025-11-28T11:04:29.204+0000] {processor.py:183} INFO - Processing /opt/airflow/dags/011_dbt_transforms.py took 0.247 seconds
[2025-11-28T11:05:00.237+0000] {processor.py:161} INFO - Started process (PID=3513) to work on /opt/airflow/dags/011_dbt_transforms.py
[2025-11-28T11:05:00.240+0000] {processor.py:830} INFO - Processing file /opt/airflow/dags/011_dbt_transforms.py for tasks to queue
[2025-11-28T11:05:00.245+0000] {logging_mixin.py:188} INFO - [2025-11-28T11:05:00.243+0000] {dagbag.py:538} INFO - Filling up the DagBag from /opt/airflow/dags/011_dbt_transforms.py
[2025-11-28T11:05:00.290+0000] {processor.py:840} INFO - DAG(s) 'dbt_transforms' retrieved from /opt/airflow/dags/011_dbt_transforms.py
[2025-11-28T11:05:00.424+0000] {logging_mixin.py:188} INFO - [2025-11-28T11:05:00.423+0000] {dag.py:3036} INFO - Sync 1 DAGs
[2025-11-28T11:05:00.491+0000] {logging_mixin.py:188} INFO - [2025-11-28T11:05:00.490+0000] {dag.py:3823} INFO - Setting next_dagrun for dbt_transforms to None, run_after=None
[2025-11-28T11:05:00.577+0000] {processor.py:183} INFO - Processing /opt/airflow/dags/011_dbt_transforms.py took 0.351 seconds
[2025-11-28T11:05:31.275+0000] {processor.py:161} INFO - Started process (PID=3562) to work on /opt/airflow/dags/011_dbt_transforms.py
[2025-11-28T11:05:31.278+0000] {processor.py:830} INFO - Processing file /opt/airflow/dags/011_dbt_transforms.py for tasks to queue
[2025-11-28T11:05:31.283+0000] {logging_mixin.py:188} INFO - [2025-11-28T11:05:31.281+0000] {dagbag.py:538} INFO - Filling up the DagBag from /opt/airflow/dags/011_dbt_transforms.py
[2025-11-28T11:05:31.311+0000] {processor.py:840} INFO - DAG(s) 'dbt_transforms' retrieved from /opt/airflow/dags/011_dbt_transforms.py
[2025-11-28T11:05:31.376+0000] {logging_mixin.py:188} INFO - [2025-11-28T11:05:31.376+0000] {dag.py:3036} INFO - Sync 1 DAGs
[2025-11-28T11:05:31.426+0000] {logging_mixin.py:188} INFO - [2025-11-28T11:05:31.426+0000] {dag.py:3823} INFO - Setting next_dagrun for dbt_transforms to None, run_after=None
[2025-11-28T11:05:31.501+0000] {processor.py:183} INFO - Processing /opt/airflow/dags/011_dbt_transforms.py took 0.236 seconds
[2025-11-28T11:06:01.614+0000] {processor.py:161} INFO - Started process (PID=3632) to work on /opt/airflow/dags/011_dbt_transforms.py
[2025-11-28T11:06:01.616+0000] {processor.py:830} INFO - Processing file /opt/airflow/dags/011_dbt_transforms.py for tasks to queue
[2025-11-28T11:06:01.618+0000] {logging_mixin.py:188} INFO - [2025-11-28T11:06:01.617+0000] {dagbag.py:538} INFO - Filling up the DagBag from /opt/airflow/dags/011_dbt_transforms.py
[2025-11-28T11:06:01.638+0000] {processor.py:840} INFO - DAG(s) 'dbt_transforms' retrieved from /opt/airflow/dags/011_dbt_transforms.py
[2025-11-28T11:06:01.698+0000] {logging_mixin.py:188} INFO - [2025-11-28T11:06:01.698+0000] {dag.py:3036} INFO - Sync 1 DAGs
[2025-11-28T11:06:01.740+0000] {logging_mixin.py:188} INFO - [2025-11-28T11:06:01.740+0000] {dag.py:3823} INFO - Setting next_dagrun for dbt_transforms to None, run_after=None
[2025-11-28T11:06:01.807+0000] {processor.py:183} INFO - Processing /opt/airflow/dags/011_dbt_transforms.py took 0.201 seconds
[2025-11-28T11:06:32.148+0000] {processor.py:161} INFO - Started process (PID=3702) to work on /opt/airflow/dags/011_dbt_transforms.py
[2025-11-28T11:06:32.150+0000] {processor.py:830} INFO - Processing file /opt/airflow/dags/011_dbt_transforms.py for tasks to queue
[2025-11-28T11:06:32.152+0000] {logging_mixin.py:188} INFO - [2025-11-28T11:06:32.152+0000] {dagbag.py:538} INFO - Filling up the DagBag from /opt/airflow/dags/011_dbt_transforms.py
[2025-11-28T11:06:32.171+0000] {processor.py:840} INFO - DAG(s) 'dbt_transforms' retrieved from /opt/airflow/dags/011_dbt_transforms.py
[2025-11-28T11:06:32.236+0000] {logging_mixin.py:188} INFO - [2025-11-28T11:06:32.236+0000] {dag.py:3036} INFO - Sync 1 DAGs
[2025-11-28T11:06:32.307+0000] {logging_mixin.py:188} INFO - [2025-11-28T11:06:32.306+0000] {dag.py:3823} INFO - Setting next_dagrun for dbt_transforms to None, run_after=None
[2025-11-28T11:06:32.386+0000] {processor.py:183} INFO - Processing /opt/airflow/dags/011_dbt_transforms.py took 0.245 seconds
[2025-11-28T11:07:02.882+0000] {processor.py:161} INFO - Started process (PID=3772) to work on /opt/airflow/dags/011_dbt_transforms.py
[2025-11-28T11:07:02.888+0000] {processor.py:830} INFO - Processing file /opt/airflow/dags/011_dbt_transforms.py for tasks to queue
[2025-11-28T11:07:02.894+0000] {logging_mixin.py:188} INFO - [2025-11-28T11:07:02.893+0000] {dagbag.py:538} INFO - Filling up the DagBag from /opt/airflow/dags/011_dbt_transforms.py
[2025-11-28T11:07:02.941+0000] {processor.py:840} INFO - DAG(s) 'dbt_transforms' retrieved from /opt/airflow/dags/011_dbt_transforms.py
[2025-11-28T11:07:03.041+0000] {logging_mixin.py:188} INFO - [2025-11-28T11:07:03.040+0000] {dag.py:3036} INFO - Sync 1 DAGs
[2025-11-28T11:07:03.109+0000] {logging_mixin.py:188} INFO - [2025-11-28T11:07:03.108+0000] {dag.py:3823} INFO - Setting next_dagrun for dbt_transforms to None, run_after=None
[2025-11-28T11:07:03.194+0000] {processor.py:183} INFO - Processing /opt/airflow/dags/011_dbt_transforms.py took 0.331 seconds
[2025-11-28T11:07:33.572+0000] {processor.py:161} INFO - Started process (PID=3842) to work on /opt/airflow/dags/011_dbt_transforms.py
[2025-11-28T11:07:33.574+0000] {processor.py:830} INFO - Processing file /opt/airflow/dags/011_dbt_transforms.py for tasks to queue
[2025-11-28T11:07:33.577+0000] {logging_mixin.py:188} INFO - [2025-11-28T11:07:33.576+0000] {dagbag.py:538} INFO - Filling up the DagBag from /opt/airflow/dags/011_dbt_transforms.py
[2025-11-28T11:07:33.601+0000] {processor.py:840} INFO - DAG(s) 'dbt_transforms' retrieved from /opt/airflow/dags/011_dbt_transforms.py
[2025-11-28T11:07:33.670+0000] {logging_mixin.py:188} INFO - [2025-11-28T11:07:33.669+0000] {dag.py:3036} INFO - Sync 1 DAGs
[2025-11-28T11:07:33.728+0000] {logging_mixin.py:188} INFO - [2025-11-28T11:07:33.728+0000] {dag.py:3823} INFO - Setting next_dagrun for dbt_transforms to None, run_after=None
[2025-11-28T11:07:33.800+0000] {processor.py:183} INFO - Processing /opt/airflow/dags/011_dbt_transforms.py took 0.237 seconds
[2025-11-28T11:08:04.238+0000] {processor.py:161} INFO - Started process (PID=3909) to work on /opt/airflow/dags/011_dbt_transforms.py
[2025-11-28T11:08:04.240+0000] {processor.py:830} INFO - Processing file /opt/airflow/dags/011_dbt_transforms.py for tasks to queue
[2025-11-28T11:08:04.241+0000] {logging_mixin.py:188} INFO - [2025-11-28T11:08:04.241+0000] {dagbag.py:538} INFO - Filling up the DagBag from /opt/airflow/dags/011_dbt_transforms.py
[2025-11-28T11:08:04.264+0000] {processor.py:840} INFO - DAG(s) 'dbt_transforms' retrieved from /opt/airflow/dags/011_dbt_transforms.py
[2025-11-28T11:08:04.369+0000] {logging_mixin.py:188} INFO - [2025-11-28T11:08:04.368+0000] {dag.py:3036} INFO - Sync 1 DAGs
[2025-11-28T11:08:04.431+0000] {logging_mixin.py:188} INFO - [2025-11-28T11:08:04.430+0000] {dag.py:3823} INFO - Setting next_dagrun for dbt_transforms to None, run_after=None
[2025-11-28T11:08:04.511+0000] {processor.py:183} INFO - Processing /opt/airflow/dags/011_dbt_transforms.py took 0.279 seconds
[2025-11-28T11:08:34.801+0000] {processor.py:161} INFO - Started process (PID=3958) to work on /opt/airflow/dags/011_dbt_transforms.py
[2025-11-28T11:08:34.805+0000] {processor.py:830} INFO - Processing file /opt/airflow/dags/011_dbt_transforms.py for tasks to queue
[2025-11-28T11:08:34.809+0000] {logging_mixin.py:188} INFO - [2025-11-28T11:08:34.807+0000] {dagbag.py:538} INFO - Filling up the DagBag from /opt/airflow/dags/011_dbt_transforms.py
[2025-11-28T11:08:34.842+0000] {processor.py:840} INFO - DAG(s) 'dbt_transforms' retrieved from /opt/airflow/dags/011_dbt_transforms.py
[2025-11-28T11:08:34.932+0000] {logging_mixin.py:188} INFO - [2025-11-28T11:08:34.931+0000] {dag.py:3036} INFO - Sync 1 DAGs
[2025-11-28T11:08:34.981+0000] {logging_mixin.py:188} INFO - [2025-11-28T11:08:34.981+0000] {dag.py:3823} INFO - Setting next_dagrun for dbt_transforms to None, run_after=None
[2025-11-28T11:08:35.062+0000] {processor.py:183} INFO - Processing /opt/airflow/dags/011_dbt_transforms.py took 0.273 seconds
[2025-11-28T11:09:05.860+0000] {processor.py:161} INFO - Started process (PID=4028) to work on /opt/airflow/dags/011_dbt_transforms.py
[2025-11-28T11:09:05.863+0000] {processor.py:830} INFO - Processing file /opt/airflow/dags/011_dbt_transforms.py for tasks to queue
[2025-11-28T11:09:05.865+0000] {logging_mixin.py:188} INFO - [2025-11-28T11:09:05.864+0000] {dagbag.py:538} INFO - Filling up the DagBag from /opt/airflow/dags/011_dbt_transforms.py
[2025-11-28T11:09:05.887+0000] {processor.py:840} INFO - DAG(s) 'dbt_transforms' retrieved from /opt/airflow/dags/011_dbt_transforms.py
[2025-11-28T11:09:05.946+0000] {logging_mixin.py:188} INFO - [2025-11-28T11:09:05.946+0000] {dag.py:3036} INFO - Sync 1 DAGs
[2025-11-28T11:09:05.988+0000] {logging_mixin.py:188} INFO - [2025-11-28T11:09:05.987+0000] {dag.py:3823} INFO - Setting next_dagrun for dbt_transforms to None, run_after=None
[2025-11-28T11:09:06.053+0000] {processor.py:183} INFO - Processing /opt/airflow/dags/011_dbt_transforms.py took 0.198 seconds
[2025-11-28T11:09:36.544+0000] {processor.py:161} INFO - Started process (PID=4098) to work on /opt/airflow/dags/011_dbt_transforms.py
[2025-11-28T11:09:36.547+0000] {processor.py:830} INFO - Processing file /opt/airflow/dags/011_dbt_transforms.py for tasks to queue
[2025-11-28T11:09:36.549+0000] {logging_mixin.py:188} INFO - [2025-11-28T11:09:36.548+0000] {dagbag.py:538} INFO - Filling up the DagBag from /opt/airflow/dags/011_dbt_transforms.py
[2025-11-28T11:09:36.568+0000] {processor.py:840} INFO - DAG(s) 'dbt_transforms' retrieved from /opt/airflow/dags/011_dbt_transforms.py
[2025-11-28T11:09:36.639+0000] {logging_mixin.py:188} INFO - [2025-11-28T11:09:36.638+0000] {dag.py:3036} INFO - Sync 1 DAGs
[2025-11-28T11:09:36.702+0000] {logging_mixin.py:188} INFO - [2025-11-28T11:09:36.701+0000] {dag.py:3823} INFO - Setting next_dagrun for dbt_transforms to None, run_after=None
[2025-11-28T11:09:36.801+0000] {processor.py:183} INFO - Processing /opt/airflow/dags/011_dbt_transforms.py took 0.263 seconds
[2025-11-28T11:10:07.378+0000] {processor.py:161} INFO - Started process (PID=4168) to work on /opt/airflow/dags/011_dbt_transforms.py
[2025-11-28T11:10:07.381+0000] {processor.py:830} INFO - Processing file /opt/airflow/dags/011_dbt_transforms.py for tasks to queue
[2025-11-28T11:10:07.385+0000] {logging_mixin.py:188} INFO - [2025-11-28T11:10:07.383+0000] {dagbag.py:538} INFO - Filling up the DagBag from /opt/airflow/dags/011_dbt_transforms.py
[2025-11-28T11:10:07.416+0000] {processor.py:840} INFO - DAG(s) 'dbt_transforms' retrieved from /opt/airflow/dags/011_dbt_transforms.py
[2025-11-28T11:10:07.494+0000] {logging_mixin.py:188} INFO - [2025-11-28T11:10:07.494+0000] {dag.py:3036} INFO - Sync 1 DAGs
[2025-11-28T11:10:07.543+0000] {logging_mixin.py:188} INFO - [2025-11-28T11:10:07.542+0000] {dag.py:3823} INFO - Setting next_dagrun for dbt_transforms to None, run_after=None
[2025-11-28T11:10:07.622+0000] {processor.py:183} INFO - Processing /opt/airflow/dags/011_dbt_transforms.py took 0.257 seconds
[2025-11-28T11:10:37.763+0000] {processor.py:161} INFO - Started process (PID=4238) to work on /opt/airflow/dags/011_dbt_transforms.py
[2025-11-28T11:10:37.765+0000] {processor.py:830} INFO - Processing file /opt/airflow/dags/011_dbt_transforms.py for tasks to queue
[2025-11-28T11:10:37.767+0000] {logging_mixin.py:188} INFO - [2025-11-28T11:10:37.766+0000] {dagbag.py:538} INFO - Filling up the DagBag from /opt/airflow/dags/011_dbt_transforms.py
[2025-11-28T11:10:37.788+0000] {processor.py:840} INFO - DAG(s) 'dbt_transforms' retrieved from /opt/airflow/dags/011_dbt_transforms.py
[2025-11-28T11:10:37.852+0000] {logging_mixin.py:188} INFO - [2025-11-28T11:10:37.852+0000] {dag.py:3036} INFO - Sync 1 DAGs
[2025-11-28T11:10:37.895+0000] {logging_mixin.py:188} INFO - [2025-11-28T11:10:37.894+0000] {dag.py:3823} INFO - Setting next_dagrun for dbt_transforms to None, run_after=None
[2025-11-28T11:10:37.959+0000] {processor.py:183} INFO - Processing /opt/airflow/dags/011_dbt_transforms.py took 0.204 seconds
[2025-11-28T11:11:08.441+0000] {processor.py:161} INFO - Started process (PID=4305) to work on /opt/airflow/dags/011_dbt_transforms.py
[2025-11-28T11:11:08.443+0000] {processor.py:830} INFO - Processing file /opt/airflow/dags/011_dbt_transforms.py for tasks to queue
[2025-11-28T11:11:08.445+0000] {logging_mixin.py:188} INFO - [2025-11-28T11:11:08.444+0000] {dagbag.py:538} INFO - Filling up the DagBag from /opt/airflow/dags/011_dbt_transforms.py
[2025-11-28T11:11:08.466+0000] {processor.py:840} INFO - DAG(s) 'dbt_transforms' retrieved from /opt/airflow/dags/011_dbt_transforms.py
[2025-11-28T11:11:08.535+0000] {logging_mixin.py:188} INFO - [2025-11-28T11:11:08.534+0000] {dag.py:3036} INFO - Sync 1 DAGs
[2025-11-28T11:11:08.580+0000] {logging_mixin.py:188} INFO - [2025-11-28T11:11:08.579+0000] {dag.py:3823} INFO - Setting next_dagrun for dbt_transforms to None, run_after=None
[2025-11-28T11:11:08.629+0000] {processor.py:183} INFO - Processing /opt/airflow/dags/011_dbt_transforms.py took 0.195 seconds
[2025-11-28T11:11:39.587+0000] {processor.py:161} INFO - Started process (PID=4354) to work on /opt/airflow/dags/011_dbt_transforms.py
[2025-11-28T11:11:39.589+0000] {processor.py:830} INFO - Processing file /opt/airflow/dags/011_dbt_transforms.py for tasks to queue
[2025-11-28T11:11:39.592+0000] {logging_mixin.py:188} INFO - [2025-11-28T11:11:39.591+0000] {dagbag.py:538} INFO - Filling up the DagBag from /opt/airflow/dags/011_dbt_transforms.py
[2025-11-28T11:11:39.614+0000] {processor.py:840} INFO - DAG(s) 'dbt_transforms' retrieved from /opt/airflow/dags/011_dbt_transforms.py
[2025-11-28T11:11:39.673+0000] {logging_mixin.py:188} INFO - [2025-11-28T11:11:39.672+0000] {dag.py:3036} INFO - Sync 1 DAGs
[2025-11-28T11:11:39.736+0000] {logging_mixin.py:188} INFO - [2025-11-28T11:11:39.736+0000] {dag.py:3823} INFO - Setting next_dagrun for dbt_transforms to None, run_after=None
[2025-11-28T11:11:39.792+0000] {processor.py:183} INFO - Processing /opt/airflow/dags/011_dbt_transforms.py took 0.210 seconds
[2025-11-28T11:12:09.981+0000] {processor.py:161} INFO - Started process (PID=4424) to work on /opt/airflow/dags/011_dbt_transforms.py
[2025-11-28T11:12:09.983+0000] {processor.py:830} INFO - Processing file /opt/airflow/dags/011_dbt_transforms.py for tasks to queue
[2025-11-28T11:12:09.985+0000] {logging_mixin.py:188} INFO - [2025-11-28T11:12:09.984+0000] {dagbag.py:538} INFO - Filling up the DagBag from /opt/airflow/dags/011_dbt_transforms.py
[2025-11-28T11:12:10.007+0000] {processor.py:840} INFO - DAG(s) 'dbt_transforms' retrieved from /opt/airflow/dags/011_dbt_transforms.py
[2025-11-28T11:12:10.079+0000] {logging_mixin.py:188} INFO - [2025-11-28T11:12:10.078+0000] {dag.py:3036} INFO - Sync 1 DAGs
[2025-11-28T11:12:10.138+0000] {logging_mixin.py:188} INFO - [2025-11-28T11:12:10.137+0000] {dag.py:3823} INFO - Setting next_dagrun for dbt_transforms to None, run_after=None
[2025-11-28T11:12:10.245+0000] {processor.py:183} INFO - Processing /opt/airflow/dags/011_dbt_transforms.py took 0.271 seconds
[2025-11-28T11:12:40.603+0000] {processor.py:161} INFO - Started process (PID=4494) to work on /opt/airflow/dags/011_dbt_transforms.py
[2025-11-28T11:12:40.605+0000] {processor.py:830} INFO - Processing file /opt/airflow/dags/011_dbt_transforms.py for tasks to queue
[2025-11-28T11:12:40.606+0000] {logging_mixin.py:188} INFO - [2025-11-28T11:12:40.606+0000] {dagbag.py:538} INFO - Filling up the DagBag from /opt/airflow/dags/011_dbt_transforms.py
[2025-11-28T11:12:40.625+0000] {processor.py:840} INFO - DAG(s) 'dbt_transforms' retrieved from /opt/airflow/dags/011_dbt_transforms.py
[2025-11-28T11:12:40.689+0000] {logging_mixin.py:188} INFO - [2025-11-28T11:12:40.689+0000] {dag.py:3036} INFO - Sync 1 DAGs
[2025-11-28T11:12:40.735+0000] {logging_mixin.py:188} INFO - [2025-11-28T11:12:40.735+0000] {dag.py:3823} INFO - Setting next_dagrun for dbt_transforms to None, run_after=None
[2025-11-28T11:12:40.815+0000] {processor.py:183} INFO - Processing /opt/airflow/dags/011_dbt_transforms.py took 0.219 seconds
[2025-11-28T11:13:10.940+0000] {processor.py:161} INFO - Started process (PID=4564) to work on /opt/airflow/dags/011_dbt_transforms.py
[2025-11-28T11:13:10.942+0000] {processor.py:830} INFO - Processing file /opt/airflow/dags/011_dbt_transforms.py for tasks to queue
[2025-11-28T11:13:10.945+0000] {logging_mixin.py:188} INFO - [2025-11-28T11:13:10.944+0000] {dagbag.py:538} INFO - Filling up the DagBag from /opt/airflow/dags/011_dbt_transforms.py
[2025-11-28T11:13:10.967+0000] {processor.py:840} INFO - DAG(s) 'dbt_transforms' retrieved from /opt/airflow/dags/011_dbt_transforms.py
[2025-11-28T11:13:11.028+0000] {logging_mixin.py:188} INFO - [2025-11-28T11:13:11.027+0000] {dag.py:3036} INFO - Sync 1 DAGs
[2025-11-28T11:13:11.072+0000] {logging_mixin.py:188} INFO - [2025-11-28T11:13:11.071+0000] {dag.py:3823} INFO - Setting next_dagrun for dbt_transforms to None, run_after=None
[2025-11-28T11:13:11.139+0000] {processor.py:183} INFO - Processing /opt/airflow/dags/011_dbt_transforms.py took 0.208 seconds
[2025-11-28T11:13:41.476+0000] {processor.py:161} INFO - Started process (PID=4613) to work on /opt/airflow/dags/011_dbt_transforms.py
[2025-11-28T11:13:41.478+0000] {processor.py:830} INFO - Processing file /opt/airflow/dags/011_dbt_transforms.py for tasks to queue
[2025-11-28T11:13:41.481+0000] {logging_mixin.py:188} INFO - [2025-11-28T11:13:41.480+0000] {dagbag.py:538} INFO - Filling up the DagBag from /opt/airflow/dags/011_dbt_transforms.py
[2025-11-28T11:13:41.505+0000] {processor.py:840} INFO - DAG(s) 'dbt_transforms' retrieved from /opt/airflow/dags/011_dbt_transforms.py
[2025-11-28T11:13:41.584+0000] {logging_mixin.py:188} INFO - [2025-11-28T11:13:41.583+0000] {dag.py:3036} INFO - Sync 1 DAGs
[2025-11-28T11:13:41.642+0000] {logging_mixin.py:188} INFO - [2025-11-28T11:13:41.641+0000] {dag.py:3823} INFO - Setting next_dagrun for dbt_transforms to None, run_after=None
[2025-11-28T11:13:41.735+0000] {processor.py:183} INFO - Processing /opt/airflow/dags/011_dbt_transforms.py took 0.267 seconds
[2025-11-28T11:14:12.379+0000] {processor.py:161} INFO - Started process (PID=4680) to work on /opt/airflow/dags/011_dbt_transforms.py
[2025-11-28T11:14:12.381+0000] {processor.py:830} INFO - Processing file /opt/airflow/dags/011_dbt_transforms.py for tasks to queue
[2025-11-28T11:14:12.383+0000] {logging_mixin.py:188} INFO - [2025-11-28T11:14:12.382+0000] {dagbag.py:538} INFO - Filling up the DagBag from /opt/airflow/dags/011_dbt_transforms.py
[2025-11-28T11:14:12.402+0000] {processor.py:840} INFO - DAG(s) 'dbt_transforms' retrieved from /opt/airflow/dags/011_dbt_transforms.py
[2025-11-28T11:14:12.467+0000] {logging_mixin.py:188} INFO - [2025-11-28T11:14:12.467+0000] {dag.py:3036} INFO - Sync 1 DAGs
[2025-11-28T11:14:12.512+0000] {logging_mixin.py:188} INFO - [2025-11-28T11:14:12.511+0000] {dag.py:3823} INFO - Setting next_dagrun for dbt_transforms to None, run_after=None
[2025-11-28T11:14:12.576+0000] {processor.py:183} INFO - Processing /opt/airflow/dags/011_dbt_transforms.py took 0.204 seconds
[2025-11-28T11:14:43.288+0000] {processor.py:161} INFO - Started process (PID=4729) to work on /opt/airflow/dags/011_dbt_transforms.py
[2025-11-28T11:14:43.290+0000] {processor.py:830} INFO - Processing file /opt/airflow/dags/011_dbt_transforms.py for tasks to queue
[2025-11-28T11:14:43.292+0000] {logging_mixin.py:188} INFO - [2025-11-28T11:14:43.291+0000] {dagbag.py:538} INFO - Filling up the DagBag from /opt/airflow/dags/011_dbt_transforms.py
[2025-11-28T11:14:43.313+0000] {processor.py:840} INFO - DAG(s) 'dbt_transforms' retrieved from /opt/airflow/dags/011_dbt_transforms.py
[2025-11-28T11:14:43.380+0000] {logging_mixin.py:188} INFO - [2025-11-28T11:14:43.379+0000] {dag.py:3036} INFO - Sync 1 DAGs
[2025-11-28T11:14:43.429+0000] {logging_mixin.py:188} INFO - [2025-11-28T11:14:43.428+0000] {dag.py:3823} INFO - Setting next_dagrun for dbt_transforms to None, run_after=None
[2025-11-28T11:14:43.508+0000] {processor.py:183} INFO - Processing /opt/airflow/dags/011_dbt_transforms.py took 0.226 seconds
[2025-11-28T11:15:14.091+0000] {processor.py:161} INFO - Started process (PID=4799) to work on /opt/airflow/dags/011_dbt_transforms.py
[2025-11-28T11:15:14.093+0000] {processor.py:830} INFO - Processing file /opt/airflow/dags/011_dbt_transforms.py for tasks to queue
[2025-11-28T11:15:14.095+0000] {logging_mixin.py:188} INFO - [2025-11-28T11:15:14.094+0000] {dagbag.py:538} INFO - Filling up the DagBag from /opt/airflow/dags/011_dbt_transforms.py
[2025-11-28T11:15:14.120+0000] {processor.py:840} INFO - DAG(s) 'dbt_transforms' retrieved from /opt/airflow/dags/011_dbt_transforms.py
[2025-11-28T11:15:14.177+0000] {logging_mixin.py:188} INFO - [2025-11-28T11:15:14.176+0000] {dag.py:3036} INFO - Sync 1 DAGs
[2025-11-28T11:15:14.220+0000] {logging_mixin.py:188} INFO - [2025-11-28T11:15:14.220+0000] {dag.py:3823} INFO - Setting next_dagrun for dbt_transforms to None, run_after=None
[2025-11-28T11:15:14.286+0000] {processor.py:183} INFO - Processing /opt/airflow/dags/011_dbt_transforms.py took 0.202 seconds
[2025-11-28T11:15:44.420+0000] {processor.py:161} INFO - Started process (PID=4869) to work on /opt/airflow/dags/011_dbt_transforms.py
[2025-11-28T11:15:44.423+0000] {processor.py:830} INFO - Processing file /opt/airflow/dags/011_dbt_transforms.py for tasks to queue
[2025-11-28T11:15:44.425+0000] {logging_mixin.py:188} INFO - [2025-11-28T11:15:44.424+0000] {dagbag.py:538} INFO - Filling up the DagBag from /opt/airflow/dags/011_dbt_transforms.py
[2025-11-28T11:15:44.452+0000] {processor.py:840} INFO - DAG(s) 'dbt_transforms' retrieved from /opt/airflow/dags/011_dbt_transforms.py
[2025-11-28T11:15:44.527+0000] {logging_mixin.py:188} INFO - [2025-11-28T11:15:44.526+0000] {dag.py:3036} INFO - Sync 1 DAGs
[2025-11-28T11:15:44.593+0000] {logging_mixin.py:188} INFO - [2025-11-28T11:15:44.593+0000] {dag.py:3823} INFO - Setting next_dagrun for dbt_transforms to None, run_after=None
[2025-11-28T11:15:44.685+0000] {processor.py:183} INFO - Processing /opt/airflow/dags/011_dbt_transforms.py took 0.275 seconds
[2025-11-28T11:16:15.108+0000] {processor.py:161} INFO - Started process (PID=4939) to work on /opt/airflow/dags/011_dbt_transforms.py
[2025-11-28T11:16:15.110+0000] {processor.py:830} INFO - Processing file /opt/airflow/dags/011_dbt_transforms.py for tasks to queue
[2025-11-28T11:16:15.113+0000] {logging_mixin.py:188} INFO - [2025-11-28T11:16:15.112+0000] {dagbag.py:538} INFO - Filling up the DagBag from /opt/airflow/dags/011_dbt_transforms.py
[2025-11-28T11:16:15.161+0000] {processor.py:840} INFO - DAG(s) 'dbt_transforms' retrieved from /opt/airflow/dags/011_dbt_transforms.py
[2025-11-28T11:16:15.249+0000] {logging_mixin.py:188} INFO - [2025-11-28T11:16:15.248+0000] {dag.py:3036} INFO - Sync 1 DAGs
[2025-11-28T11:16:15.315+0000] {logging_mixin.py:188} INFO - [2025-11-28T11:16:15.314+0000] {dag.py:3823} INFO - Setting next_dagrun for dbt_transforms to None, run_after=None
[2025-11-28T11:16:15.408+0000] {processor.py:183} INFO - Processing /opt/airflow/dags/011_dbt_transforms.py took 0.314 seconds
[2025-11-28T11:16:46.161+0000] {processor.py:161} INFO - Started process (PID=5009) to work on /opt/airflow/dags/011_dbt_transforms.py
[2025-11-28T11:16:46.171+0000] {processor.py:830} INFO - Processing file /opt/airflow/dags/011_dbt_transforms.py for tasks to queue
[2025-11-28T11:16:46.175+0000] {logging_mixin.py:188} INFO - [2025-11-28T11:16:46.174+0000] {dagbag.py:538} INFO - Filling up the DagBag from /opt/airflow/dags/011_dbt_transforms.py
[2025-11-28T11:16:46.200+0000] {processor.py:840} INFO - DAG(s) 'dbt_transforms' retrieved from /opt/airflow/dags/011_dbt_transforms.py
[2025-11-28T11:16:46.267+0000] {logging_mixin.py:188} INFO - [2025-11-28T11:16:46.266+0000] {dag.py:3036} INFO - Sync 1 DAGs
[2025-11-28T11:16:46.313+0000] {logging_mixin.py:188} INFO - [2025-11-28T11:16:46.312+0000] {dag.py:3823} INFO - Setting next_dagrun for dbt_transforms to None, run_after=None
[2025-11-28T11:16:46.379+0000] {processor.py:183} INFO - Processing /opt/airflow/dags/011_dbt_transforms.py took 0.225 seconds
[2025-11-28T11:17:16.751+0000] {processor.py:161} INFO - Started process (PID=5076) to work on /opt/airflow/dags/011_dbt_transforms.py
[2025-11-28T11:17:16.754+0000] {processor.py:830} INFO - Processing file /opt/airflow/dags/011_dbt_transforms.py for tasks to queue
[2025-11-28T11:17:16.757+0000] {logging_mixin.py:188} INFO - [2025-11-28T11:17:16.756+0000] {dagbag.py:538} INFO - Filling up the DagBag from /opt/airflow/dags/011_dbt_transforms.py
[2025-11-28T11:17:16.777+0000] {processor.py:840} INFO - DAG(s) 'dbt_transforms' retrieved from /opt/airflow/dags/011_dbt_transforms.py
[2025-11-28T11:17:16.842+0000] {logging_mixin.py:188} INFO - [2025-11-28T11:17:16.841+0000] {dag.py:3036} INFO - Sync 1 DAGs
[2025-11-28T11:17:16.891+0000] {logging_mixin.py:188} INFO - [2025-11-28T11:17:16.891+0000] {dag.py:3823} INFO - Setting next_dagrun for dbt_transforms to None, run_after=None
[2025-11-28T11:17:16.945+0000] {processor.py:183} INFO - Processing /opt/airflow/dags/011_dbt_transforms.py took 0.202 seconds
[2025-11-28T11:17:47.462+0000] {processor.py:161} INFO - Started process (PID=5125) to work on /opt/airflow/dags/011_dbt_transforms.py
[2025-11-28T11:17:47.463+0000] {processor.py:830} INFO - Processing file /opt/airflow/dags/011_dbt_transforms.py for tasks to queue
[2025-11-28T11:17:47.466+0000] {logging_mixin.py:188} INFO - [2025-11-28T11:17:47.465+0000] {dagbag.py:538} INFO - Filling up the DagBag from /opt/airflow/dags/011_dbt_transforms.py
[2025-11-28T11:17:47.485+0000] {processor.py:840} INFO - DAG(s) 'dbt_transforms' retrieved from /opt/airflow/dags/011_dbt_transforms.py
[2025-11-28T11:17:47.541+0000] {logging_mixin.py:188} INFO - [2025-11-28T11:17:47.541+0000] {dag.py:3036} INFO - Sync 1 DAGs
[2025-11-28T11:17:47.584+0000] {logging_mixin.py:188} INFO - [2025-11-28T11:17:47.584+0000] {dag.py:3823} INFO - Setting next_dagrun for dbt_transforms to None, run_after=None
[2025-11-28T11:17:47.650+0000] {processor.py:183} INFO - Processing /opt/airflow/dags/011_dbt_transforms.py took 0.194 seconds
[2025-11-28T11:18:17.909+0000] {processor.py:161} INFO - Started process (PID=5195) to work on /opt/airflow/dags/011_dbt_transforms.py
[2025-11-28T11:18:17.911+0000] {processor.py:830} INFO - Processing file /opt/airflow/dags/011_dbt_transforms.py for tasks to queue
[2025-11-28T11:18:17.913+0000] {logging_mixin.py:188} INFO - [2025-11-28T11:18:17.913+0000] {dagbag.py:538} INFO - Filling up the DagBag from /opt/airflow/dags/011_dbt_transforms.py
[2025-11-28T11:18:17.933+0000] {processor.py:840} INFO - DAG(s) 'dbt_transforms' retrieved from /opt/airflow/dags/011_dbt_transforms.py
[2025-11-28T11:18:17.991+0000] {logging_mixin.py:188} INFO - [2025-11-28T11:18:17.990+0000] {dag.py:3036} INFO - Sync 1 DAGs
[2025-11-28T11:18:18.040+0000] {logging_mixin.py:188} INFO - [2025-11-28T11:18:18.039+0000] {dag.py:3823} INFO - Setting next_dagrun for dbt_transforms to None, run_after=None
[2025-11-28T11:18:18.113+0000] {processor.py:183} INFO - Processing /opt/airflow/dags/011_dbt_transforms.py took 0.210 seconds
[2025-11-28T11:18:48.465+0000] {processor.py:161} INFO - Started process (PID=5265) to work on /opt/airflow/dags/011_dbt_transforms.py
[2025-11-28T11:18:48.467+0000] {processor.py:830} INFO - Processing file /opt/airflow/dags/011_dbt_transforms.py for tasks to queue
[2025-11-28T11:18:48.469+0000] {logging_mixin.py:188} INFO - [2025-11-28T11:18:48.469+0000] {dagbag.py:538} INFO - Filling up the DagBag from /opt/airflow/dags/011_dbt_transforms.py
[2025-11-28T11:18:48.490+0000] {processor.py:840} INFO - DAG(s) 'dbt_transforms' retrieved from /opt/airflow/dags/011_dbt_transforms.py
[2025-11-28T11:18:48.549+0000] {logging_mixin.py:188} INFO - [2025-11-28T11:18:48.549+0000] {dag.py:3036} INFO - Sync 1 DAGs
[2025-11-28T11:18:48.599+0000] {logging_mixin.py:188} INFO - [2025-11-28T11:18:48.598+0000] {dag.py:3823} INFO - Setting next_dagrun for dbt_transforms to None, run_after=None
[2025-11-28T11:18:48.684+0000] {processor.py:183} INFO - Processing /opt/airflow/dags/011_dbt_transforms.py took 0.225 seconds
[2025-11-28T11:19:18.734+0000] {processor.py:161} INFO - Started process (PID=5335) to work on /opt/airflow/dags/011_dbt_transforms.py
[2025-11-28T11:19:18.736+0000] {processor.py:830} INFO - Processing file /opt/airflow/dags/011_dbt_transforms.py for tasks to queue
[2025-11-28T11:19:18.738+0000] {logging_mixin.py:188} INFO - [2025-11-28T11:19:18.737+0000] {dagbag.py:538} INFO - Filling up the DagBag from /opt/airflow/dags/011_dbt_transforms.py
[2025-11-28T11:19:18.758+0000] {processor.py:840} INFO - DAG(s) 'dbt_transforms' retrieved from /opt/airflow/dags/011_dbt_transforms.py
[2025-11-28T11:19:18.821+0000] {logging_mixin.py:188} INFO - [2025-11-28T11:19:18.821+0000] {dag.py:3036} INFO - Sync 1 DAGs
[2025-11-28T11:19:18.874+0000] {logging_mixin.py:188} INFO - [2025-11-28T11:19:18.873+0000] {dag.py:3823} INFO - Setting next_dagrun for dbt_transforms to None, run_after=None
[2025-11-28T11:19:18.938+0000] {processor.py:183} INFO - Processing /opt/airflow/dags/011_dbt_transforms.py took 0.211 seconds
[2025-11-28T11:19:49.451+0000] {processor.py:161} INFO - Started process (PID=5405) to work on /opt/airflow/dags/011_dbt_transforms.py
[2025-11-28T11:19:49.454+0000] {processor.py:830} INFO - Processing file /opt/airflow/dags/011_dbt_transforms.py for tasks to queue
[2025-11-28T11:19:49.456+0000] {logging_mixin.py:188} INFO - [2025-11-28T11:19:49.455+0000] {dagbag.py:538} INFO - Filling up the DagBag from /opt/airflow/dags/011_dbt_transforms.py
[2025-11-28T11:19:49.477+0000] {processor.py:840} INFO - DAG(s) 'dbt_transforms' retrieved from /opt/airflow/dags/011_dbt_transforms.py
[2025-11-28T11:19:49.548+0000] {logging_mixin.py:188} INFO - [2025-11-28T11:19:49.547+0000] {dag.py:3036} INFO - Sync 1 DAGs
[2025-11-28T11:19:49.600+0000] {logging_mixin.py:188} INFO - [2025-11-28T11:19:49.599+0000] {dag.py:3823} INFO - Setting next_dagrun for dbt_transforms to None, run_after=None
[2025-11-28T11:19:49.702+0000] {processor.py:183} INFO - Processing /opt/airflow/dags/011_dbt_transforms.py took 0.258 seconds
[2025-11-28T11:20:20.089+0000] {processor.py:161} INFO - Started process (PID=5472) to work on /opt/airflow/dags/011_dbt_transforms.py
[2025-11-28T11:20:20.092+0000] {processor.py:830} INFO - Processing file /opt/airflow/dags/011_dbt_transforms.py for tasks to queue
[2025-11-28T11:20:20.095+0000] {logging_mixin.py:188} INFO - [2025-11-28T11:20:20.094+0000] {dagbag.py:538} INFO - Filling up the DagBag from /opt/airflow/dags/011_dbt_transforms.py
[2025-11-28T11:20:20.163+0000] {processor.py:840} INFO - DAG(s) 'dbt_transforms' retrieved from /opt/airflow/dags/011_dbt_transforms.py
[2025-11-28T11:20:20.308+0000] {logging_mixin.py:188} INFO - [2025-11-28T11:20:20.307+0000] {dag.py:3036} INFO - Sync 1 DAGs
[2025-11-28T11:20:20.453+0000] {logging_mixin.py:188} INFO - [2025-11-28T11:20:20.452+0000] {dag.py:3823} INFO - Setting next_dagrun for dbt_transforms to None, run_after=None
[2025-11-28T11:20:20.562+0000] {processor.py:183} INFO - Processing /opt/airflow/dags/011_dbt_transforms.py took 0.482 seconds
[2025-11-28T11:20:50.695+0000] {processor.py:161} INFO - Started process (PID=5521) to work on /opt/airflow/dags/011_dbt_transforms.py
[2025-11-28T11:20:50.697+0000] {processor.py:830} INFO - Processing file /opt/airflow/dags/011_dbt_transforms.py for tasks to queue
[2025-11-28T11:20:50.699+0000] {logging_mixin.py:188} INFO - [2025-11-28T11:20:50.698+0000] {dagbag.py:538} INFO - Filling up the DagBag from /opt/airflow/dags/011_dbt_transforms.py
[2025-11-28T11:20:50.718+0000] {processor.py:840} INFO - DAG(s) 'dbt_transforms' retrieved from /opt/airflow/dags/011_dbt_transforms.py
[2025-11-28T11:20:50.786+0000] {logging_mixin.py:188} INFO - [2025-11-28T11:20:50.786+0000] {dag.py:3036} INFO - Sync 1 DAGs
[2025-11-28T11:20:50.849+0000] {logging_mixin.py:188} INFO - [2025-11-28T11:20:50.848+0000] {dag.py:3823} INFO - Setting next_dagrun for dbt_transforms to None, run_after=None
[2025-11-28T11:20:50.932+0000] {processor.py:183} INFO - Processing /opt/airflow/dags/011_dbt_transforms.py took 0.243 seconds
[2025-11-28T11:21:20.987+0000] {processor.py:161} INFO - Started process (PID=5591) to work on /opt/airflow/dags/011_dbt_transforms.py
[2025-11-28T11:21:20.989+0000] {processor.py:830} INFO - Processing file /opt/airflow/dags/011_dbt_transforms.py for tasks to queue
[2025-11-28T11:21:20.992+0000] {logging_mixin.py:188} INFO - [2025-11-28T11:21:20.991+0000] {dagbag.py:538} INFO - Filling up the DagBag from /opt/airflow/dags/011_dbt_transforms.py
[2025-11-28T11:21:21.014+0000] {processor.py:840} INFO - DAG(s) 'dbt_transforms' retrieved from /opt/airflow/dags/011_dbt_transforms.py
[2025-11-28T11:21:21.094+0000] {logging_mixin.py:188} INFO - [2025-11-28T11:21:21.094+0000] {dag.py:3036} INFO - Sync 1 DAGs
[2025-11-28T11:21:21.143+0000] {logging_mixin.py:188} INFO - [2025-11-28T11:21:21.142+0000] {dag.py:3823} INFO - Setting next_dagrun for dbt_transforms to None, run_after=None
[2025-11-28T11:21:21.199+0000] {processor.py:183} INFO - Processing /opt/airflow/dags/011_dbt_transforms.py took 0.218 seconds
[2025-11-28T11:21:52.160+0000] {processor.py:161} INFO - Started process (PID=5661) to work on /opt/airflow/dags/011_dbt_transforms.py
[2025-11-28T11:21:52.162+0000] {processor.py:830} INFO - Processing file /opt/airflow/dags/011_dbt_transforms.py for tasks to queue
[2025-11-28T11:21:52.164+0000] {logging_mixin.py:188} INFO - [2025-11-28T11:21:52.164+0000] {dagbag.py:538} INFO - Filling up the DagBag from /opt/airflow/dags/011_dbt_transforms.py
[2025-11-28T11:21:52.184+0000] {processor.py:840} INFO - DAG(s) 'dbt_transforms' retrieved from /opt/airflow/dags/011_dbt_transforms.py
[2025-11-28T11:21:52.243+0000] {logging_mixin.py:188} INFO - [2025-11-28T11:21:52.243+0000] {dag.py:3036} INFO - Sync 1 DAGs
[2025-11-28T11:21:52.286+0000] {logging_mixin.py:188} INFO - [2025-11-28T11:21:52.285+0000] {dag.py:3823} INFO - Setting next_dagrun for dbt_transforms to None, run_after=None
[2025-11-28T11:21:52.360+0000] {processor.py:183} INFO - Processing /opt/airflow/dags/011_dbt_transforms.py took 0.206 seconds
[2025-11-28T11:22:22.812+0000] {processor.py:161} INFO - Started process (PID=5731) to work on /opt/airflow/dags/011_dbt_transforms.py
[2025-11-28T11:22:22.816+0000] {processor.py:830} INFO - Processing file /opt/airflow/dags/011_dbt_transforms.py for tasks to queue
[2025-11-28T11:22:22.819+0000] {logging_mixin.py:188} INFO - [2025-11-28T11:22:22.818+0000] {dagbag.py:538} INFO - Filling up the DagBag from /opt/airflow/dags/011_dbt_transforms.py
[2025-11-28T11:22:22.855+0000] {processor.py:840} INFO - DAG(s) 'dbt_transforms' retrieved from /opt/airflow/dags/011_dbt_transforms.py
[2025-11-28T11:22:22.945+0000] {logging_mixin.py:188} INFO - [2025-11-28T11:22:22.944+0000] {dag.py:3036} INFO - Sync 1 DAGs
[2025-11-28T11:22:23.039+0000] {logging_mixin.py:188} INFO - [2025-11-28T11:22:23.038+0000] {dag.py:3823} INFO - Setting next_dagrun for dbt_transforms to None, run_after=None
[2025-11-28T11:22:23.111+0000] {processor.py:183} INFO - Processing /opt/airflow/dags/011_dbt_transforms.py took 0.313 seconds
[2025-11-28T11:22:53.522+0000] {processor.py:161} INFO - Started process (PID=5801) to work on /opt/airflow/dags/011_dbt_transforms.py
[2025-11-28T11:22:53.524+0000] {processor.py:830} INFO - Processing file /opt/airflow/dags/011_dbt_transforms.py for tasks to queue
[2025-11-28T11:22:53.526+0000] {logging_mixin.py:188} INFO - [2025-11-28T11:22:53.525+0000] {dagbag.py:538} INFO - Filling up the DagBag from /opt/airflow/dags/011_dbt_transforms.py
[2025-11-28T11:22:53.545+0000] {processor.py:840} INFO - DAG(s) 'dbt_transforms' retrieved from /opt/airflow/dags/011_dbt_transforms.py
[2025-11-28T11:22:53.621+0000] {logging_mixin.py:188} INFO - [2025-11-28T11:22:53.620+0000] {dag.py:3036} INFO - Sync 1 DAGs
[2025-11-28T11:22:53.682+0000] {logging_mixin.py:188} INFO - [2025-11-28T11:22:53.681+0000] {dag.py:3823} INFO - Setting next_dagrun for dbt_transforms to None, run_after=None
[2025-11-28T11:22:53.750+0000] {processor.py:183} INFO - Processing /opt/airflow/dags/011_dbt_transforms.py took 0.235 seconds
[2025-11-28T11:23:24.179+0000] {processor.py:161} INFO - Started process (PID=5868) to work on /opt/airflow/dags/011_dbt_transforms.py
[2025-11-28T11:23:24.181+0000] {processor.py:830} INFO - Processing file /opt/airflow/dags/011_dbt_transforms.py for tasks to queue
[2025-11-28T11:23:24.183+0000] {logging_mixin.py:188} INFO - [2025-11-28T11:23:24.182+0000] {dagbag.py:538} INFO - Filling up the DagBag from /opt/airflow/dags/011_dbt_transforms.py
[2025-11-28T11:23:24.202+0000] {processor.py:840} INFO - DAG(s) 'dbt_transforms' retrieved from /opt/airflow/dags/011_dbt_transforms.py
[2025-11-28T11:23:24.265+0000] {logging_mixin.py:188} INFO - [2025-11-28T11:23:24.265+0000] {dag.py:3036} INFO - Sync 1 DAGs
[2025-11-28T11:23:24.310+0000] {logging_mixin.py:188} INFO - [2025-11-28T11:23:24.309+0000] {dag.py:3823} INFO - Setting next_dagrun for dbt_transforms to None, run_after=None
[2025-11-28T11:23:24.418+0000] {processor.py:183} INFO - Processing /opt/airflow/dags/011_dbt_transforms.py took 0.246 seconds
[2025-11-28T11:23:54.555+0000] {processor.py:161} INFO - Started process (PID=5917) to work on /opt/airflow/dags/011_dbt_transforms.py
[2025-11-28T11:23:54.558+0000] {processor.py:830} INFO - Processing file /opt/airflow/dags/011_dbt_transforms.py for tasks to queue
[2025-11-28T11:23:54.560+0000] {logging_mixin.py:188} INFO - [2025-11-28T11:23:54.559+0000] {dagbag.py:538} INFO - Filling up the DagBag from /opt/airflow/dags/011_dbt_transforms.py
[2025-11-28T11:23:54.582+0000] {processor.py:840} INFO - DAG(s) 'dbt_transforms' retrieved from /opt/airflow/dags/011_dbt_transforms.py
[2025-11-28T11:23:54.654+0000] {logging_mixin.py:188} INFO - [2025-11-28T11:23:54.653+0000] {dag.py:3036} INFO - Sync 1 DAGs
[2025-11-28T11:23:54.705+0000] {logging_mixin.py:188} INFO - [2025-11-28T11:23:54.705+0000] {dag.py:3823} INFO - Setting next_dagrun for dbt_transforms to None, run_after=None
[2025-11-28T11:23:54.770+0000] {processor.py:183} INFO - Processing /opt/airflow/dags/011_dbt_transforms.py took 0.223 seconds
[2025-11-28T11:24:25.125+0000] {processor.py:161} INFO - Started process (PID=5987) to work on /opt/airflow/dags/011_dbt_transforms.py
[2025-11-28T11:24:25.127+0000] {processor.py:830} INFO - Processing file /opt/airflow/dags/011_dbt_transforms.py for tasks to queue
[2025-11-28T11:24:25.130+0000] {logging_mixin.py:188} INFO - [2025-11-28T11:24:25.130+0000] {dagbag.py:538} INFO - Filling up the DagBag from /opt/airflow/dags/011_dbt_transforms.py
[2025-11-28T11:24:25.149+0000] {processor.py:840} INFO - DAG(s) 'dbt_transforms' retrieved from /opt/airflow/dags/011_dbt_transforms.py
[2025-11-28T11:24:25.217+0000] {logging_mixin.py:188} INFO - [2025-11-28T11:24:25.216+0000] {dag.py:3036} INFO - Sync 1 DAGs
[2025-11-28T11:24:25.260+0000] {logging_mixin.py:188} INFO - [2025-11-28T11:24:25.259+0000] {dag.py:3823} INFO - Setting next_dagrun for dbt_transforms to None, run_after=None
[2025-11-28T11:24:25.329+0000] {processor.py:183} INFO - Processing /opt/airflow/dags/011_dbt_transforms.py took 0.211 seconds
[2025-11-28T11:24:55.760+0000] {processor.py:161} INFO - Started process (PID=6057) to work on /opt/airflow/dags/011_dbt_transforms.py
[2025-11-28T11:24:55.762+0000] {processor.py:830} INFO - Processing file /opt/airflow/dags/011_dbt_transforms.py for tasks to queue
[2025-11-28T11:24:55.765+0000] {logging_mixin.py:188} INFO - [2025-11-28T11:24:55.765+0000] {dagbag.py:538} INFO - Filling up the DagBag from /opt/airflow/dags/011_dbt_transforms.py
[2025-11-28T11:24:55.785+0000] {processor.py:840} INFO - DAG(s) 'dbt_transforms' retrieved from /opt/airflow/dags/011_dbt_transforms.py
[2025-11-28T11:24:55.847+0000] {logging_mixin.py:188} INFO - [2025-11-28T11:24:55.846+0000] {dag.py:3036} INFO - Sync 1 DAGs
[2025-11-28T11:24:55.887+0000] {logging_mixin.py:188} INFO - [2025-11-28T11:24:55.886+0000] {dag.py:3823} INFO - Setting next_dagrun for dbt_transforms to None, run_after=None
[2025-11-28T11:24:55.952+0000] {processor.py:183} INFO - Processing /opt/airflow/dags/011_dbt_transforms.py took 0.198 seconds
[2025-11-28T11:25:26.467+0000] {processor.py:161} INFO - Started process (PID=6127) to work on /opt/airflow/dags/011_dbt_transforms.py
[2025-11-28T11:25:26.469+0000] {processor.py:830} INFO - Processing file /opt/airflow/dags/011_dbt_transforms.py for tasks to queue
[2025-11-28T11:25:26.471+0000] {logging_mixin.py:188} INFO - [2025-11-28T11:25:26.471+0000] {dagbag.py:538} INFO - Filling up the DagBag from /opt/airflow/dags/011_dbt_transforms.py
[2025-11-28T11:25:26.490+0000] {processor.py:840} INFO - DAG(s) 'dbt_transforms' retrieved from /opt/airflow/dags/011_dbt_transforms.py
[2025-11-28T11:25:26.552+0000] {logging_mixin.py:188} INFO - [2025-11-28T11:25:26.551+0000] {dag.py:3036} INFO - Sync 1 DAGs
[2025-11-28T11:25:26.596+0000] {logging_mixin.py:188} INFO - [2025-11-28T11:25:26.595+0000] {dag.py:3823} INFO - Setting next_dagrun for dbt_transforms to None, run_after=None
[2025-11-28T11:25:26.660+0000] {processor.py:183} INFO - Processing /opt/airflow/dags/011_dbt_transforms.py took 0.199 seconds
[2025-11-28T11:25:57.039+0000] {processor.py:161} INFO - Started process (PID=6197) to work on /opt/airflow/dags/011_dbt_transforms.py
[2025-11-28T11:25:57.041+0000] {processor.py:830} INFO - Processing file /opt/airflow/dags/011_dbt_transforms.py for tasks to queue
[2025-11-28T11:25:57.043+0000] {logging_mixin.py:188} INFO - [2025-11-28T11:25:57.042+0000] {dagbag.py:538} INFO - Filling up the DagBag from /opt/airflow/dags/011_dbt_transforms.py
[2025-11-28T11:25:57.062+0000] {processor.py:840} INFO - DAG(s) 'dbt_transforms' retrieved from /opt/airflow/dags/011_dbt_transforms.py
[2025-11-28T11:25:57.124+0000] {logging_mixin.py:188} INFO - [2025-11-28T11:25:57.124+0000] {dag.py:3036} INFO - Sync 1 DAGs
[2025-11-28T11:25:57.167+0000] {logging_mixin.py:188} INFO - [2025-11-28T11:25:57.166+0000] {dag.py:3823} INFO - Setting next_dagrun for dbt_transforms to None, run_after=None
[2025-11-28T11:25:57.230+0000] {processor.py:183} INFO - Processing /opt/airflow/dags/011_dbt_transforms.py took 0.198 seconds
[2025-11-28T11:26:27.604+0000] {processor.py:161} INFO - Started process (PID=6264) to work on /opt/airflow/dags/011_dbt_transforms.py
[2025-11-28T11:26:27.606+0000] {processor.py:830} INFO - Processing file /opt/airflow/dags/011_dbt_transforms.py for tasks to queue
[2025-11-28T11:26:27.608+0000] {logging_mixin.py:188} INFO - [2025-11-28T11:26:27.608+0000] {dagbag.py:538} INFO - Filling up the DagBag from /opt/airflow/dags/011_dbt_transforms.py
[2025-11-28T11:26:27.629+0000] {processor.py:840} INFO - DAG(s) 'dbt_transforms' retrieved from /opt/airflow/dags/011_dbt_transforms.py
[2025-11-28T11:26:27.697+0000] {logging_mixin.py:188} INFO - [2025-11-28T11:26:27.697+0000] {dag.py:3036} INFO - Sync 1 DAGs
[2025-11-28T11:26:27.746+0000] {logging_mixin.py:188} INFO - [2025-11-28T11:26:27.745+0000] {dag.py:3823} INFO - Setting next_dagrun for dbt_transforms to None, run_after=None
[2025-11-28T11:26:27.809+0000] {processor.py:183} INFO - Processing /opt/airflow/dags/011_dbt_transforms.py took 0.212 seconds
[2025-11-28T11:26:58.042+0000] {processor.py:161} INFO - Started process (PID=6313) to work on /opt/airflow/dags/011_dbt_transforms.py
[2025-11-28T11:26:58.044+0000] {processor.py:830} INFO - Processing file /opt/airflow/dags/011_dbt_transforms.py for tasks to queue
[2025-11-28T11:26:58.047+0000] {logging_mixin.py:188} INFO - [2025-11-28T11:26:58.046+0000] {dagbag.py:538} INFO - Filling up the DagBag from /opt/airflow/dags/011_dbt_transforms.py
[2025-11-28T11:26:58.071+0000] {processor.py:840} INFO - DAG(s) 'dbt_transforms' retrieved from /opt/airflow/dags/011_dbt_transforms.py
[2025-11-28T11:26:58.135+0000] {logging_mixin.py:188} INFO - [2025-11-28T11:26:58.134+0000] {dag.py:3036} INFO - Sync 1 DAGs
[2025-11-28T11:26:58.188+0000] {logging_mixin.py:188} INFO - [2025-11-28T11:26:58.188+0000] {dag.py:3823} INFO - Setting next_dagrun for dbt_transforms to None, run_after=None
[2025-11-28T11:26:58.231+0000] {processor.py:183} INFO - Processing /opt/airflow/dags/011_dbt_transforms.py took 0.195 seconds
[2025-11-28T11:27:28.349+0000] {processor.py:161} INFO - Started process (PID=6383) to work on /opt/airflow/dags/011_dbt_transforms.py
[2025-11-28T11:27:28.351+0000] {processor.py:830} INFO - Processing file /opt/airflow/dags/011_dbt_transforms.py for tasks to queue
[2025-11-28T11:27:28.354+0000] {logging_mixin.py:188} INFO - [2025-11-28T11:27:28.353+0000] {dagbag.py:538} INFO - Filling up the DagBag from /opt/airflow/dags/011_dbt_transforms.py
[2025-11-28T11:27:28.373+0000] {processor.py:840} INFO - DAG(s) 'dbt_transforms' retrieved from /opt/airflow/dags/011_dbt_transforms.py
[2025-11-28T11:27:28.439+0000] {logging_mixin.py:188} INFO - [2025-11-28T11:27:28.439+0000] {dag.py:3036} INFO - Sync 1 DAGs
[2025-11-28T11:27:28.484+0000] {logging_mixin.py:188} INFO - [2025-11-28T11:27:28.484+0000] {dag.py:3823} INFO - Setting next_dagrun for dbt_transforms to None, run_after=None
[2025-11-28T11:27:28.566+0000] {processor.py:183} INFO - Processing /opt/airflow/dags/011_dbt_transforms.py took 0.224 seconds
[2025-11-28T11:27:59.141+0000] {processor.py:161} INFO - Started process (PID=6453) to work on /opt/airflow/dags/011_dbt_transforms.py
[2025-11-28T11:27:59.143+0000] {processor.py:830} INFO - Processing file /opt/airflow/dags/011_dbt_transforms.py for tasks to queue
[2025-11-28T11:27:59.145+0000] {logging_mixin.py:188} INFO - [2025-11-28T11:27:59.145+0000] {dagbag.py:538} INFO - Filling up the DagBag from /opt/airflow/dags/011_dbt_transforms.py
[2025-11-28T11:27:59.166+0000] {processor.py:840} INFO - DAG(s) 'dbt_transforms' retrieved from /opt/airflow/dags/011_dbt_transforms.py
[2025-11-28T11:27:59.230+0000] {logging_mixin.py:188} INFO - [2025-11-28T11:27:59.230+0000] {dag.py:3036} INFO - Sync 1 DAGs
[2025-11-28T11:27:59.290+0000] {logging_mixin.py:188} INFO - [2025-11-28T11:27:59.290+0000] {dag.py:3823} INFO - Setting next_dagrun for dbt_transforms to None, run_after=None
[2025-11-28T11:27:59.346+0000] {processor.py:183} INFO - Processing /opt/airflow/dags/011_dbt_transforms.py took 0.212 seconds
[2025-11-28T11:28:29.595+0000] {processor.py:161} INFO - Started process (PID=6523) to work on /opt/airflow/dags/011_dbt_transforms.py
[2025-11-28T11:28:29.598+0000] {processor.py:830} INFO - Processing file /opt/airflow/dags/011_dbt_transforms.py for tasks to queue
[2025-11-28T11:28:29.600+0000] {logging_mixin.py:188} INFO - [2025-11-28T11:28:29.599+0000] {dagbag.py:538} INFO - Filling up the DagBag from /opt/airflow/dags/011_dbt_transforms.py
[2025-11-28T11:28:29.620+0000] {processor.py:840} INFO - DAG(s) 'dbt_transforms' retrieved from /opt/airflow/dags/011_dbt_transforms.py
[2025-11-28T11:28:29.684+0000] {logging_mixin.py:188} INFO - [2025-11-28T11:28:29.684+0000] {dag.py:3036} INFO - Sync 1 DAGs
[2025-11-28T11:28:29.728+0000] {logging_mixin.py:188} INFO - [2025-11-28T11:28:29.727+0000] {dag.py:3823} INFO - Setting next_dagrun for dbt_transforms to None, run_after=None
[2025-11-28T11:28:29.782+0000] {processor.py:183} INFO - Processing /opt/airflow/dags/011_dbt_transforms.py took 0.193 seconds
[2025-11-28T11:29:00.009+0000] {processor.py:161} INFO - Started process (PID=6593) to work on /opt/airflow/dags/011_dbt_transforms.py
[2025-11-28T11:29:00.011+0000] {processor.py:830} INFO - Processing file /opt/airflow/dags/011_dbt_transforms.py for tasks to queue
[2025-11-28T11:29:00.013+0000] {logging_mixin.py:188} INFO - [2025-11-28T11:29:00.012+0000] {dagbag.py:538} INFO - Filling up the DagBag from /opt/airflow/dags/011_dbt_transforms.py
[2025-11-28T11:29:00.034+0000] {processor.py:840} INFO - DAG(s) 'dbt_transforms' retrieved from /opt/airflow/dags/011_dbt_transforms.py
[2025-11-28T11:29:00.100+0000] {logging_mixin.py:188} INFO - [2025-11-28T11:29:00.099+0000] {dag.py:3036} INFO - Sync 1 DAGs
[2025-11-28T11:29:00.149+0000] {logging_mixin.py:188} INFO - [2025-11-28T11:29:00.149+0000] {dag.py:3823} INFO - Setting next_dagrun for dbt_transforms to None, run_after=None
[2025-11-28T11:29:00.236+0000] {processor.py:183} INFO - Processing /opt/airflow/dags/011_dbt_transforms.py took 0.234 seconds
[2025-11-28T11:29:30.583+0000] {processor.py:161} INFO - Started process (PID=6660) to work on /opt/airflow/dags/011_dbt_transforms.py
[2025-11-28T11:29:30.587+0000] {processor.py:830} INFO - Processing file /opt/airflow/dags/011_dbt_transforms.py for tasks to queue
[2025-11-28T11:29:30.590+0000] {logging_mixin.py:188} INFO - [2025-11-28T11:29:30.588+0000] {dagbag.py:538} INFO - Filling up the DagBag from /opt/airflow/dags/011_dbt_transforms.py
[2025-11-28T11:29:30.615+0000] {processor.py:840} INFO - DAG(s) 'dbt_transforms' retrieved from /opt/airflow/dags/011_dbt_transforms.py
[2025-11-28T11:29:30.702+0000] {logging_mixin.py:188} INFO - [2025-11-28T11:29:30.702+0000] {dag.py:3036} INFO - Sync 1 DAGs
[2025-11-28T11:29:30.747+0000] {logging_mixin.py:188} INFO - [2025-11-28T11:29:30.747+0000] {dag.py:3823} INFO - Setting next_dagrun for dbt_transforms to None, run_after=None
[2025-11-28T11:29:30.817+0000] {processor.py:183} INFO - Processing /opt/airflow/dags/011_dbt_transforms.py took 0.242 seconds
[2025-11-28T11:30:00.939+0000] {processor.py:161} INFO - Started process (PID=6709) to work on /opt/airflow/dags/011_dbt_transforms.py
[2025-11-28T11:30:00.941+0000] {processor.py:830} INFO - Processing file /opt/airflow/dags/011_dbt_transforms.py for tasks to queue
[2025-11-28T11:30:00.944+0000] {logging_mixin.py:188} INFO - [2025-11-28T11:30:00.943+0000] {dagbag.py:538} INFO - Filling up the DagBag from /opt/airflow/dags/011_dbt_transforms.py
[2025-11-28T11:30:00.967+0000] {processor.py:840} INFO - DAG(s) 'dbt_transforms' retrieved from /opt/airflow/dags/011_dbt_transforms.py
[2025-11-28T11:30:01.032+0000] {logging_mixin.py:188} INFO - [2025-11-28T11:30:01.031+0000] {dag.py:3036} INFO - Sync 1 DAGs
[2025-11-28T11:30:01.076+0000] {logging_mixin.py:188} INFO - [2025-11-28T11:30:01.076+0000] {dag.py:3823} INFO - Setting next_dagrun for dbt_transforms to None, run_after=None
[2025-11-28T11:30:01.141+0000] {processor.py:183} INFO - Processing /opt/airflow/dags/011_dbt_transforms.py took 0.209 seconds
[2025-11-28T11:30:31.184+0000] {processor.py:161} INFO - Started process (PID=6758) to work on /opt/airflow/dags/011_dbt_transforms.py
[2025-11-28T11:30:31.186+0000] {processor.py:830} INFO - Processing file /opt/airflow/dags/011_dbt_transforms.py for tasks to queue
[2025-11-28T11:30:31.187+0000] {logging_mixin.py:188} INFO - [2025-11-28T11:30:31.187+0000] {dagbag.py:538} INFO - Filling up the DagBag from /opt/airflow/dags/011_dbt_transforms.py
[2025-11-28T11:30:31.210+0000] {processor.py:840} INFO - DAG(s) 'dbt_transforms' retrieved from /opt/airflow/dags/011_dbt_transforms.py
[2025-11-28T11:30:31.286+0000] {logging_mixin.py:188} INFO - [2025-11-28T11:30:31.285+0000] {dag.py:3036} INFO - Sync 1 DAGs
[2025-11-28T11:30:31.336+0000] {logging_mixin.py:188} INFO - [2025-11-28T11:30:31.336+0000] {dag.py:3823} INFO - Setting next_dagrun for dbt_transforms to None, run_after=None
[2025-11-28T11:30:31.414+0000] {processor.py:183} INFO - Processing /opt/airflow/dags/011_dbt_transforms.py took 0.236 seconds
[2025-11-28T11:31:01.527+0000] {processor.py:161} INFO - Started process (PID=6828) to work on /opt/airflow/dags/011_dbt_transforms.py
[2025-11-28T11:31:01.529+0000] {processor.py:830} INFO - Processing file /opt/airflow/dags/011_dbt_transforms.py for tasks to queue
[2025-11-28T11:31:01.532+0000] {logging_mixin.py:188} INFO - [2025-11-28T11:31:01.531+0000] {dagbag.py:538} INFO - Filling up the DagBag from /opt/airflow/dags/011_dbt_transforms.py
[2025-11-28T11:31:01.556+0000] {processor.py:840} INFO - DAG(s) 'dbt_transforms' retrieved from /opt/airflow/dags/011_dbt_transforms.py
[2025-11-28T11:31:01.617+0000] {logging_mixin.py:188} INFO - [2025-11-28T11:31:01.617+0000] {dag.py:3036} INFO - Sync 1 DAGs
[2025-11-28T11:31:01.669+0000] {logging_mixin.py:188} INFO - [2025-11-28T11:31:01.668+0000] {dag.py:3823} INFO - Setting next_dagrun for dbt_transforms to None, run_after=None
[2025-11-28T11:31:01.719+0000] {processor.py:183} INFO - Processing /opt/airflow/dags/011_dbt_transforms.py took 0.198 seconds
[2025-11-28T11:31:32.035+0000] {processor.py:161} INFO - Started process (PID=6898) to work on /opt/airflow/dags/011_dbt_transforms.py
[2025-11-28T11:31:32.038+0000] {processor.py:830} INFO - Processing file /opt/airflow/dags/011_dbt_transforms.py for tasks to queue
[2025-11-28T11:31:32.040+0000] {logging_mixin.py:188} INFO - [2025-11-28T11:31:32.039+0000] {dagbag.py:538} INFO - Filling up the DagBag from /opt/airflow/dags/011_dbt_transforms.py
[2025-11-28T11:31:32.059+0000] {processor.py:840} INFO - DAG(s) 'dbt_transforms' retrieved from /opt/airflow/dags/011_dbt_transforms.py
[2025-11-28T11:31:32.122+0000] {logging_mixin.py:188} INFO - [2025-11-28T11:31:32.121+0000] {dag.py:3036} INFO - Sync 1 DAGs
[2025-11-28T11:31:32.165+0000] {logging_mixin.py:188} INFO - [2025-11-28T11:31:32.165+0000] {dag.py:3823} INFO - Setting next_dagrun for dbt_transforms to None, run_after=None
[2025-11-28T11:31:32.235+0000] {processor.py:183} INFO - Processing /opt/airflow/dags/011_dbt_transforms.py took 0.206 seconds
[2025-11-28T11:32:02.346+0000] {processor.py:161} INFO - Started process (PID=6968) to work on /opt/airflow/dags/011_dbt_transforms.py
[2025-11-28T11:32:02.348+0000] {processor.py:830} INFO - Processing file /opt/airflow/dags/011_dbt_transforms.py for tasks to queue
[2025-11-28T11:32:02.350+0000] {logging_mixin.py:188} INFO - [2025-11-28T11:32:02.349+0000] {dagbag.py:538} INFO - Filling up the DagBag from /opt/airflow/dags/011_dbt_transforms.py
[2025-11-28T11:32:02.377+0000] {processor.py:840} INFO - DAG(s) 'dbt_transforms' retrieved from /opt/airflow/dags/011_dbt_transforms.py
[2025-11-28T11:32:02.453+0000] {logging_mixin.py:188} INFO - [2025-11-28T11:32:02.452+0000] {dag.py:3036} INFO - Sync 1 DAGs
[2025-11-28T11:32:02.498+0000] {logging_mixin.py:188} INFO - [2025-11-28T11:32:02.497+0000] {dag.py:3823} INFO - Setting next_dagrun for dbt_transforms to None, run_after=None
[2025-11-28T11:32:02.562+0000] {processor.py:183} INFO - Processing /opt/airflow/dags/011_dbt_transforms.py took 0.223 seconds
[2025-11-28T11:32:33.012+0000] {processor.py:161} INFO - Started process (PID=7035) to work on /opt/airflow/dags/011_dbt_transforms.py
[2025-11-28T11:32:33.015+0000] {processor.py:830} INFO - Processing file /opt/airflow/dags/011_dbt_transforms.py for tasks to queue
[2025-11-28T11:32:33.020+0000] {logging_mixin.py:188} INFO - [2025-11-28T11:32:33.018+0000] {dagbag.py:538} INFO - Filling up the DagBag from /opt/airflow/dags/011_dbt_transforms.py
[2025-11-28T11:32:33.046+0000] {processor.py:840} INFO - DAG(s) 'dbt_transforms' retrieved from /opt/airflow/dags/011_dbt_transforms.py
[2025-11-28T11:32:33.136+0000] {logging_mixin.py:188} INFO - [2025-11-28T11:32:33.135+0000] {dag.py:3036} INFO - Sync 1 DAGs
[2025-11-28T11:32:33.191+0000] {logging_mixin.py:188} INFO - [2025-11-28T11:32:33.190+0000] {dag.py:3823} INFO - Setting next_dagrun for dbt_transforms to None, run_after=None
[2025-11-28T11:32:33.263+0000] {processor.py:183} INFO - Processing /opt/airflow/dags/011_dbt_transforms.py took 0.262 seconds
[2025-11-28T11:33:03.677+0000] {processor.py:161} INFO - Started process (PID=7084) to work on /opt/airflow/dags/011_dbt_transforms.py
[2025-11-28T11:33:03.680+0000] {processor.py:830} INFO - Processing file /opt/airflow/dags/011_dbt_transforms.py for tasks to queue
[2025-11-28T11:33:03.686+0000] {logging_mixin.py:188} INFO - [2025-11-28T11:33:03.683+0000] {dagbag.py:538} INFO - Filling up the DagBag from /opt/airflow/dags/011_dbt_transforms.py
[2025-11-28T11:33:03.725+0000] {processor.py:840} INFO - DAG(s) 'dbt_transforms' retrieved from /opt/airflow/dags/011_dbt_transforms.py
[2025-11-28T11:33:03.810+0000] {logging_mixin.py:188} INFO - [2025-11-28T11:33:03.809+0000] {dag.py:3036} INFO - Sync 1 DAGs
[2025-11-28T11:33:03.855+0000] {logging_mixin.py:188} INFO - [2025-11-28T11:33:03.854+0000] {dag.py:3823} INFO - Setting next_dagrun for dbt_transforms to None, run_after=None
[2025-11-28T11:33:03.922+0000] {processor.py:183} INFO - Processing /opt/airflow/dags/011_dbt_transforms.py took 0.257 seconds
[2025-11-28T11:33:34.482+0000] {processor.py:161} INFO - Started process (PID=7154) to work on /opt/airflow/dags/011_dbt_transforms.py
[2025-11-28T11:33:34.485+0000] {processor.py:830} INFO - Processing file /opt/airflow/dags/011_dbt_transforms.py for tasks to queue
[2025-11-28T11:33:34.488+0000] {logging_mixin.py:188} INFO - [2025-11-28T11:33:34.487+0000] {dagbag.py:538} INFO - Filling up the DagBag from /opt/airflow/dags/011_dbt_transforms.py
[2025-11-28T11:33:34.514+0000] {processor.py:840} INFO - DAG(s) 'dbt_transforms' retrieved from /opt/airflow/dags/011_dbt_transforms.py
[2025-11-28T11:33:34.582+0000] {logging_mixin.py:188} INFO - [2025-11-28T11:33:34.582+0000] {dag.py:3036} INFO - Sync 1 DAGs
[2025-11-28T11:33:34.636+0000] {logging_mixin.py:188} INFO - [2025-11-28T11:33:34.635+0000] {dag.py:3823} INFO - Setting next_dagrun for dbt_transforms to None, run_after=None
[2025-11-28T11:33:34.709+0000] {processor.py:183} INFO - Processing /opt/airflow/dags/011_dbt_transforms.py took 0.238 seconds
[2025-11-28T11:34:05.382+0000] {processor.py:161} INFO - Started process (PID=7224) to work on /opt/airflow/dags/011_dbt_transforms.py
[2025-11-28T11:34:05.384+0000] {processor.py:830} INFO - Processing file /opt/airflow/dags/011_dbt_transforms.py for tasks to queue
[2025-11-28T11:34:05.386+0000] {logging_mixin.py:188} INFO - [2025-11-28T11:34:05.385+0000] {dagbag.py:538} INFO - Filling up the DagBag from /opt/airflow/dags/011_dbt_transforms.py
[2025-11-28T11:34:05.423+0000] {processor.py:840} INFO - DAG(s) 'dbt_transforms' retrieved from /opt/airflow/dags/011_dbt_transforms.py
[2025-11-28T11:34:05.486+0000] {logging_mixin.py:188} INFO - [2025-11-28T11:34:05.485+0000] {dag.py:3036} INFO - Sync 1 DAGs
[2025-11-28T11:34:05.526+0000] {logging_mixin.py:188} INFO - [2025-11-28T11:34:05.525+0000] {dag.py:3823} INFO - Setting next_dagrun for dbt_transforms to None, run_after=None
[2025-11-28T11:34:05.590+0000] {processor.py:183} INFO - Processing /opt/airflow/dags/011_dbt_transforms.py took 0.214 seconds
[2025-11-28T11:34:35.997+0000] {processor.py:161} INFO - Started process (PID=7294) to work on /opt/airflow/dags/011_dbt_transforms.py
[2025-11-28T11:34:35.999+0000] {processor.py:830} INFO - Processing file /opt/airflow/dags/011_dbt_transforms.py for tasks to queue
[2025-11-28T11:34:36.002+0000] {logging_mixin.py:188} INFO - [2025-11-28T11:34:36.001+0000] {dagbag.py:538} INFO - Filling up the DagBag from /opt/airflow/dags/011_dbt_transforms.py
[2025-11-28T11:34:36.025+0000] {processor.py:840} INFO - DAG(s) 'dbt_transforms' retrieved from /opt/airflow/dags/011_dbt_transforms.py
[2025-11-28T11:34:36.093+0000] {logging_mixin.py:188} INFO - [2025-11-28T11:34:36.093+0000] {dag.py:3036} INFO - Sync 1 DAGs
[2025-11-28T11:34:36.137+0000] {logging_mixin.py:188} INFO - [2025-11-28T11:34:36.137+0000] {dag.py:3823} INFO - Setting next_dagrun for dbt_transforms to None, run_after=None
[2025-11-28T11:34:36.202+0000] {processor.py:183} INFO - Processing /opt/airflow/dags/011_dbt_transforms.py took 0.215 seconds
[2025-11-28T11:35:06.954+0000] {processor.py:161} INFO - Started process (PID=7364) to work on /opt/airflow/dags/011_dbt_transforms.py
[2025-11-28T11:35:06.956+0000] {processor.py:830} INFO - Processing file /opt/airflow/dags/011_dbt_transforms.py for tasks to queue
[2025-11-28T11:35:06.958+0000] {logging_mixin.py:188} INFO - [2025-11-28T11:35:06.958+0000] {dagbag.py:538} INFO - Filling up the DagBag from /opt/airflow/dags/011_dbt_transforms.py
[2025-11-28T11:35:06.981+0000] {processor.py:840} INFO - DAG(s) 'dbt_transforms' retrieved from /opt/airflow/dags/011_dbt_transforms.py
[2025-11-28T11:35:07.050+0000] {logging_mixin.py:188} INFO - [2025-11-28T11:35:07.049+0000] {dag.py:3036} INFO - Sync 1 DAGs
[2025-11-28T11:35:07.099+0000] {logging_mixin.py:188} INFO - [2025-11-28T11:35:07.098+0000] {dag.py:3823} INFO - Setting next_dagrun for dbt_transforms to None, run_after=None
[2025-11-28T11:35:07.162+0000] {processor.py:183} INFO - Processing /opt/airflow/dags/011_dbt_transforms.py took 0.215 seconds
[2025-11-28T11:35:37.847+0000] {processor.py:161} INFO - Started process (PID=7431) to work on /opt/airflow/dags/011_dbt_transforms.py
[2025-11-28T11:35:37.850+0000] {processor.py:830} INFO - Processing file /opt/airflow/dags/011_dbt_transforms.py for tasks to queue
[2025-11-28T11:35:37.854+0000] {logging_mixin.py:188} INFO - [2025-11-28T11:35:37.853+0000] {dagbag.py:538} INFO - Filling up the DagBag from /opt/airflow/dags/011_dbt_transforms.py
[2025-11-28T11:35:37.896+0000] {processor.py:840} INFO - DAG(s) 'dbt_transforms' retrieved from /opt/airflow/dags/011_dbt_transforms.py
[2025-11-28T11:35:37.981+0000] {logging_mixin.py:188} INFO - [2025-11-28T11:35:37.980+0000] {dag.py:3036} INFO - Sync 1 DAGs
[2025-11-28T11:35:38.044+0000] {logging_mixin.py:188} INFO - [2025-11-28T11:35:38.043+0000] {dag.py:3823} INFO - Setting next_dagrun for dbt_transforms to None, run_after=None
[2025-11-28T11:35:38.112+0000] {processor.py:183} INFO - Processing /opt/airflow/dags/011_dbt_transforms.py took 0.275 seconds
[2025-11-28T11:36:08.318+0000] {processor.py:161} INFO - Started process (PID=7480) to work on /opt/airflow/dags/011_dbt_transforms.py
[2025-11-28T11:36:08.320+0000] {processor.py:830} INFO - Processing file /opt/airflow/dags/011_dbt_transforms.py for tasks to queue
[2025-11-28T11:36:08.322+0000] {logging_mixin.py:188} INFO - [2025-11-28T11:36:08.321+0000] {dagbag.py:538} INFO - Filling up the DagBag from /opt/airflow/dags/011_dbt_transforms.py
[2025-11-28T11:36:08.342+0000] {processor.py:840} INFO - DAG(s) 'dbt_transforms' retrieved from /opt/airflow/dags/011_dbt_transforms.py
[2025-11-28T11:36:08.404+0000] {logging_mixin.py:188} INFO - [2025-11-28T11:36:08.403+0000] {dag.py:3036} INFO - Sync 1 DAGs
[2025-11-28T11:36:08.454+0000] {logging_mixin.py:188} INFO - [2025-11-28T11:36:08.454+0000] {dag.py:3823} INFO - Setting next_dagrun for dbt_transforms to None, run_after=None
[2025-11-28T11:36:08.535+0000] {processor.py:183} INFO - Processing /opt/airflow/dags/011_dbt_transforms.py took 0.224 seconds
[2025-11-28T11:36:38.782+0000] {processor.py:161} INFO - Started process (PID=7550) to work on /opt/airflow/dags/011_dbt_transforms.py
[2025-11-28T11:36:38.784+0000] {processor.py:830} INFO - Processing file /opt/airflow/dags/011_dbt_transforms.py for tasks to queue
[2025-11-28T11:36:38.786+0000] {logging_mixin.py:188} INFO - [2025-11-28T11:36:38.786+0000] {dagbag.py:538} INFO - Filling up the DagBag from /opt/airflow/dags/011_dbt_transforms.py
[2025-11-28T11:36:38.806+0000] {processor.py:840} INFO - DAG(s) 'dbt_transforms' retrieved from /opt/airflow/dags/011_dbt_transforms.py
[2025-11-28T11:36:38.873+0000] {logging_mixin.py:188} INFO - [2025-11-28T11:36:38.872+0000] {dag.py:3036} INFO - Sync 1 DAGs
[2025-11-28T11:36:38.917+0000] {logging_mixin.py:188} INFO - [2025-11-28T11:36:38.916+0000] {dag.py:3823} INFO - Setting next_dagrun for dbt_transforms to None, run_after=None
[2025-11-28T11:36:38.980+0000] {processor.py:183} INFO - Processing /opt/airflow/dags/011_dbt_transforms.py took 0.205 seconds
[2025-11-28T11:37:09.390+0000] {processor.py:161} INFO - Started process (PID=7620) to work on /opt/airflow/dags/011_dbt_transforms.py
[2025-11-28T11:37:09.393+0000] {processor.py:830} INFO - Processing file /opt/airflow/dags/011_dbt_transforms.py for tasks to queue
[2025-11-28T11:37:09.395+0000] {logging_mixin.py:188} INFO - [2025-11-28T11:37:09.395+0000] {dagbag.py:538} INFO - Filling up the DagBag from /opt/airflow/dags/011_dbt_transforms.py
[2025-11-28T11:37:09.421+0000] {processor.py:840} INFO - DAG(s) 'dbt_transforms' retrieved from /opt/airflow/dags/011_dbt_transforms.py
[2025-11-28T11:37:09.488+0000] {logging_mixin.py:188} INFO - [2025-11-28T11:37:09.488+0000] {dag.py:3036} INFO - Sync 1 DAGs
[2025-11-28T11:37:09.533+0000] {logging_mixin.py:188} INFO - [2025-11-28T11:37:09.533+0000] {dag.py:3823} INFO - Setting next_dagrun for dbt_transforms to None, run_after=None
[2025-11-28T11:37:09.607+0000] {processor.py:183} INFO - Processing /opt/airflow/dags/011_dbt_transforms.py took 0.224 seconds
[2025-11-28T11:37:39.977+0000] {processor.py:161} INFO - Started process (PID=7690) to work on /opt/airflow/dags/011_dbt_transforms.py
[2025-11-28T11:37:39.979+0000] {processor.py:830} INFO - Processing file /opt/airflow/dags/011_dbt_transforms.py for tasks to queue
[2025-11-28T11:37:39.982+0000] {logging_mixin.py:188} INFO - [2025-11-28T11:37:39.981+0000] {dagbag.py:538} INFO - Filling up the DagBag from /opt/airflow/dags/011_dbt_transforms.py
[2025-11-28T11:37:40.002+0000] {processor.py:840} INFO - DAG(s) 'dbt_transforms' retrieved from /opt/airflow/dags/011_dbt_transforms.py
[2025-11-28T11:37:40.085+0000] {logging_mixin.py:188} INFO - [2025-11-28T11:37:40.084+0000] {dag.py:3036} INFO - Sync 1 DAGs
[2025-11-28T11:37:40.143+0000] {logging_mixin.py:188} INFO - [2025-11-28T11:37:40.142+0000] {dag.py:3823} INFO - Setting next_dagrun for dbt_transforms to None, run_after=None
[2025-11-28T11:37:40.207+0000] {processor.py:183} INFO - Processing /opt/airflow/dags/011_dbt_transforms.py took 0.236 seconds
[2025-11-28T11:38:10.423+0000] {processor.py:161} INFO - Started process (PID=7760) to work on /opt/airflow/dags/011_dbt_transforms.py
[2025-11-28T11:38:10.426+0000] {processor.py:830} INFO - Processing file /opt/airflow/dags/011_dbt_transforms.py for tasks to queue
[2025-11-28T11:38:10.429+0000] {logging_mixin.py:188} INFO - [2025-11-28T11:38:10.428+0000] {dagbag.py:538} INFO - Filling up the DagBag from /opt/airflow/dags/011_dbt_transforms.py
[2025-11-28T11:38:10.466+0000] {processor.py:840} INFO - DAG(s) 'dbt_transforms' retrieved from /opt/airflow/dags/011_dbt_transforms.py
[2025-11-28T11:38:10.553+0000] {logging_mixin.py:188} INFO - [2025-11-28T11:38:10.552+0000] {dag.py:3036} INFO - Sync 1 DAGs
[2025-11-28T11:38:10.614+0000] {logging_mixin.py:188} INFO - [2025-11-28T11:38:10.613+0000] {dag.py:3823} INFO - Setting next_dagrun for dbt_transforms to None, run_after=None
[2025-11-28T11:38:10.688+0000] {processor.py:183} INFO - Processing /opt/airflow/dags/011_dbt_transforms.py took 0.277 seconds
[2025-11-28T11:38:41.043+0000] {processor.py:161} INFO - Started process (PID=7827) to work on /opt/airflow/dags/011_dbt_transforms.py
[2025-11-28T11:38:41.046+0000] {processor.py:830} INFO - Processing file /opt/airflow/dags/011_dbt_transforms.py for tasks to queue
[2025-11-28T11:38:41.048+0000] {logging_mixin.py:188} INFO - [2025-11-28T11:38:41.047+0000] {dagbag.py:538} INFO - Filling up the DagBag from /opt/airflow/dags/011_dbt_transforms.py
[2025-11-28T11:38:41.068+0000] {processor.py:840} INFO - DAG(s) 'dbt_transforms' retrieved from /opt/airflow/dags/011_dbt_transforms.py
[2025-11-28T11:38:41.129+0000] {logging_mixin.py:188} INFO - [2025-11-28T11:38:41.128+0000] {dag.py:3036} INFO - Sync 1 DAGs
[2025-11-28T11:38:41.173+0000] {logging_mixin.py:188} INFO - [2025-11-28T11:38:41.173+0000] {dag.py:3823} INFO - Setting next_dagrun for dbt_transforms to None, run_after=None
[2025-11-28T11:38:41.237+0000] {processor.py:183} INFO - Processing /opt/airflow/dags/011_dbt_transforms.py took 0.200 seconds
[2025-11-28T11:39:11.563+0000] {processor.py:161} INFO - Started process (PID=7876) to work on /opt/airflow/dags/011_dbt_transforms.py
[2025-11-28T11:39:11.565+0000] {processor.py:830} INFO - Processing file /opt/airflow/dags/011_dbt_transforms.py for tasks to queue
[2025-11-28T11:39:11.567+0000] {logging_mixin.py:188} INFO - [2025-11-28T11:39:11.566+0000] {dagbag.py:538} INFO - Filling up the DagBag from /opt/airflow/dags/011_dbt_transforms.py
[2025-11-28T11:39:11.587+0000] {processor.py:840} INFO - DAG(s) 'dbt_transforms' retrieved from /opt/airflow/dags/011_dbt_transforms.py
[2025-11-28T11:39:11.648+0000] {logging_mixin.py:188} INFO - [2025-11-28T11:39:11.648+0000] {dag.py:3036} INFO - Sync 1 DAGs
[2025-11-28T11:39:11.695+0000] {logging_mixin.py:188} INFO - [2025-11-28T11:39:11.695+0000] {dag.py:3823} INFO - Setting next_dagrun for dbt_transforms to None, run_after=None
[2025-11-28T11:39:11.747+0000] {processor.py:183} INFO - Processing /opt/airflow/dags/011_dbt_transforms.py took 0.190 seconds
[2025-11-28T11:39:42.287+0000] {processor.py:161} INFO - Started process (PID=7946) to work on /opt/airflow/dags/011_dbt_transforms.py
[2025-11-28T11:39:42.289+0000] {processor.py:830} INFO - Processing file /opt/airflow/dags/011_dbt_transforms.py for tasks to queue
[2025-11-28T11:39:42.292+0000] {logging_mixin.py:188} INFO - [2025-11-28T11:39:42.291+0000] {dagbag.py:538} INFO - Filling up the DagBag from /opt/airflow/dags/011_dbt_transforms.py
[2025-11-28T11:39:42.316+0000] {processor.py:840} INFO - DAG(s) 'dbt_transforms' retrieved from /opt/airflow/dags/011_dbt_transforms.py
[2025-11-28T11:39:42.375+0000] {logging_mixin.py:188} INFO - [2025-11-28T11:39:42.374+0000] {dag.py:3036} INFO - Sync 1 DAGs
[2025-11-28T11:39:42.428+0000] {logging_mixin.py:188} INFO - [2025-11-28T11:39:42.427+0000] {dag.py:3823} INFO - Setting next_dagrun for dbt_transforms to None, run_after=None
[2025-11-28T11:39:42.490+0000] {processor.py:183} INFO - Processing /opt/airflow/dags/011_dbt_transforms.py took 0.210 seconds
[2025-11-28T11:40:12.745+0000] {processor.py:161} INFO - Started process (PID=8016) to work on /opt/airflow/dags/011_dbt_transforms.py
[2025-11-28T11:40:12.748+0000] {processor.py:830} INFO - Processing file /opt/airflow/dags/011_dbt_transforms.py for tasks to queue
[2025-11-28T11:40:12.751+0000] {logging_mixin.py:188} INFO - [2025-11-28T11:40:12.750+0000] {dagbag.py:538} INFO - Filling up the DagBag from /opt/airflow/dags/011_dbt_transforms.py
[2025-11-28T11:40:12.783+0000] {processor.py:840} INFO - DAG(s) 'dbt_transforms' retrieved from /opt/airflow/dags/011_dbt_transforms.py
[2025-11-28T11:40:12.875+0000] {logging_mixin.py:188} INFO - [2025-11-28T11:40:12.874+0000] {dag.py:3036} INFO - Sync 1 DAGs
[2025-11-28T11:40:12.979+0000] {logging_mixin.py:188} INFO - [2025-11-28T11:40:12.977+0000] {dag.py:3823} INFO - Setting next_dagrun for dbt_transforms to None, run_after=None
[2025-11-28T11:40:13.125+0000] {processor.py:183} INFO - Processing /opt/airflow/dags/011_dbt_transforms.py took 0.389 seconds
[2025-11-28T11:40:43.225+0000] {processor.py:161} INFO - Started process (PID=8086) to work on /opt/airflow/dags/011_dbt_transforms.py
[2025-11-28T11:40:43.227+0000] {processor.py:830} INFO - Processing file /opt/airflow/dags/011_dbt_transforms.py for tasks to queue
[2025-11-28T11:40:43.229+0000] {logging_mixin.py:188} INFO - [2025-11-28T11:40:43.229+0000] {dagbag.py:538} INFO - Filling up the DagBag from /opt/airflow/dags/011_dbt_transforms.py
[2025-11-28T11:40:43.249+0000] {processor.py:840} INFO - DAG(s) 'dbt_transforms' retrieved from /opt/airflow/dags/011_dbt_transforms.py
[2025-11-28T11:40:43.319+0000] {logging_mixin.py:188} INFO - [2025-11-28T11:40:43.319+0000] {dag.py:3036} INFO - Sync 1 DAGs
[2025-11-28T11:40:43.362+0000] {logging_mixin.py:188} INFO - [2025-11-28T11:40:43.362+0000] {dag.py:3823} INFO - Setting next_dagrun for dbt_transforms to None, run_after=None
[2025-11-28T11:40:43.415+0000] {processor.py:183} INFO - Processing /opt/airflow/dags/011_dbt_transforms.py took 0.197 seconds
[2025-11-28T11:41:13.778+0000] {processor.py:161} INFO - Started process (PID=8156) to work on /opt/airflow/dags/011_dbt_transforms.py
[2025-11-28T11:41:13.780+0000] {processor.py:830} INFO - Processing file /opt/airflow/dags/011_dbt_transforms.py for tasks to queue
[2025-11-28T11:41:13.782+0000] {logging_mixin.py:188} INFO - [2025-11-28T11:41:13.782+0000] {dagbag.py:538} INFO - Filling up the DagBag from /opt/airflow/dags/011_dbt_transforms.py
[2025-11-28T11:41:13.802+0000] {processor.py:840} INFO - DAG(s) 'dbt_transforms' retrieved from /opt/airflow/dags/011_dbt_transforms.py
[2025-11-28T11:41:13.869+0000] {logging_mixin.py:188} INFO - [2025-11-28T11:41:13.868+0000] {dag.py:3036} INFO - Sync 1 DAGs
[2025-11-28T11:41:13.910+0000] {logging_mixin.py:188} INFO - [2025-11-28T11:41:13.910+0000] {dag.py:3823} INFO - Setting next_dagrun for dbt_transforms to None, run_after=None
[2025-11-28T11:41:13.974+0000] {processor.py:183} INFO - Processing /opt/airflow/dags/011_dbt_transforms.py took 0.204 seconds
[2025-11-28T11:41:44.348+0000] {processor.py:161} INFO - Started process (PID=8223) to work on /opt/airflow/dags/011_dbt_transforms.py
[2025-11-28T11:41:44.350+0000] {processor.py:830} INFO - Processing file /opt/airflow/dags/011_dbt_transforms.py for tasks to queue
[2025-11-28T11:41:44.351+0000] {logging_mixin.py:188} INFO - [2025-11-28T11:41:44.351+0000] {dagbag.py:538} INFO - Filling up the DagBag from /opt/airflow/dags/011_dbt_transforms.py
[2025-11-28T11:41:44.370+0000] {processor.py:840} INFO - DAG(s) 'dbt_transforms' retrieved from /opt/airflow/dags/011_dbt_transforms.py
[2025-11-28T11:41:44.436+0000] {logging_mixin.py:188} INFO - [2025-11-28T11:41:44.436+0000] {dag.py:3036} INFO - Sync 1 DAGs
[2025-11-28T11:41:44.488+0000] {logging_mixin.py:188} INFO - [2025-11-28T11:41:44.487+0000] {dag.py:3823} INFO - Setting next_dagrun for dbt_transforms to None, run_after=None
[2025-11-28T11:41:44.596+0000] {processor.py:183} INFO - Processing /opt/airflow/dags/011_dbt_transforms.py took 0.254 seconds
[2025-11-28T11:42:14.771+0000] {processor.py:161} INFO - Started process (PID=8272) to work on /opt/airflow/dags/011_dbt_transforms.py
[2025-11-28T11:42:14.774+0000] {processor.py:830} INFO - Processing file /opt/airflow/dags/011_dbt_transforms.py for tasks to queue
[2025-11-28T11:42:14.776+0000] {logging_mixin.py:188} INFO - [2025-11-28T11:42:14.776+0000] {dagbag.py:538} INFO - Filling up the DagBag from /opt/airflow/dags/011_dbt_transforms.py
[2025-11-28T11:42:14.802+0000] {processor.py:840} INFO - DAG(s) 'dbt_transforms' retrieved from /opt/airflow/dags/011_dbt_transforms.py
[2025-11-28T11:42:14.875+0000] {logging_mixin.py:188} INFO - [2025-11-28T11:42:14.875+0000] {dag.py:3036} INFO - Sync 1 DAGs
[2025-11-28T11:42:14.960+0000] {logging_mixin.py:188} INFO - [2025-11-28T11:42:14.958+0000] {dag.py:3823} INFO - Setting next_dagrun for dbt_transforms to None, run_after=None
[2025-11-28T11:42:15.040+0000] {processor.py:183} INFO - Processing /opt/airflow/dags/011_dbt_transforms.py took 0.277 seconds
[2025-11-28T11:42:45.396+0000] {processor.py:161} INFO - Started process (PID=8342) to work on /opt/airflow/dags/011_dbt_transforms.py
[2025-11-28T11:42:45.398+0000] {processor.py:830} INFO - Processing file /opt/airflow/dags/011_dbt_transforms.py for tasks to queue
[2025-11-28T11:42:45.400+0000] {logging_mixin.py:188} INFO - [2025-11-28T11:42:45.399+0000] {dagbag.py:538} INFO - Filling up the DagBag from /opt/airflow/dags/011_dbt_transforms.py
[2025-11-28T11:42:45.420+0000] {processor.py:840} INFO - DAG(s) 'dbt_transforms' retrieved from /opt/airflow/dags/011_dbt_transforms.py
[2025-11-28T11:42:45.482+0000] {logging_mixin.py:188} INFO - [2025-11-28T11:42:45.482+0000] {dag.py:3036} INFO - Sync 1 DAGs
[2025-11-28T11:42:45.525+0000] {logging_mixin.py:188} INFO - [2025-11-28T11:42:45.525+0000] {dag.py:3823} INFO - Setting next_dagrun for dbt_transforms to None, run_after=None
[2025-11-28T11:42:45.592+0000] {processor.py:183} INFO - Processing /opt/airflow/dags/011_dbt_transforms.py took 0.203 seconds
[2025-11-28T11:43:15.930+0000] {processor.py:161} INFO - Started process (PID=8412) to work on /opt/airflow/dags/011_dbt_transforms.py
[2025-11-28T11:43:15.933+0000] {processor.py:830} INFO - Processing file /opt/airflow/dags/011_dbt_transforms.py for tasks to queue
[2025-11-28T11:43:15.935+0000] {logging_mixin.py:188} INFO - [2025-11-28T11:43:15.935+0000] {dagbag.py:538} INFO - Filling up the DagBag from /opt/airflow/dags/011_dbt_transforms.py
[2025-11-28T11:43:15.955+0000] {processor.py:840} INFO - DAG(s) 'dbt_transforms' retrieved from /opt/airflow/dags/011_dbt_transforms.py
[2025-11-28T11:43:16.021+0000] {logging_mixin.py:188} INFO - [2025-11-28T11:43:16.020+0000] {dag.py:3036} INFO - Sync 1 DAGs
[2025-11-28T11:43:16.069+0000] {logging_mixin.py:188} INFO - [2025-11-28T11:43:16.068+0000] {dag.py:3823} INFO - Setting next_dagrun for dbt_transforms to None, run_after=None
[2025-11-28T11:43:16.144+0000] {processor.py:183} INFO - Processing /opt/airflow/dags/011_dbt_transforms.py took 0.221 seconds
[2025-11-28T11:43:46.488+0000] {processor.py:161} INFO - Started process (PID=8482) to work on /opt/airflow/dags/011_dbt_transforms.py
[2025-11-28T11:43:46.490+0000] {processor.py:830} INFO - Processing file /opt/airflow/dags/011_dbt_transforms.py for tasks to queue
[2025-11-28T11:43:46.492+0000] {logging_mixin.py:188} INFO - [2025-11-28T11:43:46.491+0000] {dagbag.py:538} INFO - Filling up the DagBag from /opt/airflow/dags/011_dbt_transforms.py
[2025-11-28T11:43:46.513+0000] {processor.py:840} INFO - DAG(s) 'dbt_transforms' retrieved from /opt/airflow/dags/011_dbt_transforms.py
[2025-11-28T11:43:46.575+0000] {logging_mixin.py:188} INFO - [2025-11-28T11:43:46.574+0000] {dag.py:3036} INFO - Sync 1 DAGs
[2025-11-28T11:43:46.637+0000] {logging_mixin.py:188} INFO - [2025-11-28T11:43:46.637+0000] {dag.py:3823} INFO - Setting next_dagrun for dbt_transforms to None, run_after=None
[2025-11-28T11:43:46.698+0000] {processor.py:183} INFO - Processing /opt/airflow/dags/011_dbt_transforms.py took 0.217 seconds
[2025-11-28T11:44:17.159+0000] {processor.py:161} INFO - Started process (PID=8552) to work on /opt/airflow/dags/011_dbt_transforms.py
[2025-11-28T11:44:17.162+0000] {processor.py:830} INFO - Processing file /opt/airflow/dags/011_dbt_transforms.py for tasks to queue
[2025-11-28T11:44:17.164+0000] {logging_mixin.py:188} INFO - [2025-11-28T11:44:17.163+0000] {dagbag.py:538} INFO - Filling up the DagBag from /opt/airflow/dags/011_dbt_transforms.py
[2025-11-28T11:44:17.185+0000] {processor.py:840} INFO - DAG(s) 'dbt_transforms' retrieved from /opt/airflow/dags/011_dbt_transforms.py
[2025-11-28T11:44:17.249+0000] {logging_mixin.py:188} INFO - [2025-11-28T11:44:17.248+0000] {dag.py:3036} INFO - Sync 1 DAGs
[2025-11-28T11:44:17.294+0000] {logging_mixin.py:188} INFO - [2025-11-28T11:44:17.293+0000] {dag.py:3823} INFO - Setting next_dagrun for dbt_transforms to None, run_after=None
[2025-11-28T11:44:17.361+0000] {processor.py:183} INFO - Processing /opt/airflow/dags/011_dbt_transforms.py took 0.209 seconds
[2025-11-28T11:44:48.057+0000] {processor.py:161} INFO - Started process (PID=8619) to work on /opt/airflow/dags/011_dbt_transforms.py
[2025-11-28T11:44:48.059+0000] {processor.py:830} INFO - Processing file /opt/airflow/dags/011_dbt_transforms.py for tasks to queue
[2025-11-28T11:44:48.063+0000] {logging_mixin.py:188} INFO - [2025-11-28T11:44:48.061+0000] {dagbag.py:538} INFO - Filling up the DagBag from /opt/airflow/dags/011_dbt_transforms.py
[2025-11-28T11:44:48.085+0000] {processor.py:840} INFO - DAG(s) 'dbt_transforms' retrieved from /opt/airflow/dags/011_dbt_transforms.py
[2025-11-28T11:44:48.151+0000] {logging_mixin.py:188} INFO - [2025-11-28T11:44:48.150+0000] {dag.py:3036} INFO - Sync 1 DAGs
[2025-11-28T11:44:48.197+0000] {logging_mixin.py:188} INFO - [2025-11-28T11:44:48.195+0000] {dag.py:3823} INFO - Setting next_dagrun for dbt_transforms to None, run_after=None
[2025-11-28T11:44:48.265+0000] {processor.py:183} INFO - Processing /opt/airflow/dags/011_dbt_transforms.py took 0.214 seconds
[2025-11-28T11:45:18.494+0000] {processor.py:161} INFO - Started process (PID=8668) to work on /opt/airflow/dags/011_dbt_transforms.py
[2025-11-28T11:45:18.497+0000] {processor.py:830} INFO - Processing file /opt/airflow/dags/011_dbt_transforms.py for tasks to queue
[2025-11-28T11:45:18.499+0000] {logging_mixin.py:188} INFO - [2025-11-28T11:45:18.498+0000] {dagbag.py:538} INFO - Filling up the DagBag from /opt/airflow/dags/011_dbt_transforms.py
[2025-11-28T11:45:18.519+0000] {processor.py:840} INFO - DAG(s) 'dbt_transforms' retrieved from /opt/airflow/dags/011_dbt_transforms.py
[2025-11-28T11:45:18.579+0000] {logging_mixin.py:188} INFO - [2025-11-28T11:45:18.579+0000] {dag.py:3036} INFO - Sync 1 DAGs
[2025-11-28T11:45:18.625+0000] {logging_mixin.py:188} INFO - [2025-11-28T11:45:18.625+0000] {dag.py:3823} INFO - Setting next_dagrun for dbt_transforms to None, run_after=None
[2025-11-28T11:45:18.688+0000] {processor.py:183} INFO - Processing /opt/airflow/dags/011_dbt_transforms.py took 0.201 seconds
[2025-11-28T11:45:48.888+0000] {processor.py:161} INFO - Started process (PID=8738) to work on /opt/airflow/dags/011_dbt_transforms.py
[2025-11-28T11:45:48.890+0000] {processor.py:830} INFO - Processing file /opt/airflow/dags/011_dbt_transforms.py for tasks to queue
[2025-11-28T11:45:48.892+0000] {logging_mixin.py:188} INFO - [2025-11-28T11:45:48.892+0000] {dagbag.py:538} INFO - Filling up the DagBag from /opt/airflow/dags/011_dbt_transforms.py
[2025-11-28T11:45:48.912+0000] {processor.py:840} INFO - DAG(s) 'dbt_transforms' retrieved from /opt/airflow/dags/011_dbt_transforms.py
[2025-11-28T11:45:48.973+0000] {logging_mixin.py:188} INFO - [2025-11-28T11:45:48.972+0000] {dag.py:3036} INFO - Sync 1 DAGs
[2025-11-28T11:45:49.025+0000] {logging_mixin.py:188} INFO - [2025-11-28T11:45:49.024+0000] {dag.py:3823} INFO - Setting next_dagrun for dbt_transforms to None, run_after=None
[2025-11-28T11:45:49.125+0000] {processor.py:183} INFO - Processing /opt/airflow/dags/011_dbt_transforms.py took 0.243 seconds
[2025-11-28T11:46:19.509+0000] {processor.py:161} INFO - Started process (PID=8808) to work on /opt/airflow/dags/011_dbt_transforms.py
[2025-11-28T11:46:19.511+0000] {processor.py:830} INFO - Processing file /opt/airflow/dags/011_dbt_transforms.py for tasks to queue
[2025-11-28T11:46:19.513+0000] {logging_mixin.py:188} INFO - [2025-11-28T11:46:19.513+0000] {dagbag.py:538} INFO - Filling up the DagBag from /opt/airflow/dags/011_dbt_transforms.py
[2025-11-28T11:46:19.538+0000] {processor.py:840} INFO - DAG(s) 'dbt_transforms' retrieved from /opt/airflow/dags/011_dbt_transforms.py
[2025-11-28T11:46:19.603+0000] {logging_mixin.py:188} INFO - [2025-11-28T11:46:19.603+0000] {dag.py:3036} INFO - Sync 1 DAGs
[2025-11-28T11:46:19.648+0000] {logging_mixin.py:188} INFO - [2025-11-28T11:46:19.648+0000] {dag.py:3823} INFO - Setting next_dagrun for dbt_transforms to None, run_after=None
[2025-11-28T11:46:19.711+0000] {processor.py:183} INFO - Processing /opt/airflow/dags/011_dbt_transforms.py took 0.208 seconds
[2025-11-28T11:46:50.044+0000] {processor.py:161} INFO - Started process (PID=8876) to work on /opt/airflow/dags/011_dbt_transforms.py
[2025-11-28T11:46:50.047+0000] {processor.py:830} INFO - Processing file /opt/airflow/dags/011_dbt_transforms.py for tasks to queue
[2025-11-28T11:46:50.050+0000] {logging_mixin.py:188} INFO - [2025-11-28T11:46:50.049+0000] {dagbag.py:538} INFO - Filling up the DagBag from /opt/airflow/dags/011_dbt_transforms.py
[2025-11-28T11:46:50.075+0000] {processor.py:840} INFO - DAG(s) 'dbt_transforms' retrieved from /opt/airflow/dags/011_dbt_transforms.py
[2025-11-28T11:46:50.136+0000] {logging_mixin.py:188} INFO - [2025-11-28T11:46:50.135+0000] {dag.py:3036} INFO - Sync 1 DAGs
[2025-11-28T11:46:50.183+0000] {logging_mixin.py:188} INFO - [2025-11-28T11:46:50.182+0000] {dag.py:3823} INFO - Setting next_dagrun for dbt_transforms to None, run_after=None
[2025-11-28T11:46:50.244+0000] {processor.py:183} INFO - Processing /opt/airflow/dags/011_dbt_transforms.py took 0.208 seconds
[2025-11-28T11:47:20.561+0000] {processor.py:161} INFO - Started process (PID=8927) to work on /opt/airflow/dags/011_dbt_transforms.py
[2025-11-28T11:47:20.563+0000] {processor.py:830} INFO - Processing file /opt/airflow/dags/011_dbt_transforms.py for tasks to queue
[2025-11-28T11:47:20.566+0000] {logging_mixin.py:188} INFO - [2025-11-28T11:47:20.565+0000] {dagbag.py:538} INFO - Filling up the DagBag from /opt/airflow/dags/011_dbt_transforms.py
[2025-11-28T11:47:20.586+0000] {processor.py:840} INFO - DAG(s) 'dbt_transforms' retrieved from /opt/airflow/dags/011_dbt_transforms.py
[2025-11-28T11:47:20.650+0000] {logging_mixin.py:188} INFO - [2025-11-28T11:47:20.649+0000] {dag.py:3036} INFO - Sync 1 DAGs
[2025-11-28T11:47:20.698+0000] {logging_mixin.py:188} INFO - [2025-11-28T11:47:20.698+0000] {dag.py:3823} INFO - Setting next_dagrun for dbt_transforms to None, run_after=None
[2025-11-28T11:47:20.764+0000] {processor.py:183} INFO - Processing /opt/airflow/dags/011_dbt_transforms.py took 0.213 seconds
[2025-11-28T11:47:50.873+0000] {processor.py:161} INFO - Started process (PID=8994) to work on /opt/airflow/dags/011_dbt_transforms.py
[2025-11-28T11:47:50.875+0000] {processor.py:830} INFO - Processing file /opt/airflow/dags/011_dbt_transforms.py for tasks to queue
[2025-11-28T11:47:50.877+0000] {logging_mixin.py:188} INFO - [2025-11-28T11:47:50.876+0000] {dagbag.py:538} INFO - Filling up the DagBag from /opt/airflow/dags/011_dbt_transforms.py
[2025-11-28T11:47:50.899+0000] {processor.py:840} INFO - DAG(s) 'dbt_transforms' retrieved from /opt/airflow/dags/011_dbt_transforms.py
[2025-11-28T11:47:50.975+0000] {logging_mixin.py:188} INFO - [2025-11-28T11:47:50.974+0000] {dag.py:3036} INFO - Sync 1 DAGs
[2025-11-28T11:47:51.028+0000] {logging_mixin.py:188} INFO - [2025-11-28T11:47:51.028+0000] {dag.py:3823} INFO - Setting next_dagrun for dbt_transforms to None, run_after=None
[2025-11-28T11:47:51.097+0000] {processor.py:183} INFO - Processing /opt/airflow/dags/011_dbt_transforms.py took 0.230 seconds
[2025-11-28T11:48:21.716+0000] {processor.py:161} INFO - Started process (PID=9043) to work on /opt/airflow/dags/011_dbt_transforms.py
[2025-11-28T11:48:21.718+0000] {processor.py:830} INFO - Processing file /opt/airflow/dags/011_dbt_transforms.py for tasks to queue
[2025-11-28T11:48:21.720+0000] {logging_mixin.py:188} INFO - [2025-11-28T11:48:21.719+0000] {dagbag.py:538} INFO - Filling up the DagBag from /opt/airflow/dags/011_dbt_transforms.py
[2025-11-28T11:48:21.741+0000] {processor.py:840} INFO - DAG(s) 'dbt_transforms' retrieved from /opt/airflow/dags/011_dbt_transforms.py
[2025-11-28T11:48:21.807+0000] {logging_mixin.py:188} INFO - [2025-11-28T11:48:21.807+0000] {dag.py:3036} INFO - Sync 1 DAGs
[2025-11-28T11:48:21.869+0000] {logging_mixin.py:188} INFO - [2025-11-28T11:48:21.868+0000] {dag.py:3823} INFO - Setting next_dagrun for dbt_transforms to None, run_after=None
[2025-11-28T11:48:21.924+0000] {processor.py:183} INFO - Processing /opt/airflow/dags/011_dbt_transforms.py took 0.215 seconds
[2025-11-28T11:48:52.615+0000] {processor.py:161} INFO - Started process (PID=9113) to work on /opt/airflow/dags/011_dbt_transforms.py
[2025-11-28T11:48:52.617+0000] {processor.py:830} INFO - Processing file /opt/airflow/dags/011_dbt_transforms.py for tasks to queue
[2025-11-28T11:48:52.620+0000] {logging_mixin.py:188} INFO - [2025-11-28T11:48:52.619+0000] {dagbag.py:538} INFO - Filling up the DagBag from /opt/airflow/dags/011_dbt_transforms.py
[2025-11-28T11:48:52.639+0000] {processor.py:840} INFO - DAG(s) 'dbt_transforms' retrieved from /opt/airflow/dags/011_dbt_transforms.py
[2025-11-28T11:48:52.698+0000] {logging_mixin.py:188} INFO - [2025-11-28T11:48:52.697+0000] {dag.py:3036} INFO - Sync 1 DAGs
[2025-11-28T11:48:52.774+0000] {logging_mixin.py:188} INFO - [2025-11-28T11:48:52.773+0000] {dag.py:3823} INFO - Setting next_dagrun for dbt_transforms to None, run_after=None
[2025-11-28T11:48:52.873+0000] {processor.py:183} INFO - Processing /opt/airflow/dags/011_dbt_transforms.py took 0.264 seconds
[2025-11-28T11:49:23.602+0000] {processor.py:161} INFO - Started process (PID=9183) to work on /opt/airflow/dags/011_dbt_transforms.py
[2025-11-28T11:49:23.614+0000] {processor.py:830} INFO - Processing file /opt/airflow/dags/011_dbt_transforms.py for tasks to queue
[2025-11-28T11:49:23.616+0000] {logging_mixin.py:188} INFO - [2025-11-28T11:49:23.616+0000] {dagbag.py:538} INFO - Filling up the DagBag from /opt/airflow/dags/011_dbt_transforms.py
[2025-11-28T11:49:23.644+0000] {processor.py:840} INFO - DAG(s) 'dbt_transforms' retrieved from /opt/airflow/dags/011_dbt_transforms.py
[2025-11-28T11:49:23.722+0000] {logging_mixin.py:188} INFO - [2025-11-28T11:49:23.721+0000] {dag.py:3036} INFO - Sync 1 DAGs
[2025-11-28T11:49:23.782+0000] {logging_mixin.py:188} INFO - [2025-11-28T11:49:23.782+0000] {dag.py:3823} INFO - Setting next_dagrun for dbt_transforms to None, run_after=None
[2025-11-28T11:49:23.847+0000] {processor.py:183} INFO - Processing /opt/airflow/dags/011_dbt_transforms.py took 0.252 seconds
[2025-11-28T11:49:54.590+0000] {processor.py:161} INFO - Started process (PID=9253) to work on /opt/airflow/dags/011_dbt_transforms.py
[2025-11-28T11:49:54.593+0000] {processor.py:830} INFO - Processing file /opt/airflow/dags/011_dbt_transforms.py for tasks to queue
[2025-11-28T11:49:54.597+0000] {logging_mixin.py:188} INFO - [2025-11-28T11:49:54.595+0000] {dagbag.py:538} INFO - Filling up the DagBag from /opt/airflow/dags/011_dbt_transforms.py
[2025-11-28T11:49:54.628+0000] {processor.py:840} INFO - DAG(s) 'dbt_transforms' retrieved from /opt/airflow/dags/011_dbt_transforms.py
[2025-11-28T11:49:54.707+0000] {logging_mixin.py:188} INFO - [2025-11-28T11:49:54.707+0000] {dag.py:3036} INFO - Sync 1 DAGs
[2025-11-28T11:49:54.759+0000] {logging_mixin.py:188} INFO - [2025-11-28T11:49:54.759+0000] {dag.py:3823} INFO - Setting next_dagrun for dbt_transforms to None, run_after=None
[2025-11-28T11:49:54.839+0000] {processor.py:183} INFO - Processing /opt/airflow/dags/011_dbt_transforms.py took 0.262 seconds
[2025-11-28T11:50:25.688+0000] {processor.py:161} INFO - Started process (PID=9323) to work on /opt/airflow/dags/011_dbt_transforms.py
[2025-11-28T11:50:25.690+0000] {processor.py:830} INFO - Processing file /opt/airflow/dags/011_dbt_transforms.py for tasks to queue
[2025-11-28T11:50:25.692+0000] {logging_mixin.py:188} INFO - [2025-11-28T11:50:25.691+0000] {dagbag.py:538} INFO - Filling up the DagBag from /opt/airflow/dags/011_dbt_transforms.py
[2025-11-28T11:50:25.709+0000] {processor.py:840} INFO - DAG(s) 'dbt_transforms' retrieved from /opt/airflow/dags/011_dbt_transforms.py
[2025-11-28T11:50:25.772+0000] {logging_mixin.py:188} INFO - [2025-11-28T11:50:25.772+0000] {dag.py:3036} INFO - Sync 1 DAGs
[2025-11-28T11:50:25.814+0000] {logging_mixin.py:188} INFO - [2025-11-28T11:50:25.814+0000] {dag.py:3823} INFO - Setting next_dagrun for dbt_transforms to None, run_after=None
[2025-11-28T11:50:25.882+0000] {processor.py:183} INFO - Processing /opt/airflow/dags/011_dbt_transforms.py took 0.201 seconds
[2025-11-28T11:50:56.074+0000] {processor.py:161} INFO - Started process (PID=9393) to work on /opt/airflow/dags/011_dbt_transforms.py
[2025-11-28T11:50:56.075+0000] {processor.py:830} INFO - Processing file /opt/airflow/dags/011_dbt_transforms.py for tasks to queue
[2025-11-28T11:50:56.077+0000] {logging_mixin.py:188} INFO - [2025-11-28T11:50:56.077+0000] {dagbag.py:538} INFO - Filling up the DagBag from /opt/airflow/dags/011_dbt_transforms.py
[2025-11-28T11:50:56.096+0000] {processor.py:840} INFO - DAG(s) 'dbt_transforms' retrieved from /opt/airflow/dags/011_dbt_transforms.py
[2025-11-28T11:50:56.149+0000] {logging_mixin.py:188} INFO - [2025-11-28T11:50:56.148+0000] {dag.py:3036} INFO - Sync 1 DAGs
[2025-11-28T11:50:56.187+0000] {logging_mixin.py:188} INFO - [2025-11-28T11:50:56.187+0000] {dag.py:3823} INFO - Setting next_dagrun for dbt_transforms to None, run_after=None
[2025-11-28T11:50:56.245+0000] {processor.py:183} INFO - Processing /opt/airflow/dags/011_dbt_transforms.py took 0.178 seconds
[2025-11-28T11:51:26.419+0000] {processor.py:161} INFO - Started process (PID=9442) to work on /opt/airflow/dags/011_dbt_transforms.py
[2025-11-28T11:51:26.421+0000] {processor.py:830} INFO - Processing file /opt/airflow/dags/011_dbt_transforms.py for tasks to queue
[2025-11-28T11:51:26.424+0000] {logging_mixin.py:188} INFO - [2025-11-28T11:51:26.423+0000] {dagbag.py:538} INFO - Filling up the DagBag from /opt/airflow/dags/011_dbt_transforms.py
[2025-11-28T11:51:26.447+0000] {processor.py:840} INFO - DAG(s) 'dbt_transforms' retrieved from /opt/airflow/dags/011_dbt_transforms.py
[2025-11-28T11:51:26.537+0000] {logging_mixin.py:188} INFO - [2025-11-28T11:51:26.536+0000] {dag.py:3036} INFO - Sync 1 DAGs
[2025-11-28T11:51:26.603+0000] {logging_mixin.py:188} INFO - [2025-11-28T11:51:26.602+0000] {dag.py:3823} INFO - Setting next_dagrun for dbt_transforms to None, run_after=None
[2025-11-28T11:51:26.686+0000] {processor.py:183} INFO - Processing /opt/airflow/dags/011_dbt_transforms.py took 0.275 seconds
[2025-11-28T11:51:57.289+0000] {processor.py:161} INFO - Started process (PID=9509) to work on /opt/airflow/dags/011_dbt_transforms.py
[2025-11-28T11:51:57.293+0000] {processor.py:830} INFO - Processing file /opt/airflow/dags/011_dbt_transforms.py for tasks to queue
[2025-11-28T11:51:57.297+0000] {logging_mixin.py:188} INFO - [2025-11-28T11:51:57.296+0000] {dagbag.py:538} INFO - Filling up the DagBag from /opt/airflow/dags/011_dbt_transforms.py
[2025-11-28T11:51:57.327+0000] {processor.py:840} INFO - DAG(s) 'dbt_transforms' retrieved from /opt/airflow/dags/011_dbt_transforms.py
[2025-11-28T11:51:57.405+0000] {logging_mixin.py:188} INFO - [2025-11-28T11:51:57.405+0000] {dag.py:3036} INFO - Sync 1 DAGs
[2025-11-28T11:51:57.460+0000] {logging_mixin.py:188} INFO - [2025-11-28T11:51:57.459+0000] {dag.py:3823} INFO - Setting next_dagrun for dbt_transforms to None, run_after=None
[2025-11-28T11:51:57.534+0000] {processor.py:183} INFO - Processing /opt/airflow/dags/011_dbt_transforms.py took 0.253 seconds
[2025-11-28T11:52:27.961+0000] {processor.py:161} INFO - Started process (PID=9579) to work on /opt/airflow/dags/011_dbt_transforms.py
[2025-11-28T11:52:27.964+0000] {processor.py:830} INFO - Processing file /opt/airflow/dags/011_dbt_transforms.py for tasks to queue
[2025-11-28T11:52:27.965+0000] {logging_mixin.py:188} INFO - [2025-11-28T11:52:27.965+0000] {dagbag.py:538} INFO - Filling up the DagBag from /opt/airflow/dags/011_dbt_transforms.py
[2025-11-28T11:52:27.984+0000] {processor.py:840} INFO - DAG(s) 'dbt_transforms' retrieved from /opt/airflow/dags/011_dbt_transforms.py
[2025-11-28T11:52:28.045+0000] {logging_mixin.py:188} INFO - [2025-11-28T11:52:28.044+0000] {dag.py:3036} INFO - Sync 1 DAGs
[2025-11-28T11:52:28.092+0000] {logging_mixin.py:188} INFO - [2025-11-28T11:52:28.091+0000] {dag.py:3823} INFO - Setting next_dagrun for dbt_transforms to None, run_after=None
[2025-11-28T11:52:28.157+0000] {processor.py:183} INFO - Processing /opt/airflow/dags/011_dbt_transforms.py took 0.202 seconds
[2025-11-28T11:52:58.319+0000] {processor.py:161} INFO - Started process (PID=9649) to work on /opt/airflow/dags/011_dbt_transforms.py
[2025-11-28T11:52:58.321+0000] {processor.py:830} INFO - Processing file /opt/airflow/dags/011_dbt_transforms.py for tasks to queue
[2025-11-28T11:52:58.332+0000] {logging_mixin.py:188} INFO - [2025-11-28T11:52:58.331+0000] {dagbag.py:538} INFO - Filling up the DagBag from /opt/airflow/dags/011_dbt_transforms.py
[2025-11-28T11:52:58.352+0000] {processor.py:840} INFO - DAG(s) 'dbt_transforms' retrieved from /opt/airflow/dags/011_dbt_transforms.py
[2025-11-28T11:52:58.407+0000] {logging_mixin.py:188} INFO - [2025-11-28T11:52:58.407+0000] {dag.py:3036} INFO - Sync 1 DAGs
[2025-11-28T11:52:58.448+0000] {logging_mixin.py:188} INFO - [2025-11-28T11:52:58.447+0000] {dag.py:3823} INFO - Setting next_dagrun for dbt_transforms to None, run_after=None
[2025-11-28T11:52:58.515+0000] {processor.py:183} INFO - Processing /opt/airflow/dags/011_dbt_transforms.py took 0.202 seconds
[2025-11-28T11:53:29.434+0000] {processor.py:161} INFO - Started process (PID=9719) to work on /opt/airflow/dags/011_dbt_transforms.py
[2025-11-28T11:53:29.436+0000] {processor.py:830} INFO - Processing file /opt/airflow/dags/011_dbt_transforms.py for tasks to queue
[2025-11-28T11:53:29.438+0000] {logging_mixin.py:188} INFO - [2025-11-28T11:53:29.438+0000] {dagbag.py:538} INFO - Filling up the DagBag from /opt/airflow/dags/011_dbt_transforms.py
[2025-11-28T11:53:29.458+0000] {processor.py:840} INFO - DAG(s) 'dbt_transforms' retrieved from /opt/airflow/dags/011_dbt_transforms.py
[2025-11-28T11:53:29.535+0000] {logging_mixin.py:188} INFO - [2025-11-28T11:53:29.534+0000] {dag.py:3036} INFO - Sync 1 DAGs
[2025-11-28T11:53:29.581+0000] {logging_mixin.py:188} INFO - [2025-11-28T11:53:29.581+0000] {dag.py:3823} INFO - Setting next_dagrun for dbt_transforms to None, run_after=None
[2025-11-28T11:53:29.902+0000] {processor.py:183} INFO - Processing /opt/airflow/dags/011_dbt_transforms.py took 0.475 seconds
[2025-11-28T11:54:00.407+0000] {processor.py:161} INFO - Started process (PID=9789) to work on /opt/airflow/dags/011_dbt_transforms.py
[2025-11-28T11:54:00.410+0000] {processor.py:830} INFO - Processing file /opt/airflow/dags/011_dbt_transforms.py for tasks to queue
[2025-11-28T11:54:00.412+0000] {logging_mixin.py:188} INFO - [2025-11-28T11:54:00.411+0000] {dagbag.py:538} INFO - Filling up the DagBag from /opt/airflow/dags/011_dbt_transforms.py
[2025-11-28T11:54:00.435+0000] {processor.py:840} INFO - DAG(s) 'dbt_transforms' retrieved from /opt/airflow/dags/011_dbt_transforms.py
[2025-11-28T11:54:00.528+0000] {logging_mixin.py:188} INFO - [2025-11-28T11:54:00.527+0000] {dag.py:3036} INFO - Sync 1 DAGs
[2025-11-28T11:54:00.578+0000] {logging_mixin.py:188} INFO - [2025-11-28T11:54:00.577+0000] {dag.py:3823} INFO - Setting next_dagrun for dbt_transforms to None, run_after=None
[2025-11-28T11:54:00.630+0000] {processor.py:183} INFO - Processing /opt/airflow/dags/011_dbt_transforms.py took 0.232 seconds
[2025-11-28T12:04:14.691+0000] {processor.py:161} INFO - Started process (PID=216) to work on /opt/airflow/dags/011_dbt_transforms.py
[2025-11-28T12:04:14.696+0000] {processor.py:830} INFO - Processing file /opt/airflow/dags/011_dbt_transforms.py for tasks to queue
[2025-11-28T12:04:14.703+0000] {logging_mixin.py:188} INFO - [2025-11-28T12:04:14.701+0000] {dagbag.py:538} INFO - Filling up the DagBag from /opt/airflow/dags/011_dbt_transforms.py
[2025-11-28T12:04:14.774+0000] {processor.py:840} INFO - DAG(s) 'dbt_transforms' retrieved from /opt/airflow/dags/011_dbt_transforms.py
[2025-11-28T12:04:14.929+0000] {logging_mixin.py:188} INFO - [2025-11-28T12:04:14.927+0000] {dag.py:3036} INFO - Sync 1 DAGs
[2025-11-28T12:04:15.037+0000] {logging_mixin.py:188} INFO - [2025-11-28T12:04:15.036+0000] {dag.py:3823} INFO - Setting next_dagrun for dbt_transforms to None, run_after=None
[2025-11-28T12:04:15.163+0000] {processor.py:183} INFO - Processing /opt/airflow/dags/011_dbt_transforms.py took 0.487 seconds
[2025-11-28T12:04:45.523+0000] {processor.py:161} INFO - Started process (PID=263) to work on /opt/airflow/dags/011_dbt_transforms.py
[2025-11-28T12:04:45.528+0000] {processor.py:830} INFO - Processing file /opt/airflow/dags/011_dbt_transforms.py for tasks to queue
[2025-11-28T12:04:45.537+0000] {logging_mixin.py:188} INFO - [2025-11-28T12:04:45.535+0000] {dagbag.py:538} INFO - Filling up the DagBag from /opt/airflow/dags/011_dbt_transforms.py
[2025-11-28T12:04:45.603+0000] {processor.py:840} INFO - DAG(s) 'dbt_transforms' retrieved from /opt/airflow/dags/011_dbt_transforms.py
[2025-11-28T12:04:45.688+0000] {logging_mixin.py:188} INFO - [2025-11-28T12:04:45.687+0000] {dag.py:3036} INFO - Sync 1 DAGs
[2025-11-28T12:04:45.821+0000] {logging_mixin.py:188} INFO - [2025-11-28T12:04:45.820+0000] {dag.py:3823} INFO - Setting next_dagrun for dbt_transforms to None, run_after=None
[2025-11-28T12:04:45.939+0000] {processor.py:183} INFO - Processing /opt/airflow/dags/011_dbt_transforms.py took 0.436 seconds
[2025-11-28T12:05:16.977+0000] {processor.py:161} INFO - Started process (PID=332) to work on /opt/airflow/dags/011_dbt_transforms.py
[2025-11-28T12:05:16.981+0000] {processor.py:830} INFO - Processing file /opt/airflow/dags/011_dbt_transforms.py for tasks to queue
[2025-11-28T12:05:16.986+0000] {logging_mixin.py:188} INFO - [2025-11-28T12:05:16.985+0000] {dagbag.py:538} INFO - Filling up the DagBag from /opt/airflow/dags/011_dbt_transforms.py
[2025-11-28T12:05:17.046+0000] {processor.py:840} INFO - DAG(s) 'dbt_transforms' retrieved from /opt/airflow/dags/011_dbt_transforms.py
[2025-11-28T12:05:17.543+0000] {logging_mixin.py:188} INFO - [2025-11-28T12:05:17.542+0000] {dag.py:3036} INFO - Sync 1 DAGs
[2025-11-28T12:05:17.629+0000] {logging_mixin.py:188} INFO - [2025-11-28T12:05:17.628+0000] {dag.py:3823} INFO - Setting next_dagrun for dbt_transforms to None, run_after=None
[2025-11-28T12:05:17.765+0000] {processor.py:183} INFO - Processing /opt/airflow/dags/011_dbt_transforms.py took 0.800 seconds
[2025-11-28T12:05:47.858+0000] {processor.py:161} INFO - Started process (PID=379) to work on /opt/airflow/dags/011_dbt_transforms.py
[2025-11-28T12:05:47.862+0000] {processor.py:830} INFO - Processing file /opt/airflow/dags/011_dbt_transforms.py for tasks to queue
[2025-11-28T12:05:47.867+0000] {logging_mixin.py:188} INFO - [2025-11-28T12:05:47.866+0000] {dagbag.py:538} INFO - Filling up the DagBag from /opt/airflow/dags/011_dbt_transforms.py
[2025-11-28T12:05:47.921+0000] {processor.py:840} INFO - DAG(s) 'dbt_transforms' retrieved from /opt/airflow/dags/011_dbt_transforms.py
[2025-11-28T12:05:48.041+0000] {logging_mixin.py:188} INFO - [2025-11-28T12:05:48.040+0000] {dag.py:3036} INFO - Sync 1 DAGs
[2025-11-28T12:05:48.135+0000] {logging_mixin.py:188} INFO - [2025-11-28T12:05:48.134+0000] {dag.py:3823} INFO - Setting next_dagrun for dbt_transforms to None, run_after=None
[2025-11-28T12:05:48.232+0000] {processor.py:183} INFO - Processing /opt/airflow/dags/011_dbt_transforms.py took 0.384 seconds
[2025-11-28T12:06:18.478+0000] {processor.py:161} INFO - Started process (PID=434) to work on /opt/airflow/dags/011_dbt_transforms.py
[2025-11-28T12:06:18.482+0000] {processor.py:830} INFO - Processing file /opt/airflow/dags/011_dbt_transforms.py for tasks to queue
[2025-11-28T12:06:18.486+0000] {logging_mixin.py:188} INFO - [2025-11-28T12:06:18.485+0000] {dagbag.py:538} INFO - Filling up the DagBag from /opt/airflow/dags/011_dbt_transforms.py
[2025-11-28T12:06:18.524+0000] {processor.py:840} INFO - DAG(s) 'dbt_transforms' retrieved from /opt/airflow/dags/011_dbt_transforms.py
[2025-11-28T12:06:18.645+0000] {logging_mixin.py:188} INFO - [2025-11-28T12:06:18.644+0000] {dag.py:3036} INFO - Sync 1 DAGs
[2025-11-28T12:06:18.703+0000] {logging_mixin.py:188} INFO - [2025-11-28T12:06:18.703+0000] {dag.py:3823} INFO - Setting next_dagrun for dbt_transforms to None, run_after=None
[2025-11-28T12:06:18.789+0000] {processor.py:183} INFO - Processing /opt/airflow/dags/011_dbt_transforms.py took 0.324 seconds
[2025-11-28T12:06:49.491+0000] {processor.py:161} INFO - Started process (PID=503) to work on /opt/airflow/dags/011_dbt_transforms.py
[2025-11-28T12:06:49.493+0000] {processor.py:830} INFO - Processing file /opt/airflow/dags/011_dbt_transforms.py for tasks to queue
[2025-11-28T12:06:49.495+0000] {logging_mixin.py:188} INFO - [2025-11-28T12:06:49.495+0000] {dagbag.py:538} INFO - Filling up the DagBag from /opt/airflow/dags/011_dbt_transforms.py
[2025-11-28T12:06:49.543+0000] {processor.py:840} INFO - DAG(s) 'dbt_transforms' retrieved from /opt/airflow/dags/011_dbt_transforms.py
[2025-11-28T12:06:49.634+0000] {logging_mixin.py:188} INFO - [2025-11-28T12:06:49.634+0000] {dag.py:3036} INFO - Sync 1 DAGs
[2025-11-28T12:06:49.692+0000] {logging_mixin.py:188} INFO - [2025-11-28T12:06:49.691+0000] {dag.py:3823} INFO - Setting next_dagrun for dbt_transforms to None, run_after=None
[2025-11-28T12:06:49.752+0000] {processor.py:183} INFO - Processing /opt/airflow/dags/011_dbt_transforms.py took 0.270 seconds
[2025-11-28T12:07:19.838+0000] {processor.py:161} INFO - Started process (PID=571) to work on /opt/airflow/dags/011_dbt_transforms.py
[2025-11-28T12:07:19.840+0000] {processor.py:830} INFO - Processing file /opt/airflow/dags/011_dbt_transforms.py for tasks to queue
[2025-11-28T12:07:19.844+0000] {logging_mixin.py:188} INFO - [2025-11-28T12:07:19.842+0000] {dagbag.py:538} INFO - Filling up the DagBag from /opt/airflow/dags/011_dbt_transforms.py
[2025-11-28T12:07:19.903+0000] {processor.py:840} INFO - DAG(s) 'dbt_transforms' retrieved from /opt/airflow/dags/011_dbt_transforms.py
[2025-11-28T12:07:20.020+0000] {logging_mixin.py:188} INFO - [2025-11-28T12:07:20.019+0000] {dag.py:3036} INFO - Sync 1 DAGs
[2025-11-28T12:07:20.072+0000] {logging_mixin.py:188} INFO - [2025-11-28T12:07:20.072+0000] {dag.py:3823} INFO - Setting next_dagrun for dbt_transforms to None, run_after=None
[2025-11-28T12:07:20.140+0000] {processor.py:183} INFO - Processing /opt/airflow/dags/011_dbt_transforms.py took 0.313 seconds
[2025-11-28T12:07:50.784+0000] {processor.py:161} INFO - Started process (PID=638) to work on /opt/airflow/dags/011_dbt_transforms.py
[2025-11-28T12:07:50.790+0000] {processor.py:830} INFO - Processing file /opt/airflow/dags/011_dbt_transforms.py for tasks to queue
[2025-11-28T12:07:50.795+0000] {logging_mixin.py:188} INFO - [2025-11-28T12:07:50.792+0000] {dagbag.py:538} INFO - Filling up the DagBag from /opt/airflow/dags/011_dbt_transforms.py
[2025-11-28T12:07:50.997+0000] {processor.py:840} INFO - DAG(s) 'dbt_transforms' retrieved from /opt/airflow/dags/011_dbt_transforms.py
[2025-11-28T12:07:51.429+0000] {logging_mixin.py:188} INFO - [2025-11-28T12:07:51.414+0000] {dag.py:3036} INFO - Sync 1 DAGs
[2025-11-28T12:07:52.041+0000] {logging_mixin.py:188} INFO - [2025-11-28T12:07:52.035+0000] {dag.py:3823} INFO - Setting next_dagrun for dbt_transforms to None, run_after=None
[2025-11-28T12:07:52.117+0000] {processor.py:183} INFO - Processing /opt/airflow/dags/011_dbt_transforms.py took 1.348 seconds
[2025-11-28T12:08:22.273+0000] {processor.py:161} INFO - Started process (PID=687) to work on /opt/airflow/dags/011_dbt_transforms.py
[2025-11-28T12:08:22.275+0000] {processor.py:830} INFO - Processing file /opt/airflow/dags/011_dbt_transforms.py for tasks to queue
[2025-11-28T12:08:22.278+0000] {logging_mixin.py:188} INFO - [2025-11-28T12:08:22.277+0000] {dagbag.py:538} INFO - Filling up the DagBag from /opt/airflow/dags/011_dbt_transforms.py
[2025-11-28T12:08:22.338+0000] {processor.py:840} INFO - DAG(s) 'dbt_transforms' retrieved from /opt/airflow/dags/011_dbt_transforms.py
[2025-11-28T12:08:22.443+0000] {logging_mixin.py:188} INFO - [2025-11-28T12:08:22.442+0000] {dag.py:3036} INFO - Sync 1 DAGs
[2025-11-28T12:08:22.491+0000] {logging_mixin.py:188} INFO - [2025-11-28T12:08:22.490+0000] {dag.py:3823} INFO - Setting next_dagrun for dbt_transforms to None, run_after=None
[2025-11-28T12:08:22.635+0000] {processor.py:183} INFO - Processing /opt/airflow/dags/011_dbt_transforms.py took 0.369 seconds
[2025-11-28T12:13:05.710+0000] {processor.py:161} INFO - Started process (PID=744) to work on /opt/airflow/dags/011_dbt_transforms.py
[2025-11-28T12:13:05.714+0000] {processor.py:830} INFO - Processing file /opt/airflow/dags/011_dbt_transforms.py for tasks to queue
[2025-11-28T12:13:05.720+0000] {logging_mixin.py:188} INFO - [2025-11-28T12:13:05.717+0000] {dagbag.py:538} INFO - Filling up the DagBag from /opt/airflow/dags/011_dbt_transforms.py
[2025-11-28T12:13:05.782+0000] {processor.py:840} INFO - DAG(s) 'dbt_transforms' retrieved from /opt/airflow/dags/011_dbt_transforms.py
[2025-11-28T12:13:05.939+0000] {logging_mixin.py:188} INFO - [2025-11-28T12:13:05.938+0000] {dag.py:3036} INFO - Sync 1 DAGs
[2025-11-28T12:13:06.076+0000] {logging_mixin.py:188} INFO - [2025-11-28T12:13:06.075+0000] {dag.py:3823} INFO - Setting next_dagrun for dbt_transforms to None, run_after=None
[2025-11-28T12:13:06.523+0000] {processor.py:183} INFO - Processing /opt/airflow/dags/011_dbt_transforms.py took 0.825 seconds
[2025-11-28T12:13:36.693+0000] {processor.py:161} INFO - Started process (PID=807) to work on /opt/airflow/dags/011_dbt_transforms.py
[2025-11-28T12:13:36.696+0000] {processor.py:830} INFO - Processing file /opt/airflow/dags/011_dbt_transforms.py for tasks to queue
[2025-11-28T12:13:36.700+0000] {logging_mixin.py:188} INFO - [2025-11-28T12:13:36.698+0000] {dagbag.py:538} INFO - Filling up the DagBag from /opt/airflow/dags/011_dbt_transforms.py
[2025-11-28T12:13:36.749+0000] {processor.py:840} INFO - DAG(s) 'dbt_transforms' retrieved from /opt/airflow/dags/011_dbt_transforms.py
[2025-11-28T12:13:36.901+0000] {logging_mixin.py:188} INFO - [2025-11-28T12:13:36.900+0000] {dag.py:3036} INFO - Sync 1 DAGs
[2025-11-28T12:13:37.024+0000] {logging_mixin.py:188} INFO - [2025-11-28T12:13:37.023+0000] {dag.py:3823} INFO - Setting next_dagrun for dbt_transforms to None, run_after=None
[2025-11-28T12:13:37.166+0000] {processor.py:183} INFO - Processing /opt/airflow/dags/011_dbt_transforms.py took 0.487 seconds
[2025-11-28T12:14:07.470+0000] {processor.py:161} INFO - Started process (PID=859) to work on /opt/airflow/dags/011_dbt_transforms.py
[2025-11-28T12:14:07.475+0000] {processor.py:830} INFO - Processing file /opt/airflow/dags/011_dbt_transforms.py for tasks to queue
[2025-11-28T12:14:07.479+0000] {logging_mixin.py:188} INFO - [2025-11-28T12:14:07.477+0000] {dagbag.py:538} INFO - Filling up the DagBag from /opt/airflow/dags/011_dbt_transforms.py
[2025-11-28T12:14:07.522+0000] {processor.py:840} INFO - DAG(s) 'dbt_transforms' retrieved from /opt/airflow/dags/011_dbt_transforms.py
[2025-11-28T12:14:07.578+0000] {logging_mixin.py:188} INFO - [2025-11-28T12:14:07.577+0000] {dag.py:3036} INFO - Sync 1 DAGs
[2025-11-28T12:14:07.664+0000] {logging_mixin.py:188} INFO - [2025-11-28T12:14:07.663+0000] {dag.py:3823} INFO - Setting next_dagrun for dbt_transforms to None, run_after=None
[2025-11-28T12:14:07.755+0000] {processor.py:183} INFO - Processing /opt/airflow/dags/011_dbt_transforms.py took 0.304 seconds
[2025-11-28T12:14:38.245+0000] {processor.py:161} INFO - Started process (PID=929) to work on /opt/airflow/dags/011_dbt_transforms.py
[2025-11-28T12:14:38.247+0000] {processor.py:830} INFO - Processing file /opt/airflow/dags/011_dbt_transforms.py for tasks to queue
[2025-11-28T12:14:38.250+0000] {logging_mixin.py:188} INFO - [2025-11-28T12:14:38.249+0000] {dagbag.py:538} INFO - Filling up the DagBag from /opt/airflow/dags/011_dbt_transforms.py
[2025-11-28T12:14:38.277+0000] {processor.py:840} INFO - DAG(s) 'dbt_transforms' retrieved from /opt/airflow/dags/011_dbt_transforms.py
[2025-11-28T12:14:38.552+0000] {logging_mixin.py:188} INFO - [2025-11-28T12:14:38.551+0000] {dag.py:3036} INFO - Sync 1 DAGs
[2025-11-28T12:14:38.602+0000] {logging_mixin.py:188} INFO - [2025-11-28T12:14:38.602+0000] {dag.py:3823} INFO - Setting next_dagrun for dbt_transforms to None, run_after=None
[2025-11-28T12:14:38.671+0000] {processor.py:183} INFO - Processing /opt/airflow/dags/011_dbt_transforms.py took 0.431 seconds
[2025-11-28T12:15:09.001+0000] {processor.py:161} INFO - Started process (PID=980) to work on /opt/airflow/dags/011_dbt_transforms.py
[2025-11-28T12:15:09.003+0000] {processor.py:830} INFO - Processing file /opt/airflow/dags/011_dbt_transforms.py for tasks to queue
[2025-11-28T12:15:09.007+0000] {logging_mixin.py:188} INFO - [2025-11-28T12:15:09.006+0000] {dagbag.py:538} INFO - Filling up the DagBag from /opt/airflow/dags/011_dbt_transforms.py
[2025-11-28T12:15:09.050+0000] {processor.py:840} INFO - DAG(s) 'dbt_transforms' retrieved from /opt/airflow/dags/011_dbt_transforms.py
[2025-11-28T12:15:09.161+0000] {logging_mixin.py:188} INFO - [2025-11-28T12:15:09.160+0000] {dag.py:3036} INFO - Sync 1 DAGs
[2025-11-28T12:15:09.271+0000] {logging_mixin.py:188} INFO - [2025-11-28T12:15:09.270+0000] {dag.py:3823} INFO - Setting next_dagrun for dbt_transforms to None, run_after=None
[2025-11-28T12:15:09.407+0000] {processor.py:183} INFO - Processing /opt/airflow/dags/011_dbt_transforms.py took 0.413 seconds
[2025-11-28T12:15:39.982+0000] {processor.py:161} INFO - Started process (PID=1045) to work on /opt/airflow/dags/011_dbt_transforms.py
[2025-11-28T12:15:39.985+0000] {processor.py:830} INFO - Processing file /opt/airflow/dags/011_dbt_transforms.py for tasks to queue
[2025-11-28T12:15:39.989+0000] {logging_mixin.py:188} INFO - [2025-11-28T12:15:39.988+0000] {dagbag.py:538} INFO - Filling up the DagBag from /opt/airflow/dags/011_dbt_transforms.py
[2025-11-28T12:15:40.023+0000] {processor.py:840} INFO - DAG(s) 'dbt_transforms' retrieved from /opt/airflow/dags/011_dbt_transforms.py
[2025-11-28T12:15:40.131+0000] {logging_mixin.py:188} INFO - [2025-11-28T12:15:40.130+0000] {dag.py:3036} INFO - Sync 1 DAGs
[2025-11-28T12:15:40.195+0000] {logging_mixin.py:188} INFO - [2025-11-28T12:15:40.195+0000] {dag.py:3823} INFO - Setting next_dagrun for dbt_transforms to None, run_after=None
[2025-11-28T12:15:40.267+0000] {processor.py:183} INFO - Processing /opt/airflow/dags/011_dbt_transforms.py took 0.297 seconds
[2025-11-28T12:16:11.074+0000] {processor.py:161} INFO - Started process (PID=1118) to work on /opt/airflow/dags/011_dbt_transforms.py
[2025-11-28T12:16:11.076+0000] {processor.py:830} INFO - Processing file /opt/airflow/dags/011_dbt_transforms.py for tasks to queue
[2025-11-28T12:16:11.079+0000] {logging_mixin.py:188} INFO - [2025-11-28T12:16:11.078+0000] {dagbag.py:538} INFO - Filling up the DagBag from /opt/airflow/dags/011_dbt_transforms.py
[2025-11-28T12:16:11.116+0000] {processor.py:840} INFO - DAG(s) 'dbt_transforms' retrieved from /opt/airflow/dags/011_dbt_transforms.py
[2025-11-28T12:16:11.255+0000] {logging_mixin.py:188} INFO - [2025-11-28T12:16:11.254+0000] {dag.py:3036} INFO - Sync 1 DAGs
[2025-11-28T12:16:11.315+0000] {logging_mixin.py:188} INFO - [2025-11-28T12:16:11.315+0000] {dag.py:3823} INFO - Setting next_dagrun for dbt_transforms to None, run_after=None
[2025-11-28T12:16:11.427+0000] {processor.py:183} INFO - Processing /opt/airflow/dags/011_dbt_transforms.py took 0.361 seconds
[2025-11-28T12:16:41.767+0000] {processor.py:161} INFO - Started process (PID=1185) to work on /opt/airflow/dags/011_dbt_transforms.py
[2025-11-28T12:16:41.777+0000] {processor.py:830} INFO - Processing file /opt/airflow/dags/011_dbt_transforms.py for tasks to queue
[2025-11-28T12:16:41.781+0000] {logging_mixin.py:188} INFO - [2025-11-28T12:16:41.780+0000] {dagbag.py:538} INFO - Filling up the DagBag from /opt/airflow/dags/011_dbt_transforms.py
[2025-11-28T12:16:41.813+0000] {processor.py:840} INFO - DAG(s) 'dbt_transforms' retrieved from /opt/airflow/dags/011_dbt_transforms.py
[2025-11-28T12:16:41.945+0000] {logging_mixin.py:188} INFO - [2025-11-28T12:16:41.944+0000] {dag.py:3036} INFO - Sync 1 DAGs
[2025-11-28T12:16:42.004+0000] {logging_mixin.py:188} INFO - [2025-11-28T12:16:42.004+0000] {dag.py:3823} INFO - Setting next_dagrun for dbt_transforms to None, run_after=None
[2025-11-28T12:16:42.063+0000] {processor.py:183} INFO - Processing /opt/airflow/dags/011_dbt_transforms.py took 0.305 seconds
[2025-11-28T12:17:12.631+0000] {processor.py:161} INFO - Started process (PID=1258) to work on /opt/airflow/dags/011_dbt_transforms.py
[2025-11-28T12:17:12.633+0000] {processor.py:830} INFO - Processing file /opt/airflow/dags/011_dbt_transforms.py for tasks to queue
[2025-11-28T12:17:12.636+0000] {logging_mixin.py:188} INFO - [2025-11-28T12:17:12.635+0000] {dagbag.py:538} INFO - Filling up the DagBag from /opt/airflow/dags/011_dbt_transforms.py
[2025-11-28T12:17:12.673+0000] {processor.py:840} INFO - DAG(s) 'dbt_transforms' retrieved from /opt/airflow/dags/011_dbt_transforms.py
[2025-11-28T12:17:12.751+0000] {logging_mixin.py:188} INFO - [2025-11-28T12:17:12.750+0000] {dag.py:3036} INFO - Sync 1 DAGs
[2025-11-28T12:17:12.806+0000] {logging_mixin.py:188} INFO - [2025-11-28T12:17:12.806+0000] {dag.py:3823} INFO - Setting next_dagrun for dbt_transforms to None, run_after=None
[2025-11-28T12:17:12.869+0000] {processor.py:183} INFO - Processing /opt/airflow/dags/011_dbt_transforms.py took 0.246 seconds
[2025-11-28T12:17:43.482+0000] {processor.py:161} INFO - Started process (PID=1343) to work on /opt/airflow/dags/011_dbt_transforms.py
[2025-11-28T12:17:43.484+0000] {processor.py:830} INFO - Processing file /opt/airflow/dags/011_dbt_transforms.py for tasks to queue
[2025-11-28T12:17:43.486+0000] {logging_mixin.py:188} INFO - [2025-11-28T12:17:43.485+0000] {dagbag.py:538} INFO - Filling up the DagBag from /opt/airflow/dags/011_dbt_transforms.py
[2025-11-28T12:17:43.507+0000] {processor.py:840} INFO - DAG(s) 'dbt_transforms' retrieved from /opt/airflow/dags/011_dbt_transforms.py
[2025-11-28T12:17:43.564+0000] {logging_mixin.py:188} INFO - [2025-11-28T12:17:43.564+0000] {dag.py:3036} INFO - Sync 1 DAGs
[2025-11-28T12:17:43.606+0000] {logging_mixin.py:188} INFO - [2025-11-28T12:17:43.605+0000] {dag.py:3823} INFO - Setting next_dagrun for dbt_transforms to None, run_after=None
[2025-11-28T12:17:43.660+0000] {processor.py:183} INFO - Processing /opt/airflow/dags/011_dbt_transforms.py took 0.184 seconds
[2025-11-28T12:18:14.439+0000] {processor.py:161} INFO - Started process (PID=1396) to work on /opt/airflow/dags/011_dbt_transforms.py
[2025-11-28T12:18:14.441+0000] {processor.py:830} INFO - Processing file /opt/airflow/dags/011_dbt_transforms.py for tasks to queue
[2025-11-28T12:18:14.443+0000] {logging_mixin.py:188} INFO - [2025-11-28T12:18:14.443+0000] {dagbag.py:538} INFO - Filling up the DagBag from /opt/airflow/dags/011_dbt_transforms.py
[2025-11-28T12:18:14.468+0000] {processor.py:840} INFO - DAG(s) 'dbt_transforms' retrieved from /opt/airflow/dags/011_dbt_transforms.py
[2025-11-28T12:18:14.533+0000] {logging_mixin.py:188} INFO - [2025-11-28T12:18:14.532+0000] {dag.py:3036} INFO - Sync 1 DAGs
[2025-11-28T12:18:14.595+0000] {logging_mixin.py:188} INFO - [2025-11-28T12:18:14.594+0000] {dag.py:3823} INFO - Setting next_dagrun for dbt_transforms to None, run_after=None
[2025-11-28T12:18:14.665+0000] {processor.py:183} INFO - Processing /opt/airflow/dags/011_dbt_transforms.py took 0.233 seconds
[2025-11-28T12:18:45.190+0000] {processor.py:161} INFO - Started process (PID=1444) to work on /opt/airflow/dags/011_dbt_transforms.py
[2025-11-28T12:18:45.193+0000] {processor.py:830} INFO - Processing file /opt/airflow/dags/011_dbt_transforms.py for tasks to queue
[2025-11-28T12:18:45.198+0000] {logging_mixin.py:188} INFO - [2025-11-28T12:18:45.197+0000] {dagbag.py:538} INFO - Filling up the DagBag from /opt/airflow/dags/011_dbt_transforms.py
[2025-11-28T12:18:45.249+0000] {processor.py:840} INFO - DAG(s) 'dbt_transforms' retrieved from /opt/airflow/dags/011_dbt_transforms.py
[2025-11-28T12:18:45.377+0000] {logging_mixin.py:188} INFO - [2025-11-28T12:18:45.377+0000] {dag.py:3036} INFO - Sync 1 DAGs
[2025-11-28T12:18:45.445+0000] {logging_mixin.py:188} INFO - [2025-11-28T12:18:45.444+0000] {dag.py:3823} INFO - Setting next_dagrun for dbt_transforms to None, run_after=None
[2025-11-28T12:18:45.508+0000] {processor.py:183} INFO - Processing /opt/airflow/dags/011_dbt_transforms.py took 0.327 seconds
[2025-11-28T12:19:15.871+0000] {processor.py:161} INFO - Started process (PID=1514) to work on /opt/airflow/dags/011_dbt_transforms.py
[2025-11-28T12:19:15.873+0000] {processor.py:830} INFO - Processing file /opt/airflow/dags/011_dbt_transforms.py for tasks to queue
[2025-11-28T12:19:15.875+0000] {logging_mixin.py:188} INFO - [2025-11-28T12:19:15.874+0000] {dagbag.py:538} INFO - Filling up the DagBag from /opt/airflow/dags/011_dbt_transforms.py
[2025-11-28T12:19:15.906+0000] {processor.py:840} INFO - DAG(s) 'dbt_transforms' retrieved from /opt/airflow/dags/011_dbt_transforms.py
[2025-11-28T12:19:15.973+0000] {logging_mixin.py:188} INFO - [2025-11-28T12:19:15.973+0000] {dag.py:3036} INFO - Sync 1 DAGs
[2025-11-28T12:19:16.042+0000] {logging_mixin.py:188} INFO - [2025-11-28T12:19:16.041+0000] {dag.py:3823} INFO - Setting next_dagrun for dbt_transforms to None, run_after=None
[2025-11-28T12:19:16.107+0000] {processor.py:183} INFO - Processing /opt/airflow/dags/011_dbt_transforms.py took 0.243 seconds
[2025-11-28T12:19:46.542+0000] {processor.py:161} INFO - Started process (PID=1584) to work on /opt/airflow/dags/011_dbt_transforms.py
[2025-11-28T12:19:46.545+0000] {processor.py:830} INFO - Processing file /opt/airflow/dags/011_dbt_transforms.py for tasks to queue
[2025-11-28T12:19:46.547+0000] {logging_mixin.py:188} INFO - [2025-11-28T12:19:46.546+0000] {dagbag.py:538} INFO - Filling up the DagBag from /opt/airflow/dags/011_dbt_transforms.py
[2025-11-28T12:19:46.574+0000] {processor.py:840} INFO - DAG(s) 'dbt_transforms' retrieved from /opt/airflow/dags/011_dbt_transforms.py
[2025-11-28T12:19:46.644+0000] {logging_mixin.py:188} INFO - [2025-11-28T12:19:46.643+0000] {dag.py:3036} INFO - Sync 1 DAGs
[2025-11-28T12:19:46.693+0000] {logging_mixin.py:188} INFO - [2025-11-28T12:19:46.693+0000] {dag.py:3823} INFO - Setting next_dagrun for dbt_transforms to None, run_after=None
[2025-11-28T12:19:46.766+0000] {processor.py:183} INFO - Processing /opt/airflow/dags/011_dbt_transforms.py took 0.231 seconds
[2025-11-28T12:20:17.619+0000] {processor.py:161} INFO - Started process (PID=1654) to work on /opt/airflow/dags/011_dbt_transforms.py
[2025-11-28T12:20:17.622+0000] {processor.py:830} INFO - Processing file /opt/airflow/dags/011_dbt_transforms.py for tasks to queue
[2025-11-28T12:20:17.625+0000] {logging_mixin.py:188} INFO - [2025-11-28T12:20:17.624+0000] {dagbag.py:538} INFO - Filling up the DagBag from /opt/airflow/dags/011_dbt_transforms.py
[2025-11-28T12:20:17.649+0000] {processor.py:840} INFO - DAG(s) 'dbt_transforms' retrieved from /opt/airflow/dags/011_dbt_transforms.py
[2025-11-28T12:20:17.729+0000] {logging_mixin.py:188} INFO - [2025-11-28T12:20:17.728+0000] {dag.py:3036} INFO - Sync 1 DAGs
[2025-11-28T12:20:17.784+0000] {logging_mixin.py:188} INFO - [2025-11-28T12:20:17.783+0000] {dag.py:3823} INFO - Setting next_dagrun for dbt_transforms to None, run_after=None
[2025-11-28T12:20:17.862+0000] {processor.py:183} INFO - Processing /opt/airflow/dags/011_dbt_transforms.py took 0.252 seconds
[2025-11-28T12:20:48.771+0000] {processor.py:161} INFO - Started process (PID=1739) to work on /opt/airflow/dags/011_dbt_transforms.py
[2025-11-28T12:20:48.774+0000] {processor.py:830} INFO - Processing file /opt/airflow/dags/011_dbt_transforms.py for tasks to queue
[2025-11-28T12:20:48.776+0000] {logging_mixin.py:188} INFO - [2025-11-28T12:20:48.775+0000] {dagbag.py:538} INFO - Filling up the DagBag from /opt/airflow/dags/011_dbt_transforms.py
[2025-11-28T12:20:48.802+0000] {processor.py:840} INFO - DAG(s) 'dbt_transforms' retrieved from /opt/airflow/dags/011_dbt_transforms.py
[2025-11-28T12:20:48.868+0000] {logging_mixin.py:188} INFO - [2025-11-28T12:20:48.867+0000] {dag.py:3036} INFO - Sync 1 DAGs
[2025-11-28T12:20:48.908+0000] {logging_mixin.py:188} INFO - [2025-11-28T12:20:48.907+0000] {dag.py:3823} INFO - Setting next_dagrun for dbt_transforms to None, run_after=None
[2025-11-28T12:20:48.978+0000] {processor.py:183} INFO - Processing /opt/airflow/dags/011_dbt_transforms.py took 0.213 seconds
[2025-11-28T12:21:19.536+0000] {processor.py:161} INFO - Started process (PID=1790) to work on /opt/airflow/dags/011_dbt_transforms.py
[2025-11-28T12:21:19.542+0000] {processor.py:830} INFO - Processing file /opt/airflow/dags/011_dbt_transforms.py for tasks to queue
[2025-11-28T12:21:19.547+0000] {logging_mixin.py:188} INFO - [2025-11-28T12:21:19.545+0000] {dagbag.py:538} INFO - Filling up the DagBag from /opt/airflow/dags/011_dbt_transforms.py
[2025-11-28T12:21:19.600+0000] {processor.py:840} INFO - DAG(s) 'dbt_transforms' retrieved from /opt/airflow/dags/011_dbt_transforms.py
[2025-11-28T12:21:19.705+0000] {logging_mixin.py:188} INFO - [2025-11-28T12:21:19.704+0000] {dag.py:3036} INFO - Sync 1 DAGs
[2025-11-28T12:21:19.805+0000] {logging_mixin.py:188} INFO - [2025-11-28T12:21:19.805+0000] {dag.py:3823} INFO - Setting next_dagrun for dbt_transforms to None, run_after=None
[2025-11-28T12:21:19.897+0000] {processor.py:183} INFO - Processing /opt/airflow/dags/011_dbt_transforms.py took 0.379 seconds
[2025-11-28T12:21:50.252+0000] {processor.py:161} INFO - Started process (PID=1840) to work on /opt/airflow/dags/011_dbt_transforms.py
[2025-11-28T12:21:50.257+0000] {processor.py:830} INFO - Processing file /opt/airflow/dags/011_dbt_transforms.py for tasks to queue
[2025-11-28T12:21:50.260+0000] {logging_mixin.py:188} INFO - [2025-11-28T12:21:50.259+0000] {dagbag.py:538} INFO - Filling up the DagBag from /opt/airflow/dags/011_dbt_transforms.py
[2025-11-28T12:21:50.286+0000] {processor.py:840} INFO - DAG(s) 'dbt_transforms' retrieved from /opt/airflow/dags/011_dbt_transforms.py
[2025-11-28T12:21:50.374+0000] {logging_mixin.py:188} INFO - [2025-11-28T12:21:50.373+0000] {dag.py:3036} INFO - Sync 1 DAGs
[2025-11-28T12:21:50.426+0000] {logging_mixin.py:188} INFO - [2025-11-28T12:21:50.426+0000] {dag.py:3823} INFO - Setting next_dagrun for dbt_transforms to None, run_after=None
[2025-11-28T12:21:50.482+0000] {processor.py:183} INFO - Processing /opt/airflow/dags/011_dbt_transforms.py took 0.241 seconds
[2025-11-28T12:22:20.645+0000] {processor.py:161} INFO - Started process (PID=1907) to work on /opt/airflow/dags/011_dbt_transforms.py
[2025-11-28T12:22:20.647+0000] {processor.py:830} INFO - Processing file /opt/airflow/dags/011_dbt_transforms.py for tasks to queue
[2025-11-28T12:22:20.649+0000] {logging_mixin.py:188} INFO - [2025-11-28T12:22:20.648+0000] {dagbag.py:538} INFO - Filling up the DagBag from /opt/airflow/dags/011_dbt_transforms.py
[2025-11-28T12:22:20.672+0000] {processor.py:840} INFO - DAG(s) 'dbt_transforms' retrieved from /opt/airflow/dags/011_dbt_transforms.py
[2025-11-28T12:22:20.733+0000] {logging_mixin.py:188} INFO - [2025-11-28T12:22:20.732+0000] {dag.py:3036} INFO - Sync 1 DAGs
[2025-11-28T12:22:20.774+0000] {logging_mixin.py:188} INFO - [2025-11-28T12:22:20.774+0000] {dag.py:3823} INFO - Setting next_dagrun for dbt_transforms to None, run_after=None
[2025-11-28T12:22:20.836+0000] {processor.py:183} INFO - Processing /opt/airflow/dags/011_dbt_transforms.py took 0.198 seconds
[2025-11-28T12:22:51.027+0000] {processor.py:161} INFO - Started process (PID=1977) to work on /opt/airflow/dags/011_dbt_transforms.py
[2025-11-28T12:22:51.029+0000] {processor.py:830} INFO - Processing file /opt/airflow/dags/011_dbt_transforms.py for tasks to queue
[2025-11-28T12:22:51.031+0000] {logging_mixin.py:188} INFO - [2025-11-28T12:22:51.030+0000] {dagbag.py:538} INFO - Filling up the DagBag from /opt/airflow/dags/011_dbt_transforms.py
[2025-11-28T12:22:51.059+0000] {processor.py:840} INFO - DAG(s) 'dbt_transforms' retrieved from /opt/airflow/dags/011_dbt_transforms.py
[2025-11-28T12:22:51.143+0000] {logging_mixin.py:188} INFO - [2025-11-28T12:22:51.143+0000] {dag.py:3036} INFO - Sync 1 DAGs
[2025-11-28T12:22:51.195+0000] {logging_mixin.py:188} INFO - [2025-11-28T12:22:51.195+0000] {dag.py:3823} INFO - Setting next_dagrun for dbt_transforms to None, run_after=None
[2025-11-28T12:22:51.267+0000] {processor.py:183} INFO - Processing /opt/airflow/dags/011_dbt_transforms.py took 0.247 seconds
[2025-11-28T12:23:21.568+0000] {processor.py:161} INFO - Started process (PID=2047) to work on /opt/airflow/dags/011_dbt_transforms.py
[2025-11-28T12:23:21.572+0000] {processor.py:830} INFO - Processing file /opt/airflow/dags/011_dbt_transforms.py for tasks to queue
[2025-11-28T12:23:21.576+0000] {logging_mixin.py:188} INFO - [2025-11-28T12:23:21.575+0000] {dagbag.py:538} INFO - Filling up the DagBag from /opt/airflow/dags/011_dbt_transforms.py
[2025-11-28T12:23:21.615+0000] {processor.py:840} INFO - DAG(s) 'dbt_transforms' retrieved from /opt/airflow/dags/011_dbt_transforms.py
[2025-11-28T12:23:21.722+0000] {logging_mixin.py:188} INFO - [2025-11-28T12:23:21.721+0000] {dag.py:3036} INFO - Sync 1 DAGs
[2025-11-28T12:23:21.833+0000] {logging_mixin.py:188} INFO - [2025-11-28T12:23:21.832+0000] {dag.py:3823} INFO - Setting next_dagrun for dbt_transforms to None, run_after=None
[2025-11-28T12:23:21.909+0000] {processor.py:183} INFO - Processing /opt/airflow/dags/011_dbt_transforms.py took 0.358 seconds
[2025-11-28T12:23:52.383+0000] {processor.py:161} INFO - Started process (PID=2114) to work on /opt/airflow/dags/011_dbt_transforms.py
[2025-11-28T12:23:52.385+0000] {processor.py:830} INFO - Processing file /opt/airflow/dags/011_dbt_transforms.py for tasks to queue
[2025-11-28T12:23:52.387+0000] {logging_mixin.py:188} INFO - [2025-11-28T12:23:52.387+0000] {dagbag.py:538} INFO - Filling up the DagBag from /opt/airflow/dags/011_dbt_transforms.py
[2025-11-28T12:23:52.411+0000] {processor.py:840} INFO - DAG(s) 'dbt_transforms' retrieved from /opt/airflow/dags/011_dbt_transforms.py
[2025-11-28T12:23:52.476+0000] {logging_mixin.py:188} INFO - [2025-11-28T12:23:52.475+0000] {dag.py:3036} INFO - Sync 1 DAGs
[2025-11-28T12:23:52.520+0000] {logging_mixin.py:188} INFO - [2025-11-28T12:23:52.519+0000] {dag.py:3823} INFO - Setting next_dagrun for dbt_transforms to None, run_after=None
[2025-11-28T12:23:52.578+0000] {processor.py:183} INFO - Processing /opt/airflow/dags/011_dbt_transforms.py took 0.202 seconds
[2025-11-28T12:24:23.164+0000] {processor.py:161} INFO - Started process (PID=2163) to work on /opt/airflow/dags/011_dbt_transforms.py
[2025-11-28T12:24:23.167+0000] {processor.py:830} INFO - Processing file /opt/airflow/dags/011_dbt_transforms.py for tasks to queue
[2025-11-28T12:24:23.170+0000] {logging_mixin.py:188} INFO - [2025-11-28T12:24:23.169+0000] {dagbag.py:538} INFO - Filling up the DagBag from /opt/airflow/dags/011_dbt_transforms.py
[2025-11-28T12:24:23.195+0000] {processor.py:840} INFO - DAG(s) 'dbt_transforms' retrieved from /opt/airflow/dags/011_dbt_transforms.py
[2025-11-28T12:24:23.287+0000] {logging_mixin.py:188} INFO - [2025-11-28T12:24:23.286+0000] {dag.py:3036} INFO - Sync 1 DAGs
[2025-11-28T12:24:23.336+0000] {logging_mixin.py:188} INFO - [2025-11-28T12:24:23.336+0000] {dag.py:3823} INFO - Setting next_dagrun for dbt_transforms to None, run_after=None
[2025-11-28T12:24:23.408+0000] {processor.py:183} INFO - Processing /opt/airflow/dags/011_dbt_transforms.py took 0.256 seconds
[2025-11-28T12:24:53.740+0000] {processor.py:161} INFO - Started process (PID=2231) to work on /opt/airflow/dags/011_dbt_transforms.py
[2025-11-28T12:24:53.742+0000] {processor.py:830} INFO - Processing file /opt/airflow/dags/011_dbt_transforms.py for tasks to queue
[2025-11-28T12:24:53.744+0000] {logging_mixin.py:188} INFO - [2025-11-28T12:24:53.744+0000] {dagbag.py:538} INFO - Filling up the DagBag from /opt/airflow/dags/011_dbt_transforms.py
[2025-11-28T12:24:53.773+0000] {processor.py:840} INFO - DAG(s) 'dbt_transforms' retrieved from /opt/airflow/dags/011_dbt_transforms.py
[2025-11-28T12:24:53.857+0000] {logging_mixin.py:188} INFO - [2025-11-28T12:24:53.856+0000] {dag.py:3036} INFO - Sync 1 DAGs
[2025-11-28T12:24:53.910+0000] {logging_mixin.py:188} INFO - [2025-11-28T12:24:53.909+0000] {dag.py:3823} INFO - Setting next_dagrun for dbt_transforms to None, run_after=None
[2025-11-28T12:24:53.991+0000] {processor.py:183} INFO - Processing /opt/airflow/dags/011_dbt_transforms.py took 0.259 seconds
[2025-11-28T12:25:24.630+0000] {processor.py:161} INFO - Started process (PID=2282) to work on /opt/airflow/dags/011_dbt_transforms.py
[2025-11-28T12:25:24.632+0000] {processor.py:830} INFO - Processing file /opt/airflow/dags/011_dbt_transforms.py for tasks to queue
[2025-11-28T12:25:24.634+0000] {logging_mixin.py:188} INFO - [2025-11-28T12:25:24.634+0000] {dagbag.py:538} INFO - Filling up the DagBag from /opt/airflow/dags/011_dbt_transforms.py
[2025-11-28T12:25:24.659+0000] {processor.py:840} INFO - DAG(s) 'dbt_transforms' retrieved from /opt/airflow/dags/011_dbt_transforms.py
[2025-11-28T12:25:24.740+0000] {logging_mixin.py:188} INFO - [2025-11-28T12:25:24.739+0000] {dag.py:3036} INFO - Sync 1 DAGs
[2025-11-28T12:25:24.793+0000] {logging_mixin.py:188} INFO - [2025-11-28T12:25:24.792+0000] {dag.py:3823} INFO - Setting next_dagrun for dbt_transforms to None, run_after=None
[2025-11-28T12:25:24.858+0000] {processor.py:183} INFO - Processing /opt/airflow/dags/011_dbt_transforms.py took 0.235 seconds
[2025-11-28T12:25:55.188+0000] {processor.py:161} INFO - Started process (PID=2352) to work on /opt/airflow/dags/011_dbt_transforms.py
[2025-11-28T12:25:55.191+0000] {processor.py:830} INFO - Processing file /opt/airflow/dags/011_dbt_transforms.py for tasks to queue
[2025-11-28T12:25:55.194+0000] {logging_mixin.py:188} INFO - [2025-11-28T12:25:55.193+0000] {dagbag.py:538} INFO - Filling up the DagBag from /opt/airflow/dags/011_dbt_transforms.py
[2025-11-28T12:25:55.227+0000] {processor.py:840} INFO - DAG(s) 'dbt_transforms' retrieved from /opt/airflow/dags/011_dbt_transforms.py
[2025-11-28T12:25:55.338+0000] {logging_mixin.py:188} INFO - [2025-11-28T12:25:55.336+0000] {dag.py:3036} INFO - Sync 1 DAGs
[2025-11-28T12:25:55.415+0000] {logging_mixin.py:188} INFO - [2025-11-28T12:25:55.414+0000] {dag.py:3823} INFO - Setting next_dagrun for dbt_transforms to None, run_after=None
[2025-11-28T12:25:55.487+0000] {processor.py:183} INFO - Processing /opt/airflow/dags/011_dbt_transforms.py took 0.310 seconds
[2025-11-28T12:26:25.836+0000] {processor.py:161} INFO - Started process (PID=2422) to work on /opt/airflow/dags/011_dbt_transforms.py
[2025-11-28T12:26:25.838+0000] {processor.py:830} INFO - Processing file /opt/airflow/dags/011_dbt_transforms.py for tasks to queue
[2025-11-28T12:26:25.841+0000] {logging_mixin.py:188} INFO - [2025-11-28T12:26:25.840+0000] {dagbag.py:538} INFO - Filling up the DagBag from /opt/airflow/dags/011_dbt_transforms.py
[2025-11-28T12:26:25.863+0000] {processor.py:840} INFO - DAG(s) 'dbt_transforms' retrieved from /opt/airflow/dags/011_dbt_transforms.py
[2025-11-28T12:26:25.948+0000] {logging_mixin.py:188} INFO - [2025-11-28T12:26:25.948+0000] {dag.py:3036} INFO - Sync 1 DAGs
[2025-11-28T12:26:26.027+0000] {logging_mixin.py:188} INFO - [2025-11-28T12:26:26.026+0000] {dag.py:3823} INFO - Setting next_dagrun for dbt_transforms to None, run_after=None
[2025-11-28T12:26:26.087+0000] {processor.py:183} INFO - Processing /opt/airflow/dags/011_dbt_transforms.py took 0.257 seconds
[2025-11-28T12:26:56.438+0000] {processor.py:161} INFO - Started process (PID=2489) to work on /opt/airflow/dags/011_dbt_transforms.py
[2025-11-28T12:26:56.439+0000] {processor.py:830} INFO - Processing file /opt/airflow/dags/011_dbt_transforms.py for tasks to queue
[2025-11-28T12:26:56.441+0000] {logging_mixin.py:188} INFO - [2025-11-28T12:26:56.441+0000] {dagbag.py:538} INFO - Filling up the DagBag from /opt/airflow/dags/011_dbt_transforms.py
[2025-11-28T12:26:56.461+0000] {processor.py:840} INFO - DAG(s) 'dbt_transforms' retrieved from /opt/airflow/dags/011_dbt_transforms.py
[2025-11-28T12:26:56.518+0000] {logging_mixin.py:188} INFO - [2025-11-28T12:26:56.518+0000] {dag.py:3036} INFO - Sync 1 DAGs
[2025-11-28T12:26:56.561+0000] {logging_mixin.py:188} INFO - [2025-11-28T12:26:56.561+0000] {dag.py:3823} INFO - Setting next_dagrun for dbt_transforms to None, run_after=None
[2025-11-28T12:26:56.629+0000] {processor.py:183} INFO - Processing /opt/airflow/dags/011_dbt_transforms.py took 0.197 seconds
[2025-11-28T12:27:26.760+0000] {processor.py:161} INFO - Started process (PID=2538) to work on /opt/airflow/dags/011_dbt_transforms.py
[2025-11-28T12:27:26.763+0000] {processor.py:830} INFO - Processing file /opt/airflow/dags/011_dbt_transforms.py for tasks to queue
[2025-11-28T12:27:26.765+0000] {logging_mixin.py:188} INFO - [2025-11-28T12:27:26.764+0000] {dagbag.py:538} INFO - Filling up the DagBag from /opt/airflow/dags/011_dbt_transforms.py
[2025-11-28T12:27:26.803+0000] {processor.py:840} INFO - DAG(s) 'dbt_transforms' retrieved from /opt/airflow/dags/011_dbt_transforms.py
[2025-11-28T12:27:26.881+0000] {logging_mixin.py:188} INFO - [2025-11-28T12:27:26.880+0000] {dag.py:3036} INFO - Sync 1 DAGs
[2025-11-28T12:27:26.928+0000] {logging_mixin.py:188} INFO - [2025-11-28T12:27:26.928+0000] {dag.py:3823} INFO - Setting next_dagrun for dbt_transforms to None, run_after=None
[2025-11-28T12:27:26.997+0000] {processor.py:183} INFO - Processing /opt/airflow/dags/011_dbt_transforms.py took 0.245 seconds
[2025-11-28T12:27:57.712+0000] {processor.py:161} INFO - Started process (PID=2608) to work on /opt/airflow/dags/011_dbt_transforms.py
[2025-11-28T12:27:57.714+0000] {processor.py:830} INFO - Processing file /opt/airflow/dags/011_dbt_transforms.py for tasks to queue
[2025-11-28T12:27:57.717+0000] {logging_mixin.py:188} INFO - [2025-11-28T12:27:57.716+0000] {dagbag.py:538} INFO - Filling up the DagBag from /opt/airflow/dags/011_dbt_transforms.py
[2025-11-28T12:27:57.742+0000] {processor.py:840} INFO - DAG(s) 'dbt_transforms' retrieved from /opt/airflow/dags/011_dbt_transforms.py
[2025-11-28T12:27:57.806+0000] {logging_mixin.py:188} INFO - [2025-11-28T12:27:57.805+0000] {dag.py:3036} INFO - Sync 1 DAGs
[2025-11-28T12:27:57.859+0000] {logging_mixin.py:188} INFO - [2025-11-28T12:27:57.859+0000] {dag.py:3823} INFO - Setting next_dagrun for dbt_transforms to None, run_after=None
[2025-11-28T12:27:57.933+0000] {processor.py:183} INFO - Processing /opt/airflow/dags/011_dbt_transforms.py took 0.228 seconds
[2025-11-28T12:28:28.188+0000] {processor.py:161} INFO - Started process (PID=2678) to work on /opt/airflow/dags/011_dbt_transforms.py
[2025-11-28T12:28:28.189+0000] {processor.py:830} INFO - Processing file /opt/airflow/dags/011_dbt_transforms.py for tasks to queue
[2025-11-28T12:28:28.191+0000] {logging_mixin.py:188} INFO - [2025-11-28T12:28:28.190+0000] {dagbag.py:538} INFO - Filling up the DagBag from /opt/airflow/dags/011_dbt_transforms.py
[2025-11-28T12:28:28.213+0000] {processor.py:840} INFO - DAG(s) 'dbt_transforms' retrieved from /opt/airflow/dags/011_dbt_transforms.py
[2025-11-28T12:28:28.279+0000] {logging_mixin.py:188} INFO - [2025-11-28T12:28:28.278+0000] {dag.py:3036} INFO - Sync 1 DAGs
[2025-11-28T12:28:28.323+0000] {logging_mixin.py:188} INFO - [2025-11-28T12:28:28.322+0000] {dag.py:3823} INFO - Setting next_dagrun for dbt_transforms to None, run_after=None
[2025-11-28T12:28:28.376+0000] {processor.py:183} INFO - Processing /opt/airflow/dags/011_dbt_transforms.py took 0.195 seconds
[2025-11-28T12:28:59.076+0000] {processor.py:161} INFO - Started process (PID=2748) to work on /opt/airflow/dags/011_dbt_transforms.py
[2025-11-28T12:28:59.079+0000] {processor.py:830} INFO - Processing file /opt/airflow/dags/011_dbt_transforms.py for tasks to queue
[2025-11-28T12:28:59.082+0000] {logging_mixin.py:188} INFO - [2025-11-28T12:28:59.081+0000] {dagbag.py:538} INFO - Filling up the DagBag from /opt/airflow/dags/011_dbt_transforms.py
[2025-11-28T12:28:59.113+0000] {processor.py:840} INFO - DAG(s) 'dbt_transforms' retrieved from /opt/airflow/dags/011_dbt_transforms.py
[2025-11-28T12:28:59.225+0000] {logging_mixin.py:188} INFO - [2025-11-28T12:28:59.224+0000] {dag.py:3036} INFO - Sync 1 DAGs
[2025-11-28T12:28:59.311+0000] {logging_mixin.py:188} INFO - [2025-11-28T12:28:59.310+0000] {dag.py:3823} INFO - Setting next_dagrun for dbt_transforms to None, run_after=None
[2025-11-28T12:28:59.428+0000] {processor.py:183} INFO - Processing /opt/airflow/dags/011_dbt_transforms.py took 0.361 seconds
[2025-11-28T12:29:29.655+0000] {processor.py:161} INFO - Started process (PID=2818) to work on /opt/airflow/dags/011_dbt_transforms.py
[2025-11-28T12:29:29.672+0000] {processor.py:830} INFO - Processing file /opt/airflow/dags/011_dbt_transforms.py for tasks to queue
[2025-11-28T12:29:29.678+0000] {logging_mixin.py:188} INFO - [2025-11-28T12:29:29.677+0000] {dagbag.py:538} INFO - Filling up the DagBag from /opt/airflow/dags/011_dbt_transforms.py
[2025-11-28T12:29:29.713+0000] {processor.py:840} INFO - DAG(s) 'dbt_transforms' retrieved from /opt/airflow/dags/011_dbt_transforms.py
[2025-11-28T12:29:29.811+0000] {logging_mixin.py:188} INFO - [2025-11-28T12:29:29.811+0000] {dag.py:3036} INFO - Sync 1 DAGs
[2025-11-28T12:29:29.865+0000] {logging_mixin.py:188} INFO - [2025-11-28T12:29:29.864+0000] {dag.py:3823} INFO - Setting next_dagrun for dbt_transforms to None, run_after=None
[2025-11-28T12:29:29.931+0000] {processor.py:183} INFO - Processing /opt/airflow/dags/011_dbt_transforms.py took 0.286 seconds
[2025-11-28T12:30:00.369+0000] {processor.py:161} INFO - Started process (PID=2885) to work on /opt/airflow/dags/011_dbt_transforms.py
[2025-11-28T12:30:00.371+0000] {processor.py:830} INFO - Processing file /opt/airflow/dags/011_dbt_transforms.py for tasks to queue
[2025-11-28T12:30:00.374+0000] {logging_mixin.py:188} INFO - [2025-11-28T12:30:00.373+0000] {dagbag.py:538} INFO - Filling up the DagBag from /opt/airflow/dags/011_dbt_transforms.py
[2025-11-28T12:30:00.424+0000] {processor.py:840} INFO - DAG(s) 'dbt_transforms' retrieved from /opt/airflow/dags/011_dbt_transforms.py
[2025-11-28T12:30:00.525+0000] {logging_mixin.py:188} INFO - [2025-11-28T12:30:00.525+0000] {dag.py:3036} INFO - Sync 1 DAGs
[2025-11-28T12:30:00.572+0000] {logging_mixin.py:188} INFO - [2025-11-28T12:30:00.571+0000] {dag.py:3823} INFO - Setting next_dagrun for dbt_transforms to None, run_after=None
[2025-11-28T12:30:00.627+0000] {processor.py:183} INFO - Processing /opt/airflow/dags/011_dbt_transforms.py took 0.269 seconds
[2025-11-28T12:30:30.967+0000] {processor.py:161} INFO - Started process (PID=2934) to work on /opt/airflow/dags/011_dbt_transforms.py
[2025-11-28T12:30:30.969+0000] {processor.py:830} INFO - Processing file /opt/airflow/dags/011_dbt_transforms.py for tasks to queue
[2025-11-28T12:30:30.971+0000] {logging_mixin.py:188} INFO - [2025-11-28T12:30:30.971+0000] {dagbag.py:538} INFO - Filling up the DagBag from /opt/airflow/dags/011_dbt_transforms.py
[2025-11-28T12:30:30.998+0000] {processor.py:840} INFO - DAG(s) 'dbt_transforms' retrieved from /opt/airflow/dags/011_dbt_transforms.py
[2025-11-28T12:30:31.082+0000] {logging_mixin.py:188} INFO - [2025-11-28T12:30:31.081+0000] {dag.py:3036} INFO - Sync 1 DAGs
[2025-11-28T12:30:31.138+0000] {logging_mixin.py:188} INFO - [2025-11-28T12:30:31.137+0000] {dag.py:3823} INFO - Setting next_dagrun for dbt_transforms to None, run_after=None
[2025-11-28T12:30:31.215+0000] {processor.py:183} INFO - Processing /opt/airflow/dags/011_dbt_transforms.py took 0.255 seconds
[2025-11-28T12:31:01.470+0000] {processor.py:161} INFO - Started process (PID=3004) to work on /opt/airflow/dags/011_dbt_transforms.py
[2025-11-28T12:31:01.473+0000] {processor.py:830} INFO - Processing file /opt/airflow/dags/011_dbt_transforms.py for tasks to queue
[2025-11-28T12:31:01.478+0000] {logging_mixin.py:188} INFO - [2025-11-28T12:31:01.476+0000] {dagbag.py:538} INFO - Filling up the DagBag from /opt/airflow/dags/011_dbt_transforms.py
[2025-11-28T12:31:01.522+0000] {processor.py:840} INFO - DAG(s) 'dbt_transforms' retrieved from /opt/airflow/dags/011_dbt_transforms.py
[2025-11-28T12:31:01.659+0000] {logging_mixin.py:188} INFO - [2025-11-28T12:31:01.658+0000] {dag.py:3036} INFO - Sync 1 DAGs
[2025-11-28T12:31:01.745+0000] {logging_mixin.py:188} INFO - [2025-11-28T12:31:01.744+0000] {dag.py:3823} INFO - Setting next_dagrun for dbt_transforms to None, run_after=None
[2025-11-28T12:31:01.820+0000] {processor.py:183} INFO - Processing /opt/airflow/dags/011_dbt_transforms.py took 0.363 seconds
[2025-11-28T12:31:32.325+0000] {processor.py:161} INFO - Started process (PID=3074) to work on /opt/airflow/dags/011_dbt_transforms.py
[2025-11-28T12:31:32.327+0000] {processor.py:830} INFO - Processing file /opt/airflow/dags/011_dbt_transforms.py for tasks to queue
[2025-11-28T12:31:32.329+0000] {logging_mixin.py:188} INFO - [2025-11-28T12:31:32.328+0000] {dagbag.py:538} INFO - Filling up the DagBag from /opt/airflow/dags/011_dbt_transforms.py
[2025-11-28T12:31:32.353+0000] {processor.py:840} INFO - DAG(s) 'dbt_transforms' retrieved from /opt/airflow/dags/011_dbt_transforms.py
[2025-11-28T12:31:32.419+0000] {logging_mixin.py:188} INFO - [2025-11-28T12:31:32.419+0000] {dag.py:3036} INFO - Sync 1 DAGs
[2025-11-28T12:31:32.466+0000] {logging_mixin.py:188} INFO - [2025-11-28T12:31:32.466+0000] {dag.py:3823} INFO - Setting next_dagrun for dbt_transforms to None, run_after=None
[2025-11-28T12:31:32.541+0000] {processor.py:183} INFO - Processing /opt/airflow/dags/011_dbt_transforms.py took 0.222 seconds
[2025-11-28T12:32:03.176+0000] {processor.py:161} INFO - Started process (PID=3144) to work on /opt/airflow/dags/011_dbt_transforms.py
[2025-11-28T12:32:03.179+0000] {processor.py:830} INFO - Processing file /opt/airflow/dags/011_dbt_transforms.py for tasks to queue
[2025-11-28T12:32:03.182+0000] {logging_mixin.py:188} INFO - [2025-11-28T12:32:03.181+0000] {dagbag.py:538} INFO - Filling up the DagBag from /opt/airflow/dags/011_dbt_transforms.py
[2025-11-28T12:32:03.215+0000] {processor.py:840} INFO - DAG(s) 'dbt_transforms' retrieved from /opt/airflow/dags/011_dbt_transforms.py
[2025-11-28T12:32:03.290+0000] {logging_mixin.py:188} INFO - [2025-11-28T12:32:03.289+0000] {dag.py:3036} INFO - Sync 1 DAGs
[2025-11-28T12:32:03.362+0000] {logging_mixin.py:188} INFO - [2025-11-28T12:32:03.361+0000] {dag.py:3823} INFO - Setting next_dagrun for dbt_transforms to None, run_after=None
[2025-11-28T12:32:03.450+0000] {processor.py:183} INFO - Processing /opt/airflow/dags/011_dbt_transforms.py took 0.282 seconds
[2025-11-28T12:32:34.015+0000] {processor.py:161} INFO - Started process (PID=3214) to work on /opt/airflow/dags/011_dbt_transforms.py
[2025-11-28T12:32:34.018+0000] {processor.py:830} INFO - Processing file /opt/airflow/dags/011_dbt_transforms.py for tasks to queue
[2025-11-28T12:32:34.024+0000] {logging_mixin.py:188} INFO - [2025-11-28T12:32:34.022+0000] {dagbag.py:538} INFO - Filling up the DagBag from /opt/airflow/dags/011_dbt_transforms.py
[2025-11-28T12:32:34.052+0000] {processor.py:840} INFO - DAG(s) 'dbt_transforms' retrieved from /opt/airflow/dags/011_dbt_transforms.py
[2025-11-28T12:32:34.118+0000] {logging_mixin.py:188} INFO - [2025-11-28T12:32:34.117+0000] {dag.py:3036} INFO - Sync 1 DAGs
[2025-11-28T12:32:34.165+0000] {logging_mixin.py:188} INFO - [2025-11-28T12:32:34.164+0000] {dag.py:3823} INFO - Setting next_dagrun for dbt_transforms to None, run_after=None
[2025-11-28T12:32:34.235+0000] {processor.py:183} INFO - Processing /opt/airflow/dags/011_dbt_transforms.py took 0.231 seconds
[2025-11-28T12:33:04.286+0000] {processor.py:161} INFO - Started process (PID=3281) to work on /opt/airflow/dags/011_dbt_transforms.py
[2025-11-28T12:33:04.289+0000] {processor.py:830} INFO - Processing file /opt/airflow/dags/011_dbt_transforms.py for tasks to queue
[2025-11-28T12:33:04.291+0000] {logging_mixin.py:188} INFO - [2025-11-28T12:33:04.291+0000] {dagbag.py:538} INFO - Filling up the DagBag from /opt/airflow/dags/011_dbt_transforms.py
[2025-11-28T12:33:04.354+0000] {processor.py:840} INFO - DAG(s) 'dbt_transforms' retrieved from /opt/airflow/dags/011_dbt_transforms.py
[2025-11-28T12:33:04.472+0000] {logging_mixin.py:188} INFO - [2025-11-28T12:33:04.472+0000] {dag.py:3036} INFO - Sync 1 DAGs
[2025-11-28T12:33:04.530+0000] {logging_mixin.py:188} INFO - [2025-11-28T12:33:04.529+0000] {dag.py:3823} INFO - Setting next_dagrun for dbt_transforms to None, run_after=None
[2025-11-28T12:33:04.589+0000] {processor.py:183} INFO - Processing /opt/airflow/dags/011_dbt_transforms.py took 0.309 seconds
[2025-11-28T12:33:34.978+0000] {processor.py:161} INFO - Started process (PID=3330) to work on /opt/airflow/dags/011_dbt_transforms.py
[2025-11-28T12:33:34.980+0000] {processor.py:830} INFO - Processing file /opt/airflow/dags/011_dbt_transforms.py for tasks to queue
[2025-11-28T12:33:34.983+0000] {logging_mixin.py:188} INFO - [2025-11-28T12:33:34.982+0000] {dagbag.py:538} INFO - Filling up the DagBag from /opt/airflow/dags/011_dbt_transforms.py
[2025-11-28T12:33:35.018+0000] {processor.py:840} INFO - DAG(s) 'dbt_transforms' retrieved from /opt/airflow/dags/011_dbt_transforms.py
[2025-11-28T12:33:35.082+0000] {logging_mixin.py:188} INFO - [2025-11-28T12:33:35.081+0000] {dag.py:3036} INFO - Sync 1 DAGs
[2025-11-28T12:33:35.144+0000] {logging_mixin.py:188} INFO - [2025-11-28T12:33:35.143+0000] {dag.py:3823} INFO - Setting next_dagrun for dbt_transforms to None, run_after=None
[2025-11-28T12:33:35.202+0000] {processor.py:183} INFO - Processing /opt/airflow/dags/011_dbt_transforms.py took 0.232 seconds
[2025-11-28T12:34:05.908+0000] {processor.py:161} INFO - Started process (PID=3400) to work on /opt/airflow/dags/011_dbt_transforms.py
[2025-11-28T12:34:05.911+0000] {processor.py:830} INFO - Processing file /opt/airflow/dags/011_dbt_transforms.py for tasks to queue
[2025-11-28T12:34:05.914+0000] {logging_mixin.py:188} INFO - [2025-11-28T12:34:05.913+0000] {dagbag.py:538} INFO - Filling up the DagBag from /opt/airflow/dags/011_dbt_transforms.py
[2025-11-28T12:34:05.937+0000] {processor.py:840} INFO - DAG(s) 'dbt_transforms' retrieved from /opt/airflow/dags/011_dbt_transforms.py
[2025-11-28T12:34:06.008+0000] {logging_mixin.py:188} INFO - [2025-11-28T12:34:06.008+0000] {dag.py:3036} INFO - Sync 1 DAGs
[2025-11-28T12:34:06.061+0000] {logging_mixin.py:188} INFO - [2025-11-28T12:34:06.060+0000] {dag.py:3823} INFO - Setting next_dagrun for dbt_transforms to None, run_after=None
[2025-11-28T12:34:06.124+0000] {processor.py:183} INFO - Processing /opt/airflow/dags/011_dbt_transforms.py took 0.224 seconds
[2025-11-28T12:34:36.305+0000] {processor.py:161} INFO - Started process (PID=3470) to work on /opt/airflow/dags/011_dbt_transforms.py
[2025-11-28T12:34:36.307+0000] {processor.py:830} INFO - Processing file /opt/airflow/dags/011_dbt_transforms.py for tasks to queue
[2025-11-28T12:34:36.309+0000] {logging_mixin.py:188} INFO - [2025-11-28T12:34:36.309+0000] {dagbag.py:538} INFO - Filling up the DagBag from /opt/airflow/dags/011_dbt_transforms.py
[2025-11-28T12:34:36.331+0000] {processor.py:840} INFO - DAG(s) 'dbt_transforms' retrieved from /opt/airflow/dags/011_dbt_transforms.py
[2025-11-28T12:34:36.395+0000] {logging_mixin.py:188} INFO - [2025-11-28T12:34:36.395+0000] {dag.py:3036} INFO - Sync 1 DAGs
[2025-11-28T12:34:36.506+0000] {logging_mixin.py:188} INFO - [2025-11-28T12:34:36.505+0000] {dag.py:3823} INFO - Setting next_dagrun for dbt_transforms to None, run_after=None
[2025-11-28T12:34:36.568+0000] {processor.py:183} INFO - Processing /opt/airflow/dags/011_dbt_transforms.py took 0.272 seconds
[2025-11-28T12:35:07.111+0000] {processor.py:161} INFO - Started process (PID=3540) to work on /opt/airflow/dags/011_dbt_transforms.py
[2025-11-28T12:35:07.113+0000] {processor.py:830} INFO - Processing file /opt/airflow/dags/011_dbt_transforms.py for tasks to queue
[2025-11-28T12:35:07.115+0000] {logging_mixin.py:188} INFO - [2025-11-28T12:35:07.114+0000] {dagbag.py:538} INFO - Filling up the DagBag from /opt/airflow/dags/011_dbt_transforms.py
[2025-11-28T12:35:07.138+0000] {processor.py:840} INFO - DAG(s) 'dbt_transforms' retrieved from /opt/airflow/dags/011_dbt_transforms.py
[2025-11-28T12:35:07.197+0000] {logging_mixin.py:188} INFO - [2025-11-28T12:35:07.197+0000] {dag.py:3036} INFO - Sync 1 DAGs
[2025-11-28T12:35:07.247+0000] {logging_mixin.py:188} INFO - [2025-11-28T12:35:07.246+0000] {dag.py:3823} INFO - Setting next_dagrun for dbt_transforms to None, run_after=None
[2025-11-28T12:35:07.310+0000] {processor.py:183} INFO - Processing /opt/airflow/dags/011_dbt_transforms.py took 0.206 seconds
[2025-11-28T12:35:37.791+0000] {processor.py:161} INFO - Started process (PID=3610) to work on /opt/airflow/dags/011_dbt_transforms.py
[2025-11-28T12:35:37.794+0000] {processor.py:830} INFO - Processing file /opt/airflow/dags/011_dbt_transforms.py for tasks to queue
[2025-11-28T12:35:37.796+0000] {logging_mixin.py:188} INFO - [2025-11-28T12:35:37.796+0000] {dagbag.py:538} INFO - Filling up the DagBag from /opt/airflow/dags/011_dbt_transforms.py
[2025-11-28T12:35:37.822+0000] {processor.py:840} INFO - DAG(s) 'dbt_transforms' retrieved from /opt/airflow/dags/011_dbt_transforms.py
[2025-11-28T12:35:37.889+0000] {logging_mixin.py:188} INFO - [2025-11-28T12:35:37.889+0000] {dag.py:3036} INFO - Sync 1 DAGs
[2025-11-28T12:35:37.935+0000] {logging_mixin.py:188} INFO - [2025-11-28T12:35:37.934+0000] {dag.py:3823} INFO - Setting next_dagrun for dbt_transforms to None, run_after=None
[2025-11-28T12:35:38.003+0000] {processor.py:183} INFO - Processing /opt/airflow/dags/011_dbt_transforms.py took 0.219 seconds
[2025-11-28T12:36:08.635+0000] {processor.py:161} INFO - Started process (PID=3677) to work on /opt/airflow/dags/011_dbt_transforms.py
[2025-11-28T12:36:08.637+0000] {processor.py:830} INFO - Processing file /opt/airflow/dags/011_dbt_transforms.py for tasks to queue
[2025-11-28T12:36:08.639+0000] {logging_mixin.py:188} INFO - [2025-11-28T12:36:08.639+0000] {dagbag.py:538} INFO - Filling up the DagBag from /opt/airflow/dags/011_dbt_transforms.py
[2025-11-28T12:36:08.665+0000] {processor.py:840} INFO - DAG(s) 'dbt_transforms' retrieved from /opt/airflow/dags/011_dbt_transforms.py
[2025-11-28T12:36:08.733+0000] {logging_mixin.py:188} INFO - [2025-11-28T12:36:08.733+0000] {dag.py:3036} INFO - Sync 1 DAGs
[2025-11-28T12:36:08.784+0000] {logging_mixin.py:188} INFO - [2025-11-28T12:36:08.783+0000] {dag.py:3823} INFO - Setting next_dagrun for dbt_transforms to None, run_after=None
[2025-11-28T12:36:08.850+0000] {processor.py:183} INFO - Processing /opt/airflow/dags/011_dbt_transforms.py took 0.222 seconds
[2025-11-28T12:36:39.506+0000] {processor.py:161} INFO - Started process (PID=3726) to work on /opt/airflow/dags/011_dbt_transforms.py
[2025-11-28T12:36:39.508+0000] {processor.py:830} INFO - Processing file /opt/airflow/dags/011_dbt_transforms.py for tasks to queue
[2025-11-28T12:36:39.509+0000] {logging_mixin.py:188} INFO - [2025-11-28T12:36:39.509+0000] {dagbag.py:538} INFO - Filling up the DagBag from /opt/airflow/dags/011_dbt_transforms.py
[2025-11-28T12:36:39.534+0000] {processor.py:840} INFO - DAG(s) 'dbt_transforms' retrieved from /opt/airflow/dags/011_dbt_transforms.py
[2025-11-28T12:36:39.632+0000] {logging_mixin.py:188} INFO - [2025-11-28T12:36:39.632+0000] {dag.py:3036} INFO - Sync 1 DAGs
[2025-11-28T12:36:39.708+0000] {logging_mixin.py:188} INFO - [2025-11-28T12:36:39.707+0000] {dag.py:3823} INFO - Setting next_dagrun for dbt_transforms to None, run_after=None
[2025-11-28T12:36:39.811+0000] {processor.py:183} INFO - Processing /opt/airflow/dags/011_dbt_transforms.py took 0.312 seconds
[2025-11-28T12:37:10.191+0000] {processor.py:161} INFO - Started process (PID=3796) to work on /opt/airflow/dags/011_dbt_transforms.py
[2025-11-28T12:37:10.193+0000] {processor.py:830} INFO - Processing file /opt/airflow/dags/011_dbt_transforms.py for tasks to queue
[2025-11-28T12:37:10.195+0000] {logging_mixin.py:188} INFO - [2025-11-28T12:37:10.195+0000] {dagbag.py:538} INFO - Filling up the DagBag from /opt/airflow/dags/011_dbt_transforms.py
[2025-11-28T12:37:10.217+0000] {processor.py:840} INFO - DAG(s) 'dbt_transforms' retrieved from /opt/airflow/dags/011_dbt_transforms.py
[2025-11-28T12:37:10.277+0000] {logging_mixin.py:188} INFO - [2025-11-28T12:37:10.277+0000] {dag.py:3036} INFO - Sync 1 DAGs
[2025-11-28T12:37:10.322+0000] {logging_mixin.py:188} INFO - [2025-11-28T12:37:10.322+0000] {dag.py:3823} INFO - Setting next_dagrun for dbt_transforms to None, run_after=None
[2025-11-28T12:37:10.391+0000] {processor.py:183} INFO - Processing /opt/airflow/dags/011_dbt_transforms.py took 0.207 seconds
[2025-11-28T12:37:40.441+0000] {processor.py:161} INFO - Started process (PID=3866) to work on /opt/airflow/dags/011_dbt_transforms.py
[2025-11-28T12:37:40.443+0000] {processor.py:830} INFO - Processing file /opt/airflow/dags/011_dbt_transforms.py for tasks to queue
[2025-11-28T12:37:40.445+0000] {logging_mixin.py:188} INFO - [2025-11-28T12:37:40.444+0000] {dagbag.py:538} INFO - Filling up the DagBag from /opt/airflow/dags/011_dbt_transforms.py
[2025-11-28T12:37:40.469+0000] {processor.py:840} INFO - DAG(s) 'dbt_transforms' retrieved from /opt/airflow/dags/011_dbt_transforms.py
[2025-11-28T12:37:40.554+0000] {logging_mixin.py:188} INFO - [2025-11-28T12:37:40.553+0000] {dag.py:3036} INFO - Sync 1 DAGs
[2025-11-28T12:37:40.600+0000] {logging_mixin.py:188} INFO - [2025-11-28T12:37:40.600+0000] {dag.py:3823} INFO - Setting next_dagrun for dbt_transforms to None, run_after=None
[2025-11-28T12:37:40.659+0000] {processor.py:183} INFO - Processing /opt/airflow/dags/011_dbt_transforms.py took 0.225 seconds
[2025-11-28T12:38:11.011+0000] {processor.py:161} INFO - Started process (PID=3936) to work on /opt/airflow/dags/011_dbt_transforms.py
[2025-11-28T12:38:11.014+0000] {processor.py:830} INFO - Processing file /opt/airflow/dags/011_dbt_transforms.py for tasks to queue
[2025-11-28T12:38:11.016+0000] {logging_mixin.py:188} INFO - [2025-11-28T12:38:11.015+0000] {dagbag.py:538} INFO - Filling up the DagBag from /opt/airflow/dags/011_dbt_transforms.py
[2025-11-28T12:38:11.040+0000] {processor.py:840} INFO - DAG(s) 'dbt_transforms' retrieved from /opt/airflow/dags/011_dbt_transforms.py
[2025-11-28T12:38:11.117+0000] {logging_mixin.py:188} INFO - [2025-11-28T12:38:11.117+0000] {dag.py:3036} INFO - Sync 1 DAGs
[2025-11-28T12:38:11.166+0000] {logging_mixin.py:188} INFO - [2025-11-28T12:38:11.165+0000] {dag.py:3823} INFO - Setting next_dagrun for dbt_transforms to None, run_after=None
[2025-11-28T12:38:11.235+0000] {processor.py:183} INFO - Processing /opt/airflow/dags/011_dbt_transforms.py took 0.232 seconds
[2025-11-28T12:38:41.806+0000] {processor.py:161} INFO - Started process (PID=4004) to work on /opt/airflow/dags/011_dbt_transforms.py
[2025-11-28T12:38:41.809+0000] {processor.py:830} INFO - Processing file /opt/airflow/dags/011_dbt_transforms.py for tasks to queue
[2025-11-28T12:38:41.811+0000] {logging_mixin.py:188} INFO - [2025-11-28T12:38:41.810+0000] {dagbag.py:538} INFO - Filling up the DagBag from /opt/airflow/dags/011_dbt_transforms.py
[2025-11-28T12:38:41.839+0000] {processor.py:840} INFO - DAG(s) 'dbt_transforms' retrieved from /opt/airflow/dags/011_dbt_transforms.py
[2025-11-28T12:38:41.941+0000] {logging_mixin.py:188} INFO - [2025-11-28T12:38:41.940+0000] {dag.py:3036} INFO - Sync 1 DAGs
[2025-11-28T12:38:42.028+0000] {logging_mixin.py:188} INFO - [2025-11-28T12:38:42.027+0000] {dag.py:3823} INFO - Setting next_dagrun for dbt_transforms to None, run_after=None
[2025-11-28T12:38:42.175+0000] {processor.py:183} INFO - Processing /opt/airflow/dags/011_dbt_transforms.py took 0.376 seconds
[2025-11-28T12:39:12.544+0000] {processor.py:161} INFO - Started process (PID=4052) to work on /opt/airflow/dags/011_dbt_transforms.py
[2025-11-28T12:39:12.546+0000] {processor.py:830} INFO - Processing file /opt/airflow/dags/011_dbt_transforms.py for tasks to queue
[2025-11-28T12:39:12.548+0000] {logging_mixin.py:188} INFO - [2025-11-28T12:39:12.547+0000] {dagbag.py:538} INFO - Filling up the DagBag from /opt/airflow/dags/011_dbt_transforms.py
[2025-11-28T12:39:12.575+0000] {processor.py:840} INFO - DAG(s) 'dbt_transforms' retrieved from /opt/airflow/dags/011_dbt_transforms.py
[2025-11-28T12:39:12.640+0000] {logging_mixin.py:188} INFO - [2025-11-28T12:39:12.639+0000] {dag.py:3036} INFO - Sync 1 DAGs
[2025-11-28T12:39:12.684+0000] {logging_mixin.py:188} INFO - [2025-11-28T12:39:12.683+0000] {dag.py:3823} INFO - Setting next_dagrun for dbt_transforms to None, run_after=None
[2025-11-28T12:39:12.748+0000] {processor.py:183} INFO - Processing /opt/airflow/dags/011_dbt_transforms.py took 0.210 seconds
[2025-11-28T12:39:43.416+0000] {processor.py:161} INFO - Started process (PID=4122) to work on /opt/airflow/dags/011_dbt_transforms.py
[2025-11-28T12:39:43.419+0000] {processor.py:830} INFO - Processing file /opt/airflow/dags/011_dbt_transforms.py for tasks to queue
[2025-11-28T12:39:43.423+0000] {logging_mixin.py:188} INFO - [2025-11-28T12:39:43.422+0000] {dagbag.py:538} INFO - Filling up the DagBag from /opt/airflow/dags/011_dbt_transforms.py
[2025-11-28T12:39:43.448+0000] {processor.py:840} INFO - DAG(s) 'dbt_transforms' retrieved from /opt/airflow/dags/011_dbt_transforms.py
[2025-11-28T12:39:43.522+0000] {logging_mixin.py:188} INFO - [2025-11-28T12:39:43.521+0000] {dag.py:3036} INFO - Sync 1 DAGs
[2025-11-28T12:39:43.591+0000] {logging_mixin.py:188} INFO - [2025-11-28T12:39:43.590+0000] {dag.py:3823} INFO - Setting next_dagrun for dbt_transforms to None, run_after=None
[2025-11-28T12:39:43.656+0000] {processor.py:183} INFO - Processing /opt/airflow/dags/011_dbt_transforms.py took 0.248 seconds
[2025-11-28T12:40:14.152+0000] {processor.py:161} INFO - Started process (PID=4190) to work on /opt/airflow/dags/011_dbt_transforms.py
[2025-11-28T12:40:14.155+0000] {processor.py:830} INFO - Processing file /opt/airflow/dags/011_dbt_transforms.py for tasks to queue
[2025-11-28T12:40:14.158+0000] {logging_mixin.py:188} INFO - [2025-11-28T12:40:14.157+0000] {dagbag.py:538} INFO - Filling up the DagBag from /opt/airflow/dags/011_dbt_transforms.py
[2025-11-28T12:40:14.196+0000] {processor.py:840} INFO - DAG(s) 'dbt_transforms' retrieved from /opt/airflow/dags/011_dbt_transforms.py
[2025-11-28T12:40:14.335+0000] {logging_mixin.py:188} INFO - [2025-11-28T12:40:14.334+0000] {dag.py:3036} INFO - Sync 1 DAGs
[2025-11-28T12:40:14.460+0000] {logging_mixin.py:188} INFO - [2025-11-28T12:40:14.458+0000] {dag.py:3823} INFO - Setting next_dagrun for dbt_transforms to None, run_after=None
[2025-11-28T12:40:14.599+0000] {processor.py:183} INFO - Processing /opt/airflow/dags/011_dbt_transforms.py took 0.458 seconds
[2025-11-28T12:40:44.807+0000] {processor.py:161} INFO - Started process (PID=4241) to work on /opt/airflow/dags/011_dbt_transforms.py
[2025-11-28T12:40:44.808+0000] {processor.py:830} INFO - Processing file /opt/airflow/dags/011_dbt_transforms.py for tasks to queue
[2025-11-28T12:40:44.810+0000] {logging_mixin.py:188} INFO - [2025-11-28T12:40:44.809+0000] {dagbag.py:538} INFO - Filling up the DagBag from /opt/airflow/dags/011_dbt_transforms.py
[2025-11-28T12:40:44.833+0000] {processor.py:840} INFO - DAG(s) 'dbt_transforms' retrieved from /opt/airflow/dags/011_dbt_transforms.py
[2025-11-28T12:40:44.904+0000] {logging_mixin.py:188} INFO - [2025-11-28T12:40:44.903+0000] {dag.py:3036} INFO - Sync 1 DAGs
[2025-11-28T12:40:44.963+0000] {logging_mixin.py:188} INFO - [2025-11-28T12:40:44.963+0000] {dag.py:3823} INFO - Setting next_dagrun for dbt_transforms to None, run_after=None
[2025-11-28T12:40:45.039+0000] {processor.py:183} INFO - Processing /opt/airflow/dags/011_dbt_transforms.py took 0.239 seconds
[2025-11-28T12:41:15.185+0000] {processor.py:161} INFO - Started process (PID=4311) to work on /opt/airflow/dags/011_dbt_transforms.py
[2025-11-28T12:41:15.187+0000] {processor.py:830} INFO - Processing file /opt/airflow/dags/011_dbt_transforms.py for tasks to queue
[2025-11-28T12:41:15.190+0000] {logging_mixin.py:188} INFO - [2025-11-28T12:41:15.189+0000] {dagbag.py:538} INFO - Filling up the DagBag from /opt/airflow/dags/011_dbt_transforms.py
[2025-11-28T12:41:15.222+0000] {processor.py:840} INFO - DAG(s) 'dbt_transforms' retrieved from /opt/airflow/dags/011_dbt_transforms.py
[2025-11-28T12:41:15.324+0000] {logging_mixin.py:188} INFO - [2025-11-28T12:41:15.323+0000] {dag.py:3036} INFO - Sync 1 DAGs
[2025-11-28T12:41:15.438+0000] {logging_mixin.py:188} INFO - [2025-11-28T12:41:15.437+0000] {dag.py:3823} INFO - Setting next_dagrun for dbt_transforms to None, run_after=None
[2025-11-28T12:41:15.591+0000] {processor.py:183} INFO - Processing /opt/airflow/dags/011_dbt_transforms.py took 0.412 seconds
[2025-11-28T12:41:45.966+0000] {processor.py:161} INFO - Started process (PID=4378) to work on /opt/airflow/dags/011_dbt_transforms.py
[2025-11-28T12:41:45.967+0000] {processor.py:830} INFO - Processing file /opt/airflow/dags/011_dbt_transforms.py for tasks to queue
[2025-11-28T12:41:45.969+0000] {logging_mixin.py:188} INFO - [2025-11-28T12:41:45.969+0000] {dagbag.py:538} INFO - Filling up the DagBag from /opt/airflow/dags/011_dbt_transforms.py
[2025-11-28T12:41:45.990+0000] {processor.py:840} INFO - DAG(s) 'dbt_transforms' retrieved from /opt/airflow/dags/011_dbt_transforms.py
[2025-11-28T12:41:46.060+0000] {logging_mixin.py:188} INFO - [2025-11-28T12:41:46.059+0000] {dag.py:3036} INFO - Sync 1 DAGs
[2025-11-28T12:41:46.103+0000] {logging_mixin.py:188} INFO - [2025-11-28T12:41:46.103+0000] {dag.py:3823} INFO - Setting next_dagrun for dbt_transforms to None, run_after=None
[2025-11-28T12:41:46.166+0000] {processor.py:183} INFO - Processing /opt/airflow/dags/011_dbt_transforms.py took 0.206 seconds
[2025-11-28T12:42:16.695+0000] {processor.py:161} INFO - Started process (PID=4427) to work on /opt/airflow/dags/011_dbt_transforms.py
[2025-11-28T12:42:16.697+0000] {processor.py:830} INFO - Processing file /opt/airflow/dags/011_dbt_transforms.py for tasks to queue
[2025-11-28T12:42:16.699+0000] {logging_mixin.py:188} INFO - [2025-11-28T12:42:16.699+0000] {dagbag.py:538} INFO - Filling up the DagBag from /opt/airflow/dags/011_dbt_transforms.py
[2025-11-28T12:42:16.722+0000] {processor.py:840} INFO - DAG(s) 'dbt_transforms' retrieved from /opt/airflow/dags/011_dbt_transforms.py
[2025-11-28T12:42:16.788+0000] {logging_mixin.py:188} INFO - [2025-11-28T12:42:16.788+0000] {dag.py:3036} INFO - Sync 1 DAGs
[2025-11-28T12:42:16.832+0000] {logging_mixin.py:188} INFO - [2025-11-28T12:42:16.831+0000] {dag.py:3823} INFO - Setting next_dagrun for dbt_transforms to None, run_after=None
[2025-11-28T12:42:16.898+0000] {processor.py:183} INFO - Processing /opt/airflow/dags/011_dbt_transforms.py took 0.210 seconds
[2025-11-28T13:22:22.798+0000] {processor.py:161} INFO - Started process (PID=4527) to work on /opt/airflow/dags/011_dbt_transforms.py
[2025-11-28T13:22:22.803+0000] {processor.py:830} INFO - Processing file /opt/airflow/dags/011_dbt_transforms.py for tasks to queue
[2025-11-28T13:22:22.813+0000] {logging_mixin.py:188} INFO - [2025-11-28T13:22:22.812+0000] {dagbag.py:538} INFO - Filling up the DagBag from /opt/airflow/dags/011_dbt_transforms.py
[2025-11-28T13:22:22.917+0000] {processor.py:840} INFO - DAG(s) 'dbt_transforms' retrieved from /opt/airflow/dags/011_dbt_transforms.py
[2025-11-28T13:22:23.073+0000] {logging_mixin.py:188} INFO - [2025-11-28T13:22:23.072+0000] {dag.py:3036} INFO - Sync 1 DAGs
[2025-11-28T13:22:23.155+0000] {logging_mixin.py:188} INFO - [2025-11-28T13:22:23.154+0000] {dag.py:3823} INFO - Setting next_dagrun for dbt_transforms to None, run_after=None
[2025-11-28T13:22:23.261+0000] {processor.py:183} INFO - Processing /opt/airflow/dags/011_dbt_transforms.py took 0.479 seconds
[2025-11-28T13:22:53.446+0000] {processor.py:161} INFO - Started process (PID=4590) to work on /opt/airflow/dags/011_dbt_transforms.py
[2025-11-28T13:22:53.448+0000] {processor.py:830} INFO - Processing file /opt/airflow/dags/011_dbt_transforms.py for tasks to queue
[2025-11-28T13:22:53.451+0000] {logging_mixin.py:188} INFO - [2025-11-28T13:22:53.450+0000] {dagbag.py:538} INFO - Filling up the DagBag from /opt/airflow/dags/011_dbt_transforms.py
[2025-11-28T13:22:53.481+0000] {processor.py:840} INFO - DAG(s) 'dbt_transforms' retrieved from /opt/airflow/dags/011_dbt_transforms.py
[2025-11-28T13:22:53.581+0000] {logging_mixin.py:188} INFO - [2025-11-28T13:22:53.580+0000] {dag.py:3036} INFO - Sync 1 DAGs
[2025-11-28T13:22:53.994+0000] {logging_mixin.py:188} INFO - [2025-11-28T13:22:53.994+0000] {dag.py:3823} INFO - Setting next_dagrun for dbt_transforms to None, run_after=None
[2025-11-28T13:22:54.078+0000] {processor.py:183} INFO - Processing /opt/airflow/dags/011_dbt_transforms.py took 0.640 seconds
[2025-11-28T13:23:24.737+0000] {processor.py:161} INFO - Started process (PID=4645) to work on /opt/airflow/dags/011_dbt_transforms.py
[2025-11-28T13:23:24.740+0000] {processor.py:830} INFO - Processing file /opt/airflow/dags/011_dbt_transforms.py for tasks to queue
[2025-11-28T13:23:24.742+0000] {logging_mixin.py:188} INFO - [2025-11-28T13:23:24.741+0000] {dagbag.py:538} INFO - Filling up the DagBag from /opt/airflow/dags/011_dbt_transforms.py
[2025-11-28T13:23:24.766+0000] {processor.py:840} INFO - DAG(s) 'dbt_transforms' retrieved from /opt/airflow/dags/011_dbt_transforms.py
[2025-11-28T13:23:24.841+0000] {logging_mixin.py:188} INFO - [2025-11-28T13:23:24.840+0000] {dag.py:3036} INFO - Sync 1 DAGs
[2025-11-28T13:23:24.884+0000] {logging_mixin.py:188} INFO - [2025-11-28T13:23:24.884+0000] {dag.py:3823} INFO - Setting next_dagrun for dbt_transforms to None, run_after=None
[2025-11-28T13:23:24.946+0000] {processor.py:183} INFO - Processing /opt/airflow/dags/011_dbt_transforms.py took 0.217 seconds
[2025-11-28T13:23:55.254+0000] {processor.py:161} INFO - Started process (PID=4715) to work on /opt/airflow/dags/011_dbt_transforms.py
[2025-11-28T13:23:55.257+0000] {processor.py:830} INFO - Processing file /opt/airflow/dags/011_dbt_transforms.py for tasks to queue
[2025-11-28T13:23:55.260+0000] {logging_mixin.py:188} INFO - [2025-11-28T13:23:55.259+0000] {dagbag.py:538} INFO - Filling up the DagBag from /opt/airflow/dags/011_dbt_transforms.py
[2025-11-28T13:23:55.291+0000] {processor.py:840} INFO - DAG(s) 'dbt_transforms' retrieved from /opt/airflow/dags/011_dbt_transforms.py
[2025-11-28T13:23:55.376+0000] {logging_mixin.py:188} INFO - [2025-11-28T13:23:55.375+0000] {dag.py:3036} INFO - Sync 1 DAGs
[2025-11-28T13:23:55.424+0000] {logging_mixin.py:188} INFO - [2025-11-28T13:23:55.423+0000] {dag.py:3823} INFO - Setting next_dagrun for dbt_transforms to None, run_after=None
[2025-11-28T13:23:55.502+0000] {processor.py:183} INFO - Processing /opt/airflow/dags/011_dbt_transforms.py took 0.258 seconds
[2025-11-28T13:24:25.960+0000] {processor.py:161} INFO - Started process (PID=4785) to work on /opt/airflow/dags/011_dbt_transforms.py
[2025-11-28T13:24:25.962+0000] {processor.py:830} INFO - Processing file /opt/airflow/dags/011_dbt_transforms.py for tasks to queue
[2025-11-28T13:24:25.965+0000] {logging_mixin.py:188} INFO - [2025-11-28T13:24:25.964+0000] {dagbag.py:538} INFO - Filling up the DagBag from /opt/airflow/dags/011_dbt_transforms.py
[2025-11-28T13:24:25.987+0000] {processor.py:840} INFO - DAG(s) 'dbt_transforms' retrieved from /opt/airflow/dags/011_dbt_transforms.py
[2025-11-28T13:24:26.061+0000] {logging_mixin.py:188} INFO - [2025-11-28T13:24:26.060+0000] {dag.py:3036} INFO - Sync 1 DAGs
[2025-11-28T13:24:26.117+0000] {logging_mixin.py:188} INFO - [2025-11-28T13:24:26.116+0000] {dag.py:3823} INFO - Setting next_dagrun for dbt_transforms to None, run_after=None
[2025-11-28T13:24:26.174+0000] {processor.py:183} INFO - Processing /opt/airflow/dags/011_dbt_transforms.py took 0.221 seconds
[2025-11-28T13:24:56.857+0000] {processor.py:161} INFO - Started process (PID=4869) to work on /opt/airflow/dags/011_dbt_transforms.py
[2025-11-28T13:24:56.859+0000] {processor.py:830} INFO - Processing file /opt/airflow/dags/011_dbt_transforms.py for tasks to queue
[2025-11-28T13:24:56.861+0000] {logging_mixin.py:188} INFO - [2025-11-28T13:24:56.860+0000] {dagbag.py:538} INFO - Filling up the DagBag from /opt/airflow/dags/011_dbt_transforms.py
[2025-11-28T13:24:56.881+0000] {processor.py:840} INFO - DAG(s) 'dbt_transforms' retrieved from /opt/airflow/dags/011_dbt_transforms.py
[2025-11-28T13:24:56.965+0000] {logging_mixin.py:188} INFO - [2025-11-28T13:24:56.964+0000] {dag.py:3036} INFO - Sync 1 DAGs
[2025-11-28T13:24:57.017+0000] {logging_mixin.py:188} INFO - [2025-11-28T13:24:57.017+0000] {dag.py:3823} INFO - Setting next_dagrun for dbt_transforms to None, run_after=None
[2025-11-28T13:24:57.101+0000] {processor.py:183} INFO - Processing /opt/airflow/dags/011_dbt_transforms.py took 0.250 seconds
[2025-11-28T13:25:27.493+0000] {processor.py:161} INFO - Started process (PID=4901) to work on /opt/airflow/dags/011_dbt_transforms.py
[2025-11-28T13:25:27.495+0000] {processor.py:830} INFO - Processing file /opt/airflow/dags/011_dbt_transforms.py for tasks to queue
[2025-11-28T13:25:27.497+0000] {logging_mixin.py:188} INFO - [2025-11-28T13:25:27.496+0000] {dagbag.py:538} INFO - Filling up the DagBag from /opt/airflow/dags/011_dbt_transforms.py
[2025-11-28T13:25:27.523+0000] {processor.py:840} INFO - DAG(s) 'dbt_transforms' retrieved from /opt/airflow/dags/011_dbt_transforms.py
[2025-11-28T13:25:27.593+0000] {logging_mixin.py:188} INFO - [2025-11-28T13:25:27.593+0000] {dag.py:3036} INFO - Sync 1 DAGs
[2025-11-28T13:25:27.657+0000] {logging_mixin.py:188} INFO - [2025-11-28T13:25:27.656+0000] {dag.py:3823} INFO - Setting next_dagrun for dbt_transforms to None, run_after=None
[2025-11-28T13:25:27.712+0000] {processor.py:183} INFO - Processing /opt/airflow/dags/011_dbt_transforms.py took 0.227 seconds
[2025-11-28T13:25:58.207+0000] {processor.py:161} INFO - Started process (PID=4971) to work on /opt/airflow/dags/011_dbt_transforms.py
[2025-11-28T13:25:58.209+0000] {processor.py:830} INFO - Processing file /opt/airflow/dags/011_dbt_transforms.py for tasks to queue
[2025-11-28T13:25:58.212+0000] {logging_mixin.py:188} INFO - [2025-11-28T13:25:58.211+0000] {dagbag.py:538} INFO - Filling up the DagBag from /opt/airflow/dags/011_dbt_transforms.py
[2025-11-28T13:25:58.248+0000] {processor.py:840} INFO - DAG(s) 'dbt_transforms' retrieved from /opt/airflow/dags/011_dbt_transforms.py
[2025-11-28T13:25:58.316+0000] {logging_mixin.py:188} INFO - [2025-11-28T13:25:58.316+0000] {dag.py:3036} INFO - Sync 1 DAGs
[2025-11-28T13:25:58.357+0000] {logging_mixin.py:188} INFO - [2025-11-28T13:25:58.357+0000] {dag.py:3823} INFO - Setting next_dagrun for dbt_transforms to None, run_after=None
[2025-11-28T13:25:58.420+0000] {processor.py:183} INFO - Processing /opt/airflow/dags/011_dbt_transforms.py took 0.221 seconds
[2025-11-28T13:26:28.971+0000] {processor.py:161} INFO - Started process (PID=5041) to work on /opt/airflow/dags/011_dbt_transforms.py
[2025-11-28T13:26:28.975+0000] {processor.py:830} INFO - Processing file /opt/airflow/dags/011_dbt_transforms.py for tasks to queue
[2025-11-28T13:26:28.980+0000] {logging_mixin.py:188} INFO - [2025-11-28T13:26:28.979+0000] {dagbag.py:538} INFO - Filling up the DagBag from /opt/airflow/dags/011_dbt_transforms.py
[2025-11-28T13:26:29.017+0000] {processor.py:840} INFO - DAG(s) 'dbt_transforms' retrieved from /opt/airflow/dags/011_dbt_transforms.py
[2025-11-28T13:26:29.215+0000] {logging_mixin.py:188} INFO - [2025-11-28T13:26:29.213+0000] {dag.py:3036} INFO - Sync 1 DAGs
[2025-11-28T13:26:29.332+0000] {logging_mixin.py:188} INFO - [2025-11-28T13:26:29.330+0000] {dag.py:3823} INFO - Setting next_dagrun for dbt_transforms to None, run_after=None
[2025-11-28T13:26:29.441+0000] {processor.py:183} INFO - Processing /opt/airflow/dags/011_dbt_transforms.py took 0.482 seconds
[2025-11-28T13:26:59.799+0000] {processor.py:161} INFO - Started process (PID=5111) to work on /opt/airflow/dags/011_dbt_transforms.py
[2025-11-28T13:26:59.802+0000] {processor.py:830} INFO - Processing file /opt/airflow/dags/011_dbt_transforms.py for tasks to queue
[2025-11-28T13:26:59.804+0000] {logging_mixin.py:188} INFO - [2025-11-28T13:26:59.803+0000] {dagbag.py:538} INFO - Filling up the DagBag from /opt/airflow/dags/011_dbt_transforms.py
[2025-11-28T13:26:59.835+0000] {processor.py:840} INFO - DAG(s) 'dbt_transforms' retrieved from /opt/airflow/dags/011_dbt_transforms.py
[2025-11-28T13:26:59.916+0000] {logging_mixin.py:188} INFO - [2025-11-28T13:26:59.915+0000] {dag.py:3036} INFO - Sync 1 DAGs
[2025-11-28T13:26:59.965+0000] {logging_mixin.py:188} INFO - [2025-11-28T13:26:59.964+0000] {dag.py:3823} INFO - Setting next_dagrun for dbt_transforms to None, run_after=None
[2025-11-28T13:27:00.028+0000] {processor.py:183} INFO - Processing /opt/airflow/dags/011_dbt_transforms.py took 0.242 seconds
[2025-11-28T13:27:30.508+0000] {processor.py:161} INFO - Started process (PID=5181) to work on /opt/airflow/dags/011_dbt_transforms.py
[2025-11-28T13:27:30.510+0000] {processor.py:830} INFO - Processing file /opt/airflow/dags/011_dbt_transforms.py for tasks to queue
[2025-11-28T13:27:30.513+0000] {logging_mixin.py:188} INFO - [2025-11-28T13:27:30.512+0000] {dagbag.py:538} INFO - Filling up the DagBag from /opt/airflow/dags/011_dbt_transforms.py
[2025-11-28T13:27:30.535+0000] {processor.py:840} INFO - DAG(s) 'dbt_transforms' retrieved from /opt/airflow/dags/011_dbt_transforms.py
[2025-11-28T13:27:30.600+0000] {logging_mixin.py:188} INFO - [2025-11-28T13:27:30.599+0000] {dag.py:3036} INFO - Sync 1 DAGs
[2025-11-28T13:27:30.638+0000] {logging_mixin.py:188} INFO - [2025-11-28T13:27:30.637+0000] {dag.py:3823} INFO - Setting next_dagrun for dbt_transforms to None, run_after=None
[2025-11-28T13:27:30.700+0000] {processor.py:183} INFO - Processing /opt/airflow/dags/011_dbt_transforms.py took 0.199 seconds
[2025-11-28T13:28:01.480+0000] {processor.py:161} INFO - Started process (PID=5265) to work on /opt/airflow/dags/011_dbt_transforms.py
[2025-11-28T13:28:01.483+0000] {processor.py:830} INFO - Processing file /opt/airflow/dags/011_dbt_transforms.py for tasks to queue
[2025-11-28T13:28:01.486+0000] {logging_mixin.py:188} INFO - [2025-11-28T13:28:01.485+0000] {dagbag.py:538} INFO - Filling up the DagBag from /opt/airflow/dags/011_dbt_transforms.py
[2025-11-28T13:28:01.514+0000] {processor.py:840} INFO - DAG(s) 'dbt_transforms' retrieved from /opt/airflow/dags/011_dbt_transforms.py
[2025-11-28T13:28:01.592+0000] {logging_mixin.py:188} INFO - [2025-11-28T13:28:01.591+0000] {dag.py:3036} INFO - Sync 1 DAGs
[2025-11-28T13:28:01.642+0000] {logging_mixin.py:188} INFO - [2025-11-28T13:28:01.641+0000] {dag.py:3823} INFO - Setting next_dagrun for dbt_transforms to None, run_after=None
[2025-11-28T13:28:01.743+0000] {processor.py:183} INFO - Processing /opt/airflow/dags/011_dbt_transforms.py took 0.273 seconds
[2025-11-28T13:28:32.041+0000] {processor.py:161} INFO - Started process (PID=5297) to work on /opt/airflow/dags/011_dbt_transforms.py
[2025-11-28T13:28:32.045+0000] {processor.py:830} INFO - Processing file /opt/airflow/dags/011_dbt_transforms.py for tasks to queue
[2025-11-28T13:28:32.062+0000] {logging_mixin.py:188} INFO - [2025-11-28T13:28:32.061+0000] {dagbag.py:538} INFO - Filling up the DagBag from /opt/airflow/dags/011_dbt_transforms.py
[2025-11-28T13:28:32.090+0000] {processor.py:840} INFO - DAG(s) 'dbt_transforms' retrieved from /opt/airflow/dags/011_dbt_transforms.py
[2025-11-28T13:28:32.162+0000] {logging_mixin.py:188} INFO - [2025-11-28T13:28:32.162+0000] {dag.py:3036} INFO - Sync 1 DAGs
[2025-11-28T13:28:32.211+0000] {logging_mixin.py:188} INFO - [2025-11-28T13:28:32.211+0000] {dag.py:3823} INFO - Setting next_dagrun for dbt_transforms to None, run_after=None
[2025-11-28T13:28:32.269+0000] {processor.py:183} INFO - Processing /opt/airflow/dags/011_dbt_transforms.py took 0.238 seconds
[2025-11-28T13:29:02.375+0000] {processor.py:161} INFO - Started process (PID=5364) to work on /opt/airflow/dags/011_dbt_transforms.py
[2025-11-28T13:29:02.377+0000] {processor.py:830} INFO - Processing file /opt/airflow/dags/011_dbt_transforms.py for tasks to queue
[2025-11-28T13:29:02.379+0000] {logging_mixin.py:188} INFO - [2025-11-28T13:29:02.378+0000] {dagbag.py:538} INFO - Filling up the DagBag from /opt/airflow/dags/011_dbt_transforms.py
[2025-11-28T13:29:02.398+0000] {processor.py:840} INFO - DAG(s) 'dbt_transforms' retrieved from /opt/airflow/dags/011_dbt_transforms.py
[2025-11-28T13:29:02.463+0000] {logging_mixin.py:188} INFO - [2025-11-28T13:29:02.462+0000] {dag.py:3036} INFO - Sync 1 DAGs
[2025-11-28T13:29:02.501+0000] {logging_mixin.py:188} INFO - [2025-11-28T13:29:02.500+0000] {dag.py:3823} INFO - Setting next_dagrun for dbt_transforms to None, run_after=None
[2025-11-28T13:29:02.560+0000] {processor.py:183} INFO - Processing /opt/airflow/dags/011_dbt_transforms.py took 0.192 seconds
[2025-11-28T13:29:33.348+0000] {processor.py:161} INFO - Started process (PID=5437) to work on /opt/airflow/dags/011_dbt_transforms.py
[2025-11-28T13:29:33.350+0000] {processor.py:830} INFO - Processing file /opt/airflow/dags/011_dbt_transforms.py for tasks to queue
[2025-11-28T13:29:33.352+0000] {logging_mixin.py:188} INFO - [2025-11-28T13:29:33.351+0000] {dagbag.py:538} INFO - Filling up the DagBag from /opt/airflow/dags/011_dbt_transforms.py
[2025-11-28T13:29:33.377+0000] {processor.py:840} INFO - DAG(s) 'dbt_transforms' retrieved from /opt/airflow/dags/011_dbt_transforms.py
[2025-11-28T13:29:33.451+0000] {logging_mixin.py:188} INFO - [2025-11-28T13:29:33.451+0000] {dag.py:3036} INFO - Sync 1 DAGs
[2025-11-28T13:29:33.502+0000] {logging_mixin.py:188} INFO - [2025-11-28T13:29:33.501+0000] {dag.py:3823} INFO - Setting next_dagrun for dbt_transforms to None, run_after=None
[2025-11-28T13:29:33.577+0000] {processor.py:183} INFO - Processing /opt/airflow/dags/011_dbt_transforms.py took 0.236 seconds
[2025-11-28T13:30:03.745+0000] {processor.py:161} INFO - Started process (PID=5504) to work on /opt/airflow/dags/011_dbt_transforms.py
[2025-11-28T13:30:03.747+0000] {processor.py:830} INFO - Processing file /opt/airflow/dags/011_dbt_transforms.py for tasks to queue
[2025-11-28T13:30:03.749+0000] {logging_mixin.py:188} INFO - [2025-11-28T13:30:03.748+0000] {dagbag.py:538} INFO - Filling up the DagBag from /opt/airflow/dags/011_dbt_transforms.py
[2025-11-28T13:30:03.770+0000] {processor.py:840} INFO - DAG(s) 'dbt_transforms' retrieved from /opt/airflow/dags/011_dbt_transforms.py
[2025-11-28T13:30:03.838+0000] {logging_mixin.py:188} INFO - [2025-11-28T13:30:03.837+0000] {dag.py:3036} INFO - Sync 1 DAGs
[2025-11-28T13:30:03.879+0000] {logging_mixin.py:188} INFO - [2025-11-28T13:30:03.878+0000] {dag.py:3823} INFO - Setting next_dagrun for dbt_transforms to None, run_after=None
[2025-11-28T13:30:03.941+0000] {processor.py:183} INFO - Processing /opt/airflow/dags/011_dbt_transforms.py took 0.203 seconds
[2025-11-28T13:30:34.659+0000] {processor.py:161} INFO - Started process (PID=5577) to work on /opt/airflow/dags/011_dbt_transforms.py
[2025-11-28T13:30:34.661+0000] {processor.py:830} INFO - Processing file /opt/airflow/dags/011_dbt_transforms.py for tasks to queue
[2025-11-28T13:30:34.663+0000] {logging_mixin.py:188} INFO - [2025-11-28T13:30:34.662+0000] {dagbag.py:538} INFO - Filling up the DagBag from /opt/airflow/dags/011_dbt_transforms.py
[2025-11-28T13:30:34.687+0000] {processor.py:840} INFO - DAG(s) 'dbt_transforms' retrieved from /opt/airflow/dags/011_dbt_transforms.py
[2025-11-28T13:30:34.766+0000] {logging_mixin.py:188} INFO - [2025-11-28T13:30:34.766+0000] {dag.py:3036} INFO - Sync 1 DAGs
[2025-11-28T13:30:34.819+0000] {logging_mixin.py:188} INFO - [2025-11-28T13:30:34.818+0000] {dag.py:3823} INFO - Setting next_dagrun for dbt_transforms to None, run_after=None
[2025-11-28T13:30:34.905+0000] {processor.py:183} INFO - Processing /opt/airflow/dags/011_dbt_transforms.py took 0.254 seconds
[2025-11-28T13:31:05.227+0000] {processor.py:161} INFO - Started process (PID=5662) to work on /opt/airflow/dags/011_dbt_transforms.py
[2025-11-28T13:31:05.229+0000] {processor.py:830} INFO - Processing file /opt/airflow/dags/011_dbt_transforms.py for tasks to queue
[2025-11-28T13:31:05.232+0000] {logging_mixin.py:188} INFO - [2025-11-28T13:31:05.231+0000] {dagbag.py:538} INFO - Filling up the DagBag from /opt/airflow/dags/011_dbt_transforms.py
[2025-11-28T13:31:05.261+0000] {processor.py:840} INFO - DAG(s) 'dbt_transforms' retrieved from /opt/airflow/dags/011_dbt_transforms.py
[2025-11-28T13:31:05.332+0000] {logging_mixin.py:188} INFO - [2025-11-28T13:31:05.331+0000] {dag.py:3036} INFO - Sync 1 DAGs
[2025-11-28T13:31:05.402+0000] {logging_mixin.py:188} INFO - [2025-11-28T13:31:05.401+0000] {dag.py:3823} INFO - Setting next_dagrun for dbt_transforms to None, run_after=None
[2025-11-28T13:31:05.457+0000] {processor.py:183} INFO - Processing /opt/airflow/dags/011_dbt_transforms.py took 0.238 seconds
[2025-11-28T13:31:36.221+0000] {processor.py:161} INFO - Started process (PID=5715) to work on /opt/airflow/dags/011_dbt_transforms.py
[2025-11-28T13:31:36.227+0000] {processor.py:830} INFO - Processing file /opt/airflow/dags/011_dbt_transforms.py for tasks to queue
[2025-11-28T13:31:36.230+0000] {logging_mixin.py:188} INFO - [2025-11-28T13:31:36.229+0000] {dagbag.py:538} INFO - Filling up the DagBag from /opt/airflow/dags/011_dbt_transforms.py
[2025-11-28T13:31:36.258+0000] {processor.py:840} INFO - DAG(s) 'dbt_transforms' retrieved from /opt/airflow/dags/011_dbt_transforms.py
[2025-11-28T13:31:36.336+0000] {logging_mixin.py:188} INFO - [2025-11-28T13:31:36.336+0000] {dag.py:3036} INFO - Sync 1 DAGs
[2025-11-28T13:31:36.395+0000] {logging_mixin.py:188} INFO - [2025-11-28T13:31:36.394+0000] {dag.py:3823} INFO - Setting next_dagrun for dbt_transforms to None, run_after=None
[2025-11-28T13:31:36.457+0000] {processor.py:183} INFO - Processing /opt/airflow/dags/011_dbt_transforms.py took 0.244 seconds
[2025-11-28T13:32:06.877+0000] {processor.py:161} INFO - Started process (PID=5763) to work on /opt/airflow/dags/011_dbt_transforms.py
[2025-11-28T13:32:06.882+0000] {processor.py:830} INFO - Processing file /opt/airflow/dags/011_dbt_transforms.py for tasks to queue
[2025-11-28T13:32:06.887+0000] {logging_mixin.py:188} INFO - [2025-11-28T13:32:06.886+0000] {dagbag.py:538} INFO - Filling up the DagBag from /opt/airflow/dags/011_dbt_transforms.py
[2025-11-28T13:32:06.938+0000] {processor.py:840} INFO - DAG(s) 'dbt_transforms' retrieved from /opt/airflow/dags/011_dbt_transforms.py
[2025-11-28T13:32:07.113+0000] {logging_mixin.py:188} INFO - [2025-11-28T13:32:07.111+0000] {dag.py:3036} INFO - Sync 1 DAGs
[2025-11-28T13:32:07.197+0000] {logging_mixin.py:188} INFO - [2025-11-28T13:32:07.196+0000] {dag.py:3823} INFO - Setting next_dagrun for dbt_transforms to None, run_after=None
[2025-11-28T13:32:07.324+0000] {processor.py:183} INFO - Processing /opt/airflow/dags/011_dbt_transforms.py took 0.460 seconds
[2025-11-28T13:32:37.966+0000] {processor.py:161} INFO - Started process (PID=5833) to work on /opt/airflow/dags/011_dbt_transforms.py
[2025-11-28T13:32:37.968+0000] {processor.py:830} INFO - Processing file /opt/airflow/dags/011_dbt_transforms.py for tasks to queue
[2025-11-28T13:32:37.970+0000] {logging_mixin.py:188} INFO - [2025-11-28T13:32:37.969+0000] {dagbag.py:538} INFO - Filling up the DagBag from /opt/airflow/dags/011_dbt_transforms.py
[2025-11-28T13:32:37.992+0000] {processor.py:840} INFO - DAG(s) 'dbt_transforms' retrieved from /opt/airflow/dags/011_dbt_transforms.py
[2025-11-28T13:32:38.062+0000] {logging_mixin.py:188} INFO - [2025-11-28T13:32:38.061+0000] {dag.py:3036} INFO - Sync 1 DAGs
[2025-11-28T13:32:38.103+0000] {logging_mixin.py:188} INFO - [2025-11-28T13:32:38.102+0000] {dag.py:3823} INFO - Setting next_dagrun for dbt_transforms to None, run_after=None
[2025-11-28T13:32:38.168+0000] {processor.py:183} INFO - Processing /opt/airflow/dags/011_dbt_transforms.py took 0.209 seconds
[2025-11-28T13:33:08.613+0000] {processor.py:161} INFO - Started process (PID=5903) to work on /opt/airflow/dags/011_dbt_transforms.py
[2025-11-28T13:33:08.615+0000] {processor.py:830} INFO - Processing file /opt/airflow/dags/011_dbt_transforms.py for tasks to queue
[2025-11-28T13:33:08.618+0000] {logging_mixin.py:188} INFO - [2025-11-28T13:33:08.617+0000] {dagbag.py:538} INFO - Filling up the DagBag from /opt/airflow/dags/011_dbt_transforms.py
[2025-11-28T13:33:08.641+0000] {processor.py:840} INFO - DAG(s) 'dbt_transforms' retrieved from /opt/airflow/dags/011_dbt_transforms.py
[2025-11-28T13:33:08.736+0000] {logging_mixin.py:188} INFO - [2025-11-28T13:33:08.735+0000] {dag.py:3036} INFO - Sync 1 DAGs
[2025-11-28T13:33:08.814+0000] {logging_mixin.py:188} INFO - [2025-11-28T13:33:08.813+0000] {dag.py:3823} INFO - Setting next_dagrun for dbt_transforms to None, run_after=None
[2025-11-28T13:33:08.905+0000] {processor.py:183} INFO - Processing /opt/airflow/dags/011_dbt_transforms.py took 0.302 seconds
[2025-11-28T13:33:39.102+0000] {processor.py:161} INFO - Started process (PID=5970) to work on /opt/airflow/dags/011_dbt_transforms.py
[2025-11-28T13:33:39.105+0000] {processor.py:830} INFO - Processing file /opt/airflow/dags/011_dbt_transforms.py for tasks to queue
[2025-11-28T13:33:39.108+0000] {logging_mixin.py:188} INFO - [2025-11-28T13:33:39.107+0000] {dagbag.py:538} INFO - Filling up the DagBag from /opt/airflow/dags/011_dbt_transforms.py
[2025-11-28T13:33:39.136+0000] {processor.py:840} INFO - DAG(s) 'dbt_transforms' retrieved from /opt/airflow/dags/011_dbt_transforms.py
[2025-11-28T13:33:39.234+0000] {logging_mixin.py:188} INFO - [2025-11-28T13:33:39.232+0000] {dag.py:3036} INFO - Sync 1 DAGs
[2025-11-28T13:33:39.318+0000] {logging_mixin.py:188} INFO - [2025-11-28T13:33:39.317+0000] {dag.py:3823} INFO - Setting next_dagrun for dbt_transforms to None, run_after=None
[2025-11-28T13:33:39.388+0000] {processor.py:183} INFO - Processing /opt/airflow/dags/011_dbt_transforms.py took 0.296 seconds
[2025-11-28T13:34:09.750+0000] {processor.py:161} INFO - Started process (PID=6040) to work on /opt/airflow/dags/011_dbt_transforms.py
[2025-11-28T13:34:09.752+0000] {processor.py:830} INFO - Processing file /opt/airflow/dags/011_dbt_transforms.py for tasks to queue
[2025-11-28T13:34:09.754+0000] {logging_mixin.py:188} INFO - [2025-11-28T13:34:09.753+0000] {dagbag.py:538} INFO - Filling up the DagBag from /opt/airflow/dags/011_dbt_transforms.py
[2025-11-28T13:34:09.774+0000] {processor.py:840} INFO - DAG(s) 'dbt_transforms' retrieved from /opt/airflow/dags/011_dbt_transforms.py
[2025-11-28T13:34:09.844+0000] {logging_mixin.py:188} INFO - [2025-11-28T13:34:09.844+0000] {dag.py:3036} INFO - Sync 1 DAGs
[2025-11-28T13:34:09.892+0000] {logging_mixin.py:188} INFO - [2025-11-28T13:34:09.892+0000] {dag.py:3823} INFO - Setting next_dagrun for dbt_transforms to None, run_after=None
[2025-11-28T13:34:09.968+0000] {processor.py:183} INFO - Processing /opt/airflow/dags/011_dbt_transforms.py took 0.225 seconds
[2025-11-28T13:34:40.163+0000] {processor.py:161} INFO - Started process (PID=6107) to work on /opt/airflow/dags/011_dbt_transforms.py
[2025-11-28T13:34:40.165+0000] {processor.py:830} INFO - Processing file /opt/airflow/dags/011_dbt_transforms.py for tasks to queue
[2025-11-28T13:34:40.167+0000] {logging_mixin.py:188} INFO - [2025-11-28T13:34:40.166+0000] {dagbag.py:538} INFO - Filling up the DagBag from /opt/airflow/dags/011_dbt_transforms.py
[2025-11-28T13:34:40.186+0000] {processor.py:840} INFO - DAG(s) 'dbt_transforms' retrieved from /opt/airflow/dags/011_dbt_transforms.py
[2025-11-28T13:34:40.250+0000] {logging_mixin.py:188} INFO - [2025-11-28T13:34:40.249+0000] {dag.py:3036} INFO - Sync 1 DAGs
[2025-11-28T13:34:40.290+0000] {logging_mixin.py:188} INFO - [2025-11-28T13:34:40.289+0000] {dag.py:3823} INFO - Setting next_dagrun for dbt_transforms to None, run_after=None
[2025-11-28T13:34:40.352+0000] {processor.py:183} INFO - Processing /opt/airflow/dags/011_dbt_transforms.py took 0.195 seconds
[2025-11-28T13:35:10.496+0000] {processor.py:161} INFO - Started process (PID=6156) to work on /opt/airflow/dags/011_dbt_transforms.py
[2025-11-28T13:35:10.499+0000] {processor.py:830} INFO - Processing file /opt/airflow/dags/011_dbt_transforms.py for tasks to queue
[2025-11-28T13:35:10.501+0000] {logging_mixin.py:188} INFO - [2025-11-28T13:35:10.500+0000] {dagbag.py:538} INFO - Filling up the DagBag from /opt/airflow/dags/011_dbt_transforms.py
[2025-11-28T13:35:10.528+0000] {processor.py:840} INFO - DAG(s) 'dbt_transforms' retrieved from /opt/airflow/dags/011_dbt_transforms.py
[2025-11-28T13:35:10.630+0000] {logging_mixin.py:188} INFO - [2025-11-28T13:35:10.629+0000] {dag.py:3036} INFO - Sync 1 DAGs
[2025-11-28T13:35:10.700+0000] {logging_mixin.py:188} INFO - [2025-11-28T13:35:10.699+0000] {dag.py:3823} INFO - Setting next_dagrun for dbt_transforms to None, run_after=None
[2025-11-28T13:35:10.766+0000] {processor.py:183} INFO - Processing /opt/airflow/dags/011_dbt_transforms.py took 0.280 seconds
[2025-11-28T13:35:41.025+0000] {processor.py:161} INFO - Started process (PID=6226) to work on /opt/airflow/dags/011_dbt_transforms.py
[2025-11-28T13:35:41.028+0000] {processor.py:830} INFO - Processing file /opt/airflow/dags/011_dbt_transforms.py for tasks to queue
[2025-11-28T13:35:41.030+0000] {logging_mixin.py:188} INFO - [2025-11-28T13:35:41.029+0000] {dagbag.py:538} INFO - Filling up the DagBag from /opt/airflow/dags/011_dbt_transforms.py
[2025-11-28T13:35:41.054+0000] {processor.py:840} INFO - DAG(s) 'dbt_transforms' retrieved from /opt/airflow/dags/011_dbt_transforms.py
[2025-11-28T13:35:41.121+0000] {logging_mixin.py:188} INFO - [2025-11-28T13:35:41.121+0000] {dag.py:3036} INFO - Sync 1 DAGs
[2025-11-28T13:35:41.164+0000] {logging_mixin.py:188} INFO - [2025-11-28T13:35:41.164+0000] {dag.py:3823} INFO - Setting next_dagrun for dbt_transforms to None, run_after=None
[2025-11-28T13:35:41.217+0000] {processor.py:183} INFO - Processing /opt/airflow/dags/011_dbt_transforms.py took 0.200 seconds
[2025-11-28T13:36:11.588+0000] {processor.py:161} INFO - Started process (PID=6296) to work on /opt/airflow/dags/011_dbt_transforms.py
[2025-11-28T13:36:11.590+0000] {processor.py:830} INFO - Processing file /opt/airflow/dags/011_dbt_transforms.py for tasks to queue
[2025-11-28T13:36:11.592+0000] {logging_mixin.py:188} INFO - [2025-11-28T13:36:11.591+0000] {dagbag.py:538} INFO - Filling up the DagBag from /opt/airflow/dags/011_dbt_transforms.py
[2025-11-28T13:36:11.613+0000] {processor.py:840} INFO - DAG(s) 'dbt_transforms' retrieved from /opt/airflow/dags/011_dbt_transforms.py
[2025-11-28T13:36:11.688+0000] {logging_mixin.py:188} INFO - [2025-11-28T13:36:11.687+0000] {dag.py:3036} INFO - Sync 1 DAGs
[2025-11-28T13:36:11.738+0000] {logging_mixin.py:188} INFO - [2025-11-28T13:36:11.737+0000] {dag.py:3823} INFO - Setting next_dagrun for dbt_transforms to None, run_after=None
[2025-11-28T13:36:11.807+0000] {processor.py:183} INFO - Processing /opt/airflow/dags/011_dbt_transforms.py took 0.228 seconds
[2025-11-28T13:36:42.178+0000] {processor.py:161} INFO - Started process (PID=6366) to work on /opt/airflow/dags/011_dbt_transforms.py
[2025-11-28T13:36:42.181+0000] {processor.py:830} INFO - Processing file /opt/airflow/dags/011_dbt_transforms.py for tasks to queue
[2025-11-28T13:36:42.184+0000] {logging_mixin.py:188} INFO - [2025-11-28T13:36:42.183+0000] {dagbag.py:538} INFO - Filling up the DagBag from /opt/airflow/dags/011_dbt_transforms.py
[2025-11-28T13:36:42.206+0000] {processor.py:840} INFO - DAG(s) 'dbt_transforms' retrieved from /opt/airflow/dags/011_dbt_transforms.py
[2025-11-28T13:36:42.271+0000] {logging_mixin.py:188} INFO - [2025-11-28T13:36:42.270+0000] {dag.py:3036} INFO - Sync 1 DAGs
[2025-11-28T13:36:42.308+0000] {logging_mixin.py:188} INFO - [2025-11-28T13:36:42.307+0000] {dag.py:3823} INFO - Setting next_dagrun for dbt_transforms to None, run_after=None
[2025-11-28T13:36:42.358+0000] {processor.py:183} INFO - Processing /opt/airflow/dags/011_dbt_transforms.py took 0.187 seconds
[2025-11-28T13:37:12.886+0000] {processor.py:161} INFO - Started process (PID=6436) to work on /opt/airflow/dags/011_dbt_transforms.py
[2025-11-28T13:37:12.888+0000] {processor.py:830} INFO - Processing file /opt/airflow/dags/011_dbt_transforms.py for tasks to queue
[2025-11-28T13:37:12.890+0000] {logging_mixin.py:188} INFO - [2025-11-28T13:37:12.890+0000] {dagbag.py:538} INFO - Filling up the DagBag from /opt/airflow/dags/011_dbt_transforms.py
[2025-11-28T13:37:12.912+0000] {processor.py:840} INFO - DAG(s) 'dbt_transforms' retrieved from /opt/airflow/dags/011_dbt_transforms.py
[2025-11-28T13:37:12.976+0000] {logging_mixin.py:188} INFO - [2025-11-28T13:37:12.976+0000] {dag.py:3036} INFO - Sync 1 DAGs
[2025-11-28T13:37:13.021+0000] {logging_mixin.py:188} INFO - [2025-11-28T13:37:13.020+0000] {dag.py:3823} INFO - Setting next_dagrun for dbt_transforms to None, run_after=None
[2025-11-28T13:37:13.089+0000] {processor.py:183} INFO - Processing /opt/airflow/dags/011_dbt_transforms.py took 0.211 seconds
[2025-11-28T13:37:43.345+0000] {processor.py:161} INFO - Started process (PID=6503) to work on /opt/airflow/dags/011_dbt_transforms.py
[2025-11-28T13:37:43.348+0000] {processor.py:830} INFO - Processing file /opt/airflow/dags/011_dbt_transforms.py for tasks to queue
[2025-11-28T13:37:43.354+0000] {logging_mixin.py:188} INFO - [2025-11-28T13:37:43.353+0000] {dagbag.py:538} INFO - Filling up the DagBag from /opt/airflow/dags/011_dbt_transforms.py
[2025-11-28T13:37:43.380+0000] {processor.py:840} INFO - DAG(s) 'dbt_transforms' retrieved from /opt/airflow/dags/011_dbt_transforms.py
[2025-11-28T13:37:43.453+0000] {logging_mixin.py:188} INFO - [2025-11-28T13:37:43.452+0000] {dag.py:3036} INFO - Sync 1 DAGs
[2025-11-28T13:37:43.507+0000] {logging_mixin.py:188} INFO - [2025-11-28T13:37:43.507+0000] {dag.py:3823} INFO - Setting next_dagrun for dbt_transforms to None, run_after=None
[2025-11-28T13:37:43.562+0000] {processor.py:183} INFO - Processing /opt/airflow/dags/011_dbt_transforms.py took 0.227 seconds
[2025-11-28T13:38:14.292+0000] {processor.py:161} INFO - Started process (PID=6552) to work on /opt/airflow/dags/011_dbt_transforms.py
[2025-11-28T13:38:14.295+0000] {processor.py:830} INFO - Processing file /opt/airflow/dags/011_dbt_transforms.py for tasks to queue
[2025-11-28T13:38:14.298+0000] {logging_mixin.py:188} INFO - [2025-11-28T13:38:14.297+0000] {dagbag.py:538} INFO - Filling up the DagBag from /opt/airflow/dags/011_dbt_transforms.py
[2025-11-28T13:38:14.325+0000] {processor.py:840} INFO - DAG(s) 'dbt_transforms' retrieved from /opt/airflow/dags/011_dbt_transforms.py
[2025-11-28T13:38:14.389+0000] {logging_mixin.py:188} INFO - [2025-11-28T13:38:14.389+0000] {dag.py:3036} INFO - Sync 1 DAGs
[2025-11-28T13:38:14.430+0000] {logging_mixin.py:188} INFO - [2025-11-28T13:38:14.430+0000] {dag.py:3823} INFO - Setting next_dagrun for dbt_transforms to None, run_after=None
[2025-11-28T13:38:14.497+0000] {processor.py:183} INFO - Processing /opt/airflow/dags/011_dbt_transforms.py took 0.215 seconds
[2025-11-28T13:38:44.694+0000] {processor.py:161} INFO - Started process (PID=6622) to work on /opt/airflow/dags/011_dbt_transforms.py
[2025-11-28T13:38:44.696+0000] {processor.py:830} INFO - Processing file /opt/airflow/dags/011_dbt_transforms.py for tasks to queue
[2025-11-28T13:38:44.698+0000] {logging_mixin.py:188} INFO - [2025-11-28T13:38:44.697+0000] {dagbag.py:538} INFO - Filling up the DagBag from /opt/airflow/dags/011_dbt_transforms.py
[2025-11-28T13:38:44.719+0000] {processor.py:840} INFO - DAG(s) 'dbt_transforms' retrieved from /opt/airflow/dags/011_dbt_transforms.py
[2025-11-28T13:38:44.787+0000] {logging_mixin.py:188} INFO - [2025-11-28T13:38:44.786+0000] {dag.py:3036} INFO - Sync 1 DAGs
[2025-11-28T13:38:44.862+0000] {logging_mixin.py:188} INFO - [2025-11-28T13:38:44.861+0000] {dag.py:3823} INFO - Setting next_dagrun for dbt_transforms to None, run_after=None
[2025-11-28T13:38:44.919+0000] {processor.py:183} INFO - Processing /opt/airflow/dags/011_dbt_transforms.py took 0.233 seconds
[2025-11-28T13:39:15.080+0000] {processor.py:161} INFO - Started process (PID=6692) to work on /opt/airflow/dags/011_dbt_transforms.py
[2025-11-28T13:39:15.082+0000] {processor.py:830} INFO - Processing file /opt/airflow/dags/011_dbt_transforms.py for tasks to queue
[2025-11-28T13:39:15.085+0000] {logging_mixin.py:188} INFO - [2025-11-28T13:39:15.084+0000] {dagbag.py:538} INFO - Filling up the DagBag from /opt/airflow/dags/011_dbt_transforms.py
[2025-11-28T13:39:15.108+0000] {processor.py:840} INFO - DAG(s) 'dbt_transforms' retrieved from /opt/airflow/dags/011_dbt_transforms.py
[2025-11-28T13:39:15.177+0000] {logging_mixin.py:188} INFO - [2025-11-28T13:39:15.177+0000] {dag.py:3036} INFO - Sync 1 DAGs
[2025-11-28T13:39:15.219+0000] {logging_mixin.py:188} INFO - [2025-11-28T13:39:15.218+0000] {dag.py:3823} INFO - Setting next_dagrun for dbt_transforms to None, run_after=None
[2025-11-28T13:39:15.281+0000] {processor.py:183} INFO - Processing /opt/airflow/dags/011_dbt_transforms.py took 0.208 seconds
[2025-11-28T13:39:45.691+0000] {processor.py:161} INFO - Started process (PID=6762) to work on /opt/airflow/dags/011_dbt_transforms.py
[2025-11-28T13:39:45.693+0000] {processor.py:830} INFO - Processing file /opt/airflow/dags/011_dbt_transforms.py for tasks to queue
[2025-11-28T13:39:45.695+0000] {logging_mixin.py:188} INFO - [2025-11-28T13:39:45.695+0000] {dagbag.py:538} INFO - Filling up the DagBag from /opt/airflow/dags/011_dbt_transforms.py
[2025-11-28T13:39:45.715+0000] {processor.py:840} INFO - DAG(s) 'dbt_transforms' retrieved from /opt/airflow/dags/011_dbt_transforms.py
[2025-11-28T13:39:45.780+0000] {logging_mixin.py:188} INFO - [2025-11-28T13:39:45.780+0000] {dag.py:3036} INFO - Sync 1 DAGs
[2025-11-28T13:39:45.816+0000] {logging_mixin.py:188} INFO - [2025-11-28T13:39:45.816+0000] {dag.py:3823} INFO - Setting next_dagrun for dbt_transforms to None, run_after=None
[2025-11-28T13:39:45.891+0000] {processor.py:183} INFO - Processing /opt/airflow/dags/011_dbt_transforms.py took 0.205 seconds
[2025-11-28T13:40:15.992+0000] {processor.py:161} INFO - Started process (PID=6832) to work on /opt/airflow/dags/011_dbt_transforms.py
[2025-11-28T13:40:15.995+0000] {processor.py:830} INFO - Processing file /opt/airflow/dags/011_dbt_transforms.py for tasks to queue
[2025-11-28T13:40:15.997+0000] {logging_mixin.py:188} INFO - [2025-11-28T13:40:15.996+0000] {dagbag.py:538} INFO - Filling up the DagBag from /opt/airflow/dags/011_dbt_transforms.py
[2025-11-28T13:40:16.023+0000] {processor.py:840} INFO - DAG(s) 'dbt_transforms' retrieved from /opt/airflow/dags/011_dbt_transforms.py
[2025-11-28T13:40:16.083+0000] {logging_mixin.py:188} INFO - [2025-11-28T13:40:16.083+0000] {dag.py:3036} INFO - Sync 1 DAGs
[2025-11-28T13:40:16.122+0000] {logging_mixin.py:188} INFO - [2025-11-28T13:40:16.121+0000] {dag.py:3823} INFO - Setting next_dagrun for dbt_transforms to None, run_after=None
[2025-11-28T13:40:16.192+0000] {processor.py:183} INFO - Processing /opt/airflow/dags/011_dbt_transforms.py took 0.209 seconds
[2025-11-28T13:40:46.280+0000] {processor.py:161} INFO - Started process (PID=6882) to work on /opt/airflow/dags/011_dbt_transforms.py
[2025-11-28T13:40:46.282+0000] {processor.py:830} INFO - Processing file /opt/airflow/dags/011_dbt_transforms.py for tasks to queue
[2025-11-28T13:40:46.284+0000] {logging_mixin.py:188} INFO - [2025-11-28T13:40:46.283+0000] {dagbag.py:538} INFO - Filling up the DagBag from /opt/airflow/dags/011_dbt_transforms.py
[2025-11-28T13:40:46.306+0000] {processor.py:840} INFO - DAG(s) 'dbt_transforms' retrieved from /opt/airflow/dags/011_dbt_transforms.py
[2025-11-28T13:40:46.382+0000] {logging_mixin.py:188} INFO - [2025-11-28T13:40:46.381+0000] {dag.py:3036} INFO - Sync 1 DAGs
[2025-11-28T13:40:46.425+0000] {logging_mixin.py:188} INFO - [2025-11-28T13:40:46.425+0000] {dag.py:3823} INFO - Setting next_dagrun for dbt_transforms to None, run_after=None
[2025-11-28T13:40:46.501+0000] {processor.py:183} INFO - Processing /opt/airflow/dags/011_dbt_transforms.py took 0.228 seconds
[2025-11-28T13:41:16.808+0000] {processor.py:161} INFO - Started process (PID=6948) to work on /opt/airflow/dags/011_dbt_transforms.py
[2025-11-28T13:41:16.812+0000] {processor.py:830} INFO - Processing file /opt/airflow/dags/011_dbt_transforms.py for tasks to queue
[2025-11-28T13:41:16.814+0000] {logging_mixin.py:188} INFO - [2025-11-28T13:41:16.814+0000] {dagbag.py:538} INFO - Filling up the DagBag from /opt/airflow/dags/011_dbt_transforms.py
[2025-11-28T13:41:16.840+0000] {processor.py:840} INFO - DAG(s) 'dbt_transforms' retrieved from /opt/airflow/dags/011_dbt_transforms.py
[2025-11-28T13:41:16.913+0000] {logging_mixin.py:188} INFO - [2025-11-28T13:41:16.912+0000] {dag.py:3036} INFO - Sync 1 DAGs
[2025-11-28T13:41:16.960+0000] {logging_mixin.py:188} INFO - [2025-11-28T13:41:16.959+0000] {dag.py:3823} INFO - Setting next_dagrun for dbt_transforms to None, run_after=None
[2025-11-28T13:41:17.047+0000] {processor.py:183} INFO - Processing /opt/airflow/dags/011_dbt_transforms.py took 0.249 seconds
[2025-11-28T13:41:47.306+0000] {processor.py:161} INFO - Started process (PID=7018) to work on /opt/airflow/dags/011_dbt_transforms.py
[2025-11-28T13:41:47.309+0000] {processor.py:830} INFO - Processing file /opt/airflow/dags/011_dbt_transforms.py for tasks to queue
[2025-11-28T13:41:47.312+0000] {logging_mixin.py:188} INFO - [2025-11-28T13:41:47.311+0000] {dagbag.py:538} INFO - Filling up the DagBag from /opt/airflow/dags/011_dbt_transforms.py
[2025-11-28T13:41:47.342+0000] {processor.py:840} INFO - DAG(s) 'dbt_transforms' retrieved from /opt/airflow/dags/011_dbt_transforms.py
[2025-11-28T13:41:47.419+0000] {logging_mixin.py:188} INFO - [2025-11-28T13:41:47.418+0000] {dag.py:3036} INFO - Sync 1 DAGs
[2025-11-28T13:41:47.470+0000] {logging_mixin.py:188} INFO - [2025-11-28T13:41:47.469+0000] {dag.py:3823} INFO - Setting next_dagrun for dbt_transforms to None, run_after=None
[2025-11-28T13:41:47.535+0000] {processor.py:183} INFO - Processing /opt/airflow/dags/011_dbt_transforms.py took 0.238 seconds
[2025-11-28T13:42:18.125+0000] {processor.py:161} INFO - Started process (PID=7086) to work on /opt/airflow/dags/011_dbt_transforms.py
[2025-11-28T13:42:18.128+0000] {processor.py:830} INFO - Processing file /opt/airflow/dags/011_dbt_transforms.py for tasks to queue
[2025-11-28T13:42:18.131+0000] {logging_mixin.py:188} INFO - [2025-11-28T13:42:18.130+0000] {dagbag.py:538} INFO - Filling up the DagBag from /opt/airflow/dags/011_dbt_transforms.py
[2025-11-28T13:42:18.161+0000] {processor.py:840} INFO - DAG(s) 'dbt_transforms' retrieved from /opt/airflow/dags/011_dbt_transforms.py
[2025-11-28T13:42:18.247+0000] {logging_mixin.py:188} INFO - [2025-11-28T13:42:18.247+0000] {dag.py:3036} INFO - Sync 1 DAGs
[2025-11-28T13:42:18.301+0000] {logging_mixin.py:188} INFO - [2025-11-28T13:42:18.301+0000] {dag.py:3823} INFO - Setting next_dagrun for dbt_transforms to None, run_after=None
[2025-11-28T13:42:18.376+0000] {processor.py:183} INFO - Processing /opt/airflow/dags/011_dbt_transforms.py took 0.260 seconds
[2025-11-28T13:42:49.052+0000] {processor.py:161} INFO - Started process (PID=7137) to work on /opt/airflow/dags/011_dbt_transforms.py
[2025-11-28T13:42:49.055+0000] {processor.py:830} INFO - Processing file /opt/airflow/dags/011_dbt_transforms.py for tasks to queue
[2025-11-28T13:42:49.057+0000] {logging_mixin.py:188} INFO - [2025-11-28T13:42:49.056+0000] {dagbag.py:538} INFO - Filling up the DagBag from /opt/airflow/dags/011_dbt_transforms.py
[2025-11-28T13:42:49.090+0000] {processor.py:840} INFO - DAG(s) 'dbt_transforms' retrieved from /opt/airflow/dags/011_dbt_transforms.py
[2025-11-28T13:42:49.194+0000] {logging_mixin.py:188} INFO - [2025-11-28T13:42:49.193+0000] {dag.py:3036} INFO - Sync 1 DAGs
[2025-11-28T13:42:49.281+0000] {logging_mixin.py:188} INFO - [2025-11-28T13:42:49.280+0000] {dag.py:3823} INFO - Setting next_dagrun for dbt_transforms to None, run_after=None
[2025-11-28T13:42:49.413+0000] {processor.py:183} INFO - Processing /opt/airflow/dags/011_dbt_transforms.py took 0.367 seconds
[2025-11-28T13:43:19.814+0000] {processor.py:161} INFO - Started process (PID=7204) to work on /opt/airflow/dags/011_dbt_transforms.py
[2025-11-28T13:43:19.817+0000] {processor.py:830} INFO - Processing file /opt/airflow/dags/011_dbt_transforms.py for tasks to queue
[2025-11-28T13:43:19.821+0000] {logging_mixin.py:188} INFO - [2025-11-28T13:43:19.820+0000] {dagbag.py:538} INFO - Filling up the DagBag from /opt/airflow/dags/011_dbt_transforms.py
[2025-11-28T13:43:19.854+0000] {processor.py:840} INFO - DAG(s) 'dbt_transforms' retrieved from /opt/airflow/dags/011_dbt_transforms.py
[2025-11-28T13:43:19.949+0000] {logging_mixin.py:188} INFO - [2025-11-28T13:43:19.948+0000] {dag.py:3036} INFO - Sync 1 DAGs
[2025-11-28T13:43:19.995+0000] {logging_mixin.py:188} INFO - [2025-11-28T13:43:19.994+0000] {dag.py:3823} INFO - Setting next_dagrun for dbt_transforms to None, run_after=None
[2025-11-28T13:43:20.092+0000] {processor.py:183} INFO - Processing /opt/airflow/dags/011_dbt_transforms.py took 0.287 seconds
[2025-11-28T13:43:50.626+0000] {processor.py:161} INFO - Started process (PID=7253) to work on /opt/airflow/dags/011_dbt_transforms.py
[2025-11-28T13:43:50.629+0000] {processor.py:830} INFO - Processing file /opt/airflow/dags/011_dbt_transforms.py for tasks to queue
[2025-11-28T13:43:50.636+0000] {logging_mixin.py:188} INFO - [2025-11-28T13:43:50.635+0000] {dagbag.py:538} INFO - Filling up the DagBag from /opt/airflow/dags/011_dbt_transforms.py
[2025-11-28T13:43:50.674+0000] {processor.py:840} INFO - DAG(s) 'dbt_transforms' retrieved from /opt/airflow/dags/011_dbt_transforms.py
[2025-11-28T13:43:50.814+0000] {logging_mixin.py:188} INFO - [2025-11-28T13:43:50.813+0000] {dag.py:3036} INFO - Sync 1 DAGs
[2025-11-28T13:43:50.878+0000] {logging_mixin.py:188} INFO - [2025-11-28T13:43:50.877+0000] {dag.py:3823} INFO - Setting next_dagrun for dbt_transforms to None, run_after=None
[2025-11-28T13:43:50.976+0000] {processor.py:183} INFO - Processing /opt/airflow/dags/011_dbt_transforms.py took 0.360 seconds
[2025-11-28T13:44:21.567+0000] {processor.py:161} INFO - Started process (PID=7323) to work on /opt/airflow/dags/011_dbt_transforms.py
[2025-11-28T13:44:21.569+0000] {processor.py:830} INFO - Processing file /opt/airflow/dags/011_dbt_transforms.py for tasks to queue
[2025-11-28T13:44:21.571+0000] {logging_mixin.py:188} INFO - [2025-11-28T13:44:21.570+0000] {dagbag.py:538} INFO - Filling up the DagBag from /opt/airflow/dags/011_dbt_transforms.py
[2025-11-28T13:44:21.595+0000] {processor.py:840} INFO - DAG(s) 'dbt_transforms' retrieved from /opt/airflow/dags/011_dbt_transforms.py
[2025-11-28T13:44:21.666+0000] {logging_mixin.py:188} INFO - [2025-11-28T13:44:21.666+0000] {dag.py:3036} INFO - Sync 1 DAGs
[2025-11-28T13:44:21.711+0000] {logging_mixin.py:188} INFO - [2025-11-28T13:44:21.711+0000] {dag.py:3823} INFO - Setting next_dagrun for dbt_transforms to None, run_after=None
[2025-11-28T13:44:21.797+0000] {processor.py:183} INFO - Processing /opt/airflow/dags/011_dbt_transforms.py took 0.237 seconds
[2025-11-28T13:44:52.442+0000] {processor.py:161} INFO - Started process (PID=7393) to work on /opt/airflow/dags/011_dbt_transforms.py
[2025-11-28T13:44:52.455+0000] {processor.py:830} INFO - Processing file /opt/airflow/dags/011_dbt_transforms.py for tasks to queue
[2025-11-28T13:44:52.459+0000] {logging_mixin.py:188} INFO - [2025-11-28T13:44:52.458+0000] {dagbag.py:538} INFO - Filling up the DagBag from /opt/airflow/dags/011_dbt_transforms.py
[2025-11-28T13:44:52.504+0000] {processor.py:840} INFO - DAG(s) 'dbt_transforms' retrieved from /opt/airflow/dags/011_dbt_transforms.py
[2025-11-28T13:44:52.634+0000] {logging_mixin.py:188} INFO - [2025-11-28T13:44:52.633+0000] {dag.py:3036} INFO - Sync 1 DAGs
[2025-11-28T13:44:52.685+0000] {logging_mixin.py:188} INFO - [2025-11-28T13:44:52.684+0000] {dag.py:3823} INFO - Setting next_dagrun for dbt_transforms to None, run_after=None
[2025-11-28T13:44:52.760+0000] {processor.py:183} INFO - Processing /opt/airflow/dags/011_dbt_transforms.py took 0.330 seconds
[2025-11-28T13:45:22.932+0000] {processor.py:161} INFO - Started process (PID=7463) to work on /opt/airflow/dags/011_dbt_transforms.py
[2025-11-28T13:45:22.934+0000] {processor.py:830} INFO - Processing file /opt/airflow/dags/011_dbt_transforms.py for tasks to queue
[2025-11-28T13:45:22.937+0000] {logging_mixin.py:188} INFO - [2025-11-28T13:45:22.936+0000] {dagbag.py:538} INFO - Filling up the DagBag from /opt/airflow/dags/011_dbt_transforms.py
[2025-11-28T13:45:22.965+0000] {processor.py:840} INFO - DAG(s) 'dbt_transforms' retrieved from /opt/airflow/dags/011_dbt_transforms.py
[2025-11-28T13:45:23.062+0000] {logging_mixin.py:188} INFO - [2025-11-28T13:45:23.061+0000] {dag.py:3036} INFO - Sync 1 DAGs
[2025-11-28T13:45:23.134+0000] {logging_mixin.py:188} INFO - [2025-11-28T13:45:23.133+0000] {dag.py:3823} INFO - Setting next_dagrun for dbt_transforms to None, run_after=None
[2025-11-28T13:45:23.187+0000] {processor.py:183} INFO - Processing /opt/airflow/dags/011_dbt_transforms.py took 0.263 seconds
[2025-11-28T13:45:53.427+0000] {processor.py:161} INFO - Started process (PID=7533) to work on /opt/airflow/dags/011_dbt_transforms.py
[2025-11-28T13:45:53.431+0000] {processor.py:830} INFO - Processing file /opt/airflow/dags/011_dbt_transforms.py for tasks to queue
[2025-11-28T13:45:53.433+0000] {logging_mixin.py:188} INFO - [2025-11-28T13:45:53.432+0000] {dagbag.py:538} INFO - Filling up the DagBag from /opt/airflow/dags/011_dbt_transforms.py
[2025-11-28T13:45:53.457+0000] {processor.py:840} INFO - DAG(s) 'dbt_transforms' retrieved from /opt/airflow/dags/011_dbt_transforms.py
[2025-11-28T13:45:53.539+0000] {logging_mixin.py:188} INFO - [2025-11-28T13:45:53.539+0000] {dag.py:3036} INFO - Sync 1 DAGs
[2025-11-28T13:45:53.606+0000] {logging_mixin.py:188} INFO - [2025-11-28T13:45:53.605+0000] {dag.py:3823} INFO - Setting next_dagrun for dbt_transforms to None, run_after=None
[2025-11-28T13:45:53.704+0000] {processor.py:183} INFO - Processing /opt/airflow/dags/011_dbt_transforms.py took 0.284 seconds
[2025-11-28T13:46:24.447+0000] {processor.py:161} INFO - Started process (PID=7600) to work on /opt/airflow/dags/011_dbt_transforms.py
[2025-11-28T13:46:24.449+0000] {processor.py:830} INFO - Processing file /opt/airflow/dags/011_dbt_transforms.py for tasks to queue
[2025-11-28T13:46:24.451+0000] {logging_mixin.py:188} INFO - [2025-11-28T13:46:24.450+0000] {dagbag.py:538} INFO - Filling up the DagBag from /opt/airflow/dags/011_dbt_transforms.py
[2025-11-28T13:46:24.473+0000] {processor.py:840} INFO - DAG(s) 'dbt_transforms' retrieved from /opt/airflow/dags/011_dbt_transforms.py
[2025-11-28T13:46:24.547+0000] {logging_mixin.py:188} INFO - [2025-11-28T13:46:24.546+0000] {dag.py:3036} INFO - Sync 1 DAGs
[2025-11-28T13:46:24.600+0000] {logging_mixin.py:188} INFO - [2025-11-28T13:46:24.600+0000] {dag.py:3823} INFO - Setting next_dagrun for dbt_transforms to None, run_after=None
[2025-11-28T13:46:24.673+0000] {processor.py:183} INFO - Processing /opt/airflow/dags/011_dbt_transforms.py took 0.231 seconds
[2025-11-28T13:46:55.155+0000] {processor.py:161} INFO - Started process (PID=7649) to work on /opt/airflow/dags/011_dbt_transforms.py
[2025-11-28T13:46:55.157+0000] {processor.py:830} INFO - Processing file /opt/airflow/dags/011_dbt_transforms.py for tasks to queue
[2025-11-28T13:46:55.161+0000] {logging_mixin.py:188} INFO - [2025-11-28T13:46:55.160+0000] {dagbag.py:538} INFO - Filling up the DagBag from /opt/airflow/dags/011_dbt_transforms.py
[2025-11-28T13:46:55.179+0000] {processor.py:840} INFO - DAG(s) 'dbt_transforms' retrieved from /opt/airflow/dags/011_dbt_transforms.py
[2025-11-28T13:46:55.245+0000] {logging_mixin.py:188} INFO - [2025-11-28T13:46:55.245+0000] {dag.py:3036} INFO - Sync 1 DAGs
[2025-11-28T13:46:55.293+0000] {logging_mixin.py:188} INFO - [2025-11-28T13:46:55.292+0000] {dag.py:3823} INFO - Setting next_dagrun for dbt_transforms to None, run_after=None
[2025-11-28T13:46:55.369+0000] {processor.py:183} INFO - Processing /opt/airflow/dags/011_dbt_transforms.py took 0.220 seconds
[2025-11-28T13:47:26.258+0000] {processor.py:161} INFO - Started process (PID=7719) to work on /opt/airflow/dags/011_dbt_transforms.py
[2025-11-28T13:47:26.259+0000] {processor.py:830} INFO - Processing file /opt/airflow/dags/011_dbt_transforms.py for tasks to queue
[2025-11-28T13:47:26.261+0000] {logging_mixin.py:188} INFO - [2025-11-28T13:47:26.261+0000] {dagbag.py:538} INFO - Filling up the DagBag from /opt/airflow/dags/011_dbt_transforms.py
[2025-11-28T13:47:26.280+0000] {processor.py:840} INFO - DAG(s) 'dbt_transforms' retrieved from /opt/airflow/dags/011_dbt_transforms.py
[2025-11-28T13:47:26.338+0000] {logging_mixin.py:188} INFO - [2025-11-28T13:47:26.337+0000] {dag.py:3036} INFO - Sync 1 DAGs
[2025-11-28T13:47:26.425+0000] {logging_mixin.py:188} INFO - [2025-11-28T13:47:26.424+0000] {dag.py:3823} INFO - Setting next_dagrun for dbt_transforms to None, run_after=None
[2025-11-28T13:47:26.523+0000] {processor.py:183} INFO - Processing /opt/airflow/dags/011_dbt_transforms.py took 0.271 seconds
[2025-11-28T13:47:56.905+0000] {processor.py:161} INFO - Started process (PID=7789) to work on /opt/airflow/dags/011_dbt_transforms.py
[2025-11-28T13:47:56.907+0000] {processor.py:830} INFO - Processing file /opt/airflow/dags/011_dbt_transforms.py for tasks to queue
[2025-11-28T13:47:56.909+0000] {logging_mixin.py:188} INFO - [2025-11-28T13:47:56.908+0000] {dagbag.py:538} INFO - Filling up the DagBag from /opt/airflow/dags/011_dbt_transforms.py
[2025-11-28T13:47:56.931+0000] {processor.py:840} INFO - DAG(s) 'dbt_transforms' retrieved from /opt/airflow/dags/011_dbt_transforms.py
[2025-11-28T13:47:56.994+0000] {logging_mixin.py:188} INFO - [2025-11-28T13:47:56.994+0000] {dag.py:3036} INFO - Sync 1 DAGs
[2025-11-28T13:47:57.048+0000] {logging_mixin.py:188} INFO - [2025-11-28T13:47:57.047+0000] {dag.py:3823} INFO - Setting next_dagrun for dbt_transforms to None, run_after=None
[2025-11-28T13:47:57.125+0000] {processor.py:183} INFO - Processing /opt/airflow/dags/011_dbt_transforms.py took 0.227 seconds
[2025-11-28T13:48:27.659+0000] {processor.py:161} INFO - Started process (PID=7859) to work on /opt/airflow/dags/011_dbt_transforms.py
[2025-11-28T13:48:27.661+0000] {processor.py:830} INFO - Processing file /opt/airflow/dags/011_dbt_transforms.py for tasks to queue
[2025-11-28T13:48:27.663+0000] {logging_mixin.py:188} INFO - [2025-11-28T13:48:27.662+0000] {dagbag.py:538} INFO - Filling up the DagBag from /opt/airflow/dags/011_dbt_transforms.py
[2025-11-28T13:48:27.691+0000] {processor.py:840} INFO - DAG(s) 'dbt_transforms' retrieved from /opt/airflow/dags/011_dbt_transforms.py
[2025-11-28T13:48:27.761+0000] {logging_mixin.py:188} INFO - [2025-11-28T13:48:27.761+0000] {dag.py:3036} INFO - Sync 1 DAGs
[2025-11-28T13:48:27.803+0000] {logging_mixin.py:188} INFO - [2025-11-28T13:48:27.802+0000] {dag.py:3823} INFO - Setting next_dagrun for dbt_transforms to None, run_after=None
[2025-11-28T13:48:27.866+0000] {processor.py:183} INFO - Processing /opt/airflow/dags/011_dbt_transforms.py took 0.214 seconds
[2025-11-28T13:48:58.495+0000] {processor.py:161} INFO - Started process (PID=7929) to work on /opt/airflow/dags/011_dbt_transforms.py
[2025-11-28T13:48:58.497+0000] {processor.py:830} INFO - Processing file /opt/airflow/dags/011_dbt_transforms.py for tasks to queue
[2025-11-28T13:48:58.499+0000] {logging_mixin.py:188} INFO - [2025-11-28T13:48:58.498+0000] {dagbag.py:538} INFO - Filling up the DagBag from /opt/airflow/dags/011_dbt_transforms.py
[2025-11-28T13:48:58.519+0000] {processor.py:840} INFO - DAG(s) 'dbt_transforms' retrieved from /opt/airflow/dags/011_dbt_transforms.py
[2025-11-28T13:48:58.598+0000] {logging_mixin.py:188} INFO - [2025-11-28T13:48:58.597+0000] {dag.py:3036} INFO - Sync 1 DAGs
[2025-11-28T13:48:58.648+0000] {logging_mixin.py:188} INFO - [2025-11-28T13:48:58.647+0000] {dag.py:3823} INFO - Setting next_dagrun for dbt_transforms to None, run_after=None
[2025-11-28T13:48:58.706+0000] {processor.py:183} INFO - Processing /opt/airflow/dags/011_dbt_transforms.py took 0.218 seconds
[2025-11-28T13:49:29.472+0000] {processor.py:161} INFO - Started process (PID=7996) to work on /opt/airflow/dags/011_dbt_transforms.py
[2025-11-28T13:49:29.474+0000] {processor.py:830} INFO - Processing file /opt/airflow/dags/011_dbt_transforms.py for tasks to queue
[2025-11-28T13:49:29.476+0000] {logging_mixin.py:188} INFO - [2025-11-28T13:49:29.475+0000] {dagbag.py:538} INFO - Filling up the DagBag from /opt/airflow/dags/011_dbt_transforms.py
[2025-11-28T13:49:29.500+0000] {processor.py:840} INFO - DAG(s) 'dbt_transforms' retrieved from /opt/airflow/dags/011_dbt_transforms.py
[2025-11-28T13:49:29.579+0000] {logging_mixin.py:188} INFO - [2025-11-28T13:49:29.578+0000] {dag.py:3036} INFO - Sync 1 DAGs
[2025-11-28T13:49:29.633+0000] {logging_mixin.py:188} INFO - [2025-11-28T13:49:29.632+0000] {dag.py:3823} INFO - Setting next_dagrun for dbt_transforms to None, run_after=None
[2025-11-28T13:49:29.695+0000] {processor.py:183} INFO - Processing /opt/airflow/dags/011_dbt_transforms.py took 0.232 seconds
[2025-11-28T13:50:00.206+0000] {processor.py:161} INFO - Started process (PID=8045) to work on /opt/airflow/dags/011_dbt_transforms.py
[2025-11-28T13:50:00.208+0000] {processor.py:830} INFO - Processing file /opt/airflow/dags/011_dbt_transforms.py for tasks to queue
[2025-11-28T13:50:00.210+0000] {logging_mixin.py:188} INFO - [2025-11-28T13:50:00.209+0000] {dagbag.py:538} INFO - Filling up the DagBag from /opt/airflow/dags/011_dbt_transforms.py
[2025-11-28T13:50:00.230+0000] {processor.py:840} INFO - DAG(s) 'dbt_transforms' retrieved from /opt/airflow/dags/011_dbt_transforms.py
[2025-11-28T13:50:00.296+0000] {logging_mixin.py:188} INFO - [2025-11-28T13:50:00.296+0000] {dag.py:3036} INFO - Sync 1 DAGs
[2025-11-28T13:50:00.349+0000] {logging_mixin.py:188} INFO - [2025-11-28T13:50:00.348+0000] {dag.py:3823} INFO - Setting next_dagrun for dbt_transforms to None, run_after=None
[2025-11-28T13:50:00.573+0000] {processor.py:183} INFO - Processing /opt/airflow/dags/011_dbt_transforms.py took 0.374 seconds
[2025-11-28T13:50:30.620+0000] {processor.py:161} INFO - Started process (PID=8115) to work on /opt/airflow/dags/011_dbt_transforms.py
[2025-11-28T13:50:30.622+0000] {processor.py:830} INFO - Processing file /opt/airflow/dags/011_dbt_transforms.py for tasks to queue
[2025-11-28T13:50:30.624+0000] {logging_mixin.py:188} INFO - [2025-11-28T13:50:30.623+0000] {dagbag.py:538} INFO - Filling up the DagBag from /opt/airflow/dags/011_dbt_transforms.py
[2025-11-28T13:50:30.645+0000] {processor.py:840} INFO - DAG(s) 'dbt_transforms' retrieved from /opt/airflow/dags/011_dbt_transforms.py
[2025-11-28T13:50:30.717+0000] {logging_mixin.py:188} INFO - [2025-11-28T13:50:30.717+0000] {dag.py:3036} INFO - Sync 1 DAGs
[2025-11-28T13:50:30.789+0000] {logging_mixin.py:188} INFO - [2025-11-28T13:50:30.789+0000] {dag.py:3823} INFO - Setting next_dagrun for dbt_transforms to None, run_after=None
[2025-11-28T13:50:30.853+0000] {processor.py:183} INFO - Processing /opt/airflow/dags/011_dbt_transforms.py took 0.240 seconds
[2025-11-28T13:51:01.246+0000] {processor.py:161} INFO - Started process (PID=8185) to work on /opt/airflow/dags/011_dbt_transforms.py
[2025-11-28T13:51:01.261+0000] {processor.py:830} INFO - Processing file /opt/airflow/dags/011_dbt_transforms.py for tasks to queue
[2025-11-28T13:51:01.266+0000] {logging_mixin.py:188} INFO - [2025-11-28T13:51:01.264+0000] {dagbag.py:538} INFO - Filling up the DagBag from /opt/airflow/dags/011_dbt_transforms.py
[2025-11-28T13:51:01.290+0000] {processor.py:840} INFO - DAG(s) 'dbt_transforms' retrieved from /opt/airflow/dags/011_dbt_transforms.py
[2025-11-28T13:51:01.361+0000] {logging_mixin.py:188} INFO - [2025-11-28T13:51:01.361+0000] {dag.py:3036} INFO - Sync 1 DAGs
[2025-11-28T13:51:01.401+0000] {logging_mixin.py:188} INFO - [2025-11-28T13:51:01.401+0000] {dag.py:3823} INFO - Setting next_dagrun for dbt_transforms to None, run_after=None
[2025-11-28T13:51:01.468+0000] {processor.py:183} INFO - Processing /opt/airflow/dags/011_dbt_transforms.py took 0.229 seconds
[2025-11-28T13:51:31.659+0000] {processor.py:161} INFO - Started process (PID=8255) to work on /opt/airflow/dags/011_dbt_transforms.py
[2025-11-28T13:51:31.661+0000] {processor.py:830} INFO - Processing file /opt/airflow/dags/011_dbt_transforms.py for tasks to queue
[2025-11-28T13:51:31.664+0000] {logging_mixin.py:188} INFO - [2025-11-28T13:51:31.663+0000] {dagbag.py:538} INFO - Filling up the DagBag from /opt/airflow/dags/011_dbt_transforms.py
[2025-11-28T13:51:31.687+0000] {processor.py:840} INFO - DAG(s) 'dbt_transforms' retrieved from /opt/airflow/dags/011_dbt_transforms.py
[2025-11-28T13:51:31.765+0000] {logging_mixin.py:188} INFO - [2025-11-28T13:51:31.764+0000] {dag.py:3036} INFO - Sync 1 DAGs
[2025-11-28T13:51:31.804+0000] {logging_mixin.py:188} INFO - [2025-11-28T13:51:31.804+0000] {dag.py:3823} INFO - Setting next_dagrun for dbt_transforms to None, run_after=None
[2025-11-28T13:51:31.861+0000] {processor.py:183} INFO - Processing /opt/airflow/dags/011_dbt_transforms.py took 0.212 seconds
[2025-11-28T13:52:02.755+0000] {processor.py:161} INFO - Started process (PID=8325) to work on /opt/airflow/dags/011_dbt_transforms.py
[2025-11-28T13:52:02.757+0000] {processor.py:830} INFO - Processing file /opt/airflow/dags/011_dbt_transforms.py for tasks to queue
[2025-11-28T13:52:02.760+0000] {logging_mixin.py:188} INFO - [2025-11-28T13:52:02.759+0000] {dagbag.py:538} INFO - Filling up the DagBag from /opt/airflow/dags/011_dbt_transforms.py
[2025-11-28T13:52:02.780+0000] {processor.py:840} INFO - DAG(s) 'dbt_transforms' retrieved from /opt/airflow/dags/011_dbt_transforms.py
[2025-11-28T13:52:02.873+0000] {logging_mixin.py:188} INFO - [2025-11-28T13:52:02.873+0000] {dag.py:3036} INFO - Sync 1 DAGs
[2025-11-28T13:52:02.911+0000] {logging_mixin.py:188} INFO - [2025-11-28T13:52:02.911+0000] {dag.py:3823} INFO - Setting next_dagrun for dbt_transforms to None, run_after=None
[2025-11-28T13:52:02.975+0000] {processor.py:183} INFO - Processing /opt/airflow/dags/011_dbt_transforms.py took 0.227 seconds
[2025-11-28T13:52:33.440+0000] {processor.py:161} INFO - Started process (PID=8392) to work on /opt/airflow/dags/011_dbt_transforms.py
[2025-11-28T13:52:33.443+0000] {processor.py:830} INFO - Processing file /opt/airflow/dags/011_dbt_transforms.py for tasks to queue
[2025-11-28T13:52:33.446+0000] {logging_mixin.py:188} INFO - [2025-11-28T13:52:33.446+0000] {dagbag.py:538} INFO - Filling up the DagBag from /opt/airflow/dags/011_dbt_transforms.py
[2025-11-28T13:52:33.492+0000] {processor.py:840} INFO - DAG(s) 'dbt_transforms' retrieved from /opt/airflow/dags/011_dbt_transforms.py
[2025-11-28T13:52:33.597+0000] {logging_mixin.py:188} INFO - [2025-11-28T13:52:33.596+0000] {dag.py:3036} INFO - Sync 1 DAGs
[2025-11-28T13:52:33.648+0000] {logging_mixin.py:188} INFO - [2025-11-28T13:52:33.648+0000] {dag.py:3823} INFO - Setting next_dagrun for dbt_transforms to None, run_after=None
[2025-11-28T13:52:33.699+0000] {processor.py:183} INFO - Processing /opt/airflow/dags/011_dbt_transforms.py took 0.266 seconds
[2025-11-28T13:53:03.877+0000] {processor.py:161} INFO - Started process (PID=8441) to work on /opt/airflow/dags/011_dbt_transforms.py
[2025-11-28T13:53:03.880+0000] {processor.py:830} INFO - Processing file /opt/airflow/dags/011_dbt_transforms.py for tasks to queue
[2025-11-28T13:53:03.882+0000] {logging_mixin.py:188} INFO - [2025-11-28T13:53:03.881+0000] {dagbag.py:538} INFO - Filling up the DagBag from /opt/airflow/dags/011_dbt_transforms.py
[2025-11-28T13:53:03.904+0000] {processor.py:840} INFO - DAG(s) 'dbt_transforms' retrieved from /opt/airflow/dags/011_dbt_transforms.py
[2025-11-28T13:53:03.971+0000] {logging_mixin.py:188} INFO - [2025-11-28T13:53:03.971+0000] {dag.py:3036} INFO - Sync 1 DAGs
[2025-11-28T13:53:04.017+0000] {logging_mixin.py:188} INFO - [2025-11-28T13:53:04.017+0000] {dag.py:3823} INFO - Setting next_dagrun for dbt_transforms to None, run_after=None
[2025-11-28T13:53:04.063+0000] {processor.py:183} INFO - Processing /opt/airflow/dags/011_dbt_transforms.py took 0.194 seconds
[2025-11-28T13:53:34.440+0000] {processor.py:161} INFO - Started process (PID=8511) to work on /opt/airflow/dags/011_dbt_transforms.py
[2025-11-28T13:53:34.442+0000] {processor.py:830} INFO - Processing file /opt/airflow/dags/011_dbt_transforms.py for tasks to queue
[2025-11-28T13:53:34.444+0000] {logging_mixin.py:188} INFO - [2025-11-28T13:53:34.443+0000] {dagbag.py:538} INFO - Filling up the DagBag from /opt/airflow/dags/011_dbt_transforms.py
[2025-11-28T13:53:34.465+0000] {processor.py:840} INFO - DAG(s) 'dbt_transforms' retrieved from /opt/airflow/dags/011_dbt_transforms.py
[2025-11-28T13:53:34.538+0000] {logging_mixin.py:188} INFO - [2025-11-28T13:53:34.537+0000] {dag.py:3036} INFO - Sync 1 DAGs
[2025-11-28T13:53:34.581+0000] {logging_mixin.py:188} INFO - [2025-11-28T13:53:34.581+0000] {dag.py:3823} INFO - Setting next_dagrun for dbt_transforms to None, run_after=None
[2025-11-28T13:53:34.643+0000] {processor.py:183} INFO - Processing /opt/airflow/dags/011_dbt_transforms.py took 0.210 seconds
[2025-11-28T13:54:04.786+0000] {processor.py:161} INFO - Started process (PID=8581) to work on /opt/airflow/dags/011_dbt_transforms.py
[2025-11-28T13:54:04.788+0000] {processor.py:830} INFO - Processing file /opt/airflow/dags/011_dbt_transforms.py for tasks to queue
[2025-11-28T13:54:04.791+0000] {logging_mixin.py:188} INFO - [2025-11-28T13:54:04.790+0000] {dagbag.py:538} INFO - Filling up the DagBag from /opt/airflow/dags/011_dbt_transforms.py
[2025-11-28T13:54:04.811+0000] {processor.py:840} INFO - DAG(s) 'dbt_transforms' retrieved from /opt/airflow/dags/011_dbt_transforms.py
[2025-11-28T13:54:04.878+0000] {logging_mixin.py:188} INFO - [2025-11-28T13:54:04.877+0000] {dag.py:3036} INFO - Sync 1 DAGs
[2025-11-28T13:54:04.915+0000] {logging_mixin.py:188} INFO - [2025-11-28T13:54:04.915+0000] {dag.py:3823} INFO - Setting next_dagrun for dbt_transforms to None, run_after=None
[2025-11-28T13:54:04.976+0000] {processor.py:183} INFO - Processing /opt/airflow/dags/011_dbt_transforms.py took 0.196 seconds
[2025-11-28T13:54:35.215+0000] {processor.py:161} INFO - Started process (PID=8651) to work on /opt/airflow/dags/011_dbt_transforms.py
[2025-11-28T13:54:35.217+0000] {processor.py:830} INFO - Processing file /opt/airflow/dags/011_dbt_transforms.py for tasks to queue
[2025-11-28T13:54:35.219+0000] {logging_mixin.py:188} INFO - [2025-11-28T13:54:35.218+0000] {dagbag.py:538} INFO - Filling up the DagBag from /opt/airflow/dags/011_dbt_transforms.py
[2025-11-28T13:54:35.241+0000] {processor.py:840} INFO - DAG(s) 'dbt_transforms' retrieved from /opt/airflow/dags/011_dbt_transforms.py
[2025-11-28T13:54:35.312+0000] {logging_mixin.py:188} INFO - [2025-11-28T13:54:35.311+0000] {dag.py:3036} INFO - Sync 1 DAGs
[2025-11-28T13:54:35.351+0000] {logging_mixin.py:188} INFO - [2025-11-28T13:54:35.351+0000] {dag.py:3823} INFO - Setting next_dagrun for dbt_transforms to None, run_after=None
[2025-11-28T13:54:35.415+0000] {processor.py:183} INFO - Processing /opt/airflow/dags/011_dbt_transforms.py took 0.207 seconds
[2025-11-28T13:55:05.938+0000] {processor.py:161} INFO - Started process (PID=8721) to work on /opt/airflow/dags/011_dbt_transforms.py
[2025-11-28T13:55:05.940+0000] {processor.py:830} INFO - Processing file /opt/airflow/dags/011_dbt_transforms.py for tasks to queue
[2025-11-28T13:55:05.942+0000] {logging_mixin.py:188} INFO - [2025-11-28T13:55:05.941+0000] {dagbag.py:538} INFO - Filling up the DagBag from /opt/airflow/dags/011_dbt_transforms.py
[2025-11-28T13:55:05.962+0000] {processor.py:840} INFO - DAG(s) 'dbt_transforms' retrieved from /opt/airflow/dags/011_dbt_transforms.py
[2025-11-28T13:55:06.027+0000] {logging_mixin.py:188} INFO - [2025-11-28T13:55:06.026+0000] {dag.py:3036} INFO - Sync 1 DAGs
[2025-11-28T13:55:06.069+0000] {logging_mixin.py:188} INFO - [2025-11-28T13:55:06.069+0000] {dag.py:3823} INFO - Setting next_dagrun for dbt_transforms to None, run_after=None
[2025-11-28T13:55:06.130+0000] {processor.py:183} INFO - Processing /opt/airflow/dags/011_dbt_transforms.py took 0.201 seconds
[2025-11-28T13:55:36.576+0000] {processor.py:161} INFO - Started process (PID=8791) to work on /opt/airflow/dags/011_dbt_transforms.py
[2025-11-28T13:55:36.579+0000] {processor.py:830} INFO - Processing file /opt/airflow/dags/011_dbt_transforms.py for tasks to queue
[2025-11-28T13:55:36.581+0000] {logging_mixin.py:188} INFO - [2025-11-28T13:55:36.580+0000] {dagbag.py:538} INFO - Filling up the DagBag from /opt/airflow/dags/011_dbt_transforms.py
[2025-11-28T13:55:36.601+0000] {processor.py:840} INFO - DAG(s) 'dbt_transforms' retrieved from /opt/airflow/dags/011_dbt_transforms.py
[2025-11-28T13:55:36.669+0000] {logging_mixin.py:188} INFO - [2025-11-28T13:55:36.668+0000] {dag.py:3036} INFO - Sync 1 DAGs
[2025-11-28T13:55:36.709+0000] {logging_mixin.py:188} INFO - [2025-11-28T13:55:36.708+0000] {dag.py:3823} INFO - Setting next_dagrun for dbt_transforms to None, run_after=None
[2025-11-28T13:55:36.770+0000] {processor.py:183} INFO - Processing /opt/airflow/dags/011_dbt_transforms.py took 0.201 seconds
[2025-11-28T13:56:07.330+0000] {processor.py:161} INFO - Started process (PID=8858) to work on /opt/airflow/dags/011_dbt_transforms.py
[2025-11-28T13:56:07.334+0000] {processor.py:830} INFO - Processing file /opt/airflow/dags/011_dbt_transforms.py for tasks to queue
[2025-11-28T13:56:07.340+0000] {logging_mixin.py:188} INFO - [2025-11-28T13:56:07.338+0000] {dagbag.py:538} INFO - Filling up the DagBag from /opt/airflow/dags/011_dbt_transforms.py
[2025-11-28T13:56:07.387+0000] {processor.py:840} INFO - DAG(s) 'dbt_transforms' retrieved from /opt/airflow/dags/011_dbt_transforms.py
[2025-11-28T13:56:07.499+0000] {logging_mixin.py:188} INFO - [2025-11-28T13:56:07.498+0000] {dag.py:3036} INFO - Sync 1 DAGs
[2025-11-28T13:56:07.544+0000] {logging_mixin.py:188} INFO - [2025-11-28T13:56:07.543+0000] {dag.py:3823} INFO - Setting next_dagrun for dbt_transforms to None, run_after=None
[2025-11-28T13:56:07.606+0000] {processor.py:183} INFO - Processing /opt/airflow/dags/011_dbt_transforms.py took 0.290 seconds
[2025-11-28T13:56:38.362+0000] {processor.py:161} INFO - Started process (PID=8907) to work on /opt/airflow/dags/011_dbt_transforms.py
[2025-11-28T13:56:38.365+0000] {processor.py:830} INFO - Processing file /opt/airflow/dags/011_dbt_transforms.py for tasks to queue
[2025-11-28T13:56:38.368+0000] {logging_mixin.py:188} INFO - [2025-11-28T13:56:38.367+0000] {dagbag.py:538} INFO - Filling up the DagBag from /opt/airflow/dags/011_dbt_transforms.py
[2025-11-28T13:56:38.396+0000] {processor.py:840} INFO - DAG(s) 'dbt_transforms' retrieved from /opt/airflow/dags/011_dbt_transforms.py
[2025-11-28T13:56:38.497+0000] {logging_mixin.py:188} INFO - [2025-11-28T13:56:38.497+0000] {dag.py:3036} INFO - Sync 1 DAGs
[2025-11-28T13:56:38.547+0000] {logging_mixin.py:188} INFO - [2025-11-28T13:56:38.546+0000] {dag.py:3823} INFO - Setting next_dagrun for dbt_transforms to None, run_after=None
[2025-11-28T13:56:38.607+0000] {processor.py:183} INFO - Processing /opt/airflow/dags/011_dbt_transforms.py took 0.252 seconds
[2025-11-28T13:57:09.115+0000] {processor.py:161} INFO - Started process (PID=8977) to work on /opt/airflow/dags/011_dbt_transforms.py
[2025-11-28T13:57:09.117+0000] {processor.py:830} INFO - Processing file /opt/airflow/dags/011_dbt_transforms.py for tasks to queue
[2025-11-28T13:57:09.119+0000] {logging_mixin.py:188} INFO - [2025-11-28T13:57:09.118+0000] {dagbag.py:538} INFO - Filling up the DagBag from /opt/airflow/dags/011_dbt_transforms.py
[2025-11-28T13:57:09.143+0000] {processor.py:840} INFO - DAG(s) 'dbt_transforms' retrieved from /opt/airflow/dags/011_dbt_transforms.py
[2025-11-28T13:57:09.213+0000] {logging_mixin.py:188} INFO - [2025-11-28T13:57:09.213+0000] {dag.py:3036} INFO - Sync 1 DAGs
[2025-11-28T13:57:09.264+0000] {logging_mixin.py:188} INFO - [2025-11-28T13:57:09.263+0000] {dag.py:3823} INFO - Setting next_dagrun for dbt_transforms to None, run_after=None
[2025-11-28T13:57:09.332+0000] {processor.py:183} INFO - Processing /opt/airflow/dags/011_dbt_transforms.py took 0.224 seconds
[2025-11-28T13:57:39.846+0000] {processor.py:161} INFO - Started process (PID=9047) to work on /opt/airflow/dags/011_dbt_transforms.py
[2025-11-28T13:57:39.849+0000] {processor.py:830} INFO - Processing file /opt/airflow/dags/011_dbt_transforms.py for tasks to queue
[2025-11-28T13:57:39.850+0000] {logging_mixin.py:188} INFO - [2025-11-28T13:57:39.850+0000] {dagbag.py:538} INFO - Filling up the DagBag from /opt/airflow/dags/011_dbt_transforms.py
[2025-11-28T13:57:39.871+0000] {processor.py:840} INFO - DAG(s) 'dbt_transforms' retrieved from /opt/airflow/dags/011_dbt_transforms.py
[2025-11-28T13:57:39.941+0000] {logging_mixin.py:188} INFO - [2025-11-28T13:57:39.941+0000] {dag.py:3036} INFO - Sync 1 DAGs
[2025-11-28T13:57:39.989+0000] {logging_mixin.py:188} INFO - [2025-11-28T13:57:39.988+0000] {dag.py:3823} INFO - Setting next_dagrun for dbt_transforms to None, run_after=None
[2025-11-28T13:57:40.085+0000] {processor.py:183} INFO - Processing /opt/airflow/dags/011_dbt_transforms.py took 0.246 seconds
[2025-11-28T13:58:10.236+0000] {processor.py:161} INFO - Started process (PID=9117) to work on /opt/airflow/dags/011_dbt_transforms.py
[2025-11-28T13:58:10.240+0000] {processor.py:830} INFO - Processing file /opt/airflow/dags/011_dbt_transforms.py for tasks to queue
[2025-11-28T13:58:10.244+0000] {logging_mixin.py:188} INFO - [2025-11-28T13:58:10.243+0000] {dagbag.py:538} INFO - Filling up the DagBag from /opt/airflow/dags/011_dbt_transforms.py
[2025-11-28T13:58:10.288+0000] {processor.py:840} INFO - DAG(s) 'dbt_transforms' retrieved from /opt/airflow/dags/011_dbt_transforms.py
[2025-11-28T13:58:10.367+0000] {logging_mixin.py:188} INFO - [2025-11-28T13:58:10.366+0000] {dag.py:3036} INFO - Sync 1 DAGs
[2025-11-28T13:58:10.408+0000] {logging_mixin.py:188} INFO - [2025-11-28T13:58:10.407+0000] {dag.py:3823} INFO - Setting next_dagrun for dbt_transforms to None, run_after=None
[2025-11-28T13:58:10.475+0000] {processor.py:183} INFO - Processing /opt/airflow/dags/011_dbt_transforms.py took 0.252 seconds
[2025-11-28T13:58:41.008+0000] {processor.py:161} INFO - Started process (PID=9187) to work on /opt/airflow/dags/011_dbt_transforms.py
[2025-11-28T13:58:41.011+0000] {processor.py:830} INFO - Processing file /opt/airflow/dags/011_dbt_transforms.py for tasks to queue
[2025-11-28T13:58:41.013+0000] {logging_mixin.py:188} INFO - [2025-11-28T13:58:41.012+0000] {dagbag.py:538} INFO - Filling up the DagBag from /opt/airflow/dags/011_dbt_transforms.py
[2025-11-28T13:58:41.035+0000] {processor.py:840} INFO - DAG(s) 'dbt_transforms' retrieved from /opt/airflow/dags/011_dbt_transforms.py
[2025-11-28T13:58:41.102+0000] {logging_mixin.py:188} INFO - [2025-11-28T13:58:41.101+0000] {dag.py:3036} INFO - Sync 1 DAGs
[2025-11-28T13:58:41.141+0000] {logging_mixin.py:188} INFO - [2025-11-28T13:58:41.140+0000] {dag.py:3823} INFO - Setting next_dagrun for dbt_transforms to None, run_after=None
[2025-11-28T13:58:41.217+0000] {processor.py:183} INFO - Processing /opt/airflow/dags/011_dbt_transforms.py took 0.216 seconds
[2025-11-28T13:59:11.707+0000] {processor.py:161} INFO - Started process (PID=9254) to work on /opt/airflow/dags/011_dbt_transforms.py
[2025-11-28T13:59:11.710+0000] {processor.py:830} INFO - Processing file /opt/airflow/dags/011_dbt_transforms.py for tasks to queue
[2025-11-28T13:59:11.712+0000] {logging_mixin.py:188} INFO - [2025-11-28T13:59:11.712+0000] {dagbag.py:538} INFO - Filling up the DagBag from /opt/airflow/dags/011_dbt_transforms.py
[2025-11-28T13:59:11.744+0000] {processor.py:840} INFO - DAG(s) 'dbt_transforms' retrieved from /opt/airflow/dags/011_dbt_transforms.py
[2025-11-28T13:59:11.840+0000] {logging_mixin.py:188} INFO - [2025-11-28T13:59:11.839+0000] {dag.py:3036} INFO - Sync 1 DAGs
[2025-11-28T13:59:11.923+0000] {logging_mixin.py:188} INFO - [2025-11-28T13:59:11.922+0000] {dag.py:3823} INFO - Setting next_dagrun for dbt_transforms to None, run_after=None
[2025-11-28T13:59:12.010+0000] {processor.py:183} INFO - Processing /opt/airflow/dags/011_dbt_transforms.py took 0.311 seconds
[2025-11-28T13:59:42.139+0000] {processor.py:161} INFO - Started process (PID=9303) to work on /opt/airflow/dags/011_dbt_transforms.py
[2025-11-28T13:59:42.141+0000] {processor.py:830} INFO - Processing file /opt/airflow/dags/011_dbt_transforms.py for tasks to queue
[2025-11-28T13:59:42.144+0000] {logging_mixin.py:188} INFO - [2025-11-28T13:59:42.143+0000] {dagbag.py:538} INFO - Filling up the DagBag from /opt/airflow/dags/011_dbt_transforms.py
[2025-11-28T13:59:42.167+0000] {processor.py:840} INFO - DAG(s) 'dbt_transforms' retrieved from /opt/airflow/dags/011_dbt_transforms.py
[2025-11-28T13:59:42.240+0000] {logging_mixin.py:188} INFO - [2025-11-28T13:59:42.240+0000] {dag.py:3036} INFO - Sync 1 DAGs
[2025-11-28T13:59:42.279+0000] {logging_mixin.py:188} INFO - [2025-11-28T13:59:42.279+0000] {dag.py:3823} INFO - Setting next_dagrun for dbt_transforms to None, run_after=None
[2025-11-28T13:59:42.346+0000] {processor.py:183} INFO - Processing /opt/airflow/dags/011_dbt_transforms.py took 0.213 seconds
[2025-11-28T14:00:12.882+0000] {processor.py:161} INFO - Started process (PID=9373) to work on /opt/airflow/dags/011_dbt_transforms.py
[2025-11-28T14:00:12.884+0000] {processor.py:830} INFO - Processing file /opt/airflow/dags/011_dbt_transforms.py for tasks to queue
[2025-11-28T14:00:12.887+0000] {logging_mixin.py:188} INFO - [2025-11-28T14:00:12.886+0000] {dagbag.py:538} INFO - Filling up the DagBag from /opt/airflow/dags/011_dbt_transforms.py
[2025-11-28T14:00:12.910+0000] {processor.py:840} INFO - DAG(s) 'dbt_transforms' retrieved from /opt/airflow/dags/011_dbt_transforms.py
[2025-11-28T14:00:12.981+0000] {logging_mixin.py:188} INFO - [2025-11-28T14:00:12.981+0000] {dag.py:3036} INFO - Sync 1 DAGs
[2025-11-28T14:00:13.020+0000] {logging_mixin.py:188} INFO - [2025-11-28T14:00:13.019+0000] {dag.py:3823} INFO - Setting next_dagrun for dbt_transforms to None, run_after=None
[2025-11-28T14:00:13.085+0000] {processor.py:183} INFO - Processing /opt/airflow/dags/011_dbt_transforms.py took 0.211 seconds
[2025-11-28T14:00:43.412+0000] {processor.py:161} INFO - Started process (PID=9443) to work on /opt/airflow/dags/011_dbt_transforms.py
[2025-11-28T14:00:43.414+0000] {processor.py:830} INFO - Processing file /opt/airflow/dags/011_dbt_transforms.py for tasks to queue
[2025-11-28T14:00:43.417+0000] {logging_mixin.py:188} INFO - [2025-11-28T14:00:43.416+0000] {dagbag.py:538} INFO - Filling up the DagBag from /opt/airflow/dags/011_dbt_transforms.py
[2025-11-28T14:00:43.441+0000] {processor.py:840} INFO - DAG(s) 'dbt_transforms' retrieved from /opt/airflow/dags/011_dbt_transforms.py
[2025-11-28T14:00:43.511+0000] {logging_mixin.py:188} INFO - [2025-11-28T14:00:43.510+0000] {dag.py:3036} INFO - Sync 1 DAGs
[2025-11-28T14:00:43.549+0000] {logging_mixin.py:188} INFO - [2025-11-28T14:00:43.548+0000] {dag.py:3823} INFO - Setting next_dagrun for dbt_transforms to None, run_after=None
[2025-11-28T14:00:43.615+0000] {processor.py:183} INFO - Processing /opt/airflow/dags/011_dbt_transforms.py took 0.210 seconds
[2025-11-28T14:01:14.618+0000] {processor.py:161} INFO - Started process (PID=9513) to work on /opt/airflow/dags/011_dbt_transforms.py
[2025-11-28T14:01:14.620+0000] {processor.py:830} INFO - Processing file /opt/airflow/dags/011_dbt_transforms.py for tasks to queue
[2025-11-28T14:01:14.621+0000] {logging_mixin.py:188} INFO - [2025-11-28T14:01:14.621+0000] {dagbag.py:538} INFO - Filling up the DagBag from /opt/airflow/dags/011_dbt_transforms.py
[2025-11-28T14:01:14.641+0000] {processor.py:840} INFO - DAG(s) 'dbt_transforms' retrieved from /opt/airflow/dags/011_dbt_transforms.py
[2025-11-28T14:01:14.710+0000] {logging_mixin.py:188} INFO - [2025-11-28T14:01:14.710+0000] {dag.py:3036} INFO - Sync 1 DAGs
[2025-11-28T14:01:14.751+0000] {logging_mixin.py:188} INFO - [2025-11-28T14:01:14.750+0000] {dag.py:3823} INFO - Setting next_dagrun for dbt_transforms to None, run_after=None
[2025-11-28T14:01:14.820+0000] {processor.py:183} INFO - Processing /opt/airflow/dags/011_dbt_transforms.py took 0.211 seconds
[2025-11-28T14:01:45.197+0000] {processor.py:161} INFO - Started process (PID=9581) to work on /opt/airflow/dags/011_dbt_transforms.py
[2025-11-28T14:01:45.200+0000] {processor.py:830} INFO - Processing file /opt/airflow/dags/011_dbt_transforms.py for tasks to queue
[2025-11-28T14:01:45.202+0000] {logging_mixin.py:188} INFO - [2025-11-28T14:01:45.201+0000] {dagbag.py:538} INFO - Filling up the DagBag from /opt/airflow/dags/011_dbt_transforms.py
[2025-11-28T14:01:45.226+0000] {processor.py:840} INFO - DAG(s) 'dbt_transforms' retrieved from /opt/airflow/dags/011_dbt_transforms.py
[2025-11-28T14:01:45.296+0000] {logging_mixin.py:188} INFO - [2025-11-28T14:01:45.295+0000] {dag.py:3036} INFO - Sync 1 DAGs
[2025-11-28T14:01:45.348+0000] {logging_mixin.py:188} INFO - [2025-11-28T14:01:45.348+0000] {dag.py:3823} INFO - Setting next_dagrun for dbt_transforms to None, run_after=None
[2025-11-28T14:01:45.412+0000] {processor.py:183} INFO - Processing /opt/airflow/dags/011_dbt_transforms.py took 0.224 seconds
[2025-11-28T14:02:15.738+0000] {processor.py:161} INFO - Started process (PID=9629) to work on /opt/airflow/dags/011_dbt_transforms.py
[2025-11-28T14:02:15.739+0000] {processor.py:830} INFO - Processing file /opt/airflow/dags/011_dbt_transforms.py for tasks to queue
[2025-11-28T14:02:15.742+0000] {logging_mixin.py:188} INFO - [2025-11-28T14:02:15.741+0000] {dagbag.py:538} INFO - Filling up the DagBag from /opt/airflow/dags/011_dbt_transforms.py
[2025-11-28T14:02:15.760+0000] {processor.py:840} INFO - DAG(s) 'dbt_transforms' retrieved from /opt/airflow/dags/011_dbt_transforms.py
[2025-11-28T14:02:15.838+0000] {logging_mixin.py:188} INFO - [2025-11-28T14:02:15.838+0000] {dag.py:3036} INFO - Sync 1 DAGs
[2025-11-28T14:02:15.876+0000] {logging_mixin.py:188} INFO - [2025-11-28T14:02:15.876+0000] {dag.py:3823} INFO - Setting next_dagrun for dbt_transforms to None, run_after=None
[2025-11-28T14:02:15.934+0000] {processor.py:183} INFO - Processing /opt/airflow/dags/011_dbt_transforms.py took 0.203 seconds
[2025-11-28T14:02:46.537+0000] {processor.py:161} INFO - Started process (PID=9678) to work on /opt/airflow/dags/011_dbt_transforms.py
[2025-11-28T14:02:46.539+0000] {processor.py:830} INFO - Processing file /opt/airflow/dags/011_dbt_transforms.py for tasks to queue
[2025-11-28T14:02:46.541+0000] {logging_mixin.py:188} INFO - [2025-11-28T14:02:46.541+0000] {dagbag.py:538} INFO - Filling up the DagBag from /opt/airflow/dags/011_dbt_transforms.py
[2025-11-28T14:02:46.561+0000] {processor.py:840} INFO - DAG(s) 'dbt_transforms' retrieved from /opt/airflow/dags/011_dbt_transforms.py
[2025-11-28T14:02:46.631+0000] {logging_mixin.py:188} INFO - [2025-11-28T14:02:46.630+0000] {dag.py:3036} INFO - Sync 1 DAGs
[2025-11-28T14:02:46.667+0000] {logging_mixin.py:188} INFO - [2025-11-28T14:02:46.666+0000] {dag.py:3823} INFO - Setting next_dagrun for dbt_transforms to None, run_after=None
[2025-11-28T14:02:46.734+0000] {processor.py:183} INFO - Processing /opt/airflow/dags/011_dbt_transforms.py took 0.203 seconds
[2025-11-28T14:03:17.469+0000] {processor.py:161} INFO - Started process (PID=9748) to work on /opt/airflow/dags/011_dbt_transforms.py
[2025-11-28T14:03:17.471+0000] {processor.py:830} INFO - Processing file /opt/airflow/dags/011_dbt_transforms.py for tasks to queue
[2025-11-28T14:03:17.473+0000] {logging_mixin.py:188} INFO - [2025-11-28T14:03:17.472+0000] {dagbag.py:538} INFO - Filling up the DagBag from /opt/airflow/dags/011_dbt_transforms.py
[2025-11-28T14:03:17.493+0000] {processor.py:840} INFO - DAG(s) 'dbt_transforms' retrieved from /opt/airflow/dags/011_dbt_transforms.py
[2025-11-28T14:03:17.559+0000] {logging_mixin.py:188} INFO - [2025-11-28T14:03:17.559+0000] {dag.py:3036} INFO - Sync 1 DAGs
[2025-11-28T14:03:17.600+0000] {logging_mixin.py:188} INFO - [2025-11-28T14:03:17.600+0000] {dag.py:3823} INFO - Setting next_dagrun for dbt_transforms to None, run_after=None
[2025-11-28T14:03:17.656+0000] {processor.py:183} INFO - Processing /opt/airflow/dags/011_dbt_transforms.py took 0.193 seconds
[2025-11-28T14:03:48.152+0000] {processor.py:161} INFO - Started process (PID=9818) to work on /opt/airflow/dags/011_dbt_transforms.py
[2025-11-28T14:03:48.155+0000] {processor.py:830} INFO - Processing file /opt/airflow/dags/011_dbt_transforms.py for tasks to queue
[2025-11-28T14:03:48.158+0000] {logging_mixin.py:188} INFO - [2025-11-28T14:03:48.157+0000] {dagbag.py:538} INFO - Filling up the DagBag from /opt/airflow/dags/011_dbt_transforms.py
[2025-11-28T14:03:48.185+0000] {processor.py:840} INFO - DAG(s) 'dbt_transforms' retrieved from /opt/airflow/dags/011_dbt_transforms.py
[2025-11-28T14:03:48.259+0000] {logging_mixin.py:188} INFO - [2025-11-28T14:03:48.259+0000] {dag.py:3036} INFO - Sync 1 DAGs
[2025-11-28T14:03:48.296+0000] {logging_mixin.py:188} INFO - [2025-11-28T14:03:48.295+0000] {dag.py:3823} INFO - Setting next_dagrun for dbt_transforms to None, run_after=None
[2025-11-28T14:03:48.346+0000] {processor.py:183} INFO - Processing /opt/airflow/dags/011_dbt_transforms.py took 0.204 seconds
[2025-11-28T14:04:19.077+0000] {processor.py:161} INFO - Started process (PID=9888) to work on /opt/airflow/dags/011_dbt_transforms.py
[2025-11-28T14:04:19.079+0000] {processor.py:830} INFO - Processing file /opt/airflow/dags/011_dbt_transforms.py for tasks to queue
[2025-11-28T14:04:19.081+0000] {logging_mixin.py:188} INFO - [2025-11-28T14:04:19.081+0000] {dagbag.py:538} INFO - Filling up the DagBag from /opt/airflow/dags/011_dbt_transforms.py
[2025-11-28T14:04:19.102+0000] {processor.py:840} INFO - DAG(s) 'dbt_transforms' retrieved from /opt/airflow/dags/011_dbt_transforms.py
[2025-11-28T14:04:19.218+0000] {logging_mixin.py:188} INFO - [2025-11-28T14:04:19.217+0000] {dag.py:3036} INFO - Sync 1 DAGs
[2025-11-28T14:04:19.282+0000] {logging_mixin.py:188} INFO - [2025-11-28T14:04:19.281+0000] {dag.py:3823} INFO - Setting next_dagrun for dbt_transforms to None, run_after=None
[2025-11-28T14:04:19.342+0000] {processor.py:183} INFO - Processing /opt/airflow/dags/011_dbt_transforms.py took 0.272 seconds
[2025-11-28T14:04:49.730+0000] {processor.py:161} INFO - Started process (PID=9958) to work on /opt/airflow/dags/011_dbt_transforms.py
[2025-11-28T14:04:49.737+0000] {processor.py:830} INFO - Processing file /opt/airflow/dags/011_dbt_transforms.py for tasks to queue
[2025-11-28T14:04:49.741+0000] {logging_mixin.py:188} INFO - [2025-11-28T14:04:49.740+0000] {dagbag.py:538} INFO - Filling up the DagBag from /opt/airflow/dags/011_dbt_transforms.py
[2025-11-28T14:04:49.776+0000] {processor.py:840} INFO - DAG(s) 'dbt_transforms' retrieved from /opt/airflow/dags/011_dbt_transforms.py
[2025-11-28T14:04:49.857+0000] {logging_mixin.py:188} INFO - [2025-11-28T14:04:49.857+0000] {dag.py:3036} INFO - Sync 1 DAGs
[2025-11-28T14:04:49.903+0000] {logging_mixin.py:188} INFO - [2025-11-28T14:04:49.902+0000] {dag.py:3823} INFO - Setting next_dagrun for dbt_transforms to None, run_after=None
[2025-11-28T14:04:49.967+0000] {processor.py:183} INFO - Processing /opt/airflow/dags/011_dbt_transforms.py took 0.251 seconds
[2025-11-28T14:05:20.411+0000] {processor.py:161} INFO - Started process (PID=10028) to work on /opt/airflow/dags/011_dbt_transforms.py
[2025-11-28T14:05:20.413+0000] {processor.py:830} INFO - Processing file /opt/airflow/dags/011_dbt_transforms.py for tasks to queue
[2025-11-28T14:05:20.415+0000] {logging_mixin.py:188} INFO - [2025-11-28T14:05:20.415+0000] {dagbag.py:538} INFO - Filling up the DagBag from /opt/airflow/dags/011_dbt_transforms.py
[2025-11-28T14:05:20.437+0000] {processor.py:840} INFO - DAG(s) 'dbt_transforms' retrieved from /opt/airflow/dags/011_dbt_transforms.py
[2025-11-28T14:05:20.498+0000] {logging_mixin.py:188} INFO - [2025-11-28T14:05:20.497+0000] {dag.py:3036} INFO - Sync 1 DAGs
[2025-11-28T14:05:20.533+0000] {logging_mixin.py:188} INFO - [2025-11-28T14:05:20.533+0000] {dag.py:3823} INFO - Setting next_dagrun for dbt_transforms to None, run_after=None
[2025-11-28T14:05:20.599+0000] {processor.py:183} INFO - Processing /opt/airflow/dags/011_dbt_transforms.py took 0.195 seconds
[2025-11-28T14:05:50.865+0000] {processor.py:161} INFO - Started process (PID=10077) to work on /opt/airflow/dags/011_dbt_transforms.py
[2025-11-28T14:05:50.867+0000] {processor.py:830} INFO - Processing file /opt/airflow/dags/011_dbt_transforms.py for tasks to queue
[2025-11-28T14:05:50.870+0000] {logging_mixin.py:188} INFO - [2025-11-28T14:05:50.869+0000] {dagbag.py:538} INFO - Filling up the DagBag from /opt/airflow/dags/011_dbt_transforms.py
[2025-11-28T14:05:50.897+0000] {processor.py:840} INFO - DAG(s) 'dbt_transforms' retrieved from /opt/airflow/dags/011_dbt_transforms.py
[2025-11-28T14:05:50.961+0000] {logging_mixin.py:188} INFO - [2025-11-28T14:05:50.961+0000] {dag.py:3036} INFO - Sync 1 DAGs
[2025-11-28T14:05:51.004+0000] {logging_mixin.py:188} INFO - [2025-11-28T14:05:51.003+0000] {dag.py:3823} INFO - Setting next_dagrun for dbt_transforms to None, run_after=None
[2025-11-28T14:05:51.070+0000] {processor.py:183} INFO - Processing /opt/airflow/dags/011_dbt_transforms.py took 0.213 seconds
[2025-11-28T14:06:21.777+0000] {processor.py:161} INFO - Started process (PID=10144) to work on /opt/airflow/dags/011_dbt_transforms.py
[2025-11-28T14:06:21.779+0000] {processor.py:830} INFO - Processing file /opt/airflow/dags/011_dbt_transforms.py for tasks to queue
[2025-11-28T14:06:21.782+0000] {logging_mixin.py:188} INFO - [2025-11-28T14:06:21.781+0000] {dagbag.py:538} INFO - Filling up the DagBag from /opt/airflow/dags/011_dbt_transforms.py
[2025-11-28T14:06:21.802+0000] {processor.py:840} INFO - DAG(s) 'dbt_transforms' retrieved from /opt/airflow/dags/011_dbt_transforms.py
[2025-11-28T14:06:21.866+0000] {logging_mixin.py:188} INFO - [2025-11-28T14:06:21.865+0000] {dag.py:3036} INFO - Sync 1 DAGs
[2025-11-28T14:06:21.909+0000] {logging_mixin.py:188} INFO - [2025-11-28T14:06:21.908+0000] {dag.py:3823} INFO - Setting next_dagrun for dbt_transforms to None, run_after=None
[2025-11-28T14:06:21.964+0000] {processor.py:183} INFO - Processing /opt/airflow/dags/011_dbt_transforms.py took 0.195 seconds
[2025-11-28T14:06:52.657+0000] {processor.py:161} INFO - Started process (PID=10214) to work on /opt/airflow/dags/011_dbt_transforms.py
[2025-11-28T14:06:52.659+0000] {processor.py:830} INFO - Processing file /opt/airflow/dags/011_dbt_transforms.py for tasks to queue
[2025-11-28T14:06:52.660+0000] {logging_mixin.py:188} INFO - [2025-11-28T14:06:52.660+0000] {dagbag.py:538} INFO - Filling up the DagBag from /opt/airflow/dags/011_dbt_transforms.py
[2025-11-28T14:06:52.687+0000] {processor.py:840} INFO - DAG(s) 'dbt_transforms' retrieved from /opt/airflow/dags/011_dbt_transforms.py
[2025-11-28T14:06:52.760+0000] {logging_mixin.py:188} INFO - [2025-11-28T14:06:52.759+0000] {dag.py:3036} INFO - Sync 1 DAGs
[2025-11-28T14:06:52.817+0000] {logging_mixin.py:188} INFO - [2025-11-28T14:06:52.816+0000] {dag.py:3823} INFO - Setting next_dagrun for dbt_transforms to None, run_after=None
[2025-11-28T14:06:52.867+0000] {processor.py:183} INFO - Processing /opt/airflow/dags/011_dbt_transforms.py took 0.216 seconds
[2025-11-28T14:07:23.358+0000] {processor.py:161} INFO - Started process (PID=10284) to work on /opt/airflow/dags/011_dbt_transforms.py
[2025-11-28T14:07:23.360+0000] {processor.py:830} INFO - Processing file /opt/airflow/dags/011_dbt_transforms.py for tasks to queue
[2025-11-28T14:07:23.368+0000] {logging_mixin.py:188} INFO - [2025-11-28T14:07:23.367+0000] {dagbag.py:538} INFO - Filling up the DagBag from /opt/airflow/dags/011_dbt_transforms.py
[2025-11-28T14:07:23.434+0000] {processor.py:840} INFO - DAG(s) 'dbt_transforms' retrieved from /opt/airflow/dags/011_dbt_transforms.py
[2025-11-28T14:07:23.503+0000] {logging_mixin.py:188} INFO - [2025-11-28T14:07:23.503+0000] {dag.py:3036} INFO - Sync 1 DAGs
[2025-11-28T14:07:23.549+0000] {logging_mixin.py:188} INFO - [2025-11-28T14:07:23.548+0000] {dag.py:3823} INFO - Setting next_dagrun for dbt_transforms to None, run_after=None
[2025-11-28T14:07:23.613+0000] {processor.py:183} INFO - Processing /opt/airflow/dags/011_dbt_transforms.py took 0.264 seconds
[2025-11-28T14:07:54.484+0000] {processor.py:161} INFO - Started process (PID=10354) to work on /opt/airflow/dags/011_dbt_transforms.py
[2025-11-28T14:07:54.486+0000] {processor.py:830} INFO - Processing file /opt/airflow/dags/011_dbt_transforms.py for tasks to queue
[2025-11-28T14:07:54.488+0000] {logging_mixin.py:188} INFO - [2025-11-28T14:07:54.487+0000] {dagbag.py:538} INFO - Filling up the DagBag from /opt/airflow/dags/011_dbt_transforms.py
[2025-11-28T14:07:54.509+0000] {processor.py:840} INFO - DAG(s) 'dbt_transforms' retrieved from /opt/airflow/dags/011_dbt_transforms.py
[2025-11-28T14:07:54.574+0000] {logging_mixin.py:188} INFO - [2025-11-28T14:07:54.573+0000] {dag.py:3036} INFO - Sync 1 DAGs
[2025-11-28T14:07:54.616+0000] {logging_mixin.py:188} INFO - [2025-11-28T14:07:54.615+0000] {dag.py:3823} INFO - Setting next_dagrun for dbt_transforms to None, run_after=None
[2025-11-28T14:07:54.684+0000] {processor.py:183} INFO - Processing /opt/airflow/dags/011_dbt_transforms.py took 0.206 seconds
[2025-11-28T14:34:03.528+0000] {processor.py:161} INFO - Started process (PID=10453) to work on /opt/airflow/dags/011_dbt_transforms.py
[2025-11-28T14:34:03.533+0000] {processor.py:830} INFO - Processing file /opt/airflow/dags/011_dbt_transforms.py for tasks to queue
[2025-11-28T14:34:03.542+0000] {logging_mixin.py:188} INFO - [2025-11-28T14:34:03.539+0000] {dagbag.py:538} INFO - Filling up the DagBag from /opt/airflow/dags/011_dbt_transforms.py
[2025-11-28T14:34:03.596+0000] {processor.py:840} INFO - DAG(s) 'dbt_transforms' retrieved from /opt/airflow/dags/011_dbt_transforms.py
[2025-11-28T14:34:03.725+0000] {logging_mixin.py:188} INFO - [2025-11-28T14:34:03.724+0000] {dag.py:3036} INFO - Sync 1 DAGs
[2025-11-28T14:34:03.815+0000] {logging_mixin.py:188} INFO - [2025-11-28T14:34:03.813+0000] {dag.py:3823} INFO - Setting next_dagrun for dbt_transforms to None, run_after=None
[2025-11-28T14:34:03.970+0000] {processor.py:183} INFO - Processing /opt/airflow/dags/011_dbt_transforms.py took 0.454 seconds
[2025-11-28T14:34:34.066+0000] {processor.py:161} INFO - Started process (PID=10518) to work on /opt/airflow/dags/011_dbt_transforms.py
[2025-11-28T14:34:34.069+0000] {processor.py:830} INFO - Processing file /opt/airflow/dags/011_dbt_transforms.py for tasks to queue
[2025-11-28T14:34:34.078+0000] {logging_mixin.py:188} INFO - [2025-11-28T14:34:34.076+0000] {dagbag.py:538} INFO - Filling up the DagBag from /opt/airflow/dags/011_dbt_transforms.py
[2025-11-28T14:34:34.114+0000] {processor.py:840} INFO - DAG(s) 'dbt_transforms' retrieved from /opt/airflow/dags/011_dbt_transforms.py
[2025-11-28T14:34:34.206+0000] {logging_mixin.py:188} INFO - [2025-11-28T14:34:34.205+0000] {dag.py:3036} INFO - Sync 1 DAGs
[2025-11-28T14:34:34.263+0000] {logging_mixin.py:188} INFO - [2025-11-28T14:34:34.262+0000] {dag.py:3823} INFO - Setting next_dagrun for dbt_transforms to None, run_after=None
[2025-11-28T14:34:34.355+0000] {processor.py:183} INFO - Processing /opt/airflow/dags/011_dbt_transforms.py took 0.298 seconds
[2025-11-28T14:35:04.660+0000] {processor.py:161} INFO - Started process (PID=10588) to work on /opt/airflow/dags/011_dbt_transforms.py
[2025-11-28T14:35:04.662+0000] {processor.py:830} INFO - Processing file /opt/airflow/dags/011_dbt_transforms.py for tasks to queue
[2025-11-28T14:35:04.664+0000] {logging_mixin.py:188} INFO - [2025-11-28T14:35:04.664+0000] {dagbag.py:538} INFO - Filling up the DagBag from /opt/airflow/dags/011_dbt_transforms.py
[2025-11-28T14:35:04.687+0000] {processor.py:840} INFO - DAG(s) 'dbt_transforms' retrieved from /opt/airflow/dags/011_dbt_transforms.py
[2025-11-28T14:35:04.758+0000] {logging_mixin.py:188} INFO - [2025-11-28T14:35:04.758+0000] {dag.py:3036} INFO - Sync 1 DAGs
[2025-11-28T14:35:04.817+0000] {logging_mixin.py:188} INFO - [2025-11-28T14:35:04.816+0000] {dag.py:3823} INFO - Setting next_dagrun for dbt_transforms to None, run_after=None
[2025-11-28T14:35:04.883+0000] {processor.py:183} INFO - Processing /opt/airflow/dags/011_dbt_transforms.py took 0.231 seconds
[2025-11-28T14:35:35.045+0000] {processor.py:161} INFO - Started process (PID=10641) to work on /opt/airflow/dags/011_dbt_transforms.py
[2025-11-28T14:35:35.048+0000] {processor.py:830} INFO - Processing file /opt/airflow/dags/011_dbt_transforms.py for tasks to queue
[2025-11-28T14:35:35.051+0000] {logging_mixin.py:188} INFO - [2025-11-28T14:35:35.050+0000] {dagbag.py:538} INFO - Filling up the DagBag from /opt/airflow/dags/011_dbt_transforms.py
[2025-11-28T14:35:35.083+0000] {processor.py:840} INFO - DAG(s) 'dbt_transforms' retrieved from /opt/airflow/dags/011_dbt_transforms.py
[2025-11-28T14:35:35.173+0000] {logging_mixin.py:188} INFO - [2025-11-28T14:35:35.172+0000] {dag.py:3036} INFO - Sync 1 DAGs
[2025-11-28T14:35:35.251+0000] {logging_mixin.py:188} INFO - [2025-11-28T14:35:35.250+0000] {dag.py:3823} INFO - Setting next_dagrun for dbt_transforms to None, run_after=None
[2025-11-28T14:35:35.344+0000] {processor.py:183} INFO - Processing /opt/airflow/dags/011_dbt_transforms.py took 0.311 seconds
[2025-11-28T14:36:05.543+0000] {processor.py:161} INFO - Started process (PID=10708) to work on /opt/airflow/dags/011_dbt_transforms.py
[2025-11-28T14:36:05.547+0000] {processor.py:830} INFO - Processing file /opt/airflow/dags/011_dbt_transforms.py for tasks to queue
[2025-11-28T14:36:05.550+0000] {logging_mixin.py:188} INFO - [2025-11-28T14:36:05.549+0000] {dagbag.py:538} INFO - Filling up the DagBag from /opt/airflow/dags/011_dbt_transforms.py
[2025-11-28T14:36:05.587+0000] {processor.py:840} INFO - DAG(s) 'dbt_transforms' retrieved from /opt/airflow/dags/011_dbt_transforms.py
[2025-11-28T14:36:05.679+0000] {logging_mixin.py:188} INFO - [2025-11-28T14:36:05.678+0000] {dag.py:3036} INFO - Sync 1 DAGs
[2025-11-28T14:36:05.730+0000] {logging_mixin.py:188} INFO - [2025-11-28T14:36:05.730+0000] {dag.py:3823} INFO - Setting next_dagrun for dbt_transforms to None, run_after=None
[2025-11-28T14:36:05.810+0000] {processor.py:183} INFO - Processing /opt/airflow/dags/011_dbt_transforms.py took 0.276 seconds
[2025-11-28T14:36:36.209+0000] {processor.py:161} INFO - Started process (PID=10775) to work on /opt/airflow/dags/011_dbt_transforms.py
[2025-11-28T14:36:36.212+0000] {processor.py:830} INFO - Processing file /opt/airflow/dags/011_dbt_transforms.py for tasks to queue
[2025-11-28T14:36:36.214+0000] {logging_mixin.py:188} INFO - [2025-11-28T14:36:36.214+0000] {dagbag.py:538} INFO - Filling up the DagBag from /opt/airflow/dags/011_dbt_transforms.py
[2025-11-28T14:36:36.237+0000] {processor.py:840} INFO - DAG(s) 'dbt_transforms' retrieved from /opt/airflow/dags/011_dbt_transforms.py
[2025-11-28T14:36:36.307+0000] {logging_mixin.py:188} INFO - [2025-11-28T14:36:36.307+0000] {dag.py:3036} INFO - Sync 1 DAGs
[2025-11-28T14:36:36.368+0000] {logging_mixin.py:188} INFO - [2025-11-28T14:36:36.367+0000] {dag.py:3823} INFO - Setting next_dagrun for dbt_transforms to None, run_after=None
[2025-11-28T14:36:36.437+0000] {processor.py:183} INFO - Processing /opt/airflow/dags/011_dbt_transforms.py took 0.235 seconds
[2025-11-28T14:37:07.423+0000] {processor.py:161} INFO - Started process (PID=10827) to work on /opt/airflow/dags/011_dbt_transforms.py
[2025-11-28T14:37:07.426+0000] {processor.py:830} INFO - Processing file /opt/airflow/dags/011_dbt_transforms.py for tasks to queue
[2025-11-28T14:37:07.429+0000] {logging_mixin.py:188} INFO - [2025-11-28T14:37:07.428+0000] {dagbag.py:538} INFO - Filling up the DagBag from /opt/airflow/dags/011_dbt_transforms.py
[2025-11-28T14:37:07.451+0000] {processor.py:840} INFO - DAG(s) 'dbt_transforms' retrieved from /opt/airflow/dags/011_dbt_transforms.py
[2025-11-28T14:37:07.519+0000] {logging_mixin.py:188} INFO - [2025-11-28T14:37:07.519+0000] {dag.py:3036} INFO - Sync 1 DAGs
[2025-11-28T14:37:07.579+0000] {logging_mixin.py:188} INFO - [2025-11-28T14:37:07.578+0000] {dag.py:3823} INFO - Setting next_dagrun for dbt_transforms to None, run_after=None
[2025-11-28T14:37:07.676+0000] {processor.py:183} INFO - Processing /opt/airflow/dags/011_dbt_transforms.py took 0.263 seconds
[2025-11-28T14:37:38.319+0000] {processor.py:161} INFO - Started process (PID=10897) to work on /opt/airflow/dags/011_dbt_transforms.py
[2025-11-28T14:37:38.327+0000] {processor.py:830} INFO - Processing file /opt/airflow/dags/011_dbt_transforms.py for tasks to queue
[2025-11-28T14:37:38.332+0000] {logging_mixin.py:188} INFO - [2025-11-28T14:37:38.330+0000] {dagbag.py:538} INFO - Filling up the DagBag from /opt/airflow/dags/011_dbt_transforms.py
[2025-11-28T14:37:38.387+0000] {processor.py:840} INFO - DAG(s) 'dbt_transforms' retrieved from /opt/airflow/dags/011_dbt_transforms.py
[2025-11-28T14:37:38.504+0000] {logging_mixin.py:188} INFO - [2025-11-28T14:37:38.503+0000] {dag.py:3036} INFO - Sync 1 DAGs
[2025-11-28T14:37:38.607+0000] {logging_mixin.py:188} INFO - [2025-11-28T14:37:38.606+0000] {dag.py:3823} INFO - Setting next_dagrun for dbt_transforms to None, run_after=None
[2025-11-28T14:37:38.787+0000] {processor.py:183} INFO - Processing /opt/airflow/dags/011_dbt_transforms.py took 0.484 seconds
[2025-11-28T14:38:09.438+0000] {processor.py:161} INFO - Started process (PID=10967) to work on /opt/airflow/dags/011_dbt_transforms.py
[2025-11-28T14:38:09.441+0000] {processor.py:830} INFO - Processing file /opt/airflow/dags/011_dbt_transforms.py for tasks to queue
[2025-11-28T14:38:09.444+0000] {logging_mixin.py:188} INFO - [2025-11-28T14:38:09.443+0000] {dagbag.py:538} INFO - Filling up the DagBag from /opt/airflow/dags/011_dbt_transforms.py
[2025-11-28T14:38:09.473+0000] {processor.py:840} INFO - DAG(s) 'dbt_transforms' retrieved from /opt/airflow/dags/011_dbt_transforms.py
[2025-11-28T14:38:09.568+0000] {logging_mixin.py:188} INFO - [2025-11-28T14:38:09.568+0000] {dag.py:3036} INFO - Sync 1 DAGs
[2025-11-28T14:38:09.622+0000] {logging_mixin.py:188} INFO - [2025-11-28T14:38:09.621+0000] {dag.py:3823} INFO - Setting next_dagrun for dbt_transforms to None, run_after=None
[2025-11-28T14:38:09.728+0000] {processor.py:183} INFO - Processing /opt/airflow/dags/011_dbt_transforms.py took 0.299 seconds
[2025-11-28T14:38:40.036+0000] {processor.py:161} INFO - Started process (PID=11037) to work on /opt/airflow/dags/011_dbt_transforms.py
[2025-11-28T14:38:40.039+0000] {processor.py:830} INFO - Processing file /opt/airflow/dags/011_dbt_transforms.py for tasks to queue
[2025-11-28T14:38:40.041+0000] {logging_mixin.py:188} INFO - [2025-11-28T14:38:40.040+0000] {dagbag.py:538} INFO - Filling up the DagBag from /opt/airflow/dags/011_dbt_transforms.py
[2025-11-28T14:38:40.067+0000] {processor.py:840} INFO - DAG(s) 'dbt_transforms' retrieved from /opt/airflow/dags/011_dbt_transforms.py
[2025-11-28T14:38:40.176+0000] {logging_mixin.py:188} INFO - [2025-11-28T14:38:40.176+0000] {dag.py:3036} INFO - Sync 1 DAGs
[2025-11-28T14:38:40.272+0000] {logging_mixin.py:188} INFO - [2025-11-28T14:38:40.270+0000] {dag.py:3823} INFO - Setting next_dagrun for dbt_transforms to None, run_after=None
[2025-11-28T14:38:40.404+0000] {processor.py:183} INFO - Processing /opt/airflow/dags/011_dbt_transforms.py took 0.377 seconds
[2025-11-28T14:39:10.707+0000] {processor.py:161} INFO - Started process (PID=11107) to work on /opt/airflow/dags/011_dbt_transforms.py
[2025-11-28T14:39:10.710+0000] {processor.py:830} INFO - Processing file /opt/airflow/dags/011_dbt_transforms.py for tasks to queue
[2025-11-28T14:39:10.712+0000] {logging_mixin.py:188} INFO - [2025-11-28T14:39:10.711+0000] {dagbag.py:538} INFO - Filling up the DagBag from /opt/airflow/dags/011_dbt_transforms.py
[2025-11-28T14:39:10.754+0000] {processor.py:840} INFO - DAG(s) 'dbt_transforms' retrieved from /opt/airflow/dags/011_dbt_transforms.py
[2025-11-28T14:39:10.881+0000] {logging_mixin.py:188} INFO - [2025-11-28T14:39:10.880+0000] {dag.py:3036} INFO - Sync 1 DAGs
[2025-11-28T14:39:10.956+0000] {logging_mixin.py:188} INFO - [2025-11-28T14:39:10.956+0000] {dag.py:3823} INFO - Setting next_dagrun for dbt_transforms to None, run_after=None
[2025-11-28T14:39:11.053+0000] {processor.py:183} INFO - Processing /opt/airflow/dags/011_dbt_transforms.py took 0.355 seconds
[2025-11-28T14:39:42.119+0000] {processor.py:161} INFO - Started process (PID=11192) to work on /opt/airflow/dags/011_dbt_transforms.py
[2025-11-28T14:39:42.122+0000] {processor.py:830} INFO - Processing file /opt/airflow/dags/011_dbt_transforms.py for tasks to queue
[2025-11-28T14:39:42.126+0000] {logging_mixin.py:188} INFO - [2025-11-28T14:39:42.125+0000] {dagbag.py:538} INFO - Filling up the DagBag from /opt/airflow/dags/011_dbt_transforms.py
[2025-11-28T14:39:42.153+0000] {processor.py:840} INFO - DAG(s) 'dbt_transforms' retrieved from /opt/airflow/dags/011_dbt_transforms.py
[2025-11-28T14:39:42.224+0000] {logging_mixin.py:188} INFO - [2025-11-28T14:39:42.224+0000] {dag.py:3036} INFO - Sync 1 DAGs
[2025-11-28T14:39:42.261+0000] {logging_mixin.py:188} INFO - [2025-11-28T14:39:42.260+0000] {dag.py:3823} INFO - Setting next_dagrun for dbt_transforms to None, run_after=None
[2025-11-28T14:39:42.320+0000] {processor.py:183} INFO - Processing /opt/airflow/dags/011_dbt_transforms.py took 0.211 seconds
[2025-11-28T14:40:13.325+0000] {processor.py:161} INFO - Started process (PID=11245) to work on /opt/airflow/dags/011_dbt_transforms.py
[2025-11-28T14:40:13.328+0000] {processor.py:830} INFO - Processing file /opt/airflow/dags/011_dbt_transforms.py for tasks to queue
[2025-11-28T14:40:13.331+0000] {logging_mixin.py:188} INFO - [2025-11-28T14:40:13.330+0000] {dagbag.py:538} INFO - Filling up the DagBag from /opt/airflow/dags/011_dbt_transforms.py
[2025-11-28T14:40:13.359+0000] {processor.py:840} INFO - DAG(s) 'dbt_transforms' retrieved from /opt/airflow/dags/011_dbt_transforms.py
[2025-11-28T14:40:13.446+0000] {logging_mixin.py:188} INFO - [2025-11-28T14:40:13.445+0000] {dag.py:3036} INFO - Sync 1 DAGs
[2025-11-28T14:40:13.522+0000] {logging_mixin.py:188} INFO - [2025-11-28T14:40:13.522+0000] {dag.py:3823} INFO - Setting next_dagrun for dbt_transforms to None, run_after=None
[2025-11-28T14:40:13.602+0000] {processor.py:183} INFO - Processing /opt/airflow/dags/011_dbt_transforms.py took 0.287 seconds
[2025-11-28T14:40:43.984+0000] {processor.py:161} INFO - Started process (PID=11293) to work on /opt/airflow/dags/011_dbt_transforms.py
[2025-11-28T14:40:43.986+0000] {processor.py:830} INFO - Processing file /opt/airflow/dags/011_dbt_transforms.py for tasks to queue
[2025-11-28T14:40:43.989+0000] {logging_mixin.py:188} INFO - [2025-11-28T14:40:43.988+0000] {dagbag.py:538} INFO - Filling up the DagBag from /opt/airflow/dags/011_dbt_transforms.py
[2025-11-28T14:40:44.024+0000] {processor.py:840} INFO - DAG(s) 'dbt_transforms' retrieved from /opt/airflow/dags/011_dbt_transforms.py
[2025-11-28T14:40:44.142+0000] {logging_mixin.py:188} INFO - [2025-11-28T14:40:44.141+0000] {dag.py:3036} INFO - Sync 1 DAGs
[2025-11-28T14:40:44.201+0000] {logging_mixin.py:188} INFO - [2025-11-28T14:40:44.200+0000] {dag.py:3823} INFO - Setting next_dagrun for dbt_transforms to None, run_after=None
[2025-11-28T14:40:44.269+0000] {processor.py:183} INFO - Processing /opt/airflow/dags/011_dbt_transforms.py took 0.294 seconds
[2025-11-28T14:41:14.747+0000] {processor.py:161} INFO - Started process (PID=11363) to work on /opt/airflow/dags/011_dbt_transforms.py
[2025-11-28T14:41:14.749+0000] {processor.py:830} INFO - Processing file /opt/airflow/dags/011_dbt_transforms.py for tasks to queue
[2025-11-28T14:41:14.751+0000] {logging_mixin.py:188} INFO - [2025-11-28T14:41:14.751+0000] {dagbag.py:538} INFO - Filling up the DagBag from /opt/airflow/dags/011_dbt_transforms.py
[2025-11-28T14:41:14.775+0000] {processor.py:840} INFO - DAG(s) 'dbt_transforms' retrieved from /opt/airflow/dags/011_dbt_transforms.py
[2025-11-28T14:41:14.844+0000] {logging_mixin.py:188} INFO - [2025-11-28T14:41:14.843+0000] {dag.py:3036} INFO - Sync 1 DAGs
[2025-11-28T14:41:14.885+0000] {logging_mixin.py:188} INFO - [2025-11-28T14:41:14.885+0000] {dag.py:3823} INFO - Setting next_dagrun for dbt_transforms to None, run_after=None
[2025-11-28T14:41:14.947+0000] {processor.py:183} INFO - Processing /opt/airflow/dags/011_dbt_transforms.py took 0.207 seconds
[2025-11-28T14:41:45.030+0000] {processor.py:161} INFO - Started process (PID=11430) to work on /opt/airflow/dags/011_dbt_transforms.py
[2025-11-28T14:41:45.032+0000] {processor.py:830} INFO - Processing file /opt/airflow/dags/011_dbt_transforms.py for tasks to queue
[2025-11-28T14:41:45.034+0000] {logging_mixin.py:188} INFO - [2025-11-28T14:41:45.033+0000] {dagbag.py:538} INFO - Filling up the DagBag from /opt/airflow/dags/011_dbt_transforms.py
[2025-11-28T14:41:45.058+0000] {processor.py:840} INFO - DAG(s) 'dbt_transforms' retrieved from /opt/airflow/dags/011_dbt_transforms.py
[2025-11-28T14:41:45.158+0000] {logging_mixin.py:188} INFO - [2025-11-28T14:41:45.158+0000] {dag.py:3036} INFO - Sync 1 DAGs
[2025-11-28T14:41:45.236+0000] {logging_mixin.py:188} INFO - [2025-11-28T14:41:45.235+0000] {dag.py:3823} INFO - Setting next_dagrun for dbt_transforms to None, run_after=None
[2025-11-28T14:41:45.292+0000] {processor.py:183} INFO - Processing /opt/airflow/dags/011_dbt_transforms.py took 0.269 seconds
[2025-11-28T14:42:16.284+0000] {processor.py:161} INFO - Started process (PID=11503) to work on /opt/airflow/dags/011_dbt_transforms.py
[2025-11-28T14:42:16.286+0000] {processor.py:830} INFO - Processing file /opt/airflow/dags/011_dbt_transforms.py for tasks to queue
[2025-11-28T14:42:16.288+0000] {logging_mixin.py:188} INFO - [2025-11-28T14:42:16.287+0000] {dagbag.py:538} INFO - Filling up the DagBag from /opt/airflow/dags/011_dbt_transforms.py
[2025-11-28T14:42:16.312+0000] {processor.py:840} INFO - DAG(s) 'dbt_transforms' retrieved from /opt/airflow/dags/011_dbt_transforms.py
[2025-11-28T14:42:16.391+0000] {logging_mixin.py:188} INFO - [2025-11-28T14:42:16.390+0000] {dag.py:3036} INFO - Sync 1 DAGs
[2025-11-28T14:42:16.436+0000] {logging_mixin.py:188} INFO - [2025-11-28T14:42:16.435+0000] {dag.py:3823} INFO - Setting next_dagrun for dbt_transforms to None, run_after=None
[2025-11-28T14:42:16.495+0000] {processor.py:183} INFO - Processing /opt/airflow/dags/011_dbt_transforms.py took 0.218 seconds
[2025-11-28T14:42:46.820+0000] {processor.py:161} INFO - Started process (PID=11573) to work on /opt/airflow/dags/011_dbt_transforms.py
[2025-11-28T14:42:46.823+0000] {processor.py:830} INFO - Processing file /opt/airflow/dags/011_dbt_transforms.py for tasks to queue
[2025-11-28T14:42:46.826+0000] {logging_mixin.py:188} INFO - [2025-11-28T14:42:46.825+0000] {dagbag.py:538} INFO - Filling up the DagBag from /opt/airflow/dags/011_dbt_transforms.py
[2025-11-28T14:42:46.851+0000] {processor.py:840} INFO - DAG(s) 'dbt_transforms' retrieved from /opt/airflow/dags/011_dbt_transforms.py
[2025-11-28T14:42:46.939+0000] {logging_mixin.py:188} INFO - [2025-11-28T14:42:46.939+0000] {dag.py:3036} INFO - Sync 1 DAGs
[2025-11-28T14:42:46.992+0000] {logging_mixin.py:188} INFO - [2025-11-28T14:42:46.991+0000] {dag.py:3823} INFO - Setting next_dagrun for dbt_transforms to None, run_after=None
[2025-11-28T14:42:47.075+0000] {processor.py:183} INFO - Processing /opt/airflow/dags/011_dbt_transforms.py took 0.265 seconds
