[2025-11-28T10:39:58.470+0000] {processor.py:161} INFO - Started process (PID=177) to work on /opt/airflow/dags/02_minio_to_duckdb.py
[2025-11-28T10:39:58.479+0000] {processor.py:830} INFO - Processing file /opt/airflow/dags/02_minio_to_duckdb.py for tasks to queue
[2025-11-28T10:39:58.488+0000] {logging_mixin.py:188} INFO - [2025-11-28T10:39:58.486+0000] {dagbag.py:538} INFO - Filling up the DagBag from /opt/airflow/dags/02_minio_to_duckdb.py
[2025-11-28T10:39:59.481+0000] {processor.py:840} INFO - DAG(s) 'minio_to_duckdb_pipeline' retrieved from /opt/airflow/dags/02_minio_to_duckdb.py
[2025-11-28T10:39:59.728+0000] {logging_mixin.py:188} INFO - [2025-11-28T10:39:59.727+0000] {dag.py:3036} INFO - Sync 1 DAGs
[2025-11-28T10:39:59.794+0000] {logging_mixin.py:188} INFO - [2025-11-28T10:39:59.793+0000] {dag.py:3823} INFO - Setting next_dagrun for minio_to_duckdb_pipeline to None, run_after=None
[2025-11-28T10:39:59.899+0000] {processor.py:183} INFO - Processing /opt/airflow/dags/02_minio_to_duckdb.py took 1.450 seconds
[2025-11-28T10:40:30.142+0000] {processor.py:161} INFO - Started process (PID=285) to work on /opt/airflow/dags/02_minio_to_duckdb.py
[2025-11-28T10:40:30.144+0000] {processor.py:830} INFO - Processing file /opt/airflow/dags/02_minio_to_duckdb.py for tasks to queue
[2025-11-28T10:40:30.147+0000] {logging_mixin.py:188} INFO - [2025-11-28T10:40:30.146+0000] {dagbag.py:538} INFO - Filling up the DagBag from /opt/airflow/dags/02_minio_to_duckdb.py
[2025-11-28T10:40:30.421+0000] {processor.py:840} INFO - DAG(s) 'minio_to_duckdb_pipeline' retrieved from /opt/airflow/dags/02_minio_to_duckdb.py
[2025-11-28T10:40:30.486+0000] {logging_mixin.py:188} INFO - [2025-11-28T10:40:30.486+0000] {dag.py:3036} INFO - Sync 1 DAGs
[2025-11-28T10:40:30.517+0000] {logging_mixin.py:188} INFO - [2025-11-28T10:40:30.516+0000] {dag.py:3823} INFO - Setting next_dagrun for minio_to_duckdb_pipeline to None, run_after=None
[2025-11-28T10:40:30.566+0000] {processor.py:183} INFO - Processing /opt/airflow/dags/02_minio_to_duckdb.py took 0.434 seconds
[2025-11-28T10:41:00.725+0000] {processor.py:161} INFO - Started process (PID=386) to work on /opt/airflow/dags/02_minio_to_duckdb.py
[2025-11-28T10:41:00.727+0000] {processor.py:830} INFO - Processing file /opt/airflow/dags/02_minio_to_duckdb.py for tasks to queue
[2025-11-28T10:41:00.730+0000] {logging_mixin.py:188} INFO - [2025-11-28T10:41:00.729+0000] {dagbag.py:538} INFO - Filling up the DagBag from /opt/airflow/dags/02_minio_to_duckdb.py
[2025-11-28T10:41:00.900+0000] {processor.py:840} INFO - DAG(s) 'minio_to_duckdb_pipeline' retrieved from /opt/airflow/dags/02_minio_to_duckdb.py
[2025-11-28T10:41:00.964+0000] {logging_mixin.py:188} INFO - [2025-11-28T10:41:00.964+0000] {dag.py:3036} INFO - Sync 1 DAGs
[2025-11-28T10:41:00.986+0000] {logging_mixin.py:188} INFO - [2025-11-28T10:41:00.986+0000] {dag.py:3823} INFO - Setting next_dagrun for minio_to_duckdb_pipeline to None, run_after=None
[2025-11-28T10:41:01.039+0000] {processor.py:183} INFO - Processing /opt/airflow/dags/02_minio_to_duckdb.py took 0.320 seconds
[2025-11-28T10:41:31.247+0000] {processor.py:161} INFO - Started process (PID=456) to work on /opt/airflow/dags/02_minio_to_duckdb.py
[2025-11-28T10:41:31.249+0000] {processor.py:830} INFO - Processing file /opt/airflow/dags/02_minio_to_duckdb.py for tasks to queue
[2025-11-28T10:41:31.251+0000] {logging_mixin.py:188} INFO - [2025-11-28T10:41:31.250+0000] {dagbag.py:538} INFO - Filling up the DagBag from /opt/airflow/dags/02_minio_to_duckdb.py
[2025-11-28T10:41:31.408+0000] {processor.py:840} INFO - DAG(s) 'minio_to_duckdb_pipeline' retrieved from /opt/airflow/dags/02_minio_to_duckdb.py
[2025-11-28T10:41:31.461+0000] {logging_mixin.py:188} INFO - [2025-11-28T10:41:31.461+0000] {dag.py:3036} INFO - Sync 1 DAGs
[2025-11-28T10:41:31.487+0000] {logging_mixin.py:188} INFO - [2025-11-28T10:41:31.486+0000] {dag.py:3823} INFO - Setting next_dagrun for minio_to_duckdb_pipeline to None, run_after=None
[2025-11-28T10:41:31.534+0000] {processor.py:183} INFO - Processing /opt/airflow/dags/02_minio_to_duckdb.py took 0.293 seconds
[2025-11-28T10:42:01.667+0000] {processor.py:161} INFO - Started process (PID=526) to work on /opt/airflow/dags/02_minio_to_duckdb.py
[2025-11-28T10:42:01.669+0000] {processor.py:830} INFO - Processing file /opt/airflow/dags/02_minio_to_duckdb.py for tasks to queue
[2025-11-28T10:42:01.670+0000] {logging_mixin.py:188} INFO - [2025-11-28T10:42:01.670+0000] {dagbag.py:538} INFO - Filling up the DagBag from /opt/airflow/dags/02_minio_to_duckdb.py
[2025-11-28T10:42:01.827+0000] {processor.py:840} INFO - DAG(s) 'minio_to_duckdb_pipeline' retrieved from /opt/airflow/dags/02_minio_to_duckdb.py
[2025-11-28T10:42:01.880+0000] {logging_mixin.py:188} INFO - [2025-11-28T10:42:01.880+0000] {dag.py:3036} INFO - Sync 1 DAGs
[2025-11-28T10:42:01.906+0000] {logging_mixin.py:188} INFO - [2025-11-28T10:42:01.905+0000] {dag.py:3823} INFO - Setting next_dagrun for minio_to_duckdb_pipeline to None, run_after=None
[2025-11-28T10:42:01.960+0000] {processor.py:183} INFO - Processing /opt/airflow/dags/02_minio_to_duckdb.py took 0.299 seconds
[2025-11-28T10:42:32.283+0000] {processor.py:161} INFO - Started process (PID=593) to work on /opt/airflow/dags/02_minio_to_duckdb.py
[2025-11-28T10:42:32.284+0000] {processor.py:830} INFO - Processing file /opt/airflow/dags/02_minio_to_duckdb.py for tasks to queue
[2025-11-28T10:42:32.286+0000] {logging_mixin.py:188} INFO - [2025-11-28T10:42:32.286+0000] {dagbag.py:538} INFO - Filling up the DagBag from /opt/airflow/dags/02_minio_to_duckdb.py
[2025-11-28T10:42:32.521+0000] {processor.py:840} INFO - DAG(s) 'minio_to_duckdb_pipeline' retrieved from /opt/airflow/dags/02_minio_to_duckdb.py
[2025-11-28T10:42:32.649+0000] {logging_mixin.py:188} INFO - [2025-11-28T10:42:32.647+0000] {dag.py:3036} INFO - Sync 1 DAGs
[2025-11-28T10:42:32.726+0000] {logging_mixin.py:188} INFO - [2025-11-28T10:42:32.725+0000] {dag.py:3823} INFO - Setting next_dagrun for minio_to_duckdb_pipeline to None, run_after=None
[2025-11-28T10:42:32.802+0000] {processor.py:183} INFO - Processing /opt/airflow/dags/02_minio_to_duckdb.py took 0.527 seconds
[2025-11-28T10:43:03.049+0000] {processor.py:161} INFO - Started process (PID=642) to work on /opt/airflow/dags/02_minio_to_duckdb.py
[2025-11-28T10:43:03.051+0000] {processor.py:830} INFO - Processing file /opt/airflow/dags/02_minio_to_duckdb.py for tasks to queue
[2025-11-28T10:43:03.054+0000] {logging_mixin.py:188} INFO - [2025-11-28T10:43:03.053+0000] {dagbag.py:538} INFO - Filling up the DagBag from /opt/airflow/dags/02_minio_to_duckdb.py
[2025-11-28T10:43:03.233+0000] {processor.py:840} INFO - DAG(s) 'minio_to_duckdb_pipeline' retrieved from /opt/airflow/dags/02_minio_to_duckdb.py
[2025-11-28T10:43:03.325+0000] {logging_mixin.py:188} INFO - [2025-11-28T10:43:03.324+0000] {dag.py:3036} INFO - Sync 1 DAGs
[2025-11-28T10:43:03.363+0000] {logging_mixin.py:188} INFO - [2025-11-28T10:43:03.363+0000] {dag.py:3823} INFO - Setting next_dagrun for minio_to_duckdb_pipeline to None, run_after=None
[2025-11-28T10:43:03.407+0000] {processor.py:183} INFO - Processing /opt/airflow/dags/02_minio_to_duckdb.py took 0.364 seconds
[2025-11-28T10:43:34.004+0000] {processor.py:161} INFO - Started process (PID=712) to work on /opt/airflow/dags/02_minio_to_duckdb.py
[2025-11-28T10:43:34.006+0000] {processor.py:830} INFO - Processing file /opt/airflow/dags/02_minio_to_duckdb.py for tasks to queue
[2025-11-28T10:43:34.007+0000] {logging_mixin.py:188} INFO - [2025-11-28T10:43:34.007+0000] {dagbag.py:538} INFO - Filling up the DagBag from /opt/airflow/dags/02_minio_to_duckdb.py
[2025-11-28T10:43:34.234+0000] {processor.py:840} INFO - DAG(s) 'minio_to_duckdb_pipeline' retrieved from /opt/airflow/dags/02_minio_to_duckdb.py
[2025-11-28T10:43:34.305+0000] {logging_mixin.py:188} INFO - [2025-11-28T10:43:34.304+0000] {dag.py:3036} INFO - Sync 1 DAGs
[2025-11-28T10:43:34.333+0000] {logging_mixin.py:188} INFO - [2025-11-28T10:43:34.333+0000] {dag.py:3823} INFO - Setting next_dagrun for minio_to_duckdb_pipeline to None, run_after=None
[2025-11-28T10:43:34.379+0000] {processor.py:183} INFO - Processing /opt/airflow/dags/02_minio_to_duckdb.py took 0.381 seconds
[2025-11-28T10:44:05.052+0000] {processor.py:161} INFO - Started process (PID=782) to work on /opt/airflow/dags/02_minio_to_duckdb.py
[2025-11-28T10:44:05.054+0000] {processor.py:830} INFO - Processing file /opt/airflow/dags/02_minio_to_duckdb.py for tasks to queue
[2025-11-28T10:44:05.056+0000] {logging_mixin.py:188} INFO - [2025-11-28T10:44:05.055+0000] {dagbag.py:538} INFO - Filling up the DagBag from /opt/airflow/dags/02_minio_to_duckdb.py
[2025-11-28T10:44:05.254+0000] {processor.py:840} INFO - DAG(s) 'minio_to_duckdb_pipeline' retrieved from /opt/airflow/dags/02_minio_to_duckdb.py
[2025-11-28T10:44:05.326+0000] {logging_mixin.py:188} INFO - [2025-11-28T10:44:05.325+0000] {dag.py:3036} INFO - Sync 1 DAGs
[2025-11-28T10:44:05.352+0000] {logging_mixin.py:188} INFO - [2025-11-28T10:44:05.351+0000] {dag.py:3823} INFO - Setting next_dagrun for minio_to_duckdb_pipeline to None, run_after=None
[2025-11-28T10:44:05.391+0000] {processor.py:183} INFO - Processing /opt/airflow/dags/02_minio_to_duckdb.py took 0.347 seconds
[2025-11-28T10:44:35.665+0000] {processor.py:161} INFO - Started process (PID=852) to work on /opt/airflow/dags/02_minio_to_duckdb.py
[2025-11-28T10:44:35.667+0000] {processor.py:830} INFO - Processing file /opt/airflow/dags/02_minio_to_duckdb.py for tasks to queue
[2025-11-28T10:44:35.669+0000] {logging_mixin.py:188} INFO - [2025-11-28T10:44:35.668+0000] {dagbag.py:538} INFO - Filling up the DagBag from /opt/airflow/dags/02_minio_to_duckdb.py
[2025-11-28T10:44:35.862+0000] {processor.py:840} INFO - DAG(s) 'minio_to_duckdb_pipeline' retrieved from /opt/airflow/dags/02_minio_to_duckdb.py
[2025-11-28T10:44:35.922+0000] {logging_mixin.py:188} INFO - [2025-11-28T10:44:35.921+0000] {dag.py:3036} INFO - Sync 1 DAGs
[2025-11-28T10:44:35.947+0000] {logging_mixin.py:188} INFO - [2025-11-28T10:44:35.946+0000] {dag.py:3823} INFO - Setting next_dagrun for minio_to_duckdb_pipeline to None, run_after=None
[2025-11-28T10:44:35.989+0000] {processor.py:183} INFO - Processing /opt/airflow/dags/02_minio_to_duckdb.py took 0.330 seconds
[2025-11-28T10:45:06.198+0000] {processor.py:161} INFO - Started process (PID=927) to work on /opt/airflow/dags/02_minio_to_duckdb.py
[2025-11-28T10:45:06.200+0000] {processor.py:830} INFO - Processing file /opt/airflow/dags/02_minio_to_duckdb.py for tasks to queue
[2025-11-28T10:45:06.201+0000] {logging_mixin.py:188} INFO - [2025-11-28T10:45:06.201+0000] {dagbag.py:538} INFO - Filling up the DagBag from /opt/airflow/dags/02_minio_to_duckdb.py
[2025-11-28T10:45:06.360+0000] {processor.py:840} INFO - DAG(s) 'minio_to_duckdb_pipeline' retrieved from /opt/airflow/dags/02_minio_to_duckdb.py
[2025-11-28T10:45:06.413+0000] {logging_mixin.py:188} INFO - [2025-11-28T10:45:06.412+0000] {dag.py:3036} INFO - Sync 1 DAGs
[2025-11-28T10:45:06.434+0000] {logging_mixin.py:188} INFO - [2025-11-28T10:45:06.434+0000] {dag.py:3823} INFO - Setting next_dagrun for minio_to_duckdb_pipeline to None, run_after=None
[2025-11-28T10:45:06.482+0000] {processor.py:183} INFO - Processing /opt/airflow/dags/02_minio_to_duckdb.py took 0.290 seconds
[2025-11-28T10:45:36.650+0000] {processor.py:161} INFO - Started process (PID=995) to work on /opt/airflow/dags/02_minio_to_duckdb.py
[2025-11-28T10:45:36.651+0000] {processor.py:830} INFO - Processing file /opt/airflow/dags/02_minio_to_duckdb.py for tasks to queue
[2025-11-28T10:45:36.653+0000] {logging_mixin.py:188} INFO - [2025-11-28T10:45:36.653+0000] {dagbag.py:538} INFO - Filling up the DagBag from /opt/airflow/dags/02_minio_to_duckdb.py
[2025-11-28T10:45:36.813+0000] {processor.py:840} INFO - DAG(s) 'minio_to_duckdb_pipeline' retrieved from /opt/airflow/dags/02_minio_to_duckdb.py
[2025-11-28T10:45:36.865+0000] {logging_mixin.py:188} INFO - [2025-11-28T10:45:36.864+0000] {dag.py:3036} INFO - Sync 1 DAGs
[2025-11-28T10:45:36.888+0000] {logging_mixin.py:188} INFO - [2025-11-28T10:45:36.888+0000] {dag.py:3823} INFO - Setting next_dagrun for minio_to_duckdb_pipeline to None, run_after=None
[2025-11-28T10:45:36.938+0000] {processor.py:183} INFO - Processing /opt/airflow/dags/02_minio_to_duckdb.py took 0.295 seconds
[2025-11-28T10:46:07.008+0000] {processor.py:161} INFO - Started process (PID=1088) to work on /opt/airflow/dags/02_minio_to_duckdb.py
[2025-11-28T10:46:07.010+0000] {processor.py:830} INFO - Processing file /opt/airflow/dags/02_minio_to_duckdb.py for tasks to queue
[2025-11-28T10:46:07.012+0000] {logging_mixin.py:188} INFO - [2025-11-28T10:46:07.011+0000] {dagbag.py:538} INFO - Filling up the DagBag from /opt/airflow/dags/02_minio_to_duckdb.py
[2025-11-28T10:46:07.194+0000] {processor.py:840} INFO - DAG(s) 'minio_to_duckdb_pipeline' retrieved from /opt/airflow/dags/02_minio_to_duckdb.py
[2025-11-28T10:46:07.247+0000] {logging_mixin.py:188} INFO - [2025-11-28T10:46:07.247+0000] {dag.py:3036} INFO - Sync 1 DAGs
[2025-11-28T10:46:07.272+0000] {logging_mixin.py:188} INFO - [2025-11-28T10:46:07.272+0000] {dag.py:3823} INFO - Setting next_dagrun for minio_to_duckdb_pipeline to None, run_after=None
[2025-11-28T10:46:07.324+0000] {processor.py:183} INFO - Processing /opt/airflow/dags/02_minio_to_duckdb.py took 0.321 seconds
[2025-11-28T10:46:37.900+0000] {processor.py:161} INFO - Started process (PID=1137) to work on /opt/airflow/dags/02_minio_to_duckdb.py
[2025-11-28T10:46:37.902+0000] {processor.py:830} INFO - Processing file /opt/airflow/dags/02_minio_to_duckdb.py for tasks to queue
[2025-11-28T10:46:37.904+0000] {logging_mixin.py:188} INFO - [2025-11-28T10:46:37.903+0000] {dagbag.py:538} INFO - Filling up the DagBag from /opt/airflow/dags/02_minio_to_duckdb.py
[2025-11-28T10:46:38.099+0000] {processor.py:840} INFO - DAG(s) 'minio_to_duckdb_pipeline' retrieved from /opt/airflow/dags/02_minio_to_duckdb.py
[2025-11-28T10:46:38.160+0000] {logging_mixin.py:188} INFO - [2025-11-28T10:46:38.159+0000] {dag.py:3036} INFO - Sync 1 DAGs
[2025-11-28T10:46:38.182+0000] {logging_mixin.py:188} INFO - [2025-11-28T10:46:38.182+0000] {dag.py:3823} INFO - Setting next_dagrun for minio_to_duckdb_pipeline to None, run_after=None
[2025-11-28T10:46:38.218+0000] {processor.py:183} INFO - Processing /opt/airflow/dags/02_minio_to_duckdb.py took 0.325 seconds
[2025-11-28T10:47:08.535+0000] {processor.py:161} INFO - Started process (PID=1207) to work on /opt/airflow/dags/02_minio_to_duckdb.py
[2025-11-28T10:47:08.537+0000] {processor.py:830} INFO - Processing file /opt/airflow/dags/02_minio_to_duckdb.py for tasks to queue
[2025-11-28T10:47:08.539+0000] {logging_mixin.py:188} INFO - [2025-11-28T10:47:08.538+0000] {dagbag.py:538} INFO - Filling up the DagBag from /opt/airflow/dags/02_minio_to_duckdb.py
[2025-11-28T10:47:08.739+0000] {processor.py:840} INFO - DAG(s) 'minio_to_duckdb_pipeline' retrieved from /opt/airflow/dags/02_minio_to_duckdb.py
[2025-11-28T10:47:08.805+0000] {logging_mixin.py:188} INFO - [2025-11-28T10:47:08.805+0000] {dag.py:3036} INFO - Sync 1 DAGs
[2025-11-28T10:47:08.829+0000] {logging_mixin.py:188} INFO - [2025-11-28T10:47:08.828+0000] {dag.py:3823} INFO - Setting next_dagrun for minio_to_duckdb_pipeline to None, run_after=None
[2025-11-28T10:47:08.871+0000] {processor.py:183} INFO - Processing /opt/airflow/dags/02_minio_to_duckdb.py took 0.341 seconds
[2025-11-28T10:47:39.190+0000] {processor.py:161} INFO - Started process (PID=1277) to work on /opt/airflow/dags/02_minio_to_duckdb.py
[2025-11-28T10:47:39.192+0000] {processor.py:830} INFO - Processing file /opt/airflow/dags/02_minio_to_duckdb.py for tasks to queue
[2025-11-28T10:47:39.194+0000] {logging_mixin.py:188} INFO - [2025-11-28T10:47:39.193+0000] {dagbag.py:538} INFO - Filling up the DagBag from /opt/airflow/dags/02_minio_to_duckdb.py
[2025-11-28T10:47:39.394+0000] {processor.py:840} INFO - DAG(s) 'minio_to_duckdb_pipeline' retrieved from /opt/airflow/dags/02_minio_to_duckdb.py
[2025-11-28T10:47:39.449+0000] {logging_mixin.py:188} INFO - [2025-11-28T10:47:39.449+0000] {dag.py:3036} INFO - Sync 1 DAGs
[2025-11-28T10:47:39.471+0000] {logging_mixin.py:188} INFO - [2025-11-28T10:47:39.470+0000] {dag.py:3823} INFO - Setting next_dagrun for minio_to_duckdb_pipeline to None, run_after=None
[2025-11-28T10:47:39.510+0000] {processor.py:183} INFO - Processing /opt/airflow/dags/02_minio_to_duckdb.py took 0.328 seconds
[2025-11-28T10:48:09.662+0000] {processor.py:161} INFO - Started process (PID=1347) to work on /opt/airflow/dags/02_minio_to_duckdb.py
[2025-11-28T10:48:09.664+0000] {processor.py:830} INFO - Processing file /opt/airflow/dags/02_minio_to_duckdb.py for tasks to queue
[2025-11-28T10:48:09.667+0000] {logging_mixin.py:188} INFO - [2025-11-28T10:48:09.666+0000] {dagbag.py:538} INFO - Filling up the DagBag from /opt/airflow/dags/02_minio_to_duckdb.py
[2025-11-28T10:48:09.864+0000] {processor.py:840} INFO - DAG(s) 'minio_to_duckdb_pipeline' retrieved from /opt/airflow/dags/02_minio_to_duckdb.py
[2025-11-28T10:48:09.938+0000] {logging_mixin.py:188} INFO - [2025-11-28T10:48:09.937+0000] {dag.py:3036} INFO - Sync 1 DAGs
[2025-11-28T10:48:09.971+0000] {logging_mixin.py:188} INFO - [2025-11-28T10:48:09.970+0000] {dag.py:3823} INFO - Setting next_dagrun for minio_to_duckdb_pipeline to None, run_after=None
[2025-11-28T10:48:10.026+0000] {processor.py:183} INFO - Processing /opt/airflow/dags/02_minio_to_duckdb.py took 0.372 seconds
[2025-11-28T10:48:40.109+0000] {processor.py:161} INFO - Started process (PID=1417) to work on /opt/airflow/dags/02_minio_to_duckdb.py
[2025-11-28T10:48:40.111+0000] {processor.py:830} INFO - Processing file /opt/airflow/dags/02_minio_to_duckdb.py for tasks to queue
[2025-11-28T10:48:40.113+0000] {logging_mixin.py:188} INFO - [2025-11-28T10:48:40.113+0000] {dagbag.py:538} INFO - Filling up the DagBag from /opt/airflow/dags/02_minio_to_duckdb.py
[2025-11-28T10:48:40.327+0000] {processor.py:840} INFO - DAG(s) 'minio_to_duckdb_pipeline' retrieved from /opt/airflow/dags/02_minio_to_duckdb.py
[2025-11-28T10:48:40.384+0000] {logging_mixin.py:188} INFO - [2025-11-28T10:48:40.384+0000] {dag.py:3036} INFO - Sync 1 DAGs
[2025-11-28T10:48:40.410+0000] {logging_mixin.py:188} INFO - [2025-11-28T10:48:40.409+0000] {dag.py:3823} INFO - Setting next_dagrun for minio_to_duckdb_pipeline to None, run_after=None
[2025-11-28T10:48:40.461+0000] {processor.py:183} INFO - Processing /opt/airflow/dags/02_minio_to_duckdb.py took 0.361 seconds
[2025-11-28T10:49:10.658+0000] {processor.py:161} INFO - Started process (PID=1487) to work on /opt/airflow/dags/02_minio_to_duckdb.py
[2025-11-28T10:49:10.660+0000] {processor.py:830} INFO - Processing file /opt/airflow/dags/02_minio_to_duckdb.py for tasks to queue
[2025-11-28T10:49:10.663+0000] {logging_mixin.py:188} INFO - [2025-11-28T10:49:10.662+0000] {dagbag.py:538} INFO - Filling up the DagBag from /opt/airflow/dags/02_minio_to_duckdb.py
[2025-11-28T10:49:10.864+0000] {processor.py:840} INFO - DAG(s) 'minio_to_duckdb_pipeline' retrieved from /opt/airflow/dags/02_minio_to_duckdb.py
[2025-11-28T10:49:10.914+0000] {logging_mixin.py:188} INFO - [2025-11-28T10:49:10.914+0000] {dag.py:3036} INFO - Sync 1 DAGs
[2025-11-28T10:49:10.938+0000] {logging_mixin.py:188} INFO - [2025-11-28T10:49:10.937+0000] {dag.py:3823} INFO - Setting next_dagrun for minio_to_duckdb_pipeline to None, run_after=None
[2025-11-28T10:49:10.978+0000] {processor.py:183} INFO - Processing /opt/airflow/dags/02_minio_to_duckdb.py took 0.326 seconds
[2025-11-28T10:49:41.261+0000] {processor.py:161} INFO - Started process (PID=1555) to work on /opt/airflow/dags/02_minio_to_duckdb.py
[2025-11-28T10:49:41.263+0000] {processor.py:830} INFO - Processing file /opt/airflow/dags/02_minio_to_duckdb.py for tasks to queue
[2025-11-28T10:49:41.265+0000] {logging_mixin.py:188} INFO - [2025-11-28T10:49:41.265+0000] {dagbag.py:538} INFO - Filling up the DagBag from /opt/airflow/dags/02_minio_to_duckdb.py
[2025-11-28T10:49:41.443+0000] {processor.py:840} INFO - DAG(s) 'minio_to_duckdb_pipeline' retrieved from /opt/airflow/dags/02_minio_to_duckdb.py
[2025-11-28T10:49:41.508+0000] {logging_mixin.py:188} INFO - [2025-11-28T10:49:41.507+0000] {dag.py:3036} INFO - Sync 1 DAGs
[2025-11-28T10:49:41.529+0000] {logging_mixin.py:188} INFO - [2025-11-28T10:49:41.529+0000] {dag.py:3823} INFO - Setting next_dagrun for minio_to_duckdb_pipeline to None, run_after=None
[2025-11-28T10:49:41.563+0000] {processor.py:183} INFO - Processing /opt/airflow/dags/02_minio_to_duckdb.py took 0.311 seconds
[2025-11-28T10:50:11.909+0000] {processor.py:161} INFO - Started process (PID=1606) to work on /opt/airflow/dags/02_minio_to_duckdb.py
[2025-11-28T10:50:11.911+0000] {processor.py:830} INFO - Processing file /opt/airflow/dags/02_minio_to_duckdb.py for tasks to queue
[2025-11-28T10:50:11.913+0000] {logging_mixin.py:188} INFO - [2025-11-28T10:50:11.912+0000] {dagbag.py:538} INFO - Filling up the DagBag from /opt/airflow/dags/02_minio_to_duckdb.py
[2025-11-28T10:50:12.107+0000] {processor.py:840} INFO - DAG(s) 'minio_to_duckdb_pipeline' retrieved from /opt/airflow/dags/02_minio_to_duckdb.py
[2025-11-28T10:50:12.191+0000] {logging_mixin.py:188} INFO - [2025-11-28T10:50:12.190+0000] {dag.py:3036} INFO - Sync 1 DAGs
[2025-11-28T10:50:12.222+0000] {logging_mixin.py:188} INFO - [2025-11-28T10:50:12.221+0000] {dag.py:3823} INFO - Setting next_dagrun for minio_to_duckdb_pipeline to None, run_after=None
[2025-11-28T10:50:12.274+0000] {processor.py:183} INFO - Processing /opt/airflow/dags/02_minio_to_duckdb.py took 0.372 seconds
[2025-11-28T10:50:42.912+0000] {processor.py:161} INFO - Started process (PID=1673) to work on /opt/airflow/dags/02_minio_to_duckdb.py
[2025-11-28T10:50:42.914+0000] {processor.py:830} INFO - Processing file /opt/airflow/dags/02_minio_to_duckdb.py for tasks to queue
[2025-11-28T10:50:42.917+0000] {logging_mixin.py:188} INFO - [2025-11-28T10:50:42.917+0000] {dagbag.py:538} INFO - Filling up the DagBag from /opt/airflow/dags/02_minio_to_duckdb.py
[2025-11-28T10:50:43.148+0000] {processor.py:840} INFO - DAG(s) 'minio_to_duckdb_pipeline' retrieved from /opt/airflow/dags/02_minio_to_duckdb.py
[2025-11-28T10:50:43.203+0000] {logging_mixin.py:188} INFO - [2025-11-28T10:50:43.203+0000] {dag.py:3036} INFO - Sync 1 DAGs
[2025-11-28T10:50:43.229+0000] {logging_mixin.py:188} INFO - [2025-11-28T10:50:43.228+0000] {dag.py:3823} INFO - Setting next_dagrun for minio_to_duckdb_pipeline to None, run_after=None
[2025-11-28T10:50:43.269+0000] {processor.py:183} INFO - Processing /opt/airflow/dags/02_minio_to_duckdb.py took 0.366 seconds
[2025-11-28T10:51:13.409+0000] {processor.py:161} INFO - Started process (PID=1743) to work on /opt/airflow/dags/02_minio_to_duckdb.py
[2025-11-28T10:51:13.413+0000] {processor.py:830} INFO - Processing file /opt/airflow/dags/02_minio_to_duckdb.py for tasks to queue
[2025-11-28T10:51:13.416+0000] {logging_mixin.py:188} INFO - [2025-11-28T10:51:13.415+0000] {dagbag.py:538} INFO - Filling up the DagBag from /opt/airflow/dags/02_minio_to_duckdb.py
[2025-11-28T10:51:13.637+0000] {processor.py:840} INFO - DAG(s) 'minio_to_duckdb_pipeline' retrieved from /opt/airflow/dags/02_minio_to_duckdb.py
[2025-11-28T10:51:13.696+0000] {logging_mixin.py:188} INFO - [2025-11-28T10:51:13.696+0000] {dag.py:3036} INFO - Sync 1 DAGs
[2025-11-28T10:51:13.721+0000] {logging_mixin.py:188} INFO - [2025-11-28T10:51:13.721+0000] {dag.py:3823} INFO - Setting next_dagrun for minio_to_duckdb_pipeline to None, run_after=None
[2025-11-28T10:51:13.771+0000] {processor.py:183} INFO - Processing /opt/airflow/dags/02_minio_to_duckdb.py took 0.376 seconds
[2025-11-28T10:51:44.271+0000] {processor.py:161} INFO - Started process (PID=1813) to work on /opt/airflow/dags/02_minio_to_duckdb.py
[2025-11-28T10:51:44.273+0000] {processor.py:830} INFO - Processing file /opt/airflow/dags/02_minio_to_duckdb.py for tasks to queue
[2025-11-28T10:51:44.275+0000] {logging_mixin.py:188} INFO - [2025-11-28T10:51:44.274+0000] {dagbag.py:538} INFO - Filling up the DagBag from /opt/airflow/dags/02_minio_to_duckdb.py
[2025-11-28T10:51:44.512+0000] {processor.py:840} INFO - DAG(s) 'minio_to_duckdb_pipeline' retrieved from /opt/airflow/dags/02_minio_to_duckdb.py
[2025-11-28T10:51:44.583+0000] {logging_mixin.py:188} INFO - [2025-11-28T10:51:44.582+0000] {dag.py:3036} INFO - Sync 1 DAGs
[2025-11-28T10:51:44.611+0000] {logging_mixin.py:188} INFO - [2025-11-28T10:51:44.610+0000] {dag.py:3823} INFO - Setting next_dagrun for minio_to_duckdb_pipeline to None, run_after=None
[2025-11-28T10:51:44.681+0000] {processor.py:183} INFO - Processing /opt/airflow/dags/02_minio_to_duckdb.py took 0.418 seconds
[2025-11-28T10:52:14.778+0000] {processor.py:161} INFO - Started process (PID=1883) to work on /opt/airflow/dags/02_minio_to_duckdb.py
[2025-11-28T10:52:14.780+0000] {processor.py:830} INFO - Processing file /opt/airflow/dags/02_minio_to_duckdb.py for tasks to queue
[2025-11-28T10:52:14.782+0000] {logging_mixin.py:188} INFO - [2025-11-28T10:52:14.781+0000] {dagbag.py:538} INFO - Filling up the DagBag from /opt/airflow/dags/02_minio_to_duckdb.py
[2025-11-28T10:52:14.977+0000] {processor.py:840} INFO - DAG(s) 'minio_to_duckdb_pipeline' retrieved from /opt/airflow/dags/02_minio_to_duckdb.py
[2025-11-28T10:52:15.032+0000] {logging_mixin.py:188} INFO - [2025-11-28T10:52:15.031+0000] {dag.py:3036} INFO - Sync 1 DAGs
[2025-11-28T10:52:15.058+0000] {logging_mixin.py:188} INFO - [2025-11-28T10:52:15.057+0000] {dag.py:3823} INFO - Setting next_dagrun for minio_to_duckdb_pipeline to None, run_after=None
[2025-11-28T10:52:15.096+0000] {processor.py:183} INFO - Processing /opt/airflow/dags/02_minio_to_duckdb.py took 0.325 seconds
[2025-11-28T10:52:45.376+0000] {processor.py:161} INFO - Started process (PID=1958) to work on /opt/airflow/dags/02_minio_to_duckdb.py
[2025-11-28T10:52:45.378+0000] {processor.py:830} INFO - Processing file /opt/airflow/dags/02_minio_to_duckdb.py for tasks to queue
[2025-11-28T10:52:45.380+0000] {logging_mixin.py:188} INFO - [2025-11-28T10:52:45.380+0000] {dagbag.py:538} INFO - Filling up the DagBag from /opt/airflow/dags/02_minio_to_duckdb.py
[2025-11-28T10:52:45.544+0000] {processor.py:840} INFO - DAG(s) 'minio_to_duckdb_pipeline' retrieved from /opt/airflow/dags/02_minio_to_duckdb.py
[2025-11-28T10:52:45.595+0000] {logging_mixin.py:188} INFO - [2025-11-28T10:52:45.594+0000] {dag.py:3036} INFO - Sync 1 DAGs
[2025-11-28T10:52:45.616+0000] {logging_mixin.py:188} INFO - [2025-11-28T10:52:45.616+0000] {dag.py:3823} INFO - Setting next_dagrun for minio_to_duckdb_pipeline to None, run_after=None
[2025-11-28T10:52:45.665+0000] {processor.py:183} INFO - Processing /opt/airflow/dags/02_minio_to_duckdb.py took 0.295 seconds
[2025-11-28T10:53:15.736+0000] {processor.py:161} INFO - Started process (PID=2028) to work on /opt/airflow/dags/02_minio_to_duckdb.py
[2025-11-28T10:53:15.738+0000] {processor.py:830} INFO - Processing file /opt/airflow/dags/02_minio_to_duckdb.py for tasks to queue
[2025-11-28T10:53:15.740+0000] {logging_mixin.py:188} INFO - [2025-11-28T10:53:15.740+0000] {dagbag.py:538} INFO - Filling up the DagBag from /opt/airflow/dags/02_minio_to_duckdb.py
[2025-11-28T10:53:15.896+0000] {processor.py:840} INFO - DAG(s) 'minio_to_duckdb_pipeline' retrieved from /opt/airflow/dags/02_minio_to_duckdb.py
[2025-11-28T10:53:15.953+0000] {logging_mixin.py:188} INFO - [2025-11-28T10:53:15.952+0000] {dag.py:3036} INFO - Sync 1 DAGs
[2025-11-28T10:53:15.977+0000] {logging_mixin.py:188} INFO - [2025-11-28T10:53:15.977+0000] {dag.py:3823} INFO - Setting next_dagrun for minio_to_duckdb_pipeline to None, run_after=None
[2025-11-28T10:53:16.029+0000] {processor.py:183} INFO - Processing /opt/airflow/dags/02_minio_to_duckdb.py took 0.298 seconds
[2025-11-28T10:53:46.208+0000] {processor.py:161} INFO - Started process (PID=2095) to work on /opt/airflow/dags/02_minio_to_duckdb.py
[2025-11-28T10:53:46.210+0000] {processor.py:830} INFO - Processing file /opt/airflow/dags/02_minio_to_duckdb.py for tasks to queue
[2025-11-28T10:53:46.212+0000] {logging_mixin.py:188} INFO - [2025-11-28T10:53:46.211+0000] {dagbag.py:538} INFO - Filling up the DagBag from /opt/airflow/dags/02_minio_to_duckdb.py
[2025-11-28T10:53:46.392+0000] {processor.py:840} INFO - DAG(s) 'minio_to_duckdb_pipeline' retrieved from /opt/airflow/dags/02_minio_to_duckdb.py
[2025-11-28T10:53:46.449+0000] {logging_mixin.py:188} INFO - [2025-11-28T10:53:46.449+0000] {dag.py:3036} INFO - Sync 1 DAGs
[2025-11-28T10:53:46.475+0000] {logging_mixin.py:188} INFO - [2025-11-28T10:53:46.474+0000] {dag.py:3823} INFO - Setting next_dagrun for minio_to_duckdb_pipeline to None, run_after=None
[2025-11-28T10:53:46.523+0000] {processor.py:183} INFO - Processing /opt/airflow/dags/02_minio_to_duckdb.py took 0.321 seconds
[2025-11-28T10:54:16.919+0000] {processor.py:161} INFO - Started process (PID=2139) to work on /opt/airflow/dags/02_minio_to_duckdb.py
[2025-11-28T10:54:16.921+0000] {processor.py:830} INFO - Processing file /opt/airflow/dags/02_minio_to_duckdb.py for tasks to queue
[2025-11-28T10:54:16.923+0000] {logging_mixin.py:188} INFO - [2025-11-28T10:54:16.923+0000] {dagbag.py:538} INFO - Filling up the DagBag from /opt/airflow/dags/02_minio_to_duckdb.py
[2025-11-28T10:54:17.125+0000] {processor.py:840} INFO - DAG(s) 'minio_to_duckdb_pipeline' retrieved from /opt/airflow/dags/02_minio_to_duckdb.py
[2025-11-28T10:54:17.182+0000] {logging_mixin.py:188} INFO - [2025-11-28T10:54:17.182+0000] {dag.py:3036} INFO - Sync 1 DAGs
[2025-11-28T10:54:17.205+0000] {logging_mixin.py:188} INFO - [2025-11-28T10:54:17.204+0000] {dag.py:3823} INFO - Setting next_dagrun for minio_to_duckdb_pipeline to None, run_after=None
[2025-11-28T10:54:17.242+0000] {processor.py:183} INFO - Processing /opt/airflow/dags/02_minio_to_duckdb.py took 0.329 seconds
[2025-11-28T10:54:47.480+0000] {processor.py:161} INFO - Started process (PID=2209) to work on /opt/airflow/dags/02_minio_to_duckdb.py
[2025-11-28T10:54:47.482+0000] {processor.py:830} INFO - Processing file /opt/airflow/dags/02_minio_to_duckdb.py for tasks to queue
[2025-11-28T10:54:47.484+0000] {logging_mixin.py:188} INFO - [2025-11-28T10:54:47.483+0000] {dagbag.py:538} INFO - Filling up the DagBag from /opt/airflow/dags/02_minio_to_duckdb.py
[2025-11-28T10:54:47.695+0000] {processor.py:840} INFO - DAG(s) 'minio_to_duckdb_pipeline' retrieved from /opt/airflow/dags/02_minio_to_duckdb.py
[2025-11-28T10:54:47.755+0000] {logging_mixin.py:188} INFO - [2025-11-28T10:54:47.754+0000] {dag.py:3036} INFO - Sync 1 DAGs
[2025-11-28T10:54:47.778+0000] {logging_mixin.py:188} INFO - [2025-11-28T10:54:47.778+0000] {dag.py:3823} INFO - Setting next_dagrun for minio_to_duckdb_pipeline to None, run_after=None
[2025-11-28T10:54:47.825+0000] {processor.py:183} INFO - Processing /opt/airflow/dags/02_minio_to_duckdb.py took 0.355 seconds
[2025-11-28T10:55:17.885+0000] {processor.py:161} INFO - Started process (PID=2279) to work on /opt/airflow/dags/02_minio_to_duckdb.py
[2025-11-28T10:55:17.887+0000] {processor.py:830} INFO - Processing file /opt/airflow/dags/02_minio_to_duckdb.py for tasks to queue
[2025-11-28T10:55:17.890+0000] {logging_mixin.py:188} INFO - [2025-11-28T10:55:17.889+0000] {dagbag.py:538} INFO - Filling up the DagBag from /opt/airflow/dags/02_minio_to_duckdb.py
[2025-11-28T10:55:18.101+0000] {processor.py:840} INFO - DAG(s) 'minio_to_duckdb_pipeline' retrieved from /opt/airflow/dags/02_minio_to_duckdb.py
[2025-11-28T10:55:18.160+0000] {logging_mixin.py:188} INFO - [2025-11-28T10:55:18.160+0000] {dag.py:3036} INFO - Sync 1 DAGs
[2025-11-28T10:55:18.184+0000] {logging_mixin.py:188} INFO - [2025-11-28T10:55:18.184+0000] {dag.py:3823} INFO - Setting next_dagrun for minio_to_duckdb_pipeline to None, run_after=None
[2025-11-28T10:55:18.236+0000] {processor.py:183} INFO - Processing /opt/airflow/dags/02_minio_to_duckdb.py took 0.355 seconds
[2025-11-28T10:55:48.338+0000] {processor.py:161} INFO - Started process (PID=2349) to work on /opt/airflow/dags/02_minio_to_duckdb.py
[2025-11-28T10:55:48.340+0000] {processor.py:830} INFO - Processing file /opt/airflow/dags/02_minio_to_duckdb.py for tasks to queue
[2025-11-28T10:55:48.342+0000] {logging_mixin.py:188} INFO - [2025-11-28T10:55:48.341+0000] {dagbag.py:538} INFO - Filling up the DagBag from /opt/airflow/dags/02_minio_to_duckdb.py
[2025-11-28T10:55:48.549+0000] {processor.py:840} INFO - DAG(s) 'minio_to_duckdb_pipeline' retrieved from /opt/airflow/dags/02_minio_to_duckdb.py
[2025-11-28T10:55:48.606+0000] {logging_mixin.py:188} INFO - [2025-11-28T10:55:48.605+0000] {dag.py:3036} INFO - Sync 1 DAGs
[2025-11-28T10:55:48.628+0000] {logging_mixin.py:188} INFO - [2025-11-28T10:55:48.628+0000] {dag.py:3823} INFO - Setting next_dagrun for minio_to_duckdb_pipeline to None, run_after=None
[2025-11-28T10:55:48.667+0000] {processor.py:183} INFO - Processing /opt/airflow/dags/02_minio_to_duckdb.py took 0.336 seconds
[2025-11-28T10:56:19.056+0000] {processor.py:161} INFO - Started process (PID=2417) to work on /opt/airflow/dags/02_minio_to_duckdb.py
[2025-11-28T10:56:19.059+0000] {processor.py:830} INFO - Processing file /opt/airflow/dags/02_minio_to_duckdb.py for tasks to queue
[2025-11-28T10:56:19.062+0000] {logging_mixin.py:188} INFO - [2025-11-28T10:56:19.062+0000] {dagbag.py:538} INFO - Filling up the DagBag from /opt/airflow/dags/02_minio_to_duckdb.py
[2025-11-28T10:56:19.271+0000] {processor.py:840} INFO - DAG(s) 'minio_to_duckdb_pipeline' retrieved from /opt/airflow/dags/02_minio_to_duckdb.py
[2025-11-28T10:56:19.337+0000] {logging_mixin.py:188} INFO - [2025-11-28T10:56:19.336+0000] {dag.py:3036} INFO - Sync 1 DAGs
[2025-11-28T10:56:19.364+0000] {logging_mixin.py:188} INFO - [2025-11-28T10:56:19.364+0000] {dag.py:3823} INFO - Setting next_dagrun for minio_to_duckdb_pipeline to None, run_after=None
[2025-11-28T10:56:19.421+0000] {processor.py:183} INFO - Processing /opt/airflow/dags/02_minio_to_duckdb.py took 0.375 seconds
[2025-11-28T10:56:49.780+0000] {processor.py:161} INFO - Started process (PID=2468) to work on /opt/airflow/dags/02_minio_to_duckdb.py
[2025-11-28T10:56:49.782+0000] {processor.py:830} INFO - Processing file /opt/airflow/dags/02_minio_to_duckdb.py for tasks to queue
[2025-11-28T10:56:49.784+0000] {logging_mixin.py:188} INFO - [2025-11-28T10:56:49.784+0000] {dagbag.py:538} INFO - Filling up the DagBag from /opt/airflow/dags/02_minio_to_duckdb.py
[2025-11-28T10:56:50.047+0000] {processor.py:840} INFO - DAG(s) 'minio_to_duckdb_pipeline' retrieved from /opt/airflow/dags/02_minio_to_duckdb.py
[2025-11-28T10:56:50.131+0000] {logging_mixin.py:188} INFO - [2025-11-28T10:56:50.130+0000] {dag.py:3036} INFO - Sync 1 DAGs
[2025-11-28T10:56:50.175+0000] {logging_mixin.py:188} INFO - [2025-11-28T10:56:50.174+0000] {dag.py:3823} INFO - Setting next_dagrun for minio_to_duckdb_pipeline to None, run_after=None
[2025-11-28T10:56:50.236+0000] {processor.py:183} INFO - Processing /opt/airflow/dags/02_minio_to_duckdb.py took 0.463 seconds
[2025-11-28T10:57:20.430+0000] {processor.py:161} INFO - Started process (PID=2535) to work on /opt/airflow/dags/02_minio_to_duckdb.py
[2025-11-28T10:57:20.432+0000] {processor.py:830} INFO - Processing file /opt/airflow/dags/02_minio_to_duckdb.py for tasks to queue
[2025-11-28T10:57:20.434+0000] {logging_mixin.py:188} INFO - [2025-11-28T10:57:20.433+0000] {dagbag.py:538} INFO - Filling up the DagBag from /opt/airflow/dags/02_minio_to_duckdb.py
[2025-11-28T10:57:20.624+0000] {processor.py:840} INFO - DAG(s) 'minio_to_duckdb_pipeline' retrieved from /opt/airflow/dags/02_minio_to_duckdb.py
[2025-11-28T10:57:20.680+0000] {logging_mixin.py:188} INFO - [2025-11-28T10:57:20.679+0000] {dag.py:3036} INFO - Sync 1 DAGs
[2025-11-28T10:57:20.706+0000] {logging_mixin.py:188} INFO - [2025-11-28T10:57:20.706+0000] {dag.py:3823} INFO - Setting next_dagrun for minio_to_duckdb_pipeline to None, run_after=None
[2025-11-28T10:57:20.757+0000] {processor.py:183} INFO - Processing /opt/airflow/dags/02_minio_to_duckdb.py took 0.333 seconds
[2025-11-28T10:57:51.197+0000] {processor.py:161} INFO - Started process (PID=2584) to work on /opt/airflow/dags/02_minio_to_duckdb.py
[2025-11-28T10:57:51.198+0000] {processor.py:830} INFO - Processing file /opt/airflow/dags/02_minio_to_duckdb.py for tasks to queue
[2025-11-28T10:57:51.200+0000] {logging_mixin.py:188} INFO - [2025-11-28T10:57:51.200+0000] {dagbag.py:538} INFO - Filling up the DagBag from /opt/airflow/dags/02_minio_to_duckdb.py
[2025-11-28T10:57:51.410+0000] {processor.py:840} INFO - DAG(s) 'minio_to_duckdb_pipeline' retrieved from /opt/airflow/dags/02_minio_to_duckdb.py
[2025-11-28T10:57:51.464+0000] {logging_mixin.py:188} INFO - [2025-11-28T10:57:51.463+0000] {dag.py:3036} INFO - Sync 1 DAGs
[2025-11-28T10:57:51.489+0000] {logging_mixin.py:188} INFO - [2025-11-28T10:57:51.488+0000] {dag.py:3823} INFO - Setting next_dagrun for minio_to_duckdb_pipeline to None, run_after=None
[2025-11-28T10:57:51.541+0000] {processor.py:183} INFO - Processing /opt/airflow/dags/02_minio_to_duckdb.py took 0.350 seconds
[2025-11-28T10:58:21.788+0000] {processor.py:161} INFO - Started process (PID=2654) to work on /opt/airflow/dags/02_minio_to_duckdb.py
[2025-11-28T10:58:21.790+0000] {processor.py:830} INFO - Processing file /opt/airflow/dags/02_minio_to_duckdb.py for tasks to queue
[2025-11-28T10:58:21.792+0000] {logging_mixin.py:188} INFO - [2025-11-28T10:58:21.792+0000] {dagbag.py:538} INFO - Filling up the DagBag from /opt/airflow/dags/02_minio_to_duckdb.py
[2025-11-28T10:58:21.993+0000] {processor.py:840} INFO - DAG(s) 'minio_to_duckdb_pipeline' retrieved from /opt/airflow/dags/02_minio_to_duckdb.py
[2025-11-28T10:58:22.050+0000] {logging_mixin.py:188} INFO - [2025-11-28T10:58:22.050+0000] {dag.py:3036} INFO - Sync 1 DAGs
[2025-11-28T10:58:22.075+0000] {logging_mixin.py:188} INFO - [2025-11-28T10:58:22.074+0000] {dag.py:3823} INFO - Setting next_dagrun for minio_to_duckdb_pipeline to None, run_after=None
[2025-11-28T10:58:22.125+0000] {processor.py:183} INFO - Processing /opt/airflow/dags/02_minio_to_duckdb.py took 0.344 seconds
[2025-11-28T10:58:52.306+0000] {processor.py:161} INFO - Started process (PID=2729) to work on /opt/airflow/dags/02_minio_to_duckdb.py
[2025-11-28T10:58:52.308+0000] {processor.py:830} INFO - Processing file /opt/airflow/dags/02_minio_to_duckdb.py for tasks to queue
[2025-11-28T10:58:52.310+0000] {logging_mixin.py:188} INFO - [2025-11-28T10:58:52.309+0000] {dagbag.py:538} INFO - Filling up the DagBag from /opt/airflow/dags/02_minio_to_duckdb.py
[2025-11-28T10:58:52.481+0000] {processor.py:840} INFO - DAG(s) 'minio_to_duckdb_pipeline' retrieved from /opt/airflow/dags/02_minio_to_duckdb.py
[2025-11-28T10:58:52.546+0000] {logging_mixin.py:188} INFO - [2025-11-28T10:58:52.545+0000] {dag.py:3036} INFO - Sync 1 DAGs
[2025-11-28T10:58:52.594+0000] {logging_mixin.py:188} INFO - [2025-11-28T10:58:52.593+0000] {dag.py:3823} INFO - Setting next_dagrun for minio_to_duckdb_pipeline to None, run_after=None
[2025-11-28T10:58:52.667+0000] {processor.py:183} INFO - Processing /opt/airflow/dags/02_minio_to_duckdb.py took 0.368 seconds
[2025-11-28T10:59:22.927+0000] {processor.py:161} INFO - Started process (PID=2799) to work on /opt/airflow/dags/02_minio_to_duckdb.py
[2025-11-28T10:59:22.929+0000] {processor.py:830} INFO - Processing file /opt/airflow/dags/02_minio_to_duckdb.py for tasks to queue
[2025-11-28T10:59:22.931+0000] {logging_mixin.py:188} INFO - [2025-11-28T10:59:22.931+0000] {dagbag.py:538} INFO - Filling up the DagBag from /opt/airflow/dags/02_minio_to_duckdb.py
[2025-11-28T10:59:23.160+0000] {processor.py:840} INFO - DAG(s) 'minio_to_duckdb_pipeline' retrieved from /opt/airflow/dags/02_minio_to_duckdb.py
[2025-11-28T10:59:23.211+0000] {logging_mixin.py:188} INFO - [2025-11-28T10:59:23.210+0000] {dag.py:3036} INFO - Sync 1 DAGs
[2025-11-28T10:59:23.247+0000] {logging_mixin.py:188} INFO - [2025-11-28T10:59:23.247+0000] {dag.py:3823} INFO - Setting next_dagrun for minio_to_duckdb_pipeline to None, run_after=None
[2025-11-28T10:59:23.297+0000] {processor.py:183} INFO - Processing /opt/airflow/dags/02_minio_to_duckdb.py took 0.377 seconds
[2025-11-28T10:59:54.046+0000] {processor.py:161} INFO - Started process (PID=2869) to work on /opt/airflow/dags/02_minio_to_duckdb.py
[2025-11-28T10:59:54.048+0000] {processor.py:830} INFO - Processing file /opt/airflow/dags/02_minio_to_duckdb.py for tasks to queue
[2025-11-28T10:59:54.050+0000] {logging_mixin.py:188} INFO - [2025-11-28T10:59:54.050+0000] {dagbag.py:538} INFO - Filling up the DagBag from /opt/airflow/dags/02_minio_to_duckdb.py
[2025-11-28T10:59:54.246+0000] {processor.py:840} INFO - DAG(s) 'minio_to_duckdb_pipeline' retrieved from /opt/airflow/dags/02_minio_to_duckdb.py
[2025-11-28T10:59:54.316+0000] {logging_mixin.py:188} INFO - [2025-11-28T10:59:54.316+0000] {dag.py:3036} INFO - Sync 1 DAGs
[2025-11-28T10:59:54.342+0000] {logging_mixin.py:188} INFO - [2025-11-28T10:59:54.342+0000] {dag.py:3823} INFO - Setting next_dagrun for minio_to_duckdb_pipeline to None, run_after=None
[2025-11-28T10:59:54.397+0000] {processor.py:183} INFO - Processing /opt/airflow/dags/02_minio_to_duckdb.py took 0.358 seconds
[2025-11-28T11:00:24.721+0000] {processor.py:161} INFO - Started process (PID=2939) to work on /opt/airflow/dags/02_minio_to_duckdb.py
[2025-11-28T11:00:24.724+0000] {processor.py:830} INFO - Processing file /opt/airflow/dags/02_minio_to_duckdb.py for tasks to queue
[2025-11-28T11:00:24.726+0000] {logging_mixin.py:188} INFO - [2025-11-28T11:00:24.725+0000] {dagbag.py:538} INFO - Filling up the DagBag from /opt/airflow/dags/02_minio_to_duckdb.py
[2025-11-28T11:00:24.946+0000] {processor.py:840} INFO - DAG(s) 'minio_to_duckdb_pipeline' retrieved from /opt/airflow/dags/02_minio_to_duckdb.py
[2025-11-28T11:00:25.001+0000] {logging_mixin.py:188} INFO - [2025-11-28T11:00:25.000+0000] {dag.py:3036} INFO - Sync 1 DAGs
[2025-11-28T11:00:25.025+0000] {logging_mixin.py:188} INFO - [2025-11-28T11:00:25.024+0000] {dag.py:3823} INFO - Setting next_dagrun for minio_to_duckdb_pipeline to None, run_after=None
[2025-11-28T11:00:25.079+0000] {processor.py:183} INFO - Processing /opt/airflow/dags/02_minio_to_duckdb.py took 0.366 seconds
[2025-11-28T11:00:55.527+0000] {processor.py:161} INFO - Started process (PID=3006) to work on /opt/airflow/dags/02_minio_to_duckdb.py
[2025-11-28T11:00:55.531+0000] {processor.py:830} INFO - Processing file /opt/airflow/dags/02_minio_to_duckdb.py for tasks to queue
[2025-11-28T11:00:55.541+0000] {logging_mixin.py:188} INFO - [2025-11-28T11:00:55.539+0000] {dagbag.py:538} INFO - Filling up the DagBag from /opt/airflow/dags/02_minio_to_duckdb.py
[2025-11-28T11:00:55.953+0000] {processor.py:840} INFO - DAG(s) 'minio_to_duckdb_pipeline' retrieved from /opt/airflow/dags/02_minio_to_duckdb.py
[2025-11-28T11:00:56.085+0000] {logging_mixin.py:188} INFO - [2025-11-28T11:00:56.084+0000] {dag.py:3036} INFO - Sync 1 DAGs
[2025-11-28T11:00:56.143+0000] {logging_mixin.py:188} INFO - [2025-11-28T11:00:56.143+0000] {dag.py:3823} INFO - Setting next_dagrun for minio_to_duckdb_pipeline to None, run_after=None
[2025-11-28T11:00:56.233+0000] {processor.py:183} INFO - Processing /opt/airflow/dags/02_minio_to_duckdb.py took 0.718 seconds
[2025-11-28T11:01:26.423+0000] {processor.py:161} INFO - Started process (PID=3055) to work on /opt/airflow/dags/02_minio_to_duckdb.py
[2025-11-28T11:01:26.425+0000] {processor.py:830} INFO - Processing file /opt/airflow/dags/02_minio_to_duckdb.py for tasks to queue
[2025-11-28T11:01:26.427+0000] {logging_mixin.py:188} INFO - [2025-11-28T11:01:26.427+0000] {dagbag.py:538} INFO - Filling up the DagBag from /opt/airflow/dags/02_minio_to_duckdb.py
[2025-11-28T11:01:26.685+0000] {processor.py:840} INFO - DAG(s) 'minio_to_duckdb_pipeline' retrieved from /opt/airflow/dags/02_minio_to_duckdb.py
[2025-11-28T11:01:26.764+0000] {logging_mixin.py:188} INFO - [2025-11-28T11:01:26.763+0000] {dag.py:3036} INFO - Sync 1 DAGs
[2025-11-28T11:01:26.806+0000] {logging_mixin.py:188} INFO - [2025-11-28T11:01:26.805+0000] {dag.py:3823} INFO - Setting next_dagrun for minio_to_duckdb_pipeline to None, run_after=None
[2025-11-28T11:01:26.883+0000] {processor.py:183} INFO - Processing /opt/airflow/dags/02_minio_to_duckdb.py took 0.467 seconds
[2025-11-28T11:01:56.985+0000] {processor.py:161} INFO - Started process (PID=3125) to work on /opt/airflow/dags/02_minio_to_duckdb.py
[2025-11-28T11:01:56.989+0000] {processor.py:830} INFO - Processing file /opt/airflow/dags/02_minio_to_duckdb.py for tasks to queue
[2025-11-28T11:01:56.993+0000] {logging_mixin.py:188} INFO - [2025-11-28T11:01:56.991+0000] {dagbag.py:538} INFO - Filling up the DagBag from /opt/airflow/dags/02_minio_to_duckdb.py
[2025-11-28T11:01:57.438+0000] {processor.py:840} INFO - DAG(s) 'minio_to_duckdb_pipeline' retrieved from /opt/airflow/dags/02_minio_to_duckdb.py
[2025-11-28T11:01:57.580+0000] {logging_mixin.py:188} INFO - [2025-11-28T11:01:57.579+0000] {dag.py:3036} INFO - Sync 1 DAGs
[2025-11-28T11:01:57.646+0000] {logging_mixin.py:188} INFO - [2025-11-28T11:01:57.645+0000] {dag.py:3823} INFO - Setting next_dagrun for minio_to_duckdb_pipeline to None, run_after=None
[2025-11-28T11:01:57.740+0000] {processor.py:183} INFO - Processing /opt/airflow/dags/02_minio_to_duckdb.py took 0.769 seconds
[2025-11-28T11:02:27.987+0000] {processor.py:161} INFO - Started process (PID=3192) to work on /opt/airflow/dags/02_minio_to_duckdb.py
[2025-11-28T11:02:27.990+0000] {processor.py:830} INFO - Processing file /opt/airflow/dags/02_minio_to_duckdb.py for tasks to queue
[2025-11-28T11:02:27.992+0000] {logging_mixin.py:188} INFO - [2025-11-28T11:02:27.991+0000] {dagbag.py:538} INFO - Filling up the DagBag from /opt/airflow/dags/02_minio_to_duckdb.py
[2025-11-28T11:02:28.208+0000] {processor.py:840} INFO - DAG(s) 'minio_to_duckdb_pipeline' retrieved from /opt/airflow/dags/02_minio_to_duckdb.py
[2025-11-28T11:02:28.265+0000] {logging_mixin.py:188} INFO - [2025-11-28T11:02:28.265+0000] {dag.py:3036} INFO - Sync 1 DAGs
[2025-11-28T11:02:28.296+0000] {logging_mixin.py:188} INFO - [2025-11-28T11:02:28.295+0000] {dag.py:3823} INFO - Setting next_dagrun for minio_to_duckdb_pipeline to None, run_after=None
[2025-11-28T11:02:28.352+0000] {processor.py:183} INFO - Processing /opt/airflow/dags/02_minio_to_duckdb.py took 0.372 seconds
[2025-11-28T11:02:58.489+0000] {processor.py:161} INFO - Started process (PID=3241) to work on /opt/airflow/dags/02_minio_to_duckdb.py
[2025-11-28T11:02:58.491+0000] {processor.py:830} INFO - Processing file /opt/airflow/dags/02_minio_to_duckdb.py for tasks to queue
[2025-11-28T11:02:58.494+0000] {logging_mixin.py:188} INFO - [2025-11-28T11:02:58.493+0000] {dagbag.py:538} INFO - Filling up the DagBag from /opt/airflow/dags/02_minio_to_duckdb.py
[2025-11-28T11:02:58.731+0000] {processor.py:840} INFO - DAG(s) 'minio_to_duckdb_pipeline' retrieved from /opt/airflow/dags/02_minio_to_duckdb.py
[2025-11-28T11:02:58.800+0000] {logging_mixin.py:188} INFO - [2025-11-28T11:02:58.799+0000] {dag.py:3036} INFO - Sync 1 DAGs
[2025-11-28T11:02:58.834+0000] {logging_mixin.py:188} INFO - [2025-11-28T11:02:58.834+0000] {dag.py:3823} INFO - Setting next_dagrun for minio_to_duckdb_pipeline to None, run_after=None
[2025-11-28T11:02:58.878+0000] {processor.py:183} INFO - Processing /opt/airflow/dags/02_minio_to_duckdb.py took 0.397 seconds
[2025-11-28T11:03:29.109+0000] {processor.py:161} INFO - Started process (PID=3311) to work on /opt/airflow/dags/02_minio_to_duckdb.py
[2025-11-28T11:03:29.111+0000] {processor.py:830} INFO - Processing file /opt/airflow/dags/02_minio_to_duckdb.py for tasks to queue
[2025-11-28T11:03:29.114+0000] {logging_mixin.py:188} INFO - [2025-11-28T11:03:29.113+0000] {dagbag.py:538} INFO - Filling up the DagBag from /opt/airflow/dags/02_minio_to_duckdb.py
[2025-11-28T11:03:29.370+0000] {processor.py:840} INFO - DAG(s) 'minio_to_duckdb_pipeline' retrieved from /opt/airflow/dags/02_minio_to_duckdb.py
[2025-11-28T11:03:29.439+0000] {logging_mixin.py:188} INFO - [2025-11-28T11:03:29.439+0000] {dag.py:3036} INFO - Sync 1 DAGs
[2025-11-28T11:03:29.470+0000] {logging_mixin.py:188} INFO - [2025-11-28T11:03:29.469+0000] {dag.py:3823} INFO - Setting next_dagrun for minio_to_duckdb_pipeline to None, run_after=None
[2025-11-28T11:03:29.542+0000] {processor.py:183} INFO - Processing /opt/airflow/dags/02_minio_to_duckdb.py took 0.441 seconds
[2025-11-28T11:03:59.720+0000] {processor.py:161} INFO - Started process (PID=3381) to work on /opt/airflow/dags/02_minio_to_duckdb.py
[2025-11-28T11:03:59.723+0000] {processor.py:830} INFO - Processing file /opt/airflow/dags/02_minio_to_duckdb.py for tasks to queue
[2025-11-28T11:03:59.726+0000] {logging_mixin.py:188} INFO - [2025-11-28T11:03:59.725+0000] {dagbag.py:538} INFO - Filling up the DagBag from /opt/airflow/dags/02_minio_to_duckdb.py
[2025-11-28T11:03:59.929+0000] {processor.py:840} INFO - DAG(s) 'minio_to_duckdb_pipeline' retrieved from /opt/airflow/dags/02_minio_to_duckdb.py
[2025-11-28T11:03:59.993+0000] {logging_mixin.py:188} INFO - [2025-11-28T11:03:59.992+0000] {dag.py:3036} INFO - Sync 1 DAGs
[2025-11-28T11:04:00.045+0000] {logging_mixin.py:188} INFO - [2025-11-28T11:04:00.044+0000] {dag.py:3823} INFO - Setting next_dagrun for minio_to_duckdb_pipeline to None, run_after=None
[2025-11-28T11:04:00.135+0000] {processor.py:183} INFO - Processing /opt/airflow/dags/02_minio_to_duckdb.py took 0.425 seconds
[2025-11-28T11:04:30.293+0000] {processor.py:161} INFO - Started process (PID=3451) to work on /opt/airflow/dags/02_minio_to_duckdb.py
[2025-11-28T11:04:30.296+0000] {processor.py:830} INFO - Processing file /opt/airflow/dags/02_minio_to_duckdb.py for tasks to queue
[2025-11-28T11:04:30.300+0000] {logging_mixin.py:188} INFO - [2025-11-28T11:04:30.299+0000] {dagbag.py:538} INFO - Filling up the DagBag from /opt/airflow/dags/02_minio_to_duckdb.py
[2025-11-28T11:04:30.574+0000] {processor.py:840} INFO - DAG(s) 'minio_to_duckdb_pipeline' retrieved from /opt/airflow/dags/02_minio_to_duckdb.py
[2025-11-28T11:04:30.642+0000] {logging_mixin.py:188} INFO - [2025-11-28T11:04:30.641+0000] {dag.py:3036} INFO - Sync 1 DAGs
[2025-11-28T11:04:30.675+0000] {logging_mixin.py:188} INFO - [2025-11-28T11:04:30.674+0000] {dag.py:3823} INFO - Setting next_dagrun for minio_to_duckdb_pipeline to None, run_after=None
[2025-11-28T11:04:30.732+0000] {processor.py:183} INFO - Processing /opt/airflow/dags/02_minio_to_duckdb.py took 0.449 seconds
[2025-11-28T11:05:01.261+0000] {processor.py:161} INFO - Started process (PID=3518) to work on /opt/airflow/dags/02_minio_to_duckdb.py
[2025-11-28T11:05:01.264+0000] {processor.py:830} INFO - Processing file /opt/airflow/dags/02_minio_to_duckdb.py for tasks to queue
[2025-11-28T11:05:01.266+0000] {logging_mixin.py:188} INFO - [2025-11-28T11:05:01.265+0000] {dagbag.py:538} INFO - Filling up the DagBag from /opt/airflow/dags/02_minio_to_duckdb.py
[2025-11-28T11:05:01.480+0000] {processor.py:840} INFO - DAG(s) 'minio_to_duckdb_pipeline' retrieved from /opt/airflow/dags/02_minio_to_duckdb.py
[2025-11-28T11:05:01.538+0000] {logging_mixin.py:188} INFO - [2025-11-28T11:05:01.538+0000] {dag.py:3036} INFO - Sync 1 DAGs
[2025-11-28T11:05:01.562+0000] {logging_mixin.py:188} INFO - [2025-11-28T11:05:01.562+0000] {dag.py:3823} INFO - Setting next_dagrun for minio_to_duckdb_pipeline to None, run_after=None
[2025-11-28T11:05:01.614+0000] {processor.py:183} INFO - Processing /opt/airflow/dags/02_minio_to_duckdb.py took 0.359 seconds
[2025-11-28T11:05:32.558+0000] {processor.py:161} INFO - Started process (PID=3570) to work on /opt/airflow/dags/02_minio_to_duckdb.py
[2025-11-28T11:05:32.561+0000] {processor.py:830} INFO - Processing file /opt/airflow/dags/02_minio_to_duckdb.py for tasks to queue
[2025-11-28T11:05:32.565+0000] {logging_mixin.py:188} INFO - [2025-11-28T11:05:32.564+0000] {dagbag.py:538} INFO - Filling up the DagBag from /opt/airflow/dags/02_minio_to_duckdb.py
[2025-11-28T11:05:32.964+0000] {processor.py:840} INFO - DAG(s) 'minio_to_duckdb_pipeline' retrieved from /opt/airflow/dags/02_minio_to_duckdb.py
[2025-11-28T11:05:33.086+0000] {logging_mixin.py:188} INFO - [2025-11-28T11:05:33.085+0000] {dag.py:3036} INFO - Sync 1 DAGs
[2025-11-28T11:05:33.121+0000] {logging_mixin.py:188} INFO - [2025-11-28T11:05:33.120+0000] {dag.py:3823} INFO - Setting next_dagrun for minio_to_duckdb_pipeline to None, run_after=None
[2025-11-28T11:05:33.192+0000] {processor.py:183} INFO - Processing /opt/airflow/dags/02_minio_to_duckdb.py took 0.644 seconds
[2025-11-28T11:06:03.822+0000] {processor.py:161} INFO - Started process (PID=3637) to work on /opt/airflow/dags/02_minio_to_duckdb.py
[2025-11-28T11:06:03.824+0000] {processor.py:830} INFO - Processing file /opt/airflow/dags/02_minio_to_duckdb.py for tasks to queue
[2025-11-28T11:06:03.827+0000] {logging_mixin.py:188} INFO - [2025-11-28T11:06:03.826+0000] {dagbag.py:538} INFO - Filling up the DagBag from /opt/airflow/dags/02_minio_to_duckdb.py
[2025-11-28T11:06:04.030+0000] {processor.py:840} INFO - DAG(s) 'minio_to_duckdb_pipeline' retrieved from /opt/airflow/dags/02_minio_to_duckdb.py
[2025-11-28T11:06:04.086+0000] {logging_mixin.py:188} INFO - [2025-11-28T11:06:04.086+0000] {dag.py:3036} INFO - Sync 1 DAGs
[2025-11-28T11:06:04.113+0000] {logging_mixin.py:188} INFO - [2025-11-28T11:06:04.112+0000] {dag.py:3823} INFO - Setting next_dagrun for minio_to_duckdb_pipeline to None, run_after=None
[2025-11-28T11:06:04.170+0000] {processor.py:183} INFO - Processing /opt/airflow/dags/02_minio_to_duckdb.py took 0.355 seconds
[2025-11-28T11:06:34.362+0000] {processor.py:161} INFO - Started process (PID=3707) to work on /opt/airflow/dags/02_minio_to_duckdb.py
[2025-11-28T11:06:34.365+0000] {processor.py:830} INFO - Processing file /opt/airflow/dags/02_minio_to_duckdb.py for tasks to queue
[2025-11-28T11:06:34.369+0000] {logging_mixin.py:188} INFO - [2025-11-28T11:06:34.368+0000] {dagbag.py:538} INFO - Filling up the DagBag from /opt/airflow/dags/02_minio_to_duckdb.py
[2025-11-28T11:06:34.609+0000] {processor.py:840} INFO - DAG(s) 'minio_to_duckdb_pipeline' retrieved from /opt/airflow/dags/02_minio_to_duckdb.py
[2025-11-28T11:06:34.673+0000] {logging_mixin.py:188} INFO - [2025-11-28T11:06:34.672+0000] {dag.py:3036} INFO - Sync 1 DAGs
[2025-11-28T11:06:34.699+0000] {logging_mixin.py:188} INFO - [2025-11-28T11:06:34.699+0000] {dag.py:3823} INFO - Setting next_dagrun for minio_to_duckdb_pipeline to None, run_after=None
[2025-11-28T11:06:34.770+0000] {processor.py:183} INFO - Processing /opt/airflow/dags/02_minio_to_duckdb.py took 0.425 seconds
[2025-11-28T11:07:04.893+0000] {processor.py:161} INFO - Started process (PID=3777) to work on /opt/airflow/dags/02_minio_to_duckdb.py
[2025-11-28T11:07:04.895+0000] {processor.py:830} INFO - Processing file /opt/airflow/dags/02_minio_to_duckdb.py for tasks to queue
[2025-11-28T11:07:04.898+0000] {logging_mixin.py:188} INFO - [2025-11-28T11:07:04.897+0000] {dagbag.py:538} INFO - Filling up the DagBag from /opt/airflow/dags/02_minio_to_duckdb.py
[2025-11-28T11:07:05.095+0000] {processor.py:840} INFO - DAG(s) 'minio_to_duckdb_pipeline' retrieved from /opt/airflow/dags/02_minio_to_duckdb.py
[2025-11-28T11:07:05.156+0000] {logging_mixin.py:188} INFO - [2025-11-28T11:07:05.156+0000] {dag.py:3036} INFO - Sync 1 DAGs
[2025-11-28T11:07:05.194+0000] {logging_mixin.py:188} INFO - [2025-11-28T11:07:05.193+0000] {dag.py:3823} INFO - Setting next_dagrun for minio_to_duckdb_pipeline to None, run_after=None
[2025-11-28T11:07:05.241+0000] {processor.py:183} INFO - Processing /opt/airflow/dags/02_minio_to_duckdb.py took 0.358 seconds
[2025-11-28T11:07:35.612+0000] {processor.py:161} INFO - Started process (PID=3847) to work on /opt/airflow/dags/02_minio_to_duckdb.py
[2025-11-28T11:07:35.614+0000] {processor.py:830} INFO - Processing file /opt/airflow/dags/02_minio_to_duckdb.py for tasks to queue
[2025-11-28T11:07:35.616+0000] {logging_mixin.py:188} INFO - [2025-11-28T11:07:35.615+0000] {dagbag.py:538} INFO - Filling up the DagBag from /opt/airflow/dags/02_minio_to_duckdb.py
[2025-11-28T11:07:35.817+0000] {processor.py:840} INFO - DAG(s) 'minio_to_duckdb_pipeline' retrieved from /opt/airflow/dags/02_minio_to_duckdb.py
[2025-11-28T11:07:35.881+0000] {logging_mixin.py:188} INFO - [2025-11-28T11:07:35.881+0000] {dag.py:3036} INFO - Sync 1 DAGs
[2025-11-28T11:07:35.906+0000] {logging_mixin.py:188} INFO - [2025-11-28T11:07:35.905+0000] {dag.py:3823} INFO - Setting next_dagrun for minio_to_duckdb_pipeline to None, run_after=None
[2025-11-28T11:07:35.947+0000] {processor.py:183} INFO - Processing /opt/airflow/dags/02_minio_to_duckdb.py took 0.343 seconds
[2025-11-28T11:08:06.347+0000] {processor.py:161} INFO - Started process (PID=3915) to work on /opt/airflow/dags/02_minio_to_duckdb.py
[2025-11-28T11:08:06.349+0000] {processor.py:830} INFO - Processing file /opt/airflow/dags/02_minio_to_duckdb.py for tasks to queue
[2025-11-28T11:08:06.351+0000] {logging_mixin.py:188} INFO - [2025-11-28T11:08:06.350+0000] {dagbag.py:538} INFO - Filling up the DagBag from /opt/airflow/dags/02_minio_to_duckdb.py
[2025-11-28T11:08:06.537+0000] {processor.py:840} INFO - DAG(s) 'minio_to_duckdb_pipeline' retrieved from /opt/airflow/dags/02_minio_to_duckdb.py
[2025-11-28T11:08:06.602+0000] {logging_mixin.py:188} INFO - [2025-11-28T11:08:06.602+0000] {dag.py:3036} INFO - Sync 1 DAGs
[2025-11-28T11:08:06.625+0000] {logging_mixin.py:188} INFO - [2025-11-28T11:08:06.625+0000] {dag.py:3823} INFO - Setting next_dagrun for minio_to_duckdb_pipeline to None, run_after=None
[2025-11-28T11:08:06.663+0000] {processor.py:183} INFO - Processing /opt/airflow/dags/02_minio_to_duckdb.py took 0.322 seconds
[2025-11-28T11:08:36.866+0000] {processor.py:161} INFO - Started process (PID=3966) to work on /opt/airflow/dags/02_minio_to_duckdb.py
[2025-11-28T11:08:36.868+0000] {processor.py:830} INFO - Processing file /opt/airflow/dags/02_minio_to_duckdb.py for tasks to queue
[2025-11-28T11:08:36.871+0000] {logging_mixin.py:188} INFO - [2025-11-28T11:08:36.870+0000] {dagbag.py:538} INFO - Filling up the DagBag from /opt/airflow/dags/02_minio_to_duckdb.py
[2025-11-28T11:08:37.086+0000] {processor.py:840} INFO - DAG(s) 'minio_to_duckdb_pipeline' retrieved from /opt/airflow/dags/02_minio_to_duckdb.py
[2025-11-28T11:08:37.148+0000] {logging_mixin.py:188} INFO - [2025-11-28T11:08:37.147+0000] {dag.py:3036} INFO - Sync 1 DAGs
[2025-11-28T11:08:37.206+0000] {logging_mixin.py:188} INFO - [2025-11-28T11:08:37.205+0000] {dag.py:3823} INFO - Setting next_dagrun for minio_to_duckdb_pipeline to None, run_after=None
[2025-11-28T11:08:37.322+0000] {processor.py:183} INFO - Processing /opt/airflow/dags/02_minio_to_duckdb.py took 0.466 seconds
[2025-11-28T11:09:07.915+0000] {processor.py:161} INFO - Started process (PID=4033) to work on /opt/airflow/dags/02_minio_to_duckdb.py
[2025-11-28T11:09:07.917+0000] {processor.py:830} INFO - Processing file /opt/airflow/dags/02_minio_to_duckdb.py for tasks to queue
[2025-11-28T11:09:07.919+0000] {logging_mixin.py:188} INFO - [2025-11-28T11:09:07.919+0000] {dagbag.py:538} INFO - Filling up the DagBag from /opt/airflow/dags/02_minio_to_duckdb.py
[2025-11-28T11:09:08.111+0000] {processor.py:840} INFO - DAG(s) 'minio_to_duckdb_pipeline' retrieved from /opt/airflow/dags/02_minio_to_duckdb.py
[2025-11-28T11:09:08.167+0000] {logging_mixin.py:188} INFO - [2025-11-28T11:09:08.166+0000] {dag.py:3036} INFO - Sync 1 DAGs
[2025-11-28T11:09:08.190+0000] {logging_mixin.py:188} INFO - [2025-11-28T11:09:08.190+0000] {dag.py:3823} INFO - Setting next_dagrun for minio_to_duckdb_pipeline to None, run_after=None
[2025-11-28T11:09:08.243+0000] {processor.py:183} INFO - Processing /opt/airflow/dags/02_minio_to_duckdb.py took 0.335 seconds
[2025-11-28T11:09:38.790+0000] {processor.py:161} INFO - Started process (PID=4103) to work on /opt/airflow/dags/02_minio_to_duckdb.py
[2025-11-28T11:09:38.792+0000] {processor.py:830} INFO - Processing file /opt/airflow/dags/02_minio_to_duckdb.py for tasks to queue
[2025-11-28T11:09:38.795+0000] {logging_mixin.py:188} INFO - [2025-11-28T11:09:38.794+0000] {dagbag.py:538} INFO - Filling up the DagBag from /opt/airflow/dags/02_minio_to_duckdb.py
[2025-11-28T11:09:38.995+0000] {processor.py:840} INFO - DAG(s) 'minio_to_duckdb_pipeline' retrieved from /opt/airflow/dags/02_minio_to_duckdb.py
[2025-11-28T11:09:39.067+0000] {logging_mixin.py:188} INFO - [2025-11-28T11:09:39.066+0000] {dag.py:3036} INFO - Sync 1 DAGs
[2025-11-28T11:09:39.094+0000] {logging_mixin.py:188} INFO - [2025-11-28T11:09:39.093+0000] {dag.py:3823} INFO - Setting next_dagrun for minio_to_duckdb_pipeline to None, run_after=None
[2025-11-28T11:09:39.149+0000] {processor.py:183} INFO - Processing /opt/airflow/dags/02_minio_to_duckdb.py took 0.366 seconds
[2025-11-28T11:10:09.597+0000] {processor.py:161} INFO - Started process (PID=4173) to work on /opt/airflow/dags/02_minio_to_duckdb.py
[2025-11-28T11:10:09.599+0000] {processor.py:830} INFO - Processing file /opt/airflow/dags/02_minio_to_duckdb.py for tasks to queue
[2025-11-28T11:10:09.601+0000] {logging_mixin.py:188} INFO - [2025-11-28T11:10:09.600+0000] {dagbag.py:538} INFO - Filling up the DagBag from /opt/airflow/dags/02_minio_to_duckdb.py
[2025-11-28T11:10:09.812+0000] {processor.py:840} INFO - DAG(s) 'minio_to_duckdb_pipeline' retrieved from /opt/airflow/dags/02_minio_to_duckdb.py
[2025-11-28T11:10:09.878+0000] {logging_mixin.py:188} INFO - [2025-11-28T11:10:09.877+0000] {dag.py:3036} INFO - Sync 1 DAGs
[2025-11-28T11:10:09.911+0000] {logging_mixin.py:188} INFO - [2025-11-28T11:10:09.911+0000] {dag.py:3823} INFO - Setting next_dagrun for minio_to_duckdb_pipeline to None, run_after=None
[2025-11-28T11:10:09.980+0000] {processor.py:183} INFO - Processing /opt/airflow/dags/02_minio_to_duckdb.py took 0.390 seconds
[2025-11-28T11:10:40.827+0000] {processor.py:161} INFO - Started process (PID=4243) to work on /opt/airflow/dags/02_minio_to_duckdb.py
[2025-11-28T11:10:40.829+0000] {processor.py:830} INFO - Processing file /opt/airflow/dags/02_minio_to_duckdb.py for tasks to queue
[2025-11-28T11:10:40.833+0000] {logging_mixin.py:188} INFO - [2025-11-28T11:10:40.832+0000] {dagbag.py:538} INFO - Filling up the DagBag from /opt/airflow/dags/02_minio_to_duckdb.py
[2025-11-28T11:10:41.029+0000] {processor.py:840} INFO - DAG(s) 'minio_to_duckdb_pipeline' retrieved from /opt/airflow/dags/02_minio_to_duckdb.py
[2025-11-28T11:10:41.086+0000] {logging_mixin.py:188} INFO - [2025-11-28T11:10:41.086+0000] {dag.py:3036} INFO - Sync 1 DAGs
[2025-11-28T11:10:41.111+0000] {logging_mixin.py:188} INFO - [2025-11-28T11:10:41.111+0000] {dag.py:3823} INFO - Setting next_dagrun for minio_to_duckdb_pipeline to None, run_after=None
[2025-11-28T11:10:41.160+0000] {processor.py:183} INFO - Processing /opt/airflow/dags/02_minio_to_duckdb.py took 0.339 seconds
[2025-11-28T11:11:11.313+0000] {processor.py:161} INFO - Started process (PID=4313) to work on /opt/airflow/dags/02_minio_to_duckdb.py
[2025-11-28T11:11:11.315+0000] {processor.py:830} INFO - Processing file /opt/airflow/dags/02_minio_to_duckdb.py for tasks to queue
[2025-11-28T11:11:11.317+0000] {logging_mixin.py:188} INFO - [2025-11-28T11:11:11.317+0000] {dagbag.py:538} INFO - Filling up the DagBag from /opt/airflow/dags/02_minio_to_duckdb.py
[2025-11-28T11:11:11.501+0000] {processor.py:840} INFO - DAG(s) 'minio_to_duckdb_pipeline' retrieved from /opt/airflow/dags/02_minio_to_duckdb.py
[2025-11-28T11:11:11.557+0000] {logging_mixin.py:188} INFO - [2025-11-28T11:11:11.556+0000] {dag.py:3036} INFO - Sync 1 DAGs
[2025-11-28T11:11:11.582+0000] {logging_mixin.py:188} INFO - [2025-11-28T11:11:11.582+0000] {dag.py:3823} INFO - Setting next_dagrun for minio_to_duckdb_pipeline to None, run_after=None
[2025-11-28T11:11:11.633+0000] {processor.py:183} INFO - Processing /opt/airflow/dags/02_minio_to_duckdb.py took 0.327 seconds
[2025-11-28T11:11:41.861+0000] {processor.py:161} INFO - Started process (PID=4380) to work on /opt/airflow/dags/02_minio_to_duckdb.py
[2025-11-28T11:11:41.863+0000] {processor.py:830} INFO - Processing file /opt/airflow/dags/02_minio_to_duckdb.py for tasks to queue
[2025-11-28T11:11:41.864+0000] {logging_mixin.py:188} INFO - [2025-11-28T11:11:41.864+0000] {dagbag.py:538} INFO - Filling up the DagBag from /opt/airflow/dags/02_minio_to_duckdb.py
[2025-11-28T11:11:42.089+0000] {processor.py:840} INFO - DAG(s) 'minio_to_duckdb_pipeline' retrieved from /opt/airflow/dags/02_minio_to_duckdb.py
[2025-11-28T11:11:42.147+0000] {logging_mixin.py:188} INFO - [2025-11-28T11:11:42.147+0000] {dag.py:3036} INFO - Sync 1 DAGs
[2025-11-28T11:11:42.174+0000] {logging_mixin.py:188} INFO - [2025-11-28T11:11:42.173+0000] {dag.py:3823} INFO - Setting next_dagrun for minio_to_duckdb_pipeline to None, run_after=None
[2025-11-28T11:11:42.225+0000] {processor.py:183} INFO - Processing /opt/airflow/dags/02_minio_to_duckdb.py took 0.371 seconds
[2025-11-28T11:12:12.336+0000] {processor.py:161} INFO - Started process (PID=4429) to work on /opt/airflow/dags/02_minio_to_duckdb.py
[2025-11-28T11:12:12.338+0000] {processor.py:830} INFO - Processing file /opt/airflow/dags/02_minio_to_duckdb.py for tasks to queue
[2025-11-28T11:12:12.341+0000] {logging_mixin.py:188} INFO - [2025-11-28T11:12:12.340+0000] {dagbag.py:538} INFO - Filling up the DagBag from /opt/airflow/dags/02_minio_to_duckdb.py
[2025-11-28T11:12:12.550+0000] {processor.py:840} INFO - DAG(s) 'minio_to_duckdb_pipeline' retrieved from /opt/airflow/dags/02_minio_to_duckdb.py
[2025-11-28T11:12:12.637+0000] {logging_mixin.py:188} INFO - [2025-11-28T11:12:12.636+0000] {dag.py:3036} INFO - Sync 1 DAGs
[2025-11-28T11:12:12.682+0000] {logging_mixin.py:188} INFO - [2025-11-28T11:12:12.681+0000] {dag.py:3823} INFO - Setting next_dagrun for minio_to_duckdb_pipeline to None, run_after=None
[2025-11-28T11:12:12.777+0000] {processor.py:183} INFO - Processing /opt/airflow/dags/02_minio_to_duckdb.py took 0.451 seconds
[2025-11-28T11:12:42.945+0000] {processor.py:161} INFO - Started process (PID=4499) to work on /opt/airflow/dags/02_minio_to_duckdb.py
[2025-11-28T11:12:42.949+0000] {processor.py:830} INFO - Processing file /opt/airflow/dags/02_minio_to_duckdb.py for tasks to queue
[2025-11-28T11:12:42.954+0000] {logging_mixin.py:188} INFO - [2025-11-28T11:12:42.953+0000] {dagbag.py:538} INFO - Filling up the DagBag from /opt/airflow/dags/02_minio_to_duckdb.py
[2025-11-28T11:12:43.229+0000] {processor.py:840} INFO - DAG(s) 'minio_to_duckdb_pipeline' retrieved from /opt/airflow/dags/02_minio_to_duckdb.py
[2025-11-28T11:12:43.320+0000] {logging_mixin.py:188} INFO - [2025-11-28T11:12:43.319+0000] {dag.py:3036} INFO - Sync 1 DAGs
[2025-11-28T11:12:43.350+0000] {logging_mixin.py:188} INFO - [2025-11-28T11:12:43.349+0000] {dag.py:3823} INFO - Setting next_dagrun for minio_to_duckdb_pipeline to None, run_after=None
[2025-11-28T11:12:43.389+0000] {processor.py:183} INFO - Processing /opt/airflow/dags/02_minio_to_duckdb.py took 0.458 seconds
[2025-11-28T11:13:13.971+0000] {processor.py:161} INFO - Started process (PID=4569) to work on /opt/airflow/dags/02_minio_to_duckdb.py
[2025-11-28T11:13:13.973+0000] {processor.py:830} INFO - Processing file /opt/airflow/dags/02_minio_to_duckdb.py for tasks to queue
[2025-11-28T11:13:13.975+0000] {logging_mixin.py:188} INFO - [2025-11-28T11:13:13.975+0000] {dagbag.py:538} INFO - Filling up the DagBag from /opt/airflow/dags/02_minio_to_duckdb.py
[2025-11-28T11:13:14.177+0000] {processor.py:840} INFO - DAG(s) 'minio_to_duckdb_pipeline' retrieved from /opt/airflow/dags/02_minio_to_duckdb.py
[2025-11-28T11:13:14.236+0000] {logging_mixin.py:188} INFO - [2025-11-28T11:13:14.235+0000] {dag.py:3036} INFO - Sync 1 DAGs
[2025-11-28T11:13:14.258+0000] {logging_mixin.py:188} INFO - [2025-11-28T11:13:14.258+0000] {dag.py:3823} INFO - Setting next_dagrun for minio_to_duckdb_pipeline to None, run_after=None
[2025-11-28T11:13:14.306+0000] {processor.py:183} INFO - Processing /opt/airflow/dags/02_minio_to_duckdb.py took 0.342 seconds
[2025-11-28T11:13:44.815+0000] {processor.py:161} INFO - Started process (PID=4639) to work on /opt/airflow/dags/02_minio_to_duckdb.py
[2025-11-28T11:13:44.818+0000] {processor.py:830} INFO - Processing file /opt/airflow/dags/02_minio_to_duckdb.py for tasks to queue
[2025-11-28T11:13:44.822+0000] {logging_mixin.py:188} INFO - [2025-11-28T11:13:44.821+0000] {dagbag.py:538} INFO - Filling up the DagBag from /opt/airflow/dags/02_minio_to_duckdb.py
[2025-11-28T11:13:45.036+0000] {processor.py:840} INFO - DAG(s) 'minio_to_duckdb_pipeline' retrieved from /opt/airflow/dags/02_minio_to_duckdb.py
[2025-11-28T11:13:45.100+0000] {logging_mixin.py:188} INFO - [2025-11-28T11:13:45.099+0000] {dag.py:3036} INFO - Sync 1 DAGs
[2025-11-28T11:13:45.126+0000] {logging_mixin.py:188} INFO - [2025-11-28T11:13:45.126+0000] {dag.py:3823} INFO - Setting next_dagrun for minio_to_duckdb_pipeline to None, run_after=None
[2025-11-28T11:13:45.179+0000] {processor.py:183} INFO - Processing /opt/airflow/dags/02_minio_to_duckdb.py took 0.373 seconds
[2025-11-28T11:14:15.688+0000] {processor.py:161} INFO - Started process (PID=4707) to work on /opt/airflow/dags/02_minio_to_duckdb.py
[2025-11-28T11:14:15.691+0000] {processor.py:830} INFO - Processing file /opt/airflow/dags/02_minio_to_duckdb.py for tasks to queue
[2025-11-28T11:14:15.694+0000] {logging_mixin.py:188} INFO - [2025-11-28T11:14:15.693+0000] {dagbag.py:538} INFO - Filling up the DagBag from /opt/airflow/dags/02_minio_to_duckdb.py
[2025-11-28T11:14:15.926+0000] {processor.py:840} INFO - DAG(s) 'minio_to_duckdb_pipeline' retrieved from /opt/airflow/dags/02_minio_to_duckdb.py
[2025-11-28T11:14:15.979+0000] {logging_mixin.py:188} INFO - [2025-11-28T11:14:15.979+0000] {dag.py:3036} INFO - Sync 1 DAGs
[2025-11-28T11:14:16.001+0000] {logging_mixin.py:188} INFO - [2025-11-28T11:14:16.000+0000] {dag.py:3823} INFO - Setting next_dagrun for minio_to_duckdb_pipeline to None, run_after=None
[2025-11-28T11:14:16.039+0000] {processor.py:183} INFO - Processing /opt/airflow/dags/02_minio_to_duckdb.py took 0.361 seconds
[2025-11-28T11:14:46.394+0000] {processor.py:161} INFO - Started process (PID=4758) to work on /opt/airflow/dags/02_minio_to_duckdb.py
[2025-11-28T11:14:46.397+0000] {processor.py:830} INFO - Processing file /opt/airflow/dags/02_minio_to_duckdb.py for tasks to queue
[2025-11-28T11:14:46.400+0000] {logging_mixin.py:188} INFO - [2025-11-28T11:14:46.399+0000] {dagbag.py:538} INFO - Filling up the DagBag from /opt/airflow/dags/02_minio_to_duckdb.py
[2025-11-28T11:14:46.606+0000] {processor.py:840} INFO - DAG(s) 'minio_to_duckdb_pipeline' retrieved from /opt/airflow/dags/02_minio_to_duckdb.py
[2025-11-28T11:14:46.672+0000] {logging_mixin.py:188} INFO - [2025-11-28T11:14:46.671+0000] {dag.py:3036} INFO - Sync 1 DAGs
[2025-11-28T11:14:46.700+0000] {logging_mixin.py:188} INFO - [2025-11-28T11:14:46.700+0000] {dag.py:3823} INFO - Setting next_dagrun for minio_to_duckdb_pipeline to None, run_after=None
[2025-11-28T11:14:46.756+0000] {processor.py:183} INFO - Processing /opt/airflow/dags/02_minio_to_duckdb.py took 0.370 seconds
[2025-11-28T11:15:17.200+0000] {processor.py:161} INFO - Started process (PID=4804) to work on /opt/airflow/dags/02_minio_to_duckdb.py
[2025-11-28T11:15:17.203+0000] {processor.py:830} INFO - Processing file /opt/airflow/dags/02_minio_to_duckdb.py for tasks to queue
[2025-11-28T11:15:17.206+0000] {logging_mixin.py:188} INFO - [2025-11-28T11:15:17.205+0000] {dagbag.py:538} INFO - Filling up the DagBag from /opt/airflow/dags/02_minio_to_duckdb.py
[2025-11-28T11:15:17.417+0000] {processor.py:840} INFO - DAG(s) 'minio_to_duckdb_pipeline' retrieved from /opt/airflow/dags/02_minio_to_duckdb.py
[2025-11-28T11:15:17.479+0000] {logging_mixin.py:188} INFO - [2025-11-28T11:15:17.478+0000] {dag.py:3036} INFO - Sync 1 DAGs
[2025-11-28T11:15:17.506+0000] {logging_mixin.py:188} INFO - [2025-11-28T11:15:17.505+0000] {dag.py:3823} INFO - Setting next_dagrun for minio_to_duckdb_pipeline to None, run_after=None
[2025-11-28T11:15:17.559+0000] {processor.py:183} INFO - Processing /opt/airflow/dags/02_minio_to_duckdb.py took 0.365 seconds
[2025-11-28T11:15:47.772+0000] {processor.py:161} INFO - Started process (PID=4874) to work on /opt/airflow/dags/02_minio_to_duckdb.py
[2025-11-28T11:15:47.774+0000] {processor.py:830} INFO - Processing file /opt/airflow/dags/02_minio_to_duckdb.py for tasks to queue
[2025-11-28T11:15:47.776+0000] {logging_mixin.py:188} INFO - [2025-11-28T11:15:47.776+0000] {dagbag.py:538} INFO - Filling up the DagBag from /opt/airflow/dags/02_minio_to_duckdb.py
[2025-11-28T11:15:47.997+0000] {processor.py:840} INFO - DAG(s) 'minio_to_duckdb_pipeline' retrieved from /opt/airflow/dags/02_minio_to_duckdb.py
[2025-11-28T11:15:48.071+0000] {logging_mixin.py:188} INFO - [2025-11-28T11:15:48.070+0000] {dag.py:3036} INFO - Sync 1 DAGs
[2025-11-28T11:15:48.109+0000] {logging_mixin.py:188} INFO - [2025-11-28T11:15:48.108+0000] {dag.py:3823} INFO - Setting next_dagrun for minio_to_duckdb_pipeline to None, run_after=None
[2025-11-28T11:15:48.174+0000] {processor.py:183} INFO - Processing /opt/airflow/dags/02_minio_to_duckdb.py took 0.410 seconds
[2025-11-28T11:16:18.494+0000] {processor.py:161} INFO - Started process (PID=4944) to work on /opt/airflow/dags/02_minio_to_duckdb.py
[2025-11-28T11:16:18.497+0000] {processor.py:830} INFO - Processing file /opt/airflow/dags/02_minio_to_duckdb.py for tasks to queue
[2025-11-28T11:16:18.501+0000] {logging_mixin.py:188} INFO - [2025-11-28T11:16:18.500+0000] {dagbag.py:538} INFO - Filling up the DagBag from /opt/airflow/dags/02_minio_to_duckdb.py
[2025-11-28T11:16:18.710+0000] {processor.py:840} INFO - DAG(s) 'minio_to_duckdb_pipeline' retrieved from /opt/airflow/dags/02_minio_to_duckdb.py
[2025-11-28T11:16:18.775+0000] {logging_mixin.py:188} INFO - [2025-11-28T11:16:18.774+0000] {dag.py:3036} INFO - Sync 1 DAGs
[2025-11-28T11:16:18.804+0000] {logging_mixin.py:188} INFO - [2025-11-28T11:16:18.803+0000] {dag.py:3823} INFO - Setting next_dagrun for minio_to_duckdb_pipeline to None, run_after=None
[2025-11-28T11:16:18.864+0000] {processor.py:183} INFO - Processing /opt/airflow/dags/02_minio_to_duckdb.py took 0.378 seconds
[2025-11-28T11:16:49.448+0000] {processor.py:161} INFO - Started process (PID=5014) to work on /opt/airflow/dags/02_minio_to_duckdb.py
[2025-11-28T11:16:49.450+0000] {processor.py:830} INFO - Processing file /opt/airflow/dags/02_minio_to_duckdb.py for tasks to queue
[2025-11-28T11:16:49.451+0000] {logging_mixin.py:188} INFO - [2025-11-28T11:16:49.451+0000] {dagbag.py:538} INFO - Filling up the DagBag from /opt/airflow/dags/02_minio_to_duckdb.py
[2025-11-28T11:16:49.646+0000] {processor.py:840} INFO - DAG(s) 'minio_to_duckdb_pipeline' retrieved from /opt/airflow/dags/02_minio_to_duckdb.py
[2025-11-28T11:16:49.703+0000] {logging_mixin.py:188} INFO - [2025-11-28T11:16:49.703+0000] {dag.py:3036} INFO - Sync 1 DAGs
[2025-11-28T11:16:49.730+0000] {logging_mixin.py:188} INFO - [2025-11-28T11:16:49.729+0000] {dag.py:3823} INFO - Setting next_dagrun for minio_to_duckdb_pipeline to None, run_after=None
[2025-11-28T11:16:49.779+0000] {processor.py:183} INFO - Processing /opt/airflow/dags/02_minio_to_duckdb.py took 0.337 seconds
[2025-11-28T11:17:19.829+0000] {processor.py:161} INFO - Started process (PID=5082) to work on /opt/airflow/dags/02_minio_to_duckdb.py
[2025-11-28T11:17:19.832+0000] {processor.py:830} INFO - Processing file /opt/airflow/dags/02_minio_to_duckdb.py for tasks to queue
[2025-11-28T11:17:19.834+0000] {logging_mixin.py:188} INFO - [2025-11-28T11:17:19.833+0000] {dagbag.py:538} INFO - Filling up the DagBag from /opt/airflow/dags/02_minio_to_duckdb.py
[2025-11-28T11:17:20.005+0000] {processor.py:840} INFO - DAG(s) 'minio_to_duckdb_pipeline' retrieved from /opt/airflow/dags/02_minio_to_duckdb.py
[2025-11-28T11:17:20.050+0000] {logging_mixin.py:188} INFO - [2025-11-28T11:17:20.049+0000] {dag.py:3036} INFO - Sync 1 DAGs
[2025-11-28T11:17:20.075+0000] {logging_mixin.py:188} INFO - [2025-11-28T11:17:20.075+0000] {dag.py:3823} INFO - Setting next_dagrun for minio_to_duckdb_pipeline to None, run_after=None
[2025-11-28T11:17:20.133+0000] {processor.py:183} INFO - Processing /opt/airflow/dags/02_minio_to_duckdb.py took 0.310 seconds
[2025-11-28T11:17:50.531+0000] {processor.py:161} INFO - Started process (PID=5133) to work on /opt/airflow/dags/02_minio_to_duckdb.py
[2025-11-28T11:17:50.534+0000] {processor.py:830} INFO - Processing file /opt/airflow/dags/02_minio_to_duckdb.py for tasks to queue
[2025-11-28T11:17:50.536+0000] {logging_mixin.py:188} INFO - [2025-11-28T11:17:50.535+0000] {dagbag.py:538} INFO - Filling up the DagBag from /opt/airflow/dags/02_minio_to_duckdb.py
[2025-11-28T11:17:50.745+0000] {processor.py:840} INFO - DAG(s) 'minio_to_duckdb_pipeline' retrieved from /opt/airflow/dags/02_minio_to_duckdb.py
[2025-11-28T11:17:50.811+0000] {logging_mixin.py:188} INFO - [2025-11-28T11:17:50.811+0000] {dag.py:3036} INFO - Sync 1 DAGs
[2025-11-28T11:17:50.837+0000] {logging_mixin.py:188} INFO - [2025-11-28T11:17:50.837+0000] {dag.py:3823} INFO - Setting next_dagrun for minio_to_duckdb_pipeline to None, run_after=None
[2025-11-28T11:17:50.891+0000] {processor.py:183} INFO - Processing /opt/airflow/dags/02_minio_to_duckdb.py took 0.368 seconds
[2025-11-28T11:18:21.048+0000] {processor.py:161} INFO - Started process (PID=5200) to work on /opt/airflow/dags/02_minio_to_duckdb.py
[2025-11-28T11:18:21.050+0000] {processor.py:830} INFO - Processing file /opt/airflow/dags/02_minio_to_duckdb.py for tasks to queue
[2025-11-28T11:18:21.052+0000] {logging_mixin.py:188} INFO - [2025-11-28T11:18:21.052+0000] {dagbag.py:538} INFO - Filling up the DagBag from /opt/airflow/dags/02_minio_to_duckdb.py
[2025-11-28T11:18:21.242+0000] {processor.py:840} INFO - DAG(s) 'minio_to_duckdb_pipeline' retrieved from /opt/airflow/dags/02_minio_to_duckdb.py
[2025-11-28T11:18:21.306+0000] {logging_mixin.py:188} INFO - [2025-11-28T11:18:21.306+0000] {dag.py:3036} INFO - Sync 1 DAGs
[2025-11-28T11:18:21.331+0000] {logging_mixin.py:188} INFO - [2025-11-28T11:18:21.330+0000] {dag.py:3823} INFO - Setting next_dagrun for minio_to_duckdb_pipeline to None, run_after=None
[2025-11-28T11:18:21.386+0000] {processor.py:183} INFO - Processing /opt/airflow/dags/02_minio_to_duckdb.py took 0.344 seconds
[2025-11-28T11:18:51.533+0000] {processor.py:161} INFO - Started process (PID=5270) to work on /opt/airflow/dags/02_minio_to_duckdb.py
[2025-11-28T11:18:51.535+0000] {processor.py:830} INFO - Processing file /opt/airflow/dags/02_minio_to_duckdb.py for tasks to queue
[2025-11-28T11:18:51.537+0000] {logging_mixin.py:188} INFO - [2025-11-28T11:18:51.537+0000] {dagbag.py:538} INFO - Filling up the DagBag from /opt/airflow/dags/02_minio_to_duckdb.py
[2025-11-28T11:18:51.730+0000] {processor.py:840} INFO - DAG(s) 'minio_to_duckdb_pipeline' retrieved from /opt/airflow/dags/02_minio_to_duckdb.py
[2025-11-28T11:18:51.784+0000] {logging_mixin.py:188} INFO - [2025-11-28T11:18:51.784+0000] {dag.py:3036} INFO - Sync 1 DAGs
[2025-11-28T11:18:51.810+0000] {logging_mixin.py:188} INFO - [2025-11-28T11:18:51.809+0000] {dag.py:3823} INFO - Setting next_dagrun for minio_to_duckdb_pipeline to None, run_after=None
[2025-11-28T11:18:51.855+0000] {processor.py:183} INFO - Processing /opt/airflow/dags/02_minio_to_duckdb.py took 0.328 seconds
[2025-11-28T11:19:22.016+0000] {processor.py:161} INFO - Started process (PID=5340) to work on /opt/airflow/dags/02_minio_to_duckdb.py
[2025-11-28T11:19:22.018+0000] {processor.py:830} INFO - Processing file /opt/airflow/dags/02_minio_to_duckdb.py for tasks to queue
[2025-11-28T11:19:22.020+0000] {logging_mixin.py:188} INFO - [2025-11-28T11:19:22.020+0000] {dagbag.py:538} INFO - Filling up the DagBag from /opt/airflow/dags/02_minio_to_duckdb.py
[2025-11-28T11:19:22.221+0000] {processor.py:840} INFO - DAG(s) 'minio_to_duckdb_pipeline' retrieved from /opt/airflow/dags/02_minio_to_duckdb.py
[2025-11-28T11:19:22.286+0000] {logging_mixin.py:188} INFO - [2025-11-28T11:19:22.285+0000] {dag.py:3036} INFO - Sync 1 DAGs
[2025-11-28T11:19:22.329+0000] {logging_mixin.py:188} INFO - [2025-11-28T11:19:22.329+0000] {dag.py:3823} INFO - Setting next_dagrun for minio_to_duckdb_pipeline to None, run_after=None
[2025-11-28T11:19:22.380+0000] {processor.py:183} INFO - Processing /opt/airflow/dags/02_minio_to_duckdb.py took 0.371 seconds
[2025-11-28T11:19:52.490+0000] {processor.py:161} INFO - Started process (PID=5410) to work on /opt/airflow/dags/02_minio_to_duckdb.py
[2025-11-28T11:19:52.492+0000] {processor.py:830} INFO - Processing file /opt/airflow/dags/02_minio_to_duckdb.py for tasks to queue
[2025-11-28T11:19:52.494+0000] {logging_mixin.py:188} INFO - [2025-11-28T11:19:52.494+0000] {dagbag.py:538} INFO - Filling up the DagBag from /opt/airflow/dags/02_minio_to_duckdb.py
[2025-11-28T11:19:52.782+0000] {processor.py:840} INFO - DAG(s) 'minio_to_duckdb_pipeline' retrieved from /opt/airflow/dags/02_minio_to_duckdb.py
[2025-11-28T11:19:52.873+0000] {logging_mixin.py:188} INFO - [2025-11-28T11:19:52.872+0000] {dag.py:3036} INFO - Sync 1 DAGs
[2025-11-28T11:19:52.908+0000] {logging_mixin.py:188} INFO - [2025-11-28T11:19:52.907+0000] {dag.py:3823} INFO - Setting next_dagrun for minio_to_duckdb_pipeline to None, run_after=None
[2025-11-28T11:19:52.961+0000] {processor.py:183} INFO - Processing /opt/airflow/dags/02_minio_to_duckdb.py took 0.478 seconds
[2025-11-28T11:20:23.165+0000] {processor.py:161} INFO - Started process (PID=5477) to work on /opt/airflow/dags/02_minio_to_duckdb.py
[2025-11-28T11:20:23.167+0000] {processor.py:830} INFO - Processing file /opt/airflow/dags/02_minio_to_duckdb.py for tasks to queue
[2025-11-28T11:20:23.169+0000] {logging_mixin.py:188} INFO - [2025-11-28T11:20:23.169+0000] {dagbag.py:538} INFO - Filling up the DagBag from /opt/airflow/dags/02_minio_to_duckdb.py
[2025-11-28T11:20:23.366+0000] {processor.py:840} INFO - DAG(s) 'minio_to_duckdb_pipeline' retrieved from /opt/airflow/dags/02_minio_to_duckdb.py
[2025-11-28T11:20:23.431+0000] {logging_mixin.py:188} INFO - [2025-11-28T11:20:23.430+0000] {dag.py:3036} INFO - Sync 1 DAGs
[2025-11-28T11:20:23.462+0000] {logging_mixin.py:188} INFO - [2025-11-28T11:20:23.461+0000] {dag.py:3823} INFO - Setting next_dagrun for minio_to_duckdb_pipeline to None, run_after=None
[2025-11-28T11:20:23.520+0000] {processor.py:183} INFO - Processing /opt/airflow/dags/02_minio_to_duckdb.py took 0.364 seconds
[2025-11-28T11:20:53.744+0000] {processor.py:161} INFO - Started process (PID=5526) to work on /opt/airflow/dags/02_minio_to_duckdb.py
[2025-11-28T11:20:53.746+0000] {processor.py:830} INFO - Processing file /opt/airflow/dags/02_minio_to_duckdb.py for tasks to queue
[2025-11-28T11:20:53.748+0000] {logging_mixin.py:188} INFO - [2025-11-28T11:20:53.748+0000] {dagbag.py:538} INFO - Filling up the DagBag from /opt/airflow/dags/02_minio_to_duckdb.py
[2025-11-28T11:20:53.939+0000] {processor.py:840} INFO - DAG(s) 'minio_to_duckdb_pipeline' retrieved from /opt/airflow/dags/02_minio_to_duckdb.py
[2025-11-28T11:20:54.018+0000] {logging_mixin.py:188} INFO - [2025-11-28T11:20:54.017+0000] {dag.py:3036} INFO - Sync 1 DAGs
[2025-11-28T11:20:54.047+0000] {logging_mixin.py:188} INFO - [2025-11-28T11:20:54.046+0000] {dag.py:3823} INFO - Setting next_dagrun for minio_to_duckdb_pipeline to None, run_after=None
[2025-11-28T11:20:54.090+0000] {processor.py:183} INFO - Processing /opt/airflow/dags/02_minio_to_duckdb.py took 0.352 seconds
[2025-11-28T11:21:24.163+0000] {processor.py:161} INFO - Started process (PID=5596) to work on /opt/airflow/dags/02_minio_to_duckdb.py
[2025-11-28T11:21:24.165+0000] {processor.py:830} INFO - Processing file /opt/airflow/dags/02_minio_to_duckdb.py for tasks to queue
[2025-11-28T11:21:24.167+0000] {logging_mixin.py:188} INFO - [2025-11-28T11:21:24.166+0000] {dagbag.py:538} INFO - Filling up the DagBag from /opt/airflow/dags/02_minio_to_duckdb.py
[2025-11-28T11:21:24.385+0000] {processor.py:840} INFO - DAG(s) 'minio_to_duckdb_pipeline' retrieved from /opt/airflow/dags/02_minio_to_duckdb.py
[2025-11-28T11:21:24.489+0000] {logging_mixin.py:188} INFO - [2025-11-28T11:21:24.487+0000] {dag.py:3036} INFO - Sync 1 DAGs
[2025-11-28T11:21:24.552+0000] {logging_mixin.py:188} INFO - [2025-11-28T11:21:24.551+0000] {dag.py:3823} INFO - Setting next_dagrun for minio_to_duckdb_pipeline to None, run_after=None
[2025-11-28T11:21:24.659+0000] {processor.py:183} INFO - Processing /opt/airflow/dags/02_minio_to_duckdb.py took 0.503 seconds
[2025-11-28T11:21:55.218+0000] {processor.py:161} INFO - Started process (PID=5666) to work on /opt/airflow/dags/02_minio_to_duckdb.py
[2025-11-28T11:21:55.220+0000] {processor.py:830} INFO - Processing file /opt/airflow/dags/02_minio_to_duckdb.py for tasks to queue
[2025-11-28T11:21:55.223+0000] {logging_mixin.py:188} INFO - [2025-11-28T11:21:55.222+0000] {dagbag.py:538} INFO - Filling up the DagBag from /opt/airflow/dags/02_minio_to_duckdb.py
[2025-11-28T11:21:55.415+0000] {processor.py:840} INFO - DAG(s) 'minio_to_duckdb_pipeline' retrieved from /opt/airflow/dags/02_minio_to_duckdb.py
[2025-11-28T11:21:55.476+0000] {logging_mixin.py:188} INFO - [2025-11-28T11:21:55.475+0000] {dag.py:3036} INFO - Sync 1 DAGs
[2025-11-28T11:21:55.504+0000] {logging_mixin.py:188} INFO - [2025-11-28T11:21:55.504+0000] {dag.py:3823} INFO - Setting next_dagrun for minio_to_duckdb_pipeline to None, run_after=None
[2025-11-28T11:21:55.550+0000] {processor.py:183} INFO - Processing /opt/airflow/dags/02_minio_to_duckdb.py took 0.339 seconds
[2025-11-28T11:22:26.078+0000] {processor.py:161} INFO - Started process (PID=5736) to work on /opt/airflow/dags/02_minio_to_duckdb.py
[2025-11-28T11:22:26.081+0000] {processor.py:830} INFO - Processing file /opt/airflow/dags/02_minio_to_duckdb.py for tasks to queue
[2025-11-28T11:22:26.083+0000] {logging_mixin.py:188} INFO - [2025-11-28T11:22:26.082+0000] {dagbag.py:538} INFO - Filling up the DagBag from /opt/airflow/dags/02_minio_to_duckdb.py
[2025-11-28T11:22:26.278+0000] {processor.py:840} INFO - DAG(s) 'minio_to_duckdb_pipeline' retrieved from /opt/airflow/dags/02_minio_to_duckdb.py
[2025-11-28T11:22:26.334+0000] {logging_mixin.py:188} INFO - [2025-11-28T11:22:26.333+0000] {dag.py:3036} INFO - Sync 1 DAGs
[2025-11-28T11:22:26.359+0000] {logging_mixin.py:188} INFO - [2025-11-28T11:22:26.358+0000] {dag.py:3823} INFO - Setting next_dagrun for minio_to_duckdb_pipeline to None, run_after=None
[2025-11-28T11:22:26.411+0000] {processor.py:183} INFO - Processing /opt/airflow/dags/02_minio_to_duckdb.py took 0.339 seconds
[2025-11-28T11:22:56.564+0000] {processor.py:161} INFO - Started process (PID=5806) to work on /opt/airflow/dags/02_minio_to_duckdb.py
[2025-11-28T11:22:56.566+0000] {processor.py:830} INFO - Processing file /opt/airflow/dags/02_minio_to_duckdb.py for tasks to queue
[2025-11-28T11:22:56.568+0000] {logging_mixin.py:188} INFO - [2025-11-28T11:22:56.567+0000] {dagbag.py:538} INFO - Filling up the DagBag from /opt/airflow/dags/02_minio_to_duckdb.py
[2025-11-28T11:22:56.758+0000] {processor.py:840} INFO - DAG(s) 'minio_to_duckdb_pipeline' retrieved from /opt/airflow/dags/02_minio_to_duckdb.py
[2025-11-28T11:22:56.814+0000] {logging_mixin.py:188} INFO - [2025-11-28T11:22:56.814+0000] {dag.py:3036} INFO - Sync 1 DAGs
[2025-11-28T11:22:56.839+0000] {logging_mixin.py:188} INFO - [2025-11-28T11:22:56.839+0000] {dag.py:3823} INFO - Setting next_dagrun for minio_to_duckdb_pipeline to None, run_after=None
[2025-11-28T11:22:56.890+0000] {processor.py:183} INFO - Processing /opt/airflow/dags/02_minio_to_duckdb.py took 0.333 seconds
[2025-11-28T11:23:27.366+0000] {processor.py:161} INFO - Started process (PID=5873) to work on /opt/airflow/dags/02_minio_to_duckdb.py
[2025-11-28T11:23:27.368+0000] {processor.py:830} INFO - Processing file /opt/airflow/dags/02_minio_to_duckdb.py for tasks to queue
[2025-11-28T11:23:27.370+0000] {logging_mixin.py:188} INFO - [2025-11-28T11:23:27.370+0000] {dagbag.py:538} INFO - Filling up the DagBag from /opt/airflow/dags/02_minio_to_duckdb.py
[2025-11-28T11:23:27.584+0000] {processor.py:840} INFO - DAG(s) 'minio_to_duckdb_pipeline' retrieved from /opt/airflow/dags/02_minio_to_duckdb.py
[2025-11-28T11:23:27.635+0000] {logging_mixin.py:188} INFO - [2025-11-28T11:23:27.635+0000] {dag.py:3036} INFO - Sync 1 DAGs
[2025-11-28T11:23:27.660+0000] {logging_mixin.py:188} INFO - [2025-11-28T11:23:27.659+0000] {dag.py:3823} INFO - Setting next_dagrun for minio_to_duckdb_pipeline to None, run_after=None
[2025-11-28T11:23:27.698+0000] {processor.py:183} INFO - Processing /opt/airflow/dags/02_minio_to_duckdb.py took 0.340 seconds
[2025-11-28T11:23:57.843+0000] {processor.py:161} INFO - Started process (PID=5922) to work on /opt/airflow/dags/02_minio_to_duckdb.py
[2025-11-28T11:23:57.845+0000] {processor.py:830} INFO - Processing file /opt/airflow/dags/02_minio_to_duckdb.py for tasks to queue
[2025-11-28T11:23:57.848+0000] {logging_mixin.py:188} INFO - [2025-11-28T11:23:57.847+0000] {dagbag.py:538} INFO - Filling up the DagBag from /opt/airflow/dags/02_minio_to_duckdb.py
[2025-11-28T11:23:58.033+0000] {processor.py:840} INFO - DAG(s) 'minio_to_duckdb_pipeline' retrieved from /opt/airflow/dags/02_minio_to_duckdb.py
[2025-11-28T11:23:58.087+0000] {logging_mixin.py:188} INFO - [2025-11-28T11:23:58.087+0000] {dag.py:3036} INFO - Sync 1 DAGs
[2025-11-28T11:23:58.114+0000] {logging_mixin.py:188} INFO - [2025-11-28T11:23:58.113+0000] {dag.py:3823} INFO - Setting next_dagrun for minio_to_duckdb_pipeline to None, run_after=None
[2025-11-28T11:23:58.168+0000] {processor.py:183} INFO - Processing /opt/airflow/dags/02_minio_to_duckdb.py took 0.332 seconds
[2025-11-28T11:24:28.291+0000] {processor.py:161} INFO - Started process (PID=5992) to work on /opt/airflow/dags/02_minio_to_duckdb.py
[2025-11-28T11:24:28.293+0000] {processor.py:830} INFO - Processing file /opt/airflow/dags/02_minio_to_duckdb.py for tasks to queue
[2025-11-28T11:24:28.295+0000] {logging_mixin.py:188} INFO - [2025-11-28T11:24:28.295+0000] {dagbag.py:538} INFO - Filling up the DagBag from /opt/airflow/dags/02_minio_to_duckdb.py
[2025-11-28T11:24:28.491+0000] {processor.py:840} INFO - DAG(s) 'minio_to_duckdb_pipeline' retrieved from /opt/airflow/dags/02_minio_to_duckdb.py
[2025-11-28T11:24:28.546+0000] {logging_mixin.py:188} INFO - [2025-11-28T11:24:28.546+0000] {dag.py:3036} INFO - Sync 1 DAGs
[2025-11-28T11:24:28.571+0000] {logging_mixin.py:188} INFO - [2025-11-28T11:24:28.571+0000] {dag.py:3823} INFO - Setting next_dagrun for minio_to_duckdb_pipeline to None, run_after=None
[2025-11-28T11:24:28.629+0000] {processor.py:183} INFO - Processing /opt/airflow/dags/02_minio_to_duckdb.py took 0.344 seconds
[2025-11-28T11:24:58.819+0000] {processor.py:161} INFO - Started process (PID=6062) to work on /opt/airflow/dags/02_minio_to_duckdb.py
[2025-11-28T11:24:58.821+0000] {processor.py:830} INFO - Processing file /opt/airflow/dags/02_minio_to_duckdb.py for tasks to queue
[2025-11-28T11:24:58.823+0000] {logging_mixin.py:188} INFO - [2025-11-28T11:24:58.823+0000] {dagbag.py:538} INFO - Filling up the DagBag from /opt/airflow/dags/02_minio_to_duckdb.py
[2025-11-28T11:24:59.024+0000] {processor.py:840} INFO - DAG(s) 'minio_to_duckdb_pipeline' retrieved from /opt/airflow/dags/02_minio_to_duckdb.py
[2025-11-28T11:24:59.085+0000] {logging_mixin.py:188} INFO - [2025-11-28T11:24:59.084+0000] {dag.py:3036} INFO - Sync 1 DAGs
[2025-11-28T11:24:59.125+0000] {logging_mixin.py:188} INFO - [2025-11-28T11:24:59.124+0000] {dag.py:3823} INFO - Setting next_dagrun for minio_to_duckdb_pipeline to None, run_after=None
[2025-11-28T11:24:59.166+0000] {processor.py:183} INFO - Processing /opt/airflow/dags/02_minio_to_duckdb.py took 0.355 seconds
[2025-11-28T11:25:29.522+0000] {processor.py:161} INFO - Started process (PID=6132) to work on /opt/airflow/dags/02_minio_to_duckdb.py
[2025-11-28T11:25:29.525+0000] {processor.py:830} INFO - Processing file /opt/airflow/dags/02_minio_to_duckdb.py for tasks to queue
[2025-11-28T11:25:29.526+0000] {logging_mixin.py:188} INFO - [2025-11-28T11:25:29.526+0000] {dagbag.py:538} INFO - Filling up the DagBag from /opt/airflow/dags/02_minio_to_duckdb.py
[2025-11-28T11:25:29.708+0000] {processor.py:840} INFO - DAG(s) 'minio_to_duckdb_pipeline' retrieved from /opt/airflow/dags/02_minio_to_duckdb.py
[2025-11-28T11:25:29.772+0000] {logging_mixin.py:188} INFO - [2025-11-28T11:25:29.772+0000] {dag.py:3036} INFO - Sync 1 DAGs
[2025-11-28T11:25:29.796+0000] {logging_mixin.py:188} INFO - [2025-11-28T11:25:29.795+0000] {dag.py:3823} INFO - Setting next_dagrun for minio_to_duckdb_pipeline to None, run_after=None
[2025-11-28T11:25:29.846+0000] {processor.py:183} INFO - Processing /opt/airflow/dags/02_minio_to_duckdb.py took 0.332 seconds
[2025-11-28T11:26:00.281+0000] {processor.py:161} INFO - Started process (PID=6202) to work on /opt/airflow/dags/02_minio_to_duckdb.py
[2025-11-28T11:26:00.286+0000] {processor.py:830} INFO - Processing file /opt/airflow/dags/02_minio_to_duckdb.py for tasks to queue
[2025-11-28T11:26:00.292+0000] {logging_mixin.py:188} INFO - [2025-11-28T11:26:00.289+0000] {dagbag.py:538} INFO - Filling up the DagBag from /opt/airflow/dags/02_minio_to_duckdb.py
[2025-11-28T11:26:00.532+0000] {processor.py:840} INFO - DAG(s) 'minio_to_duckdb_pipeline' retrieved from /opt/airflow/dags/02_minio_to_duckdb.py
[2025-11-28T11:26:00.609+0000] {logging_mixin.py:188} INFO - [2025-11-28T11:26:00.608+0000] {dag.py:3036} INFO - Sync 1 DAGs
[2025-11-28T11:26:00.639+0000] {logging_mixin.py:188} INFO - [2025-11-28T11:26:00.638+0000] {dag.py:3823} INFO - Setting next_dagrun for minio_to_duckdb_pipeline to None, run_after=None
[2025-11-28T11:26:00.686+0000] {processor.py:183} INFO - Processing /opt/airflow/dags/02_minio_to_duckdb.py took 0.412 seconds
[2025-11-28T11:26:30.791+0000] {processor.py:161} INFO - Started process (PID=6269) to work on /opt/airflow/dags/02_minio_to_duckdb.py
[2025-11-28T11:26:30.793+0000] {processor.py:830} INFO - Processing file /opt/airflow/dags/02_minio_to_duckdb.py for tasks to queue
[2025-11-28T11:26:30.797+0000] {logging_mixin.py:188} INFO - [2025-11-28T11:26:30.796+0000] {dagbag.py:538} INFO - Filling up the DagBag from /opt/airflow/dags/02_minio_to_duckdb.py
[2025-11-28T11:26:31.035+0000] {processor.py:840} INFO - DAG(s) 'minio_to_duckdb_pipeline' retrieved from /opt/airflow/dags/02_minio_to_duckdb.py
[2025-11-28T11:26:31.094+0000] {logging_mixin.py:188} INFO - [2025-11-28T11:26:31.094+0000] {dag.py:3036} INFO - Sync 1 DAGs
[2025-11-28T11:26:31.121+0000] {logging_mixin.py:188} INFO - [2025-11-28T11:26:31.121+0000] {dag.py:3823} INFO - Setting next_dagrun for minio_to_duckdb_pipeline to None, run_after=None
[2025-11-28T11:26:31.170+0000] {processor.py:183} INFO - Processing /opt/airflow/dags/02_minio_to_duckdb.py took 0.387 seconds
[2025-11-28T11:27:01.307+0000] {processor.py:161} INFO - Started process (PID=6318) to work on /opt/airflow/dags/02_minio_to_duckdb.py
[2025-11-28T11:27:01.309+0000] {processor.py:830} INFO - Processing file /opt/airflow/dags/02_minio_to_duckdb.py for tasks to queue
[2025-11-28T11:27:01.311+0000] {logging_mixin.py:188} INFO - [2025-11-28T11:27:01.310+0000] {dagbag.py:538} INFO - Filling up the DagBag from /opt/airflow/dags/02_minio_to_duckdb.py
[2025-11-28T11:27:01.510+0000] {processor.py:840} INFO - DAG(s) 'minio_to_duckdb_pipeline' retrieved from /opt/airflow/dags/02_minio_to_duckdb.py
[2025-11-28T11:27:01.564+0000] {logging_mixin.py:188} INFO - [2025-11-28T11:27:01.563+0000] {dag.py:3036} INFO - Sync 1 DAGs
[2025-11-28T11:27:01.588+0000] {logging_mixin.py:188} INFO - [2025-11-28T11:27:01.588+0000] {dag.py:3823} INFO - Setting next_dagrun for minio_to_duckdb_pipeline to None, run_after=None
[2025-11-28T11:27:01.640+0000] {processor.py:183} INFO - Processing /opt/airflow/dags/02_minio_to_duckdb.py took 0.340 seconds
[2025-11-28T11:27:32.402+0000] {processor.py:161} INFO - Started process (PID=6388) to work on /opt/airflow/dags/02_minio_to_duckdb.py
[2025-11-28T11:27:32.405+0000] {processor.py:830} INFO - Processing file /opt/airflow/dags/02_minio_to_duckdb.py for tasks to queue
[2025-11-28T11:27:32.408+0000] {logging_mixin.py:188} INFO - [2025-11-28T11:27:32.407+0000] {dagbag.py:538} INFO - Filling up the DagBag from /opt/airflow/dags/02_minio_to_duckdb.py
[2025-11-28T11:27:32.599+0000] {processor.py:840} INFO - DAG(s) 'minio_to_duckdb_pipeline' retrieved from /opt/airflow/dags/02_minio_to_duckdb.py
[2025-11-28T11:27:32.717+0000] {logging_mixin.py:188} INFO - [2025-11-28T11:27:32.716+0000] {dag.py:3036} INFO - Sync 1 DAGs
[2025-11-28T11:27:32.753+0000] {logging_mixin.py:188} INFO - [2025-11-28T11:27:32.752+0000] {dag.py:3823} INFO - Setting next_dagrun for minio_to_duckdb_pipeline to None, run_after=None
[2025-11-28T11:27:32.827+0000] {processor.py:183} INFO - Processing /opt/airflow/dags/02_minio_to_duckdb.py took 0.434 seconds
[2025-11-28T11:28:03.281+0000] {processor.py:161} INFO - Started process (PID=6458) to work on /opt/airflow/dags/02_minio_to_duckdb.py
[2025-11-28T11:28:03.283+0000] {processor.py:830} INFO - Processing file /opt/airflow/dags/02_minio_to_duckdb.py for tasks to queue
[2025-11-28T11:28:03.285+0000] {logging_mixin.py:188} INFO - [2025-11-28T11:28:03.284+0000] {dagbag.py:538} INFO - Filling up the DagBag from /opt/airflow/dags/02_minio_to_duckdb.py
[2025-11-28T11:28:03.486+0000] {processor.py:840} INFO - DAG(s) 'minio_to_duckdb_pipeline' retrieved from /opt/airflow/dags/02_minio_to_duckdb.py
[2025-11-28T11:28:03.541+0000] {logging_mixin.py:188} INFO - [2025-11-28T11:28:03.541+0000] {dag.py:3036} INFO - Sync 1 DAGs
[2025-11-28T11:28:03.568+0000] {logging_mixin.py:188} INFO - [2025-11-28T11:28:03.568+0000] {dag.py:3823} INFO - Setting next_dagrun for minio_to_duckdb_pipeline to None, run_after=None
[2025-11-28T11:28:03.618+0000] {processor.py:183} INFO - Processing /opt/airflow/dags/02_minio_to_duckdb.py took 0.344 seconds
[2025-11-28T11:28:33.713+0000] {processor.py:161} INFO - Started process (PID=6528) to work on /opt/airflow/dags/02_minio_to_duckdb.py
[2025-11-28T11:28:33.715+0000] {processor.py:830} INFO - Processing file /opt/airflow/dags/02_minio_to_duckdb.py for tasks to queue
[2025-11-28T11:28:33.717+0000] {logging_mixin.py:188} INFO - [2025-11-28T11:28:33.717+0000] {dagbag.py:538} INFO - Filling up the DagBag from /opt/airflow/dags/02_minio_to_duckdb.py
[2025-11-28T11:28:33.905+0000] {processor.py:840} INFO - DAG(s) 'minio_to_duckdb_pipeline' retrieved from /opt/airflow/dags/02_minio_to_duckdb.py
[2025-11-28T11:28:33.959+0000] {logging_mixin.py:188} INFO - [2025-11-28T11:28:33.959+0000] {dag.py:3036} INFO - Sync 1 DAGs
[2025-11-28T11:28:33.983+0000] {logging_mixin.py:188} INFO - [2025-11-28T11:28:33.982+0000] {dag.py:3823} INFO - Setting next_dagrun for minio_to_duckdb_pipeline to None, run_after=None
[2025-11-28T11:28:34.038+0000] {processor.py:183} INFO - Processing /opt/airflow/dags/02_minio_to_duckdb.py took 0.332 seconds
[2025-11-28T11:29:04.330+0000] {processor.py:161} INFO - Started process (PID=6598) to work on /opt/airflow/dags/02_minio_to_duckdb.py
[2025-11-28T11:29:04.332+0000] {processor.py:830} INFO - Processing file /opt/airflow/dags/02_minio_to_duckdb.py for tasks to queue
[2025-11-28T11:29:04.334+0000] {logging_mixin.py:188} INFO - [2025-11-28T11:29:04.333+0000] {dagbag.py:538} INFO - Filling up the DagBag from /opt/airflow/dags/02_minio_to_duckdb.py
[2025-11-28T11:29:04.667+0000] {processor.py:840} INFO - DAG(s) 'minio_to_duckdb_pipeline' retrieved from /opt/airflow/dags/02_minio_to_duckdb.py
[2025-11-28T11:29:04.729+0000] {logging_mixin.py:188} INFO - [2025-11-28T11:29:04.728+0000] {dag.py:3036} INFO - Sync 1 DAGs
[2025-11-28T11:29:04.758+0000] {logging_mixin.py:188} INFO - [2025-11-28T11:29:04.757+0000] {dag.py:3823} INFO - Setting next_dagrun for minio_to_duckdb_pipeline to None, run_after=None
[2025-11-28T11:29:04.820+0000] {processor.py:183} INFO - Processing /opt/airflow/dags/02_minio_to_duckdb.py took 0.497 seconds
[2025-11-28T11:29:34.910+0000] {processor.py:161} INFO - Started process (PID=6665) to work on /opt/airflow/dags/02_minio_to_duckdb.py
[2025-11-28T11:29:34.912+0000] {processor.py:830} INFO - Processing file /opt/airflow/dags/02_minio_to_duckdb.py for tasks to queue
[2025-11-28T11:29:34.915+0000] {logging_mixin.py:188} INFO - [2025-11-28T11:29:34.914+0000] {dagbag.py:538} INFO - Filling up the DagBag from /opt/airflow/dags/02_minio_to_duckdb.py
[2025-11-28T11:29:35.164+0000] {processor.py:840} INFO - DAG(s) 'minio_to_duckdb_pipeline' retrieved from /opt/airflow/dags/02_minio_to_duckdb.py
[2025-11-28T11:29:35.246+0000] {logging_mixin.py:188} INFO - [2025-11-28T11:29:35.245+0000] {dag.py:3036} INFO - Sync 1 DAGs
[2025-11-28T11:29:35.284+0000] {logging_mixin.py:188} INFO - [2025-11-28T11:29:35.284+0000] {dag.py:3823} INFO - Setting next_dagrun for minio_to_duckdb_pipeline to None, run_after=None
[2025-11-28T11:29:35.334+0000] {processor.py:183} INFO - Processing /opt/airflow/dags/02_minio_to_duckdb.py took 0.433 seconds
[2025-11-28T11:30:06.049+0000] {processor.py:161} INFO - Started process (PID=6717) to work on /opt/airflow/dags/02_minio_to_duckdb.py
[2025-11-28T11:30:06.052+0000] {processor.py:830} INFO - Processing file /opt/airflow/dags/02_minio_to_duckdb.py for tasks to queue
[2025-11-28T11:30:06.055+0000] {logging_mixin.py:188} INFO - [2025-11-28T11:30:06.054+0000] {dagbag.py:538} INFO - Filling up the DagBag from /opt/airflow/dags/02_minio_to_duckdb.py
[2025-11-28T11:30:06.283+0000] {processor.py:840} INFO - DAG(s) 'minio_to_duckdb_pipeline' retrieved from /opt/airflow/dags/02_minio_to_duckdb.py
[2025-11-28T11:30:06.351+0000] {logging_mixin.py:188} INFO - [2025-11-28T11:30:06.350+0000] {dag.py:3036} INFO - Sync 1 DAGs
[2025-11-28T11:30:06.378+0000] {logging_mixin.py:188} INFO - [2025-11-28T11:30:06.377+0000] {dag.py:3823} INFO - Setting next_dagrun for minio_to_duckdb_pipeline to None, run_after=None
[2025-11-28T11:30:06.430+0000] {processor.py:183} INFO - Processing /opt/airflow/dags/02_minio_to_duckdb.py took 0.388 seconds
[2025-11-28T11:30:37.301+0000] {processor.py:161} INFO - Started process (PID=6784) to work on /opt/airflow/dags/02_minio_to_duckdb.py
[2025-11-28T11:30:37.305+0000] {processor.py:830} INFO - Processing file /opt/airflow/dags/02_minio_to_duckdb.py for tasks to queue
[2025-11-28T11:30:37.310+0000] {logging_mixin.py:188} INFO - [2025-11-28T11:30:37.308+0000] {dagbag.py:538} INFO - Filling up the DagBag from /opt/airflow/dags/02_minio_to_duckdb.py
[2025-11-28T11:30:37.660+0000] {processor.py:840} INFO - DAG(s) 'minio_to_duckdb_pipeline' retrieved from /opt/airflow/dags/02_minio_to_duckdb.py
[2025-11-28T11:30:37.740+0000] {logging_mixin.py:188} INFO - [2025-11-28T11:30:37.740+0000] {dag.py:3036} INFO - Sync 1 DAGs
[2025-11-28T11:30:37.769+0000] {logging_mixin.py:188} INFO - [2025-11-28T11:30:37.768+0000] {dag.py:3823} INFO - Setting next_dagrun for minio_to_duckdb_pipeline to None, run_after=None
[2025-11-28T11:30:37.819+0000] {processor.py:183} INFO - Processing /opt/airflow/dags/02_minio_to_duckdb.py took 0.531 seconds
[2025-11-28T11:31:08.616+0000] {processor.py:161} INFO - Started process (PID=6854) to work on /opt/airflow/dags/02_minio_to_duckdb.py
[2025-11-28T11:31:08.618+0000] {processor.py:830} INFO - Processing file /opt/airflow/dags/02_minio_to_duckdb.py for tasks to queue
[2025-11-28T11:31:08.620+0000] {logging_mixin.py:188} INFO - [2025-11-28T11:31:08.620+0000] {dagbag.py:538} INFO - Filling up the DagBag from /opt/airflow/dags/02_minio_to_duckdb.py
[2025-11-28T11:31:08.823+0000] {processor.py:840} INFO - DAG(s) 'minio_to_duckdb_pipeline' retrieved from /opt/airflow/dags/02_minio_to_duckdb.py
[2025-11-28T11:31:08.886+0000] {logging_mixin.py:188} INFO - [2025-11-28T11:31:08.886+0000] {dag.py:3036} INFO - Sync 1 DAGs
[2025-11-28T11:31:08.911+0000] {logging_mixin.py:188} INFO - [2025-11-28T11:31:08.911+0000] {dag.py:3823} INFO - Setting next_dagrun for minio_to_duckdb_pipeline to None, run_after=None
[2025-11-28T11:31:08.962+0000] {processor.py:183} INFO - Processing /opt/airflow/dags/02_minio_to_duckdb.py took 0.353 seconds
[2025-11-28T11:31:39.356+0000] {processor.py:161} INFO - Started process (PID=6924) to work on /opt/airflow/dags/02_minio_to_duckdb.py
[2025-11-28T11:31:39.360+0000] {processor.py:830} INFO - Processing file /opt/airflow/dags/02_minio_to_duckdb.py for tasks to queue
[2025-11-28T11:31:39.362+0000] {logging_mixin.py:188} INFO - [2025-11-28T11:31:39.362+0000] {dagbag.py:538} INFO - Filling up the DagBag from /opt/airflow/dags/02_minio_to_duckdb.py
[2025-11-28T11:31:39.574+0000] {processor.py:840} INFO - DAG(s) 'minio_to_duckdb_pipeline' retrieved from /opt/airflow/dags/02_minio_to_duckdb.py
[2025-11-28T11:31:39.637+0000] {logging_mixin.py:188} INFO - [2025-11-28T11:31:39.636+0000] {dag.py:3036} INFO - Sync 1 DAGs
[2025-11-28T11:31:39.675+0000] {logging_mixin.py:188} INFO - [2025-11-28T11:31:39.675+0000] {dag.py:3823} INFO - Setting next_dagrun for minio_to_duckdb_pipeline to None, run_after=None
[2025-11-28T11:31:39.730+0000] {processor.py:183} INFO - Processing /opt/airflow/dags/02_minio_to_duckdb.py took 0.386 seconds
[2025-11-28T11:32:10.696+0000] {processor.py:161} INFO - Started process (PID=6994) to work on /opt/airflow/dags/02_minio_to_duckdb.py
[2025-11-28T11:32:10.698+0000] {processor.py:830} INFO - Processing file /opt/airflow/dags/02_minio_to_duckdb.py for tasks to queue
[2025-11-28T11:32:10.700+0000] {logging_mixin.py:188} INFO - [2025-11-28T11:32:10.700+0000] {dagbag.py:538} INFO - Filling up the DagBag from /opt/airflow/dags/02_minio_to_duckdb.py
[2025-11-28T11:32:10.903+0000] {processor.py:840} INFO - DAG(s) 'minio_to_duckdb_pipeline' retrieved from /opt/airflow/dags/02_minio_to_duckdb.py
[2025-11-28T11:32:10.958+0000] {logging_mixin.py:188} INFO - [2025-11-28T11:32:10.957+0000] {dag.py:3036} INFO - Sync 1 DAGs
[2025-11-28T11:32:10.987+0000] {logging_mixin.py:188} INFO - [2025-11-28T11:32:10.987+0000] {dag.py:3823} INFO - Setting next_dagrun for minio_to_duckdb_pipeline to None, run_after=None
[2025-11-28T11:32:11.041+0000] {processor.py:183} INFO - Processing /opt/airflow/dags/02_minio_to_duckdb.py took 0.352 seconds
[2025-11-28T11:32:41.093+0000] {processor.py:161} INFO - Started process (PID=7064) to work on /opt/airflow/dags/02_minio_to_duckdb.py
[2025-11-28T11:32:41.095+0000] {processor.py:830} INFO - Processing file /opt/airflow/dags/02_minio_to_duckdb.py for tasks to queue
[2025-11-28T11:32:41.097+0000] {logging_mixin.py:188} INFO - [2025-11-28T11:32:41.096+0000] {dagbag.py:538} INFO - Filling up the DagBag from /opt/airflow/dags/02_minio_to_duckdb.py
[2025-11-28T11:32:41.291+0000] {processor.py:840} INFO - DAG(s) 'minio_to_duckdb_pipeline' retrieved from /opt/airflow/dags/02_minio_to_duckdb.py
[2025-11-28T11:32:41.343+0000] {logging_mixin.py:188} INFO - [2025-11-28T11:32:41.343+0000] {dag.py:3036} INFO - Sync 1 DAGs
[2025-11-28T11:32:41.370+0000] {logging_mixin.py:188} INFO - [2025-11-28T11:32:41.370+0000] {dag.py:3823} INFO - Setting next_dagrun for minio_to_duckdb_pipeline to None, run_after=None
[2025-11-28T11:32:41.427+0000] {processor.py:183} INFO - Processing /opt/airflow/dags/02_minio_to_duckdb.py took 0.340 seconds
[2025-11-28T11:33:11.766+0000] {processor.py:161} INFO - Started process (PID=7131) to work on /opt/airflow/dags/02_minio_to_duckdb.py
[2025-11-28T11:33:11.768+0000] {processor.py:830} INFO - Processing file /opt/airflow/dags/02_minio_to_duckdb.py for tasks to queue
[2025-11-28T11:33:11.771+0000] {logging_mixin.py:188} INFO - [2025-11-28T11:33:11.770+0000] {dagbag.py:538} INFO - Filling up the DagBag from /opt/airflow/dags/02_minio_to_duckdb.py
[2025-11-28T11:33:11.957+0000] {processor.py:840} INFO - DAG(s) 'minio_to_duckdb_pipeline' retrieved from /opt/airflow/dags/02_minio_to_duckdb.py
[2025-11-28T11:33:12.006+0000] {logging_mixin.py:188} INFO - [2025-11-28T11:33:12.006+0000] {dag.py:3036} INFO - Sync 1 DAGs
[2025-11-28T11:33:12.029+0000] {logging_mixin.py:188} INFO - [2025-11-28T11:33:12.029+0000] {dag.py:3823} INFO - Setting next_dagrun for minio_to_duckdb_pipeline to None, run_after=None
[2025-11-28T11:33:12.089+0000] {processor.py:183} INFO - Processing /opt/airflow/dags/02_minio_to_duckdb.py took 0.328 seconds
[2025-11-28T11:33:42.581+0000] {processor.py:161} INFO - Started process (PID=7180) to work on /opt/airflow/dags/02_minio_to_duckdb.py
[2025-11-28T11:33:42.583+0000] {processor.py:830} INFO - Processing file /opt/airflow/dags/02_minio_to_duckdb.py for tasks to queue
[2025-11-28T11:33:42.586+0000] {logging_mixin.py:188} INFO - [2025-11-28T11:33:42.585+0000] {dagbag.py:538} INFO - Filling up the DagBag from /opt/airflow/dags/02_minio_to_duckdb.py
[2025-11-28T11:33:42.874+0000] {processor.py:840} INFO - DAG(s) 'minio_to_duckdb_pipeline' retrieved from /opt/airflow/dags/02_minio_to_duckdb.py
[2025-11-28T11:33:42.991+0000] {logging_mixin.py:188} INFO - [2025-11-28T11:33:42.991+0000] {dag.py:3036} INFO - Sync 1 DAGs
[2025-11-28T11:33:43.033+0000] {logging_mixin.py:188} INFO - [2025-11-28T11:33:43.032+0000] {dag.py:3823} INFO - Setting next_dagrun for minio_to_duckdb_pipeline to None, run_after=None
[2025-11-28T11:33:43.133+0000] {processor.py:183} INFO - Processing /opt/airflow/dags/02_minio_to_duckdb.py took 0.559 seconds
[2025-11-28T11:34:13.724+0000] {processor.py:161} INFO - Started process (PID=7250) to work on /opt/airflow/dags/02_minio_to_duckdb.py
[2025-11-28T11:34:13.727+0000] {processor.py:830} INFO - Processing file /opt/airflow/dags/02_minio_to_duckdb.py for tasks to queue
[2025-11-28T11:34:13.729+0000] {logging_mixin.py:188} INFO - [2025-11-28T11:34:13.729+0000] {dagbag.py:538} INFO - Filling up the DagBag from /opt/airflow/dags/02_minio_to_duckdb.py
[2025-11-28T11:34:13.930+0000] {processor.py:840} INFO - DAG(s) 'minio_to_duckdb_pipeline' retrieved from /opt/airflow/dags/02_minio_to_duckdb.py
[2025-11-28T11:34:14.017+0000] {logging_mixin.py:188} INFO - [2025-11-28T11:34:14.016+0000] {dag.py:3036} INFO - Sync 1 DAGs
[2025-11-28T11:34:14.052+0000] {logging_mixin.py:188} INFO - [2025-11-28T11:34:14.051+0000] {dag.py:3823} INFO - Setting next_dagrun for minio_to_duckdb_pipeline to None, run_after=None
[2025-11-28T11:34:14.116+0000] {processor.py:183} INFO - Processing /opt/airflow/dags/02_minio_to_duckdb.py took 0.399 seconds
[2025-11-28T11:34:44.258+0000] {processor.py:161} INFO - Started process (PID=7320) to work on /opt/airflow/dags/02_minio_to_duckdb.py
[2025-11-28T11:34:44.260+0000] {processor.py:830} INFO - Processing file /opt/airflow/dags/02_minio_to_duckdb.py for tasks to queue
[2025-11-28T11:34:44.262+0000] {logging_mixin.py:188} INFO - [2025-11-28T11:34:44.262+0000] {dagbag.py:538} INFO - Filling up the DagBag from /opt/airflow/dags/02_minio_to_duckdb.py
[2025-11-28T11:34:44.497+0000] {processor.py:840} INFO - DAG(s) 'minio_to_duckdb_pipeline' retrieved from /opt/airflow/dags/02_minio_to_duckdb.py
[2025-11-28T11:34:44.578+0000] {logging_mixin.py:188} INFO - [2025-11-28T11:34:44.578+0000] {dag.py:3036} INFO - Sync 1 DAGs
[2025-11-28T11:34:44.630+0000] {logging_mixin.py:188} INFO - [2025-11-28T11:34:44.629+0000] {dag.py:3823} INFO - Setting next_dagrun for minio_to_duckdb_pipeline to None, run_after=None
[2025-11-28T11:34:44.699+0000] {processor.py:183} INFO - Processing /opt/airflow/dags/02_minio_to_duckdb.py took 0.448 seconds
[2025-11-28T11:35:15.213+0000] {processor.py:161} INFO - Started process (PID=7388) to work on /opt/airflow/dags/02_minio_to_duckdb.py
[2025-11-28T11:35:15.217+0000] {processor.py:830} INFO - Processing file /opt/airflow/dags/02_minio_to_duckdb.py for tasks to queue
[2025-11-28T11:35:15.222+0000] {logging_mixin.py:188} INFO - [2025-11-28T11:35:15.220+0000] {dagbag.py:538} INFO - Filling up the DagBag from /opt/airflow/dags/02_minio_to_duckdb.py
[2025-11-28T11:35:15.460+0000] {processor.py:840} INFO - DAG(s) 'minio_to_duckdb_pipeline' retrieved from /opt/airflow/dags/02_minio_to_duckdb.py
[2025-11-28T11:35:15.536+0000] {logging_mixin.py:188} INFO - [2025-11-28T11:35:15.536+0000] {dag.py:3036} INFO - Sync 1 DAGs
[2025-11-28T11:35:15.569+0000] {logging_mixin.py:188} INFO - [2025-11-28T11:35:15.568+0000] {dag.py:3823} INFO - Setting next_dagrun for minio_to_duckdb_pipeline to None, run_after=None
[2025-11-28T11:35:15.614+0000] {processor.py:183} INFO - Processing /opt/airflow/dags/02_minio_to_duckdb.py took 0.414 seconds
[2025-11-28T11:35:45.971+0000] {processor.py:161} INFO - Started process (PID=7439) to work on /opt/airflow/dags/02_minio_to_duckdb.py
[2025-11-28T11:35:45.973+0000] {processor.py:830} INFO - Processing file /opt/airflow/dags/02_minio_to_duckdb.py for tasks to queue
[2025-11-28T11:35:45.976+0000] {logging_mixin.py:188} INFO - [2025-11-28T11:35:45.975+0000] {dagbag.py:538} INFO - Filling up the DagBag from /opt/airflow/dags/02_minio_to_duckdb.py
[2025-11-28T11:35:46.232+0000] {processor.py:840} INFO - DAG(s) 'minio_to_duckdb_pipeline' retrieved from /opt/airflow/dags/02_minio_to_duckdb.py
[2025-11-28T11:35:46.311+0000] {logging_mixin.py:188} INFO - [2025-11-28T11:35:46.310+0000] {dag.py:3036} INFO - Sync 1 DAGs
[2025-11-28T11:35:46.348+0000] {logging_mixin.py:188} INFO - [2025-11-28T11:35:46.348+0000] {dag.py:3823} INFO - Setting next_dagrun for minio_to_duckdb_pipeline to None, run_after=None
[2025-11-28T11:35:46.413+0000] {processor.py:183} INFO - Processing /opt/airflow/dags/02_minio_to_duckdb.py took 0.451 seconds
[2025-11-28T11:36:16.516+0000] {processor.py:161} INFO - Started process (PID=7506) to work on /opt/airflow/dags/02_minio_to_duckdb.py
[2025-11-28T11:36:16.518+0000] {processor.py:830} INFO - Processing file /opt/airflow/dags/02_minio_to_duckdb.py for tasks to queue
[2025-11-28T11:36:16.521+0000] {logging_mixin.py:188} INFO - [2025-11-28T11:36:16.520+0000] {dagbag.py:538} INFO - Filling up the DagBag from /opt/airflow/dags/02_minio_to_duckdb.py
[2025-11-28T11:36:16.709+0000] {processor.py:840} INFO - DAG(s) 'minio_to_duckdb_pipeline' retrieved from /opt/airflow/dags/02_minio_to_duckdb.py
[2025-11-28T11:36:16.760+0000] {logging_mixin.py:188} INFO - [2025-11-28T11:36:16.760+0000] {dag.py:3036} INFO - Sync 1 DAGs
[2025-11-28T11:36:16.795+0000] {logging_mixin.py:188} INFO - [2025-11-28T11:36:16.795+0000] {dag.py:3823} INFO - Setting next_dagrun for minio_to_duckdb_pipeline to None, run_after=None
[2025-11-28T11:36:16.845+0000] {processor.py:183} INFO - Processing /opt/airflow/dags/02_minio_to_duckdb.py took 0.335 seconds
[2025-11-28T11:36:46.942+0000] {processor.py:161} INFO - Started process (PID=7555) to work on /opt/airflow/dags/02_minio_to_duckdb.py
[2025-11-28T11:36:46.948+0000] {processor.py:830} INFO - Processing file /opt/airflow/dags/02_minio_to_duckdb.py for tasks to queue
[2025-11-28T11:36:46.952+0000] {logging_mixin.py:188} INFO - [2025-11-28T11:36:46.951+0000] {dagbag.py:538} INFO - Filling up the DagBag from /opt/airflow/dags/02_minio_to_duckdb.py
[2025-11-28T11:36:47.151+0000] {processor.py:840} INFO - DAG(s) 'minio_to_duckdb_pipeline' retrieved from /opt/airflow/dags/02_minio_to_duckdb.py
[2025-11-28T11:36:47.219+0000] {logging_mixin.py:188} INFO - [2025-11-28T11:36:47.218+0000] {dag.py:3036} INFO - Sync 1 DAGs
[2025-11-28T11:36:47.246+0000] {logging_mixin.py:188} INFO - [2025-11-28T11:36:47.246+0000] {dag.py:3823} INFO - Setting next_dagrun for minio_to_duckdb_pipeline to None, run_after=None
[2025-11-28T11:36:47.308+0000] {processor.py:183} INFO - Processing /opt/airflow/dags/02_minio_to_duckdb.py took 0.375 seconds
[2025-11-28T11:37:17.472+0000] {processor.py:161} INFO - Started process (PID=7625) to work on /opt/airflow/dags/02_minio_to_duckdb.py
[2025-11-28T11:37:17.474+0000] {processor.py:830} INFO - Processing file /opt/airflow/dags/02_minio_to_duckdb.py for tasks to queue
[2025-11-28T11:37:17.476+0000] {logging_mixin.py:188} INFO - [2025-11-28T11:37:17.475+0000] {dagbag.py:538} INFO - Filling up the DagBag from /opt/airflow/dags/02_minio_to_duckdb.py
[2025-11-28T11:37:17.664+0000] {processor.py:840} INFO - DAG(s) 'minio_to_duckdb_pipeline' retrieved from /opt/airflow/dags/02_minio_to_duckdb.py
[2025-11-28T11:37:17.721+0000] {logging_mixin.py:188} INFO - [2025-11-28T11:37:17.721+0000] {dag.py:3036} INFO - Sync 1 DAGs
[2025-11-28T11:37:17.746+0000] {logging_mixin.py:188} INFO - [2025-11-28T11:37:17.746+0000] {dag.py:3823} INFO - Setting next_dagrun for minio_to_duckdb_pipeline to None, run_after=None
[2025-11-28T11:37:17.797+0000] {processor.py:183} INFO - Processing /opt/airflow/dags/02_minio_to_duckdb.py took 0.331 seconds
[2025-11-28T11:37:48.226+0000] {processor.py:161} INFO - Started process (PID=7695) to work on /opt/airflow/dags/02_minio_to_duckdb.py
[2025-11-28T11:37:48.228+0000] {processor.py:830} INFO - Processing file /opt/airflow/dags/02_minio_to_duckdb.py for tasks to queue
[2025-11-28T11:37:48.230+0000] {logging_mixin.py:188} INFO - [2025-11-28T11:37:48.229+0000] {dagbag.py:538} INFO - Filling up the DagBag from /opt/airflow/dags/02_minio_to_duckdb.py
[2025-11-28T11:37:48.426+0000] {processor.py:840} INFO - DAG(s) 'minio_to_duckdb_pipeline' retrieved from /opt/airflow/dags/02_minio_to_duckdb.py
[2025-11-28T11:37:48.484+0000] {logging_mixin.py:188} INFO - [2025-11-28T11:37:48.483+0000] {dag.py:3036} INFO - Sync 1 DAGs
[2025-11-28T11:37:48.508+0000] {logging_mixin.py:188} INFO - [2025-11-28T11:37:48.508+0000] {dag.py:3823} INFO - Setting next_dagrun for minio_to_duckdb_pipeline to None, run_after=None
[2025-11-28T11:37:48.561+0000] {processor.py:183} INFO - Processing /opt/airflow/dags/02_minio_to_duckdb.py took 0.340 seconds
[2025-11-28T11:38:18.787+0000] {processor.py:161} INFO - Started process (PID=7765) to work on /opt/airflow/dags/02_minio_to_duckdb.py
[2025-11-28T11:38:18.789+0000] {processor.py:830} INFO - Processing file /opt/airflow/dags/02_minio_to_duckdb.py for tasks to queue
[2025-11-28T11:38:18.791+0000] {logging_mixin.py:188} INFO - [2025-11-28T11:38:18.790+0000] {dagbag.py:538} INFO - Filling up the DagBag from /opt/airflow/dags/02_minio_to_duckdb.py
[2025-11-28T11:38:18.979+0000] {processor.py:840} INFO - DAG(s) 'minio_to_duckdb_pipeline' retrieved from /opt/airflow/dags/02_minio_to_duckdb.py
[2025-11-28T11:38:19.039+0000] {logging_mixin.py:188} INFO - [2025-11-28T11:38:19.039+0000] {dag.py:3036} INFO - Sync 1 DAGs
[2025-11-28T11:38:19.066+0000] {logging_mixin.py:188} INFO - [2025-11-28T11:38:19.065+0000] {dag.py:3823} INFO - Setting next_dagrun for minio_to_duckdb_pipeline to None, run_after=None
[2025-11-28T11:38:19.118+0000] {processor.py:183} INFO - Processing /opt/airflow/dags/02_minio_to_duckdb.py took 0.337 seconds
[2025-11-28T11:38:49.287+0000] {processor.py:161} INFO - Started process (PID=7835) to work on /opt/airflow/dags/02_minio_to_duckdb.py
[2025-11-28T11:38:49.289+0000] {processor.py:830} INFO - Processing file /opt/airflow/dags/02_minio_to_duckdb.py for tasks to queue
[2025-11-28T11:38:49.291+0000] {logging_mixin.py:188} INFO - [2025-11-28T11:38:49.290+0000] {dagbag.py:538} INFO - Filling up the DagBag from /opt/airflow/dags/02_minio_to_duckdb.py
[2025-11-28T11:38:49.485+0000] {processor.py:840} INFO - DAG(s) 'minio_to_duckdb_pipeline' retrieved from /opt/airflow/dags/02_minio_to_duckdb.py
[2025-11-28T11:38:49.547+0000] {logging_mixin.py:188} INFO - [2025-11-28T11:38:49.547+0000] {dag.py:3036} INFO - Sync 1 DAGs
[2025-11-28T11:38:49.573+0000] {logging_mixin.py:188} INFO - [2025-11-28T11:38:49.573+0000] {dag.py:3823} INFO - Setting next_dagrun for minio_to_duckdb_pipeline to None, run_after=None
[2025-11-28T11:38:49.617+0000] {processor.py:183} INFO - Processing /opt/airflow/dags/02_minio_to_duckdb.py took 0.336 seconds
[2025-11-28T11:39:19.856+0000] {processor.py:161} INFO - Started process (PID=7903) to work on /opt/airflow/dags/02_minio_to_duckdb.py
[2025-11-28T11:39:19.858+0000] {processor.py:830} INFO - Processing file /opt/airflow/dags/02_minio_to_duckdb.py for tasks to queue
[2025-11-28T11:39:19.860+0000] {logging_mixin.py:188} INFO - [2025-11-28T11:39:19.859+0000] {dagbag.py:538} INFO - Filling up the DagBag from /opt/airflow/dags/02_minio_to_duckdb.py
[2025-11-28T11:39:20.042+0000] {processor.py:840} INFO - DAG(s) 'minio_to_duckdb_pipeline' retrieved from /opt/airflow/dags/02_minio_to_duckdb.py
[2025-11-28T11:39:20.091+0000] {logging_mixin.py:188} INFO - [2025-11-28T11:39:20.090+0000] {dag.py:3036} INFO - Sync 1 DAGs
[2025-11-28T11:39:20.113+0000] {logging_mixin.py:188} INFO - [2025-11-28T11:39:20.113+0000] {dag.py:3823} INFO - Setting next_dagrun for minio_to_duckdb_pipeline to None, run_after=None
[2025-11-28T11:39:20.161+0000] {processor.py:183} INFO - Processing /opt/airflow/dags/02_minio_to_duckdb.py took 0.311 seconds
[2025-11-28T11:39:50.416+0000] {processor.py:161} INFO - Started process (PID=7954) to work on /opt/airflow/dags/02_minio_to_duckdb.py
[2025-11-28T11:39:50.418+0000] {processor.py:830} INFO - Processing file /opt/airflow/dags/02_minio_to_duckdb.py for tasks to queue
[2025-11-28T11:39:50.420+0000] {logging_mixin.py:188} INFO - [2025-11-28T11:39:50.420+0000] {dagbag.py:538} INFO - Filling up the DagBag from /opt/airflow/dags/02_minio_to_duckdb.py
[2025-11-28T11:39:50.650+0000] {processor.py:840} INFO - DAG(s) 'minio_to_duckdb_pipeline' retrieved from /opt/airflow/dags/02_minio_to_duckdb.py
[2025-11-28T11:39:50.708+0000] {logging_mixin.py:188} INFO - [2025-11-28T11:39:50.708+0000] {dag.py:3036} INFO - Sync 1 DAGs
[2025-11-28T11:39:50.732+0000] {logging_mixin.py:188} INFO - [2025-11-28T11:39:50.731+0000] {dag.py:3823} INFO - Setting next_dagrun for minio_to_duckdb_pipeline to None, run_after=None
[2025-11-28T11:39:50.772+0000] {processor.py:183} INFO - Processing /opt/airflow/dags/02_minio_to_duckdb.py took 0.365 seconds
[2025-11-28T11:40:20.840+0000] {processor.py:161} INFO - Started process (PID=8021) to work on /opt/airflow/dags/02_minio_to_duckdb.py
[2025-11-28T11:40:20.842+0000] {processor.py:830} INFO - Processing file /opt/airflow/dags/02_minio_to_duckdb.py for tasks to queue
[2025-11-28T11:40:20.844+0000] {logging_mixin.py:188} INFO - [2025-11-28T11:40:20.843+0000] {dagbag.py:538} INFO - Filling up the DagBag from /opt/airflow/dags/02_minio_to_duckdb.py
[2025-11-28T11:40:21.031+0000] {processor.py:840} INFO - DAG(s) 'minio_to_duckdb_pipeline' retrieved from /opt/airflow/dags/02_minio_to_duckdb.py
[2025-11-28T11:40:21.088+0000] {logging_mixin.py:188} INFO - [2025-11-28T11:40:21.088+0000] {dag.py:3036} INFO - Sync 1 DAGs
[2025-11-28T11:40:21.115+0000] {logging_mixin.py:188} INFO - [2025-11-28T11:40:21.114+0000] {dag.py:3823} INFO - Setting next_dagrun for minio_to_duckdb_pipeline to None, run_after=None
[2025-11-28T11:40:21.169+0000] {processor.py:183} INFO - Processing /opt/airflow/dags/02_minio_to_duckdb.py took 0.336 seconds
[2025-11-28T11:40:51.318+0000] {processor.py:161} INFO - Started process (PID=8091) to work on /opt/airflow/dags/02_minio_to_duckdb.py
[2025-11-28T11:40:51.319+0000] {processor.py:830} INFO - Processing file /opt/airflow/dags/02_minio_to_duckdb.py for tasks to queue
[2025-11-28T11:40:51.322+0000] {logging_mixin.py:188} INFO - [2025-11-28T11:40:51.321+0000] {dagbag.py:538} INFO - Filling up the DagBag from /opt/airflow/dags/02_minio_to_duckdb.py
[2025-11-28T11:40:51.517+0000] {processor.py:840} INFO - DAG(s) 'minio_to_duckdb_pipeline' retrieved from /opt/airflow/dags/02_minio_to_duckdb.py
[2025-11-28T11:40:51.576+0000] {logging_mixin.py:188} INFO - [2025-11-28T11:40:51.575+0000] {dag.py:3036} INFO - Sync 1 DAGs
[2025-11-28T11:40:51.607+0000] {logging_mixin.py:188} INFO - [2025-11-28T11:40:51.606+0000] {dag.py:3823} INFO - Setting next_dagrun for minio_to_duckdb_pipeline to None, run_after=None
[2025-11-28T11:40:51.651+0000] {processor.py:183} INFO - Processing /opt/airflow/dags/02_minio_to_duckdb.py took 0.340 seconds
[2025-11-28T11:41:21.860+0000] {processor.py:161} INFO - Started process (PID=8161) to work on /opt/airflow/dags/02_minio_to_duckdb.py
[2025-11-28T11:41:21.861+0000] {processor.py:830} INFO - Processing file /opt/airflow/dags/02_minio_to_duckdb.py for tasks to queue
[2025-11-28T11:41:21.863+0000] {logging_mixin.py:188} INFO - [2025-11-28T11:41:21.863+0000] {dagbag.py:538} INFO - Filling up the DagBag from /opt/airflow/dags/02_minio_to_duckdb.py
[2025-11-28T11:41:22.053+0000] {processor.py:840} INFO - DAG(s) 'minio_to_duckdb_pipeline' retrieved from /opt/airflow/dags/02_minio_to_duckdb.py
[2025-11-28T11:41:22.111+0000] {logging_mixin.py:188} INFO - [2025-11-28T11:41:22.110+0000] {dag.py:3036} INFO - Sync 1 DAGs
[2025-11-28T11:41:22.145+0000] {logging_mixin.py:188} INFO - [2025-11-28T11:41:22.145+0000] {dag.py:3823} INFO - Setting next_dagrun for minio_to_duckdb_pipeline to None, run_after=None
[2025-11-28T11:41:22.184+0000] {processor.py:183} INFO - Processing /opt/airflow/dags/02_minio_to_duckdb.py took 0.330 seconds
[2025-11-28T11:41:52.751+0000] {processor.py:161} INFO - Started process (PID=8231) to work on /opt/airflow/dags/02_minio_to_duckdb.py
[2025-11-28T11:41:52.756+0000] {processor.py:830} INFO - Processing file /opt/airflow/dags/02_minio_to_duckdb.py for tasks to queue
[2025-11-28T11:41:52.761+0000] {logging_mixin.py:188} INFO - [2025-11-28T11:41:52.760+0000] {dagbag.py:538} INFO - Filling up the DagBag from /opt/airflow/dags/02_minio_to_duckdb.py
[2025-11-28T11:41:53.132+0000] {processor.py:840} INFO - DAG(s) 'minio_to_duckdb_pipeline' retrieved from /opt/airflow/dags/02_minio_to_duckdb.py
[2025-11-28T11:41:53.239+0000] {logging_mixin.py:188} INFO - [2025-11-28T11:41:53.238+0000] {dag.py:3036} INFO - Sync 1 DAGs
[2025-11-28T11:41:53.279+0000] {logging_mixin.py:188} INFO - [2025-11-28T11:41:53.278+0000] {dag.py:3823} INFO - Setting next_dagrun for minio_to_duckdb_pipeline to None, run_after=None
[2025-11-28T11:41:53.333+0000] {processor.py:183} INFO - Processing /opt/airflow/dags/02_minio_to_duckdb.py took 0.600 seconds
[2025-11-28T11:42:23.837+0000] {processor.py:161} INFO - Started process (PID=8301) to work on /opt/airflow/dags/02_minio_to_duckdb.py
[2025-11-28T11:42:23.839+0000] {processor.py:830} INFO - Processing file /opt/airflow/dags/02_minio_to_duckdb.py for tasks to queue
[2025-11-28T11:42:23.841+0000] {logging_mixin.py:188} INFO - [2025-11-28T11:42:23.841+0000] {dagbag.py:538} INFO - Filling up the DagBag from /opt/airflow/dags/02_minio_to_duckdb.py
[2025-11-28T11:42:24.033+0000] {processor.py:840} INFO - DAG(s) 'minio_to_duckdb_pipeline' retrieved from /opt/airflow/dags/02_minio_to_duckdb.py
[2025-11-28T11:42:24.094+0000] {logging_mixin.py:188} INFO - [2025-11-28T11:42:24.093+0000] {dag.py:3036} INFO - Sync 1 DAGs
[2025-11-28T11:42:24.125+0000] {logging_mixin.py:188} INFO - [2025-11-28T11:42:24.125+0000] {dag.py:3823} INFO - Setting next_dagrun for minio_to_duckdb_pipeline to None, run_after=None
[2025-11-28T11:42:24.415+0000] {processor.py:183} INFO - Processing /opt/airflow/dags/02_minio_to_duckdb.py took 0.584 seconds
[2025-11-28T11:42:54.726+0000] {processor.py:161} INFO - Started process (PID=8368) to work on /opt/airflow/dags/02_minio_to_duckdb.py
[2025-11-28T11:42:54.729+0000] {processor.py:830} INFO - Processing file /opt/airflow/dags/02_minio_to_duckdb.py for tasks to queue
[2025-11-28T11:42:54.732+0000] {logging_mixin.py:188} INFO - [2025-11-28T11:42:54.731+0000] {dagbag.py:538} INFO - Filling up the DagBag from /opt/airflow/dags/02_minio_to_duckdb.py
[2025-11-28T11:42:55.050+0000] {processor.py:840} INFO - DAG(s) 'minio_to_duckdb_pipeline' retrieved from /opt/airflow/dags/02_minio_to_duckdb.py
[2025-11-28T11:42:55.104+0000] {logging_mixin.py:188} INFO - [2025-11-28T11:42:55.104+0000] {dag.py:3036} INFO - Sync 1 DAGs
[2025-11-28T11:42:55.128+0000] {logging_mixin.py:188} INFO - [2025-11-28T11:42:55.128+0000] {dag.py:3823} INFO - Setting next_dagrun for minio_to_duckdb_pipeline to None, run_after=None
[2025-11-28T11:42:55.178+0000] {processor.py:183} INFO - Processing /opt/airflow/dags/02_minio_to_duckdb.py took 0.460 seconds
[2025-11-28T11:43:25.272+0000] {processor.py:161} INFO - Started process (PID=8417) to work on /opt/airflow/dags/02_minio_to_duckdb.py
[2025-11-28T11:43:25.275+0000] {processor.py:830} INFO - Processing file /opt/airflow/dags/02_minio_to_duckdb.py for tasks to queue
[2025-11-28T11:43:25.276+0000] {logging_mixin.py:188} INFO - [2025-11-28T11:43:25.276+0000] {dagbag.py:538} INFO - Filling up the DagBag from /opt/airflow/dags/02_minio_to_duckdb.py
[2025-11-28T11:43:25.465+0000] {processor.py:840} INFO - DAG(s) 'minio_to_duckdb_pipeline' retrieved from /opt/airflow/dags/02_minio_to_duckdb.py
[2025-11-28T11:43:25.529+0000] {logging_mixin.py:188} INFO - [2025-11-28T11:43:25.528+0000] {dag.py:3036} INFO - Sync 1 DAGs
[2025-11-28T11:43:25.553+0000] {logging_mixin.py:188} INFO - [2025-11-28T11:43:25.552+0000] {dag.py:3823} INFO - Setting next_dagrun for minio_to_duckdb_pipeline to None, run_after=None
[2025-11-28T11:43:25.595+0000] {processor.py:183} INFO - Processing /opt/airflow/dags/02_minio_to_duckdb.py took 0.329 seconds
[2025-11-28T11:43:55.776+0000] {processor.py:161} INFO - Started process (PID=8487) to work on /opt/airflow/dags/02_minio_to_duckdb.py
[2025-11-28T11:43:55.778+0000] {processor.py:830} INFO - Processing file /opt/airflow/dags/02_minio_to_duckdb.py for tasks to queue
[2025-11-28T11:43:55.780+0000] {logging_mixin.py:188} INFO - [2025-11-28T11:43:55.779+0000] {dagbag.py:538} INFO - Filling up the DagBag from /opt/airflow/dags/02_minio_to_duckdb.py
[2025-11-28T11:43:55.985+0000] {processor.py:840} INFO - DAG(s) 'minio_to_duckdb_pipeline' retrieved from /opt/airflow/dags/02_minio_to_duckdb.py
[2025-11-28T11:43:56.044+0000] {logging_mixin.py:188} INFO - [2025-11-28T11:43:56.043+0000] {dag.py:3036} INFO - Sync 1 DAGs
[2025-11-28T11:43:56.080+0000] {logging_mixin.py:188} INFO - [2025-11-28T11:43:56.080+0000] {dag.py:3823} INFO - Setting next_dagrun for minio_to_duckdb_pipeline to None, run_after=None
[2025-11-28T11:43:56.380+0000] {processor.py:183} INFO - Processing /opt/airflow/dags/02_minio_to_duckdb.py took 0.610 seconds
[2025-11-28T11:44:26.492+0000] {processor.py:161} INFO - Started process (PID=8557) to work on /opt/airflow/dags/02_minio_to_duckdb.py
[2025-11-28T11:44:26.495+0000] {processor.py:830} INFO - Processing file /opt/airflow/dags/02_minio_to_duckdb.py for tasks to queue
[2025-11-28T11:44:26.498+0000] {logging_mixin.py:188} INFO - [2025-11-28T11:44:26.497+0000] {dagbag.py:538} INFO - Filling up the DagBag from /opt/airflow/dags/02_minio_to_duckdb.py
[2025-11-28T11:44:26.685+0000] {processor.py:840} INFO - DAG(s) 'minio_to_duckdb_pipeline' retrieved from /opt/airflow/dags/02_minio_to_duckdb.py
[2025-11-28T11:44:26.743+0000] {logging_mixin.py:188} INFO - [2025-11-28T11:44:26.742+0000] {dag.py:3036} INFO - Sync 1 DAGs
[2025-11-28T11:44:26.767+0000] {logging_mixin.py:188} INFO - [2025-11-28T11:44:26.767+0000] {dag.py:3823} INFO - Setting next_dagrun for minio_to_duckdb_pipeline to None, run_after=None
[2025-11-28T11:44:26.810+0000] {processor.py:183} INFO - Processing /opt/airflow/dags/02_minio_to_duckdb.py took 0.324 seconds
[2025-11-28T11:44:56.863+0000] {processor.py:161} INFO - Started process (PID=8627) to work on /opt/airflow/dags/02_minio_to_duckdb.py
[2025-11-28T11:44:56.865+0000] {processor.py:830} INFO - Processing file /opt/airflow/dags/02_minio_to_duckdb.py for tasks to queue
[2025-11-28T11:44:56.867+0000] {logging_mixin.py:188} INFO - [2025-11-28T11:44:56.867+0000] {dagbag.py:538} INFO - Filling up the DagBag from /opt/airflow/dags/02_minio_to_duckdb.py
[2025-11-28T11:44:57.073+0000] {processor.py:840} INFO - DAG(s) 'minio_to_duckdb_pipeline' retrieved from /opt/airflow/dags/02_minio_to_duckdb.py
[2025-11-28T11:44:57.141+0000] {logging_mixin.py:188} INFO - [2025-11-28T11:44:57.141+0000] {dag.py:3036} INFO - Sync 1 DAGs
[2025-11-28T11:44:57.170+0000] {logging_mixin.py:188} INFO - [2025-11-28T11:44:57.170+0000] {dag.py:3823} INFO - Setting next_dagrun for minio_to_duckdb_pipeline to None, run_after=None
[2025-11-28T11:44:57.224+0000] {processor.py:183} INFO - Processing /opt/airflow/dags/02_minio_to_duckdb.py took 0.367 seconds
[2025-11-28T11:45:27.596+0000] {processor.py:161} INFO - Started process (PID=8697) to work on /opt/airflow/dags/02_minio_to_duckdb.py
[2025-11-28T11:45:27.599+0000] {processor.py:830} INFO - Processing file /opt/airflow/dags/02_minio_to_duckdb.py for tasks to queue
[2025-11-28T11:45:27.601+0000] {logging_mixin.py:188} INFO - [2025-11-28T11:45:27.600+0000] {dagbag.py:538} INFO - Filling up the DagBag from /opt/airflow/dags/02_minio_to_duckdb.py
[2025-11-28T11:45:27.782+0000] {processor.py:840} INFO - DAG(s) 'minio_to_duckdb_pipeline' retrieved from /opt/airflow/dags/02_minio_to_duckdb.py
[2025-11-28T11:45:27.842+0000] {logging_mixin.py:188} INFO - [2025-11-28T11:45:27.842+0000] {dag.py:3036} INFO - Sync 1 DAGs
[2025-11-28T11:45:28.098+0000] {logging_mixin.py:188} INFO - [2025-11-28T11:45:28.097+0000] {dag.py:3823} INFO - Setting next_dagrun for minio_to_duckdb_pipeline to None, run_after=None
[2025-11-28T11:45:28.144+0000] {processor.py:183} INFO - Processing /opt/airflow/dags/02_minio_to_duckdb.py took 0.554 seconds
[2025-11-28T11:45:58.272+0000] {processor.py:161} INFO - Started process (PID=8764) to work on /opt/airflow/dags/02_minio_to_duckdb.py
[2025-11-28T11:45:58.274+0000] {processor.py:830} INFO - Processing file /opt/airflow/dags/02_minio_to_duckdb.py for tasks to queue
[2025-11-28T11:45:58.277+0000] {logging_mixin.py:188} INFO - [2025-11-28T11:45:58.276+0000] {dagbag.py:538} INFO - Filling up the DagBag from /opt/airflow/dags/02_minio_to_duckdb.py
[2025-11-28T11:45:58.491+0000] {processor.py:840} INFO - DAG(s) 'minio_to_duckdb_pipeline' retrieved from /opt/airflow/dags/02_minio_to_duckdb.py
[2025-11-28T11:45:58.566+0000] {logging_mixin.py:188} INFO - [2025-11-28T11:45:58.565+0000] {dag.py:3036} INFO - Sync 1 DAGs
[2025-11-28T11:45:58.594+0000] {logging_mixin.py:188} INFO - [2025-11-28T11:45:58.594+0000] {dag.py:3823} INFO - Setting next_dagrun for minio_to_duckdb_pipeline to None, run_after=None
[2025-11-28T11:45:58.658+0000] {processor.py:183} INFO - Processing /opt/airflow/dags/02_minio_to_duckdb.py took 0.395 seconds
[2025-11-28T11:46:28.834+0000] {processor.py:161} INFO - Started process (PID=8813) to work on /opt/airflow/dags/02_minio_to_duckdb.py
[2025-11-28T11:46:28.836+0000] {processor.py:830} INFO - Processing file /opt/airflow/dags/02_minio_to_duckdb.py for tasks to queue
[2025-11-28T11:46:28.838+0000] {logging_mixin.py:188} INFO - [2025-11-28T11:46:28.837+0000] {dagbag.py:538} INFO - Filling up the DagBag from /opt/airflow/dags/02_minio_to_duckdb.py
[2025-11-28T11:46:29.034+0000] {processor.py:840} INFO - DAG(s) 'minio_to_duckdb_pipeline' retrieved from /opt/airflow/dags/02_minio_to_duckdb.py
[2025-11-28T11:46:29.098+0000] {logging_mixin.py:188} INFO - [2025-11-28T11:46:29.097+0000] {dag.py:3036} INFO - Sync 1 DAGs
[2025-11-28T11:46:29.124+0000] {logging_mixin.py:188} INFO - [2025-11-28T11:46:29.123+0000] {dag.py:3823} INFO - Setting next_dagrun for minio_to_duckdb_pipeline to None, run_after=None
[2025-11-28T11:46:29.181+0000] {processor.py:183} INFO - Processing /opt/airflow/dags/02_minio_to_duckdb.py took 0.352 seconds
[2025-11-28T11:46:59.374+0000] {processor.py:161} INFO - Started process (PID=8883) to work on /opt/airflow/dags/02_minio_to_duckdb.py
[2025-11-28T11:46:59.376+0000] {processor.py:830} INFO - Processing file /opt/airflow/dags/02_minio_to_duckdb.py for tasks to queue
[2025-11-28T11:46:59.378+0000] {logging_mixin.py:188} INFO - [2025-11-28T11:46:59.377+0000] {dagbag.py:538} INFO - Filling up the DagBag from /opt/airflow/dags/02_minio_to_duckdb.py
[2025-11-28T11:46:59.567+0000] {processor.py:840} INFO - DAG(s) 'minio_to_duckdb_pipeline' retrieved from /opt/airflow/dags/02_minio_to_duckdb.py
[2025-11-28T11:46:59.633+0000] {logging_mixin.py:188} INFO - [2025-11-28T11:46:59.632+0000] {dag.py:3036} INFO - Sync 1 DAGs
[2025-11-28T11:46:59.910+0000] {logging_mixin.py:188} INFO - [2025-11-28T11:46:59.909+0000] {dag.py:3823} INFO - Setting next_dagrun for minio_to_duckdb_pipeline to None, run_after=None
[2025-11-28T11:46:59.976+0000] {processor.py:183} INFO - Processing /opt/airflow/dags/02_minio_to_duckdb.py took 0.608 seconds
[2025-11-28T11:47:30.670+0000] {processor.py:161} INFO - Started process (PID=8953) to work on /opt/airflow/dags/02_minio_to_duckdb.py
[2025-11-28T11:47:30.672+0000] {processor.py:830} INFO - Processing file /opt/airflow/dags/02_minio_to_duckdb.py for tasks to queue
[2025-11-28T11:47:30.675+0000] {logging_mixin.py:188} INFO - [2025-11-28T11:47:30.674+0000] {dagbag.py:538} INFO - Filling up the DagBag from /opt/airflow/dags/02_minio_to_duckdb.py
[2025-11-28T11:47:30.862+0000] {processor.py:840} INFO - DAG(s) 'minio_to_duckdb_pipeline' retrieved from /opt/airflow/dags/02_minio_to_duckdb.py
[2025-11-28T11:47:30.920+0000] {logging_mixin.py:188} INFO - [2025-11-28T11:47:30.919+0000] {dag.py:3036} INFO - Sync 1 DAGs
[2025-11-28T11:47:30.944+0000] {logging_mixin.py:188} INFO - [2025-11-28T11:47:30.943+0000] {dag.py:3823} INFO - Setting next_dagrun for minio_to_duckdb_pipeline to None, run_after=None
[2025-11-28T11:47:30.998+0000] {processor.py:183} INFO - Processing /opt/airflow/dags/02_minio_to_duckdb.py took 0.333 seconds
[2025-11-28T11:48:01.264+0000] {processor.py:161} INFO - Started process (PID=9023) to work on /opt/airflow/dags/02_minio_to_duckdb.py
[2025-11-28T11:48:01.266+0000] {processor.py:830} INFO - Processing file /opt/airflow/dags/02_minio_to_duckdb.py for tasks to queue
[2025-11-28T11:48:01.268+0000] {logging_mixin.py:188} INFO - [2025-11-28T11:48:01.267+0000] {dagbag.py:538} INFO - Filling up the DagBag from /opt/airflow/dags/02_minio_to_duckdb.py
[2025-11-28T11:48:01.468+0000] {processor.py:840} INFO - DAG(s) 'minio_to_duckdb_pipeline' retrieved from /opt/airflow/dags/02_minio_to_duckdb.py
[2025-11-28T11:48:01.528+0000] {logging_mixin.py:188} INFO - [2025-11-28T11:48:01.528+0000] {dag.py:3036} INFO - Sync 1 DAGs
[2025-11-28T11:48:01.554+0000] {logging_mixin.py:188} INFO - [2025-11-28T11:48:01.554+0000] {dag.py:3823} INFO - Setting next_dagrun for minio_to_duckdb_pipeline to None, run_after=None
[2025-11-28T11:48:01.606+0000] {processor.py:183} INFO - Processing /opt/airflow/dags/02_minio_to_duckdb.py took 0.349 seconds
[2025-11-28T11:48:31.828+0000] {processor.py:161} INFO - Started process (PID=9093) to work on /opt/airflow/dags/02_minio_to_duckdb.py
[2025-11-28T11:48:31.830+0000] {processor.py:830} INFO - Processing file /opt/airflow/dags/02_minio_to_duckdb.py for tasks to queue
[2025-11-28T11:48:31.832+0000] {logging_mixin.py:188} INFO - [2025-11-28T11:48:31.832+0000] {dagbag.py:538} INFO - Filling up the DagBag from /opt/airflow/dags/02_minio_to_duckdb.py
[2025-11-28T11:48:32.019+0000] {processor.py:840} INFO - DAG(s) 'minio_to_duckdb_pipeline' retrieved from /opt/airflow/dags/02_minio_to_duckdb.py
[2025-11-28T11:48:32.075+0000] {logging_mixin.py:188} INFO - [2025-11-28T11:48:32.075+0000] {dag.py:3036} INFO - Sync 1 DAGs
[2025-11-28T11:48:32.341+0000] {logging_mixin.py:188} INFO - [2025-11-28T11:48:32.340+0000] {dag.py:3823} INFO - Setting next_dagrun for minio_to_duckdb_pipeline to None, run_after=None
[2025-11-28T11:48:32.397+0000] {processor.py:183} INFO - Processing /opt/airflow/dags/02_minio_to_duckdb.py took 0.576 seconds
[2025-11-28T11:49:02.811+0000] {processor.py:161} INFO - Started process (PID=9160) to work on /opt/airflow/dags/02_minio_to_duckdb.py
[2025-11-28T11:49:02.815+0000] {processor.py:830} INFO - Processing file /opt/airflow/dags/02_minio_to_duckdb.py for tasks to queue
[2025-11-28T11:49:02.819+0000] {logging_mixin.py:188} INFO - [2025-11-28T11:49:02.818+0000] {dagbag.py:538} INFO - Filling up the DagBag from /opt/airflow/dags/02_minio_to_duckdb.py
[2025-11-28T11:49:03.200+0000] {processor.py:840} INFO - DAG(s) 'minio_to_duckdb_pipeline' retrieved from /opt/airflow/dags/02_minio_to_duckdb.py
[2025-11-28T11:49:03.291+0000] {logging_mixin.py:188} INFO - [2025-11-28T11:49:03.290+0000] {dag.py:3036} INFO - Sync 1 DAGs
[2025-11-28T11:49:03.320+0000] {logging_mixin.py:188} INFO - [2025-11-28T11:49:03.320+0000] {dag.py:3823} INFO - Setting next_dagrun for minio_to_duckdb_pipeline to None, run_after=None
[2025-11-28T11:49:03.385+0000] {processor.py:183} INFO - Processing /opt/airflow/dags/02_minio_to_duckdb.py took 0.591 seconds
[2025-11-28T11:49:34.003+0000] {processor.py:161} INFO - Started process (PID=9209) to work on /opt/airflow/dags/02_minio_to_duckdb.py
[2025-11-28T11:49:34.005+0000] {processor.py:830} INFO - Processing file /opt/airflow/dags/02_minio_to_duckdb.py for tasks to queue
[2025-11-28T11:49:34.007+0000] {logging_mixin.py:188} INFO - [2025-11-28T11:49:34.007+0000] {dagbag.py:538} INFO - Filling up the DagBag from /opt/airflow/dags/02_minio_to_duckdb.py
[2025-11-28T11:49:34.209+0000] {processor.py:840} INFO - DAG(s) 'minio_to_duckdb_pipeline' retrieved from /opt/airflow/dags/02_minio_to_duckdb.py
[2025-11-28T11:49:34.272+0000] {logging_mixin.py:188} INFO - [2025-11-28T11:49:34.271+0000] {dag.py:3036} INFO - Sync 1 DAGs
[2025-11-28T11:49:34.299+0000] {logging_mixin.py:188} INFO - [2025-11-28T11:49:34.298+0000] {dag.py:3823} INFO - Setting next_dagrun for minio_to_duckdb_pipeline to None, run_after=None
[2025-11-28T11:49:34.341+0000] {processor.py:183} INFO - Processing /opt/airflow/dags/02_minio_to_duckdb.py took 0.345 seconds
[2025-11-28T11:50:04.830+0000] {processor.py:161} INFO - Started process (PID=9279) to work on /opt/airflow/dags/02_minio_to_duckdb.py
[2025-11-28T11:50:04.832+0000] {processor.py:830} INFO - Processing file /opt/airflow/dags/02_minio_to_duckdb.py for tasks to queue
[2025-11-28T11:50:04.835+0000] {logging_mixin.py:188} INFO - [2025-11-28T11:50:04.834+0000] {dagbag.py:538} INFO - Filling up the DagBag from /opt/airflow/dags/02_minio_to_duckdb.py
[2025-11-28T11:50:05.064+0000] {processor.py:840} INFO - DAG(s) 'minio_to_duckdb_pipeline' retrieved from /opt/airflow/dags/02_minio_to_duckdb.py
[2025-11-28T11:50:05.357+0000] {logging_mixin.py:188} INFO - [2025-11-28T11:50:05.356+0000] {dag.py:3036} INFO - Sync 1 DAGs
[2025-11-28T11:50:05.382+0000] {logging_mixin.py:188} INFO - [2025-11-28T11:50:05.382+0000] {dag.py:3823} INFO - Setting next_dagrun for minio_to_duckdb_pipeline to None, run_after=None
[2025-11-28T11:50:05.450+0000] {processor.py:183} INFO - Processing /opt/airflow/dags/02_minio_to_duckdb.py took 0.628 seconds
[2025-11-28T11:50:36.237+0000] {processor.py:161} INFO - Started process (PID=9349) to work on /opt/airflow/dags/02_minio_to_duckdb.py
[2025-11-28T11:50:36.239+0000] {processor.py:830} INFO - Processing file /opt/airflow/dags/02_minio_to_duckdb.py for tasks to queue
[2025-11-28T11:50:36.241+0000] {logging_mixin.py:188} INFO - [2025-11-28T11:50:36.240+0000] {dagbag.py:538} INFO - Filling up the DagBag from /opt/airflow/dags/02_minio_to_duckdb.py
[2025-11-28T11:50:36.430+0000] {processor.py:840} INFO - DAG(s) 'minio_to_duckdb_pipeline' retrieved from /opt/airflow/dags/02_minio_to_duckdb.py
[2025-11-28T11:50:36.483+0000] {logging_mixin.py:188} INFO - [2025-11-28T11:50:36.483+0000] {dag.py:3036} INFO - Sync 1 DAGs
[2025-11-28T11:50:36.508+0000] {logging_mixin.py:188} INFO - [2025-11-28T11:50:36.508+0000] {dag.py:3823} INFO - Setting next_dagrun for minio_to_duckdb_pipeline to None, run_after=None
[2025-11-28T11:50:36.562+0000] {processor.py:183} INFO - Processing /opt/airflow/dags/02_minio_to_duckdb.py took 0.331 seconds
[2025-11-28T11:51:07.199+0000] {processor.py:161} INFO - Started process (PID=9419) to work on /opt/airflow/dags/02_minio_to_duckdb.py
[2025-11-28T11:51:07.201+0000] {processor.py:830} INFO - Processing file /opt/airflow/dags/02_minio_to_duckdb.py for tasks to queue
[2025-11-28T11:51:07.203+0000] {logging_mixin.py:188} INFO - [2025-11-28T11:51:07.202+0000] {dagbag.py:538} INFO - Filling up the DagBag from /opt/airflow/dags/02_minio_to_duckdb.py
[2025-11-28T11:51:07.393+0000] {processor.py:840} INFO - DAG(s) 'minio_to_duckdb_pipeline' retrieved from /opt/airflow/dags/02_minio_to_duckdb.py
[2025-11-28T11:51:07.446+0000] {logging_mixin.py:188} INFO - [2025-11-28T11:51:07.446+0000] {dag.py:3036} INFO - Sync 1 DAGs
[2025-11-28T11:51:07.469+0000] {logging_mixin.py:188} INFO - [2025-11-28T11:51:07.469+0000] {dag.py:3823} INFO - Setting next_dagrun for minio_to_duckdb_pipeline to None, run_after=None
[2025-11-28T11:51:07.525+0000] {processor.py:183} INFO - Processing /opt/airflow/dags/02_minio_to_duckdb.py took 0.331 seconds
[2025-11-28T11:51:37.677+0000] {processor.py:161} INFO - Started process (PID=9489) to work on /opt/airflow/dags/02_minio_to_duckdb.py
[2025-11-28T11:51:37.681+0000] {processor.py:830} INFO - Processing file /opt/airflow/dags/02_minio_to_duckdb.py for tasks to queue
[2025-11-28T11:51:37.687+0000] {logging_mixin.py:188} INFO - [2025-11-28T11:51:37.684+0000] {dagbag.py:538} INFO - Filling up the DagBag from /opt/airflow/dags/02_minio_to_duckdb.py
[2025-11-28T11:51:37.941+0000] {processor.py:840} INFO - DAG(s) 'minio_to_duckdb_pipeline' retrieved from /opt/airflow/dags/02_minio_to_duckdb.py
[2025-11-28T11:51:38.306+0000] {logging_mixin.py:188} INFO - [2025-11-28T11:51:38.306+0000] {dag.py:3036} INFO - Sync 1 DAGs
[2025-11-28T11:51:38.337+0000] {logging_mixin.py:188} INFO - [2025-11-28T11:51:38.336+0000] {dag.py:3823} INFO - Setting next_dagrun for minio_to_duckdb_pipeline to None, run_after=None
[2025-11-28T11:51:38.395+0000] {processor.py:183} INFO - Processing /opt/airflow/dags/02_minio_to_duckdb.py took 0.732 seconds
[2025-11-28T11:52:08.702+0000] {processor.py:161} INFO - Started process (PID=9556) to work on /opt/airflow/dags/02_minio_to_duckdb.py
[2025-11-28T11:52:08.704+0000] {processor.py:830} INFO - Processing file /opt/airflow/dags/02_minio_to_duckdb.py for tasks to queue
[2025-11-28T11:52:08.706+0000] {logging_mixin.py:188} INFO - [2025-11-28T11:52:08.705+0000] {dagbag.py:538} INFO - Filling up the DagBag from /opt/airflow/dags/02_minio_to_duckdb.py
[2025-11-28T11:52:09.173+0000] {processor.py:840} INFO - DAG(s) 'minio_to_duckdb_pipeline' retrieved from /opt/airflow/dags/02_minio_to_duckdb.py
[2025-11-28T11:52:09.235+0000] {logging_mixin.py:188} INFO - [2025-11-28T11:52:09.235+0000] {dag.py:3036} INFO - Sync 1 DAGs
[2025-11-28T11:52:09.267+0000] {logging_mixin.py:188} INFO - [2025-11-28T11:52:09.266+0000] {dag.py:3823} INFO - Setting next_dagrun for minio_to_duckdb_pipeline to None, run_after=None
[2025-11-28T11:52:09.337+0000] {processor.py:183} INFO - Processing /opt/airflow/dags/02_minio_to_duckdb.py took 0.640 seconds
[2025-11-28T11:52:39.979+0000] {processor.py:161} INFO - Started process (PID=9605) to work on /opt/airflow/dags/02_minio_to_duckdb.py
[2025-11-28T11:52:39.980+0000] {processor.py:830} INFO - Processing file /opt/airflow/dags/02_minio_to_duckdb.py for tasks to queue
[2025-11-28T11:52:39.982+0000] {logging_mixin.py:188} INFO - [2025-11-28T11:52:39.982+0000] {dagbag.py:538} INFO - Filling up the DagBag from /opt/airflow/dags/02_minio_to_duckdb.py
[2025-11-28T11:52:40.422+0000] {processor.py:840} INFO - DAG(s) 'minio_to_duckdb_pipeline' retrieved from /opt/airflow/dags/02_minio_to_duckdb.py
[2025-11-28T11:52:40.482+0000] {logging_mixin.py:188} INFO - [2025-11-28T11:52:40.481+0000] {dag.py:3036} INFO - Sync 1 DAGs
[2025-11-28T11:52:40.516+0000] {logging_mixin.py:188} INFO - [2025-11-28T11:52:40.515+0000] {dag.py:3823} INFO - Setting next_dagrun for minio_to_duckdb_pipeline to None, run_after=None
[2025-11-28T11:52:40.571+0000] {processor.py:183} INFO - Processing /opt/airflow/dags/02_minio_to_duckdb.py took 0.598 seconds
[2025-11-28T11:53:10.669+0000] {processor.py:161} INFO - Started process (PID=9675) to work on /opt/airflow/dags/02_minio_to_duckdb.py
[2025-11-28T11:53:10.671+0000] {processor.py:830} INFO - Processing file /opt/airflow/dags/02_minio_to_duckdb.py for tasks to queue
[2025-11-28T11:53:10.673+0000] {logging_mixin.py:188} INFO - [2025-11-28T11:53:10.672+0000] {dagbag.py:538} INFO - Filling up the DagBag from /opt/airflow/dags/02_minio_to_duckdb.py
[2025-11-28T11:53:10.839+0000] {processor.py:840} INFO - DAG(s) 'minio_to_duckdb_pipeline' retrieved from /opt/airflow/dags/02_minio_to_duckdb.py
[2025-11-28T11:53:11.124+0000] {logging_mixin.py:188} INFO - [2025-11-28T11:53:11.123+0000] {dag.py:3036} INFO - Sync 1 DAGs
[2025-11-28T11:53:11.146+0000] {logging_mixin.py:188} INFO - [2025-11-28T11:53:11.145+0000] {dag.py:3823} INFO - Setting next_dagrun for minio_to_duckdb_pipeline to None, run_after=None
[2025-11-28T11:53:11.198+0000] {processor.py:183} INFO - Processing /opt/airflow/dags/02_minio_to_duckdb.py took 0.536 seconds
[2025-11-28T11:53:41.644+0000] {processor.py:161} INFO - Started process (PID=9745) to work on /opt/airflow/dags/02_minio_to_duckdb.py
[2025-11-28T11:53:41.647+0000] {processor.py:830} INFO - Processing file /opt/airflow/dags/02_minio_to_duckdb.py for tasks to queue
[2025-11-28T11:53:41.649+0000] {logging_mixin.py:188} INFO - [2025-11-28T11:53:41.648+0000] {dagbag.py:538} INFO - Filling up the DagBag from /opt/airflow/dags/02_minio_to_duckdb.py
[2025-11-28T11:53:42.088+0000] {processor.py:840} INFO - DAG(s) 'minio_to_duckdb_pipeline' retrieved from /opt/airflow/dags/02_minio_to_duckdb.py
[2025-11-28T11:53:42.132+0000] {logging_mixin.py:188} INFO - [2025-11-28T11:53:42.132+0000] {dag.py:3036} INFO - Sync 1 DAGs
[2025-11-28T11:53:42.153+0000] {logging_mixin.py:188} INFO - [2025-11-28T11:53:42.152+0000] {dag.py:3823} INFO - Setting next_dagrun for minio_to_duckdb_pipeline to None, run_after=None
[2025-11-28T11:53:42.183+0000] {processor.py:183} INFO - Processing /opt/airflow/dags/02_minio_to_duckdb.py took 0.546 seconds
[2025-11-28T12:04:12.899+0000] {processor.py:161} INFO - Started process (PID=178) to work on /opt/airflow/dags/02_minio_to_duckdb.py
[2025-11-28T12:04:12.904+0000] {processor.py:830} INFO - Processing file /opt/airflow/dags/02_minio_to_duckdb.py for tasks to queue
[2025-11-28T12:04:12.909+0000] {logging_mixin.py:188} INFO - [2025-11-28T12:04:12.907+0000] {dagbag.py:538} INFO - Filling up the DagBag from /opt/airflow/dags/02_minio_to_duckdb.py
[2025-11-28T12:04:14.105+0000] {processor.py:840} INFO - DAG(s) 'minio_to_duckdb_pipeline' retrieved from /opt/airflow/dags/02_minio_to_duckdb.py
[2025-11-28T12:04:14.383+0000] {logging_mixin.py:188} INFO - [2025-11-28T12:04:14.381+0000] {dag.py:3036} INFO - Sync 1 DAGs
[2025-11-28T12:04:14.451+0000] {logging_mixin.py:188} INFO - [2025-11-28T12:04:14.450+0000] {dag.py:3823} INFO - Setting next_dagrun for minio_to_duckdb_pipeline to None, run_after=None
[2025-11-28T12:04:14.561+0000] {processor.py:183} INFO - Processing /opt/airflow/dags/02_minio_to_duckdb.py took 1.673 seconds
[2025-11-28T12:04:44.730+0000] {processor.py:161} INFO - Started process (PID=245) to work on /opt/airflow/dags/02_minio_to_duckdb.py
[2025-11-28T12:04:44.736+0000] {processor.py:830} INFO - Processing file /opt/airflow/dags/02_minio_to_duckdb.py for tasks to queue
[2025-11-28T12:04:44.743+0000] {logging_mixin.py:188} INFO - [2025-11-28T12:04:44.741+0000] {dagbag.py:538} INFO - Filling up the DagBag from /opt/airflow/dags/02_minio_to_duckdb.py
[2025-11-28T12:04:45.339+0000] {processor.py:840} INFO - DAG(s) 'minio_to_duckdb_pipeline' retrieved from /opt/airflow/dags/02_minio_to_duckdb.py
[2025-11-28T12:04:45.423+0000] {logging_mixin.py:188} INFO - [2025-11-28T12:04:45.422+0000] {dag.py:3036} INFO - Sync 1 DAGs
[2025-11-28T12:04:45.501+0000] {logging_mixin.py:188} INFO - [2025-11-28T12:04:45.500+0000] {dag.py:3823} INFO - Setting next_dagrun for minio_to_duckdb_pipeline to None, run_after=None
[2025-11-28T12:04:45.605+0000] {processor.py:183} INFO - Processing /opt/airflow/dags/02_minio_to_duckdb.py took 0.890 seconds
[2025-11-28T12:05:15.720+0000] {processor.py:161} INFO - Started process (PID=312) to work on /opt/airflow/dags/02_minio_to_duckdb.py
[2025-11-28T12:05:15.724+0000] {processor.py:830} INFO - Processing file /opt/airflow/dags/02_minio_to_duckdb.py for tasks to queue
[2025-11-28T12:05:15.729+0000] {logging_mixin.py:188} INFO - [2025-11-28T12:05:15.726+0000] {dagbag.py:538} INFO - Filling up the DagBag from /opt/airflow/dags/02_minio_to_duckdb.py
[2025-11-28T12:05:16.314+0000] {processor.py:840} INFO - DAG(s) 'minio_to_duckdb_pipeline' retrieved from /opt/airflow/dags/02_minio_to_duckdb.py
[2025-11-28T12:05:16.728+0000] {logging_mixin.py:188} INFO - [2025-11-28T12:05:16.727+0000] {dag.py:3036} INFO - Sync 1 DAGs
[2025-11-28T12:05:16.777+0000] {logging_mixin.py:188} INFO - [2025-11-28T12:05:16.776+0000] {dag.py:3823} INFO - Setting next_dagrun for minio_to_duckdb_pipeline to None, run_after=None
[2025-11-28T12:05:16.875+0000] {processor.py:183} INFO - Processing /opt/airflow/dags/02_minio_to_duckdb.py took 1.169 seconds
[2025-11-28T12:05:47.384+0000] {processor.py:161} INFO - Started process (PID=361) to work on /opt/airflow/dags/02_minio_to_duckdb.py
[2025-11-28T12:05:47.387+0000] {processor.py:830} INFO - Processing file /opt/airflow/dags/02_minio_to_duckdb.py for tasks to queue
[2025-11-28T12:05:47.390+0000] {logging_mixin.py:188} INFO - [2025-11-28T12:05:47.389+0000] {dagbag.py:538} INFO - Filling up the DagBag from /opt/airflow/dags/02_minio_to_duckdb.py
[2025-11-28T12:05:47.686+0000] {processor.py:840} INFO - DAG(s) 'minio_to_duckdb_pipeline' retrieved from /opt/airflow/dags/02_minio_to_duckdb.py
[2025-11-28T12:05:47.768+0000] {logging_mixin.py:188} INFO - [2025-11-28T12:05:47.767+0000] {dag.py:3036} INFO - Sync 1 DAGs
[2025-11-28T12:05:47.803+0000] {logging_mixin.py:188} INFO - [2025-11-28T12:05:47.802+0000] {dag.py:3823} INFO - Setting next_dagrun for minio_to_duckdb_pipeline to None, run_after=None
[2025-11-28T12:05:47.887+0000] {processor.py:183} INFO - Processing /opt/airflow/dags/02_minio_to_duckdb.py took 0.514 seconds
[2025-11-28T12:06:18.455+0000] {processor.py:161} INFO - Started process (PID=431) to work on /opt/airflow/dags/02_minio_to_duckdb.py
[2025-11-28T12:06:18.458+0000] {processor.py:830} INFO - Processing file /opt/airflow/dags/02_minio_to_duckdb.py for tasks to queue
[2025-11-28T12:06:18.462+0000] {logging_mixin.py:188} INFO - [2025-11-28T12:06:18.460+0000] {dagbag.py:538} INFO - Filling up the DagBag from /opt/airflow/dags/02_minio_to_duckdb.py
[2025-11-28T12:06:18.850+0000] {processor.py:840} INFO - DAG(s) 'minio_to_duckdb_pipeline' retrieved from /opt/airflow/dags/02_minio_to_duckdb.py
[2025-11-28T12:06:18.916+0000] {logging_mixin.py:188} INFO - [2025-11-28T12:06:18.915+0000] {dag.py:3036} INFO - Sync 1 DAGs
[2025-11-28T12:06:18.940+0000] {logging_mixin.py:188} INFO - [2025-11-28T12:06:18.940+0000] {dag.py:3823} INFO - Setting next_dagrun for minio_to_duckdb_pipeline to None, run_after=None
[2025-11-28T12:06:18.988+0000] {processor.py:183} INFO - Processing /opt/airflow/dags/02_minio_to_duckdb.py took 0.540 seconds
[2025-11-28T12:06:49.488+0000] {processor.py:161} INFO - Started process (PID=501) to work on /opt/airflow/dags/02_minio_to_duckdb.py
[2025-11-28T12:06:49.491+0000] {processor.py:830} INFO - Processing file /opt/airflow/dags/02_minio_to_duckdb.py for tasks to queue
[2025-11-28T12:06:49.495+0000] {logging_mixin.py:188} INFO - [2025-11-28T12:06:49.493+0000] {dagbag.py:538} INFO - Filling up the DagBag from /opt/airflow/dags/02_minio_to_duckdb.py
[2025-11-28T12:06:49.843+0000] {processor.py:840} INFO - DAG(s) 'minio_to_duckdb_pipeline' retrieved from /opt/airflow/dags/02_minio_to_duckdb.py
[2025-11-28T12:06:49.899+0000] {logging_mixin.py:188} INFO - [2025-11-28T12:06:49.898+0000] {dag.py:3036} INFO - Sync 1 DAGs
[2025-11-28T12:06:49.922+0000] {logging_mixin.py:188} INFO - [2025-11-28T12:06:49.922+0000] {dag.py:3823} INFO - Setting next_dagrun for minio_to_duckdb_pipeline to None, run_after=None
[2025-11-28T12:06:49.961+0000] {processor.py:183} INFO - Processing /opt/airflow/dags/02_minio_to_duckdb.py took 0.483 seconds
[2025-11-28T12:07:20.191+0000] {processor.py:161} INFO - Started process (PID=576) to work on /opt/airflow/dags/02_minio_to_duckdb.py
[2025-11-28T12:07:20.194+0000] {processor.py:830} INFO - Processing file /opt/airflow/dags/02_minio_to_duckdb.py for tasks to queue
[2025-11-28T12:07:20.196+0000] {logging_mixin.py:188} INFO - [2025-11-28T12:07:20.195+0000] {dagbag.py:538} INFO - Filling up the DagBag from /opt/airflow/dags/02_minio_to_duckdb.py
[2025-11-28T12:07:20.544+0000] {processor.py:840} INFO - DAG(s) 'minio_to_duckdb_pipeline' retrieved from /opt/airflow/dags/02_minio_to_duckdb.py
[2025-11-28T12:07:20.650+0000] {logging_mixin.py:188} INFO - [2025-11-28T12:07:20.650+0000] {dag.py:3036} INFO - Sync 1 DAGs
[2025-11-28T12:07:20.684+0000] {logging_mixin.py:188} INFO - [2025-11-28T12:07:20.684+0000] {dag.py:3823} INFO - Setting next_dagrun for minio_to_duckdb_pipeline to None, run_after=None
[2025-11-28T12:07:20.750+0000] {processor.py:183} INFO - Processing /opt/airflow/dags/02_minio_to_duckdb.py took 0.565 seconds
[2025-11-28T12:07:52.184+0000] {processor.py:161} INFO - Started process (PID=643) to work on /opt/airflow/dags/02_minio_to_duckdb.py
[2025-11-28T12:07:52.187+0000] {processor.py:830} INFO - Processing file /opt/airflow/dags/02_minio_to_duckdb.py for tasks to queue
[2025-11-28T12:07:52.190+0000] {logging_mixin.py:188} INFO - [2025-11-28T12:07:52.189+0000] {dagbag.py:538} INFO - Filling up the DagBag from /opt/airflow/dags/02_minio_to_duckdb.py
[2025-11-28T12:07:52.632+0000] {processor.py:840} INFO - DAG(s) 'minio_to_duckdb_pipeline' retrieved from /opt/airflow/dags/02_minio_to_duckdb.py
[2025-11-28T12:07:52.875+0000] {logging_mixin.py:188} INFO - [2025-11-28T12:07:52.861+0000] {dag.py:3036} INFO - Sync 1 DAGs
[2025-11-28T12:07:52.975+0000] {logging_mixin.py:188} INFO - [2025-11-28T12:07:52.965+0000] {dag.py:3823} INFO - Setting next_dagrun for minio_to_duckdb_pipeline to None, run_after=None
[2025-11-28T12:07:53.095+0000] {processor.py:183} INFO - Processing /opt/airflow/dags/02_minio_to_duckdb.py took 0.922 seconds
[2025-11-28T12:08:23.338+0000] {processor.py:161} INFO - Started process (PID=692) to work on /opt/airflow/dags/02_minio_to_duckdb.py
[2025-11-28T12:08:23.342+0000] {processor.py:830} INFO - Processing file /opt/airflow/dags/02_minio_to_duckdb.py for tasks to queue
[2025-11-28T12:08:23.347+0000] {logging_mixin.py:188} INFO - [2025-11-28T12:08:23.345+0000] {dagbag.py:538} INFO - Filling up the DagBag from /opt/airflow/dags/02_minio_to_duckdb.py
[2025-11-28T12:08:25.551+0000] {processor.py:840} INFO - DAG(s) 'minio_to_duckdb_pipeline' retrieved from /opt/airflow/dags/02_minio_to_duckdb.py
[2025-11-28T12:08:25.708+0000] {logging_mixin.py:188} INFO - [2025-11-28T12:08:25.703+0000] {dag.py:3036} INFO - Sync 1 DAGs
[2025-11-28T12:08:25.740+0000] {logging_mixin.py:188} INFO - [2025-11-28T12:08:25.739+0000] {dag.py:3823} INFO - Setting next_dagrun for minio_to_duckdb_pipeline to None, run_after=None
[2025-11-28T12:08:25.812+0000] {processor.py:183} INFO - Processing /opt/airflow/dags/02_minio_to_duckdb.py took 2.487 seconds
[2025-11-28T12:13:03.141+0000] {processor.py:161} INFO - Started process (PID=722) to work on /opt/airflow/dags/02_minio_to_duckdb.py
[2025-11-28T12:13:03.145+0000] {processor.py:830} INFO - Processing file /opt/airflow/dags/02_minio_to_duckdb.py for tasks to queue
[2025-11-28T12:13:03.152+0000] {logging_mixin.py:188} INFO - [2025-11-28T12:13:03.150+0000] {dagbag.py:538} INFO - Filling up the DagBag from /opt/airflow/dags/02_minio_to_duckdb.py
[2025-11-28T12:13:04.966+0000] {processor.py:840} INFO - DAG(s) 'minio_to_duckdb_pipeline' retrieved from /opt/airflow/dags/02_minio_to_duckdb.py
[2025-11-28T12:13:05.256+0000] {logging_mixin.py:188} INFO - [2025-11-28T12:13:05.254+0000] {dag.py:3036} INFO - Sync 1 DAGs
[2025-11-28T12:13:05.402+0000] {logging_mixin.py:188} INFO - [2025-11-28T12:13:05.400+0000] {dag.py:3823} INFO - Setting next_dagrun for minio_to_duckdb_pipeline to None, run_after=None
[2025-11-28T12:13:05.603+0000] {processor.py:183} INFO - Processing /opt/airflow/dags/02_minio_to_duckdb.py took 2.496 seconds
[2025-11-28T12:13:36.372+0000] {processor.py:161} INFO - Started process (PID=789) to work on /opt/airflow/dags/02_minio_to_duckdb.py
[2025-11-28T12:13:36.376+0000] {processor.py:830} INFO - Processing file /opt/airflow/dags/02_minio_to_duckdb.py for tasks to queue
[2025-11-28T12:13:36.382+0000] {logging_mixin.py:188} INFO - [2025-11-28T12:13:36.381+0000] {dagbag.py:538} INFO - Filling up the DagBag from /opt/airflow/dags/02_minio_to_duckdb.py
[2025-11-28T12:13:37.012+0000] {processor.py:840} INFO - DAG(s) 'minio_to_duckdb_pipeline' retrieved from /opt/airflow/dags/02_minio_to_duckdb.py
[2025-11-28T12:13:37.154+0000] {logging_mixin.py:188} INFO - [2025-11-28T12:13:37.153+0000] {dag.py:3036} INFO - Sync 1 DAGs
[2025-11-28T12:13:37.240+0000] {logging_mixin.py:188} INFO - [2025-11-28T12:13:37.239+0000] {dag.py:3823} INFO - Setting next_dagrun for minio_to_duckdb_pipeline to None, run_after=None
[2025-11-28T12:13:37.373+0000] {processor.py:183} INFO - Processing /opt/airflow/dags/02_minio_to_duckdb.py took 1.017 seconds
[2025-11-28T12:14:07.819+0000] {processor.py:161} INFO - Started process (PID=864) to work on /opt/airflow/dags/02_minio_to_duckdb.py
[2025-11-28T12:14:07.822+0000] {processor.py:830} INFO - Processing file /opt/airflow/dags/02_minio_to_duckdb.py for tasks to queue
[2025-11-28T12:14:07.830+0000] {logging_mixin.py:188} INFO - [2025-11-28T12:14:07.829+0000] {dagbag.py:538} INFO - Filling up the DagBag from /opt/airflow/dags/02_minio_to_duckdb.py
[2025-11-28T12:14:08.072+0000] {processor.py:840} INFO - DAG(s) 'minio_to_duckdb_pipeline' retrieved from /opt/airflow/dags/02_minio_to_duckdb.py
[2025-11-28T12:14:08.138+0000] {logging_mixin.py:188} INFO - [2025-11-28T12:14:08.136+0000] {dag.py:3036} INFO - Sync 1 DAGs
[2025-11-28T12:14:08.188+0000] {logging_mixin.py:188} INFO - [2025-11-28T12:14:08.187+0000] {dag.py:3823} INFO - Setting next_dagrun for minio_to_duckdb_pipeline to None, run_after=None
[2025-11-28T12:14:08.273+0000] {processor.py:183} INFO - Processing /opt/airflow/dags/02_minio_to_duckdb.py took 0.462 seconds
[2025-11-28T12:14:38.719+0000] {processor.py:161} INFO - Started process (PID=934) to work on /opt/airflow/dags/02_minio_to_duckdb.py
[2025-11-28T12:14:38.721+0000] {processor.py:830} INFO - Processing file /opt/airflow/dags/02_minio_to_duckdb.py for tasks to queue
[2025-11-28T12:14:38.723+0000] {logging_mixin.py:188} INFO - [2025-11-28T12:14:38.722+0000] {dagbag.py:538} INFO - Filling up the DagBag from /opt/airflow/dags/02_minio_to_duckdb.py
[2025-11-28T12:14:38.923+0000] {processor.py:840} INFO - DAG(s) 'minio_to_duckdb_pipeline' retrieved from /opt/airflow/dags/02_minio_to_duckdb.py
[2025-11-28T12:14:39.176+0000] {logging_mixin.py:188} INFO - [2025-11-28T12:14:39.175+0000] {dag.py:3036} INFO - Sync 1 DAGs
[2025-11-28T12:14:39.222+0000] {logging_mixin.py:188} INFO - [2025-11-28T12:14:39.221+0000] {dag.py:3823} INFO - Setting next_dagrun for minio_to_duckdb_pipeline to None, run_after=None
[2025-11-28T12:14:39.292+0000] {processor.py:183} INFO - Processing /opt/airflow/dags/02_minio_to_duckdb.py took 0.579 seconds
[2025-11-28T12:15:09.522+0000] {processor.py:161} INFO - Started process (PID=985) to work on /opt/airflow/dags/02_minio_to_duckdb.py
[2025-11-28T12:15:09.526+0000] {processor.py:830} INFO - Processing file /opt/airflow/dags/02_minio_to_duckdb.py for tasks to queue
[2025-11-28T12:15:09.534+0000] {logging_mixin.py:188} INFO - [2025-11-28T12:15:09.532+0000] {dagbag.py:538} INFO - Filling up the DagBag from /opt/airflow/dags/02_minio_to_duckdb.py
[2025-11-28T12:15:09.918+0000] {processor.py:840} INFO - DAG(s) 'minio_to_duckdb_pipeline' retrieved from /opt/airflow/dags/02_minio_to_duckdb.py
[2025-11-28T12:15:10.000+0000] {logging_mixin.py:188} INFO - [2025-11-28T12:15:09.999+0000] {dag.py:3036} INFO - Sync 1 DAGs
[2025-11-28T12:15:10.034+0000] {logging_mixin.py:188} INFO - [2025-11-28T12:15:10.033+0000] {dag.py:3823} INFO - Setting next_dagrun for minio_to_duckdb_pipeline to None, run_after=None
[2025-11-28T12:15:10.093+0000] {processor.py:183} INFO - Processing /opt/airflow/dags/02_minio_to_duckdb.py took 0.584 seconds
[2025-11-28T12:15:40.331+0000] {processor.py:161} INFO - Started process (PID=1050) to work on /opt/airflow/dags/02_minio_to_duckdb.py
[2025-11-28T12:15:40.335+0000] {processor.py:830} INFO - Processing file /opt/airflow/dags/02_minio_to_duckdb.py for tasks to queue
[2025-11-28T12:15:40.338+0000] {logging_mixin.py:188} INFO - [2025-11-28T12:15:40.337+0000] {dagbag.py:538} INFO - Filling up the DagBag from /opt/airflow/dags/02_minio_to_duckdb.py
[2025-11-28T12:15:40.571+0000] {processor.py:840} INFO - DAG(s) 'minio_to_duckdb_pipeline' retrieved from /opt/airflow/dags/02_minio_to_duckdb.py
[2025-11-28T12:15:40.638+0000] {logging_mixin.py:188} INFO - [2025-11-28T12:15:40.637+0000] {dag.py:3036} INFO - Sync 1 DAGs
[2025-11-28T12:15:40.664+0000] {logging_mixin.py:188} INFO - [2025-11-28T12:15:40.664+0000] {dag.py:3823} INFO - Setting next_dagrun for minio_to_duckdb_pipeline to None, run_after=None
[2025-11-28T12:15:40.708+0000] {processor.py:183} INFO - Processing /opt/airflow/dags/02_minio_to_duckdb.py took 0.390 seconds
[2025-11-28T12:16:11.062+0000] {processor.py:161} INFO - Started process (PID=1115) to work on /opt/airflow/dags/02_minio_to_duckdb.py
[2025-11-28T12:16:11.065+0000] {processor.py:830} INFO - Processing file /opt/airflow/dags/02_minio_to_duckdb.py for tasks to queue
[2025-11-28T12:16:11.067+0000] {logging_mixin.py:188} INFO - [2025-11-28T12:16:11.066+0000] {dagbag.py:538} INFO - Filling up the DagBag from /opt/airflow/dags/02_minio_to_duckdb.py
[2025-11-28T12:16:11.360+0000] {processor.py:840} INFO - DAG(s) 'minio_to_duckdb_pipeline' retrieved from /opt/airflow/dags/02_minio_to_duckdb.py
[2025-11-28T12:16:11.723+0000] {logging_mixin.py:188} INFO - [2025-11-28T12:16:11.722+0000] {dag.py:3036} INFO - Sync 1 DAGs
[2025-11-28T12:16:11.754+0000] {logging_mixin.py:188} INFO - [2025-11-28T12:16:11.753+0000] {dag.py:3823} INFO - Setting next_dagrun for minio_to_duckdb_pipeline to None, run_after=None
[2025-11-28T12:16:11.805+0000] {processor.py:183} INFO - Processing /opt/airflow/dags/02_minio_to_duckdb.py took 0.751 seconds
[2025-11-28T12:16:42.115+0000] {processor.py:161} INFO - Started process (PID=1190) to work on /opt/airflow/dags/02_minio_to_duckdb.py
[2025-11-28T12:16:42.117+0000] {processor.py:830} INFO - Processing file /opt/airflow/dags/02_minio_to_duckdb.py for tasks to queue
[2025-11-28T12:16:42.119+0000] {logging_mixin.py:188} INFO - [2025-11-28T12:16:42.118+0000] {dagbag.py:538} INFO - Filling up the DagBag from /opt/airflow/dags/02_minio_to_duckdb.py
[2025-11-28T12:16:42.327+0000] {processor.py:840} INFO - DAG(s) 'minio_to_duckdb_pipeline' retrieved from /opt/airflow/dags/02_minio_to_duckdb.py
[2025-11-28T12:16:42.390+0000] {logging_mixin.py:188} INFO - [2025-11-28T12:16:42.389+0000] {dag.py:3036} INFO - Sync 1 DAGs
[2025-11-28T12:16:42.418+0000] {logging_mixin.py:188} INFO - [2025-11-28T12:16:42.417+0000] {dag.py:3823} INFO - Setting next_dagrun for minio_to_duckdb_pipeline to None, run_after=None
[2025-11-28T12:16:42.474+0000] {processor.py:183} INFO - Processing /opt/airflow/dags/02_minio_to_duckdb.py took 0.366 seconds
[2025-11-28T12:17:12.611+0000] {processor.py:161} INFO - Started process (PID=1255) to work on /opt/airflow/dags/02_minio_to_duckdb.py
[2025-11-28T12:17:12.614+0000] {processor.py:830} INFO - Processing file /opt/airflow/dags/02_minio_to_duckdb.py for tasks to queue
[2025-11-28T12:17:12.616+0000] {logging_mixin.py:188} INFO - [2025-11-28T12:17:12.615+0000] {dagbag.py:538} INFO - Filling up the DagBag from /opt/airflow/dags/02_minio_to_duckdb.py
[2025-11-28T12:17:12.857+0000] {processor.py:840} INFO - DAG(s) 'minio_to_duckdb_pipeline' retrieved from /opt/airflow/dags/02_minio_to_duckdb.py
[2025-11-28T12:17:12.925+0000] {logging_mixin.py:188} INFO - [2025-11-28T12:17:12.924+0000] {dag.py:3036} INFO - Sync 1 DAGs
[2025-11-28T12:17:12.951+0000] {logging_mixin.py:188} INFO - [2025-11-28T12:17:12.951+0000] {dag.py:3823} INFO - Setting next_dagrun for minio_to_duckdb_pipeline to None, run_after=None
[2025-11-28T12:17:12.999+0000] {processor.py:183} INFO - Processing /opt/airflow/dags/02_minio_to_duckdb.py took 0.395 seconds
[2025-11-28T12:17:43.197+0000] {processor.py:161} INFO - Started process (PID=1323) to work on /opt/airflow/dags/02_minio_to_duckdb.py
[2025-11-28T12:17:43.200+0000] {processor.py:830} INFO - Processing file /opt/airflow/dags/02_minio_to_duckdb.py for tasks to queue
[2025-11-28T12:17:43.203+0000] {logging_mixin.py:188} INFO - [2025-11-28T12:17:43.202+0000] {dagbag.py:538} INFO - Filling up the DagBag from /opt/airflow/dags/02_minio_to_duckdb.py
[2025-11-28T12:17:43.437+0000] {processor.py:840} INFO - DAG(s) 'minio_to_duckdb_pipeline' retrieved from /opt/airflow/dags/02_minio_to_duckdb.py
[2025-11-28T12:17:43.501+0000] {logging_mixin.py:188} INFO - [2025-11-28T12:17:43.500+0000] {dag.py:3036} INFO - Sync 1 DAGs
[2025-11-28T12:17:43.524+0000] {logging_mixin.py:188} INFO - [2025-11-28T12:17:43.524+0000] {dag.py:3823} INFO - Setting next_dagrun for minio_to_duckdb_pipeline to None, run_after=None
[2025-11-28T12:17:43.578+0000] {processor.py:183} INFO - Processing /opt/airflow/dags/02_minio_to_duckdb.py took 0.387 seconds
[2025-11-28T12:18:13.983+0000] {processor.py:161} INFO - Started process (PID=1374) to work on /opt/airflow/dags/02_minio_to_duckdb.py
[2025-11-28T12:18:13.985+0000] {processor.py:830} INFO - Processing file /opt/airflow/dags/02_minio_to_duckdb.py for tasks to queue
[2025-11-28T12:18:13.987+0000] {logging_mixin.py:188} INFO - [2025-11-28T12:18:13.987+0000] {dagbag.py:538} INFO - Filling up the DagBag from /opt/airflow/dags/02_minio_to_duckdb.py
[2025-11-28T12:18:14.230+0000] {processor.py:840} INFO - DAG(s) 'minio_to_duckdb_pipeline' retrieved from /opt/airflow/dags/02_minio_to_duckdb.py
[2025-11-28T12:18:14.296+0000] {logging_mixin.py:188} INFO - [2025-11-28T12:18:14.295+0000] {dag.py:3036} INFO - Sync 1 DAGs
[2025-11-28T12:18:14.325+0000] {logging_mixin.py:188} INFO - [2025-11-28T12:18:14.325+0000] {dag.py:3823} INFO - Setting next_dagrun for minio_to_duckdb_pipeline to None, run_after=None
[2025-11-28T12:18:14.384+0000] {processor.py:183} INFO - Processing /opt/airflow/dags/02_minio_to_duckdb.py took 0.408 seconds
[2025-11-28T12:18:45.172+0000] {processor.py:161} INFO - Started process (PID=1441) to work on /opt/airflow/dags/02_minio_to_duckdb.py
[2025-11-28T12:18:45.176+0000] {processor.py:830} INFO - Processing file /opt/airflow/dags/02_minio_to_duckdb.py for tasks to queue
[2025-11-28T12:18:45.181+0000] {logging_mixin.py:188} INFO - [2025-11-28T12:18:45.179+0000] {dagbag.py:538} INFO - Filling up the DagBag from /opt/airflow/dags/02_minio_to_duckdb.py
[2025-11-28T12:18:45.502+0000] {processor.py:840} INFO - DAG(s) 'minio_to_duckdb_pipeline' retrieved from /opt/airflow/dags/02_minio_to_duckdb.py
[2025-11-28T12:18:45.561+0000] {logging_mixin.py:188} INFO - [2025-11-28T12:18:45.561+0000] {dag.py:3036} INFO - Sync 1 DAGs
[2025-11-28T12:18:45.588+0000] {logging_mixin.py:188} INFO - [2025-11-28T12:18:45.588+0000] {dag.py:3823} INFO - Setting next_dagrun for minio_to_duckdb_pipeline to None, run_after=None
[2025-11-28T12:18:45.639+0000] {processor.py:183} INFO - Processing /opt/airflow/dags/02_minio_to_duckdb.py took 0.478 seconds
[2025-11-28T12:19:15.859+0000] {processor.py:161} INFO - Started process (PID=1511) to work on /opt/airflow/dags/02_minio_to_duckdb.py
[2025-11-28T12:19:15.861+0000] {processor.py:830} INFO - Processing file /opt/airflow/dags/02_minio_to_duckdb.py for tasks to queue
[2025-11-28T12:19:15.863+0000] {logging_mixin.py:188} INFO - [2025-11-28T12:19:15.862+0000] {dagbag.py:538} INFO - Filling up the DagBag from /opt/airflow/dags/02_minio_to_duckdb.py
[2025-11-28T12:19:16.081+0000] {processor.py:840} INFO - DAG(s) 'minio_to_duckdb_pipeline' retrieved from /opt/airflow/dags/02_minio_to_duckdb.py
[2025-11-28T12:19:16.144+0000] {logging_mixin.py:188} INFO - [2025-11-28T12:19:16.144+0000] {dag.py:3036} INFO - Sync 1 DAGs
[2025-11-28T12:19:16.170+0000] {logging_mixin.py:188} INFO - [2025-11-28T12:19:16.170+0000] {dag.py:3823} INFO - Setting next_dagrun for minio_to_duckdb_pipeline to None, run_after=None
[2025-11-28T12:19:16.216+0000] {processor.py:183} INFO - Processing /opt/airflow/dags/02_minio_to_duckdb.py took 0.364 seconds
[2025-11-28T12:19:46.528+0000] {processor.py:161} INFO - Started process (PID=1581) to work on /opt/airflow/dags/02_minio_to_duckdb.py
[2025-11-28T12:19:46.530+0000] {processor.py:830} INFO - Processing file /opt/airflow/dags/02_minio_to_duckdb.py for tasks to queue
[2025-11-28T12:19:46.532+0000] {logging_mixin.py:188} INFO - [2025-11-28T12:19:46.531+0000] {dagbag.py:538} INFO - Filling up the DagBag from /opt/airflow/dags/02_minio_to_duckdb.py
[2025-11-28T12:19:46.747+0000] {processor.py:840} INFO - DAG(s) 'minio_to_duckdb_pipeline' retrieved from /opt/airflow/dags/02_minio_to_duckdb.py
[2025-11-28T12:19:46.811+0000] {logging_mixin.py:188} INFO - [2025-11-28T12:19:46.810+0000] {dag.py:3036} INFO - Sync 1 DAGs
[2025-11-28T12:19:46.835+0000] {logging_mixin.py:188} INFO - [2025-11-28T12:19:46.835+0000] {dag.py:3823} INFO - Setting next_dagrun for minio_to_duckdb_pipeline to None, run_after=None
[2025-11-28T12:19:46.879+0000] {processor.py:183} INFO - Processing /opt/airflow/dags/02_minio_to_duckdb.py took 0.358 seconds
[2025-11-28T12:20:17.604+0000] {processor.py:161} INFO - Started process (PID=1651) to work on /opt/airflow/dags/02_minio_to_duckdb.py
[2025-11-28T12:20:17.607+0000] {processor.py:830} INFO - Processing file /opt/airflow/dags/02_minio_to_duckdb.py for tasks to queue
[2025-11-28T12:20:17.610+0000] {logging_mixin.py:188} INFO - [2025-11-28T12:20:17.609+0000] {dagbag.py:538} INFO - Filling up the DagBag from /opt/airflow/dags/02_minio_to_duckdb.py
[2025-11-28T12:20:17.838+0000] {processor.py:840} INFO - DAG(s) 'minio_to_duckdb_pipeline' retrieved from /opt/airflow/dags/02_minio_to_duckdb.py
[2025-11-28T12:20:17.918+0000] {logging_mixin.py:188} INFO - [2025-11-28T12:20:17.918+0000] {dag.py:3036} INFO - Sync 1 DAGs
[2025-11-28T12:20:17.944+0000] {logging_mixin.py:188} INFO - [2025-11-28T12:20:17.944+0000] {dag.py:3823} INFO - Setting next_dagrun for minio_to_duckdb_pipeline to None, run_after=None
[2025-11-28T12:20:17.985+0000] {processor.py:183} INFO - Processing /opt/airflow/dags/02_minio_to_duckdb.py took 0.388 seconds
[2025-11-28T12:20:48.309+0000] {processor.py:161} INFO - Started process (PID=1718) to work on /opt/airflow/dags/02_minio_to_duckdb.py
[2025-11-28T12:20:48.311+0000] {processor.py:830} INFO - Processing file /opt/airflow/dags/02_minio_to_duckdb.py for tasks to queue
[2025-11-28T12:20:48.313+0000] {logging_mixin.py:188} INFO - [2025-11-28T12:20:48.313+0000] {dagbag.py:538} INFO - Filling up the DagBag from /opt/airflow/dags/02_minio_to_duckdb.py
[2025-11-28T12:20:48.554+0000] {processor.py:840} INFO - DAG(s) 'minio_to_duckdb_pipeline' retrieved from /opt/airflow/dags/02_minio_to_duckdb.py
[2025-11-28T12:20:48.632+0000] {logging_mixin.py:188} INFO - [2025-11-28T12:20:48.631+0000] {dag.py:3036} INFO - Sync 1 DAGs
[2025-11-28T12:20:48.660+0000] {logging_mixin.py:188} INFO - [2025-11-28T12:20:48.660+0000] {dag.py:3823} INFO - Setting next_dagrun for minio_to_duckdb_pipeline to None, run_after=None
[2025-11-28T12:20:48.713+0000] {processor.py:183} INFO - Processing /opt/airflow/dags/02_minio_to_duckdb.py took 0.411 seconds
[2025-11-28T12:21:18.935+0000] {processor.py:161} INFO - Started process (PID=1767) to work on /opt/airflow/dags/02_minio_to_duckdb.py
[2025-11-28T12:21:18.937+0000] {processor.py:830} INFO - Processing file /opt/airflow/dags/02_minio_to_duckdb.py for tasks to queue
[2025-11-28T12:21:18.939+0000] {logging_mixin.py:188} INFO - [2025-11-28T12:21:18.939+0000] {dagbag.py:538} INFO - Filling up the DagBag from /opt/airflow/dags/02_minio_to_duckdb.py
[2025-11-28T12:21:19.183+0000] {processor.py:840} INFO - DAG(s) 'minio_to_duckdb_pipeline' retrieved from /opt/airflow/dags/02_minio_to_duckdb.py
[2025-11-28T12:21:19.274+0000] {logging_mixin.py:188} INFO - [2025-11-28T12:21:19.273+0000] {dag.py:3036} INFO - Sync 1 DAGs
[2025-11-28T12:21:19.332+0000] {logging_mixin.py:188} INFO - [2025-11-28T12:21:19.331+0000] {dag.py:3823} INFO - Setting next_dagrun for minio_to_duckdb_pipeline to None, run_after=None
[2025-11-28T12:21:19.406+0000] {processor.py:183} INFO - Processing /opt/airflow/dags/02_minio_to_duckdb.py took 0.478 seconds
[2025-11-28T12:21:50.228+0000] {processor.py:161} INFO - Started process (PID=1837) to work on /opt/airflow/dags/02_minio_to_duckdb.py
[2025-11-28T12:21:50.231+0000] {processor.py:830} INFO - Processing file /opt/airflow/dags/02_minio_to_duckdb.py for tasks to queue
[2025-11-28T12:21:50.233+0000] {logging_mixin.py:188} INFO - [2025-11-28T12:21:50.232+0000] {dagbag.py:538} INFO - Filling up the DagBag from /opt/airflow/dags/02_minio_to_duckdb.py
[2025-11-28T12:21:50.469+0000] {processor.py:840} INFO - DAG(s) 'minio_to_duckdb_pipeline' retrieved from /opt/airflow/dags/02_minio_to_duckdb.py
[2025-11-28T12:21:50.538+0000] {logging_mixin.py:188} INFO - [2025-11-28T12:21:50.537+0000] {dag.py:3036} INFO - Sync 1 DAGs
[2025-11-28T12:21:50.563+0000] {logging_mixin.py:188} INFO - [2025-11-28T12:21:50.563+0000] {dag.py:3823} INFO - Setting next_dagrun for minio_to_duckdb_pipeline to None, run_after=None
[2025-11-28T12:21:50.601+0000] {processor.py:183} INFO - Processing /opt/airflow/dags/02_minio_to_duckdb.py took 0.381 seconds
[2025-11-28T12:22:20.885+0000] {processor.py:161} INFO - Started process (PID=1912) to work on /opt/airflow/dags/02_minio_to_duckdb.py
[2025-11-28T12:22:20.887+0000] {processor.py:830} INFO - Processing file /opt/airflow/dags/02_minio_to_duckdb.py for tasks to queue
[2025-11-28T12:22:20.889+0000] {logging_mixin.py:188} INFO - [2025-11-28T12:22:20.888+0000] {dagbag.py:538} INFO - Filling up the DagBag from /opt/airflow/dags/02_minio_to_duckdb.py
[2025-11-28T12:22:21.084+0000] {processor.py:840} INFO - DAG(s) 'minio_to_duckdb_pipeline' retrieved from /opt/airflow/dags/02_minio_to_duckdb.py
[2025-11-28T12:22:21.149+0000] {logging_mixin.py:188} INFO - [2025-11-28T12:22:21.148+0000] {dag.py:3036} INFO - Sync 1 DAGs
[2025-11-28T12:22:21.174+0000] {logging_mixin.py:188} INFO - [2025-11-28T12:22:21.174+0000] {dag.py:3823} INFO - Setting next_dagrun for minio_to_duckdb_pipeline to None, run_after=None
[2025-11-28T12:22:21.224+0000] {processor.py:183} INFO - Processing /opt/airflow/dags/02_minio_to_duckdb.py took 0.345 seconds
[2025-11-28T12:22:51.333+0000] {processor.py:161} INFO - Started process (PID=1982) to work on /opt/airflow/dags/02_minio_to_duckdb.py
[2025-11-28T12:22:51.336+0000] {processor.py:830} INFO - Processing file /opt/airflow/dags/02_minio_to_duckdb.py for tasks to queue
[2025-11-28T12:22:51.338+0000] {logging_mixin.py:188} INFO - [2025-11-28T12:22:51.337+0000] {dagbag.py:538} INFO - Filling up the DagBag from /opt/airflow/dags/02_minio_to_duckdb.py
[2025-11-28T12:22:51.783+0000] {processor.py:840} INFO - DAG(s) 'minio_to_duckdb_pipeline' retrieved from /opt/airflow/dags/02_minio_to_duckdb.py
[2025-11-28T12:22:51.881+0000] {logging_mixin.py:188} INFO - [2025-11-28T12:22:51.880+0000] {dag.py:3036} INFO - Sync 1 DAGs
[2025-11-28T12:22:51.913+0000] {logging_mixin.py:188} INFO - [2025-11-28T12:22:51.912+0000] {dag.py:3823} INFO - Setting next_dagrun for minio_to_duckdb_pipeline to None, run_after=None
[2025-11-28T12:22:51.986+0000] {processor.py:183} INFO - Processing /opt/airflow/dags/02_minio_to_duckdb.py took 0.665 seconds
[2025-11-28T12:23:22.703+0000] {processor.py:161} INFO - Started process (PID=2052) to work on /opt/airflow/dags/02_minio_to_duckdb.py
[2025-11-28T12:23:22.705+0000] {processor.py:830} INFO - Processing file /opt/airflow/dags/02_minio_to_duckdb.py for tasks to queue
[2025-11-28T12:23:22.707+0000] {logging_mixin.py:188} INFO - [2025-11-28T12:23:22.707+0000] {dagbag.py:538} INFO - Filling up the DagBag from /opt/airflow/dags/02_minio_to_duckdb.py
[2025-11-28T12:23:22.919+0000] {processor.py:840} INFO - DAG(s) 'minio_to_duckdb_pipeline' retrieved from /opt/airflow/dags/02_minio_to_duckdb.py
[2025-11-28T12:23:22.984+0000] {logging_mixin.py:188} INFO - [2025-11-28T12:23:22.984+0000] {dag.py:3036} INFO - Sync 1 DAGs
[2025-11-28T12:23:23.009+0000] {logging_mixin.py:188} INFO - [2025-11-28T12:23:23.009+0000] {dag.py:3823} INFO - Setting next_dagrun for minio_to_duckdb_pipeline to None, run_after=None
[2025-11-28T12:23:23.062+0000] {processor.py:183} INFO - Processing /opt/airflow/dags/02_minio_to_duckdb.py took 0.368 seconds
[2025-11-28T12:23:53.394+0000] {processor.py:161} INFO - Started process (PID=2120) to work on /opt/airflow/dags/02_minio_to_duckdb.py
[2025-11-28T12:23:53.396+0000] {processor.py:830} INFO - Processing file /opt/airflow/dags/02_minio_to_duckdb.py for tasks to queue
[2025-11-28T12:23:53.397+0000] {logging_mixin.py:188} INFO - [2025-11-28T12:23:53.397+0000] {dagbag.py:538} INFO - Filling up the DagBag from /opt/airflow/dags/02_minio_to_duckdb.py
[2025-11-28T12:23:53.608+0000] {processor.py:840} INFO - DAG(s) 'minio_to_duckdb_pipeline' retrieved from /opt/airflow/dags/02_minio_to_duckdb.py
[2025-11-28T12:23:53.668+0000] {logging_mixin.py:188} INFO - [2025-11-28T12:23:53.668+0000] {dag.py:3036} INFO - Sync 1 DAGs
[2025-11-28T12:23:53.707+0000] {logging_mixin.py:188} INFO - [2025-11-28T12:23:53.707+0000] {dag.py:3823} INFO - Setting next_dagrun for minio_to_duckdb_pipeline to None, run_after=None
[2025-11-28T12:23:53.770+0000] {processor.py:183} INFO - Processing /opt/airflow/dags/02_minio_to_duckdb.py took 0.382 seconds
[2025-11-28T12:24:24.196+0000] {processor.py:161} INFO - Started process (PID=2171) to work on /opt/airflow/dags/02_minio_to_duckdb.py
[2025-11-28T12:24:24.199+0000] {processor.py:830} INFO - Processing file /opt/airflow/dags/02_minio_to_duckdb.py for tasks to queue
[2025-11-28T12:24:24.201+0000] {logging_mixin.py:188} INFO - [2025-11-28T12:24:24.200+0000] {dagbag.py:538} INFO - Filling up the DagBag from /opt/airflow/dags/02_minio_to_duckdb.py
[2025-11-28T12:24:24.465+0000] {processor.py:840} INFO - DAG(s) 'minio_to_duckdb_pipeline' retrieved from /opt/airflow/dags/02_minio_to_duckdb.py
[2025-11-28T12:24:24.546+0000] {logging_mixin.py:188} INFO - [2025-11-28T12:24:24.545+0000] {dag.py:3036} INFO - Sync 1 DAGs
[2025-11-28T12:24:24.576+0000] {logging_mixin.py:188} INFO - [2025-11-28T12:24:24.575+0000] {dag.py:3823} INFO - Setting next_dagrun for minio_to_duckdb_pipeline to None, run_after=None
[2025-11-28T12:24:24.641+0000] {processor.py:183} INFO - Processing /opt/airflow/dags/02_minio_to_duckdb.py took 0.452 seconds
[2025-11-28T12:24:54.873+0000] {processor.py:161} INFO - Started process (PID=2238) to work on /opt/airflow/dags/02_minio_to_duckdb.py
[2025-11-28T12:24:54.875+0000] {processor.py:830} INFO - Processing file /opt/airflow/dags/02_minio_to_duckdb.py for tasks to queue
[2025-11-28T12:24:54.877+0000] {logging_mixin.py:188} INFO - [2025-11-28T12:24:54.877+0000] {dagbag.py:538} INFO - Filling up the DagBag from /opt/airflow/dags/02_minio_to_duckdb.py
[2025-11-28T12:24:55.091+0000] {processor.py:840} INFO - DAG(s) 'minio_to_duckdb_pipeline' retrieved from /opt/airflow/dags/02_minio_to_duckdb.py
[2025-11-28T12:24:55.170+0000] {logging_mixin.py:188} INFO - [2025-11-28T12:24:55.169+0000] {dag.py:3036} INFO - Sync 1 DAGs
[2025-11-28T12:24:55.221+0000] {logging_mixin.py:188} INFO - [2025-11-28T12:24:55.220+0000] {dag.py:3823} INFO - Setting next_dagrun for minio_to_duckdb_pipeline to None, run_after=None
[2025-11-28T12:24:55.295+0000] {processor.py:183} INFO - Processing /opt/airflow/dags/02_minio_to_duckdb.py took 0.430 seconds
[2025-11-28T12:25:25.754+0000] {processor.py:161} INFO - Started process (PID=2306) to work on /opt/airflow/dags/02_minio_to_duckdb.py
[2025-11-28T12:25:25.756+0000] {processor.py:830} INFO - Processing file /opt/airflow/dags/02_minio_to_duckdb.py for tasks to queue
[2025-11-28T12:25:25.759+0000] {logging_mixin.py:188} INFO - [2025-11-28T12:25:25.759+0000] {dagbag.py:538} INFO - Filling up the DagBag from /opt/airflow/dags/02_minio_to_duckdb.py
[2025-11-28T12:25:26.000+0000] {processor.py:840} INFO - DAG(s) 'minio_to_duckdb_pipeline' retrieved from /opt/airflow/dags/02_minio_to_duckdb.py
[2025-11-28T12:25:26.057+0000] {logging_mixin.py:188} INFO - [2025-11-28T12:25:26.057+0000] {dag.py:3036} INFO - Sync 1 DAGs
[2025-11-28T12:25:26.086+0000] {logging_mixin.py:188} INFO - [2025-11-28T12:25:26.085+0000] {dag.py:3823} INFO - Setting next_dagrun for minio_to_duckdb_pipeline to None, run_after=None
[2025-11-28T12:25:26.152+0000] {processor.py:183} INFO - Processing /opt/airflow/dags/02_minio_to_duckdb.py took 0.406 seconds
[2025-11-28T12:25:56.491+0000] {processor.py:161} INFO - Started process (PID=2357) to work on /opt/airflow/dags/02_minio_to_duckdb.py
[2025-11-28T12:25:56.494+0000] {processor.py:830} INFO - Processing file /opt/airflow/dags/02_minio_to_duckdb.py for tasks to queue
[2025-11-28T12:25:56.496+0000] {logging_mixin.py:188} INFO - [2025-11-28T12:25:56.495+0000] {dagbag.py:538} INFO - Filling up the DagBag from /opt/airflow/dags/02_minio_to_duckdb.py
[2025-11-28T12:25:56.748+0000] {processor.py:840} INFO - DAG(s) 'minio_to_duckdb_pipeline' retrieved from /opt/airflow/dags/02_minio_to_duckdb.py
[2025-11-28T12:25:56.852+0000] {logging_mixin.py:188} INFO - [2025-11-28T12:25:56.851+0000] {dag.py:3036} INFO - Sync 1 DAGs
[2025-11-28T12:25:56.908+0000] {logging_mixin.py:188} INFO - [2025-11-28T12:25:56.907+0000] {dag.py:3823} INFO - Setting next_dagrun for minio_to_duckdb_pipeline to None, run_after=None
[2025-11-28T12:25:56.959+0000] {processor.py:183} INFO - Processing /opt/airflow/dags/02_minio_to_duckdb.py took 0.506 seconds
[2025-11-28T12:26:27.149+0000] {processor.py:161} INFO - Started process (PID=2427) to work on /opt/airflow/dags/02_minio_to_duckdb.py
[2025-11-28T12:26:27.151+0000] {processor.py:830} INFO - Processing file /opt/airflow/dags/02_minio_to_duckdb.py for tasks to queue
[2025-11-28T12:26:27.153+0000] {logging_mixin.py:188} INFO - [2025-11-28T12:26:27.153+0000] {dagbag.py:538} INFO - Filling up the DagBag from /opt/airflow/dags/02_minio_to_duckdb.py
[2025-11-28T12:26:27.414+0000] {processor.py:840} INFO - DAG(s) 'minio_to_duckdb_pipeline' retrieved from /opt/airflow/dags/02_minio_to_duckdb.py
[2025-11-28T12:26:27.511+0000] {logging_mixin.py:188} INFO - [2025-11-28T12:26:27.511+0000] {dag.py:3036} INFO - Sync 1 DAGs
[2025-11-28T12:26:27.539+0000] {logging_mixin.py:188} INFO - [2025-11-28T12:26:27.539+0000] {dag.py:3823} INFO - Setting next_dagrun for minio_to_duckdb_pipeline to None, run_after=None
[2025-11-28T12:26:27.614+0000] {processor.py:183} INFO - Processing /opt/airflow/dags/02_minio_to_duckdb.py took 0.471 seconds
[2025-11-28T12:26:57.679+0000] {processor.py:161} INFO - Started process (PID=2494) to work on /opt/airflow/dags/02_minio_to_duckdb.py
[2025-11-28T12:26:57.681+0000] {processor.py:830} INFO - Processing file /opt/airflow/dags/02_minio_to_duckdb.py for tasks to queue
[2025-11-28T12:26:57.682+0000] {logging_mixin.py:188} INFO - [2025-11-28T12:26:57.682+0000] {dagbag.py:538} INFO - Filling up the DagBag from /opt/airflow/dags/02_minio_to_duckdb.py
[2025-11-28T12:26:57.880+0000] {processor.py:840} INFO - DAG(s) 'minio_to_duckdb_pipeline' retrieved from /opt/airflow/dags/02_minio_to_duckdb.py
[2025-11-28T12:26:57.972+0000] {logging_mixin.py:188} INFO - [2025-11-28T12:26:57.972+0000] {dag.py:3036} INFO - Sync 1 DAGs
[2025-11-28T12:26:57.996+0000] {logging_mixin.py:188} INFO - [2025-11-28T12:26:57.995+0000] {dag.py:3823} INFO - Setting next_dagrun for minio_to_duckdb_pipeline to None, run_after=None
[2025-11-28T12:26:58.033+0000] {processor.py:183} INFO - Processing /opt/airflow/dags/02_minio_to_duckdb.py took 0.360 seconds
[2025-11-28T12:27:29.076+0000] {processor.py:161} INFO - Started process (PID=2546) to work on /opt/airflow/dags/02_minio_to_duckdb.py
[2025-11-28T12:27:29.080+0000] {processor.py:830} INFO - Processing file /opt/airflow/dags/02_minio_to_duckdb.py for tasks to queue
[2025-11-28T12:27:29.085+0000] {logging_mixin.py:188} INFO - [2025-11-28T12:27:29.084+0000] {dagbag.py:538} INFO - Filling up the DagBag from /opt/airflow/dags/02_minio_to_duckdb.py
[2025-11-28T12:27:29.413+0000] {processor.py:840} INFO - DAG(s) 'minio_to_duckdb_pipeline' retrieved from /opt/airflow/dags/02_minio_to_duckdb.py
[2025-11-28T12:27:29.506+0000] {logging_mixin.py:188} INFO - [2025-11-28T12:27:29.505+0000] {dag.py:3036} INFO - Sync 1 DAGs
[2025-11-28T12:27:29.563+0000] {logging_mixin.py:188} INFO - [2025-11-28T12:27:29.562+0000] {dag.py:3823} INFO - Setting next_dagrun for minio_to_duckdb_pipeline to None, run_after=None
[2025-11-28T12:27:29.633+0000] {processor.py:183} INFO - Processing /opt/airflow/dags/02_minio_to_duckdb.py took 0.568 seconds
[2025-11-28T12:27:59.850+0000] {processor.py:161} INFO - Started process (PID=2613) to work on /opt/airflow/dags/02_minio_to_duckdb.py
[2025-11-28T12:27:59.853+0000] {processor.py:830} INFO - Processing file /opt/airflow/dags/02_minio_to_duckdb.py for tasks to queue
[2025-11-28T12:27:59.855+0000] {logging_mixin.py:188} INFO - [2025-11-28T12:27:59.854+0000] {dagbag.py:538} INFO - Filling up the DagBag from /opt/airflow/dags/02_minio_to_duckdb.py
[2025-11-28T12:28:00.076+0000] {processor.py:840} INFO - DAG(s) 'minio_to_duckdb_pipeline' retrieved from /opt/airflow/dags/02_minio_to_duckdb.py
[2025-11-28T12:28:00.133+0000] {logging_mixin.py:188} INFO - [2025-11-28T12:28:00.133+0000] {dag.py:3036} INFO - Sync 1 DAGs
[2025-11-28T12:28:00.159+0000] {logging_mixin.py:188} INFO - [2025-11-28T12:28:00.158+0000] {dag.py:3823} INFO - Setting next_dagrun for minio_to_duckdb_pipeline to None, run_after=None
[2025-11-28T12:28:00.218+0000] {processor.py:183} INFO - Processing /opt/airflow/dags/02_minio_to_duckdb.py took 0.374 seconds
[2025-11-28T12:28:30.458+0000] {processor.py:161} INFO - Started process (PID=2683) to work on /opt/airflow/dags/02_minio_to_duckdb.py
[2025-11-28T12:28:30.460+0000] {processor.py:830} INFO - Processing file /opt/airflow/dags/02_minio_to_duckdb.py for tasks to queue
[2025-11-28T12:28:30.464+0000] {logging_mixin.py:188} INFO - [2025-11-28T12:28:30.462+0000] {dagbag.py:538} INFO - Filling up the DagBag from /opt/airflow/dags/02_minio_to_duckdb.py
[2025-11-28T12:28:30.699+0000] {processor.py:840} INFO - DAG(s) 'minio_to_duckdb_pipeline' retrieved from /opt/airflow/dags/02_minio_to_duckdb.py
[2025-11-28T12:28:30.754+0000] {logging_mixin.py:188} INFO - [2025-11-28T12:28:30.754+0000] {dag.py:3036} INFO - Sync 1 DAGs
[2025-11-28T12:28:30.776+0000] {logging_mixin.py:188} INFO - [2025-11-28T12:28:30.776+0000] {dag.py:3823} INFO - Setting next_dagrun for minio_to_duckdb_pipeline to None, run_after=None
[2025-11-28T12:28:30.813+0000] {processor.py:183} INFO - Processing /opt/airflow/dags/02_minio_to_duckdb.py took 0.363 seconds
[2025-11-28T12:29:01.419+0000] {processor.py:161} INFO - Started process (PID=2753) to work on /opt/airflow/dags/02_minio_to_duckdb.py
[2025-11-28T12:29:01.421+0000] {processor.py:830} INFO - Processing file /opt/airflow/dags/02_minio_to_duckdb.py for tasks to queue
[2025-11-28T12:29:01.424+0000] {logging_mixin.py:188} INFO - [2025-11-28T12:29:01.423+0000] {dagbag.py:538} INFO - Filling up the DagBag from /opt/airflow/dags/02_minio_to_duckdb.py
[2025-11-28T12:29:01.850+0000] {processor.py:840} INFO - DAG(s) 'minio_to_duckdb_pipeline' retrieved from /opt/airflow/dags/02_minio_to_duckdb.py
[2025-11-28T12:29:01.934+0000] {logging_mixin.py:188} INFO - [2025-11-28T12:29:01.933+0000] {dag.py:3036} INFO - Sync 1 DAGs
[2025-11-28T12:29:01.960+0000] {logging_mixin.py:188} INFO - [2025-11-28T12:29:01.960+0000] {dag.py:3823} INFO - Setting next_dagrun for minio_to_duckdb_pipeline to None, run_after=None
[2025-11-28T12:29:02.022+0000] {processor.py:183} INFO - Processing /opt/airflow/dags/02_minio_to_duckdb.py took 0.610 seconds
[2025-11-28T12:29:32.689+0000] {processor.py:161} INFO - Started process (PID=2823) to work on /opt/airflow/dags/02_minio_to_duckdb.py
[2025-11-28T12:29:32.694+0000] {processor.py:830} INFO - Processing file /opt/airflow/dags/02_minio_to_duckdb.py for tasks to queue
[2025-11-28T12:29:32.697+0000] {logging_mixin.py:188} INFO - [2025-11-28T12:29:32.696+0000] {dagbag.py:538} INFO - Filling up the DagBag from /opt/airflow/dags/02_minio_to_duckdb.py
[2025-11-28T12:29:32.900+0000] {processor.py:840} INFO - DAG(s) 'minio_to_duckdb_pipeline' retrieved from /opt/airflow/dags/02_minio_to_duckdb.py
[2025-11-28T12:29:32.961+0000] {logging_mixin.py:188} INFO - [2025-11-28T12:29:32.960+0000] {dag.py:3036} INFO - Sync 1 DAGs
[2025-11-28T12:29:32.990+0000] {logging_mixin.py:188} INFO - [2025-11-28T12:29:32.989+0000] {dag.py:3823} INFO - Setting next_dagrun for minio_to_duckdb_pipeline to None, run_after=None
[2025-11-28T12:29:33.042+0000] {processor.py:183} INFO - Processing /opt/airflow/dags/02_minio_to_duckdb.py took 0.360 seconds
[2025-11-28T12:30:03.627+0000] {processor.py:161} INFO - Started process (PID=2893) to work on /opt/airflow/dags/02_minio_to_duckdb.py
[2025-11-28T12:30:03.629+0000] {processor.py:830} INFO - Processing file /opt/airflow/dags/02_minio_to_duckdb.py for tasks to queue
[2025-11-28T12:30:03.630+0000] {logging_mixin.py:188} INFO - [2025-11-28T12:30:03.630+0000] {dagbag.py:538} INFO - Filling up the DagBag from /opt/airflow/dags/02_minio_to_duckdb.py
[2025-11-28T12:30:03.812+0000] {processor.py:840} INFO - DAG(s) 'minio_to_duckdb_pipeline' retrieved from /opt/airflow/dags/02_minio_to_duckdb.py
[2025-11-28T12:30:03.862+0000] {logging_mixin.py:188} INFO - [2025-11-28T12:30:03.862+0000] {dag.py:3036} INFO - Sync 1 DAGs
[2025-11-28T12:30:03.887+0000] {logging_mixin.py:188} INFO - [2025-11-28T12:30:03.887+0000] {dag.py:3823} INFO - Setting next_dagrun for minio_to_duckdb_pipeline to None, run_after=None
[2025-11-28T12:30:03.922+0000] {processor.py:183} INFO - Processing /opt/airflow/dags/02_minio_to_duckdb.py took 0.300 seconds
[2025-11-28T12:30:34.117+0000] {processor.py:161} INFO - Started process (PID=2942) to work on /opt/airflow/dags/02_minio_to_duckdb.py
[2025-11-28T12:30:34.119+0000] {processor.py:830} INFO - Processing file /opt/airflow/dags/02_minio_to_duckdb.py for tasks to queue
[2025-11-28T12:30:34.121+0000] {logging_mixin.py:188} INFO - [2025-11-28T12:30:34.121+0000] {dagbag.py:538} INFO - Filling up the DagBag from /opt/airflow/dags/02_minio_to_duckdb.py
[2025-11-28T12:30:34.385+0000] {processor.py:840} INFO - DAG(s) 'minio_to_duckdb_pipeline' retrieved from /opt/airflow/dags/02_minio_to_duckdb.py
[2025-11-28T12:30:34.465+0000] {logging_mixin.py:188} INFO - [2025-11-28T12:30:34.465+0000] {dag.py:3036} INFO - Sync 1 DAGs
[2025-11-28T12:30:34.490+0000] {logging_mixin.py:188} INFO - [2025-11-28T12:30:34.489+0000] {dag.py:3823} INFO - Setting next_dagrun for minio_to_duckdb_pipeline to None, run_after=None
[2025-11-28T12:30:34.532+0000] {processor.py:183} INFO - Processing /opt/airflow/dags/02_minio_to_duckdb.py took 0.422 seconds
[2025-11-28T12:31:04.859+0000] {processor.py:161} INFO - Started process (PID=3009) to work on /opt/airflow/dags/02_minio_to_duckdb.py
[2025-11-28T12:31:04.862+0000] {processor.py:830} INFO - Processing file /opt/airflow/dags/02_minio_to_duckdb.py for tasks to queue
[2025-11-28T12:31:04.865+0000] {logging_mixin.py:188} INFO - [2025-11-28T12:31:04.864+0000] {dagbag.py:538} INFO - Filling up the DagBag from /opt/airflow/dags/02_minio_to_duckdb.py
[2025-11-28T12:31:05.095+0000] {processor.py:840} INFO - DAG(s) 'minio_to_duckdb_pipeline' retrieved from /opt/airflow/dags/02_minio_to_duckdb.py
[2025-11-28T12:31:05.157+0000] {logging_mixin.py:188} INFO - [2025-11-28T12:31:05.156+0000] {dag.py:3036} INFO - Sync 1 DAGs
[2025-11-28T12:31:05.201+0000] {logging_mixin.py:188} INFO - [2025-11-28T12:31:05.201+0000] {dag.py:3823} INFO - Setting next_dagrun for minio_to_duckdb_pipeline to None, run_after=None
[2025-11-28T12:31:05.264+0000] {processor.py:183} INFO - Processing /opt/airflow/dags/02_minio_to_duckdb.py took 0.414 seconds
[2025-11-28T12:31:35.388+0000] {processor.py:161} INFO - Started process (PID=3079) to work on /opt/airflow/dags/02_minio_to_duckdb.py
[2025-11-28T12:31:35.392+0000] {processor.py:830} INFO - Processing file /opt/airflow/dags/02_minio_to_duckdb.py for tasks to queue
[2025-11-28T12:31:35.396+0000] {logging_mixin.py:188} INFO - [2025-11-28T12:31:35.395+0000] {dagbag.py:538} INFO - Filling up the DagBag from /opt/airflow/dags/02_minio_to_duckdb.py
[2025-11-28T12:31:35.656+0000] {processor.py:840} INFO - DAG(s) 'minio_to_duckdb_pipeline' retrieved from /opt/airflow/dags/02_minio_to_duckdb.py
[2025-11-28T12:31:35.715+0000] {logging_mixin.py:188} INFO - [2025-11-28T12:31:35.715+0000] {dag.py:3036} INFO - Sync 1 DAGs
[2025-11-28T12:31:35.744+0000] {logging_mixin.py:188} INFO - [2025-11-28T12:31:35.744+0000] {dag.py:3823} INFO - Setting next_dagrun for minio_to_duckdb_pipeline to None, run_after=None
[2025-11-28T12:31:35.800+0000] {processor.py:183} INFO - Processing /opt/airflow/dags/02_minio_to_duckdb.py took 0.427 seconds
[2025-11-28T12:32:06.375+0000] {processor.py:161} INFO - Started process (PID=3149) to work on /opt/airflow/dags/02_minio_to_duckdb.py
[2025-11-28T12:32:06.377+0000] {processor.py:830} INFO - Processing file /opt/airflow/dags/02_minio_to_duckdb.py for tasks to queue
[2025-11-28T12:32:06.380+0000] {logging_mixin.py:188} INFO - [2025-11-28T12:32:06.378+0000] {dagbag.py:538} INFO - Filling up the DagBag from /opt/airflow/dags/02_minio_to_duckdb.py
[2025-11-28T12:32:06.615+0000] {processor.py:840} INFO - DAG(s) 'minio_to_duckdb_pipeline' retrieved from /opt/airflow/dags/02_minio_to_duckdb.py
[2025-11-28T12:32:06.679+0000] {logging_mixin.py:188} INFO - [2025-11-28T12:32:06.678+0000] {dag.py:3036} INFO - Sync 1 DAGs
[2025-11-28T12:32:06.703+0000] {logging_mixin.py:188} INFO - [2025-11-28T12:32:06.703+0000] {dag.py:3823} INFO - Setting next_dagrun for minio_to_duckdb_pipeline to None, run_after=None
[2025-11-28T12:32:06.741+0000] {processor.py:183} INFO - Processing /opt/airflow/dags/02_minio_to_duckdb.py took 0.374 seconds
[2025-11-28T12:32:37.043+0000] {processor.py:161} INFO - Started process (PID=3219) to work on /opt/airflow/dags/02_minio_to_duckdb.py
[2025-11-28T12:32:37.046+0000] {processor.py:830} INFO - Processing file /opt/airflow/dags/02_minio_to_duckdb.py for tasks to queue
[2025-11-28T12:32:37.059+0000] {logging_mixin.py:188} INFO - [2025-11-28T12:32:37.058+0000] {dagbag.py:538} INFO - Filling up the DagBag from /opt/airflow/dags/02_minio_to_duckdb.py
[2025-11-28T12:32:37.312+0000] {processor.py:840} INFO - DAG(s) 'minio_to_duckdb_pipeline' retrieved from /opt/airflow/dags/02_minio_to_duckdb.py
[2025-11-28T12:32:37.439+0000] {logging_mixin.py:188} INFO - [2025-11-28T12:32:37.438+0000] {dag.py:3036} INFO - Sync 1 DAGs
[2025-11-28T12:32:37.495+0000] {logging_mixin.py:188} INFO - [2025-11-28T12:32:37.494+0000] {dag.py:3823} INFO - Setting next_dagrun for minio_to_duckdb_pipeline to None, run_after=None
[2025-11-28T12:32:37.608+0000] {processor.py:183} INFO - Processing /opt/airflow/dags/02_minio_to_duckdb.py took 0.571 seconds
[2025-11-28T12:33:08.326+0000] {processor.py:161} INFO - Started process (PID=3286) to work on /opt/airflow/dags/02_minio_to_duckdb.py
[2025-11-28T12:33:08.328+0000] {processor.py:830} INFO - Processing file /opt/airflow/dags/02_minio_to_duckdb.py for tasks to queue
[2025-11-28T12:33:08.331+0000] {logging_mixin.py:188} INFO - [2025-11-28T12:33:08.330+0000] {dagbag.py:538} INFO - Filling up the DagBag from /opt/airflow/dags/02_minio_to_duckdb.py
[2025-11-28T12:33:08.541+0000] {processor.py:840} INFO - DAG(s) 'minio_to_duckdb_pipeline' retrieved from /opt/airflow/dags/02_minio_to_duckdb.py
[2025-11-28T12:33:08.601+0000] {logging_mixin.py:188} INFO - [2025-11-28T12:33:08.601+0000] {dag.py:3036} INFO - Sync 1 DAGs
[2025-11-28T12:33:08.626+0000] {logging_mixin.py:188} INFO - [2025-11-28T12:33:08.625+0000] {dag.py:3823} INFO - Setting next_dagrun for minio_to_duckdb_pipeline to None, run_after=None
[2025-11-28T12:33:08.674+0000] {processor.py:183} INFO - Processing /opt/airflow/dags/02_minio_to_duckdb.py took 0.355 seconds
[2025-11-28T12:33:39.040+0000] {processor.py:161} INFO - Started process (PID=3335) to work on /opt/airflow/dags/02_minio_to_duckdb.py
[2025-11-28T12:33:39.042+0000] {processor.py:830} INFO - Processing file /opt/airflow/dags/02_minio_to_duckdb.py for tasks to queue
[2025-11-28T12:33:39.045+0000] {logging_mixin.py:188} INFO - [2025-11-28T12:33:39.044+0000] {dagbag.py:538} INFO - Filling up the DagBag from /opt/airflow/dags/02_minio_to_duckdb.py
[2025-11-28T12:33:39.288+0000] {processor.py:840} INFO - DAG(s) 'minio_to_duckdb_pipeline' retrieved from /opt/airflow/dags/02_minio_to_duckdb.py
[2025-11-28T12:33:39.402+0000] {logging_mixin.py:188} INFO - [2025-11-28T12:33:39.401+0000] {dag.py:3036} INFO - Sync 1 DAGs
[2025-11-28T12:33:39.444+0000] {logging_mixin.py:188} INFO - [2025-11-28T12:33:39.444+0000] {dag.py:3823} INFO - Setting next_dagrun for minio_to_duckdb_pipeline to None, run_after=None
[2025-11-28T12:33:39.509+0000] {processor.py:183} INFO - Processing /opt/airflow/dags/02_minio_to_duckdb.py took 0.477 seconds
[2025-11-28T12:34:10.006+0000] {processor.py:161} INFO - Started process (PID=3405) to work on /opt/airflow/dags/02_minio_to_duckdb.py
[2025-11-28T12:34:10.008+0000] {processor.py:830} INFO - Processing file /opt/airflow/dags/02_minio_to_duckdb.py for tasks to queue
[2025-11-28T12:34:10.010+0000] {logging_mixin.py:188} INFO - [2025-11-28T12:34:10.010+0000] {dagbag.py:538} INFO - Filling up the DagBag from /opt/airflow/dags/02_minio_to_duckdb.py
[2025-11-28T12:34:10.212+0000] {processor.py:840} INFO - DAG(s) 'minio_to_duckdb_pipeline' retrieved from /opt/airflow/dags/02_minio_to_duckdb.py
[2025-11-28T12:34:10.267+0000] {logging_mixin.py:188} INFO - [2025-11-28T12:34:10.266+0000] {dag.py:3036} INFO - Sync 1 DAGs
[2025-11-28T12:34:10.294+0000] {logging_mixin.py:188} INFO - [2025-11-28T12:34:10.293+0000] {dag.py:3823} INFO - Setting next_dagrun for minio_to_duckdb_pipeline to None, run_after=None
[2025-11-28T12:34:10.372+0000] {processor.py:183} INFO - Processing /opt/airflow/dags/02_minio_to_duckdb.py took 0.372 seconds
[2025-11-28T12:34:40.458+0000] {processor.py:161} INFO - Started process (PID=3475) to work on /opt/airflow/dags/02_minio_to_duckdb.py
[2025-11-28T12:34:40.461+0000] {processor.py:830} INFO - Processing file /opt/airflow/dags/02_minio_to_duckdb.py for tasks to queue
[2025-11-28T12:34:40.463+0000] {logging_mixin.py:188} INFO - [2025-11-28T12:34:40.462+0000] {dagbag.py:538} INFO - Filling up the DagBag from /opt/airflow/dags/02_minio_to_duckdb.py
[2025-11-28T12:34:40.668+0000] {processor.py:840} INFO - DAG(s) 'minio_to_duckdb_pipeline' retrieved from /opt/airflow/dags/02_minio_to_duckdb.py
[2025-11-28T12:34:40.731+0000] {logging_mixin.py:188} INFO - [2025-11-28T12:34:40.731+0000] {dag.py:3036} INFO - Sync 1 DAGs
[2025-11-28T12:34:40.756+0000] {logging_mixin.py:188} INFO - [2025-11-28T12:34:40.755+0000] {dag.py:3823} INFO - Setting next_dagrun for minio_to_duckdb_pipeline to None, run_after=None
[2025-11-28T12:34:40.809+0000] {processor.py:183} INFO - Processing /opt/airflow/dags/02_minio_to_duckdb.py took 0.361 seconds
[2025-11-28T12:35:11.155+0000] {processor.py:161} INFO - Started process (PID=3545) to work on /opt/airflow/dags/02_minio_to_duckdb.py
[2025-11-28T12:35:11.157+0000] {processor.py:830} INFO - Processing file /opt/airflow/dags/02_minio_to_duckdb.py for tasks to queue
[2025-11-28T12:35:11.159+0000] {logging_mixin.py:188} INFO - [2025-11-28T12:35:11.158+0000] {dagbag.py:538} INFO - Filling up the DagBag from /opt/airflow/dags/02_minio_to_duckdb.py
[2025-11-28T12:35:11.405+0000] {processor.py:840} INFO - DAG(s) 'minio_to_duckdb_pipeline' retrieved from /opt/airflow/dags/02_minio_to_duckdb.py
[2025-11-28T12:35:11.522+0000] {logging_mixin.py:188} INFO - [2025-11-28T12:35:11.521+0000] {dag.py:3036} INFO - Sync 1 DAGs
[2025-11-28T12:35:11.558+0000] {logging_mixin.py:188} INFO - [2025-11-28T12:35:11.557+0000] {dag.py:3823} INFO - Setting next_dagrun for minio_to_duckdb_pipeline to None, run_after=None
[2025-11-28T12:35:11.620+0000] {processor.py:183} INFO - Processing /opt/airflow/dags/02_minio_to_duckdb.py took 0.471 seconds
[2025-11-28T12:35:41.869+0000] {processor.py:161} INFO - Started process (PID=3615) to work on /opt/airflow/dags/02_minio_to_duckdb.py
[2025-11-28T12:35:41.872+0000] {processor.py:830} INFO - Processing file /opt/airflow/dags/02_minio_to_duckdb.py for tasks to queue
[2025-11-28T12:35:41.876+0000] {logging_mixin.py:188} INFO - [2025-11-28T12:35:41.875+0000] {dagbag.py:538} INFO - Filling up the DagBag from /opt/airflow/dags/02_minio_to_duckdb.py
[2025-11-28T12:35:42.192+0000] {processor.py:840} INFO - DAG(s) 'minio_to_duckdb_pipeline' retrieved from /opt/airflow/dags/02_minio_to_duckdb.py
[2025-11-28T12:35:42.252+0000] {logging_mixin.py:188} INFO - [2025-11-28T12:35:42.251+0000] {dag.py:3036} INFO - Sync 1 DAGs
[2025-11-28T12:35:42.282+0000] {logging_mixin.py:188} INFO - [2025-11-28T12:35:42.281+0000] {dag.py:3823} INFO - Setting next_dagrun for minio_to_duckdb_pipeline to None, run_after=None
[2025-11-28T12:35:42.324+0000] {processor.py:183} INFO - Processing /opt/airflow/dags/02_minio_to_duckdb.py took 0.464 seconds
[2025-11-28T12:36:12.842+0000] {processor.py:161} INFO - Started process (PID=3682) to work on /opt/airflow/dags/02_minio_to_duckdb.py
[2025-11-28T12:36:12.844+0000] {processor.py:830} INFO - Processing file /opt/airflow/dags/02_minio_to_duckdb.py for tasks to queue
[2025-11-28T12:36:12.847+0000] {logging_mixin.py:188} INFO - [2025-11-28T12:36:12.846+0000] {dagbag.py:538} INFO - Filling up the DagBag from /opt/airflow/dags/02_minio_to_duckdb.py
[2025-11-28T12:36:13.071+0000] {processor.py:840} INFO - DAG(s) 'minio_to_duckdb_pipeline' retrieved from /opt/airflow/dags/02_minio_to_duckdb.py
[2025-11-28T12:36:13.139+0000] {logging_mixin.py:188} INFO - [2025-11-28T12:36:13.139+0000] {dag.py:3036} INFO - Sync 1 DAGs
[2025-11-28T12:36:13.163+0000] {logging_mixin.py:188} INFO - [2025-11-28T12:36:13.163+0000] {dag.py:3823} INFO - Setting next_dagrun for minio_to_duckdb_pipeline to None, run_after=None
[2025-11-28T12:36:13.208+0000] {processor.py:183} INFO - Processing /opt/airflow/dags/02_minio_to_duckdb.py took 0.374 seconds
[2025-11-28T12:36:43.613+0000] {processor.py:161} INFO - Started process (PID=3731) to work on /opt/airflow/dags/02_minio_to_duckdb.py
[2025-11-28T12:36:43.615+0000] {processor.py:830} INFO - Processing file /opt/airflow/dags/02_minio_to_duckdb.py for tasks to queue
[2025-11-28T12:36:43.617+0000] {logging_mixin.py:188} INFO - [2025-11-28T12:36:43.616+0000] {dagbag.py:538} INFO - Filling up the DagBag from /opt/airflow/dags/02_minio_to_duckdb.py
[2025-11-28T12:36:43.828+0000] {processor.py:840} INFO - DAG(s) 'minio_to_duckdb_pipeline' retrieved from /opt/airflow/dags/02_minio_to_duckdb.py
[2025-11-28T12:36:43.893+0000] {logging_mixin.py:188} INFO - [2025-11-28T12:36:43.893+0000] {dag.py:3036} INFO - Sync 1 DAGs
[2025-11-28T12:36:43.922+0000] {logging_mixin.py:188} INFO - [2025-11-28T12:36:43.922+0000] {dag.py:3823} INFO - Setting next_dagrun for minio_to_duckdb_pipeline to None, run_after=None
[2025-11-28T12:36:43.988+0000] {processor.py:183} INFO - Processing /opt/airflow/dags/02_minio_to_duckdb.py took 0.382 seconds
[2025-11-28T12:37:14.336+0000] {processor.py:161} INFO - Started process (PID=3801) to work on /opt/airflow/dags/02_minio_to_duckdb.py
[2025-11-28T12:37:14.339+0000] {processor.py:830} INFO - Processing file /opt/airflow/dags/02_minio_to_duckdb.py for tasks to queue
[2025-11-28T12:37:14.341+0000] {logging_mixin.py:188} INFO - [2025-11-28T12:37:14.340+0000] {dagbag.py:538} INFO - Filling up the DagBag from /opt/airflow/dags/02_minio_to_duckdb.py
[2025-11-28T12:37:14.563+0000] {processor.py:840} INFO - DAG(s) 'minio_to_duckdb_pipeline' retrieved from /opt/airflow/dags/02_minio_to_duckdb.py
[2025-11-28T12:37:14.626+0000] {logging_mixin.py:188} INFO - [2025-11-28T12:37:14.625+0000] {dag.py:3036} INFO - Sync 1 DAGs
[2025-11-28T12:37:14.654+0000] {logging_mixin.py:188} INFO - [2025-11-28T12:37:14.654+0000] {dag.py:3823} INFO - Setting next_dagrun for minio_to_duckdb_pipeline to None, run_after=None
[2025-11-28T12:37:14.721+0000] {processor.py:183} INFO - Processing /opt/airflow/dags/02_minio_to_duckdb.py took 0.393 seconds
[2025-11-28T12:37:45.711+0000] {processor.py:161} INFO - Started process (PID=3871) to work on /opt/airflow/dags/02_minio_to_duckdb.py
[2025-11-28T12:37:45.714+0000] {processor.py:830} INFO - Processing file /opt/airflow/dags/02_minio_to_duckdb.py for tasks to queue
[2025-11-28T12:37:45.717+0000] {logging_mixin.py:188} INFO - [2025-11-28T12:37:45.716+0000] {dagbag.py:538} INFO - Filling up the DagBag from /opt/airflow/dags/02_minio_to_duckdb.py
[2025-11-28T12:37:45.936+0000] {processor.py:840} INFO - DAG(s) 'minio_to_duckdb_pipeline' retrieved from /opt/airflow/dags/02_minio_to_duckdb.py
[2025-11-28T12:37:45.998+0000] {logging_mixin.py:188} INFO - [2025-11-28T12:37:45.997+0000] {dag.py:3036} INFO - Sync 1 DAGs
[2025-11-28T12:37:46.024+0000] {logging_mixin.py:188} INFO - [2025-11-28T12:37:46.023+0000] {dag.py:3823} INFO - Setting next_dagrun for minio_to_duckdb_pipeline to None, run_after=None
[2025-11-28T12:37:46.077+0000] {processor.py:183} INFO - Processing /opt/airflow/dags/02_minio_to_duckdb.py took 0.374 seconds
[2025-11-28T12:38:16.148+0000] {processor.py:161} INFO - Started process (PID=3941) to work on /opt/airflow/dags/02_minio_to_duckdb.py
[2025-11-28T12:38:16.150+0000] {processor.py:830} INFO - Processing file /opt/airflow/dags/02_minio_to_duckdb.py for tasks to queue
[2025-11-28T12:38:16.152+0000] {logging_mixin.py:188} INFO - [2025-11-28T12:38:16.152+0000] {dagbag.py:538} INFO - Filling up the DagBag from /opt/airflow/dags/02_minio_to_duckdb.py
[2025-11-28T12:38:16.357+0000] {processor.py:840} INFO - DAG(s) 'minio_to_duckdb_pipeline' retrieved from /opt/airflow/dags/02_minio_to_duckdb.py
[2025-11-28T12:38:16.414+0000] {logging_mixin.py:188} INFO - [2025-11-28T12:38:16.414+0000] {dag.py:3036} INFO - Sync 1 DAGs
[2025-11-28T12:38:16.439+0000] {logging_mixin.py:188} INFO - [2025-11-28T12:38:16.438+0000] {dag.py:3823} INFO - Setting next_dagrun for minio_to_duckdb_pipeline to None, run_after=None
[2025-11-28T12:38:16.490+0000] {processor.py:183} INFO - Processing /opt/airflow/dags/02_minio_to_duckdb.py took 0.349 seconds
[2025-11-28T12:38:46.820+0000] {processor.py:161} INFO - Started process (PID=4011) to work on /opt/airflow/dags/02_minio_to_duckdb.py
[2025-11-28T12:38:46.824+0000] {processor.py:830} INFO - Processing file /opt/airflow/dags/02_minio_to_duckdb.py for tasks to queue
[2025-11-28T12:38:46.827+0000] {logging_mixin.py:188} INFO - [2025-11-28T12:38:46.826+0000] {dagbag.py:538} INFO - Filling up the DagBag from /opt/airflow/dags/02_minio_to_duckdb.py
[2025-11-28T12:38:47.084+0000] {processor.py:840} INFO - DAG(s) 'minio_to_duckdb_pipeline' retrieved from /opt/airflow/dags/02_minio_to_duckdb.py
[2025-11-28T12:38:47.160+0000] {logging_mixin.py:188} INFO - [2025-11-28T12:38:47.160+0000] {dag.py:3036} INFO - Sync 1 DAGs
[2025-11-28T12:38:47.187+0000] {logging_mixin.py:188} INFO - [2025-11-28T12:38:47.186+0000] {dag.py:3823} INFO - Setting next_dagrun for minio_to_duckdb_pipeline to None, run_after=None
[2025-11-28T12:38:47.244+0000] {processor.py:183} INFO - Processing /opt/airflow/dags/02_minio_to_duckdb.py took 0.435 seconds
[2025-11-28T12:39:17.751+0000] {processor.py:161} INFO - Started process (PID=4078) to work on /opt/airflow/dags/02_minio_to_duckdb.py
[2025-11-28T12:39:17.753+0000] {processor.py:830} INFO - Processing file /opt/airflow/dags/02_minio_to_duckdb.py for tasks to queue
[2025-11-28T12:39:17.755+0000] {logging_mixin.py:188} INFO - [2025-11-28T12:39:17.754+0000] {dagbag.py:538} INFO - Filling up the DagBag from /opt/airflow/dags/02_minio_to_duckdb.py
[2025-11-28T12:39:17.981+0000] {processor.py:840} INFO - DAG(s) 'minio_to_duckdb_pipeline' retrieved from /opt/airflow/dags/02_minio_to_duckdb.py
[2025-11-28T12:39:18.058+0000] {logging_mixin.py:188} INFO - [2025-11-28T12:39:18.057+0000] {dag.py:3036} INFO - Sync 1 DAGs
[2025-11-28T12:39:18.086+0000] {logging_mixin.py:188} INFO - [2025-11-28T12:39:18.086+0000] {dag.py:3823} INFO - Setting next_dagrun for minio_to_duckdb_pipeline to None, run_after=None
[2025-11-28T12:39:18.128+0000] {processor.py:183} INFO - Processing /opt/airflow/dags/02_minio_to_duckdb.py took 0.383 seconds
[2025-11-28T12:39:48.472+0000] {processor.py:161} INFO - Started process (PID=4127) to work on /opt/airflow/dags/02_minio_to_duckdb.py
[2025-11-28T12:39:48.474+0000] {processor.py:830} INFO - Processing file /opt/airflow/dags/02_minio_to_duckdb.py for tasks to queue
[2025-11-28T12:39:48.476+0000] {logging_mixin.py:188} INFO - [2025-11-28T12:39:48.476+0000] {dagbag.py:538} INFO - Filling up the DagBag from /opt/airflow/dags/02_minio_to_duckdb.py
[2025-11-28T12:39:48.686+0000] {processor.py:840} INFO - DAG(s) 'minio_to_duckdb_pipeline' retrieved from /opt/airflow/dags/02_minio_to_duckdb.py
[2025-11-28T12:39:48.757+0000] {logging_mixin.py:188} INFO - [2025-11-28T12:39:48.756+0000] {dag.py:3036} INFO - Sync 1 DAGs
[2025-11-28T12:39:48.782+0000] {logging_mixin.py:188} INFO - [2025-11-28T12:39:48.781+0000] {dag.py:3823} INFO - Setting next_dagrun for minio_to_duckdb_pipeline to None, run_after=None
[2025-11-28T12:39:48.831+0000] {processor.py:183} INFO - Processing /opt/airflow/dags/02_minio_to_duckdb.py took 0.365 seconds
[2025-11-28T12:40:19.753+0000] {processor.py:161} INFO - Started process (PID=4197) to work on /opt/airflow/dags/02_minio_to_duckdb.py
[2025-11-28T12:40:19.756+0000] {processor.py:830} INFO - Processing file /opt/airflow/dags/02_minio_to_duckdb.py for tasks to queue
[2025-11-28T12:40:19.759+0000] {logging_mixin.py:188} INFO - [2025-11-28T12:40:19.758+0000] {dagbag.py:538} INFO - Filling up the DagBag from /opt/airflow/dags/02_minio_to_duckdb.py
[2025-11-28T12:40:20.080+0000] {processor.py:840} INFO - DAG(s) 'minio_to_duckdb_pipeline' retrieved from /opt/airflow/dags/02_minio_to_duckdb.py
[2025-11-28T12:40:20.143+0000] {logging_mixin.py:188} INFO - [2025-11-28T12:40:20.142+0000] {dag.py:3036} INFO - Sync 1 DAGs
[2025-11-28T12:40:20.167+0000] {logging_mixin.py:188} INFO - [2025-11-28T12:40:20.167+0000] {dag.py:3823} INFO - Setting next_dagrun for minio_to_duckdb_pipeline to None, run_after=None
[2025-11-28T12:40:20.221+0000] {processor.py:183} INFO - Processing /opt/airflow/dags/02_minio_to_duckdb.py took 0.479 seconds
[2025-11-28T12:40:50.371+0000] {processor.py:161} INFO - Started process (PID=4267) to work on /opt/airflow/dags/02_minio_to_duckdb.py
[2025-11-28T12:40:50.373+0000] {processor.py:830} INFO - Processing file /opt/airflow/dags/02_minio_to_duckdb.py for tasks to queue
[2025-11-28T12:40:50.376+0000] {logging_mixin.py:188} INFO - [2025-11-28T12:40:50.375+0000] {dagbag.py:538} INFO - Filling up the DagBag from /opt/airflow/dags/02_minio_to_duckdb.py
[2025-11-28T12:40:50.578+0000] {processor.py:840} INFO - DAG(s) 'minio_to_duckdb_pipeline' retrieved from /opt/airflow/dags/02_minio_to_duckdb.py
[2025-11-28T12:40:50.640+0000] {logging_mixin.py:188} INFO - [2025-11-28T12:40:50.639+0000] {dag.py:3036} INFO - Sync 1 DAGs
[2025-11-28T12:40:50.666+0000] {logging_mixin.py:188} INFO - [2025-11-28T12:40:50.665+0000] {dag.py:3823} INFO - Setting next_dagrun for minio_to_duckdb_pipeline to None, run_after=None
[2025-11-28T12:40:50.722+0000] {processor.py:183} INFO - Processing /opt/airflow/dags/02_minio_to_duckdb.py took 0.360 seconds
[2025-11-28T12:41:21.253+0000] {processor.py:161} INFO - Started process (PID=4337) to work on /opt/airflow/dags/02_minio_to_duckdb.py
[2025-11-28T12:41:21.255+0000] {processor.py:830} INFO - Processing file /opt/airflow/dags/02_minio_to_duckdb.py for tasks to queue
[2025-11-28T12:41:21.257+0000] {logging_mixin.py:188} INFO - [2025-11-28T12:41:21.257+0000] {dagbag.py:538} INFO - Filling up the DagBag from /opt/airflow/dags/02_minio_to_duckdb.py
[2025-11-28T12:41:21.517+0000] {processor.py:840} INFO - DAG(s) 'minio_to_duckdb_pipeline' retrieved from /opt/airflow/dags/02_minio_to_duckdb.py
[2025-11-28T12:41:21.640+0000] {logging_mixin.py:188} INFO - [2025-11-28T12:41:21.638+0000] {dag.py:3036} INFO - Sync 1 DAGs
[2025-11-28T12:41:21.690+0000] {logging_mixin.py:188} INFO - [2025-11-28T12:41:21.689+0000] {dag.py:3823} INFO - Setting next_dagrun for minio_to_duckdb_pipeline to None, run_after=None
[2025-11-28T12:41:21.753+0000] {processor.py:183} INFO - Processing /opt/airflow/dags/02_minio_to_duckdb.py took 0.507 seconds
[2025-11-28T12:41:52.315+0000] {processor.py:161} INFO - Started process (PID=4407) to work on /opt/airflow/dags/02_minio_to_duckdb.py
[2025-11-28T12:41:52.317+0000] {processor.py:830} INFO - Processing file /opt/airflow/dags/02_minio_to_duckdb.py for tasks to queue
[2025-11-28T12:41:52.319+0000] {logging_mixin.py:188} INFO - [2025-11-28T12:41:52.318+0000] {dagbag.py:538} INFO - Filling up the DagBag from /opt/airflow/dags/02_minio_to_duckdb.py
[2025-11-28T12:41:52.514+0000] {processor.py:840} INFO - DAG(s) 'minio_to_duckdb_pipeline' retrieved from /opt/airflow/dags/02_minio_to_duckdb.py
[2025-11-28T12:41:52.573+0000] {logging_mixin.py:188} INFO - [2025-11-28T12:41:52.572+0000] {dag.py:3036} INFO - Sync 1 DAGs
[2025-11-28T12:41:52.599+0000] {logging_mixin.py:188} INFO - [2025-11-28T12:41:52.599+0000] {dag.py:3823} INFO - Setting next_dagrun for minio_to_duckdb_pipeline to None, run_after=None
[2025-11-28T12:41:52.635+0000] {processor.py:183} INFO - Processing /opt/airflow/dags/02_minio_to_duckdb.py took 0.326 seconds
[2025-11-28T12:42:23.013+0000] {processor.py:161} INFO - Started process (PID=4474) to work on /opt/airflow/dags/02_minio_to_duckdb.py
[2025-11-28T12:42:23.015+0000] {processor.py:830} INFO - Processing file /opt/airflow/dags/02_minio_to_duckdb.py for tasks to queue
[2025-11-28T12:42:23.018+0000] {logging_mixin.py:188} INFO - [2025-11-28T12:42:23.017+0000] {dagbag.py:538} INFO - Filling up the DagBag from /opt/airflow/dags/02_minio_to_duckdb.py
[2025-11-28T12:42:23.250+0000] {processor.py:840} INFO - DAG(s) 'minio_to_duckdb_pipeline' retrieved from /opt/airflow/dags/02_minio_to_duckdb.py
[2025-11-28T12:42:23.307+0000] {logging_mixin.py:188} INFO - [2025-11-28T12:42:23.307+0000] {dag.py:3036} INFO - Sync 1 DAGs
[2025-11-28T12:42:23.329+0000] {logging_mixin.py:188} INFO - [2025-11-28T12:42:23.329+0000] {dag.py:3823} INFO - Setting next_dagrun for minio_to_duckdb_pipeline to None, run_after=None
[2025-11-28T12:42:23.368+0000] {processor.py:183} INFO - Processing /opt/airflow/dags/02_minio_to_duckdb.py took 0.363 seconds
[2025-11-28T13:22:20.993+0000] {processor.py:161} INFO - Started process (PID=4505) to work on /opt/airflow/dags/02_minio_to_duckdb.py
[2025-11-28T13:22:20.996+0000] {processor.py:830} INFO - Processing file /opt/airflow/dags/02_minio_to_duckdb.py for tasks to queue
[2025-11-28T13:22:21.002+0000] {logging_mixin.py:188} INFO - [2025-11-28T13:22:21.000+0000] {dagbag.py:538} INFO - Filling up the DagBag from /opt/airflow/dags/02_minio_to_duckdb.py
[2025-11-28T13:22:22.444+0000] {processor.py:840} INFO - DAG(s) 'minio_to_duckdb_pipeline' retrieved from /opt/airflow/dags/02_minio_to_duckdb.py
[2025-11-28T13:22:22.559+0000] {logging_mixin.py:188} INFO - [2025-11-28T13:22:22.558+0000] {dag.py:3036} INFO - Sync 1 DAGs
[2025-11-28T13:22:22.601+0000] {logging_mixin.py:188} INFO - [2025-11-28T13:22:22.601+0000] {dag.py:3823} INFO - Setting next_dagrun for minio_to_duckdb_pipeline to None, run_after=None
[2025-11-28T13:22:22.683+0000] {processor.py:183} INFO - Processing /opt/airflow/dags/02_minio_to_duckdb.py took 1.701 seconds
[2025-11-28T13:22:53.276+0000] {processor.py:161} INFO - Started process (PID=4572) to work on /opt/airflow/dags/02_minio_to_duckdb.py
[2025-11-28T13:22:53.278+0000] {processor.py:830} INFO - Processing file /opt/airflow/dags/02_minio_to_duckdb.py for tasks to queue
[2025-11-28T13:22:53.280+0000] {logging_mixin.py:188} INFO - [2025-11-28T13:22:53.279+0000] {dagbag.py:538} INFO - Filling up the DagBag from /opt/airflow/dags/02_minio_to_duckdb.py
[2025-11-28T13:22:53.876+0000] {processor.py:840} INFO - DAG(s) 'minio_to_duckdb_pipeline' retrieved from /opt/airflow/dags/02_minio_to_duckdb.py
[2025-11-28T13:22:53.951+0000] {logging_mixin.py:188} INFO - [2025-11-28T13:22:53.950+0000] {dag.py:3036} INFO - Sync 1 DAGs
[2025-11-28T13:22:53.982+0000] {logging_mixin.py:188} INFO - [2025-11-28T13:22:53.982+0000] {dag.py:3823} INFO - Setting next_dagrun for minio_to_duckdb_pipeline to None, run_after=None
[2025-11-28T13:22:54.041+0000] {processor.py:183} INFO - Processing /opt/airflow/dags/02_minio_to_duckdb.py took 0.772 seconds
[2025-11-28T13:23:24.722+0000] {processor.py:161} INFO - Started process (PID=4642) to work on /opt/airflow/dags/02_minio_to_duckdb.py
[2025-11-28T13:23:24.724+0000] {processor.py:830} INFO - Processing file /opt/airflow/dags/02_minio_to_duckdb.py for tasks to queue
[2025-11-28T13:23:24.727+0000] {logging_mixin.py:188} INFO - [2025-11-28T13:23:24.726+0000] {dagbag.py:538} INFO - Filling up the DagBag from /opt/airflow/dags/02_minio_to_duckdb.py
[2025-11-28T13:23:24.946+0000] {processor.py:840} INFO - DAG(s) 'minio_to_duckdb_pipeline' retrieved from /opt/airflow/dags/02_minio_to_duckdb.py
[2025-11-28T13:23:25.008+0000] {logging_mixin.py:188} INFO - [2025-11-28T13:23:25.008+0000] {dag.py:3036} INFO - Sync 1 DAGs
[2025-11-28T13:23:25.034+0000] {logging_mixin.py:188} INFO - [2025-11-28T13:23:25.033+0000] {dag.py:3823} INFO - Setting next_dagrun for minio_to_duckdb_pipeline to None, run_after=None
[2025-11-28T13:23:25.089+0000] {processor.py:183} INFO - Processing /opt/airflow/dags/02_minio_to_duckdb.py took 0.376 seconds
[2025-11-28T13:23:55.235+0000] {processor.py:161} INFO - Started process (PID=4712) to work on /opt/airflow/dags/02_minio_to_duckdb.py
[2025-11-28T13:23:55.240+0000] {processor.py:830} INFO - Processing file /opt/airflow/dags/02_minio_to_duckdb.py for tasks to queue
[2025-11-28T13:23:55.243+0000] {logging_mixin.py:188} INFO - [2025-11-28T13:23:55.242+0000] {dagbag.py:538} INFO - Filling up the DagBag from /opt/airflow/dags/02_minio_to_duckdb.py
[2025-11-28T13:23:55.489+0000] {processor.py:840} INFO - DAG(s) 'minio_to_duckdb_pipeline' retrieved from /opt/airflow/dags/02_minio_to_duckdb.py
[2025-11-28T13:23:55.562+0000] {logging_mixin.py:188} INFO - [2025-11-28T13:23:55.561+0000] {dag.py:3036} INFO - Sync 1 DAGs
[2025-11-28T13:23:55.585+0000] {logging_mixin.py:188} INFO - [2025-11-28T13:23:55.584+0000] {dag.py:3823} INFO - Setting next_dagrun for minio_to_duckdb_pipeline to None, run_after=None
[2025-11-28T13:23:55.625+0000] {processor.py:183} INFO - Processing /opt/airflow/dags/02_minio_to_duckdb.py took 0.401 seconds
[2025-11-28T13:24:25.947+0000] {processor.py:161} INFO - Started process (PID=4782) to work on /opt/airflow/dags/02_minio_to_duckdb.py
[2025-11-28T13:24:25.949+0000] {processor.py:830} INFO - Processing file /opt/airflow/dags/02_minio_to_duckdb.py for tasks to queue
[2025-11-28T13:24:25.952+0000] {logging_mixin.py:188} INFO - [2025-11-28T13:24:25.951+0000] {dagbag.py:538} INFO - Filling up the DagBag from /opt/airflow/dags/02_minio_to_duckdb.py
[2025-11-28T13:24:26.178+0000] {processor.py:840} INFO - DAG(s) 'minio_to_duckdb_pipeline' retrieved from /opt/airflow/dags/02_minio_to_duckdb.py
[2025-11-28T13:24:26.237+0000] {logging_mixin.py:188} INFO - [2025-11-28T13:24:26.237+0000] {dag.py:3036} INFO - Sync 1 DAGs
[2025-11-28T13:24:26.260+0000] {logging_mixin.py:188} INFO - [2025-11-28T13:24:26.259+0000] {dag.py:3823} INFO - Setting next_dagrun for minio_to_duckdb_pipeline to None, run_after=None
[2025-11-28T13:24:26.310+0000] {processor.py:183} INFO - Processing /opt/airflow/dags/02_minio_to_duckdb.py took 0.369 seconds
[2025-11-28T13:24:56.491+0000] {processor.py:161} INFO - Started process (PID=4849) to work on /opt/airflow/dags/02_minio_to_duckdb.py
[2025-11-28T13:24:56.492+0000] {processor.py:830} INFO - Processing file /opt/airflow/dags/02_minio_to_duckdb.py for tasks to queue
[2025-11-28T13:24:56.494+0000] {logging_mixin.py:188} INFO - [2025-11-28T13:24:56.493+0000] {dagbag.py:538} INFO - Filling up the DagBag from /opt/airflow/dags/02_minio_to_duckdb.py
[2025-11-28T13:24:56.683+0000] {processor.py:840} INFO - DAG(s) 'minio_to_duckdb_pipeline' retrieved from /opt/airflow/dags/02_minio_to_duckdb.py
[2025-11-28T13:24:56.742+0000] {logging_mixin.py:188} INFO - [2025-11-28T13:24:56.741+0000] {dag.py:3036} INFO - Sync 1 DAGs
[2025-11-28T13:24:56.764+0000] {logging_mixin.py:188} INFO - [2025-11-28T13:24:56.763+0000] {dag.py:3823} INFO - Setting next_dagrun for minio_to_duckdb_pipeline to None, run_after=None
[2025-11-28T13:24:56.798+0000] {processor.py:183} INFO - Processing /opt/airflow/dags/02_minio_to_duckdb.py took 0.314 seconds
[2025-11-28T13:25:27.476+0000] {processor.py:161} INFO - Started process (PID=4898) to work on /opt/airflow/dags/02_minio_to_duckdb.py
[2025-11-28T13:25:27.478+0000] {processor.py:830} INFO - Processing file /opt/airflow/dags/02_minio_to_duckdb.py for tasks to queue
[2025-11-28T13:25:27.480+0000] {logging_mixin.py:188} INFO - [2025-11-28T13:25:27.479+0000] {dagbag.py:538} INFO - Filling up the DagBag from /opt/airflow/dags/02_minio_to_duckdb.py
[2025-11-28T13:25:27.700+0000] {processor.py:840} INFO - DAG(s) 'minio_to_duckdb_pipeline' retrieved from /opt/airflow/dags/02_minio_to_duckdb.py
[2025-11-28T13:25:27.759+0000] {logging_mixin.py:188} INFO - [2025-11-28T13:25:27.758+0000] {dag.py:3036} INFO - Sync 1 DAGs
[2025-11-28T13:25:27.782+0000] {logging_mixin.py:188} INFO - [2025-11-28T13:25:27.781+0000] {dag.py:3823} INFO - Setting next_dagrun for minio_to_duckdb_pipeline to None, run_after=None
[2025-11-28T13:25:27.823+0000] {processor.py:183} INFO - Processing /opt/airflow/dags/02_minio_to_duckdb.py took 0.355 seconds
[2025-11-28T13:25:58.192+0000] {processor.py:161} INFO - Started process (PID=4968) to work on /opt/airflow/dags/02_minio_to_duckdb.py
[2025-11-28T13:25:58.194+0000] {processor.py:830} INFO - Processing file /opt/airflow/dags/02_minio_to_duckdb.py for tasks to queue
[2025-11-28T13:25:58.196+0000] {logging_mixin.py:188} INFO - [2025-11-28T13:25:58.195+0000] {dagbag.py:538} INFO - Filling up the DagBag from /opt/airflow/dags/02_minio_to_duckdb.py
[2025-11-28T13:25:58.416+0000] {processor.py:840} INFO - DAG(s) 'minio_to_duckdb_pipeline' retrieved from /opt/airflow/dags/02_minio_to_duckdb.py
[2025-11-28T13:25:58.491+0000] {logging_mixin.py:188} INFO - [2025-11-28T13:25:58.491+0000] {dag.py:3036} INFO - Sync 1 DAGs
[2025-11-28T13:25:58.515+0000] {logging_mixin.py:188} INFO - [2025-11-28T13:25:58.515+0000] {dag.py:3823} INFO - Setting next_dagrun for minio_to_duckdb_pipeline to None, run_after=None
[2025-11-28T13:25:58.559+0000] {processor.py:183} INFO - Processing /opt/airflow/dags/02_minio_to_duckdb.py took 0.374 seconds
[2025-11-28T13:26:28.943+0000] {processor.py:161} INFO - Started process (PID=5038) to work on /opt/airflow/dags/02_minio_to_duckdb.py
[2025-11-28T13:26:28.946+0000] {processor.py:830} INFO - Processing file /opt/airflow/dags/02_minio_to_duckdb.py for tasks to queue
[2025-11-28T13:26:28.951+0000] {logging_mixin.py:188} INFO - [2025-11-28T13:26:28.950+0000] {dagbag.py:538} INFO - Filling up the DagBag from /opt/airflow/dags/02_minio_to_duckdb.py
[2025-11-28T13:26:29.465+0000] {processor.py:840} INFO - DAG(s) 'minio_to_duckdb_pipeline' retrieved from /opt/airflow/dags/02_minio_to_duckdb.py
[2025-11-28T13:26:29.527+0000] {logging_mixin.py:188} INFO - [2025-11-28T13:26:29.526+0000] {dag.py:3036} INFO - Sync 1 DAGs
[2025-11-28T13:26:29.550+0000] {logging_mixin.py:188} INFO - [2025-11-28T13:26:29.549+0000] {dag.py:3823} INFO - Setting next_dagrun for minio_to_duckdb_pipeline to None, run_after=None
[2025-11-28T13:26:29.602+0000] {processor.py:183} INFO - Processing /opt/airflow/dags/02_minio_to_duckdb.py took 0.673 seconds
[2025-11-28T13:26:59.780+0000] {processor.py:161} INFO - Started process (PID=5108) to work on /opt/airflow/dags/02_minio_to_duckdb.py
[2025-11-28T13:26:59.783+0000] {processor.py:830} INFO - Processing file /opt/airflow/dags/02_minio_to_duckdb.py for tasks to queue
[2025-11-28T13:26:59.785+0000] {logging_mixin.py:188} INFO - [2025-11-28T13:26:59.784+0000] {dagbag.py:538} INFO - Filling up the DagBag from /opt/airflow/dags/02_minio_to_duckdb.py
[2025-11-28T13:27:00.032+0000] {processor.py:840} INFO - DAG(s) 'minio_to_duckdb_pipeline' retrieved from /opt/airflow/dags/02_minio_to_duckdb.py
[2025-11-28T13:27:00.094+0000] {logging_mixin.py:188} INFO - [2025-11-28T13:27:00.093+0000] {dag.py:3036} INFO - Sync 1 DAGs
[2025-11-28T13:27:00.119+0000] {logging_mixin.py:188} INFO - [2025-11-28T13:27:00.119+0000] {dag.py:3823} INFO - Setting next_dagrun for minio_to_duckdb_pipeline to None, run_after=None
[2025-11-28T13:27:00.165+0000] {processor.py:183} INFO - Processing /opt/airflow/dags/02_minio_to_duckdb.py took 0.394 seconds
[2025-11-28T13:27:30.486+0000] {processor.py:161} INFO - Started process (PID=5178) to work on /opt/airflow/dags/02_minio_to_duckdb.py
[2025-11-28T13:27:30.491+0000] {processor.py:830} INFO - Processing file /opt/airflow/dags/02_minio_to_duckdb.py for tasks to queue
[2025-11-28T13:27:30.494+0000] {logging_mixin.py:188} INFO - [2025-11-28T13:27:30.493+0000] {dagbag.py:538} INFO - Filling up the DagBag from /opt/airflow/dags/02_minio_to_duckdb.py
[2025-11-28T13:27:30.745+0000] {processor.py:840} INFO - DAG(s) 'minio_to_duckdb_pipeline' retrieved from /opt/airflow/dags/02_minio_to_duckdb.py
[2025-11-28T13:27:30.808+0000] {logging_mixin.py:188} INFO - [2025-11-28T13:27:30.807+0000] {dag.py:3036} INFO - Sync 1 DAGs
[2025-11-28T13:27:30.831+0000] {logging_mixin.py:188} INFO - [2025-11-28T13:27:30.831+0000] {dag.py:3823} INFO - Setting next_dagrun for minio_to_duckdb_pipeline to None, run_after=None
[2025-11-28T13:27:30.871+0000] {processor.py:183} INFO - Processing /opt/airflow/dags/02_minio_to_duckdb.py took 0.398 seconds
[2025-11-28T13:28:01.034+0000] {processor.py:161} INFO - Started process (PID=5245) to work on /opt/airflow/dags/02_minio_to_duckdb.py
[2025-11-28T13:28:01.036+0000] {processor.py:830} INFO - Processing file /opt/airflow/dags/02_minio_to_duckdb.py for tasks to queue
[2025-11-28T13:28:01.039+0000] {logging_mixin.py:188} INFO - [2025-11-28T13:28:01.038+0000] {dagbag.py:538} INFO - Filling up the DagBag from /opt/airflow/dags/02_minio_to_duckdb.py
[2025-11-28T13:28:01.253+0000] {processor.py:840} INFO - DAG(s) 'minio_to_duckdb_pipeline' retrieved from /opt/airflow/dags/02_minio_to_duckdb.py
[2025-11-28T13:28:01.325+0000] {logging_mixin.py:188} INFO - [2025-11-28T13:28:01.324+0000] {dag.py:3036} INFO - Sync 1 DAGs
[2025-11-28T13:28:01.358+0000] {logging_mixin.py:188} INFO - [2025-11-28T13:28:01.357+0000] {dag.py:3823} INFO - Setting next_dagrun for minio_to_duckdb_pipeline to None, run_after=None
[2025-11-28T13:28:01.416+0000] {processor.py:183} INFO - Processing /opt/airflow/dags/02_minio_to_duckdb.py took 0.390 seconds
[2025-11-28T13:28:32.021+0000] {processor.py:161} INFO - Started process (PID=5294) to work on /opt/airflow/dags/02_minio_to_duckdb.py
[2025-11-28T13:28:32.024+0000] {processor.py:830} INFO - Processing file /opt/airflow/dags/02_minio_to_duckdb.py for tasks to queue
[2025-11-28T13:28:32.027+0000] {logging_mixin.py:188} INFO - [2025-11-28T13:28:32.026+0000] {dagbag.py:538} INFO - Filling up the DagBag from /opt/airflow/dags/02_minio_to_duckdb.py
[2025-11-28T13:28:32.262+0000] {processor.py:840} INFO - DAG(s) 'minio_to_duckdb_pipeline' retrieved from /opt/airflow/dags/02_minio_to_duckdb.py
[2025-11-28T13:28:32.334+0000] {logging_mixin.py:188} INFO - [2025-11-28T13:28:32.333+0000] {dag.py:3036} INFO - Sync 1 DAGs
[2025-11-28T13:28:32.363+0000] {logging_mixin.py:188} INFO - [2025-11-28T13:28:32.362+0000] {dag.py:3823} INFO - Setting next_dagrun for minio_to_duckdb_pipeline to None, run_after=None
[2025-11-28T13:28:32.407+0000] {processor.py:183} INFO - Processing /opt/airflow/dags/02_minio_to_duckdb.py took 0.394 seconds
[2025-11-28T13:29:02.616+0000] {processor.py:161} INFO - Started process (PID=5369) to work on /opt/airflow/dags/02_minio_to_duckdb.py
[2025-11-28T13:29:02.617+0000] {processor.py:830} INFO - Processing file /opt/airflow/dags/02_minio_to_duckdb.py for tasks to queue
[2025-11-28T13:29:02.619+0000] {logging_mixin.py:188} INFO - [2025-11-28T13:29:02.619+0000] {dagbag.py:538} INFO - Filling up the DagBag from /opt/airflow/dags/02_minio_to_duckdb.py
[2025-11-28T13:29:02.814+0000] {processor.py:840} INFO - DAG(s) 'minio_to_duckdb_pipeline' retrieved from /opt/airflow/dags/02_minio_to_duckdb.py
[2025-11-28T13:29:02.892+0000] {logging_mixin.py:188} INFO - [2025-11-28T13:29:02.891+0000] {dag.py:3036} INFO - Sync 1 DAGs
[2025-11-28T13:29:02.918+0000] {logging_mixin.py:188} INFO - [2025-11-28T13:29:02.918+0000] {dag.py:3823} INFO - Setting next_dagrun for minio_to_duckdb_pipeline to None, run_after=None
[2025-11-28T13:29:02.957+0000] {processor.py:183} INFO - Processing /opt/airflow/dags/02_minio_to_duckdb.py took 0.349 seconds
[2025-11-28T13:29:33.332+0000] {processor.py:161} INFO - Started process (PID=5434) to work on /opt/airflow/dags/02_minio_to_duckdb.py
[2025-11-28T13:29:33.335+0000] {processor.py:830} INFO - Processing file /opt/airflow/dags/02_minio_to_duckdb.py for tasks to queue
[2025-11-28T13:29:33.338+0000] {logging_mixin.py:188} INFO - [2025-11-28T13:29:33.337+0000] {dagbag.py:538} INFO - Filling up the DagBag from /opt/airflow/dags/02_minio_to_duckdb.py
[2025-11-28T13:29:33.584+0000] {processor.py:840} INFO - DAG(s) 'minio_to_duckdb_pipeline' retrieved from /opt/airflow/dags/02_minio_to_duckdb.py
[2025-11-28T13:29:33.650+0000] {logging_mixin.py:188} INFO - [2025-11-28T13:29:33.649+0000] {dag.py:3036} INFO - Sync 1 DAGs
[2025-11-28T13:29:33.676+0000] {logging_mixin.py:188} INFO - [2025-11-28T13:29:33.675+0000] {dag.py:3823} INFO - Setting next_dagrun for minio_to_duckdb_pipeline to None, run_after=None
[2025-11-28T13:29:33.731+0000] {processor.py:183} INFO - Processing /opt/airflow/dags/02_minio_to_duckdb.py took 0.406 seconds
[2025-11-28T13:30:03.949+0000] {processor.py:161} INFO - Started process (PID=5507) to work on /opt/airflow/dags/02_minio_to_duckdb.py
[2025-11-28T13:30:03.951+0000] {processor.py:830} INFO - Processing file /opt/airflow/dags/02_minio_to_duckdb.py for tasks to queue
[2025-11-28T13:30:03.953+0000] {logging_mixin.py:188} INFO - [2025-11-28T13:30:03.952+0000] {dagbag.py:538} INFO - Filling up the DagBag from /opt/airflow/dags/02_minio_to_duckdb.py
[2025-11-28T13:30:04.167+0000] {processor.py:840} INFO - DAG(s) 'minio_to_duckdb_pipeline' retrieved from /opt/airflow/dags/02_minio_to_duckdb.py
[2025-11-28T13:30:04.235+0000] {logging_mixin.py:188} INFO - [2025-11-28T13:30:04.234+0000] {dag.py:3036} INFO - Sync 1 DAGs
[2025-11-28T13:30:04.258+0000] {logging_mixin.py:188} INFO - [2025-11-28T13:30:04.257+0000] {dag.py:3823} INFO - Setting next_dagrun for minio_to_duckdb_pipeline to None, run_after=None
[2025-11-28T13:30:04.301+0000] {processor.py:183} INFO - Processing /opt/airflow/dags/02_minio_to_duckdb.py took 0.360 seconds
[2025-11-28T13:30:34.644+0000] {processor.py:161} INFO - Started process (PID=5574) to work on /opt/airflow/dags/02_minio_to_duckdb.py
[2025-11-28T13:30:34.646+0000] {processor.py:830} INFO - Processing file /opt/airflow/dags/02_minio_to_duckdb.py for tasks to queue
[2025-11-28T13:30:34.648+0000] {logging_mixin.py:188} INFO - [2025-11-28T13:30:34.648+0000] {dagbag.py:538} INFO - Filling up the DagBag from /opt/airflow/dags/02_minio_to_duckdb.py
[2025-11-28T13:30:34.885+0000] {processor.py:840} INFO - DAG(s) 'minio_to_duckdb_pipeline' retrieved from /opt/airflow/dags/02_minio_to_duckdb.py
[2025-11-28T13:30:34.954+0000] {logging_mixin.py:188} INFO - [2025-11-28T13:30:34.953+0000] {dag.py:3036} INFO - Sync 1 DAGs
[2025-11-28T13:30:34.976+0000] {logging_mixin.py:188} INFO - [2025-11-28T13:30:34.975+0000] {dag.py:3823} INFO - Setting next_dagrun for minio_to_duckdb_pipeline to None, run_after=None
[2025-11-28T13:30:35.020+0000] {processor.py:183} INFO - Processing /opt/airflow/dags/02_minio_to_duckdb.py took 0.384 seconds
[2025-11-28T13:31:05.088+0000] {processor.py:161} INFO - Started process (PID=5642) to work on /opt/airflow/dags/02_minio_to_duckdb.py
[2025-11-28T13:31:05.090+0000] {processor.py:830} INFO - Processing file /opt/airflow/dags/02_minio_to_duckdb.py for tasks to queue
[2025-11-28T13:31:05.093+0000] {logging_mixin.py:188} INFO - [2025-11-28T13:31:05.092+0000] {dagbag.py:538} INFO - Filling up the DagBag from /opt/airflow/dags/02_minio_to_duckdb.py
[2025-11-28T13:31:05.314+0000] {processor.py:840} INFO - DAG(s) 'minio_to_duckdb_pipeline' retrieved from /opt/airflow/dags/02_minio_to_duckdb.py
[2025-11-28T13:31:05.385+0000] {logging_mixin.py:188} INFO - [2025-11-28T13:31:05.385+0000] {dag.py:3036} INFO - Sync 1 DAGs
[2025-11-28T13:31:05.419+0000] {logging_mixin.py:188} INFO - [2025-11-28T13:31:05.419+0000] {dag.py:3823} INFO - Setting next_dagrun for minio_to_duckdb_pipeline to None, run_after=None
[2025-11-28T13:31:05.461+0000] {processor.py:183} INFO - Processing /opt/airflow/dags/02_minio_to_duckdb.py took 0.384 seconds
[2025-11-28T13:31:35.801+0000] {processor.py:161} INFO - Started process (PID=5695) to work on /opt/airflow/dags/02_minio_to_duckdb.py
[2025-11-28T13:31:35.804+0000] {processor.py:830} INFO - Processing file /opt/airflow/dags/02_minio_to_duckdb.py for tasks to queue
[2025-11-28T13:31:35.806+0000] {logging_mixin.py:188} INFO - [2025-11-28T13:31:35.806+0000] {dagbag.py:538} INFO - Filling up the DagBag from /opt/airflow/dags/02_minio_to_duckdb.py
[2025-11-28T13:31:36.018+0000] {processor.py:840} INFO - DAG(s) 'minio_to_duckdb_pipeline' retrieved from /opt/airflow/dags/02_minio_to_duckdb.py
[2025-11-28T13:31:36.078+0000] {logging_mixin.py:188} INFO - [2025-11-28T13:31:36.077+0000] {dag.py:3036} INFO - Sync 1 DAGs
[2025-11-28T13:31:36.104+0000] {logging_mixin.py:188} INFO - [2025-11-28T13:31:36.103+0000] {dag.py:3823} INFO - Setting next_dagrun for minio_to_duckdb_pipeline to None, run_after=None
[2025-11-28T13:31:36.155+0000] {processor.py:183} INFO - Processing /opt/airflow/dags/02_minio_to_duckdb.py took 0.361 seconds
[2025-11-28T13:32:06.858+0000] {processor.py:161} INFO - Started process (PID=5760) to work on /opt/airflow/dags/02_minio_to_duckdb.py
[2025-11-28T13:32:06.864+0000] {processor.py:830} INFO - Processing file /opt/airflow/dags/02_minio_to_duckdb.py for tasks to queue
[2025-11-28T13:32:06.871+0000] {logging_mixin.py:188} INFO - [2025-11-28T13:32:06.869+0000] {dagbag.py:538} INFO - Filling up the DagBag from /opt/airflow/dags/02_minio_to_duckdb.py
[2025-11-28T13:32:07.449+0000] {processor.py:840} INFO - DAG(s) 'minio_to_duckdb_pipeline' retrieved from /opt/airflow/dags/02_minio_to_duckdb.py
[2025-11-28T13:32:07.518+0000] {logging_mixin.py:188} INFO - [2025-11-28T13:32:07.517+0000] {dag.py:3036} INFO - Sync 1 DAGs
[2025-11-28T13:32:07.542+0000] {logging_mixin.py:188} INFO - [2025-11-28T13:32:07.541+0000] {dag.py:3823} INFO - Setting next_dagrun for minio_to_duckdb_pipeline to None, run_after=None
[2025-11-28T13:32:07.587+0000] {processor.py:183} INFO - Processing /opt/airflow/dags/02_minio_to_duckdb.py took 0.749 seconds
[2025-11-28T13:32:37.952+0000] {processor.py:161} INFO - Started process (PID=5830) to work on /opt/airflow/dags/02_minio_to_duckdb.py
[2025-11-28T13:32:37.955+0000] {processor.py:830} INFO - Processing file /opt/airflow/dags/02_minio_to_duckdb.py for tasks to queue
[2025-11-28T13:32:37.957+0000] {logging_mixin.py:188} INFO - [2025-11-28T13:32:37.956+0000] {dagbag.py:538} INFO - Filling up the DagBag from /opt/airflow/dags/02_minio_to_duckdb.py
[2025-11-28T13:32:38.175+0000] {processor.py:840} INFO - DAG(s) 'minio_to_duckdb_pipeline' retrieved from /opt/airflow/dags/02_minio_to_duckdb.py
[2025-11-28T13:32:38.248+0000] {logging_mixin.py:188} INFO - [2025-11-28T13:32:38.247+0000] {dag.py:3036} INFO - Sync 1 DAGs
[2025-11-28T13:32:38.271+0000] {logging_mixin.py:188} INFO - [2025-11-28T13:32:38.271+0000] {dag.py:3823} INFO - Setting next_dagrun for minio_to_duckdb_pipeline to None, run_after=None
[2025-11-28T13:32:38.322+0000] {processor.py:183} INFO - Processing /opt/airflow/dags/02_minio_to_duckdb.py took 0.376 seconds
[2025-11-28T13:33:08.592+0000] {processor.py:161} INFO - Started process (PID=5900) to work on /opt/airflow/dags/02_minio_to_duckdb.py
[2025-11-28T13:33:08.594+0000] {processor.py:830} INFO - Processing file /opt/airflow/dags/02_minio_to_duckdb.py for tasks to queue
[2025-11-28T13:33:08.598+0000] {logging_mixin.py:188} INFO - [2025-11-28T13:33:08.597+0000] {dagbag.py:538} INFO - Filling up the DagBag from /opt/airflow/dags/02_minio_to_duckdb.py
[2025-11-28T13:33:08.895+0000] {processor.py:840} INFO - DAG(s) 'minio_to_duckdb_pipeline' retrieved from /opt/airflow/dags/02_minio_to_duckdb.py
[2025-11-28T13:33:09.015+0000] {logging_mixin.py:188} INFO - [2025-11-28T13:33:09.014+0000] {dag.py:3036} INFO - Sync 1 DAGs
[2025-11-28T13:33:09.064+0000] {logging_mixin.py:188} INFO - [2025-11-28T13:33:09.063+0000] {dag.py:3823} INFO - Setting next_dagrun for minio_to_duckdb_pipeline to None, run_after=None
[2025-11-28T13:33:09.148+0000] {processor.py:183} INFO - Processing /opt/airflow/dags/02_minio_to_duckdb.py took 0.564 seconds
[2025-11-28T13:33:39.455+0000] {processor.py:161} INFO - Started process (PID=5975) to work on /opt/airflow/dags/02_minio_to_duckdb.py
[2025-11-28T13:33:39.457+0000] {processor.py:830} INFO - Processing file /opt/airflow/dags/02_minio_to_duckdb.py for tasks to queue
[2025-11-28T13:33:39.459+0000] {logging_mixin.py:188} INFO - [2025-11-28T13:33:39.459+0000] {dagbag.py:538} INFO - Filling up the DagBag from /opt/airflow/dags/02_minio_to_duckdb.py
[2025-11-28T13:33:39.652+0000] {processor.py:840} INFO - DAG(s) 'minio_to_duckdb_pipeline' retrieved from /opt/airflow/dags/02_minio_to_duckdb.py
[2025-11-28T13:33:39.741+0000] {logging_mixin.py:188} INFO - [2025-11-28T13:33:39.740+0000] {dag.py:3036} INFO - Sync 1 DAGs
[2025-11-28T13:33:39.773+0000] {logging_mixin.py:188} INFO - [2025-11-28T13:33:39.773+0000] {dag.py:3823} INFO - Setting next_dagrun for minio_to_duckdb_pipeline to None, run_after=None
[2025-11-28T13:33:39.824+0000] {processor.py:183} INFO - Processing /opt/airflow/dags/02_minio_to_duckdb.py took 0.376 seconds
[2025-11-28T13:34:09.929+0000] {processor.py:161} INFO - Started process (PID=6043) to work on /opt/airflow/dags/02_minio_to_duckdb.py
[2025-11-28T13:34:09.942+0000] {processor.py:830} INFO - Processing file /opt/airflow/dags/02_minio_to_duckdb.py for tasks to queue
[2025-11-28T13:34:09.949+0000] {logging_mixin.py:188} INFO - [2025-11-28T13:34:09.948+0000] {dagbag.py:538} INFO - Filling up the DagBag from /opt/airflow/dags/02_minio_to_duckdb.py
[2025-11-28T13:34:10.158+0000] {processor.py:840} INFO - DAG(s) 'minio_to_duckdb_pipeline' retrieved from /opt/airflow/dags/02_minio_to_duckdb.py
[2025-11-28T13:34:10.228+0000] {logging_mixin.py:188} INFO - [2025-11-28T13:34:10.227+0000] {dag.py:3036} INFO - Sync 1 DAGs
[2025-11-28T13:34:10.256+0000] {logging_mixin.py:188} INFO - [2025-11-28T13:34:10.255+0000] {dag.py:3823} INFO - Setting next_dagrun for minio_to_duckdb_pipeline to None, run_after=None
[2025-11-28T13:34:10.317+0000] {processor.py:183} INFO - Processing /opt/airflow/dags/02_minio_to_duckdb.py took 0.397 seconds
[2025-11-28T13:34:40.774+0000] {processor.py:161} INFO - Started process (PID=6112) to work on /opt/airflow/dags/02_minio_to_duckdb.py
[2025-11-28T13:34:40.777+0000] {processor.py:830} INFO - Processing file /opt/airflow/dags/02_minio_to_duckdb.py for tasks to queue
[2025-11-28T13:34:40.780+0000] {logging_mixin.py:188} INFO - [2025-11-28T13:34:40.779+0000] {dagbag.py:538} INFO - Filling up the DagBag from /opt/airflow/dags/02_minio_to_duckdb.py
[2025-11-28T13:34:41.112+0000] {processor.py:840} INFO - DAG(s) 'minio_to_duckdb_pipeline' retrieved from /opt/airflow/dags/02_minio_to_duckdb.py
[2025-11-28T13:34:41.189+0000] {logging_mixin.py:188} INFO - [2025-11-28T13:34:41.189+0000] {dag.py:3036} INFO - Sync 1 DAGs
[2025-11-28T13:34:41.219+0000] {logging_mixin.py:188} INFO - [2025-11-28T13:34:41.218+0000] {dag.py:3823} INFO - Setting next_dagrun for minio_to_duckdb_pipeline to None, run_after=None
[2025-11-28T13:34:41.275+0000] {processor.py:183} INFO - Processing /opt/airflow/dags/02_minio_to_duckdb.py took 0.508 seconds
[2025-11-28T13:35:11.634+0000] {processor.py:161} INFO - Started process (PID=6161) to work on /opt/airflow/dags/02_minio_to_duckdb.py
[2025-11-28T13:35:11.636+0000] {processor.py:830} INFO - Processing file /opt/airflow/dags/02_minio_to_duckdb.py for tasks to queue
[2025-11-28T13:35:11.638+0000] {logging_mixin.py:188} INFO - [2025-11-28T13:35:11.638+0000] {dagbag.py:538} INFO - Filling up the DagBag from /opt/airflow/dags/02_minio_to_duckdb.py
[2025-11-28T13:35:11.840+0000] {processor.py:840} INFO - DAG(s) 'minio_to_duckdb_pipeline' retrieved from /opt/airflow/dags/02_minio_to_duckdb.py
[2025-11-28T13:35:11.903+0000] {logging_mixin.py:188} INFO - [2025-11-28T13:35:11.902+0000] {dag.py:3036} INFO - Sync 1 DAGs
[2025-11-28T13:35:11.925+0000] {logging_mixin.py:188} INFO - [2025-11-28T13:35:11.925+0000] {dag.py:3823} INFO - Setting next_dagrun for minio_to_duckdb_pipeline to None, run_after=None
[2025-11-28T13:35:11.975+0000] {processor.py:183} INFO - Processing /opt/airflow/dags/02_minio_to_duckdb.py took 0.349 seconds
[2025-11-28T13:35:42.067+0000] {processor.py:161} INFO - Started process (PID=6231) to work on /opt/airflow/dags/02_minio_to_duckdb.py
[2025-11-28T13:35:42.069+0000] {processor.py:830} INFO - Processing file /opt/airflow/dags/02_minio_to_duckdb.py for tasks to queue
[2025-11-28T13:35:42.071+0000] {logging_mixin.py:188} INFO - [2025-11-28T13:35:42.070+0000] {dagbag.py:538} INFO - Filling up the DagBag from /opt/airflow/dags/02_minio_to_duckdb.py
[2025-11-28T13:35:42.274+0000] {processor.py:840} INFO - DAG(s) 'minio_to_duckdb_pipeline' retrieved from /opt/airflow/dags/02_minio_to_duckdb.py
[2025-11-28T13:35:42.331+0000] {logging_mixin.py:188} INFO - [2025-11-28T13:35:42.330+0000] {dag.py:3036} INFO - Sync 1 DAGs
[2025-11-28T13:35:42.354+0000] {logging_mixin.py:188} INFO - [2025-11-28T13:35:42.354+0000] {dag.py:3823} INFO - Setting next_dagrun for minio_to_duckdb_pipeline to None, run_after=None
[2025-11-28T13:35:42.405+0000] {processor.py:183} INFO - Processing /opt/airflow/dags/02_minio_to_duckdb.py took 0.347 seconds
[2025-11-28T13:36:12.715+0000] {processor.py:161} INFO - Started process (PID=6301) to work on /opt/airflow/dags/02_minio_to_duckdb.py
[2025-11-28T13:36:12.717+0000] {processor.py:830} INFO - Processing file /opt/airflow/dags/02_minio_to_duckdb.py for tasks to queue
[2025-11-28T13:36:12.720+0000] {logging_mixin.py:188} INFO - [2025-11-28T13:36:12.719+0000] {dagbag.py:538} INFO - Filling up the DagBag from /opt/airflow/dags/02_minio_to_duckdb.py
[2025-11-28T13:36:12.954+0000] {processor.py:840} INFO - DAG(s) 'minio_to_duckdb_pipeline' retrieved from /opt/airflow/dags/02_minio_to_duckdb.py
[2025-11-28T13:36:13.019+0000] {logging_mixin.py:188} INFO - [2025-11-28T13:36:13.019+0000] {dag.py:3036} INFO - Sync 1 DAGs
[2025-11-28T13:36:13.045+0000] {logging_mixin.py:188} INFO - [2025-11-28T13:36:13.044+0000] {dag.py:3823} INFO - Setting next_dagrun for minio_to_duckdb_pipeline to None, run_after=None
[2025-11-28T13:36:13.095+0000] {processor.py:183} INFO - Processing /opt/airflow/dags/02_minio_to_duckdb.py took 0.390 seconds
[2025-11-28T13:36:43.207+0000] {processor.py:161} INFO - Started process (PID=6371) to work on /opt/airflow/dags/02_minio_to_duckdb.py
[2025-11-28T13:36:43.209+0000] {processor.py:830} INFO - Processing file /opt/airflow/dags/02_minio_to_duckdb.py for tasks to queue
[2025-11-28T13:36:43.210+0000] {logging_mixin.py:188} INFO - [2025-11-28T13:36:43.210+0000] {dagbag.py:538} INFO - Filling up the DagBag from /opt/airflow/dags/02_minio_to_duckdb.py
[2025-11-28T13:36:43.420+0000] {processor.py:840} INFO - DAG(s) 'minio_to_duckdb_pipeline' retrieved from /opt/airflow/dags/02_minio_to_duckdb.py
[2025-11-28T13:36:43.483+0000] {logging_mixin.py:188} INFO - [2025-11-28T13:36:43.483+0000] {dag.py:3036} INFO - Sync 1 DAGs
[2025-11-28T13:36:43.505+0000] {logging_mixin.py:188} INFO - [2025-11-28T13:36:43.505+0000] {dag.py:3823} INFO - Setting next_dagrun for minio_to_duckdb_pipeline to None, run_after=None
[2025-11-28T13:36:43.555+0000] {processor.py:183} INFO - Processing /opt/airflow/dags/02_minio_to_duckdb.py took 0.357 seconds
[2025-11-28T13:37:13.911+0000] {processor.py:161} INFO - Started process (PID=6441) to work on /opt/airflow/dags/02_minio_to_duckdb.py
[2025-11-28T13:37:13.914+0000] {processor.py:830} INFO - Processing file /opt/airflow/dags/02_minio_to_duckdb.py for tasks to queue
[2025-11-28T13:37:13.916+0000] {logging_mixin.py:188} INFO - [2025-11-28T13:37:13.915+0000] {dagbag.py:538} INFO - Filling up the DagBag from /opt/airflow/dags/02_minio_to_duckdb.py
[2025-11-28T13:37:14.153+0000] {processor.py:840} INFO - DAG(s) 'minio_to_duckdb_pipeline' retrieved from /opt/airflow/dags/02_minio_to_duckdb.py
[2025-11-28T13:37:14.210+0000] {logging_mixin.py:188} INFO - [2025-11-28T13:37:14.209+0000] {dag.py:3036} INFO - Sync 1 DAGs
[2025-11-28T13:37:14.231+0000] {logging_mixin.py:188} INFO - [2025-11-28T13:37:14.231+0000] {dag.py:3823} INFO - Setting next_dagrun for minio_to_duckdb_pipeline to None, run_after=None
[2025-11-28T13:37:14.266+0000] {processor.py:183} INFO - Processing /opt/airflow/dags/02_minio_to_duckdb.py took 0.363 seconds
[2025-11-28T13:37:44.610+0000] {processor.py:161} INFO - Started process (PID=6508) to work on /opt/airflow/dags/02_minio_to_duckdb.py
[2025-11-28T13:37:44.612+0000] {processor.py:830} INFO - Processing file /opt/airflow/dags/02_minio_to_duckdb.py for tasks to queue
[2025-11-28T13:37:44.615+0000] {logging_mixin.py:188} INFO - [2025-11-28T13:37:44.614+0000] {dagbag.py:538} INFO - Filling up the DagBag from /opt/airflow/dags/02_minio_to_duckdb.py
[2025-11-28T13:37:44.823+0000] {processor.py:840} INFO - DAG(s) 'minio_to_duckdb_pipeline' retrieved from /opt/airflow/dags/02_minio_to_duckdb.py
[2025-11-28T13:37:44.888+0000] {logging_mixin.py:188} INFO - [2025-11-28T13:37:44.888+0000] {dag.py:3036} INFO - Sync 1 DAGs
[2025-11-28T13:37:44.919+0000] {logging_mixin.py:188} INFO - [2025-11-28T13:37:44.918+0000] {dag.py:3823} INFO - Setting next_dagrun for minio_to_duckdb_pipeline to None, run_after=None
[2025-11-28T13:37:44.966+0000] {processor.py:183} INFO - Processing /opt/airflow/dags/02_minio_to_duckdb.py took 0.363 seconds
[2025-11-28T13:38:15.381+0000] {processor.py:161} INFO - Started process (PID=6557) to work on /opt/airflow/dags/02_minio_to_duckdb.py
[2025-11-28T13:38:15.383+0000] {processor.py:830} INFO - Processing file /opt/airflow/dags/02_minio_to_duckdb.py for tasks to queue
[2025-11-28T13:38:15.385+0000] {logging_mixin.py:188} INFO - [2025-11-28T13:38:15.384+0000] {dagbag.py:538} INFO - Filling up the DagBag from /opt/airflow/dags/02_minio_to_duckdb.py
[2025-11-28T13:38:15.591+0000] {processor.py:840} INFO - DAG(s) 'minio_to_duckdb_pipeline' retrieved from /opt/airflow/dags/02_minio_to_duckdb.py
[2025-11-28T13:38:15.648+0000] {logging_mixin.py:188} INFO - [2025-11-28T13:38:15.647+0000] {dag.py:3036} INFO - Sync 1 DAGs
[2025-11-28T13:38:15.670+0000] {logging_mixin.py:188} INFO - [2025-11-28T13:38:15.670+0000] {dag.py:3823} INFO - Setting next_dagrun for minio_to_duckdb_pipeline to None, run_after=None
[2025-11-28T13:38:15.723+0000] {processor.py:183} INFO - Processing /opt/airflow/dags/02_minio_to_duckdb.py took 0.349 seconds
[2025-11-28T13:38:45.992+0000] {processor.py:161} INFO - Started process (PID=6627) to work on /opt/airflow/dags/02_minio_to_duckdb.py
[2025-11-28T13:38:45.994+0000] {processor.py:830} INFO - Processing file /opt/airflow/dags/02_minio_to_duckdb.py for tasks to queue
[2025-11-28T13:38:45.996+0000] {logging_mixin.py:188} INFO - [2025-11-28T13:38:45.995+0000] {dagbag.py:538} INFO - Filling up the DagBag from /opt/airflow/dags/02_minio_to_duckdb.py
[2025-11-28T13:38:46.221+0000] {processor.py:840} INFO - DAG(s) 'minio_to_duckdb_pipeline' retrieved from /opt/airflow/dags/02_minio_to_duckdb.py
[2025-11-28T13:38:46.288+0000] {logging_mixin.py:188} INFO - [2025-11-28T13:38:46.288+0000] {dag.py:3036} INFO - Sync 1 DAGs
[2025-11-28T13:38:46.320+0000] {logging_mixin.py:188} INFO - [2025-11-28T13:38:46.319+0000] {dag.py:3823} INFO - Setting next_dagrun for minio_to_duckdb_pipeline to None, run_after=None
[2025-11-28T13:38:46.372+0000] {processor.py:183} INFO - Processing /opt/airflow/dags/02_minio_to_duckdb.py took 0.387 seconds
[2025-11-28T13:39:17.146+0000] {processor.py:161} INFO - Started process (PID=6697) to work on /opt/airflow/dags/02_minio_to_duckdb.py
[2025-11-28T13:39:17.152+0000] {processor.py:830} INFO - Processing file /opt/airflow/dags/02_minio_to_duckdb.py for tasks to queue
[2025-11-28T13:39:17.158+0000] {logging_mixin.py:188} INFO - [2025-11-28T13:39:17.156+0000] {dagbag.py:538} INFO - Filling up the DagBag from /opt/airflow/dags/02_minio_to_duckdb.py
[2025-11-28T13:39:17.478+0000] {processor.py:840} INFO - DAG(s) 'minio_to_duckdb_pipeline' retrieved from /opt/airflow/dags/02_minio_to_duckdb.py
[2025-11-28T13:39:17.534+0000] {logging_mixin.py:188} INFO - [2025-11-28T13:39:17.533+0000] {dag.py:3036} INFO - Sync 1 DAGs
[2025-11-28T13:39:17.559+0000] {logging_mixin.py:188} INFO - [2025-11-28T13:39:17.559+0000] {dag.py:3823} INFO - Setting next_dagrun for minio_to_duckdb_pipeline to None, run_after=None
[2025-11-28T13:39:17.607+0000] {processor.py:183} INFO - Processing /opt/airflow/dags/02_minio_to_duckdb.py took 0.477 seconds
[2025-11-28T13:39:47.786+0000] {processor.py:161} INFO - Started process (PID=6767) to work on /opt/airflow/dags/02_minio_to_duckdb.py
[2025-11-28T13:39:47.789+0000] {processor.py:830} INFO - Processing file /opt/airflow/dags/02_minio_to_duckdb.py for tasks to queue
[2025-11-28T13:39:47.793+0000] {logging_mixin.py:188} INFO - [2025-11-28T13:39:47.792+0000] {dagbag.py:538} INFO - Filling up the DagBag from /opt/airflow/dags/02_minio_to_duckdb.py
[2025-11-28T13:39:48.055+0000] {processor.py:840} INFO - DAG(s) 'minio_to_duckdb_pipeline' retrieved from /opt/airflow/dags/02_minio_to_duckdb.py
[2025-11-28T13:39:48.114+0000] {logging_mixin.py:188} INFO - [2025-11-28T13:39:48.114+0000] {dag.py:3036} INFO - Sync 1 DAGs
[2025-11-28T13:39:48.138+0000] {logging_mixin.py:188} INFO - [2025-11-28T13:39:48.138+0000] {dag.py:3823} INFO - Setting next_dagrun for minio_to_duckdb_pipeline to None, run_after=None
[2025-11-28T13:39:48.185+0000] {processor.py:183} INFO - Processing /opt/airflow/dags/02_minio_to_duckdb.py took 0.420 seconds
[2025-11-28T13:40:18.273+0000] {processor.py:161} INFO - Started process (PID=6837) to work on /opt/airflow/dags/02_minio_to_duckdb.py
[2025-11-28T13:40:18.275+0000] {processor.py:830} INFO - Processing file /opt/airflow/dags/02_minio_to_duckdb.py for tasks to queue
[2025-11-28T13:40:18.278+0000] {logging_mixin.py:188} INFO - [2025-11-28T13:40:18.276+0000] {dagbag.py:538} INFO - Filling up the DagBag from /opt/airflow/dags/02_minio_to_duckdb.py
[2025-11-28T13:40:18.530+0000] {processor.py:840} INFO - DAG(s) 'minio_to_duckdb_pipeline' retrieved from /opt/airflow/dags/02_minio_to_duckdb.py
[2025-11-28T13:40:18.594+0000] {logging_mixin.py:188} INFO - [2025-11-28T13:40:18.593+0000] {dag.py:3036} INFO - Sync 1 DAGs
[2025-11-28T13:40:18.620+0000] {logging_mixin.py:188} INFO - [2025-11-28T13:40:18.620+0000] {dag.py:3823} INFO - Setting next_dagrun for minio_to_duckdb_pipeline to None, run_after=None
[2025-11-28T13:40:18.677+0000] {processor.py:183} INFO - Processing /opt/airflow/dags/02_minio_to_duckdb.py took 0.415 seconds
[2025-11-28T13:40:49.352+0000] {processor.py:161} INFO - Started process (PID=6904) to work on /opt/airflow/dags/02_minio_to_duckdb.py
[2025-11-28T13:40:49.356+0000] {processor.py:830} INFO - Processing file /opt/airflow/dags/02_minio_to_duckdb.py for tasks to queue
[2025-11-28T13:40:49.362+0000] {logging_mixin.py:188} INFO - [2025-11-28T13:40:49.360+0000] {dagbag.py:538} INFO - Filling up the DagBag from /opt/airflow/dags/02_minio_to_duckdb.py
[2025-11-28T13:40:49.762+0000] {processor.py:840} INFO - DAG(s) 'minio_to_duckdb_pipeline' retrieved from /opt/airflow/dags/02_minio_to_duckdb.py
[2025-11-28T13:40:49.830+0000] {logging_mixin.py:188} INFO - [2025-11-28T13:40:49.829+0000] {dag.py:3036} INFO - Sync 1 DAGs
[2025-11-28T13:40:49.857+0000] {logging_mixin.py:188} INFO - [2025-11-28T13:40:49.856+0000] {dag.py:3823} INFO - Setting next_dagrun for minio_to_duckdb_pipeline to None, run_after=None
[2025-11-28T13:40:49.912+0000] {processor.py:183} INFO - Processing /opt/airflow/dags/02_minio_to_duckdb.py took 0.574 seconds
[2025-11-28T13:41:20.140+0000] {processor.py:161} INFO - Started process (PID=6953) to work on /opt/airflow/dags/02_minio_to_duckdb.py
[2025-11-28T13:41:20.142+0000] {processor.py:830} INFO - Processing file /opt/airflow/dags/02_minio_to_duckdb.py for tasks to queue
[2025-11-28T13:41:20.144+0000] {logging_mixin.py:188} INFO - [2025-11-28T13:41:20.143+0000] {dagbag.py:538} INFO - Filling up the DagBag from /opt/airflow/dags/02_minio_to_duckdb.py
[2025-11-28T13:41:20.362+0000] {processor.py:840} INFO - DAG(s) 'minio_to_duckdb_pipeline' retrieved from /opt/airflow/dags/02_minio_to_duckdb.py
[2025-11-28T13:41:20.421+0000] {logging_mixin.py:188} INFO - [2025-11-28T13:41:20.421+0000] {dag.py:3036} INFO - Sync 1 DAGs
[2025-11-28T13:41:20.447+0000] {logging_mixin.py:188} INFO - [2025-11-28T13:41:20.447+0000] {dag.py:3823} INFO - Setting next_dagrun for minio_to_duckdb_pipeline to None, run_after=None
[2025-11-28T13:41:20.757+0000] {processor.py:183} INFO - Processing /opt/airflow/dags/02_minio_to_duckdb.py took 0.624 seconds
[2025-11-28T13:41:51.377+0000] {processor.py:161} INFO - Started process (PID=7023) to work on /opt/airflow/dags/02_minio_to_duckdb.py
[2025-11-28T13:41:51.379+0000] {processor.py:830} INFO - Processing file /opt/airflow/dags/02_minio_to_duckdb.py for tasks to queue
[2025-11-28T13:41:51.382+0000] {logging_mixin.py:188} INFO - [2025-11-28T13:41:51.381+0000] {dagbag.py:538} INFO - Filling up the DagBag from /opt/airflow/dags/02_minio_to_duckdb.py
[2025-11-28T13:41:51.625+0000] {processor.py:840} INFO - DAG(s) 'minio_to_duckdb_pipeline' retrieved from /opt/airflow/dags/02_minio_to_duckdb.py
[2025-11-28T13:41:51.694+0000] {logging_mixin.py:188} INFO - [2025-11-28T13:41:51.694+0000] {dag.py:3036} INFO - Sync 1 DAGs
[2025-11-28T13:41:51.751+0000] {logging_mixin.py:188} INFO - [2025-11-28T13:41:51.750+0000] {dag.py:3823} INFO - Setting next_dagrun for minio_to_duckdb_pipeline to None, run_after=None
[2025-11-28T13:41:51.811+0000] {processor.py:183} INFO - Processing /opt/airflow/dags/02_minio_to_duckdb.py took 0.441 seconds
[2025-11-28T13:42:22.398+0000] {processor.py:161} INFO - Started process (PID=7093) to work on /opt/airflow/dags/02_minio_to_duckdb.py
[2025-11-28T13:42:22.400+0000] {processor.py:830} INFO - Processing file /opt/airflow/dags/02_minio_to_duckdb.py for tasks to queue
[2025-11-28T13:42:22.402+0000] {logging_mixin.py:188} INFO - [2025-11-28T13:42:22.401+0000] {dagbag.py:538} INFO - Filling up the DagBag from /opt/airflow/dags/02_minio_to_duckdb.py
[2025-11-28T13:42:22.623+0000] {processor.py:840} INFO - DAG(s) 'minio_to_duckdb_pipeline' retrieved from /opt/airflow/dags/02_minio_to_duckdb.py
[2025-11-28T13:42:22.684+0000] {logging_mixin.py:188} INFO - [2025-11-28T13:42:22.684+0000] {dag.py:3036} INFO - Sync 1 DAGs
[2025-11-28T13:42:22.712+0000] {logging_mixin.py:188} INFO - [2025-11-28T13:42:22.712+0000] {dag.py:3823} INFO - Setting next_dagrun for minio_to_duckdb_pipeline to None, run_after=None
[2025-11-28T13:42:22.757+0000] {processor.py:183} INFO - Processing /opt/airflow/dags/02_minio_to_duckdb.py took 0.366 seconds
[2025-11-28T13:42:53.229+0000] {processor.py:161} INFO - Started process (PID=7163) to work on /opt/airflow/dags/02_minio_to_duckdb.py
[2025-11-28T13:42:53.232+0000] {processor.py:830} INFO - Processing file /opt/airflow/dags/02_minio_to_duckdb.py for tasks to queue
[2025-11-28T13:42:53.235+0000] {logging_mixin.py:188} INFO - [2025-11-28T13:42:53.234+0000] {dagbag.py:538} INFO - Filling up the DagBag from /opt/airflow/dags/02_minio_to_duckdb.py
[2025-11-28T13:42:53.520+0000] {processor.py:840} INFO - DAG(s) 'minio_to_duckdb_pipeline' retrieved from /opt/airflow/dags/02_minio_to_duckdb.py
[2025-11-28T13:42:53.607+0000] {logging_mixin.py:188} INFO - [2025-11-28T13:42:53.607+0000] {dag.py:3036} INFO - Sync 1 DAGs
[2025-11-28T13:42:53.640+0000] {logging_mixin.py:188} INFO - [2025-11-28T13:42:53.640+0000] {dag.py:3823} INFO - Setting next_dagrun for minio_to_duckdb_pipeline to None, run_after=None
[2025-11-28T13:42:53.699+0000] {processor.py:183} INFO - Processing /opt/airflow/dags/02_minio_to_duckdb.py took 0.483 seconds
[2025-11-28T13:43:24.149+0000] {processor.py:161} INFO - Started process (PID=7233) to work on /opt/airflow/dags/02_minio_to_duckdb.py
[2025-11-28T13:43:24.153+0000] {processor.py:830} INFO - Processing file /opt/airflow/dags/02_minio_to_duckdb.py for tasks to queue
[2025-11-28T13:43:24.160+0000] {logging_mixin.py:188} INFO - [2025-11-28T13:43:24.159+0000] {dagbag.py:538} INFO - Filling up the DagBag from /opt/airflow/dags/02_minio_to_duckdb.py
[2025-11-28T13:43:24.389+0000] {processor.py:840} INFO - DAG(s) 'minio_to_duckdb_pipeline' retrieved from /opt/airflow/dags/02_minio_to_duckdb.py
[2025-11-28T13:43:24.445+0000] {logging_mixin.py:188} INFO - [2025-11-28T13:43:24.444+0000] {dag.py:3036} INFO - Sync 1 DAGs
[2025-11-28T13:43:24.468+0000] {logging_mixin.py:188} INFO - [2025-11-28T13:43:24.468+0000] {dag.py:3823} INFO - Setting next_dagrun for minio_to_duckdb_pipeline to None, run_after=None
[2025-11-28T13:43:24.519+0000] {processor.py:183} INFO - Processing /opt/airflow/dags/02_minio_to_duckdb.py took 0.378 seconds
[2025-11-28T13:43:54.851+0000] {processor.py:161} INFO - Started process (PID=7300) to work on /opt/airflow/dags/02_minio_to_duckdb.py
[2025-11-28T13:43:54.852+0000] {processor.py:830} INFO - Processing file /opt/airflow/dags/02_minio_to_duckdb.py for tasks to queue
[2025-11-28T13:43:54.854+0000] {logging_mixin.py:188} INFO - [2025-11-28T13:43:54.854+0000] {dagbag.py:538} INFO - Filling up the DagBag from /opt/airflow/dags/02_minio_to_duckdb.py
[2025-11-28T13:43:55.074+0000] {processor.py:840} INFO - DAG(s) 'minio_to_duckdb_pipeline' retrieved from /opt/airflow/dags/02_minio_to_duckdb.py
[2025-11-28T13:43:55.157+0000] {logging_mixin.py:188} INFO - [2025-11-28T13:43:55.156+0000] {dag.py:3036} INFO - Sync 1 DAGs
[2025-11-28T13:43:55.184+0000] {logging_mixin.py:188} INFO - [2025-11-28T13:43:55.184+0000] {dag.py:3823} INFO - Setting next_dagrun for minio_to_duckdb_pipeline to None, run_after=None
[2025-11-28T13:43:55.238+0000] {processor.py:183} INFO - Processing /opt/airflow/dags/02_minio_to_duckdb.py took 0.394 seconds
[2025-11-28T13:44:25.744+0000] {processor.py:161} INFO - Started process (PID=7349) to work on /opt/airflow/dags/02_minio_to_duckdb.py
[2025-11-28T13:44:25.746+0000] {processor.py:830} INFO - Processing file /opt/airflow/dags/02_minio_to_duckdb.py for tasks to queue
[2025-11-28T13:44:25.748+0000] {logging_mixin.py:188} INFO - [2025-11-28T13:44:25.748+0000] {dagbag.py:538} INFO - Filling up the DagBag from /opt/airflow/dags/02_minio_to_duckdb.py
[2025-11-28T13:44:25.971+0000] {processor.py:840} INFO - DAG(s) 'minio_to_duckdb_pipeline' retrieved from /opt/airflow/dags/02_minio_to_duckdb.py
[2025-11-28T13:44:26.040+0000] {logging_mixin.py:188} INFO - [2025-11-28T13:44:26.040+0000] {dag.py:3036} INFO - Sync 1 DAGs
[2025-11-28T13:44:26.073+0000] {logging_mixin.py:188} INFO - [2025-11-28T13:44:26.073+0000] {dag.py:3823} INFO - Setting next_dagrun for minio_to_duckdb_pipeline to None, run_after=None
[2025-11-28T13:44:26.120+0000] {processor.py:183} INFO - Processing /opt/airflow/dags/02_minio_to_duckdb.py took 0.383 seconds
[2025-11-28T13:44:56.503+0000] {processor.py:161} INFO - Started process (PID=7419) to work on /opt/airflow/dags/02_minio_to_duckdb.py
[2025-11-28T13:44:56.505+0000] {processor.py:830} INFO - Processing file /opt/airflow/dags/02_minio_to_duckdb.py for tasks to queue
[2025-11-28T13:44:56.507+0000] {logging_mixin.py:188} INFO - [2025-11-28T13:44:56.507+0000] {dagbag.py:538} INFO - Filling up the DagBag from /opt/airflow/dags/02_minio_to_duckdb.py
[2025-11-28T13:44:56.741+0000] {processor.py:840} INFO - DAG(s) 'minio_to_duckdb_pipeline' retrieved from /opt/airflow/dags/02_minio_to_duckdb.py
[2025-11-28T13:44:56.793+0000] {logging_mixin.py:188} INFO - [2025-11-28T13:44:56.793+0000] {dag.py:3036} INFO - Sync 1 DAGs
[2025-11-28T13:44:56.816+0000] {logging_mixin.py:188} INFO - [2025-11-28T13:44:56.816+0000] {dag.py:3823} INFO - Setting next_dagrun for minio_to_duckdb_pipeline to None, run_after=None
[2025-11-28T13:44:56.868+0000] {processor.py:183} INFO - Processing /opt/airflow/dags/02_minio_to_duckdb.py took 0.372 seconds
[2025-11-28T13:45:27.031+0000] {processor.py:161} INFO - Started process (PID=7489) to work on /opt/airflow/dags/02_minio_to_duckdb.py
[2025-11-28T13:45:27.034+0000] {processor.py:830} INFO - Processing file /opt/airflow/dags/02_minio_to_duckdb.py for tasks to queue
[2025-11-28T13:45:27.036+0000] {logging_mixin.py:188} INFO - [2025-11-28T13:45:27.035+0000] {dagbag.py:538} INFO - Filling up the DagBag from /opt/airflow/dags/02_minio_to_duckdb.py
[2025-11-28T13:45:27.369+0000] {processor.py:840} INFO - DAG(s) 'minio_to_duckdb_pipeline' retrieved from /opt/airflow/dags/02_minio_to_duckdb.py
[2025-11-28T13:45:27.428+0000] {logging_mixin.py:188} INFO - [2025-11-28T13:45:27.427+0000] {dag.py:3036} INFO - Sync 1 DAGs
[2025-11-28T13:45:27.452+0000] {logging_mixin.py:188} INFO - [2025-11-28T13:45:27.452+0000] {dag.py:3823} INFO - Setting next_dagrun for minio_to_duckdb_pipeline to None, run_after=None
[2025-11-28T13:45:27.505+0000] {processor.py:183} INFO - Processing /opt/airflow/dags/02_minio_to_duckdb.py took 0.481 seconds
[2025-11-28T13:45:57.797+0000] {processor.py:161} INFO - Started process (PID=7557) to work on /opt/airflow/dags/02_minio_to_duckdb.py
[2025-11-28T13:45:57.799+0000] {processor.py:830} INFO - Processing file /opt/airflow/dags/02_minio_to_duckdb.py for tasks to queue
[2025-11-28T13:45:57.802+0000] {logging_mixin.py:188} INFO - [2025-11-28T13:45:57.801+0000] {dagbag.py:538} INFO - Filling up the DagBag from /opt/airflow/dags/02_minio_to_duckdb.py
[2025-11-28T13:45:58.016+0000] {processor.py:840} INFO - DAG(s) 'minio_to_duckdb_pipeline' retrieved from /opt/airflow/dags/02_minio_to_duckdb.py
[2025-11-28T13:45:58.079+0000] {logging_mixin.py:188} INFO - [2025-11-28T13:45:58.079+0000] {dag.py:3036} INFO - Sync 1 DAGs
[2025-11-28T13:45:58.102+0000] {logging_mixin.py:188} INFO - [2025-11-28T13:45:58.101+0000] {dag.py:3823} INFO - Setting next_dagrun for minio_to_duckdb_pipeline to None, run_after=None
[2025-11-28T13:45:58.149+0000] {processor.py:183} INFO - Processing /opt/airflow/dags/02_minio_to_duckdb.py took 0.360 seconds
[2025-11-28T13:46:28.833+0000] {processor.py:161} INFO - Started process (PID=7608) to work on /opt/airflow/dags/02_minio_to_duckdb.py
[2025-11-28T13:46:28.838+0000] {processor.py:830} INFO - Processing file /opt/airflow/dags/02_minio_to_duckdb.py for tasks to queue
[2025-11-28T13:46:28.843+0000] {logging_mixin.py:188} INFO - [2025-11-28T13:46:28.841+0000] {dagbag.py:538} INFO - Filling up the DagBag from /opt/airflow/dags/02_minio_to_duckdb.py
[2025-11-28T13:46:29.335+0000] {processor.py:840} INFO - DAG(s) 'minio_to_duckdb_pipeline' retrieved from /opt/airflow/dags/02_minio_to_duckdb.py
[2025-11-28T13:46:29.526+0000] {logging_mixin.py:188} INFO - [2025-11-28T13:46:29.525+0000] {dag.py:3036} INFO - Sync 1 DAGs
[2025-11-28T13:46:29.566+0000] {logging_mixin.py:188} INFO - [2025-11-28T13:46:29.565+0000] {dag.py:3823} INFO - Setting next_dagrun for minio_to_duckdb_pipeline to None, run_after=None
[2025-11-28T13:46:29.626+0000] {processor.py:183} INFO - Processing /opt/airflow/dags/02_minio_to_duckdb.py took 0.804 seconds
[2025-11-28T13:47:00.412+0000] {processor.py:161} INFO - Started process (PID=7675) to work on /opt/airflow/dags/02_minio_to_duckdb.py
[2025-11-28T13:47:00.416+0000] {processor.py:830} INFO - Processing file /opt/airflow/dags/02_minio_to_duckdb.py for tasks to queue
[2025-11-28T13:47:00.421+0000] {logging_mixin.py:188} INFO - [2025-11-28T13:47:00.420+0000] {dagbag.py:538} INFO - Filling up the DagBag from /opt/airflow/dags/02_minio_to_duckdb.py
[2025-11-28T13:47:00.787+0000] {processor.py:840} INFO - DAG(s) 'minio_to_duckdb_pipeline' retrieved from /opt/airflow/dags/02_minio_to_duckdb.py
[2025-11-28T13:47:00.866+0000] {logging_mixin.py:188} INFO - [2025-11-28T13:47:00.865+0000] {dag.py:3036} INFO - Sync 1 DAGs
[2025-11-28T13:47:00.899+0000] {logging_mixin.py:188} INFO - [2025-11-28T13:47:00.899+0000] {dag.py:3823} INFO - Setting next_dagrun for minio_to_duckdb_pipeline to None, run_after=None
[2025-11-28T13:47:00.973+0000] {processor.py:183} INFO - Processing /opt/airflow/dags/02_minio_to_duckdb.py took 0.572 seconds
[2025-11-28T13:47:31.335+0000] {processor.py:161} INFO - Started process (PID=7724) to work on /opt/airflow/dags/02_minio_to_duckdb.py
[2025-11-28T13:47:31.350+0000] {processor.py:830} INFO - Processing file /opt/airflow/dags/02_minio_to_duckdb.py for tasks to queue
[2025-11-28T13:47:31.352+0000] {logging_mixin.py:188} INFO - [2025-11-28T13:47:31.351+0000] {dagbag.py:538} INFO - Filling up the DagBag from /opt/airflow/dags/02_minio_to_duckdb.py
[2025-11-28T13:47:31.646+0000] {processor.py:840} INFO - DAG(s) 'minio_to_duckdb_pipeline' retrieved from /opt/airflow/dags/02_minio_to_duckdb.py
[2025-11-28T13:47:31.718+0000] {logging_mixin.py:188} INFO - [2025-11-28T13:47:31.717+0000] {dag.py:3036} INFO - Sync 1 DAGs
[2025-11-28T13:47:31.748+0000] {logging_mixin.py:188} INFO - [2025-11-28T13:47:31.747+0000] {dag.py:3823} INFO - Setting next_dagrun for minio_to_duckdb_pipeline to None, run_after=None
[2025-11-28T13:47:31.803+0000] {processor.py:183} INFO - Processing /opt/airflow/dags/02_minio_to_duckdb.py took 0.475 seconds
[2025-11-28T13:48:02.024+0000] {processor.py:161} INFO - Started process (PID=7794) to work on /opt/airflow/dags/02_minio_to_duckdb.py
[2025-11-28T13:48:02.026+0000] {processor.py:830} INFO - Processing file /opt/airflow/dags/02_minio_to_duckdb.py for tasks to queue
[2025-11-28T13:48:02.028+0000] {logging_mixin.py:188} INFO - [2025-11-28T13:48:02.027+0000] {dagbag.py:538} INFO - Filling up the DagBag from /opt/airflow/dags/02_minio_to_duckdb.py
[2025-11-28T13:48:02.232+0000] {processor.py:840} INFO - DAG(s) 'minio_to_duckdb_pipeline' retrieved from /opt/airflow/dags/02_minio_to_duckdb.py
[2025-11-28T13:48:02.303+0000] {logging_mixin.py:188} INFO - [2025-11-28T13:48:02.302+0000] {dag.py:3036} INFO - Sync 1 DAGs
[2025-11-28T13:48:02.332+0000] {logging_mixin.py:188} INFO - [2025-11-28T13:48:02.331+0000] {dag.py:3823} INFO - Setting next_dagrun for minio_to_duckdb_pipeline to None, run_after=None
[2025-11-28T13:48:02.365+0000] {processor.py:183} INFO - Processing /opt/airflow/dags/02_minio_to_duckdb.py took 0.348 seconds
[2025-11-28T13:48:32.913+0000] {processor.py:161} INFO - Started process (PID=7864) to work on /opt/airflow/dags/02_minio_to_duckdb.py
[2025-11-28T13:48:32.916+0000] {processor.py:830} INFO - Processing file /opt/airflow/dags/02_minio_to_duckdb.py for tasks to queue
[2025-11-28T13:48:32.919+0000] {logging_mixin.py:188} INFO - [2025-11-28T13:48:32.918+0000] {dagbag.py:538} INFO - Filling up the DagBag from /opt/airflow/dags/02_minio_to_duckdb.py
[2025-11-28T13:48:33.158+0000] {processor.py:840} INFO - DAG(s) 'minio_to_duckdb_pipeline' retrieved from /opt/airflow/dags/02_minio_to_duckdb.py
[2025-11-28T13:48:33.228+0000] {logging_mixin.py:188} INFO - [2025-11-28T13:48:33.227+0000] {dag.py:3036} INFO - Sync 1 DAGs
[2025-11-28T13:48:33.258+0000] {logging_mixin.py:188} INFO - [2025-11-28T13:48:33.257+0000] {dag.py:3823} INFO - Setting next_dagrun for minio_to_duckdb_pipeline to None, run_after=None
[2025-11-28T13:48:33.316+0000] {processor.py:183} INFO - Processing /opt/airflow/dags/02_minio_to_duckdb.py took 0.412 seconds
[2025-11-28T13:49:03.766+0000] {processor.py:161} INFO - Started process (PID=7934) to work on /opt/airflow/dags/02_minio_to_duckdb.py
[2025-11-28T13:49:03.767+0000] {processor.py:830} INFO - Processing file /opt/airflow/dags/02_minio_to_duckdb.py for tasks to queue
[2025-11-28T13:49:03.770+0000] {logging_mixin.py:188} INFO - [2025-11-28T13:49:03.769+0000] {dagbag.py:538} INFO - Filling up the DagBag from /opt/airflow/dags/02_minio_to_duckdb.py
[2025-11-28T13:49:03.989+0000] {processor.py:840} INFO - DAG(s) 'minio_to_duckdb_pipeline' retrieved from /opt/airflow/dags/02_minio_to_duckdb.py
[2025-11-28T13:49:04.060+0000] {logging_mixin.py:188} INFO - [2025-11-28T13:49:04.060+0000] {dag.py:3036} INFO - Sync 1 DAGs
[2025-11-28T13:49:04.105+0000] {logging_mixin.py:188} INFO - [2025-11-28T13:49:04.104+0000] {dag.py:3823} INFO - Setting next_dagrun for minio_to_duckdb_pipeline to None, run_after=None
[2025-11-28T13:49:04.161+0000] {processor.py:183} INFO - Processing /opt/airflow/dags/02_minio_to_duckdb.py took 0.402 seconds
[2025-11-28T13:49:34.534+0000] {processor.py:161} INFO - Started process (PID=8004) to work on /opt/airflow/dags/02_minio_to_duckdb.py
[2025-11-28T13:49:34.538+0000] {processor.py:830} INFO - Processing file /opt/airflow/dags/02_minio_to_duckdb.py for tasks to queue
[2025-11-28T13:49:34.540+0000] {logging_mixin.py:188} INFO - [2025-11-28T13:49:34.539+0000] {dagbag.py:538} INFO - Filling up the DagBag from /opt/airflow/dags/02_minio_to_duckdb.py
[2025-11-28T13:49:34.733+0000] {processor.py:840} INFO - DAG(s) 'minio_to_duckdb_pipeline' retrieved from /opt/airflow/dags/02_minio_to_duckdb.py
[2025-11-28T13:49:34.814+0000] {logging_mixin.py:188} INFO - [2025-11-28T13:49:34.813+0000] {dag.py:3036} INFO - Sync 1 DAGs
[2025-11-28T13:49:34.841+0000] {logging_mixin.py:188} INFO - [2025-11-28T13:49:34.840+0000] {dag.py:3823} INFO - Setting next_dagrun for minio_to_duckdb_pipeline to None, run_after=None
[2025-11-28T13:49:34.893+0000] {processor.py:183} INFO - Processing /opt/airflow/dags/02_minio_to_duckdb.py took 0.366 seconds
[2025-11-28T13:50:05.389+0000] {processor.py:161} INFO - Started process (PID=8071) to work on /opt/airflow/dags/02_minio_to_duckdb.py
[2025-11-28T13:50:05.399+0000] {processor.py:830} INFO - Processing file /opt/airflow/dags/02_minio_to_duckdb.py for tasks to queue
[2025-11-28T13:50:05.401+0000] {logging_mixin.py:188} INFO - [2025-11-28T13:50:05.400+0000] {dagbag.py:538} INFO - Filling up the DagBag from /opt/airflow/dags/02_minio_to_duckdb.py
[2025-11-28T13:50:05.619+0000] {processor.py:840} INFO - DAG(s) 'minio_to_duckdb_pipeline' retrieved from /opt/airflow/dags/02_minio_to_duckdb.py
[2025-11-28T13:50:05.688+0000] {logging_mixin.py:188} INFO - [2025-11-28T13:50:05.687+0000] {dag.py:3036} INFO - Sync 1 DAGs
[2025-11-28T13:50:05.712+0000] {logging_mixin.py:188} INFO - [2025-11-28T13:50:05.711+0000] {dag.py:3823} INFO - Setting next_dagrun for minio_to_duckdb_pipeline to None, run_after=None
[2025-11-28T13:50:05.757+0000] {processor.py:183} INFO - Processing /opt/airflow/dags/02_minio_to_duckdb.py took 0.377 seconds
[2025-11-28T13:50:35.951+0000] {processor.py:161} INFO - Started process (PID=8120) to work on /opt/airflow/dags/02_minio_to_duckdb.py
[2025-11-28T13:50:35.954+0000] {processor.py:830} INFO - Processing file /opt/airflow/dags/02_minio_to_duckdb.py for tasks to queue
[2025-11-28T13:50:35.955+0000] {logging_mixin.py:188} INFO - [2025-11-28T13:50:35.955+0000] {dagbag.py:538} INFO - Filling up the DagBag from /opt/airflow/dags/02_minio_to_duckdb.py
[2025-11-28T13:50:36.167+0000] {processor.py:840} INFO - DAG(s) 'minio_to_duckdb_pipeline' retrieved from /opt/airflow/dags/02_minio_to_duckdb.py
[2025-11-28T13:50:36.232+0000] {logging_mixin.py:188} INFO - [2025-11-28T13:50:36.232+0000] {dag.py:3036} INFO - Sync 1 DAGs
[2025-11-28T13:50:36.255+0000] {logging_mixin.py:188} INFO - [2025-11-28T13:50:36.254+0000] {dag.py:3823} INFO - Setting next_dagrun for minio_to_duckdb_pipeline to None, run_after=None
[2025-11-28T13:50:36.309+0000] {processor.py:183} INFO - Processing /opt/airflow/dags/02_minio_to_duckdb.py took 0.364 seconds
[2025-11-28T13:51:06.430+0000] {processor.py:161} INFO - Started process (PID=8190) to work on /opt/airflow/dags/02_minio_to_duckdb.py
[2025-11-28T13:51:06.432+0000] {processor.py:830} INFO - Processing file /opt/airflow/dags/02_minio_to_duckdb.py for tasks to queue
[2025-11-28T13:51:06.434+0000] {logging_mixin.py:188} INFO - [2025-11-28T13:51:06.434+0000] {dagbag.py:538} INFO - Filling up the DagBag from /opt/airflow/dags/02_minio_to_duckdb.py
[2025-11-28T13:51:06.641+0000] {processor.py:840} INFO - DAG(s) 'minio_to_duckdb_pipeline' retrieved from /opt/airflow/dags/02_minio_to_duckdb.py
[2025-11-28T13:51:06.696+0000] {logging_mixin.py:188} INFO - [2025-11-28T13:51:06.695+0000] {dag.py:3036} INFO - Sync 1 DAGs
[2025-11-28T13:51:06.720+0000] {logging_mixin.py:188} INFO - [2025-11-28T13:51:06.719+0000] {dag.py:3823} INFO - Setting next_dagrun for minio_to_duckdb_pipeline to None, run_after=None
[2025-11-28T13:51:06.787+0000] {processor.py:183} INFO - Processing /opt/airflow/dags/02_minio_to_duckdb.py took 0.365 seconds
[2025-11-28T13:51:36.930+0000] {processor.py:161} INFO - Started process (PID=8260) to work on /opt/airflow/dags/02_minio_to_duckdb.py
[2025-11-28T13:51:36.934+0000] {processor.py:830} INFO - Processing file /opt/airflow/dags/02_minio_to_duckdb.py for tasks to queue
[2025-11-28T13:51:36.937+0000] {logging_mixin.py:188} INFO - [2025-11-28T13:51:36.936+0000] {dagbag.py:538} INFO - Filling up the DagBag from /opt/airflow/dags/02_minio_to_duckdb.py
[2025-11-28T13:51:37.180+0000] {processor.py:840} INFO - DAG(s) 'minio_to_duckdb_pipeline' retrieved from /opt/airflow/dags/02_minio_to_duckdb.py
[2025-11-28T13:51:37.275+0000] {logging_mixin.py:188} INFO - [2025-11-28T13:51:37.274+0000] {dag.py:3036} INFO - Sync 1 DAGs
[2025-11-28T13:51:37.311+0000] {logging_mixin.py:188} INFO - [2025-11-28T13:51:37.310+0000] {dag.py:3823} INFO - Setting next_dagrun for minio_to_duckdb_pipeline to None, run_after=None
[2025-11-28T13:51:37.396+0000] {processor.py:183} INFO - Processing /opt/airflow/dags/02_minio_to_duckdb.py took 0.475 seconds
[2025-11-28T13:52:07.925+0000] {processor.py:161} INFO - Started process (PID=8330) to work on /opt/airflow/dags/02_minio_to_duckdb.py
[2025-11-28T13:52:07.927+0000] {processor.py:830} INFO - Processing file /opt/airflow/dags/02_minio_to_duckdb.py for tasks to queue
[2025-11-28T13:52:07.929+0000] {logging_mixin.py:188} INFO - [2025-11-28T13:52:07.929+0000] {dagbag.py:538} INFO - Filling up the DagBag from /opt/airflow/dags/02_minio_to_duckdb.py
[2025-11-28T13:52:08.126+0000] {processor.py:840} INFO - DAG(s) 'minio_to_duckdb_pipeline' retrieved from /opt/airflow/dags/02_minio_to_duckdb.py
[2025-11-28T13:52:08.194+0000] {logging_mixin.py:188} INFO - [2025-11-28T13:52:08.194+0000] {dag.py:3036} INFO - Sync 1 DAGs
[2025-11-28T13:52:08.217+0000] {logging_mixin.py:188} INFO - [2025-11-28T13:52:08.216+0000] {dag.py:3823} INFO - Setting next_dagrun for minio_to_duckdb_pipeline to None, run_after=None
[2025-11-28T13:52:08.257+0000] {processor.py:183} INFO - Processing /opt/airflow/dags/02_minio_to_duckdb.py took 0.339 seconds
[2025-11-28T13:52:38.599+0000] {processor.py:161} INFO - Started process (PID=8400) to work on /opt/airflow/dags/02_minio_to_duckdb.py
[2025-11-28T13:52:38.601+0000] {processor.py:830} INFO - Processing file /opt/airflow/dags/02_minio_to_duckdb.py for tasks to queue
[2025-11-28T13:52:38.604+0000] {logging_mixin.py:188} INFO - [2025-11-28T13:52:38.603+0000] {dagbag.py:538} INFO - Filling up the DagBag from /opt/airflow/dags/02_minio_to_duckdb.py
[2025-11-28T13:52:38.836+0000] {processor.py:840} INFO - DAG(s) 'minio_to_duckdb_pipeline' retrieved from /opt/airflow/dags/02_minio_to_duckdb.py
[2025-11-28T13:52:38.919+0000] {logging_mixin.py:188} INFO - [2025-11-28T13:52:38.918+0000] {dag.py:3036} INFO - Sync 1 DAGs
[2025-11-28T13:52:38.957+0000] {logging_mixin.py:188} INFO - [2025-11-28T13:52:38.956+0000] {dag.py:3823} INFO - Setting next_dagrun for minio_to_duckdb_pipeline to None, run_after=None
[2025-11-28T13:52:39.005+0000] {processor.py:183} INFO - Processing /opt/airflow/dags/02_minio_to_duckdb.py took 0.413 seconds
[2025-11-28T13:53:09.177+0000] {processor.py:161} INFO - Started process (PID=8467) to work on /opt/airflow/dags/02_minio_to_duckdb.py
[2025-11-28T13:53:09.180+0000] {processor.py:830} INFO - Processing file /opt/airflow/dags/02_minio_to_duckdb.py for tasks to queue
[2025-11-28T13:53:09.184+0000] {logging_mixin.py:188} INFO - [2025-11-28T13:53:09.183+0000] {dagbag.py:538} INFO - Filling up the DagBag from /opt/airflow/dags/02_minio_to_duckdb.py
[2025-11-28T13:53:09.502+0000] {processor.py:840} INFO - DAG(s) 'minio_to_duckdb_pipeline' retrieved from /opt/airflow/dags/02_minio_to_duckdb.py
[2025-11-28T13:53:09.584+0000] {logging_mixin.py:188} INFO - [2025-11-28T13:53:09.584+0000] {dag.py:3036} INFO - Sync 1 DAGs
[2025-11-28T13:53:09.612+0000] {logging_mixin.py:188} INFO - [2025-11-28T13:53:09.611+0000] {dag.py:3823} INFO - Setting next_dagrun for minio_to_duckdb_pipeline to None, run_after=None
[2025-11-28T13:53:09.671+0000] {processor.py:183} INFO - Processing /opt/airflow/dags/02_minio_to_duckdb.py took 0.506 seconds
[2025-11-28T13:53:39.746+0000] {processor.py:161} INFO - Started process (PID=8516) to work on /opt/airflow/dags/02_minio_to_duckdb.py
[2025-11-28T13:53:39.749+0000] {processor.py:830} INFO - Processing file /opt/airflow/dags/02_minio_to_duckdb.py for tasks to queue
[2025-11-28T13:53:39.751+0000] {logging_mixin.py:188} INFO - [2025-11-28T13:53:39.750+0000] {dagbag.py:538} INFO - Filling up the DagBag from /opt/airflow/dags/02_minio_to_duckdb.py
[2025-11-28T13:53:39.945+0000] {processor.py:840} INFO - DAG(s) 'minio_to_duckdb_pipeline' retrieved from /opt/airflow/dags/02_minio_to_duckdb.py
[2025-11-28T13:53:40.007+0000] {logging_mixin.py:188} INFO - [2025-11-28T13:53:40.006+0000] {dag.py:3036} INFO - Sync 1 DAGs
[2025-11-28T13:53:40.032+0000] {logging_mixin.py:188} INFO - [2025-11-28T13:53:40.032+0000] {dag.py:3823} INFO - Setting next_dagrun for minio_to_duckdb_pipeline to None, run_after=None
[2025-11-28T13:53:40.084+0000] {processor.py:183} INFO - Processing /opt/airflow/dags/02_minio_to_duckdb.py took 0.345 seconds
[2025-11-28T13:54:10.928+0000] {processor.py:161} INFO - Started process (PID=8586) to work on /opt/airflow/dags/02_minio_to_duckdb.py
[2025-11-28T13:54:10.931+0000] {processor.py:830} INFO - Processing file /opt/airflow/dags/02_minio_to_duckdb.py for tasks to queue
[2025-11-28T13:54:10.933+0000] {logging_mixin.py:188} INFO - [2025-11-28T13:54:10.932+0000] {dagbag.py:538} INFO - Filling up the DagBag from /opt/airflow/dags/02_minio_to_duckdb.py
[2025-11-28T13:54:11.179+0000] {processor.py:840} INFO - DAG(s) 'minio_to_duckdb_pipeline' retrieved from /opt/airflow/dags/02_minio_to_duckdb.py
[2025-11-28T13:54:11.233+0000] {logging_mixin.py:188} INFO - [2025-11-28T13:54:11.232+0000] {dag.py:3036} INFO - Sync 1 DAGs
[2025-11-28T13:54:11.253+0000] {logging_mixin.py:188} INFO - [2025-11-28T13:54:11.252+0000] {dag.py:3823} INFO - Setting next_dagrun for minio_to_duckdb_pipeline to None, run_after=None
[2025-11-28T13:54:11.309+0000] {processor.py:183} INFO - Processing /opt/airflow/dags/02_minio_to_duckdb.py took 0.388 seconds
[2025-11-28T13:54:41.520+0000] {processor.py:161} INFO - Started process (PID=8656) to work on /opt/airflow/dags/02_minio_to_duckdb.py
[2025-11-28T13:54:41.522+0000] {processor.py:830} INFO - Processing file /opt/airflow/dags/02_minio_to_duckdb.py for tasks to queue
[2025-11-28T13:54:41.525+0000] {logging_mixin.py:188} INFO - [2025-11-28T13:54:41.524+0000] {dagbag.py:538} INFO - Filling up the DagBag from /opt/airflow/dags/02_minio_to_duckdb.py
[2025-11-28T13:54:41.728+0000] {processor.py:840} INFO - DAG(s) 'minio_to_duckdb_pipeline' retrieved from /opt/airflow/dags/02_minio_to_duckdb.py
[2025-11-28T13:54:41.814+0000] {logging_mixin.py:188} INFO - [2025-11-28T13:54:41.813+0000] {dag.py:3036} INFO - Sync 1 DAGs
[2025-11-28T13:54:41.841+0000] {logging_mixin.py:188} INFO - [2025-11-28T13:54:41.840+0000] {dag.py:3823} INFO - Setting next_dagrun for minio_to_duckdb_pipeline to None, run_after=None
[2025-11-28T13:54:41.884+0000] {processor.py:183} INFO - Processing /opt/airflow/dags/02_minio_to_duckdb.py took 0.371 seconds
[2025-11-28T13:55:12.235+0000] {processor.py:161} INFO - Started process (PID=8726) to work on /opt/airflow/dags/02_minio_to_duckdb.py
[2025-11-28T13:55:12.237+0000] {processor.py:830} INFO - Processing file /opt/airflow/dags/02_minio_to_duckdb.py for tasks to queue
[2025-11-28T13:55:12.239+0000] {logging_mixin.py:188} INFO - [2025-11-28T13:55:12.239+0000] {dagbag.py:538} INFO - Filling up the DagBag from /opt/airflow/dags/02_minio_to_duckdb.py
[2025-11-28T13:55:12.435+0000] {processor.py:840} INFO - DAG(s) 'minio_to_duckdb_pipeline' retrieved from /opt/airflow/dags/02_minio_to_duckdb.py
[2025-11-28T13:55:12.499+0000] {logging_mixin.py:188} INFO - [2025-11-28T13:55:12.498+0000] {dag.py:3036} INFO - Sync 1 DAGs
[2025-11-28T13:55:12.528+0000] {logging_mixin.py:188} INFO - [2025-11-28T13:55:12.527+0000] {dag.py:3823} INFO - Setting next_dagrun for minio_to_duckdb_pipeline to None, run_after=None
[2025-11-28T13:55:12.571+0000] {processor.py:183} INFO - Processing /opt/airflow/dags/02_minio_to_duckdb.py took 0.342 seconds
[2025-11-28T13:55:42.650+0000] {processor.py:161} INFO - Started process (PID=8796) to work on /opt/airflow/dags/02_minio_to_duckdb.py
[2025-11-28T13:55:42.652+0000] {processor.py:830} INFO - Processing file /opt/airflow/dags/02_minio_to_duckdb.py for tasks to queue
[2025-11-28T13:55:42.655+0000] {logging_mixin.py:188} INFO - [2025-11-28T13:55:42.654+0000] {dagbag.py:538} INFO - Filling up the DagBag from /opt/airflow/dags/02_minio_to_duckdb.py
[2025-11-28T13:55:42.853+0000] {processor.py:840} INFO - DAG(s) 'minio_to_duckdb_pipeline' retrieved from /opt/airflow/dags/02_minio_to_duckdb.py
[2025-11-28T13:55:42.916+0000] {logging_mixin.py:188} INFO - [2025-11-28T13:55:42.915+0000] {dag.py:3036} INFO - Sync 1 DAGs
[2025-11-28T13:55:42.951+0000] {logging_mixin.py:188} INFO - [2025-11-28T13:55:42.950+0000] {dag.py:3823} INFO - Setting next_dagrun for minio_to_duckdb_pipeline to None, run_after=None
[2025-11-28T13:55:43.010+0000] {processor.py:183} INFO - Processing /opt/airflow/dags/02_minio_to_duckdb.py took 0.367 seconds
[2025-11-28T13:56:13.706+0000] {processor.py:161} INFO - Started process (PID=8866) to work on /opt/airflow/dags/02_minio_to_duckdb.py
[2025-11-28T13:56:13.708+0000] {processor.py:830} INFO - Processing file /opt/airflow/dags/02_minio_to_duckdb.py for tasks to queue
[2025-11-28T13:56:13.710+0000] {logging_mixin.py:188} INFO - [2025-11-28T13:56:13.710+0000] {dagbag.py:538} INFO - Filling up the DagBag from /opt/airflow/dags/02_minio_to_duckdb.py
[2025-11-28T13:56:13.914+0000] {processor.py:840} INFO - DAG(s) 'minio_to_duckdb_pipeline' retrieved from /opt/airflow/dags/02_minio_to_duckdb.py
[2025-11-28T13:56:13.975+0000] {logging_mixin.py:188} INFO - [2025-11-28T13:56:13.975+0000] {dag.py:3036} INFO - Sync 1 DAGs
[2025-11-28T13:56:14.006+0000] {logging_mixin.py:188} INFO - [2025-11-28T13:56:14.005+0000] {dag.py:3823} INFO - Setting next_dagrun for minio_to_duckdb_pipeline to None, run_after=None
[2025-11-28T13:56:14.060+0000] {processor.py:183} INFO - Processing /opt/airflow/dags/02_minio_to_duckdb.py took 0.360 seconds
[2025-11-28T13:56:44.521+0000] {processor.py:161} INFO - Started process (PID=8933) to work on /opt/airflow/dags/02_minio_to_duckdb.py
[2025-11-28T13:56:44.523+0000] {processor.py:830} INFO - Processing file /opt/airflow/dags/02_minio_to_duckdb.py for tasks to queue
[2025-11-28T13:56:44.525+0000] {logging_mixin.py:188} INFO - [2025-11-28T13:56:44.525+0000] {dagbag.py:538} INFO - Filling up the DagBag from /opt/airflow/dags/02_minio_to_duckdb.py
[2025-11-28T13:56:44.754+0000] {processor.py:840} INFO - DAG(s) 'minio_to_duckdb_pipeline' retrieved from /opt/airflow/dags/02_minio_to_duckdb.py
[2025-11-28T13:56:44.825+0000] {logging_mixin.py:188} INFO - [2025-11-28T13:56:44.824+0000] {dag.py:3036} INFO - Sync 1 DAGs
[2025-11-28T13:56:44.852+0000] {logging_mixin.py:188} INFO - [2025-11-28T13:56:44.851+0000] {dag.py:3823} INFO - Setting next_dagrun for minio_to_duckdb_pipeline to None, run_after=None
[2025-11-28T13:56:44.920+0000] {processor.py:183} INFO - Processing /opt/airflow/dags/02_minio_to_duckdb.py took 0.406 seconds
[2025-11-28T13:57:15.185+0000] {processor.py:161} INFO - Started process (PID=8982) to work on /opt/airflow/dags/02_minio_to_duckdb.py
[2025-11-28T13:57:15.188+0000] {processor.py:830} INFO - Processing file /opt/airflow/dags/02_minio_to_duckdb.py for tasks to queue
[2025-11-28T13:57:15.189+0000] {logging_mixin.py:188} INFO - [2025-11-28T13:57:15.189+0000] {dagbag.py:538} INFO - Filling up the DagBag from /opt/airflow/dags/02_minio_to_duckdb.py
[2025-11-28T13:57:15.394+0000] {processor.py:840} INFO - DAG(s) 'minio_to_duckdb_pipeline' retrieved from /opt/airflow/dags/02_minio_to_duckdb.py
[2025-11-28T13:57:15.469+0000] {logging_mixin.py:188} INFO - [2025-11-28T13:57:15.468+0000] {dag.py:3036} INFO - Sync 1 DAGs
[2025-11-28T13:57:15.495+0000] {logging_mixin.py:188} INFO - [2025-11-28T13:57:15.494+0000] {dag.py:3823} INFO - Setting next_dagrun for minio_to_duckdb_pipeline to None, run_after=None
[2025-11-28T13:57:15.538+0000] {processor.py:183} INFO - Processing /opt/airflow/dags/02_minio_to_duckdb.py took 0.360 seconds
[2025-11-28T13:57:45.947+0000] {processor.py:161} INFO - Started process (PID=9052) to work on /opt/airflow/dags/02_minio_to_duckdb.py
[2025-11-28T13:57:45.949+0000] {processor.py:830} INFO - Processing file /opt/airflow/dags/02_minio_to_duckdb.py for tasks to queue
[2025-11-28T13:57:45.952+0000] {logging_mixin.py:188} INFO - [2025-11-28T13:57:45.951+0000] {dagbag.py:538} INFO - Filling up the DagBag from /opt/airflow/dags/02_minio_to_duckdb.py
[2025-11-28T13:57:46.175+0000] {processor.py:840} INFO - DAG(s) 'minio_to_duckdb_pipeline' retrieved from /opt/airflow/dags/02_minio_to_duckdb.py
[2025-11-28T13:57:46.230+0000] {logging_mixin.py:188} INFO - [2025-11-28T13:57:46.230+0000] {dag.py:3036} INFO - Sync 1 DAGs
[2025-11-28T13:57:46.251+0000] {logging_mixin.py:188} INFO - [2025-11-28T13:57:46.251+0000] {dag.py:3823} INFO - Setting next_dagrun for minio_to_duckdb_pipeline to None, run_after=None
[2025-11-28T13:57:46.301+0000] {processor.py:183} INFO - Processing /opt/airflow/dags/02_minio_to_duckdb.py took 0.361 seconds
[2025-11-28T13:58:16.580+0000] {processor.py:161} INFO - Started process (PID=9122) to work on /opt/airflow/dags/02_minio_to_duckdb.py
[2025-11-28T13:58:16.582+0000] {processor.py:830} INFO - Processing file /opt/airflow/dags/02_minio_to_duckdb.py for tasks to queue
[2025-11-28T13:58:16.585+0000] {logging_mixin.py:188} INFO - [2025-11-28T13:58:16.584+0000] {dagbag.py:538} INFO - Filling up the DagBag from /opt/airflow/dags/02_minio_to_duckdb.py
[2025-11-28T13:58:16.797+0000] {processor.py:840} INFO - DAG(s) 'minio_to_duckdb_pipeline' retrieved from /opt/airflow/dags/02_minio_to_duckdb.py
[2025-11-28T13:58:16.858+0000] {logging_mixin.py:188} INFO - [2025-11-28T13:58:16.857+0000] {dag.py:3036} INFO - Sync 1 DAGs
[2025-11-28T13:58:16.885+0000] {logging_mixin.py:188} INFO - [2025-11-28T13:58:16.885+0000] {dag.py:3823} INFO - Setting next_dagrun for minio_to_duckdb_pipeline to None, run_after=None
[2025-11-28T13:58:16.946+0000] {processor.py:183} INFO - Processing /opt/airflow/dags/02_minio_to_duckdb.py took 0.373 seconds
[2025-11-28T13:58:47.078+0000] {processor.py:161} INFO - Started process (PID=9192) to work on /opt/airflow/dags/02_minio_to_duckdb.py
[2025-11-28T13:58:47.080+0000] {processor.py:830} INFO - Processing file /opt/airflow/dags/02_minio_to_duckdb.py for tasks to queue
[2025-11-28T13:58:47.083+0000] {logging_mixin.py:188} INFO - [2025-11-28T13:58:47.082+0000] {dagbag.py:538} INFO - Filling up the DagBag from /opt/airflow/dags/02_minio_to_duckdb.py
[2025-11-28T13:58:47.283+0000] {processor.py:840} INFO - DAG(s) 'minio_to_duckdb_pipeline' retrieved from /opt/airflow/dags/02_minio_to_duckdb.py
[2025-11-28T13:58:47.344+0000] {logging_mixin.py:188} INFO - [2025-11-28T13:58:47.344+0000] {dag.py:3036} INFO - Sync 1 DAGs
[2025-11-28T13:58:47.373+0000] {logging_mixin.py:188} INFO - [2025-11-28T13:58:47.372+0000] {dag.py:3823} INFO - Setting next_dagrun for minio_to_duckdb_pipeline to None, run_after=None
[2025-11-28T13:58:47.420+0000] {processor.py:183} INFO - Processing /opt/airflow/dags/02_minio_to_duckdb.py took 0.348 seconds
[2025-11-28T13:59:17.609+0000] {processor.py:161} INFO - Started process (PID=9262) to work on /opt/airflow/dags/02_minio_to_duckdb.py
[2025-11-28T13:59:17.611+0000] {processor.py:830} INFO - Processing file /opt/airflow/dags/02_minio_to_duckdb.py for tasks to queue
[2025-11-28T13:59:17.612+0000] {logging_mixin.py:188} INFO - [2025-11-28T13:59:17.612+0000] {dagbag.py:538} INFO - Filling up the DagBag from /opt/airflow/dags/02_minio_to_duckdb.py
[2025-11-28T13:59:17.813+0000] {processor.py:840} INFO - DAG(s) 'minio_to_duckdb_pipeline' retrieved from /opt/airflow/dags/02_minio_to_duckdb.py
[2025-11-28T13:59:17.911+0000] {logging_mixin.py:188} INFO - [2025-11-28T13:59:17.910+0000] {dag.py:3036} INFO - Sync 1 DAGs
[2025-11-28T13:59:17.943+0000] {logging_mixin.py:188} INFO - [2025-11-28T13:59:17.943+0000] {dag.py:3823} INFO - Setting next_dagrun for minio_to_duckdb_pipeline to None, run_after=None
[2025-11-28T13:59:18.040+0000] {processor.py:183} INFO - Processing /opt/airflow/dags/02_minio_to_duckdb.py took 0.438 seconds
[2025-11-28T13:59:48.229+0000] {processor.py:161} INFO - Started process (PID=9329) to work on /opt/airflow/dags/02_minio_to_duckdb.py
[2025-11-28T13:59:48.232+0000] {processor.py:830} INFO - Processing file /opt/airflow/dags/02_minio_to_duckdb.py for tasks to queue
[2025-11-28T13:59:48.234+0000] {logging_mixin.py:188} INFO - [2025-11-28T13:59:48.234+0000] {dagbag.py:538} INFO - Filling up the DagBag from /opt/airflow/dags/02_minio_to_duckdb.py
[2025-11-28T13:59:48.451+0000] {processor.py:840} INFO - DAG(s) 'minio_to_duckdb_pipeline' retrieved from /opt/airflow/dags/02_minio_to_duckdb.py
[2025-11-28T13:59:48.511+0000] {logging_mixin.py:188} INFO - [2025-11-28T13:59:48.510+0000] {dag.py:3036} INFO - Sync 1 DAGs
[2025-11-28T13:59:48.536+0000] {logging_mixin.py:188} INFO - [2025-11-28T13:59:48.535+0000] {dag.py:3823} INFO - Setting next_dagrun for minio_to_duckdb_pipeline to None, run_after=None
[2025-11-28T13:59:48.591+0000] {processor.py:183} INFO - Processing /opt/airflow/dags/02_minio_to_duckdb.py took 0.372 seconds
[2025-11-28T14:00:19.002+0000] {processor.py:161} INFO - Started process (PID=9378) to work on /opt/airflow/dags/02_minio_to_duckdb.py
[2025-11-28T14:00:19.004+0000] {processor.py:830} INFO - Processing file /opt/airflow/dags/02_minio_to_duckdb.py for tasks to queue
[2025-11-28T14:00:19.006+0000] {logging_mixin.py:188} INFO - [2025-11-28T14:00:19.005+0000] {dagbag.py:538} INFO - Filling up the DagBag from /opt/airflow/dags/02_minio_to_duckdb.py
[2025-11-28T14:00:19.305+0000] {processor.py:840} INFO - DAG(s) 'minio_to_duckdb_pipeline' retrieved from /opt/airflow/dags/02_minio_to_duckdb.py
[2025-11-28T14:00:19.368+0000] {logging_mixin.py:188} INFO - [2025-11-28T14:00:19.367+0000] {dag.py:3036} INFO - Sync 1 DAGs
[2025-11-28T14:00:19.394+0000] {logging_mixin.py:188} INFO - [2025-11-28T14:00:19.393+0000] {dag.py:3823} INFO - Setting next_dagrun for minio_to_duckdb_pipeline to None, run_after=None
[2025-11-28T14:00:19.444+0000] {processor.py:183} INFO - Processing /opt/airflow/dags/02_minio_to_duckdb.py took 0.448 seconds
[2025-11-28T14:00:49.730+0000] {processor.py:161} INFO - Started process (PID=9448) to work on /opt/airflow/dags/02_minio_to_duckdb.py
[2025-11-28T14:00:49.745+0000] {processor.py:830} INFO - Processing file /opt/airflow/dags/02_minio_to_duckdb.py for tasks to queue
[2025-11-28T14:00:49.751+0000] {logging_mixin.py:188} INFO - [2025-11-28T14:00:49.748+0000] {dagbag.py:538} INFO - Filling up the DagBag from /opt/airflow/dags/02_minio_to_duckdb.py
[2025-11-28T14:00:50.003+0000] {processor.py:840} INFO - DAG(s) 'minio_to_duckdb_pipeline' retrieved from /opt/airflow/dags/02_minio_to_duckdb.py
[2025-11-28T14:00:50.152+0000] {logging_mixin.py:188} INFO - [2025-11-28T14:00:50.151+0000] {dag.py:3036} INFO - Sync 1 DAGs
[2025-11-28T14:00:50.210+0000] {logging_mixin.py:188} INFO - [2025-11-28T14:00:50.209+0000] {dag.py:3823} INFO - Setting next_dagrun for minio_to_duckdb_pipeline to None, run_after=None
[2025-11-28T14:00:50.289+0000] {processor.py:183} INFO - Processing /opt/airflow/dags/02_minio_to_duckdb.py took 0.568 seconds
[2025-11-28T14:01:20.731+0000] {processor.py:161} INFO - Started process (PID=9518) to work on /opt/airflow/dags/02_minio_to_duckdb.py
[2025-11-28T14:01:20.733+0000] {processor.py:830} INFO - Processing file /opt/airflow/dags/02_minio_to_duckdb.py for tasks to queue
[2025-11-28T14:01:20.735+0000] {logging_mixin.py:188} INFO - [2025-11-28T14:01:20.735+0000] {dagbag.py:538} INFO - Filling up the DagBag from /opt/airflow/dags/02_minio_to_duckdb.py
[2025-11-28T14:01:20.943+0000] {processor.py:840} INFO - DAG(s) 'minio_to_duckdb_pipeline' retrieved from /opt/airflow/dags/02_minio_to_duckdb.py
[2025-11-28T14:01:21.013+0000] {logging_mixin.py:188} INFO - [2025-11-28T14:01:21.012+0000] {dag.py:3036} INFO - Sync 1 DAGs
[2025-11-28T14:01:21.044+0000] {logging_mixin.py:188} INFO - [2025-11-28T14:01:21.044+0000] {dag.py:3823} INFO - Setting next_dagrun for minio_to_duckdb_pipeline to None, run_after=None
[2025-11-28T14:01:21.091+0000] {processor.py:183} INFO - Processing /opt/airflow/dags/02_minio_to_duckdb.py took 0.367 seconds
[2025-11-28T14:01:51.322+0000] {processor.py:161} INFO - Started process (PID=9588) to work on /opt/airflow/dags/02_minio_to_duckdb.py
[2025-11-28T14:01:51.326+0000] {processor.py:830} INFO - Processing file /opt/airflow/dags/02_minio_to_duckdb.py for tasks to queue
[2025-11-28T14:01:51.331+0000] {logging_mixin.py:188} INFO - [2025-11-28T14:01:51.329+0000] {dagbag.py:538} INFO - Filling up the DagBag from /opt/airflow/dags/02_minio_to_duckdb.py
[2025-11-28T14:01:51.646+0000] {processor.py:840} INFO - DAG(s) 'minio_to_duckdb_pipeline' retrieved from /opt/airflow/dags/02_minio_to_duckdb.py
[2025-11-28T14:01:51.750+0000] {logging_mixin.py:188} INFO - [2025-11-28T14:01:51.749+0000] {dag.py:3036} INFO - Sync 1 DAGs
[2025-11-28T14:01:51.778+0000] {logging_mixin.py:188} INFO - [2025-11-28T14:01:51.777+0000] {dag.py:3823} INFO - Setting next_dagrun for minio_to_duckdb_pipeline to None, run_after=None
[2025-11-28T14:01:51.845+0000] {processor.py:183} INFO - Processing /opt/airflow/dags/02_minio_to_duckdb.py took 0.540 seconds
[2025-11-28T14:02:22.051+0000] {processor.py:161} INFO - Started process (PID=9658) to work on /opt/airflow/dags/02_minio_to_duckdb.py
[2025-11-28T14:02:22.054+0000] {processor.py:830} INFO - Processing file /opt/airflow/dags/02_minio_to_duckdb.py for tasks to queue
[2025-11-28T14:02:22.056+0000] {logging_mixin.py:188} INFO - [2025-11-28T14:02:22.055+0000] {dagbag.py:538} INFO - Filling up the DagBag from /opt/airflow/dags/02_minio_to_duckdb.py
[2025-11-28T14:02:22.286+0000] {processor.py:840} INFO - DAG(s) 'minio_to_duckdb_pipeline' retrieved from /opt/airflow/dags/02_minio_to_duckdb.py
[2025-11-28T14:02:22.354+0000] {logging_mixin.py:188} INFO - [2025-11-28T14:02:22.354+0000] {dag.py:3036} INFO - Sync 1 DAGs
[2025-11-28T14:02:22.383+0000] {logging_mixin.py:188} INFO - [2025-11-28T14:02:22.383+0000] {dag.py:3823} INFO - Setting next_dagrun for minio_to_duckdb_pipeline to None, run_after=None
[2025-11-28T14:02:22.441+0000] {processor.py:183} INFO - Processing /opt/airflow/dags/02_minio_to_duckdb.py took 0.400 seconds
[2025-11-28T14:02:52.857+0000] {processor.py:161} INFO - Started process (PID=9725) to work on /opt/airflow/dags/02_minio_to_duckdb.py
[2025-11-28T14:02:52.859+0000] {processor.py:830} INFO - Processing file /opt/airflow/dags/02_minio_to_duckdb.py for tasks to queue
[2025-11-28T14:02:52.860+0000] {logging_mixin.py:188} INFO - [2025-11-28T14:02:52.860+0000] {dagbag.py:538} INFO - Filling up the DagBag from /opt/airflow/dags/02_minio_to_duckdb.py
[2025-11-28T14:02:53.068+0000] {processor.py:840} INFO - DAG(s) 'minio_to_duckdb_pipeline' retrieved from /opt/airflow/dags/02_minio_to_duckdb.py
[2025-11-28T14:02:53.125+0000] {logging_mixin.py:188} INFO - [2025-11-28T14:02:53.125+0000] {dag.py:3036} INFO - Sync 1 DAGs
[2025-11-28T14:02:53.147+0000] {logging_mixin.py:188} INFO - [2025-11-28T14:02:53.146+0000] {dag.py:3823} INFO - Setting next_dagrun for minio_to_duckdb_pipeline to None, run_after=None
[2025-11-28T14:02:53.185+0000] {processor.py:183} INFO - Processing /opt/airflow/dags/02_minio_to_duckdb.py took 0.335 seconds
[2025-11-28T14:03:23.784+0000] {processor.py:161} INFO - Started process (PID=9774) to work on /opt/airflow/dags/02_minio_to_duckdb.py
[2025-11-28T14:03:23.786+0000] {processor.py:830} INFO - Processing file /opt/airflow/dags/02_minio_to_duckdb.py for tasks to queue
[2025-11-28T14:03:23.788+0000] {logging_mixin.py:188} INFO - [2025-11-28T14:03:23.788+0000] {dagbag.py:538} INFO - Filling up the DagBag from /opt/airflow/dags/02_minio_to_duckdb.py
[2025-11-28T14:03:23.989+0000] {processor.py:840} INFO - DAG(s) 'minio_to_duckdb_pipeline' retrieved from /opt/airflow/dags/02_minio_to_duckdb.py
[2025-11-28T14:03:24.052+0000] {logging_mixin.py:188} INFO - [2025-11-28T14:03:24.051+0000] {dag.py:3036} INFO - Sync 1 DAGs
[2025-11-28T14:03:24.099+0000] {logging_mixin.py:188} INFO - [2025-11-28T14:03:24.099+0000] {dag.py:3823} INFO - Setting next_dagrun for minio_to_duckdb_pipeline to None, run_after=None
[2025-11-28T14:03:24.153+0000] {processor.py:183} INFO - Processing /opt/airflow/dags/02_minio_to_duckdb.py took 0.377 seconds
[2025-11-28T14:03:54.467+0000] {processor.py:161} INFO - Started process (PID=9844) to work on /opt/airflow/dags/02_minio_to_duckdb.py
[2025-11-28T14:03:54.470+0000] {processor.py:830} INFO - Processing file /opt/airflow/dags/02_minio_to_duckdb.py for tasks to queue
[2025-11-28T14:03:54.473+0000] {logging_mixin.py:188} INFO - [2025-11-28T14:03:54.472+0000] {dagbag.py:538} INFO - Filling up the DagBag from /opt/airflow/dags/02_minio_to_duckdb.py
[2025-11-28T14:03:54.666+0000] {processor.py:840} INFO - DAG(s) 'minio_to_duckdb_pipeline' retrieved from /opt/airflow/dags/02_minio_to_duckdb.py
[2025-11-28T14:03:54.724+0000] {logging_mixin.py:188} INFO - [2025-11-28T14:03:54.724+0000] {dag.py:3036} INFO - Sync 1 DAGs
[2025-11-28T14:03:54.747+0000] {logging_mixin.py:188} INFO - [2025-11-28T14:03:54.746+0000] {dag.py:3823} INFO - Setting next_dagrun for minio_to_duckdb_pipeline to None, run_after=None
[2025-11-28T14:03:54.802+0000] {processor.py:183} INFO - Processing /opt/airflow/dags/02_minio_to_duckdb.py took 0.345 seconds
[2025-11-28T14:04:25.462+0000] {processor.py:161} INFO - Started process (PID=9914) to work on /opt/airflow/dags/02_minio_to_duckdb.py
[2025-11-28T14:04:25.464+0000] {processor.py:830} INFO - Processing file /opt/airflow/dags/02_minio_to_duckdb.py for tasks to queue
[2025-11-28T14:04:25.466+0000] {logging_mixin.py:188} INFO - [2025-11-28T14:04:25.465+0000] {dagbag.py:538} INFO - Filling up the DagBag from /opt/airflow/dags/02_minio_to_duckdb.py
[2025-11-28T14:04:25.663+0000] {processor.py:840} INFO - DAG(s) 'minio_to_duckdb_pipeline' retrieved from /opt/airflow/dags/02_minio_to_duckdb.py
[2025-11-28T14:04:25.725+0000] {logging_mixin.py:188} INFO - [2025-11-28T14:04:25.724+0000] {dag.py:3036} INFO - Sync 1 DAGs
[2025-11-28T14:04:25.745+0000] {logging_mixin.py:188} INFO - [2025-11-28T14:04:25.745+0000] {dag.py:3823} INFO - Setting next_dagrun for minio_to_duckdb_pipeline to None, run_after=None
[2025-11-28T14:04:25.800+0000] {processor.py:183} INFO - Processing /opt/airflow/dags/02_minio_to_duckdb.py took 0.344 seconds
[2025-11-28T14:04:55.962+0000] {processor.py:161} INFO - Started process (PID=9982) to work on /opt/airflow/dags/02_minio_to_duckdb.py
[2025-11-28T14:04:55.964+0000] {processor.py:830} INFO - Processing file /opt/airflow/dags/02_minio_to_duckdb.py for tasks to queue
[2025-11-28T14:04:55.967+0000] {logging_mixin.py:188} INFO - [2025-11-28T14:04:55.966+0000] {dagbag.py:538} INFO - Filling up the DagBag from /opt/airflow/dags/02_minio_to_duckdb.py
[2025-11-28T14:04:56.173+0000] {processor.py:840} INFO - DAG(s) 'minio_to_duckdb_pipeline' retrieved from /opt/airflow/dags/02_minio_to_duckdb.py
[2025-11-28T14:04:56.237+0000] {logging_mixin.py:188} INFO - [2025-11-28T14:04:56.236+0000] {dag.py:3036} INFO - Sync 1 DAGs
[2025-11-28T14:04:56.260+0000] {logging_mixin.py:188} INFO - [2025-11-28T14:04:56.260+0000] {dag.py:3823} INFO - Setting next_dagrun for minio_to_duckdb_pipeline to None, run_after=None
[2025-11-28T14:04:56.311+0000] {processor.py:183} INFO - Processing /opt/airflow/dags/02_minio_to_duckdb.py took 0.357 seconds
[2025-11-28T14:05:26.492+0000] {processor.py:161} INFO - Started process (PID=10033) to work on /opt/airflow/dags/02_minio_to_duckdb.py
[2025-11-28T14:05:26.494+0000] {processor.py:830} INFO - Processing file /opt/airflow/dags/02_minio_to_duckdb.py for tasks to queue
[2025-11-28T14:05:26.496+0000] {logging_mixin.py:188} INFO - [2025-11-28T14:05:26.495+0000] {dagbag.py:538} INFO - Filling up the DagBag from /opt/airflow/dags/02_minio_to_duckdb.py
[2025-11-28T14:05:26.704+0000] {processor.py:840} INFO - DAG(s) 'minio_to_duckdb_pipeline' retrieved from /opt/airflow/dags/02_minio_to_duckdb.py
[2025-11-28T14:05:26.768+0000] {logging_mixin.py:188} INFO - [2025-11-28T14:05:26.767+0000] {dag.py:3036} INFO - Sync 1 DAGs
[2025-11-28T14:05:26.803+0000] {logging_mixin.py:188} INFO - [2025-11-28T14:05:26.802+0000] {dag.py:3823} INFO - Setting next_dagrun for minio_to_duckdb_pipeline to None, run_after=None
[2025-11-28T14:05:26.848+0000] {processor.py:183} INFO - Processing /opt/airflow/dags/02_minio_to_duckdb.py took 0.364 seconds
[2025-11-28T14:05:57.170+0000] {processor.py:161} INFO - Started process (PID=10103) to work on /opt/airflow/dags/02_minio_to_duckdb.py
[2025-11-28T14:05:57.172+0000] {processor.py:830} INFO - Processing file /opt/airflow/dags/02_minio_to_duckdb.py for tasks to queue
[2025-11-28T14:05:57.175+0000] {logging_mixin.py:188} INFO - [2025-11-28T14:05:57.174+0000] {dagbag.py:538} INFO - Filling up the DagBag from /opt/airflow/dags/02_minio_to_duckdb.py
[2025-11-28T14:05:57.367+0000] {processor.py:840} INFO - DAG(s) 'minio_to_duckdb_pipeline' retrieved from /opt/airflow/dags/02_minio_to_duckdb.py
[2025-11-28T14:05:57.431+0000] {logging_mixin.py:188} INFO - [2025-11-28T14:05:57.430+0000] {dag.py:3036} INFO - Sync 1 DAGs
[2025-11-28T14:05:57.454+0000] {logging_mixin.py:188} INFO - [2025-11-28T14:05:57.454+0000] {dag.py:3823} INFO - Setting next_dagrun for minio_to_duckdb_pipeline to None, run_after=None
[2025-11-28T14:05:57.495+0000] {processor.py:183} INFO - Processing /opt/airflow/dags/02_minio_to_duckdb.py took 0.332 seconds
[2025-11-28T14:06:27.879+0000] {processor.py:161} INFO - Started process (PID=10170) to work on /opt/airflow/dags/02_minio_to_duckdb.py
[2025-11-28T14:06:27.889+0000] {processor.py:830} INFO - Processing file /opt/airflow/dags/02_minio_to_duckdb.py for tasks to queue
[2025-11-28T14:06:27.891+0000] {logging_mixin.py:188} INFO - [2025-11-28T14:06:27.890+0000] {dagbag.py:538} INFO - Filling up the DagBag from /opt/airflow/dags/02_minio_to_duckdb.py
[2025-11-28T14:06:28.146+0000] {processor.py:840} INFO - DAG(s) 'minio_to_duckdb_pipeline' retrieved from /opt/airflow/dags/02_minio_to_duckdb.py
[2025-11-28T14:06:28.262+0000] {logging_mixin.py:188} INFO - [2025-11-28T14:06:28.261+0000] {dag.py:3036} INFO - Sync 1 DAGs
[2025-11-28T14:06:28.303+0000] {logging_mixin.py:188} INFO - [2025-11-28T14:06:28.302+0000] {dag.py:3823} INFO - Setting next_dagrun for minio_to_duckdb_pipeline to None, run_after=None
[2025-11-28T14:06:28.355+0000] {processor.py:183} INFO - Processing /opt/airflow/dags/02_minio_to_duckdb.py took 0.483 seconds
[2025-11-28T14:06:58.748+0000] {processor.py:161} INFO - Started process (PID=10219) to work on /opt/airflow/dags/02_minio_to_duckdb.py
[2025-11-28T14:06:58.750+0000] {processor.py:830} INFO - Processing file /opt/airflow/dags/02_minio_to_duckdb.py for tasks to queue
[2025-11-28T14:06:58.751+0000] {logging_mixin.py:188} INFO - [2025-11-28T14:06:58.751+0000] {dagbag.py:538} INFO - Filling up the DagBag from /opt/airflow/dags/02_minio_to_duckdb.py
[2025-11-28T14:06:58.975+0000] {processor.py:840} INFO - DAG(s) 'minio_to_duckdb_pipeline' retrieved from /opt/airflow/dags/02_minio_to_duckdb.py
[2025-11-28T14:06:59.033+0000] {logging_mixin.py:188} INFO - [2025-11-28T14:06:59.033+0000] {dag.py:3036} INFO - Sync 1 DAGs
[2025-11-28T14:06:59.058+0000] {logging_mixin.py:188} INFO - [2025-11-28T14:06:59.058+0000] {dag.py:3823} INFO - Setting next_dagrun for minio_to_duckdb_pipeline to None, run_after=None
[2025-11-28T14:06:59.114+0000] {processor.py:183} INFO - Processing /opt/airflow/dags/02_minio_to_duckdb.py took 0.373 seconds
[2025-11-28T14:07:29.576+0000] {processor.py:161} INFO - Started process (PID=10289) to work on /opt/airflow/dags/02_minio_to_duckdb.py
[2025-11-28T14:07:29.578+0000] {processor.py:830} INFO - Processing file /opt/airflow/dags/02_minio_to_duckdb.py for tasks to queue
[2025-11-28T14:07:29.581+0000] {logging_mixin.py:188} INFO - [2025-11-28T14:07:29.580+0000] {dagbag.py:538} INFO - Filling up the DagBag from /opt/airflow/dags/02_minio_to_duckdb.py
[2025-11-28T14:07:29.963+0000] {processor.py:840} INFO - DAG(s) 'minio_to_duckdb_pipeline' retrieved from /opt/airflow/dags/02_minio_to_duckdb.py
[2025-11-28T14:07:30.053+0000] {logging_mixin.py:188} INFO - [2025-11-28T14:07:30.051+0000] {dag.py:3036} INFO - Sync 1 DAGs
[2025-11-28T14:07:30.088+0000] {logging_mixin.py:188} INFO - [2025-11-28T14:07:30.088+0000] {dag.py:3823} INFO - Setting next_dagrun for minio_to_duckdb_pipeline to None, run_after=None
[2025-11-28T14:07:30.161+0000] {processor.py:183} INFO - Processing /opt/airflow/dags/02_minio_to_duckdb.py took 0.592 seconds
[2025-11-28T14:08:00.577+0000] {processor.py:161} INFO - Started process (PID=10359) to work on /opt/airflow/dags/02_minio_to_duckdb.py
[2025-11-28T14:08:00.579+0000] {processor.py:830} INFO - Processing file /opt/airflow/dags/02_minio_to_duckdb.py for tasks to queue
[2025-11-28T14:08:00.581+0000] {logging_mixin.py:188} INFO - [2025-11-28T14:08:00.580+0000] {dagbag.py:538} INFO - Filling up the DagBag from /opt/airflow/dags/02_minio_to_duckdb.py
[2025-11-28T14:08:00.773+0000] {processor.py:840} INFO - DAG(s) 'minio_to_duckdb_pipeline' retrieved from /opt/airflow/dags/02_minio_to_duckdb.py
[2025-11-28T14:08:00.849+0000] {logging_mixin.py:188} INFO - [2025-11-28T14:08:00.849+0000] {dag.py:3036} INFO - Sync 1 DAGs
[2025-11-28T14:08:00.879+0000] {logging_mixin.py:188} INFO - [2025-11-28T14:08:00.879+0000] {dag.py:3823} INFO - Setting next_dagrun for minio_to_duckdb_pipeline to None, run_after=None
[2025-11-28T14:08:00.921+0000] {processor.py:183} INFO - Processing /opt/airflow/dags/02_minio_to_duckdb.py took 0.351 seconds
[2025-11-28T14:34:02.266+0000] {processor.py:161} INFO - Started process (PID=10431) to work on /opt/airflow/dags/02_minio_to_duckdb.py
[2025-11-28T14:34:02.270+0000] {processor.py:830} INFO - Processing file /opt/airflow/dags/02_minio_to_duckdb.py for tasks to queue
[2025-11-28T14:34:02.275+0000] {logging_mixin.py:188} INFO - [2025-11-28T14:34:02.274+0000] {dagbag.py:538} INFO - Filling up the DagBag from /opt/airflow/dags/02_minio_to_duckdb.py
[2025-11-28T14:34:03.064+0000] {processor.py:840} INFO - DAG(s) 'minio_to_duckdb_pipeline' retrieved from /opt/airflow/dags/02_minio_to_duckdb.py
[2025-11-28T14:34:03.258+0000] {logging_mixin.py:188} INFO - [2025-11-28T14:34:03.257+0000] {dag.py:3036} INFO - Sync 1 DAGs
[2025-11-28T14:34:03.323+0000] {logging_mixin.py:188} INFO - [2025-11-28T14:34:03.322+0000] {dag.py:3823} INFO - Setting next_dagrun for minio_to_duckdb_pipeline to None, run_after=None
[2025-11-28T14:34:03.423+0000] {processor.py:183} INFO - Processing /opt/airflow/dags/02_minio_to_duckdb.py took 1.175 seconds
[2025-11-28T14:34:33.662+0000] {processor.py:161} INFO - Started process (PID=10498) to work on /opt/airflow/dags/02_minio_to_duckdb.py
[2025-11-28T14:34:33.665+0000] {processor.py:830} INFO - Processing file /opt/airflow/dags/02_minio_to_duckdb.py for tasks to queue
[2025-11-28T14:34:33.667+0000] {logging_mixin.py:188} INFO - [2025-11-28T14:34:33.666+0000] {dagbag.py:538} INFO - Filling up the DagBag from /opt/airflow/dags/02_minio_to_duckdb.py
[2025-11-28T14:34:33.859+0000] {processor.py:840} INFO - DAG(s) 'minio_to_duckdb_pipeline' retrieved from /opt/airflow/dags/02_minio_to_duckdb.py
[2025-11-28T14:34:33.918+0000] {logging_mixin.py:188} INFO - [2025-11-28T14:34:33.917+0000] {dag.py:3036} INFO - Sync 1 DAGs
[2025-11-28T14:34:33.941+0000] {logging_mixin.py:188} INFO - [2025-11-28T14:34:33.940+0000] {dag.py:3823} INFO - Setting next_dagrun for minio_to_duckdb_pipeline to None, run_after=None
[2025-11-28T14:34:33.990+0000] {processor.py:183} INFO - Processing /opt/airflow/dags/02_minio_to_duckdb.py took 0.334 seconds
[2025-11-28T14:35:04.222+0000] {processor.py:161} INFO - Started process (PID=10568) to work on /opt/airflow/dags/02_minio_to_duckdb.py
[2025-11-28T14:35:04.224+0000] {processor.py:830} INFO - Processing file /opt/airflow/dags/02_minio_to_duckdb.py for tasks to queue
[2025-11-28T14:35:04.227+0000] {logging_mixin.py:188} INFO - [2025-11-28T14:35:04.226+0000] {dagbag.py:538} INFO - Filling up the DagBag from /opt/airflow/dags/02_minio_to_duckdb.py
[2025-11-28T14:35:04.425+0000] {processor.py:840} INFO - DAG(s) 'minio_to_duckdb_pipeline' retrieved from /opt/airflow/dags/02_minio_to_duckdb.py
[2025-11-28T14:35:04.497+0000] {logging_mixin.py:188} INFO - [2025-11-28T14:35:04.496+0000] {dag.py:3036} INFO - Sync 1 DAGs
[2025-11-28T14:35:04.523+0000] {logging_mixin.py:188} INFO - [2025-11-28T14:35:04.523+0000] {dag.py:3823} INFO - Setting next_dagrun for minio_to_duckdb_pipeline to None, run_after=None
[2025-11-28T14:35:04.575+0000] {processor.py:183} INFO - Processing /opt/airflow/dags/02_minio_to_duckdb.py took 0.360 seconds
[2025-11-28T14:35:35.030+0000] {processor.py:161} INFO - Started process (PID=10638) to work on /opt/airflow/dags/02_minio_to_duckdb.py
[2025-11-28T14:35:35.032+0000] {processor.py:830} INFO - Processing file /opt/airflow/dags/02_minio_to_duckdb.py for tasks to queue
[2025-11-28T14:35:35.035+0000] {logging_mixin.py:188} INFO - [2025-11-28T14:35:35.034+0000] {dagbag.py:538} INFO - Filling up the DagBag from /opt/airflow/dags/02_minio_to_duckdb.py
[2025-11-28T14:35:35.366+0000] {processor.py:840} INFO - DAG(s) 'minio_to_duckdb_pipeline' retrieved from /opt/airflow/dags/02_minio_to_duckdb.py
[2025-11-28T14:35:35.452+0000] {logging_mixin.py:188} INFO - [2025-11-28T14:35:35.452+0000] {dag.py:3036} INFO - Sync 1 DAGs
[2025-11-28T14:35:35.486+0000] {logging_mixin.py:188} INFO - [2025-11-28T14:35:35.485+0000] {dag.py:3823} INFO - Setting next_dagrun for minio_to_duckdb_pipeline to None, run_after=None
[2025-11-28T14:35:35.535+0000] {processor.py:183} INFO - Processing /opt/airflow/dags/02_minio_to_duckdb.py took 0.514 seconds
[2025-11-28T14:36:05.798+0000] {processor.py:161} INFO - Started process (PID=10711) to work on /opt/airflow/dags/02_minio_to_duckdb.py
[2025-11-28T14:36:05.801+0000] {processor.py:830} INFO - Processing file /opt/airflow/dags/02_minio_to_duckdb.py for tasks to queue
[2025-11-28T14:36:05.805+0000] {logging_mixin.py:188} INFO - [2025-11-28T14:36:05.804+0000] {dagbag.py:538} INFO - Filling up the DagBag from /opt/airflow/dags/02_minio_to_duckdb.py
[2025-11-28T14:36:06.070+0000] {processor.py:840} INFO - DAG(s) 'minio_to_duckdb_pipeline' retrieved from /opt/airflow/dags/02_minio_to_duckdb.py
[2025-11-28T14:36:06.144+0000] {logging_mixin.py:188} INFO - [2025-11-28T14:36:06.143+0000] {dag.py:3036} INFO - Sync 1 DAGs
[2025-11-28T14:36:06.176+0000] {logging_mixin.py:188} INFO - [2025-11-28T14:36:06.175+0000] {dag.py:3823} INFO - Setting next_dagrun for minio_to_duckdb_pipeline to None, run_after=None
[2025-11-28T14:36:06.235+0000] {processor.py:183} INFO - Processing /opt/airflow/dags/02_minio_to_duckdb.py took 0.446 seconds
[2025-11-28T14:36:36.519+0000] {processor.py:161} INFO - Started process (PID=10780) to work on /opt/airflow/dags/02_minio_to_duckdb.py
[2025-11-28T14:36:36.523+0000] {processor.py:830} INFO - Processing file /opt/airflow/dags/02_minio_to_duckdb.py for tasks to queue
[2025-11-28T14:36:36.526+0000] {logging_mixin.py:188} INFO - [2025-11-28T14:36:36.525+0000] {dagbag.py:538} INFO - Filling up the DagBag from /opt/airflow/dags/02_minio_to_duckdb.py
[2025-11-28T14:36:36.827+0000] {processor.py:840} INFO - DAG(s) 'minio_to_duckdb_pipeline' retrieved from /opt/airflow/dags/02_minio_to_duckdb.py
[2025-11-28T14:36:36.936+0000] {logging_mixin.py:188} INFO - [2025-11-28T14:36:36.935+0000] {dag.py:3036} INFO - Sync 1 DAGs
[2025-11-28T14:36:36.971+0000] {logging_mixin.py:188} INFO - [2025-11-28T14:36:36.970+0000] {dag.py:3823} INFO - Setting next_dagrun for minio_to_duckdb_pipeline to None, run_after=None
[2025-11-28T14:36:37.037+0000] {processor.py:183} INFO - Processing /opt/airflow/dags/02_minio_to_duckdb.py took 0.532 seconds
[2025-11-28T14:37:07.411+0000] {processor.py:161} INFO - Started process (PID=10824) to work on /opt/airflow/dags/02_minio_to_duckdb.py
[2025-11-28T14:37:07.413+0000] {processor.py:830} INFO - Processing file /opt/airflow/dags/02_minio_to_duckdb.py for tasks to queue
[2025-11-28T14:37:07.415+0000] {logging_mixin.py:188} INFO - [2025-11-28T14:37:07.415+0000] {dagbag.py:538} INFO - Filling up the DagBag from /opt/airflow/dags/02_minio_to_duckdb.py
[2025-11-28T14:37:07.672+0000] {processor.py:840} INFO - DAG(s) 'minio_to_duckdb_pipeline' retrieved from /opt/airflow/dags/02_minio_to_duckdb.py
[2025-11-28T14:37:07.762+0000] {logging_mixin.py:188} INFO - [2025-11-28T14:37:07.761+0000] {dag.py:3036} INFO - Sync 1 DAGs
[2025-11-28T14:37:07.798+0000] {logging_mixin.py:188} INFO - [2025-11-28T14:37:07.797+0000] {dag.py:3823} INFO - Setting next_dagrun for minio_to_duckdb_pipeline to None, run_after=None
[2025-11-28T14:37:07.890+0000] {processor.py:183} INFO - Processing /opt/airflow/dags/02_minio_to_duckdb.py took 0.489 seconds
[2025-11-28T14:37:38.287+0000] {processor.py:161} INFO - Started process (PID=10894) to work on /opt/airflow/dags/02_minio_to_duckdb.py
[2025-11-28T14:37:38.297+0000] {processor.py:830} INFO - Processing file /opt/airflow/dags/02_minio_to_duckdb.py for tasks to queue
[2025-11-28T14:37:38.301+0000] {logging_mixin.py:188} INFO - [2025-11-28T14:37:38.299+0000] {dagbag.py:538} INFO - Filling up the DagBag from /opt/airflow/dags/02_minio_to_duckdb.py
[2025-11-28T14:37:38.810+0000] {processor.py:840} INFO - DAG(s) 'minio_to_duckdb_pipeline' retrieved from /opt/airflow/dags/02_minio_to_duckdb.py
[2025-11-28T14:37:38.941+0000] {logging_mixin.py:188} INFO - [2025-11-28T14:37:38.940+0000] {dag.py:3036} INFO - Sync 1 DAGs
[2025-11-28T14:37:38.985+0000] {logging_mixin.py:188} INFO - [2025-11-28T14:37:38.984+0000] {dag.py:3823} INFO - Setting next_dagrun for minio_to_duckdb_pipeline to None, run_after=None
[2025-11-28T14:37:39.089+0000] {processor.py:183} INFO - Processing /opt/airflow/dags/02_minio_to_duckdb.py took 0.815 seconds
[2025-11-28T14:38:09.430+0000] {processor.py:161} INFO - Started process (PID=10964) to work on /opt/airflow/dags/02_minio_to_duckdb.py
[2025-11-28T14:38:09.433+0000] {processor.py:830} INFO - Processing file /opt/airflow/dags/02_minio_to_duckdb.py for tasks to queue
[2025-11-28T14:38:09.437+0000] {logging_mixin.py:188} INFO - [2025-11-28T14:38:09.435+0000] {dagbag.py:538} INFO - Filling up the DagBag from /opt/airflow/dags/02_minio_to_duckdb.py
[2025-11-28T14:38:09.712+0000] {processor.py:840} INFO - DAG(s) 'minio_to_duckdb_pipeline' retrieved from /opt/airflow/dags/02_minio_to_duckdb.py
[2025-11-28T14:38:09.789+0000] {logging_mixin.py:188} INFO - [2025-11-28T14:38:09.788+0000] {dag.py:3036} INFO - Sync 1 DAGs
[2025-11-28T14:38:09.814+0000] {logging_mixin.py:188} INFO - [2025-11-28T14:38:09.814+0000] {dag.py:3823} INFO - Setting next_dagrun for minio_to_duckdb_pipeline to None, run_after=None
[2025-11-28T14:38:09.856+0000] {processor.py:183} INFO - Processing /opt/airflow/dags/02_minio_to_duckdb.py took 0.439 seconds
[2025-11-28T14:38:40.020+0000] {processor.py:161} INFO - Started process (PID=11034) to work on /opt/airflow/dags/02_minio_to_duckdb.py
[2025-11-28T14:38:40.022+0000] {processor.py:830} INFO - Processing file /opt/airflow/dags/02_minio_to_duckdb.py for tasks to queue
[2025-11-28T14:38:40.025+0000] {logging_mixin.py:188} INFO - [2025-11-28T14:38:40.025+0000] {dagbag.py:538} INFO - Filling up the DagBag from /opt/airflow/dags/02_minio_to_duckdb.py
[2025-11-28T14:38:40.382+0000] {processor.py:840} INFO - DAG(s) 'minio_to_duckdb_pipeline' retrieved from /opt/airflow/dags/02_minio_to_duckdb.py
[2025-11-28T14:38:40.478+0000] {logging_mixin.py:188} INFO - [2025-11-28T14:38:40.477+0000] {dag.py:3036} INFO - Sync 1 DAGs
[2025-11-28T14:38:40.504+0000] {logging_mixin.py:188} INFO - [2025-11-28T14:38:40.504+0000] {dag.py:3823} INFO - Setting next_dagrun for minio_to_duckdb_pipeline to None, run_after=None
[2025-11-28T14:38:40.555+0000] {processor.py:183} INFO - Processing /opt/airflow/dags/02_minio_to_duckdb.py took 0.544 seconds
[2025-11-28T14:39:10.699+0000] {processor.py:161} INFO - Started process (PID=11104) to work on /opt/airflow/dags/02_minio_to_duckdb.py
[2025-11-28T14:39:10.708+0000] {processor.py:830} INFO - Processing file /opt/airflow/dags/02_minio_to_duckdb.py for tasks to queue
[2025-11-28T14:39:10.711+0000] {logging_mixin.py:188} INFO - [2025-11-28T14:39:10.710+0000] {dagbag.py:538} INFO - Filling up the DagBag from /opt/airflow/dags/02_minio_to_duckdb.py
[2025-11-28T14:39:11.039+0000] {processor.py:840} INFO - DAG(s) 'minio_to_duckdb_pipeline' retrieved from /opt/airflow/dags/02_minio_to_duckdb.py
[2025-11-28T14:39:11.177+0000] {logging_mixin.py:188} INFO - [2025-11-28T14:39:11.177+0000] {dag.py:3036} INFO - Sync 1 DAGs
[2025-11-28T14:39:11.201+0000] {logging_mixin.py:188} INFO - [2025-11-28T14:39:11.200+0000] {dag.py:3823} INFO - Setting next_dagrun for minio_to_duckdb_pipeline to None, run_after=None
[2025-11-28T14:39:11.240+0000] {processor.py:183} INFO - Processing /opt/airflow/dags/02_minio_to_duckdb.py took 0.550 seconds
[2025-11-28T14:39:41.637+0000] {processor.py:161} INFO - Started process (PID=11172) to work on /opt/airflow/dags/02_minio_to_duckdb.py
[2025-11-28T14:39:41.639+0000] {processor.py:830} INFO - Processing file /opt/airflow/dags/02_minio_to_duckdb.py for tasks to queue
[2025-11-28T14:39:41.641+0000] {logging_mixin.py:188} INFO - [2025-11-28T14:39:41.641+0000] {dagbag.py:538} INFO - Filling up the DagBag from /opt/airflow/dags/02_minio_to_duckdb.py
[2025-11-28T14:39:41.874+0000] {processor.py:840} INFO - DAG(s) 'minio_to_duckdb_pipeline' retrieved from /opt/airflow/dags/02_minio_to_duckdb.py
[2025-11-28T14:39:41.940+0000] {logging_mixin.py:188} INFO - [2025-11-28T14:39:41.940+0000] {dag.py:3036} INFO - Sync 1 DAGs
[2025-11-28T14:39:41.968+0000] {logging_mixin.py:188} INFO - [2025-11-28T14:39:41.967+0000] {dag.py:3823} INFO - Setting next_dagrun for minio_to_duckdb_pipeline to None, run_after=None
[2025-11-28T14:39:42.048+0000] {processor.py:183} INFO - Processing /opt/airflow/dags/02_minio_to_duckdb.py took 0.417 seconds
[2025-11-28T14:40:12.842+0000] {processor.py:161} INFO - Started process (PID=11223) to work on /opt/airflow/dags/02_minio_to_duckdb.py
[2025-11-28T14:40:12.844+0000] {processor.py:830} INFO - Processing file /opt/airflow/dags/02_minio_to_duckdb.py for tasks to queue
[2025-11-28T14:40:12.847+0000] {logging_mixin.py:188} INFO - [2025-11-28T14:40:12.846+0000] {dagbag.py:538} INFO - Filling up the DagBag from /opt/airflow/dags/02_minio_to_duckdb.py
[2025-11-28T14:40:13.084+0000] {processor.py:840} INFO - DAG(s) 'minio_to_duckdb_pipeline' retrieved from /opt/airflow/dags/02_minio_to_duckdb.py
[2025-11-28T14:40:13.166+0000] {logging_mixin.py:188} INFO - [2025-11-28T14:40:13.166+0000] {dag.py:3036} INFO - Sync 1 DAGs
[2025-11-28T14:40:13.196+0000] {logging_mixin.py:188} INFO - [2025-11-28T14:40:13.195+0000] {dag.py:3823} INFO - Setting next_dagrun for minio_to_duckdb_pipeline to None, run_after=None
[2025-11-28T14:40:13.255+0000] {processor.py:183} INFO - Processing /opt/airflow/dags/02_minio_to_duckdb.py took 0.425 seconds
[2025-11-28T14:40:43.970+0000] {processor.py:161} INFO - Started process (PID=11290) to work on /opt/airflow/dags/02_minio_to_duckdb.py
[2025-11-28T14:40:43.972+0000] {processor.py:830} INFO - Processing file /opt/airflow/dags/02_minio_to_duckdb.py for tasks to queue
[2025-11-28T14:40:43.975+0000] {logging_mixin.py:188} INFO - [2025-11-28T14:40:43.974+0000] {dagbag.py:538} INFO - Filling up the DagBag from /opt/airflow/dags/02_minio_to_duckdb.py
[2025-11-28T14:40:44.258+0000] {processor.py:840} INFO - DAG(s) 'minio_to_duckdb_pipeline' retrieved from /opt/airflow/dags/02_minio_to_duckdb.py
[2025-11-28T14:40:44.325+0000] {logging_mixin.py:188} INFO - [2025-11-28T14:40:44.324+0000] {dag.py:3036} INFO - Sync 1 DAGs
[2025-11-28T14:40:44.350+0000] {logging_mixin.py:188} INFO - [2025-11-28T14:40:44.349+0000] {dag.py:3823} INFO - Setting next_dagrun for minio_to_duckdb_pipeline to None, run_after=None
[2025-11-28T14:40:44.404+0000] {processor.py:183} INFO - Processing /opt/airflow/dags/02_minio_to_duckdb.py took 0.441 seconds
[2025-11-28T14:41:14.736+0000] {processor.py:161} INFO - Started process (PID=11360) to work on /opt/airflow/dags/02_minio_to_duckdb.py
[2025-11-28T14:41:14.738+0000] {processor.py:830} INFO - Processing file /opt/airflow/dags/02_minio_to_duckdb.py for tasks to queue
[2025-11-28T14:41:14.740+0000] {logging_mixin.py:188} INFO - [2025-11-28T14:41:14.739+0000] {dagbag.py:538} INFO - Filling up the DagBag from /opt/airflow/dags/02_minio_to_duckdb.py
[2025-11-28T14:41:14.967+0000] {processor.py:840} INFO - DAG(s) 'minio_to_duckdb_pipeline' retrieved from /opt/airflow/dags/02_minio_to_duckdb.py
[2025-11-28T14:41:15.026+0000] {logging_mixin.py:188} INFO - [2025-11-28T14:41:15.025+0000] {dag.py:3036} INFO - Sync 1 DAGs
[2025-11-28T14:41:15.049+0000] {logging_mixin.py:188} INFO - [2025-11-28T14:41:15.049+0000] {dag.py:3823} INFO - Setting next_dagrun for minio_to_duckdb_pipeline to None, run_after=None
[2025-11-28T14:41:15.100+0000] {processor.py:183} INFO - Processing /opt/airflow/dags/02_minio_to_duckdb.py took 0.372 seconds
[2025-11-28T14:41:45.343+0000] {processor.py:161} INFO - Started process (PID=11435) to work on /opt/airflow/dags/02_minio_to_duckdb.py
[2025-11-28T14:41:45.344+0000] {processor.py:830} INFO - Processing file /opt/airflow/dags/02_minio_to_duckdb.py for tasks to queue
[2025-11-28T14:41:45.346+0000] {logging_mixin.py:188} INFO - [2025-11-28T14:41:45.346+0000] {dagbag.py:538} INFO - Filling up the DagBag from /opt/airflow/dags/02_minio_to_duckdb.py
[2025-11-28T14:41:45.540+0000] {processor.py:840} INFO - DAG(s) 'minio_to_duckdb_pipeline' retrieved from /opt/airflow/dags/02_minio_to_duckdb.py
[2025-11-28T14:41:45.605+0000] {logging_mixin.py:188} INFO - [2025-11-28T14:41:45.605+0000] {dag.py:3036} INFO - Sync 1 DAGs
[2025-11-28T14:41:45.632+0000] {logging_mixin.py:188} INFO - [2025-11-28T14:41:45.631+0000] {dag.py:3823} INFO - Setting next_dagrun for minio_to_duckdb_pipeline to None, run_after=None
[2025-11-28T14:41:45.671+0000] {processor.py:183} INFO - Processing /opt/airflow/dags/02_minio_to_duckdb.py took 0.335 seconds
[2025-11-28T14:42:16.275+0000] {processor.py:161} INFO - Started process (PID=11500) to work on /opt/airflow/dags/02_minio_to_duckdb.py
[2025-11-28T14:42:16.278+0000] {processor.py:830} INFO - Processing file /opt/airflow/dags/02_minio_to_duckdb.py for tasks to queue
[2025-11-28T14:42:16.280+0000] {logging_mixin.py:188} INFO - [2025-11-28T14:42:16.279+0000] {dagbag.py:538} INFO - Filling up the DagBag from /opt/airflow/dags/02_minio_to_duckdb.py
[2025-11-28T14:42:16.500+0000] {processor.py:840} INFO - DAG(s) 'minio_to_duckdb_pipeline' retrieved from /opt/airflow/dags/02_minio_to_duckdb.py
[2025-11-28T14:42:16.557+0000] {logging_mixin.py:188} INFO - [2025-11-28T14:42:16.556+0000] {dag.py:3036} INFO - Sync 1 DAGs
[2025-11-28T14:42:16.579+0000] {logging_mixin.py:188} INFO - [2025-11-28T14:42:16.578+0000] {dag.py:3823} INFO - Setting next_dagrun for minio_to_duckdb_pipeline to None, run_after=None
[2025-11-28T14:42:16.627+0000] {processor.py:183} INFO - Processing /opt/airflow/dags/02_minio_to_duckdb.py took 0.362 seconds
[2025-11-28T14:42:46.807+0000] {processor.py:161} INFO - Started process (PID=11570) to work on /opt/airflow/dags/02_minio_to_duckdb.py
[2025-11-28T14:42:46.812+0000] {processor.py:830} INFO - Processing file /opt/airflow/dags/02_minio_to_duckdb.py for tasks to queue
[2025-11-28T14:42:46.815+0000] {logging_mixin.py:188} INFO - [2025-11-28T14:42:46.814+0000] {dagbag.py:538} INFO - Filling up the DagBag from /opt/airflow/dags/02_minio_to_duckdb.py
[2025-11-28T14:42:47.073+0000] {processor.py:840} INFO - DAG(s) 'minio_to_duckdb_pipeline' retrieved from /opt/airflow/dags/02_minio_to_duckdb.py
[2025-11-28T14:42:47.142+0000] {logging_mixin.py:188} INFO - [2025-11-28T14:42:47.141+0000] {dag.py:3036} INFO - Sync 1 DAGs
[2025-11-28T14:42:47.168+0000] {logging_mixin.py:188} INFO - [2025-11-28T14:42:47.167+0000] {dag.py:3823} INFO - Setting next_dagrun for minio_to_duckdb_pipeline to None, run_after=None
[2025-11-28T14:42:47.229+0000] {processor.py:183} INFO - Processing /opt/airflow/dags/02_minio_to_duckdb.py took 0.432 seconds
