[2025-11-24T07:26:40.387+0000] {processor.py:161} INFO - Started process (PID=216) to work on /opt/airflow/dags/dag_three.py
[2025-11-24T07:26:40.389+0000] {processor.py:830} INFO - Processing file /opt/airflow/dags/dag_three.py for tasks to queue
[2025-11-24T07:26:40.390+0000] {logging_mixin.py:188} INFO - [2025-11-24T07:26:40.390+0000] {dagbag.py:538} INFO - Filling up the DagBag from /opt/airflow/dags/dag_three.py
[2025-11-24T07:26:40.881+0000] {processor.py:840} INFO - DAG(s) 'duckdb_to_iceberg_bronze' retrieved from /opt/airflow/dags/dag_three.py
[2025-11-24T07:26:40.911+0000] {logging_mixin.py:188} INFO - [2025-11-24T07:26:40.910+0000] {dag.py:3036} INFO - Sync 1 DAGs
[2025-11-24T07:26:40.924+0000] {logging_mixin.py:188} INFO - [2025-11-24T07:26:40.924+0000] {dag.py:3823} INFO - Setting next_dagrun for duckdb_to_iceberg_bronze to None, run_after=None
[2025-11-24T07:26:40.948+0000] {processor.py:183} INFO - Processing /opt/airflow/dags/dag_three.py took 0.566 seconds
[2025-11-24T07:27:10.995+0000] {processor.py:161} INFO - Started process (PID=351) to work on /opt/airflow/dags/dag_three.py
[2025-11-24T07:27:10.996+0000] {processor.py:830} INFO - Processing file /opt/airflow/dags/dag_three.py for tasks to queue
[2025-11-24T07:27:10.997+0000] {logging_mixin.py:188} INFO - [2025-11-24T07:27:10.997+0000] {dagbag.py:538} INFO - Filling up the DagBag from /opt/airflow/dags/dag_three.py
[2025-11-24T07:27:11.383+0000] {processor.py:840} INFO - DAG(s) 'duckdb_to_iceberg_bronze' retrieved from /opt/airflow/dags/dag_three.py
[2025-11-24T07:27:11.395+0000] {logging_mixin.py:188} INFO - [2025-11-24T07:27:11.394+0000] {dag.py:3036} INFO - Sync 1 DAGs
[2025-11-24T07:27:11.403+0000] {logging_mixin.py:188} INFO - [2025-11-24T07:27:11.403+0000] {dag.py:3823} INFO - Setting next_dagrun for duckdb_to_iceberg_bronze to None, run_after=None
[2025-11-24T07:27:11.428+0000] {processor.py:183} INFO - Processing /opt/airflow/dags/dag_three.py took 0.439 seconds
[2025-11-24T07:27:41.593+0000] {processor.py:161} INFO - Started process (PID=420) to work on /opt/airflow/dags/dag_three.py
[2025-11-24T07:27:41.594+0000] {processor.py:830} INFO - Processing file /opt/airflow/dags/dag_three.py for tasks to queue
[2025-11-24T07:27:41.595+0000] {logging_mixin.py:188} INFO - [2025-11-24T07:27:41.595+0000] {dagbag.py:538} INFO - Filling up the DagBag from /opt/airflow/dags/dag_three.py
[2025-11-24T07:27:41.974+0000] {processor.py:840} INFO - DAG(s) 'duckdb_to_iceberg_bronze' retrieved from /opt/airflow/dags/dag_three.py
[2025-11-24T07:27:42.053+0000] {logging_mixin.py:188} INFO - [2025-11-24T07:27:42.053+0000] {dag.py:3036} INFO - Sync 1 DAGs
[2025-11-24T07:27:42.059+0000] {logging_mixin.py:188} INFO - [2025-11-24T07:27:42.059+0000] {dag.py:3823} INFO - Setting next_dagrun for duckdb_to_iceberg_bronze to None, run_after=None
[2025-11-24T07:27:42.085+0000] {processor.py:183} INFO - Processing /opt/airflow/dags/dag_three.py took 0.495 seconds
[2025-11-24T07:28:12.209+0000] {processor.py:161} INFO - Started process (PID=523) to work on /opt/airflow/dags/dag_three.py
[2025-11-24T07:28:12.210+0000] {processor.py:830} INFO - Processing file /opt/airflow/dags/dag_three.py for tasks to queue
[2025-11-24T07:28:12.212+0000] {logging_mixin.py:188} INFO - [2025-11-24T07:28:12.212+0000] {dagbag.py:538} INFO - Filling up the DagBag from /opt/airflow/dags/dag_three.py
[2025-11-24T07:28:12.601+0000] {processor.py:840} INFO - DAG(s) 'duckdb_to_iceberg_bronze' retrieved from /opt/airflow/dags/dag_three.py
[2025-11-24T07:28:12.623+0000] {logging_mixin.py:188} INFO - [2025-11-24T07:28:12.622+0000] {dag.py:3036} INFO - Sync 1 DAGs
[2025-11-24T07:28:12.634+0000] {logging_mixin.py:188} INFO - [2025-11-24T07:28:12.633+0000] {dag.py:3823} INFO - Setting next_dagrun for duckdb_to_iceberg_bronze to None, run_after=None
[2025-11-24T07:28:12.648+0000] {processor.py:183} INFO - Processing /opt/airflow/dags/dag_three.py took 0.446 seconds
[2025-11-24T07:28:42.686+0000] {processor.py:161} INFO - Started process (PID=609) to work on /opt/airflow/dags/dag_three.py
[2025-11-24T07:28:42.687+0000] {processor.py:830} INFO - Processing file /opt/airflow/dags/dag_three.py for tasks to queue
[2025-11-24T07:28:42.688+0000] {logging_mixin.py:188} INFO - [2025-11-24T07:28:42.688+0000] {dagbag.py:538} INFO - Filling up the DagBag from /opt/airflow/dags/dag_three.py
[2025-11-24T07:28:43.046+0000] {processor.py:840} INFO - DAG(s) 'duckdb_to_iceberg_bronze' retrieved from /opt/airflow/dags/dag_three.py
[2025-11-24T07:28:43.064+0000] {logging_mixin.py:188} INFO - [2025-11-24T07:28:43.063+0000] {dag.py:3036} INFO - Sync 1 DAGs
[2025-11-24T07:28:43.073+0000] {logging_mixin.py:188} INFO - [2025-11-24T07:28:43.073+0000] {dag.py:3823} INFO - Setting next_dagrun for duckdb_to_iceberg_bronze to None, run_after=None
[2025-11-24T07:28:43.105+0000] {processor.py:183} INFO - Processing /opt/airflow/dags/dag_three.py took 0.422 seconds
[2025-11-24T07:29:13.821+0000] {processor.py:161} INFO - Started process (PID=695) to work on /opt/airflow/dags/dag_three.py
[2025-11-24T07:29:13.822+0000] {processor.py:830} INFO - Processing file /opt/airflow/dags/dag_three.py for tasks to queue
[2025-11-24T07:29:13.824+0000] {logging_mixin.py:188} INFO - [2025-11-24T07:29:13.823+0000] {dagbag.py:538} INFO - Filling up the DagBag from /opt/airflow/dags/dag_three.py
[2025-11-24T07:29:14.210+0000] {processor.py:840} INFO - DAG(s) 'duckdb_to_iceberg_bronze' retrieved from /opt/airflow/dags/dag_three.py
[2025-11-24T07:29:14.234+0000] {logging_mixin.py:188} INFO - [2025-11-24T07:29:14.234+0000] {dag.py:3036} INFO - Sync 1 DAGs
[2025-11-24T07:29:14.246+0000] {logging_mixin.py:188} INFO - [2025-11-24T07:29:14.246+0000] {dag.py:3823} INFO - Setting next_dagrun for duckdb_to_iceberg_bronze to None, run_after=None
[2025-11-24T07:29:14.273+0000] {processor.py:183} INFO - Processing /opt/airflow/dags/dag_three.py took 0.458 seconds
[2025-11-24T07:29:44.527+0000] {processor.py:161} INFO - Started process (PID=781) to work on /opt/airflow/dags/dag_three.py
[2025-11-24T07:29:44.529+0000] {processor.py:830} INFO - Processing file /opt/airflow/dags/dag_three.py for tasks to queue
[2025-11-24T07:29:44.535+0000] {logging_mixin.py:188} INFO - [2025-11-24T07:29:44.533+0000] {dagbag.py:538} INFO - Filling up the DagBag from /opt/airflow/dags/dag_three.py
[2025-11-24T07:29:44.952+0000] {processor.py:840} INFO - DAG(s) 'duckdb_to_iceberg_bronze' retrieved from /opt/airflow/dags/dag_three.py
[2025-11-24T07:29:44.983+0000] {logging_mixin.py:188} INFO - [2025-11-24T07:29:44.982+0000] {dag.py:3036} INFO - Sync 1 DAGs
[2025-11-24T07:29:45.032+0000] {logging_mixin.py:188} INFO - [2025-11-24T07:29:45.031+0000] {dag.py:3823} INFO - Setting next_dagrun for duckdb_to_iceberg_bronze to None, run_after=None
[2025-11-24T07:29:45.099+0000] {processor.py:183} INFO - Processing /opt/airflow/dags/dag_three.py took 0.580 seconds
[2025-11-24T07:30:15.192+0000] {processor.py:161} INFO - Started process (PID=867) to work on /opt/airflow/dags/dag_three.py
[2025-11-24T07:30:15.193+0000] {processor.py:830} INFO - Processing file /opt/airflow/dags/dag_three.py for tasks to queue
[2025-11-24T07:30:15.194+0000] {logging_mixin.py:188} INFO - [2025-11-24T07:30:15.194+0000] {dagbag.py:538} INFO - Filling up the DagBag from /opt/airflow/dags/dag_three.py
[2025-11-24T07:30:15.560+0000] {processor.py:840} INFO - DAG(s) 'duckdb_to_iceberg_bronze' retrieved from /opt/airflow/dags/dag_three.py
[2025-11-24T07:30:15.579+0000] {logging_mixin.py:188} INFO - [2025-11-24T07:30:15.579+0000] {dag.py:3036} INFO - Sync 1 DAGs
[2025-11-24T07:30:15.589+0000] {logging_mixin.py:188} INFO - [2025-11-24T07:30:15.588+0000] {dag.py:3823} INFO - Setting next_dagrun for duckdb_to_iceberg_bronze to None, run_after=None
[2025-11-24T07:30:15.613+0000] {processor.py:183} INFO - Processing /opt/airflow/dags/dag_three.py took 0.426 seconds
[2025-11-24T07:30:45.825+0000] {processor.py:161} INFO - Started process (PID=995) to work on /opt/airflow/dags/dag_three.py
[2025-11-24T07:30:45.826+0000] {processor.py:830} INFO - Processing file /opt/airflow/dags/dag_three.py for tasks to queue
[2025-11-24T07:30:45.827+0000] {logging_mixin.py:188} INFO - [2025-11-24T07:30:45.827+0000] {dagbag.py:538} INFO - Filling up the DagBag from /opt/airflow/dags/dag_three.py
[2025-11-24T07:30:46.246+0000] {processor.py:840} INFO - DAG(s) 'duckdb_to_iceberg_bronze' retrieved from /opt/airflow/dags/dag_three.py
[2025-11-24T07:30:46.263+0000] {logging_mixin.py:188} INFO - [2025-11-24T07:30:46.262+0000] {dag.py:3036} INFO - Sync 1 DAGs
[2025-11-24T07:30:46.274+0000] {logging_mixin.py:188} INFO - [2025-11-24T07:30:46.273+0000] {dag.py:3823} INFO - Setting next_dagrun for duckdb_to_iceberg_bronze to None, run_after=None
[2025-11-24T07:30:46.289+0000] {processor.py:183} INFO - Processing /opt/airflow/dags/dag_three.py took 0.469 seconds
[2025-11-24T07:31:17.148+0000] {processor.py:161} INFO - Started process (PID=1099) to work on /opt/airflow/dags/dag_three.py
[2025-11-24T07:31:17.149+0000] {processor.py:830} INFO - Processing file /opt/airflow/dags/dag_three.py for tasks to queue
[2025-11-24T07:31:17.150+0000] {logging_mixin.py:188} INFO - [2025-11-24T07:31:17.150+0000] {dagbag.py:538} INFO - Filling up the DagBag from /opt/airflow/dags/dag_three.py
[2025-11-24T07:31:17.549+0000] {processor.py:840} INFO - DAG(s) 'duckdb_to_iceberg_bronze' retrieved from /opt/airflow/dags/dag_three.py
[2025-11-24T07:31:17.633+0000] {logging_mixin.py:188} INFO - [2025-11-24T07:31:17.632+0000] {dag.py:3036} INFO - Sync 1 DAGs
[2025-11-24T07:31:17.639+0000] {logging_mixin.py:188} INFO - [2025-11-24T07:31:17.639+0000] {dag.py:3823} INFO - Setting next_dagrun for duckdb_to_iceberg_bronze to None, run_after=None
[2025-11-24T07:31:17.653+0000] {processor.py:183} INFO - Processing /opt/airflow/dags/dag_three.py took 0.513 seconds
[2025-11-24T07:31:47.835+0000] {processor.py:161} INFO - Started process (PID=1256) to work on /opt/airflow/dags/dag_three.py
[2025-11-24T07:31:47.836+0000] {processor.py:830} INFO - Processing file /opt/airflow/dags/dag_three.py for tasks to queue
[2025-11-24T07:31:47.837+0000] {logging_mixin.py:188} INFO - [2025-11-24T07:31:47.836+0000] {dagbag.py:538} INFO - Filling up the DagBag from /opt/airflow/dags/dag_three.py
[2025-11-24T07:31:48.218+0000] {processor.py:840} INFO - DAG(s) 'duckdb_to_iceberg_bronze' retrieved from /opt/airflow/dags/dag_three.py
[2025-11-24T07:31:48.239+0000] {logging_mixin.py:188} INFO - [2025-11-24T07:31:48.238+0000] {dag.py:3036} INFO - Sync 1 DAGs
[2025-11-24T07:31:48.247+0000] {logging_mixin.py:188} INFO - [2025-11-24T07:31:48.247+0000] {dag.py:3823} INFO - Setting next_dagrun for duckdb_to_iceberg_bronze to None, run_after=None
[2025-11-24T07:31:48.272+0000] {processor.py:183} INFO - Processing /opt/airflow/dags/dag_three.py took 0.440 seconds
[2025-11-24T07:32:18.950+0000] {processor.py:161} INFO - Started process (PID=1372) to work on /opt/airflow/dags/dag_three.py
[2025-11-24T07:32:18.951+0000] {processor.py:830} INFO - Processing file /opt/airflow/dags/dag_three.py for tasks to queue
[2025-11-24T07:32:18.953+0000] {logging_mixin.py:188} INFO - [2025-11-24T07:32:18.952+0000] {dagbag.py:538} INFO - Filling up the DagBag from /opt/airflow/dags/dag_three.py
[2025-11-24T07:32:19.327+0000] {processor.py:840} INFO - DAG(s) 'duckdb_to_iceberg_bronze' retrieved from /opt/airflow/dags/dag_three.py
[2025-11-24T07:32:19.346+0000] {logging_mixin.py:188} INFO - [2025-11-24T07:32:19.345+0000] {dag.py:3036} INFO - Sync 1 DAGs
[2025-11-24T07:32:19.356+0000] {logging_mixin.py:188} INFO - [2025-11-24T07:32:19.356+0000] {dag.py:3823} INFO - Setting next_dagrun for duckdb_to_iceberg_bronze to None, run_after=None
[2025-11-24T07:32:19.380+0000] {processor.py:183} INFO - Processing /opt/airflow/dags/dag_three.py took 0.435 seconds
[2025-11-24T07:32:49.571+0000] {processor.py:161} INFO - Started process (PID=1458) to work on /opt/airflow/dags/dag_three.py
[2025-11-24T07:32:49.572+0000] {processor.py:830} INFO - Processing file /opt/airflow/dags/dag_three.py for tasks to queue
[2025-11-24T07:32:49.573+0000] {logging_mixin.py:188} INFO - [2025-11-24T07:32:49.573+0000] {dagbag.py:538} INFO - Filling up the DagBag from /opt/airflow/dags/dag_three.py
[2025-11-24T07:32:49.962+0000] {processor.py:840} INFO - DAG(s) 'duckdb_to_iceberg_bronze' retrieved from /opt/airflow/dags/dag_three.py
[2025-11-24T07:32:49.986+0000] {logging_mixin.py:188} INFO - [2025-11-24T07:32:49.986+0000] {dag.py:3036} INFO - Sync 1 DAGs
[2025-11-24T07:32:49.997+0000] {logging_mixin.py:188} INFO - [2025-11-24T07:32:49.997+0000] {dag.py:3823} INFO - Setting next_dagrun for duckdb_to_iceberg_bronze to None, run_after=None
[2025-11-24T07:32:50.027+0000] {processor.py:183} INFO - Processing /opt/airflow/dags/dag_three.py took 0.462 seconds
[2025-11-24T07:33:20.071+0000] {processor.py:161} INFO - Started process (PID=1544) to work on /opt/airflow/dags/dag_three.py
[2025-11-24T07:33:20.073+0000] {processor.py:830} INFO - Processing file /opt/airflow/dags/dag_three.py for tasks to queue
[2025-11-24T07:33:20.074+0000] {logging_mixin.py:188} INFO - [2025-11-24T07:33:20.074+0000] {dagbag.py:538} INFO - Filling up the DagBag from /opt/airflow/dags/dag_three.py
[2025-11-24T07:33:20.473+0000] {processor.py:840} INFO - DAG(s) 'duckdb_to_iceberg_bronze' retrieved from /opt/airflow/dags/dag_three.py
[2025-11-24T07:33:20.491+0000] {logging_mixin.py:188} INFO - [2025-11-24T07:33:20.491+0000] {dag.py:3036} INFO - Sync 1 DAGs
[2025-11-24T07:33:20.499+0000] {logging_mixin.py:188} INFO - [2025-11-24T07:33:20.499+0000] {dag.py:3823} INFO - Setting next_dagrun for duckdb_to_iceberg_bronze to None, run_after=None
[2025-11-24T07:33:20.516+0000] {processor.py:183} INFO - Processing /opt/airflow/dags/dag_three.py took 0.450 seconds
[2025-11-24T07:33:50.762+0000] {processor.py:161} INFO - Started process (PID=1627) to work on /opt/airflow/dags/dag_three.py
[2025-11-24T07:33:50.763+0000] {processor.py:830} INFO - Processing file /opt/airflow/dags/dag_three.py for tasks to queue
[2025-11-24T07:33:50.765+0000] {logging_mixin.py:188} INFO - [2025-11-24T07:33:50.764+0000] {dagbag.py:538} INFO - Filling up the DagBag from /opt/airflow/dags/dag_three.py
[2025-11-24T07:33:51.154+0000] {processor.py:840} INFO - DAG(s) 'duckdb_to_iceberg_bronze' retrieved from /opt/airflow/dags/dag_three.py
[2025-11-24T07:33:51.179+0000] {logging_mixin.py:188} INFO - [2025-11-24T07:33:51.179+0000] {dag.py:3036} INFO - Sync 1 DAGs
[2025-11-24T07:33:51.196+0000] {logging_mixin.py:188} INFO - [2025-11-24T07:33:51.196+0000] {dag.py:3823} INFO - Setting next_dagrun for duckdb_to_iceberg_bronze to None, run_after=None
[2025-11-24T07:33:51.225+0000] {processor.py:183} INFO - Processing /opt/airflow/dags/dag_three.py took 0.465 seconds
[2025-11-24T07:34:21.360+0000] {processor.py:161} INFO - Started process (PID=1692) to work on /opt/airflow/dags/dag_three.py
[2025-11-24T07:34:21.361+0000] {processor.py:830} INFO - Processing file /opt/airflow/dags/dag_three.py for tasks to queue
[2025-11-24T07:34:21.363+0000] {logging_mixin.py:188} INFO - [2025-11-24T07:34:21.362+0000] {dagbag.py:538} INFO - Filling up the DagBag from /opt/airflow/dags/dag_three.py
[2025-11-24T07:34:21.724+0000] {processor.py:840} INFO - DAG(s) 'duckdb_to_iceberg_bronze' retrieved from /opt/airflow/dags/dag_three.py
[2025-11-24T07:34:21.746+0000] {logging_mixin.py:188} INFO - [2025-11-24T07:34:21.745+0000] {dag.py:3036} INFO - Sync 1 DAGs
[2025-11-24T07:34:21.755+0000] {logging_mixin.py:188} INFO - [2025-11-24T07:34:21.755+0000] {dag.py:3823} INFO - Setting next_dagrun for duckdb_to_iceberg_bronze to None, run_after=None
[2025-11-24T07:34:21.779+0000] {processor.py:183} INFO - Processing /opt/airflow/dags/dag_three.py took 0.423 seconds
[2025-11-24T07:34:51.834+0000] {processor.py:161} INFO - Started process (PID=1778) to work on /opt/airflow/dags/dag_three.py
[2025-11-24T07:34:51.836+0000] {processor.py:830} INFO - Processing file /opt/airflow/dags/dag_three.py for tasks to queue
[2025-11-24T07:34:51.838+0000] {logging_mixin.py:188} INFO - [2025-11-24T07:34:51.837+0000] {dagbag.py:538} INFO - Filling up the DagBag from /opt/airflow/dags/dag_three.py
[2025-11-24T07:34:52.194+0000] {processor.py:840} INFO - DAG(s) 'duckdb_to_iceberg_bronze' retrieved from /opt/airflow/dags/dag_three.py
[2025-11-24T07:34:52.217+0000] {logging_mixin.py:188} INFO - [2025-11-24T07:34:52.217+0000] {dag.py:3036} INFO - Sync 1 DAGs
[2025-11-24T07:34:52.227+0000] {logging_mixin.py:188} INFO - [2025-11-24T07:34:52.227+0000] {dag.py:3823} INFO - Setting next_dagrun for duckdb_to_iceberg_bronze to None, run_after=None
[2025-11-24T07:34:52.252+0000] {processor.py:183} INFO - Processing /opt/airflow/dags/dag_three.py took 0.424 seconds
[2025-11-24T07:35:23.103+0000] {processor.py:161} INFO - Started process (PID=1864) to work on /opt/airflow/dags/dag_three.py
[2025-11-24T07:35:23.105+0000] {processor.py:830} INFO - Processing file /opt/airflow/dags/dag_three.py for tasks to queue
[2025-11-24T07:35:23.107+0000] {logging_mixin.py:188} INFO - [2025-11-24T07:35:23.106+0000] {dagbag.py:538} INFO - Filling up the DagBag from /opt/airflow/dags/dag_three.py
[2025-11-24T07:35:23.485+0000] {processor.py:840} INFO - DAG(s) 'duckdb_to_iceberg_bronze' retrieved from /opt/airflow/dags/dag_three.py
[2025-11-24T07:35:23.505+0000] {logging_mixin.py:188} INFO - [2025-11-24T07:35:23.505+0000] {dag.py:3036} INFO - Sync 1 DAGs
[2025-11-24T07:35:23.517+0000] {logging_mixin.py:188} INFO - [2025-11-24T07:35:23.516+0000] {dag.py:3823} INFO - Setting next_dagrun for duckdb_to_iceberg_bronze to None, run_after=None
[2025-11-24T07:35:23.561+0000] {processor.py:183} INFO - Processing /opt/airflow/dags/dag_three.py took 0.463 seconds
[2025-11-24T07:35:32.999+0000] {processor.py:161} INFO - Started process (PID=1930) to work on /opt/airflow/dags/dag_three.py
[2025-11-24T07:35:33.000+0000] {processor.py:830} INFO - Processing file /opt/airflow/dags/dag_three.py for tasks to queue
[2025-11-24T07:35:33.003+0000] {logging_mixin.py:188} INFO - [2025-11-24T07:35:33.002+0000] {dagbag.py:538} INFO - Filling up the DagBag from /opt/airflow/dags/dag_three.py
[2025-11-24T07:35:33.391+0000] {processor.py:840} INFO - DAG(s) 'duckdb_to_iceberg_bronze' retrieved from /opt/airflow/dags/dag_three.py
[2025-11-24T07:35:33.410+0000] {logging_mixin.py:188} INFO - [2025-11-24T07:35:33.409+0000] {dag.py:3036} INFO - Sync 1 DAGs
[2025-11-24T07:35:33.420+0000] {logging_mixin.py:188} INFO - [2025-11-24T07:35:33.420+0000] {dag.py:3823} INFO - Setting next_dagrun for duckdb_to_iceberg_bronze to None, run_after=None
[2025-11-24T07:35:33.447+0000] {processor.py:183} INFO - Processing /opt/airflow/dags/dag_three.py took 0.453 seconds
[2025-11-24T07:36:03.683+0000] {processor.py:161} INFO - Started process (PID=2016) to work on /opt/airflow/dags/dag_three.py
[2025-11-24T07:36:03.685+0000] {processor.py:830} INFO - Processing file /opt/airflow/dags/dag_three.py for tasks to queue
[2025-11-24T07:36:03.686+0000] {logging_mixin.py:188} INFO - [2025-11-24T07:36:03.686+0000] {dagbag.py:538} INFO - Filling up the DagBag from /opt/airflow/dags/dag_three.py
[2025-11-24T07:36:04.071+0000] {processor.py:840} INFO - DAG(s) 'duckdb_to_iceberg_bronze' retrieved from /opt/airflow/dags/dag_three.py
[2025-11-24T07:36:04.091+0000] {logging_mixin.py:188} INFO - [2025-11-24T07:36:04.091+0000] {dag.py:3036} INFO - Sync 1 DAGs
[2025-11-24T07:36:04.099+0000] {logging_mixin.py:188} INFO - [2025-11-24T07:36:04.099+0000] {dag.py:3823} INFO - Setting next_dagrun for duckdb_to_iceberg_bronze to None, run_after=None
[2025-11-24T07:36:04.127+0000] {processor.py:183} INFO - Processing /opt/airflow/dags/dag_three.py took 0.448 seconds
[2025-11-24T07:36:34.559+0000] {processor.py:161} INFO - Started process (PID=2120) to work on /opt/airflow/dags/dag_three.py
[2025-11-24T07:36:34.560+0000] {processor.py:830} INFO - Processing file /opt/airflow/dags/dag_three.py for tasks to queue
[2025-11-24T07:36:34.560+0000] {logging_mixin.py:188} INFO - [2025-11-24T07:36:34.560+0000] {dagbag.py:538} INFO - Filling up the DagBag from /opt/airflow/dags/dag_three.py
[2025-11-24T07:36:34.956+0000] {processor.py:840} INFO - DAG(s) 'duckdb_to_iceberg_bronze' retrieved from /opt/airflow/dags/dag_three.py
[2025-11-24T07:36:34.979+0000] {logging_mixin.py:188} INFO - [2025-11-24T07:36:34.978+0000] {dag.py:3036} INFO - Sync 1 DAGs
[2025-11-24T07:36:34.987+0000] {logging_mixin.py:188} INFO - [2025-11-24T07:36:34.987+0000] {dag.py:3823} INFO - Setting next_dagrun for duckdb_to_iceberg_bronze to None, run_after=None
[2025-11-24T07:36:35.003+0000] {processor.py:183} INFO - Processing /opt/airflow/dags/dag_three.py took 0.447 seconds
[2025-11-24T07:37:05.080+0000] {processor.py:161} INFO - Started process (PID=2202) to work on /opt/airflow/dags/dag_three.py
[2025-11-24T07:37:05.081+0000] {processor.py:830} INFO - Processing file /opt/airflow/dags/dag_three.py for tasks to queue
[2025-11-24T07:37:05.082+0000] {logging_mixin.py:188} INFO - [2025-11-24T07:37:05.082+0000] {dagbag.py:538} INFO - Filling up the DagBag from /opt/airflow/dags/dag_three.py
[2025-11-24T07:37:05.478+0000] {processor.py:840} INFO - DAG(s) 'duckdb_to_iceberg_bronze' retrieved from /opt/airflow/dags/dag_three.py
[2025-11-24T07:37:05.629+0000] {logging_mixin.py:188} INFO - [2025-11-24T07:37:05.628+0000] {dag.py:3036} INFO - Sync 1 DAGs
[2025-11-24T07:37:05.639+0000] {logging_mixin.py:188} INFO - [2025-11-24T07:37:05.639+0000] {dag.py:3823} INFO - Setting next_dagrun for duckdb_to_iceberg_bronze to None, run_after=None
[2025-11-24T07:37:05.660+0000] {processor.py:183} INFO - Processing /opt/airflow/dags/dag_three.py took 0.582 seconds
[2025-11-24T07:37:36.059+0000] {processor.py:161} INFO - Started process (PID=2305) to work on /opt/airflow/dags/dag_three.py
[2025-11-24T07:37:36.060+0000] {processor.py:830} INFO - Processing file /opt/airflow/dags/dag_three.py for tasks to queue
[2025-11-24T07:37:36.060+0000] {logging_mixin.py:188} INFO - [2025-11-24T07:37:36.060+0000] {dagbag.py:538} INFO - Filling up the DagBag from /opt/airflow/dags/dag_three.py
[2025-11-24T07:37:36.421+0000] {processor.py:840} INFO - DAG(s) 'duckdb_to_iceberg_bronze' retrieved from /opt/airflow/dags/dag_three.py
[2025-11-24T07:37:36.438+0000] {logging_mixin.py:188} INFO - [2025-11-24T07:37:36.438+0000] {dag.py:3036} INFO - Sync 1 DAGs
[2025-11-24T07:37:36.447+0000] {logging_mixin.py:188} INFO - [2025-11-24T07:37:36.447+0000] {dag.py:3823} INFO - Setting next_dagrun for duckdb_to_iceberg_bronze to None, run_after=None
[2025-11-24T07:37:36.483+0000] {processor.py:183} INFO - Processing /opt/airflow/dags/dag_three.py took 0.428 seconds
[2025-11-24T07:38:06.989+0000] {processor.py:161} INFO - Started process (PID=2391) to work on /opt/airflow/dags/dag_three.py
[2025-11-24T07:38:06.991+0000] {processor.py:830} INFO - Processing file /opt/airflow/dags/dag_three.py for tasks to queue
[2025-11-24T07:38:06.993+0000] {logging_mixin.py:188} INFO - [2025-11-24T07:38:06.992+0000] {dagbag.py:538} INFO - Filling up the DagBag from /opt/airflow/dags/dag_three.py
[2025-11-24T07:38:07.384+0000] {processor.py:840} INFO - DAG(s) 'duckdb_to_iceberg_bronze' retrieved from /opt/airflow/dags/dag_three.py
[2025-11-24T07:38:07.399+0000] {logging_mixin.py:188} INFO - [2025-11-24T07:38:07.399+0000] {dag.py:3036} INFO - Sync 1 DAGs
[2025-11-24T07:38:07.409+0000] {logging_mixin.py:188} INFO - [2025-11-24T07:38:07.409+0000] {dag.py:3823} INFO - Setting next_dagrun for duckdb_to_iceberg_bronze to None, run_after=None
[2025-11-24T07:38:07.425+0000] {processor.py:183} INFO - Processing /opt/airflow/dags/dag_three.py took 0.442 seconds
[2025-11-24T07:38:37.679+0000] {processor.py:161} INFO - Started process (PID=2477) to work on /opt/airflow/dags/dag_three.py
[2025-11-24T07:38:37.682+0000] {processor.py:830} INFO - Processing file /opt/airflow/dags/dag_three.py for tasks to queue
[2025-11-24T07:38:37.684+0000] {logging_mixin.py:188} INFO - [2025-11-24T07:38:37.683+0000] {dagbag.py:538} INFO - Filling up the DagBag from /opt/airflow/dags/dag_three.py
[2025-11-24T07:38:38.074+0000] {processor.py:840} INFO - DAG(s) 'duckdb_to_iceberg_bronze' retrieved from /opt/airflow/dags/dag_three.py
[2025-11-24T07:38:38.152+0000] {logging_mixin.py:188} INFO - [2025-11-24T07:38:38.152+0000] {dag.py:3036} INFO - Sync 1 DAGs
[2025-11-24T07:38:38.162+0000] {logging_mixin.py:188} INFO - [2025-11-24T07:38:38.162+0000] {dag.py:3823} INFO - Setting next_dagrun for duckdb_to_iceberg_bronze to None, run_after=None
[2025-11-24T07:38:38.180+0000] {processor.py:183} INFO - Processing /opt/airflow/dags/dag_three.py took 0.507 seconds
[2025-11-24T07:39:08.593+0000] {processor.py:161} INFO - Started process (PID=2563) to work on /opt/airflow/dags/dag_three.py
[2025-11-24T07:39:08.594+0000] {processor.py:830} INFO - Processing file /opt/airflow/dags/dag_three.py for tasks to queue
[2025-11-24T07:39:08.596+0000] {logging_mixin.py:188} INFO - [2025-11-24T07:39:08.595+0000] {dagbag.py:538} INFO - Filling up the DagBag from /opt/airflow/dags/dag_three.py
[2025-11-24T07:39:08.980+0000] {processor.py:840} INFO - DAG(s) 'duckdb_to_iceberg_bronze' retrieved from /opt/airflow/dags/dag_three.py
[2025-11-24T07:39:08.992+0000] {logging_mixin.py:188} INFO - [2025-11-24T07:39:08.992+0000] {dag.py:3036} INFO - Sync 1 DAGs
[2025-11-24T07:39:09.002+0000] {logging_mixin.py:188} INFO - [2025-11-24T07:39:09.002+0000] {dag.py:3823} INFO - Setting next_dagrun for duckdb_to_iceberg_bronze to None, run_after=None
[2025-11-24T07:39:09.025+0000] {processor.py:183} INFO - Processing /opt/airflow/dags/dag_three.py took 0.441 seconds
[2025-11-24T07:39:39.533+0000] {processor.py:161} INFO - Started process (PID=2721) to work on /opt/airflow/dags/dag_three.py
[2025-11-24T07:39:39.534+0000] {processor.py:830} INFO - Processing file /opt/airflow/dags/dag_three.py for tasks to queue
[2025-11-24T07:39:39.535+0000] {logging_mixin.py:188} INFO - [2025-11-24T07:39:39.535+0000] {dagbag.py:538} INFO - Filling up the DagBag from /opt/airflow/dags/dag_three.py
[2025-11-24T07:39:39.892+0000] {processor.py:840} INFO - DAG(s) 'duckdb_to_iceberg_bronze' retrieved from /opt/airflow/dags/dag_three.py
[2025-11-24T07:39:39.903+0000] {logging_mixin.py:188} INFO - [2025-11-24T07:39:39.903+0000] {dag.py:3036} INFO - Sync 1 DAGs
[2025-11-24T07:39:39.912+0000] {logging_mixin.py:188} INFO - [2025-11-24T07:39:39.912+0000] {dag.py:3823} INFO - Setting next_dagrun for duckdb_to_iceberg_bronze to None, run_after=None
[2025-11-24T07:39:39.936+0000] {processor.py:183} INFO - Processing /opt/airflow/dags/dag_three.py took 0.410 seconds
[2025-11-24T07:40:10.363+0000] {processor.py:161} INFO - Started process (PID=2807) to work on /opt/airflow/dags/dag_three.py
[2025-11-24T07:40:10.364+0000] {processor.py:830} INFO - Processing file /opt/airflow/dags/dag_three.py for tasks to queue
[2025-11-24T07:40:10.366+0000] {logging_mixin.py:188} INFO - [2025-11-24T07:40:10.365+0000] {dagbag.py:538} INFO - Filling up the DagBag from /opt/airflow/dags/dag_three.py
[2025-11-24T07:40:10.739+0000] {processor.py:840} INFO - DAG(s) 'duckdb_to_iceberg_bronze' retrieved from /opt/airflow/dags/dag_three.py
[2025-11-24T07:40:10.824+0000] {logging_mixin.py:188} INFO - [2025-11-24T07:40:10.823+0000] {dag.py:3036} INFO - Sync 1 DAGs
[2025-11-24T07:40:10.832+0000] {logging_mixin.py:188} INFO - [2025-11-24T07:40:10.831+0000] {dag.py:3823} INFO - Setting next_dagrun for duckdb_to_iceberg_bronze to None, run_after=None
[2025-11-24T07:40:10.860+0000] {processor.py:183} INFO - Processing /opt/airflow/dags/dag_three.py took 0.503 seconds
[2025-11-24T07:40:41.384+0000] {processor.py:161} INFO - Started process (PID=2935) to work on /opt/airflow/dags/dag_three.py
[2025-11-24T07:40:41.386+0000] {processor.py:830} INFO - Processing file /opt/airflow/dags/dag_three.py for tasks to queue
[2025-11-24T07:40:41.388+0000] {logging_mixin.py:188} INFO - [2025-11-24T07:40:41.387+0000] {dagbag.py:538} INFO - Filling up the DagBag from /opt/airflow/dags/dag_three.py
[2025-11-24T07:40:41.755+0000] {processor.py:840} INFO - DAG(s) 'duckdb_to_iceberg_bronze' retrieved from /opt/airflow/dags/dag_three.py
[2025-11-24T07:40:41.771+0000] {logging_mixin.py:188} INFO - [2025-11-24T07:40:41.770+0000] {dag.py:3036} INFO - Sync 1 DAGs
[2025-11-24T07:40:41.780+0000] {logging_mixin.py:188} INFO - [2025-11-24T07:40:41.780+0000] {dag.py:3823} INFO - Setting next_dagrun for duckdb_to_iceberg_bronze to None, run_after=None
[2025-11-24T07:40:41.796+0000] {processor.py:183} INFO - Processing /opt/airflow/dags/dag_three.py took 0.418 seconds
[2025-11-24T07:41:12.236+0000] {processor.py:161} INFO - Started process (PID=3049) to work on /opt/airflow/dags/dag_three.py
[2025-11-24T07:41:12.237+0000] {processor.py:830} INFO - Processing file /opt/airflow/dags/dag_three.py for tasks to queue
[2025-11-24T07:41:12.238+0000] {logging_mixin.py:188} INFO - [2025-11-24T07:41:12.237+0000] {dagbag.py:538} INFO - Filling up the DagBag from /opt/airflow/dags/dag_three.py
[2025-11-24T07:41:12.611+0000] {processor.py:840} INFO - DAG(s) 'duckdb_to_iceberg_bronze' retrieved from /opt/airflow/dags/dag_three.py
[2025-11-24T07:41:12.623+0000] {logging_mixin.py:188} INFO - [2025-11-24T07:41:12.622+0000] {dag.py:3036} INFO - Sync 1 DAGs
[2025-11-24T07:41:12.632+0000] {logging_mixin.py:188} INFO - [2025-11-24T07:41:12.632+0000] {dag.py:3823} INFO - Setting next_dagrun for duckdb_to_iceberg_bronze to None, run_after=None
[2025-11-24T07:41:12.656+0000] {processor.py:183} INFO - Processing /opt/airflow/dags/dag_three.py took 0.425 seconds
[2025-11-24T07:41:42.736+0000] {processor.py:161} INFO - Started process (PID=3349) to work on /opt/airflow/dags/dag_three.py
[2025-11-24T07:41:42.738+0000] {processor.py:830} INFO - Processing file /opt/airflow/dags/dag_three.py for tasks to queue
[2025-11-24T07:41:42.739+0000] {logging_mixin.py:188} INFO - [2025-11-24T07:41:42.739+0000] {dagbag.py:538} INFO - Filling up the DagBag from /opt/airflow/dags/dag_three.py
[2025-11-24T07:41:43.112+0000] {processor.py:840} INFO - DAG(s) 'duckdb_to_iceberg_bronze' retrieved from /opt/airflow/dags/dag_three.py
[2025-11-24T07:41:43.180+0000] {logging_mixin.py:188} INFO - [2025-11-24T07:41:43.180+0000] {dag.py:3036} INFO - Sync 1 DAGs
[2025-11-24T07:41:43.188+0000] {logging_mixin.py:188} INFO - [2025-11-24T07:41:43.188+0000] {dag.py:3823} INFO - Setting next_dagrun for duckdb_to_iceberg_bronze to None, run_after=None
[2025-11-24T07:41:43.215+0000] {processor.py:183} INFO - Processing /opt/airflow/dags/dag_three.py took 0.485 seconds
[2025-11-24T07:42:13.798+0000] {processor.py:161} INFO - Started process (PID=3435) to work on /opt/airflow/dags/dag_three.py
[2025-11-24T07:42:13.799+0000] {processor.py:830} INFO - Processing file /opt/airflow/dags/dag_three.py for tasks to queue
[2025-11-24T07:42:13.800+0000] {logging_mixin.py:188} INFO - [2025-11-24T07:42:13.800+0000] {dagbag.py:538} INFO - Filling up the DagBag from /opt/airflow/dags/dag_three.py
[2025-11-24T07:42:14.160+0000] {processor.py:840} INFO - DAG(s) 'duckdb_to_iceberg_bronze' retrieved from /opt/airflow/dags/dag_three.py
[2025-11-24T07:42:14.179+0000] {logging_mixin.py:188} INFO - [2025-11-24T07:42:14.178+0000] {dag.py:3036} INFO - Sync 1 DAGs
[2025-11-24T07:42:14.188+0000] {logging_mixin.py:188} INFO - [2025-11-24T07:42:14.188+0000] {dag.py:3823} INFO - Setting next_dagrun for duckdb_to_iceberg_bronze to None, run_after=None
[2025-11-24T07:42:14.204+0000] {processor.py:183} INFO - Processing /opt/airflow/dags/dag_three.py took 0.409 seconds
[2025-11-24T07:42:44.585+0000] {processor.py:161} INFO - Started process (PID=3521) to work on /opt/airflow/dags/dag_three.py
[2025-11-24T07:42:44.585+0000] {processor.py:830} INFO - Processing file /opt/airflow/dags/dag_three.py for tasks to queue
[2025-11-24T07:42:44.586+0000] {logging_mixin.py:188} INFO - [2025-11-24T07:42:44.586+0000] {dagbag.py:538} INFO - Filling up the DagBag from /opt/airflow/dags/dag_three.py
[2025-11-24T07:42:44.950+0000] {processor.py:840} INFO - DAG(s) 'duckdb_to_iceberg_bronze' retrieved from /opt/airflow/dags/dag_three.py
[2025-11-24T07:42:44.960+0000] {logging_mixin.py:188} INFO - [2025-11-24T07:42:44.960+0000] {dag.py:3036} INFO - Sync 1 DAGs
[2025-11-24T07:42:44.968+0000] {logging_mixin.py:188} INFO - [2025-11-24T07:42:44.968+0000] {dag.py:3823} INFO - Setting next_dagrun for duckdb_to_iceberg_bronze to None, run_after=None
[2025-11-24T07:42:44.992+0000] {processor.py:183} INFO - Processing /opt/airflow/dags/dag_three.py took 0.410 seconds
[2025-11-24T07:43:15.320+0000] {processor.py:161} INFO - Started process (PID=3628) to work on /opt/airflow/dags/dag_three.py
[2025-11-24T07:43:15.321+0000] {processor.py:830} INFO - Processing file /opt/airflow/dags/dag_three.py for tasks to queue
[2025-11-24T07:43:15.322+0000] {logging_mixin.py:188} INFO - [2025-11-24T07:43:15.322+0000] {dagbag.py:538} INFO - Filling up the DagBag from /opt/airflow/dags/dag_three.py
[2025-11-24T07:43:15.696+0000] {processor.py:840} INFO - DAG(s) 'duckdb_to_iceberg_bronze' retrieved from /opt/airflow/dags/dag_three.py
[2025-11-24T07:43:15.711+0000] {logging_mixin.py:188} INFO - [2025-11-24T07:43:15.710+0000] {dag.py:3036} INFO - Sync 1 DAGs
[2025-11-24T07:43:15.720+0000] {logging_mixin.py:188} INFO - [2025-11-24T07:43:15.719+0000] {dag.py:3823} INFO - Setting next_dagrun for duckdb_to_iceberg_bronze to None, run_after=None
[2025-11-24T07:43:15.735+0000] {processor.py:183} INFO - Processing /opt/airflow/dags/dag_three.py took 0.419 seconds
[2025-11-24T07:43:45.901+0000] {processor.py:161} INFO - Started process (PID=3803) to work on /opt/airflow/dags/dag_three.py
[2025-11-24T07:43:45.903+0000] {processor.py:830} INFO - Processing file /opt/airflow/dags/dag_three.py for tasks to queue
[2025-11-24T07:43:45.904+0000] {logging_mixin.py:188} INFO - [2025-11-24T07:43:45.904+0000] {dagbag.py:538} INFO - Filling up the DagBag from /opt/airflow/dags/dag_three.py
[2025-11-24T07:43:46.299+0000] {processor.py:840} INFO - DAG(s) 'duckdb_to_iceberg_bronze' retrieved from /opt/airflow/dags/dag_three.py
[2025-11-24T07:43:46.309+0000] {logging_mixin.py:188} INFO - [2025-11-24T07:43:46.309+0000] {dag.py:3036} INFO - Sync 1 DAGs
[2025-11-24T07:43:46.317+0000] {logging_mixin.py:188} INFO - [2025-11-24T07:43:46.317+0000] {dag.py:3823} INFO - Setting next_dagrun for duckdb_to_iceberg_bronze to None, run_after=None
[2025-11-24T07:43:46.346+0000] {processor.py:183} INFO - Processing /opt/airflow/dags/dag_three.py took 0.450 seconds
[2025-11-24T07:44:16.743+0000] {processor.py:161} INFO - Started process (PID=3886) to work on /opt/airflow/dags/dag_three.py
[2025-11-24T07:44:16.745+0000] {processor.py:830} INFO - Processing file /opt/airflow/dags/dag_three.py for tasks to queue
[2025-11-24T07:44:16.746+0000] {logging_mixin.py:188} INFO - [2025-11-24T07:44:16.745+0000] {dagbag.py:538} INFO - Filling up the DagBag from /opt/airflow/dags/dag_three.py
[2025-11-24T07:44:17.155+0000] {processor.py:840} INFO - DAG(s) 'duckdb_to_iceberg_bronze' retrieved from /opt/airflow/dags/dag_three.py
[2025-11-24T07:44:17.249+0000] {logging_mixin.py:188} INFO - [2025-11-24T07:44:17.249+0000] {dag.py:3036} INFO - Sync 1 DAGs
[2025-11-24T07:44:17.262+0000] {logging_mixin.py:188} INFO - [2025-11-24T07:44:17.262+0000] {dag.py:3823} INFO - Setting next_dagrun for duckdb_to_iceberg_bronze to None, run_after=None
[2025-11-24T07:44:17.298+0000] {processor.py:183} INFO - Processing /opt/airflow/dags/dag_three.py took 0.559 seconds
[2025-11-24T07:44:47.331+0000] {processor.py:161} INFO - Started process (PID=3981) to work on /opt/airflow/dags/dag_three.py
[2025-11-24T07:44:47.333+0000] {processor.py:830} INFO - Processing file /opt/airflow/dags/dag_three.py for tasks to queue
[2025-11-24T07:44:47.334+0000] {logging_mixin.py:188} INFO - [2025-11-24T07:44:47.334+0000] {dagbag.py:538} INFO - Filling up the DagBag from /opt/airflow/dags/dag_three.py
[2025-11-24T07:44:47.712+0000] {processor.py:840} INFO - DAG(s) 'duckdb_to_iceberg_bronze' retrieved from /opt/airflow/dags/dag_three.py
[2025-11-24T07:44:47.741+0000] {logging_mixin.py:188} INFO - [2025-11-24T07:44:47.741+0000] {dag.py:3036} INFO - Sync 1 DAGs
[2025-11-24T07:44:47.758+0000] {logging_mixin.py:188} INFO - [2025-11-24T07:44:47.757+0000] {dag.py:3823} INFO - Setting next_dagrun for duckdb_to_iceberg_bronze to None, run_after=None
[2025-11-24T07:44:47.797+0000] {processor.py:183} INFO - Processing /opt/airflow/dags/dag_three.py took 0.469 seconds
[2025-11-24T07:45:18.230+0000] {processor.py:161} INFO - Started process (PID=4067) to work on /opt/airflow/dags/dag_three.py
[2025-11-24T07:45:18.231+0000] {processor.py:830} INFO - Processing file /opt/airflow/dags/dag_three.py for tasks to queue
[2025-11-24T07:45:18.232+0000] {logging_mixin.py:188} INFO - [2025-11-24T07:45:18.232+0000] {dagbag.py:538} INFO - Filling up the DagBag from /opt/airflow/dags/dag_three.py
[2025-11-24T07:45:18.606+0000] {processor.py:840} INFO - DAG(s) 'duckdb_to_iceberg_bronze' retrieved from /opt/airflow/dags/dag_three.py
[2025-11-24T07:45:18.635+0000] {logging_mixin.py:188} INFO - [2025-11-24T07:45:18.634+0000] {dag.py:3036} INFO - Sync 1 DAGs
[2025-11-24T07:45:18.651+0000] {logging_mixin.py:188} INFO - [2025-11-24T07:45:18.650+0000] {dag.py:3823} INFO - Setting next_dagrun for duckdb_to_iceberg_bronze to None, run_after=None
[2025-11-24T07:45:18.685+0000] {processor.py:183} INFO - Processing /opt/airflow/dags/dag_three.py took 0.461 seconds
[2025-11-24T07:45:49.256+0000] {processor.py:161} INFO - Started process (PID=4155) to work on /opt/airflow/dags/dag_three.py
[2025-11-24T07:45:49.257+0000] {processor.py:830} INFO - Processing file /opt/airflow/dags/dag_three.py for tasks to queue
[2025-11-24T07:45:49.258+0000] {logging_mixin.py:188} INFO - [2025-11-24T07:45:49.257+0000] {dagbag.py:538} INFO - Filling up the DagBag from /opt/airflow/dags/dag_three.py
[2025-11-24T07:45:49.621+0000] {processor.py:840} INFO - DAG(s) 'duckdb_to_iceberg_bronze' retrieved from /opt/airflow/dags/dag_three.py
[2025-11-24T07:45:49.643+0000] {logging_mixin.py:188} INFO - [2025-11-24T07:45:49.643+0000] {dag.py:3036} INFO - Sync 1 DAGs
[2025-11-24T07:45:49.653+0000] {logging_mixin.py:188} INFO - [2025-11-24T07:45:49.653+0000] {dag.py:3823} INFO - Setting next_dagrun for duckdb_to_iceberg_bronze to None, run_after=None
[2025-11-24T07:45:49.667+0000] {processor.py:183} INFO - Processing /opt/airflow/dags/dag_three.py took 0.416 seconds
[2025-11-24T07:46:20.071+0000] {processor.py:161} INFO - Started process (PID=4358) to work on /opt/airflow/dags/dag_three.py
[2025-11-24T07:46:20.072+0000] {processor.py:830} INFO - Processing file /opt/airflow/dags/dag_three.py for tasks to queue
[2025-11-24T07:46:20.074+0000] {logging_mixin.py:188} INFO - [2025-11-24T07:46:20.073+0000] {dagbag.py:538} INFO - Filling up the DagBag from /opt/airflow/dags/dag_three.py
[2025-11-24T07:46:20.441+0000] {processor.py:840} INFO - DAG(s) 'duckdb_to_iceberg_bronze' retrieved from /opt/airflow/dags/dag_three.py
[2025-11-24T07:46:20.459+0000] {logging_mixin.py:188} INFO - [2025-11-24T07:46:20.459+0000] {dag.py:3036} INFO - Sync 1 DAGs
[2025-11-24T07:46:20.468+0000] {logging_mixin.py:188} INFO - [2025-11-24T07:46:20.468+0000] {dag.py:3823} INFO - Setting next_dagrun for duckdb_to_iceberg_bronze to None, run_after=None
[2025-11-24T07:46:20.485+0000] {processor.py:183} INFO - Processing /opt/airflow/dags/dag_three.py took 0.420 seconds
[2025-11-24T07:46:50.542+0000] {processor.py:161} INFO - Started process (PID=4444) to work on /opt/airflow/dags/dag_three.py
[2025-11-24T07:46:50.545+0000] {processor.py:830} INFO - Processing file /opt/airflow/dags/dag_three.py for tasks to queue
[2025-11-24T07:46:50.547+0000] {logging_mixin.py:188} INFO - [2025-11-24T07:46:50.546+0000] {dagbag.py:538} INFO - Filling up the DagBag from /opt/airflow/dags/dag_three.py
[2025-11-24T07:46:50.906+0000] {processor.py:840} INFO - DAG(s) 'duckdb_to_iceberg_bronze' retrieved from /opt/airflow/dags/dag_three.py
[2025-11-24T07:46:50.928+0000] {logging_mixin.py:188} INFO - [2025-11-24T07:46:50.928+0000] {dag.py:3036} INFO - Sync 1 DAGs
[2025-11-24T07:46:50.938+0000] {logging_mixin.py:188} INFO - [2025-11-24T07:46:50.938+0000] {dag.py:3823} INFO - Setting next_dagrun for duckdb_to_iceberg_bronze to None, run_after=None
[2025-11-24T07:46:50.971+0000] {processor.py:183} INFO - Processing /opt/airflow/dags/dag_three.py took 0.434 seconds
[2025-11-24T07:47:21.315+0000] {processor.py:161} INFO - Started process (PID=4530) to work on /opt/airflow/dags/dag_three.py
[2025-11-24T07:47:21.316+0000] {processor.py:830} INFO - Processing file /opt/airflow/dags/dag_three.py for tasks to queue
[2025-11-24T07:47:21.317+0000] {logging_mixin.py:188} INFO - [2025-11-24T07:47:21.317+0000] {dagbag.py:538} INFO - Filling up the DagBag from /opt/airflow/dags/dag_three.py
[2025-11-24T07:47:21.679+0000] {processor.py:840} INFO - DAG(s) 'duckdb_to_iceberg_bronze' retrieved from /opt/airflow/dags/dag_three.py
[2025-11-24T07:47:21.702+0000] {logging_mixin.py:188} INFO - [2025-11-24T07:47:21.702+0000] {dag.py:3036} INFO - Sync 1 DAGs
[2025-11-24T07:47:21.716+0000] {logging_mixin.py:188} INFO - [2025-11-24T07:47:21.716+0000] {dag.py:3823} INFO - Setting next_dagrun for duckdb_to_iceberg_bronze to None, run_after=None
[2025-11-24T07:47:21.736+0000] {processor.py:183} INFO - Processing /opt/airflow/dags/dag_three.py took 0.427 seconds
[2025-11-24T07:47:51.811+0000] {processor.py:161} INFO - Started process (PID=4616) to work on /opt/airflow/dags/dag_three.py
[2025-11-24T07:47:51.813+0000] {processor.py:830} INFO - Processing file /opt/airflow/dags/dag_three.py for tasks to queue
[2025-11-24T07:47:51.814+0000] {logging_mixin.py:188} INFO - [2025-11-24T07:47:51.813+0000] {dagbag.py:538} INFO - Filling up the DagBag from /opt/airflow/dags/dag_three.py
[2025-11-24T07:47:52.189+0000] {processor.py:840} INFO - DAG(s) 'duckdb_to_iceberg_bronze' retrieved from /opt/airflow/dags/dag_three.py
[2025-11-24T07:47:52.208+0000] {logging_mixin.py:188} INFO - [2025-11-24T07:47:52.208+0000] {dag.py:3036} INFO - Sync 1 DAGs
[2025-11-24T07:47:52.216+0000] {logging_mixin.py:188} INFO - [2025-11-24T07:47:52.216+0000] {dag.py:3823} INFO - Setting next_dagrun for duckdb_to_iceberg_bronze to None, run_after=None
[2025-11-24T07:47:52.241+0000] {processor.py:183} INFO - Processing /opt/airflow/dags/dag_three.py took 0.434 seconds
[2025-11-24T07:48:22.667+0000] {processor.py:161} INFO - Started process (PID=4702) to work on /opt/airflow/dags/dag_three.py
[2025-11-24T07:48:22.669+0000] {processor.py:830} INFO - Processing file /opt/airflow/dags/dag_three.py for tasks to queue
[2025-11-24T07:48:22.671+0000] {logging_mixin.py:188} INFO - [2025-11-24T07:48:22.670+0000] {dagbag.py:538} INFO - Filling up the DagBag from /opt/airflow/dags/dag_three.py
[2025-11-24T07:48:23.030+0000] {processor.py:840} INFO - DAG(s) 'duckdb_to_iceberg_bronze' retrieved from /opt/airflow/dags/dag_three.py
[2025-11-24T07:48:23.052+0000] {logging_mixin.py:188} INFO - [2025-11-24T07:48:23.052+0000] {dag.py:3036} INFO - Sync 1 DAGs
[2025-11-24T07:48:23.072+0000] {logging_mixin.py:188} INFO - [2025-11-24T07:48:23.072+0000] {dag.py:3823} INFO - Setting next_dagrun for duckdb_to_iceberg_bronze to None, run_after=None
[2025-11-24T07:48:23.105+0000] {processor.py:183} INFO - Processing /opt/airflow/dags/dag_three.py took 0.445 seconds
[2025-11-24T07:48:53.667+0000] {processor.py:161} INFO - Started process (PID=4788) to work on /opt/airflow/dags/dag_three.py
[2025-11-24T07:48:53.669+0000] {processor.py:830} INFO - Processing file /opt/airflow/dags/dag_three.py for tasks to queue
[2025-11-24T07:48:53.671+0000] {logging_mixin.py:188} INFO - [2025-11-24T07:48:53.670+0000] {dagbag.py:538} INFO - Filling up the DagBag from /opt/airflow/dags/dag_three.py
[2025-11-24T07:48:54.036+0000] {processor.py:840} INFO - DAG(s) 'duckdb_to_iceberg_bronze' retrieved from /opt/airflow/dags/dag_three.py
[2025-11-24T07:48:54.057+0000] {logging_mixin.py:188} INFO - [2025-11-24T07:48:54.056+0000] {dag.py:3036} INFO - Sync 1 DAGs
[2025-11-24T07:48:54.066+0000] {logging_mixin.py:188} INFO - [2025-11-24T07:48:54.066+0000] {dag.py:3823} INFO - Setting next_dagrun for duckdb_to_iceberg_bronze to None, run_after=None
[2025-11-24T07:48:54.083+0000] {processor.py:183} INFO - Processing /opt/airflow/dags/dag_three.py took 0.422 seconds
[2025-11-24T07:49:24.510+0000] {processor.py:161} INFO - Started process (PID=4874) to work on /opt/airflow/dags/dag_three.py
[2025-11-24T07:49:24.511+0000] {processor.py:830} INFO - Processing file /opt/airflow/dags/dag_three.py for tasks to queue
[2025-11-24T07:49:24.512+0000] {logging_mixin.py:188} INFO - [2025-11-24T07:49:24.512+0000] {dagbag.py:538} INFO - Filling up the DagBag from /opt/airflow/dags/dag_three.py
[2025-11-24T07:49:24.891+0000] {processor.py:840} INFO - DAG(s) 'duckdb_to_iceberg_bronze' retrieved from /opt/airflow/dags/dag_three.py
[2025-11-24T07:49:24.913+0000] {logging_mixin.py:188} INFO - [2025-11-24T07:49:24.913+0000] {dag.py:3036} INFO - Sync 1 DAGs
[2025-11-24T07:49:24.922+0000] {logging_mixin.py:188} INFO - [2025-11-24T07:49:24.922+0000] {dag.py:3823} INFO - Setting next_dagrun for duckdb_to_iceberg_bronze to None, run_after=None
[2025-11-24T07:49:24.944+0000] {processor.py:183} INFO - Processing /opt/airflow/dags/dag_three.py took 0.438 seconds
[2025-11-24T07:49:55.353+0000] {processor.py:161} INFO - Started process (PID=4960) to work on /opt/airflow/dags/dag_three.py
[2025-11-24T07:49:55.354+0000] {processor.py:830} INFO - Processing file /opt/airflow/dags/dag_three.py for tasks to queue
[2025-11-24T07:49:55.355+0000] {logging_mixin.py:188} INFO - [2025-11-24T07:49:55.354+0000] {dagbag.py:538} INFO - Filling up the DagBag from /opt/airflow/dags/dag_three.py
[2025-11-24T07:49:55.728+0000] {processor.py:840} INFO - DAG(s) 'duckdb_to_iceberg_bronze' retrieved from /opt/airflow/dags/dag_three.py
[2025-11-24T07:49:55.748+0000] {logging_mixin.py:188} INFO - [2025-11-24T07:49:55.748+0000] {dag.py:3036} INFO - Sync 1 DAGs
[2025-11-24T07:49:55.758+0000] {logging_mixin.py:188} INFO - [2025-11-24T07:49:55.757+0000] {dag.py:3823} INFO - Setting next_dagrun for duckdb_to_iceberg_bronze to None, run_after=None
[2025-11-24T07:49:55.783+0000] {processor.py:183} INFO - Processing /opt/airflow/dags/dag_three.py took 0.436 seconds
[2025-11-24T07:50:26.206+0000] {processor.py:161} INFO - Started process (PID=5046) to work on /opt/airflow/dags/dag_three.py
[2025-11-24T07:50:26.208+0000] {processor.py:830} INFO - Processing file /opt/airflow/dags/dag_three.py for tasks to queue
[2025-11-24T07:50:26.211+0000] {logging_mixin.py:188} INFO - [2025-11-24T07:50:26.210+0000] {dagbag.py:538} INFO - Filling up the DagBag from /opt/airflow/dags/dag_three.py
[2025-11-24T07:50:26.587+0000] {processor.py:840} INFO - DAG(s) 'duckdb_to_iceberg_bronze' retrieved from /opt/airflow/dags/dag_three.py
[2025-11-24T07:50:26.607+0000] {logging_mixin.py:188} INFO - [2025-11-24T07:50:26.606+0000] {dag.py:3036} INFO - Sync 1 DAGs
[2025-11-24T07:50:26.616+0000] {logging_mixin.py:188} INFO - [2025-11-24T07:50:26.616+0000] {dag.py:3823} INFO - Setting next_dagrun for duckdb_to_iceberg_bronze to None, run_after=None
[2025-11-24T07:50:26.644+0000] {processor.py:183} INFO - Processing /opt/airflow/dags/dag_three.py took 0.444 seconds
[2025-11-24T07:50:57.084+0000] {processor.py:161} INFO - Started process (PID=5132) to work on /opt/airflow/dags/dag_three.py
[2025-11-24T07:50:57.086+0000] {processor.py:830} INFO - Processing file /opt/airflow/dags/dag_three.py for tasks to queue
[2025-11-24T07:50:57.089+0000] {logging_mixin.py:188} INFO - [2025-11-24T07:50:57.088+0000] {dagbag.py:538} INFO - Filling up the DagBag from /opt/airflow/dags/dag_three.py
[2025-11-24T07:50:57.483+0000] {processor.py:840} INFO - DAG(s) 'duckdb_to_iceberg_bronze' retrieved from /opt/airflow/dags/dag_three.py
[2025-11-24T07:50:57.507+0000] {logging_mixin.py:188} INFO - [2025-11-24T07:50:57.506+0000] {dag.py:3036} INFO - Sync 1 DAGs
[2025-11-24T07:50:57.522+0000] {logging_mixin.py:188} INFO - [2025-11-24T07:50:57.521+0000] {dag.py:3823} INFO - Setting next_dagrun for duckdb_to_iceberg_bronze to None, run_after=None
[2025-11-24T07:50:57.554+0000] {processor.py:183} INFO - Processing /opt/airflow/dags/dag_three.py took 0.477 seconds
[2025-11-24T07:51:28.003+0000] {processor.py:161} INFO - Started process (PID=5216) to work on /opt/airflow/dags/dag_three.py
[2025-11-24T07:51:28.004+0000] {processor.py:830} INFO - Processing file /opt/airflow/dags/dag_three.py for tasks to queue
[2025-11-24T07:51:28.006+0000] {logging_mixin.py:188} INFO - [2025-11-24T07:51:28.005+0000] {dagbag.py:538} INFO - Filling up the DagBag from /opt/airflow/dags/dag_three.py
[2025-11-24T07:51:28.372+0000] {processor.py:840} INFO - DAG(s) 'duckdb_to_iceberg_bronze' retrieved from /opt/airflow/dags/dag_three.py
[2025-11-24T07:51:28.392+0000] {logging_mixin.py:188} INFO - [2025-11-24T07:51:28.392+0000] {dag.py:3036} INFO - Sync 1 DAGs
[2025-11-24T07:51:28.403+0000] {logging_mixin.py:188} INFO - [2025-11-24T07:51:28.403+0000] {dag.py:3823} INFO - Setting next_dagrun for duckdb_to_iceberg_bronze to None, run_after=None
[2025-11-24T07:51:28.428+0000] {processor.py:183} INFO - Processing /opt/airflow/dags/dag_three.py took 0.428 seconds
[2025-11-24T07:51:58.529+0000] {processor.py:161} INFO - Started process (PID=5301) to work on /opt/airflow/dags/dag_three.py
[2025-11-24T07:51:58.530+0000] {processor.py:830} INFO - Processing file /opt/airflow/dags/dag_three.py for tasks to queue
[2025-11-24T07:51:58.531+0000] {logging_mixin.py:188} INFO - [2025-11-24T07:51:58.531+0000] {dagbag.py:538} INFO - Filling up the DagBag from /opt/airflow/dags/dag_three.py
[2025-11-24T07:51:58.872+0000] {processor.py:840} INFO - DAG(s) 'duckdb_to_iceberg_bronze' retrieved from /opt/airflow/dags/dag_three.py
[2025-11-24T07:51:58.890+0000] {logging_mixin.py:188} INFO - [2025-11-24T07:51:58.890+0000] {dag.py:3036} INFO - Sync 1 DAGs
[2025-11-24T07:51:58.899+0000] {logging_mixin.py:188} INFO - [2025-11-24T07:51:58.898+0000] {dag.py:3823} INFO - Setting next_dagrun for duckdb_to_iceberg_bronze to None, run_after=None
[2025-11-24T07:51:58.923+0000] {processor.py:183} INFO - Processing /opt/airflow/dags/dag_three.py took 0.396 seconds
[2025-11-24T07:52:29.495+0000] {processor.py:161} INFO - Started process (PID=5366) to work on /opt/airflow/dags/dag_three.py
[2025-11-24T07:52:29.497+0000] {processor.py:830} INFO - Processing file /opt/airflow/dags/dag_three.py for tasks to queue
[2025-11-24T07:52:29.500+0000] {logging_mixin.py:188} INFO - [2025-11-24T07:52:29.499+0000] {dagbag.py:538} INFO - Filling up the DagBag from /opt/airflow/dags/dag_three.py
[2025-11-24T07:52:29.868+0000] {processor.py:840} INFO - DAG(s) 'duckdb_to_iceberg_bronze' retrieved from /opt/airflow/dags/dag_three.py
[2025-11-24T07:52:29.891+0000] {logging_mixin.py:188} INFO - [2025-11-24T07:52:29.890+0000] {dag.py:3036} INFO - Sync 1 DAGs
[2025-11-24T07:52:29.901+0000] {logging_mixin.py:188} INFO - [2025-11-24T07:52:29.901+0000] {dag.py:3823} INFO - Setting next_dagrun for duckdb_to_iceberg_bronze to None, run_after=None
[2025-11-24T07:52:29.925+0000] {processor.py:183} INFO - Processing /opt/airflow/dags/dag_three.py took 0.436 seconds
[2025-11-24T07:53:00.368+0000] {processor.py:161} INFO - Started process (PID=5452) to work on /opt/airflow/dags/dag_three.py
[2025-11-24T07:53:00.377+0000] {processor.py:830} INFO - Processing file /opt/airflow/dags/dag_three.py for tasks to queue
[2025-11-24T07:53:00.380+0000] {logging_mixin.py:188} INFO - [2025-11-24T07:53:00.379+0000] {dagbag.py:538} INFO - Filling up the DagBag from /opt/airflow/dags/dag_three.py
[2025-11-24T07:53:00.760+0000] {processor.py:840} INFO - DAG(s) 'duckdb_to_iceberg_bronze' retrieved from /opt/airflow/dags/dag_three.py
[2025-11-24T07:53:00.785+0000] {logging_mixin.py:188} INFO - [2025-11-24T07:53:00.785+0000] {dag.py:3036} INFO - Sync 1 DAGs
[2025-11-24T07:53:00.800+0000] {logging_mixin.py:188} INFO - [2025-11-24T07:53:00.800+0000] {dag.py:3823} INFO - Setting next_dagrun for duckdb_to_iceberg_bronze to None, run_after=None
[2025-11-24T07:53:00.841+0000] {processor.py:183} INFO - Processing /opt/airflow/dags/dag_three.py took 0.478 seconds
[2025-11-24T07:53:31.272+0000] {processor.py:161} INFO - Started process (PID=5538) to work on /opt/airflow/dags/dag_three.py
[2025-11-24T07:53:31.273+0000] {processor.py:830} INFO - Processing file /opt/airflow/dags/dag_three.py for tasks to queue
[2025-11-24T07:53:31.274+0000] {logging_mixin.py:188} INFO - [2025-11-24T07:53:31.274+0000] {dagbag.py:538} INFO - Filling up the DagBag from /opt/airflow/dags/dag_three.py
[2025-11-24T07:53:31.634+0000] {processor.py:840} INFO - DAG(s) 'duckdb_to_iceberg_bronze' retrieved from /opt/airflow/dags/dag_three.py
[2025-11-24T07:53:31.656+0000] {logging_mixin.py:188} INFO - [2025-11-24T07:53:31.656+0000] {dag.py:3036} INFO - Sync 1 DAGs
[2025-11-24T07:53:31.675+0000] {logging_mixin.py:188} INFO - [2025-11-24T07:53:31.674+0000] {dag.py:3823} INFO - Setting next_dagrun for duckdb_to_iceberg_bronze to None, run_after=None
[2025-11-24T07:53:31.703+0000] {processor.py:183} INFO - Processing /opt/airflow/dags/dag_three.py took 0.433 seconds
[2025-11-24T07:54:02.118+0000] {processor.py:161} INFO - Started process (PID=5624) to work on /opt/airflow/dags/dag_three.py
[2025-11-24T07:54:02.120+0000] {processor.py:830} INFO - Processing file /opt/airflow/dags/dag_three.py for tasks to queue
[2025-11-24T07:54:02.121+0000] {logging_mixin.py:188} INFO - [2025-11-24T07:54:02.121+0000] {dagbag.py:538} INFO - Filling up the DagBag from /opt/airflow/dags/dag_three.py
[2025-11-24T07:54:02.497+0000] {processor.py:840} INFO - DAG(s) 'duckdb_to_iceberg_bronze' retrieved from /opt/airflow/dags/dag_three.py
[2025-11-24T07:54:02.517+0000] {logging_mixin.py:188} INFO - [2025-11-24T07:54:02.516+0000] {dag.py:3036} INFO - Sync 1 DAGs
[2025-11-24T07:54:02.530+0000] {logging_mixin.py:188} INFO - [2025-11-24T07:54:02.529+0000] {dag.py:3823} INFO - Setting next_dagrun for duckdb_to_iceberg_bronze to None, run_after=None
[2025-11-24T07:54:02.562+0000] {processor.py:183} INFO - Processing /opt/airflow/dags/dag_three.py took 0.450 seconds
[2025-11-24T07:54:33.078+0000] {processor.py:161} INFO - Started process (PID=5710) to work on /opt/airflow/dags/dag_three.py
[2025-11-24T07:54:33.080+0000] {processor.py:830} INFO - Processing file /opt/airflow/dags/dag_three.py for tasks to queue
[2025-11-24T07:54:33.081+0000] {logging_mixin.py:188} INFO - [2025-11-24T07:54:33.081+0000] {dagbag.py:538} INFO - Filling up the DagBag from /opt/airflow/dags/dag_three.py
[2025-11-24T07:54:33.437+0000] {processor.py:840} INFO - DAG(s) 'duckdb_to_iceberg_bronze' retrieved from /opt/airflow/dags/dag_three.py
[2025-11-24T07:54:33.455+0000] {logging_mixin.py:188} INFO - [2025-11-24T07:54:33.455+0000] {dag.py:3036} INFO - Sync 1 DAGs
[2025-11-24T07:54:33.464+0000] {logging_mixin.py:188} INFO - [2025-11-24T07:54:33.464+0000] {dag.py:3823} INFO - Setting next_dagrun for duckdb_to_iceberg_bronze to None, run_after=None
[2025-11-24T07:54:33.490+0000] {processor.py:183} INFO - Processing /opt/airflow/dags/dag_three.py took 0.420 seconds
[2025-11-24T07:55:03.927+0000] {processor.py:161} INFO - Started process (PID=5796) to work on /opt/airflow/dags/dag_three.py
[2025-11-24T07:55:03.945+0000] {processor.py:830} INFO - Processing file /opt/airflow/dags/dag_three.py for tasks to queue
[2025-11-24T07:55:03.949+0000] {logging_mixin.py:188} INFO - [2025-11-24T07:55:03.948+0000] {dagbag.py:538} INFO - Filling up the DagBag from /opt/airflow/dags/dag_three.py
[2025-11-24T07:55:04.321+0000] {processor.py:840} INFO - DAG(s) 'duckdb_to_iceberg_bronze' retrieved from /opt/airflow/dags/dag_three.py
[2025-11-24T07:55:04.339+0000] {logging_mixin.py:188} INFO - [2025-11-24T07:55:04.339+0000] {dag.py:3036} INFO - Sync 1 DAGs
[2025-11-24T07:55:04.348+0000] {logging_mixin.py:188} INFO - [2025-11-24T07:55:04.347+0000] {dag.py:3823} INFO - Setting next_dagrun for duckdb_to_iceberg_bronze to None, run_after=None
[2025-11-24T07:55:04.375+0000] {processor.py:183} INFO - Processing /opt/airflow/dags/dag_three.py took 0.453 seconds
[2025-11-24T07:55:34.716+0000] {processor.py:161} INFO - Started process (PID=5882) to work on /opt/airflow/dags/dag_three.py
[2025-11-24T07:55:34.717+0000] {processor.py:830} INFO - Processing file /opt/airflow/dags/dag_three.py for tasks to queue
[2025-11-24T07:55:34.718+0000] {logging_mixin.py:188} INFO - [2025-11-24T07:55:34.718+0000] {dagbag.py:538} INFO - Filling up the DagBag from /opt/airflow/dags/dag_three.py
[2025-11-24T07:55:35.082+0000] {processor.py:840} INFO - DAG(s) 'duckdb_to_iceberg_bronze' retrieved from /opt/airflow/dags/dag_three.py
[2025-11-24T07:55:35.100+0000] {logging_mixin.py:188} INFO - [2025-11-24T07:55:35.100+0000] {dag.py:3036} INFO - Sync 1 DAGs
[2025-11-24T07:55:35.109+0000] {logging_mixin.py:188} INFO - [2025-11-24T07:55:35.109+0000] {dag.py:3823} INFO - Setting next_dagrun for duckdb_to_iceberg_bronze to None, run_after=None
[2025-11-24T07:55:35.135+0000] {processor.py:183} INFO - Processing /opt/airflow/dags/dag_three.py took 0.422 seconds
[2025-11-24T07:56:05.925+0000] {processor.py:161} INFO - Started process (PID=5968) to work on /opt/airflow/dags/dag_three.py
[2025-11-24T07:56:05.927+0000] {processor.py:830} INFO - Processing file /opt/airflow/dags/dag_three.py for tasks to queue
[2025-11-24T07:56:05.929+0000] {logging_mixin.py:188} INFO - [2025-11-24T07:56:05.929+0000] {dagbag.py:538} INFO - Filling up the DagBag from /opt/airflow/dags/dag_three.py
[2025-11-24T07:56:06.300+0000] {processor.py:840} INFO - DAG(s) 'duckdb_to_iceberg_bronze' retrieved from /opt/airflow/dags/dag_three.py
[2025-11-24T07:56:06.320+0000] {logging_mixin.py:188} INFO - [2025-11-24T07:56:06.319+0000] {dag.py:3036} INFO - Sync 1 DAGs
[2025-11-24T07:56:06.328+0000] {logging_mixin.py:188} INFO - [2025-11-24T07:56:06.328+0000] {dag.py:3823} INFO - Setting next_dagrun for duckdb_to_iceberg_bronze to None, run_after=None
[2025-11-24T07:56:06.353+0000] {processor.py:183} INFO - Processing /opt/airflow/dags/dag_three.py took 0.433 seconds
[2025-11-24T07:56:36.791+0000] {processor.py:161} INFO - Started process (PID=6054) to work on /opt/airflow/dags/dag_three.py
[2025-11-24T07:56:36.792+0000] {processor.py:830} INFO - Processing file /opt/airflow/dags/dag_three.py for tasks to queue
[2025-11-24T07:56:36.794+0000] {logging_mixin.py:188} INFO - [2025-11-24T07:56:36.793+0000] {dagbag.py:538} INFO - Filling up the DagBag from /opt/airflow/dags/dag_three.py
[2025-11-24T07:56:37.193+0000] {processor.py:840} INFO - DAG(s) 'duckdb_to_iceberg_bronze' retrieved from /opt/airflow/dags/dag_three.py
[2025-11-24T07:56:37.213+0000] {logging_mixin.py:188} INFO - [2025-11-24T07:56:37.212+0000] {dag.py:3036} INFO - Sync 1 DAGs
[2025-11-24T07:56:37.227+0000] {logging_mixin.py:188} INFO - [2025-11-24T07:56:37.227+0000] {dag.py:3823} INFO - Setting next_dagrun for duckdb_to_iceberg_bronze to None, run_after=None
[2025-11-24T07:56:37.243+0000] {processor.py:183} INFO - Processing /opt/airflow/dags/dag_three.py took 0.460 seconds
[2025-11-24T07:57:07.593+0000] {processor.py:161} INFO - Started process (PID=6140) to work on /opt/airflow/dags/dag_three.py
[2025-11-24T07:57:07.595+0000] {processor.py:830} INFO - Processing file /opt/airflow/dags/dag_three.py for tasks to queue
[2025-11-24T07:57:07.596+0000] {logging_mixin.py:188} INFO - [2025-11-24T07:57:07.596+0000] {dagbag.py:538} INFO - Filling up the DagBag from /opt/airflow/dags/dag_three.py
[2025-11-24T07:57:07.951+0000] {processor.py:840} INFO - DAG(s) 'duckdb_to_iceberg_bronze' retrieved from /opt/airflow/dags/dag_three.py
[2025-11-24T07:57:07.970+0000] {logging_mixin.py:188} INFO - [2025-11-24T07:57:07.970+0000] {dag.py:3036} INFO - Sync 1 DAGs
[2025-11-24T07:57:07.978+0000] {logging_mixin.py:188} INFO - [2025-11-24T07:57:07.978+0000] {dag.py:3823} INFO - Setting next_dagrun for duckdb_to_iceberg_bronze to None, run_after=None
[2025-11-24T07:57:08.001+0000] {processor.py:183} INFO - Processing /opt/airflow/dags/dag_three.py took 0.412 seconds
[2025-11-24T07:57:38.071+0000] {processor.py:161} INFO - Started process (PID=6226) to work on /opt/airflow/dags/dag_three.py
[2025-11-24T07:57:38.072+0000] {processor.py:830} INFO - Processing file /opt/airflow/dags/dag_three.py for tasks to queue
[2025-11-24T07:57:38.073+0000] {logging_mixin.py:188} INFO - [2025-11-24T07:57:38.073+0000] {dagbag.py:538} INFO - Filling up the DagBag from /opt/airflow/dags/dag_three.py
[2025-11-24T07:57:38.432+0000] {processor.py:840} INFO - DAG(s) 'duckdb_to_iceberg_bronze' retrieved from /opt/airflow/dags/dag_three.py
[2025-11-24T07:57:38.452+0000] {logging_mixin.py:188} INFO - [2025-11-24T07:57:38.451+0000] {dag.py:3036} INFO - Sync 1 DAGs
[2025-11-24T07:57:38.463+0000] {logging_mixin.py:188} INFO - [2025-11-24T07:57:38.463+0000] {dag.py:3823} INFO - Setting next_dagrun for duckdb_to_iceberg_bronze to None, run_after=None
[2025-11-24T07:57:38.498+0000] {processor.py:183} INFO - Processing /opt/airflow/dags/dag_three.py took 0.433 seconds
[2025-11-24T07:58:08.942+0000] {processor.py:161} INFO - Started process (PID=6312) to work on /opt/airflow/dags/dag_three.py
[2025-11-24T07:58:08.944+0000] {processor.py:830} INFO - Processing file /opt/airflow/dags/dag_three.py for tasks to queue
[2025-11-24T07:58:08.946+0000] {logging_mixin.py:188} INFO - [2025-11-24T07:58:08.945+0000] {dagbag.py:538} INFO - Filling up the DagBag from /opt/airflow/dags/dag_three.py
[2025-11-24T07:58:09.309+0000] {processor.py:840} INFO - DAG(s) 'duckdb_to_iceberg_bronze' retrieved from /opt/airflow/dags/dag_three.py
[2025-11-24T07:58:09.331+0000] {logging_mixin.py:188} INFO - [2025-11-24T07:58:09.331+0000] {dag.py:3036} INFO - Sync 1 DAGs
[2025-11-24T07:58:09.339+0000] {logging_mixin.py:188} INFO - [2025-11-24T07:58:09.339+0000] {dag.py:3823} INFO - Setting next_dagrun for duckdb_to_iceberg_bronze to None, run_after=None
[2025-11-24T07:58:09.353+0000] {processor.py:183} INFO - Processing /opt/airflow/dags/dag_three.py took 0.417 seconds
[2025-11-24T07:58:39.949+0000] {processor.py:161} INFO - Started process (PID=6398) to work on /opt/airflow/dags/dag_three.py
[2025-11-24T07:58:39.951+0000] {processor.py:830} INFO - Processing file /opt/airflow/dags/dag_three.py for tasks to queue
[2025-11-24T07:58:39.953+0000] {logging_mixin.py:188} INFO - [2025-11-24T07:58:39.952+0000] {dagbag.py:538} INFO - Filling up the DagBag from /opt/airflow/dags/dag_three.py
[2025-11-24T07:58:40.306+0000] {processor.py:840} INFO - DAG(s) 'duckdb_to_iceberg_bronze' retrieved from /opt/airflow/dags/dag_three.py
[2025-11-24T07:58:40.329+0000] {logging_mixin.py:188} INFO - [2025-11-24T07:58:40.329+0000] {dag.py:3036} INFO - Sync 1 DAGs
[2025-11-24T07:58:40.344+0000] {logging_mixin.py:188} INFO - [2025-11-24T07:58:40.344+0000] {dag.py:3823} INFO - Setting next_dagrun for duckdb_to_iceberg_bronze to None, run_after=None
[2025-11-24T07:58:40.383+0000] {processor.py:183} INFO - Processing /opt/airflow/dags/dag_three.py took 0.440 seconds
[2025-11-24T07:59:10.792+0000] {processor.py:161} INFO - Started process (PID=6484) to work on /opt/airflow/dags/dag_three.py
[2025-11-24T07:59:10.794+0000] {processor.py:830} INFO - Processing file /opt/airflow/dags/dag_three.py for tasks to queue
[2025-11-24T07:59:10.795+0000] {logging_mixin.py:188} INFO - [2025-11-24T07:59:10.795+0000] {dagbag.py:538} INFO - Filling up the DagBag from /opt/airflow/dags/dag_three.py
[2025-11-24T07:59:11.183+0000] {processor.py:840} INFO - DAG(s) 'duckdb_to_iceberg_bronze' retrieved from /opt/airflow/dags/dag_three.py
[2025-11-24T07:59:11.208+0000] {logging_mixin.py:188} INFO - [2025-11-24T07:59:11.207+0000] {dag.py:3036} INFO - Sync 1 DAGs
[2025-11-24T07:59:11.224+0000] {logging_mixin.py:188} INFO - [2025-11-24T07:59:11.223+0000] {dag.py:3823} INFO - Setting next_dagrun for duckdb_to_iceberg_bronze to None, run_after=None
[2025-11-24T07:59:11.261+0000] {processor.py:183} INFO - Processing /opt/airflow/dags/dag_three.py took 0.472 seconds
[2025-11-24T07:59:41.366+0000] {processor.py:161} INFO - Started process (PID=6587) to work on /opt/airflow/dags/dag_three.py
[2025-11-24T07:59:41.367+0000] {processor.py:830} INFO - Processing file /opt/airflow/dags/dag_three.py for tasks to queue
[2025-11-24T07:59:41.370+0000] {logging_mixin.py:188} INFO - [2025-11-24T07:59:41.369+0000] {dagbag.py:538} INFO - Filling up the DagBag from /opt/airflow/dags/dag_three.py
[2025-11-24T07:59:41.764+0000] {processor.py:840} INFO - DAG(s) 'duckdb_to_iceberg_bronze' retrieved from /opt/airflow/dags/dag_three.py
[2025-11-24T07:59:41.789+0000] {logging_mixin.py:188} INFO - [2025-11-24T07:59:41.788+0000] {dag.py:3036} INFO - Sync 1 DAGs
[2025-11-24T07:59:41.805+0000] {logging_mixin.py:188} INFO - [2025-11-24T07:59:41.804+0000] {dag.py:3823} INFO - Setting next_dagrun for duckdb_to_iceberg_bronze to None, run_after=None
[2025-11-24T07:59:41.834+0000] {processor.py:183} INFO - Processing /opt/airflow/dags/dag_three.py took 0.471 seconds
[2025-11-24T08:00:11.888+0000] {processor.py:161} INFO - Started process (PID=6632) to work on /opt/airflow/dags/dag_three.py
[2025-11-24T08:00:11.889+0000] {processor.py:830} INFO - Processing file /opt/airflow/dags/dag_three.py for tasks to queue
[2025-11-24T08:00:11.891+0000] {logging_mixin.py:188} INFO - [2025-11-24T08:00:11.890+0000] {dagbag.py:538} INFO - Filling up the DagBag from /opt/airflow/dags/dag_three.py
[2025-11-24T08:00:12.245+0000] {processor.py:840} INFO - DAG(s) 'duckdb_to_iceberg_bronze' retrieved from /opt/airflow/dags/dag_three.py
[2025-11-24T08:00:12.265+0000] {logging_mixin.py:188} INFO - [2025-11-24T08:00:12.265+0000] {dag.py:3036} INFO - Sync 1 DAGs
[2025-11-24T08:00:12.282+0000] {logging_mixin.py:188} INFO - [2025-11-24T08:00:12.282+0000] {dag.py:3823} INFO - Setting next_dagrun for duckdb_to_iceberg_bronze to None, run_after=None
[2025-11-24T08:00:12.321+0000] {processor.py:183} INFO - Processing /opt/airflow/dags/dag_three.py took 0.438 seconds
[2025-11-24T08:00:43.171+0000] {processor.py:161} INFO - Started process (PID=6738) to work on /opt/airflow/dags/dag_three.py
[2025-11-24T08:00:43.172+0000] {processor.py:830} INFO - Processing file /opt/airflow/dags/dag_three.py for tasks to queue
[2025-11-24T08:00:43.174+0000] {logging_mixin.py:188} INFO - [2025-11-24T08:00:43.173+0000] {dagbag.py:538} INFO - Filling up the DagBag from /opt/airflow/dags/dag_three.py
[2025-11-24T08:00:43.536+0000] {processor.py:840} INFO - DAG(s) 'duckdb_to_iceberg_bronze' retrieved from /opt/airflow/dags/dag_three.py
[2025-11-24T08:00:43.559+0000] {logging_mixin.py:188} INFO - [2025-11-24T08:00:43.558+0000] {dag.py:3036} INFO - Sync 1 DAGs
[2025-11-24T08:00:43.570+0000] {logging_mixin.py:188} INFO - [2025-11-24T08:00:43.569+0000] {dag.py:3823} INFO - Setting next_dagrun for duckdb_to_iceberg_bronze to None, run_after=None
[2025-11-24T08:00:43.600+0000] {processor.py:183} INFO - Processing /opt/airflow/dags/dag_three.py took 0.434 seconds
[2025-11-24T08:01:13.667+0000] {processor.py:161} INFO - Started process (PID=6845) to work on /opt/airflow/dags/dag_three.py
[2025-11-24T08:01:13.668+0000] {processor.py:830} INFO - Processing file /opt/airflow/dags/dag_three.py for tasks to queue
[2025-11-24T08:01:13.669+0000] {logging_mixin.py:188} INFO - [2025-11-24T08:01:13.668+0000] {dagbag.py:538} INFO - Filling up the DagBag from /opt/airflow/dags/dag_three.py
[2025-11-24T08:01:14.040+0000] {processor.py:840} INFO - DAG(s) 'duckdb_to_iceberg_bronze' retrieved from /opt/airflow/dags/dag_three.py
[2025-11-24T08:01:14.060+0000] {logging_mixin.py:188} INFO - [2025-11-24T08:01:14.059+0000] {dag.py:3036} INFO - Sync 1 DAGs
[2025-11-24T08:01:14.069+0000] {logging_mixin.py:188} INFO - [2025-11-24T08:01:14.069+0000] {dag.py:3823} INFO - Setting next_dagrun for duckdb_to_iceberg_bronze to None, run_after=None
[2025-11-24T08:01:14.094+0000] {processor.py:183} INFO - Processing /opt/airflow/dags/dag_three.py took 0.429 seconds
[2025-11-24T08:01:44.941+0000] {processor.py:161} INFO - Started process (PID=6931) to work on /opt/airflow/dags/dag_three.py
[2025-11-24T08:01:44.942+0000] {processor.py:830} INFO - Processing file /opt/airflow/dags/dag_three.py for tasks to queue
[2025-11-24T08:01:44.943+0000] {logging_mixin.py:188} INFO - [2025-11-24T08:01:44.943+0000] {dagbag.py:538} INFO - Filling up the DagBag from /opt/airflow/dags/dag_three.py
[2025-11-24T08:01:45.307+0000] {processor.py:840} INFO - DAG(s) 'duckdb_to_iceberg_bronze' retrieved from /opt/airflow/dags/dag_three.py
[2025-11-24T08:01:45.327+0000] {logging_mixin.py:188} INFO - [2025-11-24T08:01:45.327+0000] {dag.py:3036} INFO - Sync 1 DAGs
[2025-11-24T08:01:45.338+0000] {logging_mixin.py:188} INFO - [2025-11-24T08:01:45.337+0000] {dag.py:3823} INFO - Setting next_dagrun for duckdb_to_iceberg_bronze to None, run_after=None
[2025-11-24T08:01:45.365+0000] {processor.py:183} INFO - Processing /opt/airflow/dags/dag_three.py took 0.429 seconds
[2025-11-24T08:02:15.419+0000] {processor.py:161} INFO - Started process (PID=7038) to work on /opt/airflow/dags/dag_three.py
[2025-11-24T08:02:15.420+0000] {processor.py:830} INFO - Processing file /opt/airflow/dags/dag_three.py for tasks to queue
[2025-11-24T08:02:15.421+0000] {logging_mixin.py:188} INFO - [2025-11-24T08:02:15.421+0000] {dagbag.py:538} INFO - Filling up the DagBag from /opt/airflow/dags/dag_three.py
[2025-11-24T08:02:15.811+0000] {processor.py:840} INFO - DAG(s) 'duckdb_to_iceberg_bronze' retrieved from /opt/airflow/dags/dag_three.py
[2025-11-24T08:02:15.830+0000] {logging_mixin.py:188} INFO - [2025-11-24T08:02:15.830+0000] {dag.py:3036} INFO - Sync 1 DAGs
[2025-11-24T08:02:15.839+0000] {logging_mixin.py:188} INFO - [2025-11-24T08:02:15.839+0000] {dag.py:3823} INFO - Setting next_dagrun for duckdb_to_iceberg_bronze to None, run_after=None
[2025-11-24T08:02:15.863+0000] {processor.py:183} INFO - Processing /opt/airflow/dags/dag_three.py took 0.447 seconds
[2025-11-24T08:02:46.327+0000] {processor.py:161} INFO - Started process (PID=7124) to work on /opt/airflow/dags/dag_three.py
[2025-11-24T08:02:46.328+0000] {processor.py:830} INFO - Processing file /opt/airflow/dags/dag_three.py for tasks to queue
[2025-11-24T08:02:46.329+0000] {logging_mixin.py:188} INFO - [2025-11-24T08:02:46.329+0000] {dagbag.py:538} INFO - Filling up the DagBag from /opt/airflow/dags/dag_three.py
[2025-11-24T08:02:46.701+0000] {processor.py:840} INFO - DAG(s) 'duckdb_to_iceberg_bronze' retrieved from /opt/airflow/dags/dag_three.py
[2025-11-24T08:02:46.730+0000] {logging_mixin.py:188} INFO - [2025-11-24T08:02:46.730+0000] {dag.py:3036} INFO - Sync 1 DAGs
[2025-11-24T08:02:46.740+0000] {logging_mixin.py:188} INFO - [2025-11-24T08:02:46.740+0000] {dag.py:3823} INFO - Setting next_dagrun for duckdb_to_iceberg_bronze to None, run_after=None
[2025-11-24T08:02:46.766+0000] {processor.py:183} INFO - Processing /opt/airflow/dags/dag_three.py took 0.441 seconds
[2025-11-24T08:03:16.852+0000] {processor.py:161} INFO - Started process (PID=7208) to work on /opt/airflow/dags/dag_three.py
[2025-11-24T08:03:16.853+0000] {processor.py:830} INFO - Processing file /opt/airflow/dags/dag_three.py for tasks to queue
[2025-11-24T08:03:16.854+0000] {logging_mixin.py:188} INFO - [2025-11-24T08:03:16.854+0000] {dagbag.py:538} INFO - Filling up the DagBag from /opt/airflow/dags/dag_three.py
[2025-11-24T08:03:17.259+0000] {processor.py:840} INFO - DAG(s) 'duckdb_to_iceberg_bronze' retrieved from /opt/airflow/dags/dag_three.py
[2025-11-24T08:03:17.287+0000] {logging_mixin.py:188} INFO - [2025-11-24T08:03:17.286+0000] {dag.py:3036} INFO - Sync 1 DAGs
[2025-11-24T08:03:17.298+0000] {logging_mixin.py:188} INFO - [2025-11-24T08:03:17.298+0000] {dag.py:3823} INFO - Setting next_dagrun for duckdb_to_iceberg_bronze to None, run_after=None
[2025-11-24T08:03:17.317+0000] {processor.py:183} INFO - Processing /opt/airflow/dags/dag_three.py took 0.471 seconds
[2025-11-24T08:03:47.402+0000] {processor.py:161} INFO - Started process (PID=7278) to work on /opt/airflow/dags/dag_three.py
[2025-11-24T08:03:47.403+0000] {processor.py:830} INFO - Processing file /opt/airflow/dags/dag_three.py for tasks to queue
[2025-11-24T08:03:47.403+0000] {logging_mixin.py:188} INFO - [2025-11-24T08:03:47.403+0000] {dagbag.py:538} INFO - Filling up the DagBag from /opt/airflow/dags/dag_three.py
[2025-11-24T08:03:47.772+0000] {processor.py:840} INFO - DAG(s) 'duckdb_to_iceberg_bronze' retrieved from /opt/airflow/dags/dag_three.py
[2025-11-24T08:03:47.794+0000] {logging_mixin.py:188} INFO - [2025-11-24T08:03:47.794+0000] {dag.py:3036} INFO - Sync 1 DAGs
[2025-11-24T08:03:47.804+0000] {logging_mixin.py:188} INFO - [2025-11-24T08:03:47.803+0000] {dag.py:3823} INFO - Setting next_dagrun for duckdb_to_iceberg_bronze to None, run_after=None
[2025-11-24T08:03:47.830+0000] {processor.py:183} INFO - Processing /opt/airflow/dags/dag_three.py took 0.431 seconds
[2025-11-24T08:04:17.871+0000] {processor.py:161} INFO - Started process (PID=7361) to work on /opt/airflow/dags/dag_three.py
[2025-11-24T08:04:17.873+0000] {processor.py:830} INFO - Processing file /opt/airflow/dags/dag_three.py for tasks to queue
[2025-11-24T08:04:17.874+0000] {logging_mixin.py:188} INFO - [2025-11-24T08:04:17.874+0000] {dagbag.py:538} INFO - Filling up the DagBag from /opt/airflow/dags/dag_three.py
[2025-11-24T08:04:18.233+0000] {processor.py:840} INFO - DAG(s) 'duckdb_to_iceberg_bronze' retrieved from /opt/airflow/dags/dag_three.py
[2025-11-24T08:04:18.253+0000] {logging_mixin.py:188} INFO - [2025-11-24T08:04:18.253+0000] {dag.py:3036} INFO - Sync 1 DAGs
[2025-11-24T08:04:18.262+0000] {logging_mixin.py:188} INFO - [2025-11-24T08:04:18.262+0000] {dag.py:3823} INFO - Setting next_dagrun for duckdb_to_iceberg_bronze to None, run_after=None
[2025-11-24T08:04:18.285+0000] {processor.py:183} INFO - Processing /opt/airflow/dags/dag_three.py took 0.419 seconds
[2025-11-24T08:04:48.482+0000] {processor.py:161} INFO - Started process (PID=7447) to work on /opt/airflow/dags/dag_three.py
[2025-11-24T08:04:48.485+0000] {processor.py:830} INFO - Processing file /opt/airflow/dags/dag_three.py for tasks to queue
[2025-11-24T08:04:48.487+0000] {logging_mixin.py:188} INFO - [2025-11-24T08:04:48.486+0000] {dagbag.py:538} INFO - Filling up the DagBag from /opt/airflow/dags/dag_three.py
[2025-11-24T08:04:48.867+0000] {processor.py:840} INFO - DAG(s) 'duckdb_to_iceberg_bronze' retrieved from /opt/airflow/dags/dag_three.py
[2025-11-24T08:04:48.897+0000] {logging_mixin.py:188} INFO - [2025-11-24T08:04:48.896+0000] {dag.py:3036} INFO - Sync 1 DAGs
[2025-11-24T08:04:48.916+0000] {logging_mixin.py:188} INFO - [2025-11-24T08:04:48.915+0000] {dag.py:3823} INFO - Setting next_dagrun for duckdb_to_iceberg_bronze to None, run_after=None
[2025-11-24T08:04:48.958+0000] {processor.py:183} INFO - Processing /opt/airflow/dags/dag_three.py took 0.484 seconds
[2025-11-24T08:05:19.109+0000] {processor.py:161} INFO - Started process (PID=7533) to work on /opt/airflow/dags/dag_three.py
[2025-11-24T08:05:19.111+0000] {processor.py:830} INFO - Processing file /opt/airflow/dags/dag_three.py for tasks to queue
[2025-11-24T08:05:19.114+0000] {logging_mixin.py:188} INFO - [2025-11-24T08:05:19.114+0000] {dagbag.py:538} INFO - Filling up the DagBag from /opt/airflow/dags/dag_three.py
[2025-11-24T08:05:19.489+0000] {processor.py:840} INFO - DAG(s) 'duckdb_to_iceberg_bronze' retrieved from /opt/airflow/dags/dag_three.py
[2025-11-24T08:05:19.510+0000] {logging_mixin.py:188} INFO - [2025-11-24T08:05:19.510+0000] {dag.py:3036} INFO - Sync 1 DAGs
[2025-11-24T08:05:19.522+0000] {logging_mixin.py:188} INFO - [2025-11-24T08:05:19.522+0000] {dag.py:3823} INFO - Setting next_dagrun for duckdb_to_iceberg_bronze to None, run_after=None
[2025-11-24T08:05:19.560+0000] {processor.py:183} INFO - Processing /opt/airflow/dags/dag_three.py took 0.460 seconds
[2025-11-24T08:05:50.101+0000] {processor.py:161} INFO - Started process (PID=7619) to work on /opt/airflow/dags/dag_three.py
[2025-11-24T08:05:50.102+0000] {processor.py:830} INFO - Processing file /opt/airflow/dags/dag_three.py for tasks to queue
[2025-11-24T08:05:50.103+0000] {logging_mixin.py:188} INFO - [2025-11-24T08:05:50.103+0000] {dagbag.py:538} INFO - Filling up the DagBag from /opt/airflow/dags/dag_three.py
[2025-11-24T08:05:50.470+0000] {processor.py:840} INFO - DAG(s) 'duckdb_to_iceberg_bronze' retrieved from /opt/airflow/dags/dag_three.py
[2025-11-24T08:05:50.493+0000] {logging_mixin.py:188} INFO - [2025-11-24T08:05:50.493+0000] {dag.py:3036} INFO - Sync 1 DAGs
[2025-11-24T08:05:50.508+0000] {logging_mixin.py:188} INFO - [2025-11-24T08:05:50.507+0000] {dag.py:3823} INFO - Setting next_dagrun for duckdb_to_iceberg_bronze to None, run_after=None
[2025-11-24T08:05:50.534+0000] {processor.py:183} INFO - Processing /opt/airflow/dags/dag_three.py took 0.436 seconds
[2025-11-24T08:06:20.941+0000] {processor.py:161} INFO - Started process (PID=7705) to work on /opt/airflow/dags/dag_three.py
[2025-11-24T08:06:20.942+0000] {processor.py:830} INFO - Processing file /opt/airflow/dags/dag_three.py for tasks to queue
[2025-11-24T08:06:20.943+0000] {logging_mixin.py:188} INFO - [2025-11-24T08:06:20.943+0000] {dagbag.py:538} INFO - Filling up the DagBag from /opt/airflow/dags/dag_three.py
[2025-11-24T08:06:21.310+0000] {processor.py:840} INFO - DAG(s) 'duckdb_to_iceberg_bronze' retrieved from /opt/airflow/dags/dag_three.py
[2025-11-24T08:06:21.336+0000] {logging_mixin.py:188} INFO - [2025-11-24T08:06:21.336+0000] {dag.py:3036} INFO - Sync 1 DAGs
[2025-11-24T08:06:21.346+0000] {logging_mixin.py:188} INFO - [2025-11-24T08:06:21.345+0000] {dag.py:3823} INFO - Setting next_dagrun for duckdb_to_iceberg_bronze to None, run_after=None
[2025-11-24T08:06:21.369+0000] {processor.py:183} INFO - Processing /opt/airflow/dags/dag_three.py took 0.430 seconds
[2025-11-24T08:06:51.425+0000] {processor.py:161} INFO - Started process (PID=7788) to work on /opt/airflow/dags/dag_three.py
[2025-11-24T08:06:51.426+0000] {processor.py:830} INFO - Processing file /opt/airflow/dags/dag_three.py for tasks to queue
[2025-11-24T08:06:51.428+0000] {logging_mixin.py:188} INFO - [2025-11-24T08:06:51.427+0000] {dagbag.py:538} INFO - Filling up the DagBag from /opt/airflow/dags/dag_three.py
[2025-11-24T08:06:51.773+0000] {processor.py:840} INFO - DAG(s) 'duckdb_to_iceberg_bronze' retrieved from /opt/airflow/dags/dag_three.py
[2025-11-24T08:06:51.803+0000] {logging_mixin.py:188} INFO - [2025-11-24T08:06:51.803+0000] {dag.py:3036} INFO - Sync 1 DAGs
[2025-11-24T08:06:51.812+0000] {logging_mixin.py:188} INFO - [2025-11-24T08:06:51.812+0000] {dag.py:3823} INFO - Setting next_dagrun for duckdb_to_iceberg_bronze to None, run_after=None
[2025-11-24T08:06:51.837+0000] {processor.py:183} INFO - Processing /opt/airflow/dags/dag_three.py took 0.414 seconds
[2025-11-24T08:07:22.027+0000] {processor.py:161} INFO - Started process (PID=7853) to work on /opt/airflow/dags/dag_three.py
[2025-11-24T08:07:22.028+0000] {processor.py:830} INFO - Processing file /opt/airflow/dags/dag_three.py for tasks to queue
[2025-11-24T08:07:22.029+0000] {logging_mixin.py:188} INFO - [2025-11-24T08:07:22.029+0000] {dagbag.py:538} INFO - Filling up the DagBag from /opt/airflow/dags/dag_three.py
[2025-11-24T08:07:22.374+0000] {processor.py:840} INFO - DAG(s) 'duckdb_to_iceberg_bronze' retrieved from /opt/airflow/dags/dag_three.py
[2025-11-24T08:07:22.396+0000] {logging_mixin.py:188} INFO - [2025-11-24T08:07:22.395+0000] {dag.py:3036} INFO - Sync 1 DAGs
[2025-11-24T08:07:22.405+0000] {logging_mixin.py:188} INFO - [2025-11-24T08:07:22.405+0000] {dag.py:3823} INFO - Setting next_dagrun for duckdb_to_iceberg_bronze to None, run_after=None
[2025-11-24T08:07:22.428+0000] {processor.py:183} INFO - Processing /opt/airflow/dags/dag_three.py took 0.403 seconds
[2025-11-24T08:07:53.223+0000] {processor.py:161} INFO - Started process (PID=7939) to work on /opt/airflow/dags/dag_three.py
[2025-11-24T08:07:53.224+0000] {processor.py:830} INFO - Processing file /opt/airflow/dags/dag_three.py for tasks to queue
[2025-11-24T08:07:53.226+0000] {logging_mixin.py:188} INFO - [2025-11-24T08:07:53.225+0000] {dagbag.py:538} INFO - Filling up the DagBag from /opt/airflow/dags/dag_three.py
[2025-11-24T08:07:53.589+0000] {processor.py:840} INFO - DAG(s) 'duckdb_to_iceberg_bronze' retrieved from /opt/airflow/dags/dag_three.py
[2025-11-24T08:07:53.610+0000] {logging_mixin.py:188} INFO - [2025-11-24T08:07:53.610+0000] {dag.py:3036} INFO - Sync 1 DAGs
[2025-11-24T08:07:53.619+0000] {logging_mixin.py:188} INFO - [2025-11-24T08:07:53.619+0000] {dag.py:3823} INFO - Setting next_dagrun for duckdb_to_iceberg_bronze to None, run_after=None
[2025-11-24T08:07:53.645+0000] {processor.py:183} INFO - Processing /opt/airflow/dags/dag_three.py took 0.427 seconds
[2025-11-24T08:08:23.760+0000] {processor.py:161} INFO - Started process (PID=8025) to work on /opt/airflow/dags/dag_three.py
[2025-11-24T08:08:23.762+0000] {processor.py:830} INFO - Processing file /opt/airflow/dags/dag_three.py for tasks to queue
[2025-11-24T08:08:23.764+0000] {logging_mixin.py:188} INFO - [2025-11-24T08:08:23.763+0000] {dagbag.py:538} INFO - Filling up the DagBag from /opt/airflow/dags/dag_three.py
[2025-11-24T08:08:24.138+0000] {processor.py:840} INFO - DAG(s) 'duckdb_to_iceberg_bronze' retrieved from /opt/airflow/dags/dag_three.py
[2025-11-24T08:08:24.159+0000] {logging_mixin.py:188} INFO - [2025-11-24T08:08:24.159+0000] {dag.py:3036} INFO - Sync 1 DAGs
[2025-11-24T08:08:24.169+0000] {logging_mixin.py:188} INFO - [2025-11-24T08:08:24.168+0000] {dag.py:3823} INFO - Setting next_dagrun for duckdb_to_iceberg_bronze to None, run_after=None
[2025-11-24T08:08:24.193+0000] {processor.py:183} INFO - Processing /opt/airflow/dags/dag_three.py took 0.439 seconds
[2025-11-24T08:08:54.322+0000] {processor.py:161} INFO - Started process (PID=8111) to work on /opt/airflow/dags/dag_three.py
[2025-11-24T08:08:54.324+0000] {processor.py:830} INFO - Processing file /opt/airflow/dags/dag_three.py for tasks to queue
[2025-11-24T08:08:54.325+0000] {logging_mixin.py:188} INFO - [2025-11-24T08:08:54.325+0000] {dagbag.py:538} INFO - Filling up the DagBag from /opt/airflow/dags/dag_three.py
[2025-11-24T08:08:54.759+0000] {processor.py:840} INFO - DAG(s) 'duckdb_to_iceberg_bronze' retrieved from /opt/airflow/dags/dag_three.py
[2025-11-24T08:08:54.786+0000] {logging_mixin.py:188} INFO - [2025-11-24T08:08:54.786+0000] {dag.py:3036} INFO - Sync 1 DAGs
[2025-11-24T08:08:54.795+0000] {logging_mixin.py:188} INFO - [2025-11-24T08:08:54.795+0000] {dag.py:3823} INFO - Setting next_dagrun for duckdb_to_iceberg_bronze to None, run_after=None
[2025-11-24T08:08:54.822+0000] {processor.py:183} INFO - Processing /opt/airflow/dags/dag_three.py took 0.506 seconds
[2025-11-24T08:09:25.058+0000] {processor.py:161} INFO - Started process (PID=8197) to work on /opt/airflow/dags/dag_three.py
[2025-11-24T08:09:25.059+0000] {processor.py:830} INFO - Processing file /opt/airflow/dags/dag_three.py for tasks to queue
[2025-11-24T08:09:25.060+0000] {logging_mixin.py:188} INFO - [2025-11-24T08:09:25.060+0000] {dagbag.py:538} INFO - Filling up the DagBag from /opt/airflow/dags/dag_three.py
[2025-11-24T08:09:25.422+0000] {processor.py:840} INFO - DAG(s) 'duckdb_to_iceberg_bronze' retrieved from /opt/airflow/dags/dag_three.py
[2025-11-24T08:09:25.446+0000] {logging_mixin.py:188} INFO - [2025-11-24T08:09:25.445+0000] {dag.py:3036} INFO - Sync 1 DAGs
[2025-11-24T08:09:25.459+0000] {logging_mixin.py:188} INFO - [2025-11-24T08:09:25.459+0000] {dag.py:3823} INFO - Setting next_dagrun for duckdb_to_iceberg_bronze to None, run_after=None
[2025-11-24T08:09:25.494+0000] {processor.py:183} INFO - Processing /opt/airflow/dags/dag_three.py took 0.443 seconds
[2025-11-24T08:09:56.289+0000] {processor.py:161} INFO - Started process (PID=8283) to work on /opt/airflow/dags/dag_three.py
[2025-11-24T08:09:56.290+0000] {processor.py:830} INFO - Processing file /opt/airflow/dags/dag_three.py for tasks to queue
[2025-11-24T08:09:56.290+0000] {logging_mixin.py:188} INFO - [2025-11-24T08:09:56.290+0000] {dagbag.py:538} INFO - Filling up the DagBag from /opt/airflow/dags/dag_three.py
[2025-11-24T08:09:56.655+0000] {processor.py:840} INFO - DAG(s) 'duckdb_to_iceberg_bronze' retrieved from /opt/airflow/dags/dag_three.py
[2025-11-24T08:09:56.692+0000] {logging_mixin.py:188} INFO - [2025-11-24T08:09:56.691+0000] {dag.py:3036} INFO - Sync 1 DAGs
[2025-11-24T08:09:56.701+0000] {logging_mixin.py:188} INFO - [2025-11-24T08:09:56.701+0000] {dag.py:3823} INFO - Setting next_dagrun for duckdb_to_iceberg_bronze to None, run_after=None
[2025-11-24T08:09:56.718+0000] {processor.py:183} INFO - Processing /opt/airflow/dags/dag_three.py took 0.432 seconds
[2025-11-24T08:10:27.237+0000] {processor.py:161} INFO - Started process (PID=8369) to work on /opt/airflow/dags/dag_three.py
[2025-11-24T08:10:27.239+0000] {processor.py:830} INFO - Processing file /opt/airflow/dags/dag_three.py for tasks to queue
[2025-11-24T08:10:27.240+0000] {logging_mixin.py:188} INFO - [2025-11-24T08:10:27.240+0000] {dagbag.py:538} INFO - Filling up the DagBag from /opt/airflow/dags/dag_three.py
[2025-11-24T08:10:27.659+0000] {processor.py:840} INFO - DAG(s) 'duckdb_to_iceberg_bronze' retrieved from /opt/airflow/dags/dag_three.py
[2025-11-24T08:10:27.688+0000] {logging_mixin.py:188} INFO - [2025-11-24T08:10:27.687+0000] {dag.py:3036} INFO - Sync 1 DAGs
[2025-11-24T08:10:27.705+0000] {logging_mixin.py:188} INFO - [2025-11-24T08:10:27.705+0000] {dag.py:3823} INFO - Setting next_dagrun for duckdb_to_iceberg_bronze to None, run_after=None
[2025-11-24T08:10:27.737+0000] {processor.py:183} INFO - Processing /opt/airflow/dags/dag_three.py took 0.505 seconds
[2025-11-24T08:10:58.024+0000] {processor.py:161} INFO - Started process (PID=8455) to work on /opt/airflow/dags/dag_three.py
[2025-11-24T08:10:58.026+0000] {processor.py:830} INFO - Processing file /opt/airflow/dags/dag_three.py for tasks to queue
[2025-11-24T08:10:58.027+0000] {logging_mixin.py:188} INFO - [2025-11-24T08:10:58.027+0000] {dagbag.py:538} INFO - Filling up the DagBag from /opt/airflow/dags/dag_three.py
[2025-11-24T08:10:58.420+0000] {processor.py:840} INFO - DAG(s) 'duckdb_to_iceberg_bronze' retrieved from /opt/airflow/dags/dag_three.py
[2025-11-24T08:10:58.441+0000] {logging_mixin.py:188} INFO - [2025-11-24T08:10:58.441+0000] {dag.py:3036} INFO - Sync 1 DAGs
[2025-11-24T08:10:58.450+0000] {logging_mixin.py:188} INFO - [2025-11-24T08:10:58.449+0000] {dag.py:3823} INFO - Setting next_dagrun for duckdb_to_iceberg_bronze to None, run_after=None
[2025-11-24T08:10:58.481+0000] {processor.py:183} INFO - Processing /opt/airflow/dags/dag_three.py took 0.463 seconds
[2025-11-24T08:11:28.776+0000] {processor.py:161} INFO - Started process (PID=8541) to work on /opt/airflow/dags/dag_three.py
[2025-11-24T08:11:28.777+0000] {processor.py:830} INFO - Processing file /opt/airflow/dags/dag_three.py for tasks to queue
[2025-11-24T08:11:28.779+0000] {logging_mixin.py:188} INFO - [2025-11-24T08:11:28.778+0000] {dagbag.py:538} INFO - Filling up the DagBag from /opt/airflow/dags/dag_three.py
[2025-11-24T08:11:29.140+0000] {processor.py:840} INFO - DAG(s) 'duckdb_to_iceberg_bronze' retrieved from /opt/airflow/dags/dag_three.py
[2025-11-24T08:11:29.161+0000] {logging_mixin.py:188} INFO - [2025-11-24T08:11:29.160+0000] {dag.py:3036} INFO - Sync 1 DAGs
[2025-11-24T08:11:29.170+0000] {logging_mixin.py:188} INFO - [2025-11-24T08:11:29.170+0000] {dag.py:3823} INFO - Setting next_dagrun for duckdb_to_iceberg_bronze to None, run_after=None
[2025-11-24T08:11:29.201+0000] {processor.py:183} INFO - Processing /opt/airflow/dags/dag_three.py took 0.428 seconds
[2025-11-24T08:11:59.250+0000] {processor.py:161} INFO - Started process (PID=8627) to work on /opt/airflow/dags/dag_three.py
[2025-11-24T08:11:59.251+0000] {processor.py:830} INFO - Processing file /opt/airflow/dags/dag_three.py for tasks to queue
[2025-11-24T08:11:59.253+0000] {logging_mixin.py:188} INFO - [2025-11-24T08:11:59.252+0000] {dagbag.py:538} INFO - Filling up the DagBag from /opt/airflow/dags/dag_three.py
[2025-11-24T08:11:59.640+0000] {processor.py:840} INFO - DAG(s) 'duckdb_to_iceberg_bronze' retrieved from /opt/airflow/dags/dag_three.py
[2025-11-24T08:11:59.661+0000] {logging_mixin.py:188} INFO - [2025-11-24T08:11:59.660+0000] {dag.py:3036} INFO - Sync 1 DAGs
[2025-11-24T08:11:59.671+0000] {logging_mixin.py:188} INFO - [2025-11-24T08:11:59.670+0000] {dag.py:3823} INFO - Setting next_dagrun for duckdb_to_iceberg_bronze to None, run_after=None
[2025-11-24T08:11:59.699+0000] {processor.py:183} INFO - Processing /opt/airflow/dags/dag_three.py took 0.454 seconds
[2025-11-24T08:12:29.905+0000] {processor.py:161} INFO - Started process (PID=8713) to work on /opt/airflow/dags/dag_three.py
[2025-11-24T08:12:29.907+0000] {processor.py:830} INFO - Processing file /opt/airflow/dags/dag_three.py for tasks to queue
[2025-11-24T08:12:29.909+0000] {logging_mixin.py:188} INFO - [2025-11-24T08:12:29.908+0000] {dagbag.py:538} INFO - Filling up the DagBag from /opt/airflow/dags/dag_three.py
[2025-11-24T08:12:30.270+0000] {processor.py:840} INFO - DAG(s) 'duckdb_to_iceberg_bronze' retrieved from /opt/airflow/dags/dag_three.py
[2025-11-24T08:12:30.291+0000] {logging_mixin.py:188} INFO - [2025-11-24T08:12:30.290+0000] {dag.py:3036} INFO - Sync 1 DAGs
[2025-11-24T08:12:30.300+0000] {logging_mixin.py:188} INFO - [2025-11-24T08:12:30.300+0000] {dag.py:3823} INFO - Setting next_dagrun for duckdb_to_iceberg_bronze to None, run_after=None
[2025-11-24T08:12:30.331+0000] {processor.py:183} INFO - Processing /opt/airflow/dags/dag_three.py took 0.432 seconds
[2025-11-24T08:13:01.106+0000] {processor.py:161} INFO - Started process (PID=8799) to work on /opt/airflow/dags/dag_three.py
[2025-11-24T08:13:01.107+0000] {processor.py:830} INFO - Processing file /opt/airflow/dags/dag_three.py for tasks to queue
[2025-11-24T08:13:01.109+0000] {logging_mixin.py:188} INFO - [2025-11-24T08:13:01.108+0000] {dagbag.py:538} INFO - Filling up the DagBag from /opt/airflow/dags/dag_three.py
[2025-11-24T08:13:01.478+0000] {processor.py:840} INFO - DAG(s) 'duckdb_to_iceberg_bronze' retrieved from /opt/airflow/dags/dag_three.py
[2025-11-24T08:13:01.499+0000] {logging_mixin.py:188} INFO - [2025-11-24T08:13:01.498+0000] {dag.py:3036} INFO - Sync 1 DAGs
[2025-11-24T08:13:01.509+0000] {logging_mixin.py:188} INFO - [2025-11-24T08:13:01.509+0000] {dag.py:3823} INFO - Setting next_dagrun for duckdb_to_iceberg_bronze to None, run_after=None
[2025-11-24T08:13:01.540+0000] {processor.py:183} INFO - Processing /opt/airflow/dags/dag_three.py took 0.438 seconds
[2025-11-24T08:13:31.788+0000] {processor.py:161} INFO - Started process (PID=8885) to work on /opt/airflow/dags/dag_three.py
[2025-11-24T08:13:31.789+0000] {processor.py:830} INFO - Processing file /opt/airflow/dags/dag_three.py for tasks to queue
[2025-11-24T08:13:31.790+0000] {logging_mixin.py:188} INFO - [2025-11-24T08:13:31.790+0000] {dagbag.py:538} INFO - Filling up the DagBag from /opt/airflow/dags/dag_three.py
[2025-11-24T08:13:32.152+0000] {processor.py:840} INFO - DAG(s) 'duckdb_to_iceberg_bronze' retrieved from /opt/airflow/dags/dag_three.py
[2025-11-24T08:13:32.193+0000] {logging_mixin.py:188} INFO - [2025-11-24T08:13:32.193+0000] {dag.py:3036} INFO - Sync 1 DAGs
[2025-11-24T08:13:32.203+0000] {logging_mixin.py:188} INFO - [2025-11-24T08:13:32.203+0000] {dag.py:3823} INFO - Setting next_dagrun for duckdb_to_iceberg_bronze to None, run_after=None
[2025-11-24T08:13:32.222+0000] {processor.py:183} INFO - Processing /opt/airflow/dags/dag_three.py took 0.436 seconds
[2025-11-24T08:14:02.415+0000] {processor.py:161} INFO - Started process (PID=8971) to work on /opt/airflow/dags/dag_three.py
[2025-11-24T08:14:02.417+0000] {processor.py:830} INFO - Processing file /opt/airflow/dags/dag_three.py for tasks to queue
[2025-11-24T08:14:02.420+0000] {logging_mixin.py:188} INFO - [2025-11-24T08:14:02.419+0000] {dagbag.py:538} INFO - Filling up the DagBag from /opt/airflow/dags/dag_three.py
[2025-11-24T08:14:02.799+0000] {processor.py:840} INFO - DAG(s) 'duckdb_to_iceberg_bronze' retrieved from /opt/airflow/dags/dag_three.py
[2025-11-24T08:14:02.820+0000] {logging_mixin.py:188} INFO - [2025-11-24T08:14:02.820+0000] {dag.py:3036} INFO - Sync 1 DAGs
[2025-11-24T08:14:02.831+0000] {logging_mixin.py:188} INFO - [2025-11-24T08:14:02.831+0000] {dag.py:3823} INFO - Setting next_dagrun for duckdb_to_iceberg_bronze to None, run_after=None
[2025-11-24T08:14:02.858+0000] {processor.py:183} INFO - Processing /opt/airflow/dags/dag_three.py took 0.448 seconds
[2025-11-24T08:14:32.906+0000] {processor.py:161} INFO - Started process (PID=9054) to work on /opt/airflow/dags/dag_three.py
[2025-11-24T08:14:32.907+0000] {processor.py:830} INFO - Processing file /opt/airflow/dags/dag_three.py for tasks to queue
[2025-11-24T08:14:32.908+0000] {logging_mixin.py:188} INFO - [2025-11-24T08:14:32.908+0000] {dagbag.py:538} INFO - Filling up the DagBag from /opt/airflow/dags/dag_three.py
[2025-11-24T08:14:33.269+0000] {processor.py:840} INFO - DAG(s) 'duckdb_to_iceberg_bronze' retrieved from /opt/airflow/dags/dag_three.py
[2025-11-24T08:14:33.291+0000] {logging_mixin.py:188} INFO - [2025-11-24T08:14:33.291+0000] {dag.py:3036} INFO - Sync 1 DAGs
[2025-11-24T08:14:33.299+0000] {logging_mixin.py:188} INFO - [2025-11-24T08:14:33.299+0000] {dag.py:3823} INFO - Setting next_dagrun for duckdb_to_iceberg_bronze to None, run_after=None
[2025-11-24T08:14:33.322+0000] {processor.py:183} INFO - Processing /opt/airflow/dags/dag_three.py took 0.421 seconds
[2025-11-24T08:15:03.645+0000] {processor.py:161} INFO - Started process (PID=9159) to work on /opt/airflow/dags/dag_three.py
[2025-11-24T08:15:03.647+0000] {processor.py:830} INFO - Processing file /opt/airflow/dags/dag_three.py for tasks to queue
[2025-11-24T08:15:03.648+0000] {logging_mixin.py:188} INFO - [2025-11-24T08:15:03.648+0000] {dagbag.py:538} INFO - Filling up the DagBag from /opt/airflow/dags/dag_three.py
[2025-11-24T08:15:04.088+0000] {processor.py:840} INFO - DAG(s) 'duckdb_to_iceberg_bronze' retrieved from /opt/airflow/dags/dag_three.py
[2025-11-24T08:15:04.119+0000] {logging_mixin.py:188} INFO - [2025-11-24T08:15:04.119+0000] {dag.py:3036} INFO - Sync 1 DAGs
[2025-11-24T08:15:04.132+0000] {logging_mixin.py:188} INFO - [2025-11-24T08:15:04.132+0000] {dag.py:3823} INFO - Setting next_dagrun for duckdb_to_iceberg_bronze to None, run_after=None
[2025-11-24T08:15:04.154+0000] {processor.py:183} INFO - Processing /opt/airflow/dags/dag_three.py took 0.516 seconds
[2025-11-24T08:26:53.545+0000] {processor.py:161} INFO - Started process (PID=176) to work on /opt/airflow/dags/dag_three.py
[2025-11-24T08:26:53.546+0000] {processor.py:830} INFO - Processing file /opt/airflow/dags/dag_three.py for tasks to queue
[2025-11-24T08:26:53.547+0000] {logging_mixin.py:188} INFO - [2025-11-24T08:26:53.547+0000] {dagbag.py:538} INFO - Filling up the DagBag from /opt/airflow/dags/dag_three.py
[2025-11-24T08:26:54.046+0000] {processor.py:840} INFO - DAG(s) 'duckdb_to_iceberg_bronze' retrieved from /opt/airflow/dags/dag_three.py
[2025-11-24T08:26:54.072+0000] {logging_mixin.py:188} INFO - [2025-11-24T08:26:54.071+0000] {dag.py:3036} INFO - Sync 1 DAGs
[2025-11-24T08:26:54.085+0000] {logging_mixin.py:188} INFO - [2025-11-24T08:26:54.085+0000] {dag.py:3823} INFO - Setting next_dagrun for duckdb_to_iceberg_bronze to None, run_after=None
[2025-11-24T08:26:54.105+0000] {processor.py:183} INFO - Processing /opt/airflow/dags/dag_three.py took 0.562 seconds
[2025-11-24T08:27:24.595+0000] {processor.py:161} INFO - Started process (PID=260) to work on /opt/airflow/dags/dag_three.py
[2025-11-24T08:27:24.597+0000] {processor.py:830} INFO - Processing file /opt/airflow/dags/dag_three.py for tasks to queue
[2025-11-24T08:27:24.598+0000] {logging_mixin.py:188} INFO - [2025-11-24T08:27:24.598+0000] {dagbag.py:538} INFO - Filling up the DagBag from /opt/airflow/dags/dag_three.py
[2025-11-24T08:27:25.082+0000] {processor.py:840} INFO - DAG(s) 'duckdb_to_iceberg_bronze' retrieved from /opt/airflow/dags/dag_three.py
[2025-11-24T08:27:25.152+0000] {logging_mixin.py:188} INFO - [2025-11-24T08:27:25.151+0000] {dag.py:3036} INFO - Sync 1 DAGs
[2025-11-24T08:27:25.161+0000] {logging_mixin.py:188} INFO - [2025-11-24T08:27:25.161+0000] {dag.py:3823} INFO - Setting next_dagrun for duckdb_to_iceberg_bronze to None, run_after=None
[2025-11-24T08:27:25.187+0000] {processor.py:183} INFO - Processing /opt/airflow/dags/dag_three.py took 0.597 seconds
[2025-11-24T08:27:55.424+0000] {processor.py:161} INFO - Started process (PID=346) to work on /opt/airflow/dags/dag_three.py
[2025-11-24T08:27:55.426+0000] {processor.py:830} INFO - Processing file /opt/airflow/dags/dag_three.py for tasks to queue
[2025-11-24T08:27:55.429+0000] {logging_mixin.py:188} INFO - [2025-11-24T08:27:55.428+0000] {dagbag.py:538} INFO - Filling up the DagBag from /opt/airflow/dags/dag_three.py
[2025-11-24T08:27:55.826+0000] {processor.py:840} INFO - DAG(s) 'duckdb_to_iceberg_bronze' retrieved from /opt/airflow/dags/dag_three.py
[2025-11-24T08:27:55.848+0000] {logging_mixin.py:188} INFO - [2025-11-24T08:27:55.847+0000] {dag.py:3036} INFO - Sync 1 DAGs
[2025-11-24T08:27:55.859+0000] {logging_mixin.py:188} INFO - [2025-11-24T08:27:55.859+0000] {dag.py:3823} INFO - Setting next_dagrun for duckdb_to_iceberg_bronze to None, run_after=None
[2025-11-24T08:27:55.894+0000] {processor.py:183} INFO - Processing /opt/airflow/dags/dag_three.py took 0.476 seconds
[2025-11-24T08:30:43.904+0000] {processor.py:161} INFO - Started process (PID=178) to work on /opt/airflow/dags/dag_three.py
[2025-11-24T08:30:43.906+0000] {processor.py:830} INFO - Processing file /opt/airflow/dags/dag_three.py for tasks to queue
[2025-11-24T08:30:43.907+0000] {logging_mixin.py:188} INFO - [2025-11-24T08:30:43.907+0000] {dagbag.py:538} INFO - Filling up the DagBag from /opt/airflow/dags/dag_three.py
[2025-11-24T08:30:44.453+0000] {processor.py:840} INFO - DAG(s) 'duckdb_to_iceberg_bronze' retrieved from /opt/airflow/dags/dag_three.py
[2025-11-24T08:30:44.576+0000] {logging_mixin.py:188} INFO - [2025-11-24T08:30:44.575+0000] {dag.py:3036} INFO - Sync 1 DAGs
[2025-11-24T08:30:44.617+0000] {logging_mixin.py:188} INFO - [2025-11-24T08:30:44.616+0000] {dag.py:3823} INFO - Setting next_dagrun for duckdb_to_iceberg_bronze to None, run_after=None
[2025-11-24T08:30:44.652+0000] {processor.py:183} INFO - Processing /opt/airflow/dags/dag_three.py took 0.753 seconds
[2025-11-24T08:31:15.444+0000] {processor.py:161} INFO - Started process (PID=261) to work on /opt/airflow/dags/dag_three.py
[2025-11-24T08:31:15.446+0000] {processor.py:830} INFO - Processing file /opt/airflow/dags/dag_three.py for tasks to queue
[2025-11-24T08:31:15.449+0000] {logging_mixin.py:188} INFO - [2025-11-24T08:31:15.448+0000] {dagbag.py:538} INFO - Filling up the DagBag from /opt/airflow/dags/dag_three.py
[2025-11-24T08:31:15.836+0000] {processor.py:840} INFO - DAG(s) 'duckdb_to_iceberg_bronze' retrieved from /opt/airflow/dags/dag_three.py
[2025-11-24T08:31:15.912+0000] {logging_mixin.py:188} INFO - [2025-11-24T08:31:15.912+0000] {dag.py:3036} INFO - Sync 1 DAGs
[2025-11-24T08:31:15.928+0000] {logging_mixin.py:188} INFO - [2025-11-24T08:31:15.928+0000] {dag.py:3823} INFO - Setting next_dagrun for duckdb_to_iceberg_bronze to None, run_after=None
[2025-11-24T08:31:15.953+0000] {processor.py:183} INFO - Processing /opt/airflow/dags/dag_three.py took 0.514 seconds
[2025-11-24T08:31:46.218+0000] {processor.py:161} INFO - Started process (PID=347) to work on /opt/airflow/dags/dag_three.py
[2025-11-24T08:31:46.220+0000] {processor.py:830} INFO - Processing file /opt/airflow/dags/dag_three.py for tasks to queue
[2025-11-24T08:31:46.221+0000] {logging_mixin.py:188} INFO - [2025-11-24T08:31:46.221+0000] {dagbag.py:538} INFO - Filling up the DagBag from /opt/airflow/dags/dag_three.py
[2025-11-24T08:31:46.587+0000] {processor.py:840} INFO - DAG(s) 'duckdb_to_iceberg_bronze' retrieved from /opt/airflow/dags/dag_three.py
[2025-11-24T08:31:46.609+0000] {logging_mixin.py:188} INFO - [2025-11-24T08:31:46.609+0000] {dag.py:3036} INFO - Sync 1 DAGs
[2025-11-24T08:31:46.618+0000] {logging_mixin.py:188} INFO - [2025-11-24T08:31:46.618+0000] {dag.py:3823} INFO - Setting next_dagrun for duckdb_to_iceberg_bronze to None, run_after=None
[2025-11-24T08:31:46.631+0000] {processor.py:183} INFO - Processing /opt/airflow/dags/dag_three.py took 0.418 seconds
[2025-11-24T08:32:16.661+0000] {processor.py:161} INFO - Started process (PID=453) to work on /opt/airflow/dags/dag_three.py
[2025-11-24T08:32:16.661+0000] {processor.py:830} INFO - Processing file /opt/airflow/dags/dag_three.py for tasks to queue
[2025-11-24T08:32:16.662+0000] {logging_mixin.py:188} INFO - [2025-11-24T08:32:16.662+0000] {dagbag.py:538} INFO - Filling up the DagBag from /opt/airflow/dags/dag_three.py
[2025-11-24T08:32:17.035+0000] {processor.py:840} INFO - DAG(s) 'duckdb_to_iceberg_bronze' retrieved from /opt/airflow/dags/dag_three.py
[2025-11-24T08:32:17.053+0000] {logging_mixin.py:188} INFO - [2025-11-24T08:32:17.053+0000] {dag.py:3036} INFO - Sync 1 DAGs
[2025-11-24T08:32:17.063+0000] {logging_mixin.py:188} INFO - [2025-11-24T08:32:17.063+0000] {dag.py:3823} INFO - Setting next_dagrun for duckdb_to_iceberg_bronze to None, run_after=None
[2025-11-24T08:32:17.078+0000] {processor.py:183} INFO - Processing /opt/airflow/dags/dag_three.py took 0.420 seconds
[2025-11-24T08:32:47.738+0000] {processor.py:161} INFO - Started process (PID=539) to work on /opt/airflow/dags/dag_three.py
[2025-11-24T08:32:47.739+0000] {processor.py:830} INFO - Processing file /opt/airflow/dags/dag_three.py for tasks to queue
[2025-11-24T08:32:47.741+0000] {logging_mixin.py:188} INFO - [2025-11-24T08:32:47.740+0000] {dagbag.py:538} INFO - Filling up the DagBag from /opt/airflow/dags/dag_three.py
[2025-11-24T08:32:48.124+0000] {processor.py:840} INFO - DAG(s) 'duckdb_to_iceberg_bronze' retrieved from /opt/airflow/dags/dag_three.py
[2025-11-24T08:32:48.149+0000] {logging_mixin.py:188} INFO - [2025-11-24T08:32:48.148+0000] {dag.py:3036} INFO - Sync 1 DAGs
[2025-11-24T08:32:48.159+0000] {logging_mixin.py:188} INFO - [2025-11-24T08:32:48.159+0000] {dag.py:3823} INFO - Setting next_dagrun for duckdb_to_iceberg_bronze to None, run_after=None
[2025-11-24T08:32:48.177+0000] {processor.py:183} INFO - Processing /opt/airflow/dags/dag_three.py took 0.442 seconds
[2025-11-24T08:33:18.778+0000] {processor.py:161} INFO - Started process (PID=625) to work on /opt/airflow/dags/dag_three.py
[2025-11-24T08:33:18.779+0000] {processor.py:830} INFO - Processing file /opt/airflow/dags/dag_three.py for tasks to queue
[2025-11-24T08:33:18.780+0000] {logging_mixin.py:188} INFO - [2025-11-24T08:33:18.780+0000] {dagbag.py:538} INFO - Filling up the DagBag from /opt/airflow/dags/dag_three.py
[2025-11-24T08:33:19.160+0000] {processor.py:840} INFO - DAG(s) 'duckdb_to_iceberg_bronze' retrieved from /opt/airflow/dags/dag_three.py
[2025-11-24T08:33:19.187+0000] {logging_mixin.py:188} INFO - [2025-11-24T08:33:19.186+0000] {dag.py:3036} INFO - Sync 1 DAGs
[2025-11-24T08:33:19.198+0000] {logging_mixin.py:188} INFO - [2025-11-24T08:33:19.197+0000] {dag.py:3823} INFO - Setting next_dagrun for duckdb_to_iceberg_bronze to None, run_after=None
[2025-11-24T08:33:19.232+0000] {processor.py:183} INFO - Processing /opt/airflow/dags/dag_three.py took 0.458 seconds
[2025-11-24T08:33:49.923+0000] {processor.py:161} INFO - Started process (PID=711) to work on /opt/airflow/dags/dag_three.py
[2025-11-24T08:33:49.924+0000] {processor.py:830} INFO - Processing file /opt/airflow/dags/dag_three.py for tasks to queue
[2025-11-24T08:33:49.926+0000] {logging_mixin.py:188} INFO - [2025-11-24T08:33:49.925+0000] {dagbag.py:538} INFO - Filling up the DagBag from /opt/airflow/dags/dag_three.py
[2025-11-24T08:33:50.297+0000] {processor.py:840} INFO - DAG(s) 'duckdb_to_iceberg_bronze' retrieved from /opt/airflow/dags/dag_three.py
[2025-11-24T08:33:50.327+0000] {logging_mixin.py:188} INFO - [2025-11-24T08:33:50.326+0000] {dag.py:3036} INFO - Sync 1 DAGs
[2025-11-24T08:33:50.343+0000] {logging_mixin.py:188} INFO - [2025-11-24T08:33:50.343+0000] {dag.py:3823} INFO - Setting next_dagrun for duckdb_to_iceberg_bronze to None, run_after=None
[2025-11-24T08:33:50.370+0000] {processor.py:183} INFO - Processing /opt/airflow/dags/dag_three.py took 0.453 seconds
[2025-11-24T08:34:21.249+0000] {processor.py:161} INFO - Started process (PID=797) to work on /opt/airflow/dags/dag_three.py
[2025-11-24T08:34:21.250+0000] {processor.py:830} INFO - Processing file /opt/airflow/dags/dag_three.py for tasks to queue
[2025-11-24T08:34:21.251+0000] {logging_mixin.py:188} INFO - [2025-11-24T08:34:21.251+0000] {dagbag.py:538} INFO - Filling up the DagBag from /opt/airflow/dags/dag_three.py
[2025-11-24T08:34:21.624+0000] {processor.py:840} INFO - DAG(s) 'duckdb_to_iceberg_bronze' retrieved from /opt/airflow/dags/dag_three.py
[2025-11-24T08:34:21.642+0000] {logging_mixin.py:188} INFO - [2025-11-24T08:34:21.642+0000] {dag.py:3036} INFO - Sync 1 DAGs
[2025-11-24T08:34:21.651+0000] {logging_mixin.py:188} INFO - [2025-11-24T08:34:21.651+0000] {dag.py:3823} INFO - Setting next_dagrun for duckdb_to_iceberg_bronze to None, run_after=None
[2025-11-24T08:34:21.674+0000] {processor.py:183} INFO - Processing /opt/airflow/dags/dag_three.py took 0.430 seconds
[2025-11-24T08:34:52.082+0000] {processor.py:161} INFO - Started process (PID=883) to work on /opt/airflow/dags/dag_three.py
[2025-11-24T08:34:52.084+0000] {processor.py:830} INFO - Processing file /opt/airflow/dags/dag_three.py for tasks to queue
[2025-11-24T08:34:52.087+0000] {logging_mixin.py:188} INFO - [2025-11-24T08:34:52.086+0000] {dagbag.py:538} INFO - Filling up the DagBag from /opt/airflow/dags/dag_three.py
[2025-11-24T08:34:52.479+0000] {processor.py:840} INFO - DAG(s) 'duckdb_to_iceberg_bronze' retrieved from /opt/airflow/dags/dag_three.py
[2025-11-24T08:34:52.509+0000] {logging_mixin.py:188} INFO - [2025-11-24T08:34:52.508+0000] {dag.py:3036} INFO - Sync 1 DAGs
[2025-11-24T08:34:52.525+0000] {logging_mixin.py:188} INFO - [2025-11-24T08:34:52.525+0000] {dag.py:3823} INFO - Setting next_dagrun for duckdb_to_iceberg_bronze to None, run_after=None
[2025-11-24T08:34:52.567+0000] {processor.py:183} INFO - Processing /opt/airflow/dags/dag_three.py took 0.492 seconds
[2025-11-24T08:35:22.651+0000] {processor.py:161} INFO - Started process (PID=969) to work on /opt/airflow/dags/dag_three.py
[2025-11-24T08:35:22.652+0000] {processor.py:830} INFO - Processing file /opt/airflow/dags/dag_three.py for tasks to queue
[2025-11-24T08:35:22.654+0000] {logging_mixin.py:188} INFO - [2025-11-24T08:35:22.653+0000] {dagbag.py:538} INFO - Filling up the DagBag from /opt/airflow/dags/dag_three.py
[2025-11-24T08:35:23.012+0000] {processor.py:840} INFO - DAG(s) 'duckdb_to_iceberg_bronze' retrieved from /opt/airflow/dags/dag_three.py
[2025-11-24T08:35:23.036+0000] {logging_mixin.py:188} INFO - [2025-11-24T08:35:23.035+0000] {dag.py:3036} INFO - Sync 1 DAGs
[2025-11-24T08:35:23.047+0000] {logging_mixin.py:188} INFO - [2025-11-24T08:35:23.047+0000] {dag.py:3823} INFO - Setting next_dagrun for duckdb_to_iceberg_bronze to None, run_after=None
[2025-11-24T08:35:23.075+0000] {processor.py:183} INFO - Processing /opt/airflow/dags/dag_three.py took 0.430 seconds
[2025-11-24T08:35:53.945+0000] {processor.py:161} INFO - Started process (PID=1055) to work on /opt/airflow/dags/dag_three.py
[2025-11-24T08:35:53.946+0000] {processor.py:830} INFO - Processing file /opt/airflow/dags/dag_three.py for tasks to queue
[2025-11-24T08:35:53.947+0000] {logging_mixin.py:188} INFO - [2025-11-24T08:35:53.946+0000] {dagbag.py:538} INFO - Filling up the DagBag from /opt/airflow/dags/dag_three.py
[2025-11-24T08:35:54.301+0000] {processor.py:840} INFO - DAG(s) 'duckdb_to_iceberg_bronze' retrieved from /opt/airflow/dags/dag_three.py
[2025-11-24T08:35:54.319+0000] {logging_mixin.py:188} INFO - [2025-11-24T08:35:54.319+0000] {dag.py:3036} INFO - Sync 1 DAGs
[2025-11-24T08:35:54.327+0000] {logging_mixin.py:188} INFO - [2025-11-24T08:35:54.327+0000] {dag.py:3823} INFO - Setting next_dagrun for duckdb_to_iceberg_bronze to None, run_after=None
[2025-11-24T08:35:54.350+0000] {processor.py:183} INFO - Processing /opt/airflow/dags/dag_three.py took 0.410 seconds
[2025-11-24T08:36:24.756+0000] {processor.py:161} INFO - Started process (PID=1141) to work on /opt/airflow/dags/dag_three.py
[2025-11-24T08:36:24.759+0000] {processor.py:830} INFO - Processing file /opt/airflow/dags/dag_three.py for tasks to queue
[2025-11-24T08:36:24.763+0000] {logging_mixin.py:188} INFO - [2025-11-24T08:36:24.762+0000] {dagbag.py:538} INFO - Filling up the DagBag from /opt/airflow/dags/dag_three.py
[2025-11-24T08:36:25.181+0000] {processor.py:840} INFO - DAG(s) 'duckdb_to_iceberg_bronze' retrieved from /opt/airflow/dags/dag_three.py
[2025-11-24T08:36:25.207+0000] {logging_mixin.py:188} INFO - [2025-11-24T08:36:25.206+0000] {dag.py:3036} INFO - Sync 1 DAGs
[2025-11-24T08:36:25.220+0000] {logging_mixin.py:188} INFO - [2025-11-24T08:36:25.220+0000] {dag.py:3823} INFO - Setting next_dagrun for duckdb_to_iceberg_bronze to None, run_after=None
[2025-11-24T08:36:25.248+0000] {processor.py:183} INFO - Processing /opt/airflow/dags/dag_three.py took 0.496 seconds
[2025-11-24T08:36:56.143+0000] {processor.py:161} INFO - Started process (PID=1230) to work on /opt/airflow/dags/dag_three.py
[2025-11-24T08:36:56.145+0000] {processor.py:830} INFO - Processing file /opt/airflow/dags/dag_three.py for tasks to queue
[2025-11-24T08:36:56.146+0000] {logging_mixin.py:188} INFO - [2025-11-24T08:36:56.146+0000] {dagbag.py:538} INFO - Filling up the DagBag from /opt/airflow/dags/dag_three.py
[2025-11-24T08:36:56.504+0000] {processor.py:840} INFO - DAG(s) 'duckdb_to_iceberg_bronze' retrieved from /opt/airflow/dags/dag_three.py
[2025-11-24T08:36:56.527+0000] {logging_mixin.py:188} INFO - [2025-11-24T08:36:56.527+0000] {dag.py:3036} INFO - Sync 1 DAGs
[2025-11-24T08:36:56.546+0000] {logging_mixin.py:188} INFO - [2025-11-24T08:36:56.546+0000] {dag.py:3823} INFO - Setting next_dagrun for duckdb_to_iceberg_bronze to None, run_after=None
[2025-11-24T08:36:56.565+0000] {processor.py:183} INFO - Processing /opt/airflow/dags/dag_three.py took 0.426 seconds
[2025-11-24T08:37:26.998+0000] {processor.py:161} INFO - Started process (PID=1316) to work on /opt/airflow/dags/dag_three.py
[2025-11-24T08:37:26.999+0000] {processor.py:830} INFO - Processing file /opt/airflow/dags/dag_three.py for tasks to queue
[2025-11-24T08:37:26.999+0000] {logging_mixin.py:188} INFO - [2025-11-24T08:37:26.999+0000] {dagbag.py:538} INFO - Filling up the DagBag from /opt/airflow/dags/dag_three.py
[2025-11-24T08:37:27.370+0000] {processor.py:840} INFO - DAG(s) 'duckdb_to_iceberg_bronze' retrieved from /opt/airflow/dags/dag_three.py
[2025-11-24T08:37:27.390+0000] {logging_mixin.py:188} INFO - [2025-11-24T08:37:27.389+0000] {dag.py:3036} INFO - Sync 1 DAGs
[2025-11-24T08:37:27.402+0000] {logging_mixin.py:188} INFO - [2025-11-24T08:37:27.401+0000] {dag.py:3823} INFO - Setting next_dagrun for duckdb_to_iceberg_bronze to None, run_after=None
[2025-11-24T08:37:27.420+0000] {processor.py:183} INFO - Processing /opt/airflow/dags/dag_three.py took 0.425 seconds
[2025-11-24T08:37:57.840+0000] {processor.py:161} INFO - Started process (PID=1402) to work on /opt/airflow/dags/dag_three.py
[2025-11-24T08:37:57.841+0000] {processor.py:830} INFO - Processing file /opt/airflow/dags/dag_three.py for tasks to queue
[2025-11-24T08:37:57.842+0000] {logging_mixin.py:188} INFO - [2025-11-24T08:37:57.842+0000] {dagbag.py:538} INFO - Filling up the DagBag from /opt/airflow/dags/dag_three.py
[2025-11-24T08:37:58.228+0000] {processor.py:840} INFO - DAG(s) 'duckdb_to_iceberg_bronze' retrieved from /opt/airflow/dags/dag_three.py
[2025-11-24T08:37:58.249+0000] {logging_mixin.py:188} INFO - [2025-11-24T08:37:58.249+0000] {dag.py:3036} INFO - Sync 1 DAGs
[2025-11-24T08:37:58.258+0000] {logging_mixin.py:188} INFO - [2025-11-24T08:37:58.257+0000] {dag.py:3823} INFO - Setting next_dagrun for duckdb_to_iceberg_bronze to None, run_after=None
[2025-11-24T08:37:58.282+0000] {processor.py:183} INFO - Processing /opt/airflow/dags/dag_three.py took 0.445 seconds
[2025-11-24T08:38:29.088+0000] {processor.py:161} INFO - Started process (PID=1504) to work on /opt/airflow/dags/dag_three.py
[2025-11-24T08:38:29.089+0000] {processor.py:830} INFO - Processing file /opt/airflow/dags/dag_three.py for tasks to queue
[2025-11-24T08:38:29.091+0000] {logging_mixin.py:188} INFO - [2025-11-24T08:38:29.090+0000] {dagbag.py:538} INFO - Filling up the DagBag from /opt/airflow/dags/dag_three.py
[2025-11-24T08:38:29.461+0000] {processor.py:840} INFO - DAG(s) 'duckdb_to_iceberg_bronze' retrieved from /opt/airflow/dags/dag_three.py
[2025-11-24T08:38:29.486+0000] {logging_mixin.py:188} INFO - [2025-11-24T08:38:29.486+0000] {dag.py:3036} INFO - Sync 1 DAGs
[2025-11-24T08:38:29.500+0000] {logging_mixin.py:188} INFO - [2025-11-24T08:38:29.500+0000] {dag.py:3823} INFO - Setting next_dagrun for duckdb_to_iceberg_bronze to None, run_after=None
[2025-11-24T08:38:29.533+0000] {processor.py:183} INFO - Processing /opt/airflow/dags/dag_three.py took 0.448 seconds
[2025-11-24T08:38:59.824+0000] {processor.py:161} INFO - Started process (PID=1550) to work on /opt/airflow/dags/dag_three.py
[2025-11-24T08:38:59.824+0000] {processor.py:830} INFO - Processing file /opt/airflow/dags/dag_three.py for tasks to queue
[2025-11-24T08:38:59.825+0000] {logging_mixin.py:188} INFO - [2025-11-24T08:38:59.825+0000] {dagbag.py:538} INFO - Filling up the DagBag from /opt/airflow/dags/dag_three.py
[2025-11-24T08:39:00.189+0000] {processor.py:840} INFO - DAG(s) 'duckdb_to_iceberg_bronze' retrieved from /opt/airflow/dags/dag_three.py
[2025-11-24T08:39:00.216+0000] {logging_mixin.py:188} INFO - [2025-11-24T08:39:00.215+0000] {dag.py:3036} INFO - Sync 1 DAGs
[2025-11-24T08:39:00.226+0000] {logging_mixin.py:188} INFO - [2025-11-24T08:39:00.226+0000] {dag.py:3823} INFO - Setting next_dagrun for duckdb_to_iceberg_bronze to None, run_after=None
[2025-11-24T08:39:00.251+0000] {processor.py:183} INFO - Processing /opt/airflow/dags/dag_three.py took 0.432 seconds
[2025-11-24T08:39:30.308+0000] {processor.py:161} INFO - Started process (PID=1657) to work on /opt/airflow/dags/dag_three.py
[2025-11-24T08:39:30.309+0000] {processor.py:830} INFO - Processing file /opt/airflow/dags/dag_three.py for tasks to queue
[2025-11-24T08:39:30.310+0000] {logging_mixin.py:188} INFO - [2025-11-24T08:39:30.310+0000] {dagbag.py:538} INFO - Filling up the DagBag from /opt/airflow/dags/dag_three.py
[2025-11-24T08:39:30.668+0000] {processor.py:840} INFO - DAG(s) 'duckdb_to_iceberg_bronze' retrieved from /opt/airflow/dags/dag_three.py
[2025-11-24T08:39:30.689+0000] {logging_mixin.py:188} INFO - [2025-11-24T08:39:30.688+0000] {dag.py:3036} INFO - Sync 1 DAGs
[2025-11-24T08:39:30.702+0000] {logging_mixin.py:188} INFO - [2025-11-24T08:39:30.701+0000] {dag.py:3823} INFO - Setting next_dagrun for duckdb_to_iceberg_bronze to None, run_after=None
[2025-11-24T08:39:30.750+0000] {processor.py:183} INFO - Processing /opt/airflow/dags/dag_three.py took 0.446 seconds
[2025-11-24T08:40:01.492+0000] {processor.py:161} INFO - Started process (PID=1743) to work on /opt/airflow/dags/dag_three.py
[2025-11-24T08:40:01.493+0000] {processor.py:830} INFO - Processing file /opt/airflow/dags/dag_three.py for tasks to queue
[2025-11-24T08:40:01.494+0000] {logging_mixin.py:188} INFO - [2025-11-24T08:40:01.494+0000] {dagbag.py:538} INFO - Filling up the DagBag from /opt/airflow/dags/dag_three.py
[2025-11-24T08:40:01.849+0000] {processor.py:840} INFO - DAG(s) 'duckdb_to_iceberg_bronze' retrieved from /opt/airflow/dags/dag_three.py
[2025-11-24T08:40:01.885+0000] {logging_mixin.py:188} INFO - [2025-11-24T08:40:01.884+0000] {dag.py:3036} INFO - Sync 1 DAGs
[2025-11-24T08:40:01.893+0000] {logging_mixin.py:188} INFO - [2025-11-24T08:40:01.893+0000] {dag.py:3823} INFO - Setting next_dagrun for duckdb_to_iceberg_bronze to None, run_after=None
[2025-11-24T08:40:01.909+0000] {processor.py:183} INFO - Processing /opt/airflow/dags/dag_three.py took 0.420 seconds
[2025-11-24T08:40:32.017+0000] {processor.py:161} INFO - Started process (PID=1826) to work on /opt/airflow/dags/dag_three.py
[2025-11-24T08:40:32.019+0000] {processor.py:830} INFO - Processing file /opt/airflow/dags/dag_three.py for tasks to queue
[2025-11-24T08:40:32.020+0000] {logging_mixin.py:188} INFO - [2025-11-24T08:40:32.020+0000] {dagbag.py:538} INFO - Filling up the DagBag from /opt/airflow/dags/dag_three.py
[2025-11-24T08:40:32.385+0000] {processor.py:840} INFO - DAG(s) 'duckdb_to_iceberg_bronze' retrieved from /opt/airflow/dags/dag_three.py
[2025-11-24T08:40:32.406+0000] {logging_mixin.py:188} INFO - [2025-11-24T08:40:32.406+0000] {dag.py:3036} INFO - Sync 1 DAGs
[2025-11-24T08:40:32.416+0000] {logging_mixin.py:188} INFO - [2025-11-24T08:40:32.415+0000] {dag.py:3823} INFO - Setting next_dagrun for duckdb_to_iceberg_bronze to None, run_after=None
[2025-11-24T08:40:32.448+0000] {processor.py:183} INFO - Processing /opt/airflow/dags/dag_three.py took 0.441 seconds
[2025-11-24T08:41:03.293+0000] {processor.py:161} INFO - Started process (PID=1915) to work on /opt/airflow/dags/dag_three.py
[2025-11-24T08:41:03.294+0000] {processor.py:830} INFO - Processing file /opt/airflow/dags/dag_three.py for tasks to queue
[2025-11-24T08:41:03.295+0000] {logging_mixin.py:188} INFO - [2025-11-24T08:41:03.295+0000] {dagbag.py:538} INFO - Filling up the DagBag from /opt/airflow/dags/dag_three.py
[2025-11-24T08:41:03.667+0000] {processor.py:840} INFO - DAG(s) 'duckdb_to_iceberg_bronze' retrieved from /opt/airflow/dags/dag_three.py
[2025-11-24T08:41:03.689+0000] {logging_mixin.py:188} INFO - [2025-11-24T08:41:03.689+0000] {dag.py:3036} INFO - Sync 1 DAGs
[2025-11-24T08:41:03.700+0000] {logging_mixin.py:188} INFO - [2025-11-24T08:41:03.700+0000] {dag.py:3823} INFO - Setting next_dagrun for duckdb_to_iceberg_bronze to None, run_after=None
[2025-11-24T08:41:03.727+0000] {processor.py:183} INFO - Processing /opt/airflow/dags/dag_three.py took 0.441 seconds
[2025-11-24T08:41:34.553+0000] {processor.py:161} INFO - Started process (PID=2001) to work on /opt/airflow/dags/dag_three.py
[2025-11-24T08:41:34.553+0000] {processor.py:830} INFO - Processing file /opt/airflow/dags/dag_three.py for tasks to queue
[2025-11-24T08:41:34.554+0000] {logging_mixin.py:188} INFO - [2025-11-24T08:41:34.554+0000] {dagbag.py:538} INFO - Filling up the DagBag from /opt/airflow/dags/dag_three.py
[2025-11-24T08:41:34.998+0000] {processor.py:840} INFO - DAG(s) 'duckdb_to_iceberg_bronze' retrieved from /opt/airflow/dags/dag_three.py
[2025-11-24T08:41:35.022+0000] {logging_mixin.py:188} INFO - [2025-11-24T08:41:35.022+0000] {dag.py:3036} INFO - Sync 1 DAGs
[2025-11-24T08:41:35.034+0000] {logging_mixin.py:188} INFO - [2025-11-24T08:41:35.034+0000] {dag.py:3823} INFO - Setting next_dagrun for duckdb_to_iceberg_bronze to None, run_after=None
[2025-11-24T08:41:35.060+0000] {processor.py:183} INFO - Processing /opt/airflow/dags/dag_three.py took 0.511 seconds
[2025-11-24T08:42:05.159+0000] {processor.py:161} INFO - Started process (PID=2087) to work on /opt/airflow/dags/dag_three.py
[2025-11-24T08:42:05.161+0000] {processor.py:830} INFO - Processing file /opt/airflow/dags/dag_three.py for tasks to queue
[2025-11-24T08:42:05.162+0000] {logging_mixin.py:188} INFO - [2025-11-24T08:42:05.161+0000] {dagbag.py:538} INFO - Filling up the DagBag from /opt/airflow/dags/dag_three.py
[2025-11-24T08:42:05.524+0000] {processor.py:840} INFO - DAG(s) 'duckdb_to_iceberg_bronze' retrieved from /opt/airflow/dags/dag_three.py
[2025-11-24T08:42:05.545+0000] {logging_mixin.py:188} INFO - [2025-11-24T08:42:05.544+0000] {dag.py:3036} INFO - Sync 1 DAGs
[2025-11-24T08:42:05.554+0000] {logging_mixin.py:188} INFO - [2025-11-24T08:42:05.553+0000] {dag.py:3823} INFO - Setting next_dagrun for duckdb_to_iceberg_bronze to None, run_after=None
[2025-11-24T08:42:05.577+0000] {processor.py:183} INFO - Processing /opt/airflow/dags/dag_three.py took 0.421 seconds
[2025-11-24T08:42:35.666+0000] {processor.py:161} INFO - Started process (PID=2170) to work on /opt/airflow/dags/dag_three.py
[2025-11-24T08:42:35.667+0000] {processor.py:830} INFO - Processing file /opt/airflow/dags/dag_three.py for tasks to queue
[2025-11-24T08:42:35.669+0000] {logging_mixin.py:188} INFO - [2025-11-24T08:42:35.668+0000] {dagbag.py:538} INFO - Filling up the DagBag from /opt/airflow/dags/dag_three.py
[2025-11-24T08:42:36.040+0000] {processor.py:840} INFO - DAG(s) 'duckdb_to_iceberg_bronze' retrieved from /opt/airflow/dags/dag_three.py
[2025-11-24T08:42:36.059+0000] {logging_mixin.py:188} INFO - [2025-11-24T08:42:36.059+0000] {dag.py:3036} INFO - Sync 1 DAGs
[2025-11-24T08:42:36.067+0000] {logging_mixin.py:188} INFO - [2025-11-24T08:42:36.067+0000] {dag.py:3823} INFO - Setting next_dagrun for duckdb_to_iceberg_bronze to None, run_after=None
[2025-11-24T08:42:36.081+0000] {processor.py:183} INFO - Processing /opt/airflow/dags/dag_three.py took 0.421 seconds
[2025-11-24T08:46:03.216+0000] {processor.py:161} INFO - Started process (PID=177) to work on /opt/airflow/dags/dag_three.py
[2025-11-24T08:46:03.217+0000] {processor.py:830} INFO - Processing file /opt/airflow/dags/dag_three.py for tasks to queue
[2025-11-24T08:46:03.218+0000] {logging_mixin.py:188} INFO - [2025-11-24T08:46:03.218+0000] {dagbag.py:538} INFO - Filling up the DagBag from /opt/airflow/dags/dag_three.py
[2025-11-24T08:46:03.779+0000] {processor.py:840} INFO - DAG(s) 'duckdb_to_iceberg_bronze' retrieved from /opt/airflow/dags/dag_three.py
[2025-11-24T08:46:03.842+0000] {logging_mixin.py:188} INFO - [2025-11-24T08:46:03.842+0000] {dag.py:3036} INFO - Sync 1 DAGs
[2025-11-24T08:46:03.860+0000] {logging_mixin.py:188} INFO - [2025-11-24T08:46:03.859+0000] {dag.py:3823} INFO - Setting next_dagrun for duckdb_to_iceberg_bronze to None, run_after=None
[2025-11-24T08:46:03.881+0000] {processor.py:183} INFO - Processing /opt/airflow/dags/dag_three.py took 0.672 seconds
[2025-11-24T08:46:34.450+0000] {processor.py:161} INFO - Started process (PID=261) to work on /opt/airflow/dags/dag_three.py
[2025-11-24T08:46:34.451+0000] {processor.py:830} INFO - Processing file /opt/airflow/dags/dag_three.py for tasks to queue
[2025-11-24T08:46:34.453+0000] {logging_mixin.py:188} INFO - [2025-11-24T08:46:34.453+0000] {dagbag.py:538} INFO - Filling up the DagBag from /opt/airflow/dags/dag_three.py
[2025-11-24T08:46:34.886+0000] {processor.py:840} INFO - DAG(s) 'duckdb_to_iceberg_bronze' retrieved from /opt/airflow/dags/dag_three.py
[2025-11-24T08:46:34.977+0000] {logging_mixin.py:188} INFO - [2025-11-24T08:46:34.976+0000] {dag.py:3036} INFO - Sync 1 DAGs
[2025-11-24T08:46:34.988+0000] {logging_mixin.py:188} INFO - [2025-11-24T08:46:34.988+0000] {dag.py:3823} INFO - Setting next_dagrun for duckdb_to_iceberg_bronze to None, run_after=None
[2025-11-24T08:46:35.015+0000] {processor.py:183} INFO - Processing /opt/airflow/dags/dag_three.py took 0.572 seconds
[2025-11-24T08:47:05.250+0000] {processor.py:161} INFO - Started process (PID=347) to work on /opt/airflow/dags/dag_three.py
[2025-11-24T08:47:05.251+0000] {processor.py:830} INFO - Processing file /opt/airflow/dags/dag_three.py for tasks to queue
[2025-11-24T08:47:05.252+0000] {logging_mixin.py:188} INFO - [2025-11-24T08:47:05.251+0000] {dagbag.py:538} INFO - Filling up the DagBag from /opt/airflow/dags/dag_three.py
[2025-11-24T08:47:05.614+0000] {processor.py:840} INFO - DAG(s) 'duckdb_to_iceberg_bronze' retrieved from /opt/airflow/dags/dag_three.py
[2025-11-24T08:47:05.633+0000] {logging_mixin.py:188} INFO - [2025-11-24T08:47:05.632+0000] {dag.py:3036} INFO - Sync 1 DAGs
[2025-11-24T08:47:05.641+0000] {logging_mixin.py:188} INFO - [2025-11-24T08:47:05.640+0000] {dag.py:3823} INFO - Setting next_dagrun for duckdb_to_iceberg_bronze to None, run_after=None
[2025-11-24T08:47:05.664+0000] {processor.py:183} INFO - Processing /opt/airflow/dags/dag_three.py took 0.418 seconds
[2025-11-24T08:47:35.858+0000] {processor.py:161} INFO - Started process (PID=454) to work on /opt/airflow/dags/dag_three.py
[2025-11-24T08:47:35.860+0000] {processor.py:830} INFO - Processing file /opt/airflow/dags/dag_three.py for tasks to queue
[2025-11-24T08:47:35.861+0000] {logging_mixin.py:188} INFO - [2025-11-24T08:47:35.861+0000] {dagbag.py:538} INFO - Filling up the DagBag from /opt/airflow/dags/dag_three.py
[2025-11-24T08:47:36.229+0000] {processor.py:840} INFO - DAG(s) 'duckdb_to_iceberg_bronze' retrieved from /opt/airflow/dags/dag_three.py
[2025-11-24T08:47:36.251+0000] {logging_mixin.py:188} INFO - [2025-11-24T08:47:36.251+0000] {dag.py:3036} INFO - Sync 1 DAGs
[2025-11-24T08:47:36.260+0000] {logging_mixin.py:188} INFO - [2025-11-24T08:47:36.260+0000] {dag.py:3823} INFO - Setting next_dagrun for duckdb_to_iceberg_bronze to None, run_after=None
[2025-11-24T08:47:36.274+0000] {processor.py:183} INFO - Processing /opt/airflow/dags/dag_three.py took 0.419 seconds
[2025-11-24T08:48:06.464+0000] {processor.py:161} INFO - Started process (PID=560) to work on /opt/airflow/dags/dag_three.py
[2025-11-24T08:48:06.465+0000] {processor.py:830} INFO - Processing file /opt/airflow/dags/dag_three.py for tasks to queue
[2025-11-24T08:48:06.467+0000] {logging_mixin.py:188} INFO - [2025-11-24T08:48:06.467+0000] {dagbag.py:538} INFO - Filling up the DagBag from /opt/airflow/dags/dag_three.py
[2025-11-24T08:48:06.893+0000] {processor.py:840} INFO - DAG(s) 'duckdb_to_iceberg_bronze' retrieved from /opt/airflow/dags/dag_three.py
[2025-11-24T08:48:06.906+0000] {logging_mixin.py:188} INFO - [2025-11-24T08:48:06.905+0000] {dag.py:3036} INFO - Sync 1 DAGs
[2025-11-24T08:48:06.920+0000] {logging_mixin.py:188} INFO - [2025-11-24T08:48:06.919+0000] {dag.py:3823} INFO - Setting next_dagrun for duckdb_to_iceberg_bronze to None, run_after=None
[2025-11-24T08:48:06.983+0000] {processor.py:183} INFO - Processing /opt/airflow/dags/dag_three.py took 0.523 seconds
[2025-11-24T08:48:37.202+0000] {processor.py:161} INFO - Started process (PID=646) to work on /opt/airflow/dags/dag_three.py
[2025-11-24T08:48:37.203+0000] {processor.py:830} INFO - Processing file /opt/airflow/dags/dag_three.py for tasks to queue
[2025-11-24T08:48:37.205+0000] {logging_mixin.py:188} INFO - [2025-11-24T08:48:37.204+0000] {dagbag.py:538} INFO - Filling up the DagBag from /opt/airflow/dags/dag_three.py
[2025-11-24T08:48:37.573+0000] {processor.py:840} INFO - DAG(s) 'duckdb_to_iceberg_bronze' retrieved from /opt/airflow/dags/dag_three.py
[2025-11-24T08:48:37.658+0000] {logging_mixin.py:188} INFO - [2025-11-24T08:48:37.658+0000] {dag.py:3036} INFO - Sync 1 DAGs
[2025-11-24T08:48:37.666+0000] {logging_mixin.py:188} INFO - [2025-11-24T08:48:37.666+0000] {dag.py:3823} INFO - Setting next_dagrun for duckdb_to_iceberg_bronze to None, run_after=None
[2025-11-24T08:48:37.690+0000] {processor.py:183} INFO - Processing /opt/airflow/dags/dag_three.py took 0.491 seconds
[2025-11-24T08:49:07.788+0000] {processor.py:161} INFO - Started process (PID=732) to work on /opt/airflow/dags/dag_three.py
[2025-11-24T08:49:07.789+0000] {processor.py:830} INFO - Processing file /opt/airflow/dags/dag_three.py for tasks to queue
[2025-11-24T08:49:07.791+0000] {logging_mixin.py:188} INFO - [2025-11-24T08:49:07.791+0000] {dagbag.py:538} INFO - Filling up the DagBag from /opt/airflow/dags/dag_three.py
[2025-11-24T08:49:08.181+0000] {processor.py:840} INFO - DAG(s) 'duckdb_to_iceberg_bronze' retrieved from /opt/airflow/dags/dag_three.py
[2025-11-24T08:49:08.202+0000] {logging_mixin.py:188} INFO - [2025-11-24T08:49:08.201+0000] {dag.py:3036} INFO - Sync 1 DAGs
[2025-11-24T08:49:08.212+0000] {logging_mixin.py:188} INFO - [2025-11-24T08:49:08.211+0000] {dag.py:3823} INFO - Setting next_dagrun for duckdb_to_iceberg_bronze to None, run_after=None
[2025-11-24T08:49:08.236+0000] {processor.py:183} INFO - Processing /opt/airflow/dags/dag_three.py took 0.454 seconds
[2025-11-24T08:49:39.113+0000] {processor.py:161} INFO - Started process (PID=818) to work on /opt/airflow/dags/dag_three.py
[2025-11-24T08:49:39.115+0000] {processor.py:830} INFO - Processing file /opt/airflow/dags/dag_three.py for tasks to queue
[2025-11-24T08:49:39.118+0000] {logging_mixin.py:188} INFO - [2025-11-24T08:49:39.117+0000] {dagbag.py:538} INFO - Filling up the DagBag from /opt/airflow/dags/dag_three.py
[2025-11-24T08:49:39.514+0000] {processor.py:840} INFO - DAG(s) 'duckdb_to_iceberg_bronze' retrieved from /opt/airflow/dags/dag_three.py
[2025-11-24T08:49:39.534+0000] {logging_mixin.py:188} INFO - [2025-11-24T08:49:39.533+0000] {dag.py:3036} INFO - Sync 1 DAGs
[2025-11-24T08:49:39.545+0000] {logging_mixin.py:188} INFO - [2025-11-24T08:49:39.545+0000] {dag.py:3823} INFO - Setting next_dagrun for duckdb_to_iceberg_bronze to None, run_after=None
[2025-11-24T08:49:39.572+0000] {processor.py:183} INFO - Processing /opt/airflow/dags/dag_three.py took 0.468 seconds
[2025-11-24T08:50:09.637+0000] {processor.py:161} INFO - Started process (PID=904) to work on /opt/airflow/dags/dag_three.py
[2025-11-24T08:50:09.638+0000] {processor.py:830} INFO - Processing file /opt/airflow/dags/dag_three.py for tasks to queue
[2025-11-24T08:50:09.640+0000] {logging_mixin.py:188} INFO - [2025-11-24T08:50:09.639+0000] {dagbag.py:538} INFO - Filling up the DagBag from /opt/airflow/dags/dag_three.py
[2025-11-24T08:50:10.010+0000] {processor.py:840} INFO - DAG(s) 'duckdb_to_iceberg_bronze' retrieved from /opt/airflow/dags/dag_three.py
[2025-11-24T08:50:10.030+0000] {logging_mixin.py:188} INFO - [2025-11-24T08:50:10.030+0000] {dag.py:3036} INFO - Sync 1 DAGs
[2025-11-24T08:50:10.039+0000] {logging_mixin.py:188} INFO - [2025-11-24T08:50:10.038+0000] {dag.py:3823} INFO - Setting next_dagrun for duckdb_to_iceberg_bronze to None, run_after=None
[2025-11-24T08:50:10.066+0000] {processor.py:183} INFO - Processing /opt/airflow/dags/dag_three.py took 0.435 seconds
[2025-11-24T08:50:40.123+0000] {processor.py:161} INFO - Started process (PID=990) to work on /opt/airflow/dags/dag_three.py
[2025-11-24T08:50:40.124+0000] {processor.py:830} INFO - Processing file /opt/airflow/dags/dag_three.py for tasks to queue
[2025-11-24T08:50:40.125+0000] {logging_mixin.py:188} INFO - [2025-11-24T08:50:40.125+0000] {dagbag.py:538} INFO - Filling up the DagBag from /opt/airflow/dags/dag_three.py
[2025-11-24T08:50:40.494+0000] {processor.py:840} INFO - DAG(s) 'duckdb_to_iceberg_bronze' retrieved from /opt/airflow/dags/dag_three.py
[2025-11-24T08:50:40.513+0000] {logging_mixin.py:188} INFO - [2025-11-24T08:50:40.512+0000] {dag.py:3036} INFO - Sync 1 DAGs
[2025-11-24T08:50:40.522+0000] {logging_mixin.py:188} INFO - [2025-11-24T08:50:40.522+0000] {dag.py:3823} INFO - Setting next_dagrun for duckdb_to_iceberg_bronze to None, run_after=None
[2025-11-24T08:50:40.538+0000] {processor.py:183} INFO - Processing /opt/airflow/dags/dag_three.py took 0.420 seconds
[2025-11-24T08:51:10.613+0000] {processor.py:161} INFO - Started process (PID=1076) to work on /opt/airflow/dags/dag_three.py
[2025-11-24T08:51:10.615+0000] {processor.py:830} INFO - Processing file /opt/airflow/dags/dag_three.py for tasks to queue
[2025-11-24T08:51:10.616+0000] {logging_mixin.py:188} INFO - [2025-11-24T08:51:10.616+0000] {dagbag.py:538} INFO - Filling up the DagBag from /opt/airflow/dags/dag_three.py
[2025-11-24T08:51:11.025+0000] {processor.py:840} INFO - DAG(s) 'duckdb_to_iceberg_bronze' retrieved from /opt/airflow/dags/dag_three.py
[2025-11-24T08:51:11.049+0000] {logging_mixin.py:188} INFO - [2025-11-24T08:51:11.049+0000] {dag.py:3036} INFO - Sync 1 DAGs
[2025-11-24T08:51:11.059+0000] {logging_mixin.py:188} INFO - [2025-11-24T08:51:11.058+0000] {dag.py:3823} INFO - Setting next_dagrun for duckdb_to_iceberg_bronze to None, run_after=None
[2025-11-24T08:51:11.087+0000] {processor.py:183} INFO - Processing /opt/airflow/dags/dag_three.py took 0.480 seconds
[2025-11-24T08:51:41.996+0000] {processor.py:161} INFO - Started process (PID=1162) to work on /opt/airflow/dags/dag_three.py
[2025-11-24T08:51:41.998+0000] {processor.py:830} INFO - Processing file /opt/airflow/dags/dag_three.py for tasks to queue
[2025-11-24T08:51:42.000+0000] {logging_mixin.py:188} INFO - [2025-11-24T08:51:41.999+0000] {dagbag.py:538} INFO - Filling up the DagBag from /opt/airflow/dags/dag_three.py
[2025-11-24T08:51:42.411+0000] {processor.py:840} INFO - DAG(s) 'duckdb_to_iceberg_bronze' retrieved from /opt/airflow/dags/dag_three.py
[2025-11-24T08:51:42.434+0000] {logging_mixin.py:188} INFO - [2025-11-24T08:51:42.433+0000] {dag.py:3036} INFO - Sync 1 DAGs
[2025-11-24T08:51:42.450+0000] {logging_mixin.py:188} INFO - [2025-11-24T08:51:42.449+0000] {dag.py:3823} INFO - Setting next_dagrun for duckdb_to_iceberg_bronze to None, run_after=None
[2025-11-24T08:51:42.483+0000] {processor.py:183} INFO - Processing /opt/airflow/dags/dag_three.py took 0.493 seconds
[2025-11-24T08:52:12.894+0000] {processor.py:161} INFO - Started process (PID=1248) to work on /opt/airflow/dags/dag_three.py
[2025-11-24T08:52:12.895+0000] {processor.py:830} INFO - Processing file /opt/airflow/dags/dag_three.py for tasks to queue
[2025-11-24T08:52:12.896+0000] {logging_mixin.py:188} INFO - [2025-11-24T08:52:12.896+0000] {dagbag.py:538} INFO - Filling up the DagBag from /opt/airflow/dags/dag_three.py
[2025-11-24T08:52:13.388+0000] {processor.py:840} INFO - DAG(s) 'duckdb_to_iceberg_bronze' retrieved from /opt/airflow/dags/dag_three.py
[2025-11-24T08:52:13.413+0000] {logging_mixin.py:188} INFO - [2025-11-24T08:52:13.413+0000] {dag.py:3036} INFO - Sync 1 DAGs
[2025-11-24T08:52:13.430+0000] {logging_mixin.py:188} INFO - [2025-11-24T08:52:13.429+0000] {dag.py:3823} INFO - Setting next_dagrun for duckdb_to_iceberg_bronze to None, run_after=None
[2025-11-24T08:52:13.453+0000] {processor.py:183} INFO - Processing /opt/airflow/dags/dag_three.py took 0.565 seconds
[2025-11-24T08:52:43.799+0000] {processor.py:161} INFO - Started process (PID=1395) to work on /opt/airflow/dags/dag_three.py
[2025-11-24T08:52:43.801+0000] {processor.py:830} INFO - Processing file /opt/airflow/dags/dag_three.py for tasks to queue
[2025-11-24T08:52:43.802+0000] {logging_mixin.py:188} INFO - [2025-11-24T08:52:43.802+0000] {dagbag.py:538} INFO - Filling up the DagBag from /opt/airflow/dags/dag_three.py
[2025-11-24T08:52:44.177+0000] {processor.py:840} INFO - DAG(s) 'duckdb_to_iceberg_bronze' retrieved from /opt/airflow/dags/dag_three.py
[2025-11-24T08:52:44.203+0000] {logging_mixin.py:188} INFO - [2025-11-24T08:52:44.202+0000] {dag.py:3036} INFO - Sync 1 DAGs
[2025-11-24T08:52:44.212+0000] {logging_mixin.py:188} INFO - [2025-11-24T08:52:44.211+0000] {dag.py:3823} INFO - Setting next_dagrun for duckdb_to_iceberg_bronze to None, run_after=None
[2025-11-24T08:52:44.238+0000] {processor.py:183} INFO - Processing /opt/airflow/dags/dag_three.py took 0.441 seconds
[2025-11-24T08:53:14.471+0000] {processor.py:161} INFO - Started process (PID=1791) to work on /opt/airflow/dags/dag_three.py
[2025-11-24T08:53:14.472+0000] {processor.py:830} INFO - Processing file /opt/airflow/dags/dag_three.py for tasks to queue
[2025-11-24T08:53:14.474+0000] {logging_mixin.py:188} INFO - [2025-11-24T08:53:14.474+0000] {dagbag.py:538} INFO - Filling up the DagBag from /opt/airflow/dags/dag_three.py
[2025-11-24T08:53:14.868+0000] {processor.py:840} INFO - DAG(s) 'duckdb_to_iceberg_bronze' retrieved from /opt/airflow/dags/dag_three.py
[2025-11-24T08:53:14.887+0000] {logging_mixin.py:188} INFO - [2025-11-24T08:53:14.886+0000] {dag.py:3036} INFO - Sync 1 DAGs
[2025-11-24T08:53:14.897+0000] {logging_mixin.py:188} INFO - [2025-11-24T08:53:14.896+0000] {dag.py:3823} INFO - Setting next_dagrun for duckdb_to_iceberg_bronze to None, run_after=None
[2025-11-24T08:53:14.913+0000] {processor.py:183} INFO - Processing /opt/airflow/dags/dag_three.py took 0.449 seconds
[2025-11-24T08:53:45.766+0000] {processor.py:161} INFO - Started process (PID=1857) to work on /opt/airflow/dags/dag_three.py
[2025-11-24T08:53:45.767+0000] {processor.py:830} INFO - Processing file /opt/airflow/dags/dag_three.py for tasks to queue
[2025-11-24T08:53:45.768+0000] {logging_mixin.py:188} INFO - [2025-11-24T08:53:45.768+0000] {dagbag.py:538} INFO - Filling up the DagBag from /opt/airflow/dags/dag_three.py
[2025-11-24T08:53:46.190+0000] {processor.py:840} INFO - DAG(s) 'duckdb_to_iceberg_bronze' retrieved from /opt/airflow/dags/dag_three.py
[2025-11-24T08:53:46.209+0000] {logging_mixin.py:188} INFO - [2025-11-24T08:53:46.208+0000] {dag.py:3036} INFO - Sync 1 DAGs
[2025-11-24T08:53:46.218+0000] {logging_mixin.py:188} INFO - [2025-11-24T08:53:46.217+0000] {dag.py:3823} INFO - Setting next_dagrun for duckdb_to_iceberg_bronze to None, run_after=None
[2025-11-24T08:53:46.234+0000] {processor.py:183} INFO - Processing /opt/airflow/dags/dag_three.py took 0.472 seconds
[2025-11-24T08:54:16.427+0000] {processor.py:161} INFO - Started process (PID=1943) to work on /opt/airflow/dags/dag_three.py
[2025-11-24T08:54:16.428+0000] {processor.py:830} INFO - Processing file /opt/airflow/dags/dag_three.py for tasks to queue
[2025-11-24T08:54:16.429+0000] {logging_mixin.py:188} INFO - [2025-11-24T08:54:16.428+0000] {dagbag.py:538} INFO - Filling up the DagBag from /opt/airflow/dags/dag_three.py
[2025-11-24T08:54:16.788+0000] {processor.py:840} INFO - DAG(s) 'duckdb_to_iceberg_bronze' retrieved from /opt/airflow/dags/dag_three.py
[2025-11-24T08:54:16.807+0000] {logging_mixin.py:188} INFO - [2025-11-24T08:54:16.806+0000] {dag.py:3036} INFO - Sync 1 DAGs
[2025-11-24T08:54:16.816+0000] {logging_mixin.py:188} INFO - [2025-11-24T08:54:16.816+0000] {dag.py:3823} INFO - Setting next_dagrun for duckdb_to_iceberg_bronze to None, run_after=None
[2025-11-24T08:54:16.844+0000] {processor.py:183} INFO - Processing /opt/airflow/dags/dag_three.py took 0.420 seconds
[2025-11-24T08:54:47.711+0000] {processor.py:161} INFO - Started process (PID=2029) to work on /opt/airflow/dags/dag_three.py
[2025-11-24T08:54:47.713+0000] {processor.py:830} INFO - Processing file /opt/airflow/dags/dag_three.py for tasks to queue
[2025-11-24T08:54:47.714+0000] {logging_mixin.py:188} INFO - [2025-11-24T08:54:47.714+0000] {dagbag.py:538} INFO - Filling up the DagBag from /opt/airflow/dags/dag_three.py
[2025-11-24T08:54:48.099+0000] {processor.py:840} INFO - DAG(s) 'duckdb_to_iceberg_bronze' retrieved from /opt/airflow/dags/dag_three.py
[2025-11-24T08:54:48.120+0000] {logging_mixin.py:188} INFO - [2025-11-24T08:54:48.119+0000] {dag.py:3036} INFO - Sync 1 DAGs
[2025-11-24T08:54:48.129+0000] {logging_mixin.py:188} INFO - [2025-11-24T08:54:48.129+0000] {dag.py:3823} INFO - Setting next_dagrun for duckdb_to_iceberg_bronze to None, run_after=None
[2025-11-24T08:54:48.144+0000] {processor.py:183} INFO - Processing /opt/airflow/dags/dag_three.py took 0.438 seconds
[2025-11-24T08:55:06.096+0000] {processor.py:161} INFO - Started process (PID=177) to work on /opt/airflow/dags/dag_three.py
[2025-11-24T08:55:06.097+0000] {processor.py:830} INFO - Processing file /opt/airflow/dags/dag_three.py for tasks to queue
[2025-11-24T08:55:06.097+0000] {logging_mixin.py:188} INFO - [2025-11-24T08:55:06.097+0000] {dagbag.py:538} INFO - Filling up the DagBag from /opt/airflow/dags/dag_three.py
[2025-11-24T08:55:06.492+0000] {processor.py:840} INFO - DAG(s) 'duckdb_to_iceberg_bronze' retrieved from /opt/airflow/dags/dag_three.py
[2025-11-24T08:55:06.536+0000] {logging_mixin.py:188} INFO - [2025-11-24T08:55:06.536+0000] {dag.py:3036} INFO - Sync 1 DAGs
[2025-11-24T08:55:06.553+0000] {logging_mixin.py:188} INFO - [2025-11-24T08:55:06.553+0000] {dag.py:3823} INFO - Setting next_dagrun for duckdb_to_iceberg_bronze to None, run_after=None
[2025-11-24T08:55:06.569+0000] {processor.py:183} INFO - Processing /opt/airflow/dags/dag_three.py took 0.476 seconds
[2025-11-24T08:55:36.979+0000] {processor.py:161} INFO - Started process (PID=354) to work on /opt/airflow/dags/dag_three.py
[2025-11-24T08:55:36.980+0000] {processor.py:830} INFO - Processing file /opt/airflow/dags/dag_three.py for tasks to queue
[2025-11-24T08:55:36.981+0000] {logging_mixin.py:188} INFO - [2025-11-24T08:55:36.981+0000] {dagbag.py:538} INFO - Filling up the DagBag from /opt/airflow/dags/dag_three.py
[2025-11-24T08:55:37.364+0000] {processor.py:840} INFO - DAG(s) 'duckdb_to_iceberg_bronze' retrieved from /opt/airflow/dags/dag_three.py
[2025-11-24T08:55:37.390+0000] {logging_mixin.py:188} INFO - [2025-11-24T08:55:37.389+0000] {dag.py:3036} INFO - Sync 1 DAGs
[2025-11-24T08:55:37.400+0000] {logging_mixin.py:188} INFO - [2025-11-24T08:55:37.399+0000] {dag.py:3823} INFO - Setting next_dagrun for duckdb_to_iceberg_bronze to None, run_after=None
[2025-11-24T08:55:37.425+0000] {processor.py:183} INFO - Processing /opt/airflow/dags/dag_three.py took 0.449 seconds
[2025-11-24T08:56:07.819+0000] {processor.py:161} INFO - Started process (PID=440) to work on /opt/airflow/dags/dag_three.py
[2025-11-24T08:56:07.820+0000] {processor.py:830} INFO - Processing file /opt/airflow/dags/dag_three.py for tasks to queue
[2025-11-24T08:56:07.821+0000] {logging_mixin.py:188} INFO - [2025-11-24T08:56:07.821+0000] {dagbag.py:538} INFO - Filling up the DagBag from /opt/airflow/dags/dag_three.py
[2025-11-24T08:56:08.185+0000] {processor.py:840} INFO - DAG(s) 'duckdb_to_iceberg_bronze' retrieved from /opt/airflow/dags/dag_three.py
[2025-11-24T08:56:08.207+0000] {logging_mixin.py:188} INFO - [2025-11-24T08:56:08.206+0000] {dag.py:3036} INFO - Sync 1 DAGs
[2025-11-24T08:56:08.216+0000] {logging_mixin.py:188} INFO - [2025-11-24T08:56:08.216+0000] {dag.py:3823} INFO - Setting next_dagrun for duckdb_to_iceberg_bronze to None, run_after=None
[2025-11-24T08:56:08.233+0000] {processor.py:183} INFO - Processing /opt/airflow/dags/dag_three.py took 0.420 seconds
[2025-11-24T08:56:38.646+0000] {processor.py:161} INFO - Started process (PID=526) to work on /opt/airflow/dags/dag_three.py
[2025-11-24T08:56:38.648+0000] {processor.py:830} INFO - Processing file /opt/airflow/dags/dag_three.py for tasks to queue
[2025-11-24T08:56:38.650+0000] {logging_mixin.py:188} INFO - [2025-11-24T08:56:38.649+0000] {dagbag.py:538} INFO - Filling up the DagBag from /opt/airflow/dags/dag_three.py
[2025-11-24T08:56:39.015+0000] {processor.py:840} INFO - DAG(s) 'duckdb_to_iceberg_bronze' retrieved from /opt/airflow/dags/dag_three.py
[2025-11-24T08:56:39.039+0000] {logging_mixin.py:188} INFO - [2025-11-24T08:56:39.038+0000] {dag.py:3036} INFO - Sync 1 DAGs
[2025-11-24T08:56:39.049+0000] {logging_mixin.py:188} INFO - [2025-11-24T08:56:39.049+0000] {dag.py:3823} INFO - Setting next_dagrun for duckdb_to_iceberg_bronze to None, run_after=None
[2025-11-24T08:56:39.074+0000] {processor.py:183} INFO - Processing /opt/airflow/dags/dag_three.py took 0.433 seconds
[2025-11-24T08:57:09.498+0000] {processor.py:161} INFO - Started process (PID=612) to work on /opt/airflow/dags/dag_three.py
[2025-11-24T08:57:09.500+0000] {processor.py:830} INFO - Processing file /opt/airflow/dags/dag_three.py for tasks to queue
[2025-11-24T08:57:09.504+0000] {logging_mixin.py:188} INFO - [2025-11-24T08:57:09.504+0000] {dagbag.py:538} INFO - Filling up the DagBag from /opt/airflow/dags/dag_three.py
[2025-11-24T08:57:09.878+0000] {processor.py:840} INFO - DAG(s) 'duckdb_to_iceberg_bronze' retrieved from /opt/airflow/dags/dag_three.py
[2025-11-24T08:57:09.900+0000] {logging_mixin.py:188} INFO - [2025-11-24T08:57:09.900+0000] {dag.py:3036} INFO - Sync 1 DAGs
[2025-11-24T08:57:09.908+0000] {logging_mixin.py:188} INFO - [2025-11-24T08:57:09.908+0000] {dag.py:3823} INFO - Setting next_dagrun for duckdb_to_iceberg_bronze to None, run_after=None
[2025-11-24T08:57:09.923+0000] {processor.py:183} INFO - Processing /opt/airflow/dags/dag_three.py took 0.430 seconds
[2025-11-24T08:57:40.317+0000] {processor.py:161} INFO - Started process (PID=698) to work on /opt/airflow/dags/dag_three.py
[2025-11-24T08:57:40.319+0000] {processor.py:830} INFO - Processing file /opt/airflow/dags/dag_three.py for tasks to queue
[2025-11-24T08:57:40.321+0000] {logging_mixin.py:188} INFO - [2025-11-24T08:57:40.321+0000] {dagbag.py:538} INFO - Filling up the DagBag from /opt/airflow/dags/dag_three.py
[2025-11-24T08:57:40.705+0000] {processor.py:840} INFO - DAG(s) 'duckdb_to_iceberg_bronze' retrieved from /opt/airflow/dags/dag_three.py
[2025-11-24T08:57:40.727+0000] {logging_mixin.py:188} INFO - [2025-11-24T08:57:40.726+0000] {dag.py:3036} INFO - Sync 1 DAGs
[2025-11-24T08:57:40.736+0000] {logging_mixin.py:188} INFO - [2025-11-24T08:57:40.736+0000] {dag.py:3823} INFO - Setting next_dagrun for duckdb_to_iceberg_bronze to None, run_after=None
[2025-11-24T08:57:40.752+0000] {processor.py:183} INFO - Processing /opt/airflow/dags/dag_three.py took 0.438 seconds
[2025-11-24T08:58:10.815+0000] {processor.py:161} INFO - Started process (PID=853) to work on /opt/airflow/dags/dag_three.py
[2025-11-24T08:58:10.816+0000] {processor.py:830} INFO - Processing file /opt/airflow/dags/dag_three.py for tasks to queue
[2025-11-24T08:58:10.817+0000] {logging_mixin.py:188} INFO - [2025-11-24T08:58:10.817+0000] {dagbag.py:538} INFO - Filling up the DagBag from /opt/airflow/dags/dag_three.py
[2025-11-24T08:58:11.202+0000] {processor.py:840} INFO - DAG(s) 'duckdb_to_iceberg_bronze' retrieved from /opt/airflow/dags/dag_three.py
[2025-11-24T08:58:11.225+0000] {logging_mixin.py:188} INFO - [2025-11-24T08:58:11.225+0000] {dag.py:3036} INFO - Sync 1 DAGs
[2025-11-24T08:58:11.253+0000] {logging_mixin.py:188} INFO - [2025-11-24T08:58:11.253+0000] {dag.py:3823} INFO - Setting next_dagrun for duckdb_to_iceberg_bronze to None, run_after=None
[2025-11-24T08:58:11.281+0000] {processor.py:183} INFO - Processing /opt/airflow/dags/dag_three.py took 0.471 seconds
[2025-11-24T08:58:42.146+0000] {processor.py:161} INFO - Started process (PID=939) to work on /opt/airflow/dags/dag_three.py
[2025-11-24T08:58:42.148+0000] {processor.py:830} INFO - Processing file /opt/airflow/dags/dag_three.py for tasks to queue
[2025-11-24T08:58:42.149+0000] {logging_mixin.py:188} INFO - [2025-11-24T08:58:42.149+0000] {dagbag.py:538} INFO - Filling up the DagBag from /opt/airflow/dags/dag_three.py
[2025-11-24T08:58:42.517+0000] {processor.py:840} INFO - DAG(s) 'duckdb_to_iceberg_bronze' retrieved from /opt/airflow/dags/dag_three.py
[2025-11-24T08:58:42.538+0000] {logging_mixin.py:188} INFO - [2025-11-24T08:58:42.538+0000] {dag.py:3036} INFO - Sync 1 DAGs
[2025-11-24T08:58:42.547+0000] {logging_mixin.py:188} INFO - [2025-11-24T08:58:42.546+0000] {dag.py:3823} INFO - Setting next_dagrun for duckdb_to_iceberg_bronze to None, run_after=None
[2025-11-24T08:58:42.575+0000] {processor.py:183} INFO - Processing /opt/airflow/dags/dag_three.py took 0.437 seconds
[2025-11-24T08:59:12.695+0000] {processor.py:161} INFO - Started process (PID=1045) to work on /opt/airflow/dags/dag_three.py
[2025-11-24T08:59:12.696+0000] {processor.py:830} INFO - Processing file /opt/airflow/dags/dag_three.py for tasks to queue
[2025-11-24T08:59:12.697+0000] {logging_mixin.py:188} INFO - [2025-11-24T08:59:12.697+0000] {dagbag.py:538} INFO - Filling up the DagBag from /opt/airflow/dags/dag_three.py
[2025-11-24T08:59:13.074+0000] {processor.py:840} INFO - DAG(s) 'duckdb_to_iceberg_bronze' retrieved from /opt/airflow/dags/dag_three.py
[2025-11-24T08:59:13.095+0000] {logging_mixin.py:188} INFO - [2025-11-24T08:59:13.095+0000] {dag.py:3036} INFO - Sync 1 DAGs
[2025-11-24T08:59:13.106+0000] {logging_mixin.py:188} INFO - [2025-11-24T08:59:13.106+0000] {dag.py:3823} INFO - Setting next_dagrun for duckdb_to_iceberg_bronze to None, run_after=None
[2025-11-24T08:59:13.134+0000] {processor.py:183} INFO - Processing /opt/airflow/dags/dag_three.py took 0.443 seconds
[2025-11-24T08:59:43.332+0000] {processor.py:161} INFO - Started process (PID=1131) to work on /opt/airflow/dags/dag_three.py
[2025-11-24T08:59:43.333+0000] {processor.py:830} INFO - Processing file /opt/airflow/dags/dag_three.py for tasks to queue
[2025-11-24T08:59:43.334+0000] {logging_mixin.py:188} INFO - [2025-11-24T08:59:43.334+0000] {dagbag.py:538} INFO - Filling up the DagBag from /opt/airflow/dags/dag_three.py
[2025-11-24T08:59:43.746+0000] {processor.py:840} INFO - DAG(s) 'duckdb_to_iceberg_bronze' retrieved from /opt/airflow/dags/dag_three.py
[2025-11-24T08:59:43.757+0000] {logging_mixin.py:188} INFO - [2025-11-24T08:59:43.757+0000] {dag.py:3036} INFO - Sync 1 DAGs
[2025-11-24T08:59:43.765+0000] {logging_mixin.py:188} INFO - [2025-11-24T08:59:43.765+0000] {dag.py:3823} INFO - Setting next_dagrun for duckdb_to_iceberg_bronze to None, run_after=None
[2025-11-24T08:59:43.781+0000] {processor.py:183} INFO - Processing /opt/airflow/dags/dag_three.py took 0.454 seconds
[2025-11-24T09:00:14.562+0000] {processor.py:161} INFO - Started process (PID=1306) to work on /opt/airflow/dags/dag_three.py
[2025-11-24T09:00:14.564+0000] {processor.py:830} INFO - Processing file /opt/airflow/dags/dag_three.py for tasks to queue
[2025-11-24T09:00:14.565+0000] {logging_mixin.py:188} INFO - [2025-11-24T09:00:14.565+0000] {dagbag.py:538} INFO - Filling up the DagBag from /opt/airflow/dags/dag_three.py
[2025-11-24T09:00:14.987+0000] {processor.py:840} INFO - DAG(s) 'duckdb_to_iceberg_bronze' retrieved from /opt/airflow/dags/dag_three.py
[2025-11-24T09:00:15.081+0000] {logging_mixin.py:188} INFO - [2025-11-24T09:00:15.080+0000] {dag.py:3036} INFO - Sync 1 DAGs
[2025-11-24T09:00:15.089+0000] {logging_mixin.py:188} INFO - [2025-11-24T09:00:15.088+0000] {dag.py:3823} INFO - Setting next_dagrun for duckdb_to_iceberg_bronze to None, run_after=None
[2025-11-24T09:00:15.104+0000] {processor.py:183} INFO - Processing /opt/airflow/dags/dag_three.py took 0.547 seconds
[2025-11-24T09:00:45.164+0000] {processor.py:161} INFO - Started process (PID=1501) to work on /opt/airflow/dags/dag_three.py
[2025-11-24T09:00:45.165+0000] {processor.py:830} INFO - Processing file /opt/airflow/dags/dag_three.py for tasks to queue
[2025-11-24T09:00:45.165+0000] {logging_mixin.py:188} INFO - [2025-11-24T09:00:45.165+0000] {dagbag.py:538} INFO - Filling up the DagBag from /opt/airflow/dags/dag_three.py
[2025-11-24T09:00:45.604+0000] {processor.py:840} INFO - DAG(s) 'duckdb_to_iceberg_bronze' retrieved from /opt/airflow/dags/dag_three.py
[2025-11-24T09:00:45.627+0000] {logging_mixin.py:188} INFO - [2025-11-24T09:00:45.626+0000] {dag.py:3036} INFO - Sync 1 DAGs
[2025-11-24T09:00:45.636+0000] {logging_mixin.py:188} INFO - [2025-11-24T09:00:45.636+0000] {dag.py:3823} INFO - Setting next_dagrun for duckdb_to_iceberg_bronze to None, run_after=None
[2025-11-24T09:00:45.651+0000] {processor.py:183} INFO - Processing /opt/airflow/dags/dag_three.py took 0.491 seconds
[2025-11-24T09:01:15.927+0000] {processor.py:161} INFO - Started process (PID=1588) to work on /opt/airflow/dags/dag_three.py
[2025-11-24T09:01:15.928+0000] {processor.py:830} INFO - Processing file /opt/airflow/dags/dag_three.py for tasks to queue
[2025-11-24T09:01:15.930+0000] {logging_mixin.py:188} INFO - [2025-11-24T09:01:15.930+0000] {dagbag.py:538} INFO - Filling up the DagBag from /opt/airflow/dags/dag_three.py
[2025-11-24T09:01:16.329+0000] {processor.py:840} INFO - DAG(s) 'duckdb_to_iceberg_bronze' retrieved from /opt/airflow/dags/dag_three.py
[2025-11-24T09:01:16.350+0000] {logging_mixin.py:188} INFO - [2025-11-24T09:01:16.349+0000] {dag.py:3036} INFO - Sync 1 DAGs
[2025-11-24T09:01:16.358+0000] {logging_mixin.py:188} INFO - [2025-11-24T09:01:16.358+0000] {dag.py:3823} INFO - Setting next_dagrun for duckdb_to_iceberg_bronze to None, run_after=None
[2025-11-24T09:01:16.384+0000] {processor.py:183} INFO - Processing /opt/airflow/dags/dag_three.py took 0.463 seconds
[2025-11-24T09:01:46.689+0000] {processor.py:161} INFO - Started process (PID=1674) to work on /opt/airflow/dags/dag_three.py
[2025-11-24T09:01:46.691+0000] {processor.py:830} INFO - Processing file /opt/airflow/dags/dag_three.py for tasks to queue
[2025-11-24T09:01:46.693+0000] {logging_mixin.py:188} INFO - [2025-11-24T09:01:46.692+0000] {dagbag.py:538} INFO - Filling up the DagBag from /opt/airflow/dags/dag_three.py
[2025-11-24T09:01:47.098+0000] {processor.py:840} INFO - DAG(s) 'duckdb_to_iceberg_bronze' retrieved from /opt/airflow/dags/dag_three.py
[2025-11-24T09:01:47.123+0000] {logging_mixin.py:188} INFO - [2025-11-24T09:01:47.123+0000] {dag.py:3036} INFO - Sync 1 DAGs
[2025-11-24T09:01:47.132+0000] {logging_mixin.py:188} INFO - [2025-11-24T09:01:47.132+0000] {dag.py:3823} INFO - Setting next_dagrun for duckdb_to_iceberg_bronze to None, run_after=None
[2025-11-24T09:01:47.155+0000] {processor.py:183} INFO - Processing /opt/airflow/dags/dag_three.py took 0.471 seconds
[2025-11-24T09:02:17.312+0000] {processor.py:161} INFO - Started process (PID=1820) to work on /opt/airflow/dags/dag_three.py
[2025-11-24T09:02:17.314+0000] {processor.py:830} INFO - Processing file /opt/airflow/dags/dag_three.py for tasks to queue
[2025-11-24T09:02:17.316+0000] {logging_mixin.py:188} INFO - [2025-11-24T09:02:17.315+0000] {dagbag.py:538} INFO - Filling up the DagBag from /opt/airflow/dags/dag_three.py
[2025-11-24T09:02:17.676+0000] {processor.py:840} INFO - DAG(s) 'duckdb_to_iceberg_bronze' retrieved from /opt/airflow/dags/dag_three.py
[2025-11-24T09:02:17.697+0000] {logging_mixin.py:188} INFO - [2025-11-24T09:02:17.697+0000] {dag.py:3036} INFO - Sync 1 DAGs
[2025-11-24T09:02:17.705+0000] {logging_mixin.py:188} INFO - [2025-11-24T09:02:17.705+0000] {dag.py:3823} INFO - Setting next_dagrun for duckdb_to_iceberg_bronze to None, run_after=None
[2025-11-24T09:02:17.720+0000] {processor.py:183} INFO - Processing /opt/airflow/dags/dag_three.py took 0.414 seconds
[2025-11-24T09:02:47.948+0000] {processor.py:161} INFO - Started process (PID=1974) to work on /opt/airflow/dags/dag_three.py
[2025-11-24T09:02:47.949+0000] {processor.py:830} INFO - Processing file /opt/airflow/dags/dag_three.py for tasks to queue
[2025-11-24T09:02:47.949+0000] {logging_mixin.py:188} INFO - [2025-11-24T09:02:47.949+0000] {dagbag.py:538} INFO - Filling up the DagBag from /opt/airflow/dags/dag_three.py
[2025-11-24T09:02:48.317+0000] {processor.py:840} INFO - DAG(s) 'duckdb_to_iceberg_bronze' retrieved from /opt/airflow/dags/dag_three.py
[2025-11-24T09:02:48.339+0000] {logging_mixin.py:188} INFO - [2025-11-24T09:02:48.338+0000] {dag.py:3036} INFO - Sync 1 DAGs
[2025-11-24T09:02:48.347+0000] {logging_mixin.py:188} INFO - [2025-11-24T09:02:48.347+0000] {dag.py:3823} INFO - Setting next_dagrun for duckdb_to_iceberg_bronze to None, run_after=None
[2025-11-24T09:02:48.373+0000] {processor.py:183} INFO - Processing /opt/airflow/dags/dag_three.py took 0.428 seconds
[2025-11-24T09:03:19.225+0000] {processor.py:161} INFO - Started process (PID=2039) to work on /opt/airflow/dags/dag_three.py
[2025-11-24T09:03:19.227+0000] {processor.py:830} INFO - Processing file /opt/airflow/dags/dag_three.py for tasks to queue
[2025-11-24T09:03:19.229+0000] {logging_mixin.py:188} INFO - [2025-11-24T09:03:19.228+0000] {dagbag.py:538} INFO - Filling up the DagBag from /opt/airflow/dags/dag_three.py
[2025-11-24T09:03:19.602+0000] {processor.py:840} INFO - DAG(s) 'duckdb_to_iceberg_bronze' retrieved from /opt/airflow/dags/dag_three.py
[2025-11-24T09:03:19.626+0000] {logging_mixin.py:188} INFO - [2025-11-24T09:03:19.625+0000] {dag.py:3036} INFO - Sync 1 DAGs
[2025-11-24T09:03:19.636+0000] {logging_mixin.py:188} INFO - [2025-11-24T09:03:19.636+0000] {dag.py:3823} INFO - Setting next_dagrun for duckdb_to_iceberg_bronze to None, run_after=None
[2025-11-24T09:03:19.665+0000] {processor.py:183} INFO - Processing /opt/airflow/dags/dag_three.py took 0.445 seconds
[2025-11-24T09:03:49.922+0000] {processor.py:161} INFO - Started process (PID=2125) to work on /opt/airflow/dags/dag_three.py
[2025-11-24T09:03:49.924+0000] {processor.py:830} INFO - Processing file /opt/airflow/dags/dag_three.py for tasks to queue
[2025-11-24T09:03:49.926+0000] {logging_mixin.py:188} INFO - [2025-11-24T09:03:49.925+0000] {dagbag.py:538} INFO - Filling up the DagBag from /opt/airflow/dags/dag_three.py
[2025-11-24T09:03:50.330+0000] {processor.py:840} INFO - DAG(s) 'duckdb_to_iceberg_bronze' retrieved from /opt/airflow/dags/dag_three.py
[2025-11-24T09:03:50.349+0000] {logging_mixin.py:188} INFO - [2025-11-24T09:03:50.348+0000] {dag.py:3036} INFO - Sync 1 DAGs
[2025-11-24T09:03:50.357+0000] {logging_mixin.py:188} INFO - [2025-11-24T09:03:50.357+0000] {dag.py:3823} INFO - Setting next_dagrun for duckdb_to_iceberg_bronze to None, run_after=None
[2025-11-24T09:03:50.379+0000] {processor.py:183} INFO - Processing /opt/airflow/dags/dag_three.py took 0.463 seconds
[2025-11-24T09:04:21.235+0000] {processor.py:161} INFO - Started process (PID=2211) to work on /opt/airflow/dags/dag_three.py
[2025-11-24T09:04:21.236+0000] {processor.py:830} INFO - Processing file /opt/airflow/dags/dag_three.py for tasks to queue
[2025-11-24T09:04:21.237+0000] {logging_mixin.py:188} INFO - [2025-11-24T09:04:21.237+0000] {dagbag.py:538} INFO - Filling up the DagBag from /opt/airflow/dags/dag_three.py
[2025-11-24T09:04:21.592+0000] {processor.py:840} INFO - DAG(s) 'duckdb_to_iceberg_bronze' retrieved from /opt/airflow/dags/dag_three.py
[2025-11-24T09:04:21.610+0000] {logging_mixin.py:188} INFO - [2025-11-24T09:04:21.610+0000] {dag.py:3036} INFO - Sync 1 DAGs
[2025-11-24T09:04:21.618+0000] {logging_mixin.py:188} INFO - [2025-11-24T09:04:21.618+0000] {dag.py:3823} INFO - Setting next_dagrun for duckdb_to_iceberg_bronze to None, run_after=None
[2025-11-24T09:04:21.649+0000] {processor.py:183} INFO - Processing /opt/airflow/dags/dag_three.py took 0.418 seconds
[2025-11-24T09:04:51.983+0000] {processor.py:161} INFO - Started process (PID=2297) to work on /opt/airflow/dags/dag_three.py
[2025-11-24T09:04:51.984+0000] {processor.py:830} INFO - Processing file /opt/airflow/dags/dag_three.py for tasks to queue
[2025-11-24T09:04:51.985+0000] {logging_mixin.py:188} INFO - [2025-11-24T09:04:51.984+0000] {dagbag.py:538} INFO - Filling up the DagBag from /opt/airflow/dags/dag_three.py
[2025-11-24T09:04:52.352+0000] {processor.py:840} INFO - DAG(s) 'duckdb_to_iceberg_bronze' retrieved from /opt/airflow/dags/dag_three.py
[2025-11-24T09:04:52.371+0000] {logging_mixin.py:188} INFO - [2025-11-24T09:04:52.371+0000] {dag.py:3036} INFO - Sync 1 DAGs
[2025-11-24T09:04:52.381+0000] {logging_mixin.py:188} INFO - [2025-11-24T09:04:52.381+0000] {dag.py:3823} INFO - Setting next_dagrun for duckdb_to_iceberg_bronze to None, run_after=None
[2025-11-24T09:04:52.404+0000] {processor.py:183} INFO - Processing /opt/airflow/dags/dag_three.py took 0.427 seconds
[2025-11-24T09:05:22.646+0000] {processor.py:161} INFO - Started process (PID=2383) to work on /opt/airflow/dags/dag_three.py
[2025-11-24T09:05:22.647+0000] {processor.py:830} INFO - Processing file /opt/airflow/dags/dag_three.py for tasks to queue
[2025-11-24T09:05:22.648+0000] {logging_mixin.py:188} INFO - [2025-11-24T09:05:22.648+0000] {dagbag.py:538} INFO - Filling up the DagBag from /opt/airflow/dags/dag_three.py
[2025-11-24T09:05:23.022+0000] {processor.py:840} INFO - DAG(s) 'duckdb_to_iceberg_bronze' retrieved from /opt/airflow/dags/dag_three.py
[2025-11-24T09:05:23.041+0000] {logging_mixin.py:188} INFO - [2025-11-24T09:05:23.040+0000] {dag.py:3036} INFO - Sync 1 DAGs
[2025-11-24T09:05:23.049+0000] {logging_mixin.py:188} INFO - [2025-11-24T09:05:23.049+0000] {dag.py:3823} INFO - Setting next_dagrun for duckdb_to_iceberg_bronze to None, run_after=None
[2025-11-24T09:05:23.073+0000] {processor.py:183} INFO - Processing /opt/airflow/dags/dag_three.py took 0.433 seconds
[2025-11-24T09:05:53.360+0000] {processor.py:161} INFO - Started process (PID=2469) to work on /opt/airflow/dags/dag_three.py
[2025-11-24T09:05:53.361+0000] {processor.py:830} INFO - Processing file /opt/airflow/dags/dag_three.py for tasks to queue
[2025-11-24T09:05:53.362+0000] {logging_mixin.py:188} INFO - [2025-11-24T09:05:53.362+0000] {dagbag.py:538} INFO - Filling up the DagBag from /opt/airflow/dags/dag_three.py
[2025-11-24T09:05:53.782+0000] {processor.py:840} INFO - DAG(s) 'duckdb_to_iceberg_bronze' retrieved from /opt/airflow/dags/dag_three.py
[2025-11-24T09:05:53.801+0000] {logging_mixin.py:188} INFO - [2025-11-24T09:05:53.801+0000] {dag.py:3036} INFO - Sync 1 DAGs
[2025-11-24T09:05:53.809+0000] {logging_mixin.py:188} INFO - [2025-11-24T09:05:53.809+0000] {dag.py:3823} INFO - Setting next_dagrun for duckdb_to_iceberg_bronze to None, run_after=None
[2025-11-24T09:05:53.835+0000] {processor.py:183} INFO - Processing /opt/airflow/dags/dag_three.py took 0.477 seconds
[2025-11-24T09:06:23.954+0000] {processor.py:161} INFO - Started process (PID=2555) to work on /opt/airflow/dags/dag_three.py
[2025-11-24T09:06:23.956+0000] {processor.py:830} INFO - Processing file /opt/airflow/dags/dag_three.py for tasks to queue
[2025-11-24T09:06:23.958+0000] {logging_mixin.py:188} INFO - [2025-11-24T09:06:23.957+0000] {dagbag.py:538} INFO - Filling up the DagBag from /opt/airflow/dags/dag_three.py
[2025-11-24T09:06:24.333+0000] {processor.py:840} INFO - DAG(s) 'duckdb_to_iceberg_bronze' retrieved from /opt/airflow/dags/dag_three.py
[2025-11-24T09:06:24.359+0000] {logging_mixin.py:188} INFO - [2025-11-24T09:06:24.358+0000] {dag.py:3036} INFO - Sync 1 DAGs
[2025-11-24T09:06:24.371+0000] {logging_mixin.py:188} INFO - [2025-11-24T09:06:24.371+0000] {dag.py:3823} INFO - Setting next_dagrun for duckdb_to_iceberg_bronze to None, run_after=None
[2025-11-24T09:06:24.401+0000] {processor.py:183} INFO - Processing /opt/airflow/dags/dag_three.py took 0.452 seconds
[2025-11-24T09:06:55.185+0000] {processor.py:161} INFO - Started process (PID=2641) to work on /opt/airflow/dags/dag_three.py
[2025-11-24T09:06:55.186+0000] {processor.py:830} INFO - Processing file /opt/airflow/dags/dag_three.py for tasks to queue
[2025-11-24T09:06:55.186+0000] {logging_mixin.py:188} INFO - [2025-11-24T09:06:55.186+0000] {dagbag.py:538} INFO - Filling up the DagBag from /opt/airflow/dags/dag_three.py
[2025-11-24T09:06:55.650+0000] {processor.py:840} INFO - DAG(s) 'duckdb_to_iceberg_bronze' retrieved from /opt/airflow/dags/dag_three.py
[2025-11-24T09:06:55.671+0000] {logging_mixin.py:188} INFO - [2025-11-24T09:06:55.670+0000] {dag.py:3036} INFO - Sync 1 DAGs
[2025-11-24T09:06:55.679+0000] {logging_mixin.py:188} INFO - [2025-11-24T09:06:55.679+0000] {dag.py:3823} INFO - Setting next_dagrun for duckdb_to_iceberg_bronze to None, run_after=None
[2025-11-24T09:06:55.695+0000] {processor.py:183} INFO - Processing /opt/airflow/dags/dag_three.py took 0.513 seconds
[2025-11-24T09:07:25.789+0000] {processor.py:161} INFO - Started process (PID=2727) to work on /opt/airflow/dags/dag_three.py
[2025-11-24T09:07:25.791+0000] {processor.py:830} INFO - Processing file /opt/airflow/dags/dag_three.py for tasks to queue
[2025-11-24T09:07:25.792+0000] {logging_mixin.py:188} INFO - [2025-11-24T09:07:25.791+0000] {dagbag.py:538} INFO - Filling up the DagBag from /opt/airflow/dags/dag_three.py
[2025-11-24T09:07:26.168+0000] {processor.py:840} INFO - DAG(s) 'duckdb_to_iceberg_bronze' retrieved from /opt/airflow/dags/dag_three.py
[2025-11-24T09:07:26.197+0000] {logging_mixin.py:188} INFO - [2025-11-24T09:07:26.197+0000] {dag.py:3036} INFO - Sync 1 DAGs
[2025-11-24T09:07:26.206+0000] {logging_mixin.py:188} INFO - [2025-11-24T09:07:26.206+0000] {dag.py:3823} INFO - Setting next_dagrun for duckdb_to_iceberg_bronze to None, run_after=None
[2025-11-24T09:07:26.221+0000] {processor.py:183} INFO - Processing /opt/airflow/dags/dag_three.py took 0.437 seconds
[2025-11-24T09:07:56.603+0000] {processor.py:161} INFO - Started process (PID=2813) to work on /opt/airflow/dags/dag_three.py
[2025-11-24T09:07:56.607+0000] {processor.py:830} INFO - Processing file /opt/airflow/dags/dag_three.py for tasks to queue
[2025-11-24T09:07:56.609+0000] {logging_mixin.py:188} INFO - [2025-11-24T09:07:56.608+0000] {dagbag.py:538} INFO - Filling up the DagBag from /opt/airflow/dags/dag_three.py
[2025-11-24T09:07:56.973+0000] {processor.py:840} INFO - DAG(s) 'duckdb_to_iceberg_bronze' retrieved from /opt/airflow/dags/dag_three.py
[2025-11-24T09:07:56.991+0000] {logging_mixin.py:188} INFO - [2025-11-24T09:07:56.990+0000] {dag.py:3036} INFO - Sync 1 DAGs
[2025-11-24T09:07:57.001+0000] {logging_mixin.py:188} INFO - [2025-11-24T09:07:57.001+0000] {dag.py:3823} INFO - Setting next_dagrun for duckdb_to_iceberg_bronze to None, run_after=None
[2025-11-24T09:07:57.039+0000] {processor.py:183} INFO - Processing /opt/airflow/dags/dag_three.py took 0.452 seconds
[2025-11-24T09:08:27.460+0000] {processor.py:161} INFO - Started process (PID=2899) to work on /opt/airflow/dags/dag_three.py
[2025-11-24T09:08:27.461+0000] {processor.py:830} INFO - Processing file /opt/airflow/dags/dag_three.py for tasks to queue
[2025-11-24T09:08:27.461+0000] {logging_mixin.py:188} INFO - [2025-11-24T09:08:27.461+0000] {dagbag.py:538} INFO - Filling up the DagBag from /opt/airflow/dags/dag_three.py
[2025-11-24T09:08:27.843+0000] {processor.py:840} INFO - DAG(s) 'duckdb_to_iceberg_bronze' retrieved from /opt/airflow/dags/dag_three.py
[2025-11-24T09:08:27.865+0000] {logging_mixin.py:188} INFO - [2025-11-24T09:08:27.864+0000] {dag.py:3036} INFO - Sync 1 DAGs
[2025-11-24T09:08:27.873+0000] {logging_mixin.py:188} INFO - [2025-11-24T09:08:27.873+0000] {dag.py:3823} INFO - Setting next_dagrun for duckdb_to_iceberg_bronze to None, run_after=None
[2025-11-24T09:08:27.901+0000] {processor.py:183} INFO - Processing /opt/airflow/dags/dag_three.py took 0.445 seconds
[2025-11-24T09:08:58.617+0000] {processor.py:161} INFO - Started process (PID=2985) to work on /opt/airflow/dags/dag_three.py
[2025-11-24T09:08:58.618+0000] {processor.py:830} INFO - Processing file /opt/airflow/dags/dag_three.py for tasks to queue
[2025-11-24T09:08:58.621+0000] {logging_mixin.py:188} INFO - [2025-11-24T09:08:58.620+0000] {dagbag.py:538} INFO - Filling up the DagBag from /opt/airflow/dags/dag_three.py
[2025-11-24T09:08:59.006+0000] {processor.py:840} INFO - DAG(s) 'duckdb_to_iceberg_bronze' retrieved from /opt/airflow/dags/dag_three.py
[2025-11-24T09:08:59.026+0000] {logging_mixin.py:188} INFO - [2025-11-24T09:08:59.026+0000] {dag.py:3036} INFO - Sync 1 DAGs
[2025-11-24T09:08:59.035+0000] {logging_mixin.py:188} INFO - [2025-11-24T09:08:59.035+0000] {dag.py:3823} INFO - Setting next_dagrun for duckdb_to_iceberg_bronze to None, run_after=None
[2025-11-24T09:08:59.063+0000] {processor.py:183} INFO - Processing /opt/airflow/dags/dag_three.py took 0.452 seconds
[2025-11-24T09:09:29.219+0000] {processor.py:161} INFO - Started process (PID=3071) to work on /opt/airflow/dags/dag_three.py
[2025-11-24T09:09:29.220+0000] {processor.py:830} INFO - Processing file /opt/airflow/dags/dag_three.py for tasks to queue
[2025-11-24T09:09:29.222+0000] {logging_mixin.py:188} INFO - [2025-11-24T09:09:29.221+0000] {dagbag.py:538} INFO - Filling up the DagBag from /opt/airflow/dags/dag_three.py
[2025-11-24T09:09:29.596+0000] {processor.py:840} INFO - DAG(s) 'duckdb_to_iceberg_bronze' retrieved from /opt/airflow/dags/dag_three.py
[2025-11-24T09:09:29.615+0000] {logging_mixin.py:188} INFO - [2025-11-24T09:09:29.615+0000] {dag.py:3036} INFO - Sync 1 DAGs
[2025-11-24T09:09:29.630+0000] {logging_mixin.py:188} INFO - [2025-11-24T09:09:29.630+0000] {dag.py:3823} INFO - Setting next_dagrun for duckdb_to_iceberg_bronze to None, run_after=None
[2025-11-24T09:09:29.655+0000] {processor.py:183} INFO - Processing /opt/airflow/dags/dag_three.py took 0.439 seconds
[2025-11-24T09:09:59.696+0000] {processor.py:161} INFO - Started process (PID=3157) to work on /opt/airflow/dags/dag_three.py
[2025-11-24T09:09:59.698+0000] {processor.py:830} INFO - Processing file /opt/airflow/dags/dag_three.py for tasks to queue
[2025-11-24T09:09:59.700+0000] {logging_mixin.py:188} INFO - [2025-11-24T09:09:59.699+0000] {dagbag.py:538} INFO - Filling up the DagBag from /opt/airflow/dags/dag_three.py
[2025-11-24T09:10:00.101+0000] {processor.py:840} INFO - DAG(s) 'duckdb_to_iceberg_bronze' retrieved from /opt/airflow/dags/dag_three.py
[2025-11-24T09:10:00.127+0000] {logging_mixin.py:188} INFO - [2025-11-24T09:10:00.126+0000] {dag.py:3036} INFO - Sync 1 DAGs
[2025-11-24T09:10:00.138+0000] {logging_mixin.py:188} INFO - [2025-11-24T09:10:00.137+0000] {dag.py:3823} INFO - Setting next_dagrun for duckdb_to_iceberg_bronze to None, run_after=None
[2025-11-24T09:10:00.167+0000] {processor.py:183} INFO - Processing /opt/airflow/dags/dag_three.py took 0.477 seconds
[2025-11-24T09:10:30.731+0000] {processor.py:161} INFO - Started process (PID=3243) to work on /opt/airflow/dags/dag_three.py
[2025-11-24T09:10:30.733+0000] {processor.py:830} INFO - Processing file /opt/airflow/dags/dag_three.py for tasks to queue
[2025-11-24T09:10:30.735+0000] {logging_mixin.py:188} INFO - [2025-11-24T09:10:30.735+0000] {dagbag.py:538} INFO - Filling up the DagBag from /opt/airflow/dags/dag_three.py
[2025-11-24T09:10:31.109+0000] {processor.py:840} INFO - DAG(s) 'duckdb_to_iceberg_bronze' retrieved from /opt/airflow/dags/dag_three.py
[2025-11-24T09:10:31.129+0000] {logging_mixin.py:188} INFO - [2025-11-24T09:10:31.128+0000] {dag.py:3036} INFO - Sync 1 DAGs
[2025-11-24T09:10:31.144+0000] {logging_mixin.py:188} INFO - [2025-11-24T09:10:31.144+0000] {dag.py:3823} INFO - Setting next_dagrun for duckdb_to_iceberg_bronze to None, run_after=None
[2025-11-24T09:10:31.185+0000] {processor.py:183} INFO - Processing /opt/airflow/dags/dag_three.py took 0.460 seconds
[2025-11-24T09:11:01.628+0000] {processor.py:161} INFO - Started process (PID=3329) to work on /opt/airflow/dags/dag_three.py
[2025-11-24T09:11:01.630+0000] {processor.py:830} INFO - Processing file /opt/airflow/dags/dag_three.py for tasks to queue
[2025-11-24T09:11:01.631+0000] {logging_mixin.py:188} INFO - [2025-11-24T09:11:01.631+0000] {dagbag.py:538} INFO - Filling up the DagBag from /opt/airflow/dags/dag_three.py
[2025-11-24T09:11:02.008+0000] {processor.py:840} INFO - DAG(s) 'duckdb_to_iceberg_bronze' retrieved from /opt/airflow/dags/dag_three.py
[2025-11-24T09:11:02.029+0000] {logging_mixin.py:188} INFO - [2025-11-24T09:11:02.028+0000] {dag.py:3036} INFO - Sync 1 DAGs
[2025-11-24T09:11:02.037+0000] {logging_mixin.py:188} INFO - [2025-11-24T09:11:02.037+0000] {dag.py:3823} INFO - Setting next_dagrun for duckdb_to_iceberg_bronze to None, run_after=None
[2025-11-24T09:11:02.064+0000] {processor.py:183} INFO - Processing /opt/airflow/dags/dag_three.py took 0.442 seconds
[2025-11-24T09:11:32.878+0000] {processor.py:161} INFO - Started process (PID=3412) to work on /opt/airflow/dags/dag_three.py
[2025-11-24T09:11:32.879+0000] {processor.py:830} INFO - Processing file /opt/airflow/dags/dag_three.py for tasks to queue
[2025-11-24T09:11:32.880+0000] {logging_mixin.py:188} INFO - [2025-11-24T09:11:32.880+0000] {dagbag.py:538} INFO - Filling up the DagBag from /opt/airflow/dags/dag_three.py
[2025-11-24T09:11:33.279+0000] {processor.py:840} INFO - DAG(s) 'duckdb_to_iceberg_bronze' retrieved from /opt/airflow/dags/dag_three.py
[2025-11-24T09:11:33.319+0000] {logging_mixin.py:188} INFO - [2025-11-24T09:11:33.318+0000] {dag.py:3036} INFO - Sync 1 DAGs
[2025-11-24T09:11:33.335+0000] {logging_mixin.py:188} INFO - [2025-11-24T09:11:33.335+0000] {dag.py:3823} INFO - Setting next_dagrun for duckdb_to_iceberg_bronze to None, run_after=None
[2025-11-24T09:11:33.363+0000] {processor.py:183} INFO - Processing /opt/airflow/dags/dag_three.py took 0.487 seconds
[2025-11-24T09:12:03.740+0000] {processor.py:161} INFO - Started process (PID=3477) to work on /opt/airflow/dags/dag_three.py
[2025-11-24T09:12:03.742+0000] {processor.py:830} INFO - Processing file /opt/airflow/dags/dag_three.py for tasks to queue
[2025-11-24T09:12:03.743+0000] {logging_mixin.py:188} INFO - [2025-11-24T09:12:03.743+0000] {dagbag.py:538} INFO - Filling up the DagBag from /opt/airflow/dags/dag_three.py
[2025-11-24T09:12:04.141+0000] {processor.py:840} INFO - DAG(s) 'duckdb_to_iceberg_bronze' retrieved from /opt/airflow/dags/dag_three.py
[2025-11-24T09:12:04.167+0000] {logging_mixin.py:188} INFO - [2025-11-24T09:12:04.166+0000] {dag.py:3036} INFO - Sync 1 DAGs
[2025-11-24T09:12:04.176+0000] {logging_mixin.py:188} INFO - [2025-11-24T09:12:04.176+0000] {dag.py:3823} INFO - Setting next_dagrun for duckdb_to_iceberg_bronze to None, run_after=None
[2025-11-24T09:12:04.197+0000] {processor.py:183} INFO - Processing /opt/airflow/dags/dag_three.py took 0.463 seconds
[2025-11-24T09:12:35.068+0000] {processor.py:161} INFO - Started process (PID=3563) to work on /opt/airflow/dags/dag_three.py
[2025-11-24T09:12:35.070+0000] {processor.py:830} INFO - Processing file /opt/airflow/dags/dag_three.py for tasks to queue
[2025-11-24T09:12:35.072+0000] {logging_mixin.py:188} INFO - [2025-11-24T09:12:35.071+0000] {dagbag.py:538} INFO - Filling up the DagBag from /opt/airflow/dags/dag_three.py
[2025-11-24T09:12:35.499+0000] {processor.py:840} INFO - DAG(s) 'duckdb_to_iceberg_bronze' retrieved from /opt/airflow/dags/dag_three.py
[2025-11-24T09:12:35.526+0000] {logging_mixin.py:188} INFO - [2025-11-24T09:12:35.526+0000] {dag.py:3036} INFO - Sync 1 DAGs
[2025-11-24T09:12:35.539+0000] {logging_mixin.py:188} INFO - [2025-11-24T09:12:35.539+0000] {dag.py:3823} INFO - Setting next_dagrun for duckdb_to_iceberg_bronze to None, run_after=None
[2025-11-24T09:12:35.577+0000] {processor.py:183} INFO - Processing /opt/airflow/dags/dag_three.py took 0.514 seconds
[2025-11-24T09:13:05.678+0000] {processor.py:161} INFO - Started process (PID=3649) to work on /opt/airflow/dags/dag_three.py
[2025-11-24T09:13:05.680+0000] {processor.py:830} INFO - Processing file /opt/airflow/dags/dag_three.py for tasks to queue
[2025-11-24T09:13:05.681+0000] {logging_mixin.py:188} INFO - [2025-11-24T09:13:05.681+0000] {dagbag.py:538} INFO - Filling up the DagBag from /opt/airflow/dags/dag_three.py
[2025-11-24T09:13:06.066+0000] {processor.py:840} INFO - DAG(s) 'duckdb_to_iceberg_bronze' retrieved from /opt/airflow/dags/dag_three.py
[2025-11-24T09:13:06.089+0000] {logging_mixin.py:188} INFO - [2025-11-24T09:13:06.089+0000] {dag.py:3036} INFO - Sync 1 DAGs
[2025-11-24T09:13:06.101+0000] {logging_mixin.py:188} INFO - [2025-11-24T09:13:06.101+0000] {dag.py:3823} INFO - Setting next_dagrun for duckdb_to_iceberg_bronze to None, run_after=None
[2025-11-24T09:13:06.133+0000] {processor.py:183} INFO - Processing /opt/airflow/dags/dag_three.py took 0.461 seconds
[2025-11-24T09:13:36.399+0000] {processor.py:161} INFO - Started process (PID=3735) to work on /opt/airflow/dags/dag_three.py
[2025-11-24T09:13:36.400+0000] {processor.py:830} INFO - Processing file /opt/airflow/dags/dag_three.py for tasks to queue
[2025-11-24T09:13:36.400+0000] {logging_mixin.py:188} INFO - [2025-11-24T09:13:36.400+0000] {dagbag.py:538} INFO - Filling up the DagBag from /opt/airflow/dags/dag_three.py
[2025-11-24T09:13:36.816+0000] {processor.py:840} INFO - DAG(s) 'duckdb_to_iceberg_bronze' retrieved from /opt/airflow/dags/dag_three.py
[2025-11-24T09:13:36.852+0000] {logging_mixin.py:188} INFO - [2025-11-24T09:13:36.851+0000] {dag.py:3036} INFO - Sync 1 DAGs
[2025-11-24T09:13:36.874+0000] {logging_mixin.py:188} INFO - [2025-11-24T09:13:36.873+0000] {dag.py:3823} INFO - Setting next_dagrun for duckdb_to_iceberg_bronze to None, run_after=None
[2025-11-24T09:13:36.902+0000] {processor.py:183} INFO - Processing /opt/airflow/dags/dag_three.py took 0.507 seconds
[2025-11-24T09:14:07.383+0000] {processor.py:161} INFO - Started process (PID=3821) to work on /opt/airflow/dags/dag_three.py
[2025-11-24T09:14:07.384+0000] {processor.py:830} INFO - Processing file /opt/airflow/dags/dag_three.py for tasks to queue
[2025-11-24T09:14:07.386+0000] {logging_mixin.py:188} INFO - [2025-11-24T09:14:07.386+0000] {dagbag.py:538} INFO - Filling up the DagBag from /opt/airflow/dags/dag_three.py
[2025-11-24T09:14:07.772+0000] {processor.py:840} INFO - DAG(s) 'duckdb_to_iceberg_bronze' retrieved from /opt/airflow/dags/dag_three.py
[2025-11-24T09:14:07.792+0000] {logging_mixin.py:188} INFO - [2025-11-24T09:14:07.792+0000] {dag.py:3036} INFO - Sync 1 DAGs
[2025-11-24T09:14:07.802+0000] {logging_mixin.py:188} INFO - [2025-11-24T09:14:07.801+0000] {dag.py:3823} INFO - Setting next_dagrun for duckdb_to_iceberg_bronze to None, run_after=None
[2025-11-24T09:14:07.829+0000] {processor.py:183} INFO - Processing /opt/airflow/dags/dag_three.py took 0.449 seconds
[2025-11-24T09:14:38.197+0000] {processor.py:161} INFO - Started process (PID=3907) to work on /opt/airflow/dags/dag_three.py
[2025-11-24T09:14:38.199+0000] {processor.py:830} INFO - Processing file /opt/airflow/dags/dag_three.py for tasks to queue
[2025-11-24T09:14:38.200+0000] {logging_mixin.py:188} INFO - [2025-11-24T09:14:38.200+0000] {dagbag.py:538} INFO - Filling up the DagBag from /opt/airflow/dags/dag_three.py
[2025-11-24T09:14:38.592+0000] {processor.py:840} INFO - DAG(s) 'duckdb_to_iceberg_bronze' retrieved from /opt/airflow/dags/dag_three.py
[2025-11-24T09:14:38.614+0000] {logging_mixin.py:188} INFO - [2025-11-24T09:14:38.614+0000] {dag.py:3036} INFO - Sync 1 DAGs
[2025-11-24T09:14:38.624+0000] {logging_mixin.py:188} INFO - [2025-11-24T09:14:38.624+0000] {dag.py:3823} INFO - Setting next_dagrun for duckdb_to_iceberg_bronze to None, run_after=None
[2025-11-24T09:14:38.655+0000] {processor.py:183} INFO - Processing /opt/airflow/dags/dag_three.py took 0.462 seconds
[2025-11-24T09:15:08.941+0000] {processor.py:161} INFO - Started process (PID=3993) to work on /opt/airflow/dags/dag_three.py
[2025-11-24T09:15:08.942+0000] {processor.py:830} INFO - Processing file /opt/airflow/dags/dag_three.py for tasks to queue
[2025-11-24T09:15:08.943+0000] {logging_mixin.py:188} INFO - [2025-11-24T09:15:08.943+0000] {dagbag.py:538} INFO - Filling up the DagBag from /opt/airflow/dags/dag_three.py
[2025-11-24T09:15:09.305+0000] {processor.py:840} INFO - DAG(s) 'duckdb_to_iceberg_bronze' retrieved from /opt/airflow/dags/dag_three.py
[2025-11-24T09:15:09.330+0000] {logging_mixin.py:188} INFO - [2025-11-24T09:15:09.330+0000] {dag.py:3036} INFO - Sync 1 DAGs
[2025-11-24T09:15:09.338+0000] {logging_mixin.py:188} INFO - [2025-11-24T09:15:09.338+0000] {dag.py:3823} INFO - Setting next_dagrun for duckdb_to_iceberg_bronze to None, run_after=None
[2025-11-24T09:15:09.352+0000] {processor.py:183} INFO - Processing /opt/airflow/dags/dag_three.py took 0.414 seconds
[2025-11-24T09:15:40.210+0000] {processor.py:161} INFO - Started process (PID=4079) to work on /opt/airflow/dags/dag_three.py
[2025-11-24T09:15:40.211+0000] {processor.py:830} INFO - Processing file /opt/airflow/dags/dag_three.py for tasks to queue
[2025-11-24T09:15:40.211+0000] {logging_mixin.py:188} INFO - [2025-11-24T09:15:40.211+0000] {dagbag.py:538} INFO - Filling up the DagBag from /opt/airflow/dags/dag_three.py
[2025-11-24T09:15:40.581+0000] {processor.py:840} INFO - DAG(s) 'duckdb_to_iceberg_bronze' retrieved from /opt/airflow/dags/dag_three.py
[2025-11-24T09:15:40.611+0000] {logging_mixin.py:188} INFO - [2025-11-24T09:15:40.611+0000] {dag.py:3036} INFO - Sync 1 DAGs
[2025-11-24T09:15:40.622+0000] {logging_mixin.py:188} INFO - [2025-11-24T09:15:40.622+0000] {dag.py:3823} INFO - Setting next_dagrun for duckdb_to_iceberg_bronze to None, run_after=None
[2025-11-24T09:15:40.643+0000] {processor.py:183} INFO - Processing /opt/airflow/dags/dag_three.py took 0.436 seconds
[2025-11-24T09:16:10.909+0000] {processor.py:161} INFO - Started process (PID=4165) to work on /opt/airflow/dags/dag_three.py
[2025-11-24T09:16:10.911+0000] {processor.py:830} INFO - Processing file /opt/airflow/dags/dag_three.py for tasks to queue
[2025-11-24T09:16:10.914+0000] {logging_mixin.py:188} INFO - [2025-11-24T09:16:10.913+0000] {dagbag.py:538} INFO - Filling up the DagBag from /opt/airflow/dags/dag_three.py
[2025-11-24T09:16:11.288+0000] {processor.py:840} INFO - DAG(s) 'duckdb_to_iceberg_bronze' retrieved from /opt/airflow/dags/dag_three.py
[2025-11-24T09:16:11.310+0000] {logging_mixin.py:188} INFO - [2025-11-24T09:16:11.309+0000] {dag.py:3036} INFO - Sync 1 DAGs
[2025-11-24T09:16:11.320+0000] {logging_mixin.py:188} INFO - [2025-11-24T09:16:11.320+0000] {dag.py:3823} INFO - Setting next_dagrun for duckdb_to_iceberg_bronze to None, run_after=None
[2025-11-24T09:16:11.356+0000] {processor.py:183} INFO - Processing /opt/airflow/dags/dag_three.py took 0.454 seconds
[2025-11-24T09:16:41.786+0000] {processor.py:161} INFO - Started process (PID=4251) to work on /opt/airflow/dags/dag_three.py
[2025-11-24T09:16:41.788+0000] {processor.py:830} INFO - Processing file /opt/airflow/dags/dag_three.py for tasks to queue
[2025-11-24T09:16:41.789+0000] {logging_mixin.py:188} INFO - [2025-11-24T09:16:41.789+0000] {dagbag.py:538} INFO - Filling up the DagBag from /opt/airflow/dags/dag_three.py
[2025-11-24T09:16:42.153+0000] {processor.py:840} INFO - DAG(s) 'duckdb_to_iceberg_bronze' retrieved from /opt/airflow/dags/dag_three.py
[2025-11-24T09:16:42.173+0000] {logging_mixin.py:188} INFO - [2025-11-24T09:16:42.173+0000] {dag.py:3036} INFO - Sync 1 DAGs
[2025-11-24T09:16:42.182+0000] {logging_mixin.py:188} INFO - [2025-11-24T09:16:42.182+0000] {dag.py:3823} INFO - Setting next_dagrun for duckdb_to_iceberg_bronze to None, run_after=None
[2025-11-24T09:16:42.207+0000] {processor.py:183} INFO - Processing /opt/airflow/dags/dag_three.py took 0.428 seconds
[2025-11-24T09:17:12.598+0000] {processor.py:161} INFO - Started process (PID=4337) to work on /opt/airflow/dags/dag_three.py
[2025-11-24T09:17:12.599+0000] {processor.py:830} INFO - Processing file /opt/airflow/dags/dag_three.py for tasks to queue
[2025-11-24T09:17:12.600+0000] {logging_mixin.py:188} INFO - [2025-11-24T09:17:12.600+0000] {dagbag.py:538} INFO - Filling up the DagBag from /opt/airflow/dags/dag_three.py
[2025-11-24T09:17:12.981+0000] {processor.py:840} INFO - DAG(s) 'duckdb_to_iceberg_bronze' retrieved from /opt/airflow/dags/dag_three.py
[2025-11-24T09:17:13.012+0000] {logging_mixin.py:188} INFO - [2025-11-24T09:17:13.011+0000] {dag.py:3036} INFO - Sync 1 DAGs
[2025-11-24T09:17:13.022+0000] {logging_mixin.py:188} INFO - [2025-11-24T09:17:13.021+0000] {dag.py:3823} INFO - Setting next_dagrun for duckdb_to_iceberg_bronze to None, run_after=None
[2025-11-24T09:17:13.038+0000] {processor.py:183} INFO - Processing /opt/airflow/dags/dag_three.py took 0.443 seconds
[2025-11-24T09:17:43.928+0000] {processor.py:161} INFO - Started process (PID=4423) to work on /opt/airflow/dags/dag_three.py
[2025-11-24T09:17:43.929+0000] {processor.py:830} INFO - Processing file /opt/airflow/dags/dag_three.py for tasks to queue
[2025-11-24T09:17:43.930+0000] {logging_mixin.py:188} INFO - [2025-11-24T09:17:43.929+0000] {dagbag.py:538} INFO - Filling up the DagBag from /opt/airflow/dags/dag_three.py
[2025-11-24T09:17:44.300+0000] {processor.py:840} INFO - DAG(s) 'duckdb_to_iceberg_bronze' retrieved from /opt/airflow/dags/dag_three.py
[2025-11-24T09:17:44.325+0000] {logging_mixin.py:188} INFO - [2025-11-24T09:17:44.324+0000] {dag.py:3036} INFO - Sync 1 DAGs
[2025-11-24T09:17:44.335+0000] {logging_mixin.py:188} INFO - [2025-11-24T09:17:44.335+0000] {dag.py:3823} INFO - Setting next_dagrun for duckdb_to_iceberg_bronze to None, run_after=None
[2025-11-24T09:17:44.354+0000] {processor.py:183} INFO - Processing /opt/airflow/dags/dag_three.py took 0.431 seconds
[2025-11-24T09:18:14.753+0000] {processor.py:161} INFO - Started process (PID=4509) to work on /opt/airflow/dags/dag_three.py
[2025-11-24T09:18:14.755+0000] {processor.py:830} INFO - Processing file /opt/airflow/dags/dag_three.py for tasks to queue
[2025-11-24T09:18:14.758+0000] {logging_mixin.py:188} INFO - [2025-11-24T09:18:14.757+0000] {dagbag.py:538} INFO - Filling up the DagBag from /opt/airflow/dags/dag_three.py
[2025-11-24T09:18:15.145+0000] {processor.py:840} INFO - DAG(s) 'duckdb_to_iceberg_bronze' retrieved from /opt/airflow/dags/dag_three.py
[2025-11-24T09:18:15.165+0000] {logging_mixin.py:188} INFO - [2025-11-24T09:18:15.165+0000] {dag.py:3036} INFO - Sync 1 DAGs
[2025-11-24T09:18:15.175+0000] {logging_mixin.py:188} INFO - [2025-11-24T09:18:15.174+0000] {dag.py:3823} INFO - Setting next_dagrun for duckdb_to_iceberg_bronze to None, run_after=None
[2025-11-24T09:18:15.211+0000] {processor.py:183} INFO - Processing /opt/airflow/dags/dag_three.py took 0.464 seconds
[2025-11-24T09:18:46.062+0000] {processor.py:161} INFO - Started process (PID=4595) to work on /opt/airflow/dags/dag_three.py
[2025-11-24T09:18:46.062+0000] {processor.py:830} INFO - Processing file /opt/airflow/dags/dag_three.py for tasks to queue
[2025-11-24T09:18:46.063+0000] {logging_mixin.py:188} INFO - [2025-11-24T09:18:46.063+0000] {dagbag.py:538} INFO - Filling up the DagBag from /opt/airflow/dags/dag_three.py
[2025-11-24T09:18:46.450+0000] {processor.py:840} INFO - DAG(s) 'duckdb_to_iceberg_bronze' retrieved from /opt/airflow/dags/dag_three.py
[2025-11-24T09:18:46.475+0000] {logging_mixin.py:188} INFO - [2025-11-24T09:18:46.474+0000] {dag.py:3036} INFO - Sync 1 DAGs
[2025-11-24T09:18:46.483+0000] {logging_mixin.py:188} INFO - [2025-11-24T09:18:46.483+0000] {dag.py:3823} INFO - Setting next_dagrun for duckdb_to_iceberg_bronze to None, run_after=None
[2025-11-24T09:18:46.520+0000] {processor.py:183} INFO - Processing /opt/airflow/dags/dag_three.py took 0.461 seconds
[2025-11-24T09:19:16.994+0000] {processor.py:161} INFO - Started process (PID=4681) to work on /opt/airflow/dags/dag_three.py
[2025-11-24T09:19:16.995+0000] {processor.py:830} INFO - Processing file /opt/airflow/dags/dag_three.py for tasks to queue
[2025-11-24T09:19:16.997+0000] {logging_mixin.py:188} INFO - [2025-11-24T09:19:16.996+0000] {dagbag.py:538} INFO - Filling up the DagBag from /opt/airflow/dags/dag_three.py
[2025-11-24T09:19:17.372+0000] {processor.py:840} INFO - DAG(s) 'duckdb_to_iceberg_bronze' retrieved from /opt/airflow/dags/dag_three.py
[2025-11-24T09:19:17.393+0000] {logging_mixin.py:188} INFO - [2025-11-24T09:19:17.393+0000] {dag.py:3036} INFO - Sync 1 DAGs
[2025-11-24T09:19:17.402+0000] {logging_mixin.py:188} INFO - [2025-11-24T09:19:17.401+0000] {dag.py:3823} INFO - Setting next_dagrun for duckdb_to_iceberg_bronze to None, run_after=None
[2025-11-24T09:19:17.415+0000] {processor.py:183} INFO - Processing /opt/airflow/dags/dag_three.py took 0.426 seconds
[2025-11-24T09:19:47.594+0000] {processor.py:161} INFO - Started process (PID=4764) to work on /opt/airflow/dags/dag_three.py
[2025-11-24T09:19:47.595+0000] {processor.py:830} INFO - Processing file /opt/airflow/dags/dag_three.py for tasks to queue
[2025-11-24T09:19:47.597+0000] {logging_mixin.py:188} INFO - [2025-11-24T09:19:47.596+0000] {dagbag.py:538} INFO - Filling up the DagBag from /opt/airflow/dags/dag_three.py
[2025-11-24T09:19:47.974+0000] {processor.py:840} INFO - DAG(s) 'duckdb_to_iceberg_bronze' retrieved from /opt/airflow/dags/dag_three.py
[2025-11-24T09:19:47.996+0000] {logging_mixin.py:188} INFO - [2025-11-24T09:19:47.996+0000] {dag.py:3036} INFO - Sync 1 DAGs
[2025-11-24T09:19:48.006+0000] {logging_mixin.py:188} INFO - [2025-11-24T09:19:48.006+0000] {dag.py:3823} INFO - Setting next_dagrun for duckdb_to_iceberg_bronze to None, run_after=None
[2025-11-24T09:19:48.031+0000] {processor.py:183} INFO - Processing /opt/airflow/dags/dag_three.py took 0.440 seconds
[2025-11-24T09:20:18.473+0000] {processor.py:161} INFO - Started process (PID=4829) to work on /opt/airflow/dags/dag_three.py
[2025-11-24T09:20:18.474+0000] {processor.py:830} INFO - Processing file /opt/airflow/dags/dag_three.py for tasks to queue
[2025-11-24T09:20:18.475+0000] {logging_mixin.py:188} INFO - [2025-11-24T09:20:18.475+0000] {dagbag.py:538} INFO - Filling up the DagBag from /opt/airflow/dags/dag_three.py
[2025-11-24T09:20:18.842+0000] {processor.py:840} INFO - DAG(s) 'duckdb_to_iceberg_bronze' retrieved from /opt/airflow/dags/dag_three.py
[2025-11-24T09:20:18.865+0000] {logging_mixin.py:188} INFO - [2025-11-24T09:20:18.864+0000] {dag.py:3036} INFO - Sync 1 DAGs
[2025-11-24T09:20:18.881+0000] {logging_mixin.py:188} INFO - [2025-11-24T09:20:18.880+0000] {dag.py:3823} INFO - Setting next_dagrun for duckdb_to_iceberg_bronze to None, run_after=None
[2025-11-24T09:20:18.901+0000] {processor.py:183} INFO - Processing /opt/airflow/dags/dag_three.py took 0.432 seconds
[2025-11-24T09:20:49.373+0000] {processor.py:161} INFO - Started process (PID=4915) to work on /opt/airflow/dags/dag_three.py
[2025-11-24T09:20:49.376+0000] {processor.py:830} INFO - Processing file /opt/airflow/dags/dag_three.py for tasks to queue
[2025-11-24T09:20:49.382+0000] {logging_mixin.py:188} INFO - [2025-11-24T09:20:49.381+0000] {dagbag.py:538} INFO - Filling up the DagBag from /opt/airflow/dags/dag_three.py
[2025-11-24T09:20:49.787+0000] {processor.py:840} INFO - DAG(s) 'duckdb_to_iceberg_bronze' retrieved from /opt/airflow/dags/dag_three.py
[2025-11-24T09:20:49.809+0000] {logging_mixin.py:188} INFO - [2025-11-24T09:20:49.808+0000] {dag.py:3036} INFO - Sync 1 DAGs
[2025-11-24T09:20:49.821+0000] {logging_mixin.py:188} INFO - [2025-11-24T09:20:49.820+0000] {dag.py:3823} INFO - Setting next_dagrun for duckdb_to_iceberg_bronze to None, run_after=None
[2025-11-24T09:20:49.853+0000] {processor.py:183} INFO - Processing /opt/airflow/dags/dag_three.py took 0.484 seconds
[2025-11-24T09:21:20.215+0000] {processor.py:161} INFO - Started process (PID=5001) to work on /opt/airflow/dags/dag_three.py
[2025-11-24T09:21:20.217+0000] {processor.py:830} INFO - Processing file /opt/airflow/dags/dag_three.py for tasks to queue
[2025-11-24T09:21:20.219+0000] {logging_mixin.py:188} INFO - [2025-11-24T09:21:20.219+0000] {dagbag.py:538} INFO - Filling up the DagBag from /opt/airflow/dags/dag_three.py
[2025-11-24T09:21:20.624+0000] {processor.py:840} INFO - DAG(s) 'duckdb_to_iceberg_bronze' retrieved from /opt/airflow/dags/dag_three.py
[2025-11-24T09:21:20.644+0000] {logging_mixin.py:188} INFO - [2025-11-24T09:21:20.644+0000] {dag.py:3036} INFO - Sync 1 DAGs
[2025-11-24T09:21:20.652+0000] {logging_mixin.py:188} INFO - [2025-11-24T09:21:20.652+0000] {dag.py:3823} INFO - Setting next_dagrun for duckdb_to_iceberg_bronze to None, run_after=None
[2025-11-24T09:21:20.676+0000] {processor.py:183} INFO - Processing /opt/airflow/dags/dag_three.py took 0.470 seconds
[2025-11-24T09:21:51.135+0000] {processor.py:161} INFO - Started process (PID=5087) to work on /opt/airflow/dags/dag_three.py
[2025-11-24T09:21:51.137+0000] {processor.py:830} INFO - Processing file /opt/airflow/dags/dag_three.py for tasks to queue
[2025-11-24T09:21:51.139+0000] {logging_mixin.py:188} INFO - [2025-11-24T09:21:51.138+0000] {dagbag.py:538} INFO - Filling up the DagBag from /opt/airflow/dags/dag_three.py
[2025-11-24T09:21:51.522+0000] {processor.py:840} INFO - DAG(s) 'duckdb_to_iceberg_bronze' retrieved from /opt/airflow/dags/dag_three.py
[2025-11-24T09:21:51.546+0000] {logging_mixin.py:188} INFO - [2025-11-24T09:21:51.545+0000] {dag.py:3036} INFO - Sync 1 DAGs
[2025-11-24T09:21:51.556+0000] {logging_mixin.py:188} INFO - [2025-11-24T09:21:51.556+0000] {dag.py:3823} INFO - Setting next_dagrun for duckdb_to_iceberg_bronze to None, run_after=None
[2025-11-24T09:21:51.593+0000] {processor.py:183} INFO - Processing /opt/airflow/dags/dag_three.py took 0.465 seconds
[2025-11-24T09:22:22.029+0000] {processor.py:161} INFO - Started process (PID=5173) to work on /opt/airflow/dags/dag_three.py
[2025-11-24T09:22:22.030+0000] {processor.py:830} INFO - Processing file /opt/airflow/dags/dag_three.py for tasks to queue
[2025-11-24T09:22:22.031+0000] {logging_mixin.py:188} INFO - [2025-11-24T09:22:22.031+0000] {dagbag.py:538} INFO - Filling up the DagBag from /opt/airflow/dags/dag_three.py
[2025-11-24T09:22:22.397+0000] {processor.py:840} INFO - DAG(s) 'duckdb_to_iceberg_bronze' retrieved from /opt/airflow/dags/dag_three.py
[2025-11-24T09:22:22.416+0000] {logging_mixin.py:188} INFO - [2025-11-24T09:22:22.416+0000] {dag.py:3036} INFO - Sync 1 DAGs
[2025-11-24T09:22:22.427+0000] {logging_mixin.py:188} INFO - [2025-11-24T09:22:22.427+0000] {dag.py:3823} INFO - Setting next_dagrun for duckdb_to_iceberg_bronze to None, run_after=None
[2025-11-24T09:22:22.454+0000] {processor.py:183} INFO - Processing /opt/airflow/dags/dag_three.py took 0.430 seconds
[2025-11-24T09:22:52.834+0000] {processor.py:161} INFO - Started process (PID=5259) to work on /opt/airflow/dags/dag_three.py
[2025-11-24T09:22:52.836+0000] {processor.py:830} INFO - Processing file /opt/airflow/dags/dag_three.py for tasks to queue
[2025-11-24T09:22:52.839+0000] {logging_mixin.py:188} INFO - [2025-11-24T09:22:52.838+0000] {dagbag.py:538} INFO - Filling up the DagBag from /opt/airflow/dags/dag_three.py
[2025-11-24T09:22:53.219+0000] {processor.py:840} INFO - DAG(s) 'duckdb_to_iceberg_bronze' retrieved from /opt/airflow/dags/dag_three.py
[2025-11-24T09:22:53.243+0000] {logging_mixin.py:188} INFO - [2025-11-24T09:22:53.242+0000] {dag.py:3036} INFO - Sync 1 DAGs
[2025-11-24T09:22:53.265+0000] {logging_mixin.py:188} INFO - [2025-11-24T09:22:53.264+0000] {dag.py:3823} INFO - Setting next_dagrun for duckdb_to_iceberg_bronze to None, run_after=None
[2025-11-24T09:22:53.334+0000] {processor.py:183} INFO - Processing /opt/airflow/dags/dag_three.py took 0.507 seconds
[2025-11-24T09:23:23.734+0000] {processor.py:161} INFO - Started process (PID=5345) to work on /opt/airflow/dags/dag_three.py
[2025-11-24T09:23:23.735+0000] {processor.py:830} INFO - Processing file /opt/airflow/dags/dag_three.py for tasks to queue
[2025-11-24T09:23:23.736+0000] {logging_mixin.py:188} INFO - [2025-11-24T09:23:23.736+0000] {dagbag.py:538} INFO - Filling up the DagBag from /opt/airflow/dags/dag_three.py
[2025-11-24T09:23:24.098+0000] {processor.py:840} INFO - DAG(s) 'duckdb_to_iceberg_bronze' retrieved from /opt/airflow/dags/dag_three.py
[2025-11-24T09:23:24.119+0000] {logging_mixin.py:188} INFO - [2025-11-24T09:23:24.118+0000] {dag.py:3036} INFO - Sync 1 DAGs
[2025-11-24T09:23:24.132+0000] {logging_mixin.py:188} INFO - [2025-11-24T09:23:24.132+0000] {dag.py:3823} INFO - Setting next_dagrun for duckdb_to_iceberg_bronze to None, run_after=None
[2025-11-24T09:23:24.176+0000] {processor.py:183} INFO - Processing /opt/airflow/dags/dag_three.py took 0.448 seconds
[2025-11-24T09:23:54.649+0000] {processor.py:161} INFO - Started process (PID=5431) to work on /opt/airflow/dags/dag_three.py
[2025-11-24T09:23:54.650+0000] {processor.py:830} INFO - Processing file /opt/airflow/dags/dag_three.py for tasks to queue
[2025-11-24T09:23:54.651+0000] {logging_mixin.py:188} INFO - [2025-11-24T09:23:54.651+0000] {dagbag.py:538} INFO - Filling up the DagBag from /opt/airflow/dags/dag_three.py
[2025-11-24T09:23:55.082+0000] {processor.py:840} INFO - DAG(s) 'duckdb_to_iceberg_bronze' retrieved from /opt/airflow/dags/dag_three.py
[2025-11-24T09:23:55.103+0000] {logging_mixin.py:188} INFO - [2025-11-24T09:23:55.102+0000] {dag.py:3036} INFO - Sync 1 DAGs
[2025-11-24T09:23:55.114+0000] {logging_mixin.py:188} INFO - [2025-11-24T09:23:55.114+0000] {dag.py:3823} INFO - Setting next_dagrun for duckdb_to_iceberg_bronze to None, run_after=None
[2025-11-24T09:23:55.145+0000] {processor.py:183} INFO - Processing /opt/airflow/dags/dag_three.py took 0.502 seconds
[2025-11-24T09:24:25.906+0000] {processor.py:161} INFO - Started process (PID=5517) to work on /opt/airflow/dags/dag_three.py
[2025-11-24T09:24:25.918+0000] {processor.py:830} INFO - Processing file /opt/airflow/dags/dag_three.py for tasks to queue
[2025-11-24T09:24:25.921+0000] {logging_mixin.py:188} INFO - [2025-11-24T09:24:25.920+0000] {dagbag.py:538} INFO - Filling up the DagBag from /opt/airflow/dags/dag_three.py
[2025-11-24T09:24:26.354+0000] {processor.py:840} INFO - DAG(s) 'duckdb_to_iceberg_bronze' retrieved from /opt/airflow/dags/dag_three.py
[2025-11-24T09:24:26.373+0000] {logging_mixin.py:188} INFO - [2025-11-24T09:24:26.373+0000] {dag.py:3036} INFO - Sync 1 DAGs
[2025-11-24T09:24:26.382+0000] {logging_mixin.py:188} INFO - [2025-11-24T09:24:26.381+0000] {dag.py:3823} INFO - Setting next_dagrun for duckdb_to_iceberg_bronze to None, run_after=None
[2025-11-24T09:24:26.407+0000] {processor.py:183} INFO - Processing /opt/airflow/dags/dag_three.py took 0.509 seconds
[2025-11-24T09:24:56.859+0000] {processor.py:161} INFO - Started process (PID=5603) to work on /opt/airflow/dags/dag_three.py
[2025-11-24T09:24:56.861+0000] {processor.py:830} INFO - Processing file /opt/airflow/dags/dag_three.py for tasks to queue
[2025-11-24T09:24:56.863+0000] {logging_mixin.py:188} INFO - [2025-11-24T09:24:56.862+0000] {dagbag.py:538} INFO - Filling up the DagBag from /opt/airflow/dags/dag_three.py
[2025-11-24T09:24:57.247+0000] {processor.py:840} INFO - DAG(s) 'duckdb_to_iceberg_bronze' retrieved from /opt/airflow/dags/dag_three.py
[2025-11-24T09:24:57.276+0000] {logging_mixin.py:188} INFO - [2025-11-24T09:24:57.276+0000] {dag.py:3036} INFO - Sync 1 DAGs
[2025-11-24T09:24:57.292+0000] {logging_mixin.py:188} INFO - [2025-11-24T09:24:57.292+0000] {dag.py:3823} INFO - Setting next_dagrun for duckdb_to_iceberg_bronze to None, run_after=None
[2025-11-24T09:24:57.331+0000] {processor.py:183} INFO - Processing /opt/airflow/dags/dag_three.py took 0.477 seconds
[2025-11-24T09:25:27.535+0000] {processor.py:161} INFO - Started process (PID=5689) to work on /opt/airflow/dags/dag_three.py
[2025-11-24T09:25:27.537+0000] {processor.py:830} INFO - Processing file /opt/airflow/dags/dag_three.py for tasks to queue
[2025-11-24T09:25:27.539+0000] {logging_mixin.py:188} INFO - [2025-11-24T09:25:27.538+0000] {dagbag.py:538} INFO - Filling up the DagBag from /opt/airflow/dags/dag_three.py
[2025-11-24T09:25:27.909+0000] {processor.py:840} INFO - DAG(s) 'duckdb_to_iceberg_bronze' retrieved from /opt/airflow/dags/dag_three.py
[2025-11-24T09:25:27.929+0000] {logging_mixin.py:188} INFO - [2025-11-24T09:25:27.928+0000] {dag.py:3036} INFO - Sync 1 DAGs
[2025-11-24T09:25:27.938+0000] {logging_mixin.py:188} INFO - [2025-11-24T09:25:27.938+0000] {dag.py:3823} INFO - Setting next_dagrun for duckdb_to_iceberg_bronze to None, run_after=None
[2025-11-24T09:25:27.966+0000] {processor.py:183} INFO - Processing /opt/airflow/dags/dag_three.py took 0.437 seconds
[2025-11-24T09:25:58.175+0000] {processor.py:161} INFO - Started process (PID=5775) to work on /opt/airflow/dags/dag_three.py
[2025-11-24T09:25:58.177+0000] {processor.py:830} INFO - Processing file /opt/airflow/dags/dag_three.py for tasks to queue
[2025-11-24T09:25:58.178+0000] {logging_mixin.py:188} INFO - [2025-11-24T09:25:58.178+0000] {dagbag.py:538} INFO - Filling up the DagBag from /opt/airflow/dags/dag_three.py
[2025-11-24T09:25:58.550+0000] {processor.py:840} INFO - DAG(s) 'duckdb_to_iceberg_bronze' retrieved from /opt/airflow/dags/dag_three.py
[2025-11-24T09:25:58.572+0000] {logging_mixin.py:188} INFO - [2025-11-24T09:25:58.571+0000] {dag.py:3036} INFO - Sync 1 DAGs
[2025-11-24T09:25:58.580+0000] {logging_mixin.py:188} INFO - [2025-11-24T09:25:58.580+0000] {dag.py:3823} INFO - Setting next_dagrun for duckdb_to_iceberg_bronze to None, run_after=None
[2025-11-24T09:25:58.595+0000] {processor.py:183} INFO - Processing /opt/airflow/dags/dag_three.py took 0.426 seconds
[2025-11-24T09:26:28.998+0000] {processor.py:161} INFO - Started process (PID=5861) to work on /opt/airflow/dags/dag_three.py
[2025-11-24T09:26:29.000+0000] {processor.py:830} INFO - Processing file /opt/airflow/dags/dag_three.py for tasks to queue
[2025-11-24T09:26:29.001+0000] {logging_mixin.py:188} INFO - [2025-11-24T09:26:29.001+0000] {dagbag.py:538} INFO - Filling up the DagBag from /opt/airflow/dags/dag_three.py
[2025-11-24T09:26:29.395+0000] {processor.py:840} INFO - DAG(s) 'duckdb_to_iceberg_bronze' retrieved from /opt/airflow/dags/dag_three.py
[2025-11-24T09:26:29.419+0000] {logging_mixin.py:188} INFO - [2025-11-24T09:26:29.419+0000] {dag.py:3036} INFO - Sync 1 DAGs
[2025-11-24T09:26:29.433+0000] {logging_mixin.py:188} INFO - [2025-11-24T09:26:29.432+0000] {dag.py:3823} INFO - Setting next_dagrun for duckdb_to_iceberg_bronze to None, run_after=None
[2025-11-24T09:26:29.470+0000] {processor.py:183} INFO - Processing /opt/airflow/dags/dag_three.py took 0.477 seconds
[2025-11-24T09:27:00.323+0000] {processor.py:161} INFO - Started process (PID=5947) to work on /opt/airflow/dags/dag_three.py
[2025-11-24T09:27:00.324+0000] {processor.py:830} INFO - Processing file /opt/airflow/dags/dag_three.py for tasks to queue
[2025-11-24T09:27:00.325+0000] {logging_mixin.py:188} INFO - [2025-11-24T09:27:00.324+0000] {dagbag.py:538} INFO - Filling up the DagBag from /opt/airflow/dags/dag_three.py
[2025-11-24T09:27:00.693+0000] {processor.py:840} INFO - DAG(s) 'duckdb_to_iceberg_bronze' retrieved from /opt/airflow/dags/dag_three.py
[2025-11-24T09:27:00.714+0000] {logging_mixin.py:188} INFO - [2025-11-24T09:27:00.713+0000] {dag.py:3036} INFO - Sync 1 DAGs
[2025-11-24T09:27:00.729+0000] {logging_mixin.py:188} INFO - [2025-11-24T09:27:00.728+0000] {dag.py:3823} INFO - Setting next_dagrun for duckdb_to_iceberg_bronze to None, run_after=None
[2025-11-24T09:27:00.755+0000] {processor.py:183} INFO - Processing /opt/airflow/dags/dag_three.py took 0.435 seconds
[2025-11-24T09:27:31.210+0000] {processor.py:161} INFO - Started process (PID=6033) to work on /opt/airflow/dags/dag_three.py
[2025-11-24T09:27:31.212+0000] {processor.py:830} INFO - Processing file /opt/airflow/dags/dag_three.py for tasks to queue
[2025-11-24T09:27:31.215+0000] {logging_mixin.py:188} INFO - [2025-11-24T09:27:31.213+0000] {dagbag.py:538} INFO - Filling up the DagBag from /opt/airflow/dags/dag_three.py
[2025-11-24T09:27:31.589+0000] {processor.py:840} INFO - DAG(s) 'duckdb_to_iceberg_bronze' retrieved from /opt/airflow/dags/dag_three.py
[2025-11-24T09:27:31.609+0000] {logging_mixin.py:188} INFO - [2025-11-24T09:27:31.608+0000] {dag.py:3036} INFO - Sync 1 DAGs
[2025-11-24T09:27:31.618+0000] {logging_mixin.py:188} INFO - [2025-11-24T09:27:31.618+0000] {dag.py:3823} INFO - Setting next_dagrun for duckdb_to_iceberg_bronze to None, run_after=None
[2025-11-24T09:27:31.642+0000] {processor.py:183} INFO - Processing /opt/airflow/dags/dag_three.py took 0.436 seconds
[2025-11-24T09:28:02.080+0000] {processor.py:161} INFO - Started process (PID=6117) to work on /opt/airflow/dags/dag_three.py
[2025-11-24T09:28:02.081+0000] {processor.py:830} INFO - Processing file /opt/airflow/dags/dag_three.py for tasks to queue
[2025-11-24T09:28:02.083+0000] {logging_mixin.py:188} INFO - [2025-11-24T09:28:02.082+0000] {dagbag.py:538} INFO - Filling up the DagBag from /opt/airflow/dags/dag_three.py
[2025-11-24T09:28:02.466+0000] {processor.py:840} INFO - DAG(s) 'duckdb_to_iceberg_bronze' retrieved from /opt/airflow/dags/dag_three.py
[2025-11-24T09:28:02.492+0000] {logging_mixin.py:188} INFO - [2025-11-24T09:28:02.492+0000] {dag.py:3036} INFO - Sync 1 DAGs
[2025-11-24T09:28:02.505+0000] {logging_mixin.py:188} INFO - [2025-11-24T09:28:02.505+0000] {dag.py:3823} INFO - Setting next_dagrun for duckdb_to_iceberg_bronze to None, run_after=None
[2025-11-24T09:28:02.539+0000] {processor.py:183} INFO - Processing /opt/airflow/dags/dag_three.py took 0.462 seconds
[2025-11-24T09:28:32.997+0000] {processor.py:161} INFO - Started process (PID=6202) to work on /opt/airflow/dags/dag_three.py
[2025-11-24T09:28:32.998+0000] {processor.py:830} INFO - Processing file /opt/airflow/dags/dag_three.py for tasks to queue
[2025-11-24T09:28:32.999+0000] {logging_mixin.py:188} INFO - [2025-11-24T09:28:32.998+0000] {dagbag.py:538} INFO - Filling up the DagBag from /opt/airflow/dags/dag_three.py
[2025-11-24T09:28:33.367+0000] {processor.py:840} INFO - DAG(s) 'duckdb_to_iceberg_bronze' retrieved from /opt/airflow/dags/dag_three.py
[2025-11-24T09:28:33.402+0000] {logging_mixin.py:188} INFO - [2025-11-24T09:28:33.400+0000] {dag.py:3036} INFO - Sync 1 DAGs
[2025-11-24T09:28:33.415+0000] {logging_mixin.py:188} INFO - [2025-11-24T09:28:33.415+0000] {dag.py:3823} INFO - Setting next_dagrun for duckdb_to_iceberg_bronze to None, run_after=None
[2025-11-24T09:28:33.440+0000] {processor.py:183} INFO - Processing /opt/airflow/dags/dag_three.py took 0.448 seconds
[2025-11-24T09:29:04.140+0000] {processor.py:161} INFO - Started process (PID=6267) to work on /opt/airflow/dags/dag_three.py
[2025-11-24T09:29:04.142+0000] {processor.py:830} INFO - Processing file /opt/airflow/dags/dag_three.py for tasks to queue
[2025-11-24T09:29:04.145+0000] {logging_mixin.py:188} INFO - [2025-11-24T09:29:04.144+0000] {dagbag.py:538} INFO - Filling up the DagBag from /opt/airflow/dags/dag_three.py
[2025-11-24T09:29:04.582+0000] {processor.py:840} INFO - DAG(s) 'duckdb_to_iceberg_bronze' retrieved from /opt/airflow/dags/dag_three.py
[2025-11-24T09:29:04.610+0000] {logging_mixin.py:188} INFO - [2025-11-24T09:29:04.609+0000] {dag.py:3036} INFO - Sync 1 DAGs
[2025-11-24T09:29:04.620+0000] {logging_mixin.py:188} INFO - [2025-11-24T09:29:04.620+0000] {dag.py:3823} INFO - Setting next_dagrun for duckdb_to_iceberg_bronze to None, run_after=None
[2025-11-24T09:29:04.657+0000] {processor.py:183} INFO - Processing /opt/airflow/dags/dag_three.py took 0.525 seconds
[2025-11-24T09:29:34.785+0000] {processor.py:161} INFO - Started process (PID=6353) to work on /opt/airflow/dags/dag_three.py
[2025-11-24T09:29:34.785+0000] {processor.py:830} INFO - Processing file /opt/airflow/dags/dag_three.py for tasks to queue
[2025-11-24T09:29:34.787+0000] {logging_mixin.py:188} INFO - [2025-11-24T09:29:34.787+0000] {dagbag.py:538} INFO - Filling up the DagBag from /opt/airflow/dags/dag_three.py
[2025-11-24T09:29:35.165+0000] {processor.py:840} INFO - DAG(s) 'duckdb_to_iceberg_bronze' retrieved from /opt/airflow/dags/dag_three.py
[2025-11-24T09:29:35.198+0000] {logging_mixin.py:188} INFO - [2025-11-24T09:29:35.197+0000] {dag.py:3036} INFO - Sync 1 DAGs
[2025-11-24T09:29:35.208+0000] {logging_mixin.py:188} INFO - [2025-11-24T09:29:35.208+0000] {dag.py:3823} INFO - Setting next_dagrun for duckdb_to_iceberg_bronze to None, run_after=None
[2025-11-24T09:29:35.223+0000] {processor.py:183} INFO - Processing /opt/airflow/dags/dag_three.py took 0.441 seconds
[2025-11-24T09:30:05.288+0000] {processor.py:161} INFO - Started process (PID=6439) to work on /opt/airflow/dags/dag_three.py
[2025-11-24T09:30:05.290+0000] {processor.py:830} INFO - Processing file /opt/airflow/dags/dag_three.py for tasks to queue
[2025-11-24T09:30:05.292+0000] {logging_mixin.py:188} INFO - [2025-11-24T09:30:05.291+0000] {dagbag.py:538} INFO - Filling up the DagBag from /opt/airflow/dags/dag_three.py
[2025-11-24T09:30:05.718+0000] {processor.py:840} INFO - DAG(s) 'duckdb_to_iceberg_bronze' retrieved from /opt/airflow/dags/dag_three.py
[2025-11-24T09:30:05.742+0000] {logging_mixin.py:188} INFO - [2025-11-24T09:30:05.741+0000] {dag.py:3036} INFO - Sync 1 DAGs
[2025-11-24T09:30:05.755+0000] {logging_mixin.py:188} INFO - [2025-11-24T09:30:05.755+0000] {dag.py:3823} INFO - Setting next_dagrun for duckdb_to_iceberg_bronze to None, run_after=None
[2025-11-24T09:30:05.796+0000] {processor.py:183} INFO - Processing /opt/airflow/dags/dag_three.py took 0.514 seconds
[2025-11-24T09:30:36.137+0000] {processor.py:161} INFO - Started process (PID=6525) to work on /opt/airflow/dags/dag_three.py
[2025-11-24T09:30:36.138+0000] {processor.py:830} INFO - Processing file /opt/airflow/dags/dag_three.py for tasks to queue
[2025-11-24T09:30:36.139+0000] {logging_mixin.py:188} INFO - [2025-11-24T09:30:36.138+0000] {dagbag.py:538} INFO - Filling up the DagBag from /opt/airflow/dags/dag_three.py
[2025-11-24T09:30:36.528+0000] {processor.py:840} INFO - DAG(s) 'duckdb_to_iceberg_bronze' retrieved from /opt/airflow/dags/dag_three.py
[2025-11-24T09:30:36.553+0000] {logging_mixin.py:188} INFO - [2025-11-24T09:30:36.552+0000] {dag.py:3036} INFO - Sync 1 DAGs
[2025-11-24T09:30:36.561+0000] {logging_mixin.py:188} INFO - [2025-11-24T09:30:36.561+0000] {dag.py:3823} INFO - Setting next_dagrun for duckdb_to_iceberg_bronze to None, run_after=None
[2025-11-24T09:30:36.576+0000] {processor.py:183} INFO - Processing /opt/airflow/dags/dag_three.py took 0.443 seconds
[2025-11-24T09:31:06.999+0000] {processor.py:161} INFO - Started process (PID=6611) to work on /opt/airflow/dags/dag_three.py
[2025-11-24T09:31:07.000+0000] {processor.py:830} INFO - Processing file /opt/airflow/dags/dag_three.py for tasks to queue
[2025-11-24T09:31:07.002+0000] {logging_mixin.py:188} INFO - [2025-11-24T09:31:07.002+0000] {dagbag.py:538} INFO - Filling up the DagBag from /opt/airflow/dags/dag_three.py
[2025-11-24T09:31:07.369+0000] {processor.py:840} INFO - DAG(s) 'duckdb_to_iceberg_bronze' retrieved from /opt/airflow/dags/dag_three.py
[2025-11-24T09:31:07.388+0000] {logging_mixin.py:188} INFO - [2025-11-24T09:31:07.387+0000] {dag.py:3036} INFO - Sync 1 DAGs
[2025-11-24T09:31:07.396+0000] {logging_mixin.py:188} INFO - [2025-11-24T09:31:07.395+0000] {dag.py:3823} INFO - Setting next_dagrun for duckdb_to_iceberg_bronze to None, run_after=None
[2025-11-24T09:31:07.418+0000] {processor.py:183} INFO - Processing /opt/airflow/dags/dag_three.py took 0.426 seconds
[2025-11-24T09:31:38.060+0000] {processor.py:161} INFO - Started process (PID=6697) to work on /opt/airflow/dags/dag_three.py
[2025-11-24T09:31:38.062+0000] {processor.py:830} INFO - Processing file /opt/airflow/dags/dag_three.py for tasks to queue
[2025-11-24T09:31:38.063+0000] {logging_mixin.py:188} INFO - [2025-11-24T09:31:38.063+0000] {dagbag.py:538} INFO - Filling up the DagBag from /opt/airflow/dags/dag_three.py
[2025-11-24T09:31:38.438+0000] {processor.py:840} INFO - DAG(s) 'duckdb_to_iceberg_bronze' retrieved from /opt/airflow/dags/dag_three.py
[2025-11-24T09:31:38.458+0000] {logging_mixin.py:188} INFO - [2025-11-24T09:31:38.458+0000] {dag.py:3036} INFO - Sync 1 DAGs
[2025-11-24T09:31:38.467+0000] {logging_mixin.py:188} INFO - [2025-11-24T09:31:38.466+0000] {dag.py:3823} INFO - Setting next_dagrun for duckdb_to_iceberg_bronze to None, run_after=None
[2025-11-24T09:31:38.481+0000] {processor.py:183} INFO - Processing /opt/airflow/dags/dag_three.py took 0.428 seconds
[2025-11-24T09:32:08.876+0000] {processor.py:161} INFO - Started process (PID=6783) to work on /opt/airflow/dags/dag_three.py
[2025-11-24T09:32:08.877+0000] {processor.py:830} INFO - Processing file /opt/airflow/dags/dag_three.py for tasks to queue
[2025-11-24T09:32:08.879+0000] {logging_mixin.py:188} INFO - [2025-11-24T09:32:08.878+0000] {dagbag.py:538} INFO - Filling up the DagBag from /opt/airflow/dags/dag_three.py
[2025-11-24T09:32:09.269+0000] {processor.py:840} INFO - DAG(s) 'duckdb_to_iceberg_bronze' retrieved from /opt/airflow/dags/dag_three.py
[2025-11-24T09:32:09.292+0000] {logging_mixin.py:188} INFO - [2025-11-24T09:32:09.291+0000] {dag.py:3036} INFO - Sync 1 DAGs
[2025-11-24T09:32:09.301+0000] {logging_mixin.py:188} INFO - [2025-11-24T09:32:09.301+0000] {dag.py:3823} INFO - Setting next_dagrun for duckdb_to_iceberg_bronze to None, run_after=None
[2025-11-24T09:32:09.325+0000] {processor.py:183} INFO - Processing /opt/airflow/dags/dag_three.py took 0.455 seconds
[2025-11-24T09:32:39.691+0000] {processor.py:161} INFO - Started process (PID=6869) to work on /opt/airflow/dags/dag_three.py
[2025-11-24T09:32:39.692+0000] {processor.py:830} INFO - Processing file /opt/airflow/dags/dag_three.py for tasks to queue
[2025-11-24T09:32:39.693+0000] {logging_mixin.py:188} INFO - [2025-11-24T09:32:39.693+0000] {dagbag.py:538} INFO - Filling up the DagBag from /opt/airflow/dags/dag_three.py
[2025-11-24T09:32:40.054+0000] {processor.py:840} INFO - DAG(s) 'duckdb_to_iceberg_bronze' retrieved from /opt/airflow/dags/dag_three.py
[2025-11-24T09:32:40.074+0000] {logging_mixin.py:188} INFO - [2025-11-24T09:32:40.074+0000] {dag.py:3036} INFO - Sync 1 DAGs
[2025-11-24T09:32:40.082+0000] {logging_mixin.py:188} INFO - [2025-11-24T09:32:40.082+0000] {dag.py:3823} INFO - Setting next_dagrun for duckdb_to_iceberg_bronze to None, run_after=None
[2025-11-24T09:32:40.108+0000] {processor.py:183} INFO - Processing /opt/airflow/dags/dag_three.py took 0.421 seconds
[2025-11-24T09:33:10.237+0000] {processor.py:161} INFO - Started process (PID=6955) to work on /opt/airflow/dags/dag_three.py
[2025-11-24T09:33:10.239+0000] {processor.py:830} INFO - Processing file /opt/airflow/dags/dag_three.py for tasks to queue
[2025-11-24T09:33:10.240+0000] {logging_mixin.py:188} INFO - [2025-11-24T09:33:10.240+0000] {dagbag.py:538} INFO - Filling up the DagBag from /opt/airflow/dags/dag_three.py
[2025-11-24T09:33:10.613+0000] {processor.py:840} INFO - DAG(s) 'duckdb_to_iceberg_bronze' retrieved from /opt/airflow/dags/dag_three.py
[2025-11-24T09:33:10.635+0000] {logging_mixin.py:188} INFO - [2025-11-24T09:33:10.634+0000] {dag.py:3036} INFO - Sync 1 DAGs
[2025-11-24T09:33:10.643+0000] {logging_mixin.py:188} INFO - [2025-11-24T09:33:10.643+0000] {dag.py:3823} INFO - Setting next_dagrun for duckdb_to_iceberg_bronze to None, run_after=None
[2025-11-24T09:33:10.656+0000] {processor.py:183} INFO - Processing /opt/airflow/dags/dag_three.py took 0.425 seconds
[2025-11-24T09:33:41.435+0000] {processor.py:161} INFO - Started process (PID=7041) to work on /opt/airflow/dags/dag_three.py
[2025-11-24T09:33:41.436+0000] {processor.py:830} INFO - Processing file /opt/airflow/dags/dag_three.py for tasks to queue
[2025-11-24T09:33:41.437+0000] {logging_mixin.py:188} INFO - [2025-11-24T09:33:41.437+0000] {dagbag.py:538} INFO - Filling up the DagBag from /opt/airflow/dags/dag_three.py
[2025-11-24T09:33:41.843+0000] {processor.py:840} INFO - DAG(s) 'duckdb_to_iceberg_bronze' retrieved from /opt/airflow/dags/dag_three.py
[2025-11-24T09:33:41.864+0000] {logging_mixin.py:188} INFO - [2025-11-24T09:33:41.863+0000] {dag.py:3036} INFO - Sync 1 DAGs
[2025-11-24T09:33:41.877+0000] {logging_mixin.py:188} INFO - [2025-11-24T09:33:41.877+0000] {dag.py:3823} INFO - Setting next_dagrun for duckdb_to_iceberg_bronze to None, run_after=None
[2025-11-24T09:33:41.894+0000] {processor.py:183} INFO - Processing /opt/airflow/dags/dag_three.py took 0.465 seconds
[2025-11-24T09:34:12.306+0000] {processor.py:161} INFO - Started process (PID=7127) to work on /opt/airflow/dags/dag_three.py
[2025-11-24T09:34:12.307+0000] {processor.py:830} INFO - Processing file /opt/airflow/dags/dag_three.py for tasks to queue
[2025-11-24T09:34:12.308+0000] {logging_mixin.py:188} INFO - [2025-11-24T09:34:12.308+0000] {dagbag.py:538} INFO - Filling up the DagBag from /opt/airflow/dags/dag_three.py
[2025-11-24T09:34:12.679+0000] {processor.py:840} INFO - DAG(s) 'duckdb_to_iceberg_bronze' retrieved from /opt/airflow/dags/dag_three.py
[2025-11-24T09:34:12.707+0000] {logging_mixin.py:188} INFO - [2025-11-24T09:34:12.706+0000] {dag.py:3036} INFO - Sync 1 DAGs
[2025-11-24T09:34:12.717+0000] {logging_mixin.py:188} INFO - [2025-11-24T09:34:12.716+0000] {dag.py:3823} INFO - Setting next_dagrun for duckdb_to_iceberg_bronze to None, run_after=None
[2025-11-24T09:34:12.743+0000] {processor.py:183} INFO - Processing /opt/airflow/dags/dag_three.py took 0.441 seconds
[2025-11-24T09:34:43.155+0000] {processor.py:161} INFO - Started process (PID=7213) to work on /opt/airflow/dags/dag_three.py
[2025-11-24T09:34:43.157+0000] {processor.py:830} INFO - Processing file /opt/airflow/dags/dag_three.py for tasks to queue
[2025-11-24T09:34:43.158+0000] {logging_mixin.py:188} INFO - [2025-11-24T09:34:43.158+0000] {dagbag.py:538} INFO - Filling up the DagBag from /opt/airflow/dags/dag_three.py
[2025-11-24T09:34:43.693+0000] {processor.py:840} INFO - DAG(s) 'duckdb_to_iceberg_bronze' retrieved from /opt/airflow/dags/dag_three.py
[2025-11-24T09:34:43.714+0000] {logging_mixin.py:188} INFO - [2025-11-24T09:34:43.714+0000] {dag.py:3036} INFO - Sync 1 DAGs
[2025-11-24T09:34:43.725+0000] {logging_mixin.py:188} INFO - [2025-11-24T09:34:43.725+0000] {dag.py:3823} INFO - Setting next_dagrun for duckdb_to_iceberg_bronze to None, run_after=None
[2025-11-24T09:34:43.756+0000] {processor.py:183} INFO - Processing /opt/airflow/dags/dag_three.py took 0.606 seconds
[2025-11-24T09:35:14.195+0000] {processor.py:161} INFO - Started process (PID=7299) to work on /opt/airflow/dags/dag_three.py
[2025-11-24T09:35:14.196+0000] {processor.py:830} INFO - Processing file /opt/airflow/dags/dag_three.py for tasks to queue
[2025-11-24T09:35:14.196+0000] {logging_mixin.py:188} INFO - [2025-11-24T09:35:14.196+0000] {dagbag.py:538} INFO - Filling up the DagBag from /opt/airflow/dags/dag_three.py
[2025-11-24T09:35:14.564+0000] {processor.py:840} INFO - DAG(s) 'duckdb_to_iceberg_bronze' retrieved from /opt/airflow/dags/dag_three.py
[2025-11-24T09:35:14.584+0000] {logging_mixin.py:188} INFO - [2025-11-24T09:35:14.583+0000] {dag.py:3036} INFO - Sync 1 DAGs
[2025-11-24T09:35:14.592+0000] {logging_mixin.py:188} INFO - [2025-11-24T09:35:14.592+0000] {dag.py:3823} INFO - Setting next_dagrun for duckdb_to_iceberg_bronze to None, run_after=None
[2025-11-24T09:35:14.605+0000] {processor.py:183} INFO - Processing /opt/airflow/dags/dag_three.py took 0.414 seconds
[2025-11-24T09:35:45.443+0000] {processor.py:161} INFO - Started process (PID=7385) to work on /opt/airflow/dags/dag_three.py
[2025-11-24T09:35:45.445+0000] {processor.py:830} INFO - Processing file /opt/airflow/dags/dag_three.py for tasks to queue
[2025-11-24T09:35:45.446+0000] {logging_mixin.py:188} INFO - [2025-11-24T09:35:45.445+0000] {dagbag.py:538} INFO - Filling up the DagBag from /opt/airflow/dags/dag_three.py
[2025-11-24T09:35:45.845+0000] {processor.py:840} INFO - DAG(s) 'duckdb_to_iceberg_bronze' retrieved from /opt/airflow/dags/dag_three.py
[2025-11-24T09:35:45.869+0000] {logging_mixin.py:188} INFO - [2025-11-24T09:35:45.869+0000] {dag.py:3036} INFO - Sync 1 DAGs
[2025-11-24T09:35:45.883+0000] {logging_mixin.py:188} INFO - [2025-11-24T09:35:45.882+0000] {dag.py:3823} INFO - Setting next_dagrun for duckdb_to_iceberg_bronze to None, run_after=None
[2025-11-24T09:35:45.912+0000] {processor.py:183} INFO - Processing /opt/airflow/dags/dag_three.py took 0.474 seconds
[2025-11-24T09:36:16.320+0000] {processor.py:161} INFO - Started process (PID=7469) to work on /opt/airflow/dags/dag_three.py
[2025-11-24T09:36:16.321+0000] {processor.py:830} INFO - Processing file /opt/airflow/dags/dag_three.py for tasks to queue
[2025-11-24T09:36:16.323+0000] {logging_mixin.py:188} INFO - [2025-11-24T09:36:16.322+0000] {dagbag.py:538} INFO - Filling up the DagBag from /opt/airflow/dags/dag_three.py
[2025-11-24T09:36:16.701+0000] {processor.py:840} INFO - DAG(s) 'duckdb_to_iceberg_bronze' retrieved from /opt/airflow/dags/dag_three.py
[2025-11-24T09:36:16.722+0000] {logging_mixin.py:188} INFO - [2025-11-24T09:36:16.722+0000] {dag.py:3036} INFO - Sync 1 DAGs
[2025-11-24T09:36:16.730+0000] {logging_mixin.py:188} INFO - [2025-11-24T09:36:16.730+0000] {dag.py:3823} INFO - Setting next_dagrun for duckdb_to_iceberg_bronze to None, run_after=None
[2025-11-24T09:36:16.754+0000] {processor.py:183} INFO - Processing /opt/airflow/dags/dag_three.py took 0.439 seconds
[2025-11-24T09:36:46.836+0000] {processor.py:161} INFO - Started process (PID=7554) to work on /opt/airflow/dags/dag_three.py
[2025-11-24T09:36:46.837+0000] {processor.py:830} INFO - Processing file /opt/airflow/dags/dag_three.py for tasks to queue
[2025-11-24T09:36:46.838+0000] {logging_mixin.py:188} INFO - [2025-11-24T09:36:46.837+0000] {dagbag.py:538} INFO - Filling up the DagBag from /opt/airflow/dags/dag_three.py
[2025-11-24T09:36:47.193+0000] {processor.py:840} INFO - DAG(s) 'duckdb_to_iceberg_bronze' retrieved from /opt/airflow/dags/dag_three.py
[2025-11-24T09:36:47.212+0000] {logging_mixin.py:188} INFO - [2025-11-24T09:36:47.212+0000] {dag.py:3036} INFO - Sync 1 DAGs
[2025-11-24T09:36:47.221+0000] {logging_mixin.py:188} INFO - [2025-11-24T09:36:47.220+0000] {dag.py:3823} INFO - Setting next_dagrun for duckdb_to_iceberg_bronze to None, run_after=None
[2025-11-24T09:36:47.234+0000] {processor.py:183} INFO - Processing /opt/airflow/dags/dag_three.py took 0.401 seconds
[2025-11-24T09:37:17.818+0000] {processor.py:161} INFO - Started process (PID=7619) to work on /opt/airflow/dags/dag_three.py
[2025-11-24T09:37:17.820+0000] {processor.py:830} INFO - Processing file /opt/airflow/dags/dag_three.py for tasks to queue
[2025-11-24T09:37:17.821+0000] {logging_mixin.py:188} INFO - [2025-11-24T09:37:17.821+0000] {dagbag.py:538} INFO - Filling up the DagBag from /opt/airflow/dags/dag_three.py
[2025-11-24T09:37:18.210+0000] {processor.py:840} INFO - DAG(s) 'duckdb_to_iceberg_bronze' retrieved from /opt/airflow/dags/dag_three.py
[2025-11-24T09:37:18.234+0000] {logging_mixin.py:188} INFO - [2025-11-24T09:37:18.233+0000] {dag.py:3036} INFO - Sync 1 DAGs
[2025-11-24T09:37:18.244+0000] {logging_mixin.py:188} INFO - [2025-11-24T09:37:18.244+0000] {dag.py:3823} INFO - Setting next_dagrun for duckdb_to_iceberg_bronze to None, run_after=None
[2025-11-24T09:37:18.268+0000] {processor.py:183} INFO - Processing /opt/airflow/dags/dag_three.py took 0.456 seconds
[2025-11-24T09:37:48.764+0000] {processor.py:161} INFO - Started process (PID=7705) to work on /opt/airflow/dags/dag_three.py
[2025-11-24T09:37:48.766+0000] {processor.py:830} INFO - Processing file /opt/airflow/dags/dag_three.py for tasks to queue
[2025-11-24T09:37:48.768+0000] {logging_mixin.py:188} INFO - [2025-11-24T09:37:48.768+0000] {dagbag.py:538} INFO - Filling up the DagBag from /opt/airflow/dags/dag_three.py
[2025-11-24T09:37:49.194+0000] {processor.py:840} INFO - DAG(s) 'duckdb_to_iceberg_bronze' retrieved from /opt/airflow/dags/dag_three.py
[2025-11-24T09:37:49.215+0000] {logging_mixin.py:188} INFO - [2025-11-24T09:37:49.215+0000] {dag.py:3036} INFO - Sync 1 DAGs
[2025-11-24T09:37:49.223+0000] {logging_mixin.py:188} INFO - [2025-11-24T09:37:49.223+0000] {dag.py:3823} INFO - Setting next_dagrun for duckdb_to_iceberg_bronze to None, run_after=None
[2025-11-24T09:37:49.236+0000] {processor.py:183} INFO - Processing /opt/airflow/dags/dag_three.py took 0.479 seconds
[2025-11-24T09:38:20.005+0000] {processor.py:161} INFO - Started process (PID=7791) to work on /opt/airflow/dags/dag_three.py
[2025-11-24T09:38:20.006+0000] {processor.py:830} INFO - Processing file /opt/airflow/dags/dag_three.py for tasks to queue
[2025-11-24T09:38:20.007+0000] {logging_mixin.py:188} INFO - [2025-11-24T09:38:20.007+0000] {dagbag.py:538} INFO - Filling up the DagBag from /opt/airflow/dags/dag_three.py
[2025-11-24T09:38:20.371+0000] {processor.py:840} INFO - DAG(s) 'duckdb_to_iceberg_bronze' retrieved from /opt/airflow/dags/dag_three.py
[2025-11-24T09:38:20.393+0000] {logging_mixin.py:188} INFO - [2025-11-24T09:38:20.392+0000] {dag.py:3036} INFO - Sync 1 DAGs
[2025-11-24T09:38:20.403+0000] {logging_mixin.py:188} INFO - [2025-11-24T09:38:20.403+0000] {dag.py:3823} INFO - Setting next_dagrun for duckdb_to_iceberg_bronze to None, run_after=None
[2025-11-24T09:38:20.427+0000] {processor.py:183} INFO - Processing /opt/airflow/dags/dag_three.py took 0.426 seconds
[2025-11-24T09:38:50.852+0000] {processor.py:161} INFO - Started process (PID=7877) to work on /opt/airflow/dags/dag_three.py
[2025-11-24T09:38:50.853+0000] {processor.py:830} INFO - Processing file /opt/airflow/dags/dag_three.py for tasks to queue
[2025-11-24T09:38:50.854+0000] {logging_mixin.py:188} INFO - [2025-11-24T09:38:50.854+0000] {dagbag.py:538} INFO - Filling up the DagBag from /opt/airflow/dags/dag_three.py
[2025-11-24T09:38:51.243+0000] {processor.py:840} INFO - DAG(s) 'duckdb_to_iceberg_bronze' retrieved from /opt/airflow/dags/dag_three.py
[2025-11-24T09:38:51.263+0000] {logging_mixin.py:188} INFO - [2025-11-24T09:38:51.262+0000] {dag.py:3036} INFO - Sync 1 DAGs
[2025-11-24T09:38:51.270+0000] {logging_mixin.py:188} INFO - [2025-11-24T09:38:51.270+0000] {dag.py:3823} INFO - Setting next_dagrun for duckdb_to_iceberg_bronze to None, run_after=None
[2025-11-24T09:38:51.308+0000] {processor.py:183} INFO - Processing /opt/airflow/dags/dag_three.py took 0.460 seconds
[2025-11-24T09:39:21.354+0000] {processor.py:161} INFO - Started process (PID=7963) to work on /opt/airflow/dags/dag_three.py
[2025-11-24T09:39:21.355+0000] {processor.py:830} INFO - Processing file /opt/airflow/dags/dag_three.py for tasks to queue
[2025-11-24T09:39:21.356+0000] {logging_mixin.py:188} INFO - [2025-11-24T09:39:21.356+0000] {dagbag.py:538} INFO - Filling up the DagBag from /opt/airflow/dags/dag_three.py
[2025-11-24T09:39:21.723+0000] {processor.py:840} INFO - DAG(s) 'duckdb_to_iceberg_bronze' retrieved from /opt/airflow/dags/dag_three.py
[2025-11-24T09:39:21.742+0000] {logging_mixin.py:188} INFO - [2025-11-24T09:39:21.741+0000] {dag.py:3036} INFO - Sync 1 DAGs
[2025-11-24T09:39:21.749+0000] {logging_mixin.py:188} INFO - [2025-11-24T09:39:21.749+0000] {dag.py:3823} INFO - Setting next_dagrun for duckdb_to_iceberg_bronze to None, run_after=None
[2025-11-24T09:39:21.773+0000] {processor.py:183} INFO - Processing /opt/airflow/dags/dag_three.py took 0.425 seconds
[2025-11-24T09:39:52.528+0000] {processor.py:161} INFO - Started process (PID=8049) to work on /opt/airflow/dags/dag_three.py
[2025-11-24T09:39:52.529+0000] {processor.py:830} INFO - Processing file /opt/airflow/dags/dag_three.py for tasks to queue
[2025-11-24T09:39:52.530+0000] {logging_mixin.py:188} INFO - [2025-11-24T09:39:52.530+0000] {dagbag.py:538} INFO - Filling up the DagBag from /opt/airflow/dags/dag_three.py
[2025-11-24T09:39:52.884+0000] {processor.py:840} INFO - DAG(s) 'duckdb_to_iceberg_bronze' retrieved from /opt/airflow/dags/dag_three.py
[2025-11-24T09:39:52.903+0000] {logging_mixin.py:188} INFO - [2025-11-24T09:39:52.903+0000] {dag.py:3036} INFO - Sync 1 DAGs
[2025-11-24T09:39:52.911+0000] {logging_mixin.py:188} INFO - [2025-11-24T09:39:52.911+0000] {dag.py:3823} INFO - Setting next_dagrun for duckdb_to_iceberg_bronze to None, run_after=None
[2025-11-24T09:39:52.933+0000] {processor.py:183} INFO - Processing /opt/airflow/dags/dag_three.py took 0.408 seconds
[2025-11-24T09:40:23.357+0000] {processor.py:161} INFO - Started process (PID=8135) to work on /opt/airflow/dags/dag_three.py
[2025-11-24T09:40:23.358+0000] {processor.py:830} INFO - Processing file /opt/airflow/dags/dag_three.py for tasks to queue
[2025-11-24T09:40:23.359+0000] {logging_mixin.py:188} INFO - [2025-11-24T09:40:23.359+0000] {dagbag.py:538} INFO - Filling up the DagBag from /opt/airflow/dags/dag_three.py
[2025-11-24T09:40:23.794+0000] {processor.py:840} INFO - DAG(s) 'duckdb_to_iceberg_bronze' retrieved from /opt/airflow/dags/dag_three.py
[2025-11-24T09:40:23.815+0000] {logging_mixin.py:188} INFO - [2025-11-24T09:40:23.814+0000] {dag.py:3036} INFO - Sync 1 DAGs
[2025-11-24T09:40:23.823+0000] {logging_mixin.py:188} INFO - [2025-11-24T09:40:23.823+0000] {dag.py:3823} INFO - Setting next_dagrun for duckdb_to_iceberg_bronze to None, run_after=None
[2025-11-24T09:40:23.848+0000] {processor.py:183} INFO - Processing /opt/airflow/dags/dag_three.py took 0.495 seconds
[2025-11-24T09:40:54.408+0000] {processor.py:161} INFO - Started process (PID=8221) to work on /opt/airflow/dags/dag_three.py
[2025-11-24T09:40:54.410+0000] {processor.py:830} INFO - Processing file /opt/airflow/dags/dag_three.py for tasks to queue
[2025-11-24T09:40:54.411+0000] {logging_mixin.py:188} INFO - [2025-11-24T09:40:54.411+0000] {dagbag.py:538} INFO - Filling up the DagBag from /opt/airflow/dags/dag_three.py
[2025-11-24T09:40:54.772+0000] {processor.py:840} INFO - DAG(s) 'duckdb_to_iceberg_bronze' retrieved from /opt/airflow/dags/dag_three.py
[2025-11-24T09:40:54.796+0000] {logging_mixin.py:188} INFO - [2025-11-24T09:40:54.794+0000] {dag.py:3036} INFO - Sync 1 DAGs
[2025-11-24T09:40:54.804+0000] {logging_mixin.py:188} INFO - [2025-11-24T09:40:54.804+0000] {dag.py:3823} INFO - Setting next_dagrun for duckdb_to_iceberg_bronze to None, run_after=None
[2025-11-24T09:40:54.818+0000] {processor.py:183} INFO - Processing /opt/airflow/dags/dag_three.py took 0.415 seconds
[2025-11-24T09:41:25.214+0000] {processor.py:161} INFO - Started process (PID=8307) to work on /opt/airflow/dags/dag_three.py
[2025-11-24T09:41:25.215+0000] {processor.py:830} INFO - Processing file /opt/airflow/dags/dag_three.py for tasks to queue
[2025-11-24T09:41:25.216+0000] {logging_mixin.py:188} INFO - [2025-11-24T09:41:25.216+0000] {dagbag.py:538} INFO - Filling up the DagBag from /opt/airflow/dags/dag_three.py
[2025-11-24T09:41:25.579+0000] {processor.py:840} INFO - DAG(s) 'duckdb_to_iceberg_bronze' retrieved from /opt/airflow/dags/dag_three.py
[2025-11-24T09:41:25.597+0000] {logging_mixin.py:188} INFO - [2025-11-24T09:41:25.596+0000] {dag.py:3036} INFO - Sync 1 DAGs
[2025-11-24T09:41:25.605+0000] {logging_mixin.py:188} INFO - [2025-11-24T09:41:25.604+0000] {dag.py:3823} INFO - Setting next_dagrun for duckdb_to_iceberg_bronze to None, run_after=None
[2025-11-24T09:41:25.630+0000] {processor.py:183} INFO - Processing /opt/airflow/dags/dag_three.py took 0.418 seconds
[2025-11-24T09:41:56.112+0000] {processor.py:161} INFO - Started process (PID=8393) to work on /opt/airflow/dags/dag_three.py
[2025-11-24T09:41:56.112+0000] {processor.py:830} INFO - Processing file /opt/airflow/dags/dag_three.py for tasks to queue
[2025-11-24T09:41:56.113+0000] {logging_mixin.py:188} INFO - [2025-11-24T09:41:56.113+0000] {dagbag.py:538} INFO - Filling up the DagBag from /opt/airflow/dags/dag_three.py
[2025-11-24T09:41:56.496+0000] {processor.py:840} INFO - DAG(s) 'duckdb_to_iceberg_bronze' retrieved from /opt/airflow/dags/dag_three.py
[2025-11-24T09:41:56.520+0000] {logging_mixin.py:188} INFO - [2025-11-24T09:41:56.520+0000] {dag.py:3036} INFO - Sync 1 DAGs
[2025-11-24T09:41:56.531+0000] {logging_mixin.py:188} INFO - [2025-11-24T09:41:56.531+0000] {dag.py:3823} INFO - Setting next_dagrun for duckdb_to_iceberg_bronze to None, run_after=None
[2025-11-24T09:41:56.561+0000] {processor.py:183} INFO - Processing /opt/airflow/dags/dag_three.py took 0.453 seconds
[2025-11-24T09:42:27.005+0000] {processor.py:161} INFO - Started process (PID=8479) to work on /opt/airflow/dags/dag_three.py
[2025-11-24T09:42:27.006+0000] {processor.py:830} INFO - Processing file /opt/airflow/dags/dag_three.py for tasks to queue
[2025-11-24T09:42:27.018+0000] {logging_mixin.py:188} INFO - [2025-11-24T09:42:27.017+0000] {dagbag.py:538} INFO - Filling up the DagBag from /opt/airflow/dags/dag_three.py
[2025-11-24T09:42:27.400+0000] {processor.py:840} INFO - DAG(s) 'duckdb_to_iceberg_bronze' retrieved from /opt/airflow/dags/dag_three.py
[2025-11-24T09:42:27.419+0000] {logging_mixin.py:188} INFO - [2025-11-24T09:42:27.419+0000] {dag.py:3036} INFO - Sync 1 DAGs
[2025-11-24T09:42:27.429+0000] {logging_mixin.py:188} INFO - [2025-11-24T09:42:27.428+0000] {dag.py:3823} INFO - Setting next_dagrun for duckdb_to_iceberg_bronze to None, run_after=None
[2025-11-24T09:42:27.454+0000] {processor.py:183} INFO - Processing /opt/airflow/dags/dag_three.py took 0.454 seconds
[2025-11-24T09:42:57.851+0000] {processor.py:161} INFO - Started process (PID=8565) to work on /opt/airflow/dags/dag_three.py
[2025-11-24T09:42:57.853+0000] {processor.py:830} INFO - Processing file /opt/airflow/dags/dag_three.py for tasks to queue
[2025-11-24T09:42:57.854+0000] {logging_mixin.py:188} INFO - [2025-11-24T09:42:57.853+0000] {dagbag.py:538} INFO - Filling up the DagBag from /opt/airflow/dags/dag_three.py
[2025-11-24T09:42:58.202+0000] {processor.py:840} INFO - DAG(s) 'duckdb_to_iceberg_bronze' retrieved from /opt/airflow/dags/dag_three.py
[2025-11-24T09:42:58.224+0000] {logging_mixin.py:188} INFO - [2025-11-24T09:42:58.224+0000] {dag.py:3036} INFO - Sync 1 DAGs
[2025-11-24T09:42:58.234+0000] {logging_mixin.py:188} INFO - [2025-11-24T09:42:58.234+0000] {dag.py:3823} INFO - Setting next_dagrun for duckdb_to_iceberg_bronze to None, run_after=None
[2025-11-24T09:42:58.268+0000] {processor.py:183} INFO - Processing /opt/airflow/dags/dag_three.py took 0.424 seconds
[2025-11-24T09:43:28.687+0000] {processor.py:161} INFO - Started process (PID=8651) to work on /opt/airflow/dags/dag_three.py
[2025-11-24T09:43:28.689+0000] {processor.py:830} INFO - Processing file /opt/airflow/dags/dag_three.py for tasks to queue
[2025-11-24T09:43:28.690+0000] {logging_mixin.py:188} INFO - [2025-11-24T09:43:28.690+0000] {dagbag.py:538} INFO - Filling up the DagBag from /opt/airflow/dags/dag_three.py
[2025-11-24T09:43:29.064+0000] {processor.py:840} INFO - DAG(s) 'duckdb_to_iceberg_bronze' retrieved from /opt/airflow/dags/dag_three.py
[2025-11-24T09:43:29.084+0000] {logging_mixin.py:188} INFO - [2025-11-24T09:43:29.083+0000] {dag.py:3036} INFO - Sync 1 DAGs
[2025-11-24T09:43:29.092+0000] {logging_mixin.py:188} INFO - [2025-11-24T09:43:29.092+0000] {dag.py:3823} INFO - Setting next_dagrun for duckdb_to_iceberg_bronze to None, run_after=None
[2025-11-24T09:43:29.115+0000] {processor.py:183} INFO - Processing /opt/airflow/dags/dag_three.py took 0.435 seconds
[2025-11-24T09:43:59.338+0000] {processor.py:161} INFO - Started process (PID=8737) to work on /opt/airflow/dags/dag_three.py
[2025-11-24T09:43:59.340+0000] {processor.py:830} INFO - Processing file /opt/airflow/dags/dag_three.py for tasks to queue
[2025-11-24T09:43:59.342+0000] {logging_mixin.py:188} INFO - [2025-11-24T09:43:59.341+0000] {dagbag.py:538} INFO - Filling up the DagBag from /opt/airflow/dags/dag_three.py
[2025-11-24T09:43:59.721+0000] {processor.py:840} INFO - DAG(s) 'duckdb_to_iceberg_bronze' retrieved from /opt/airflow/dags/dag_three.py
[2025-11-24T09:43:59.743+0000] {logging_mixin.py:188} INFO - [2025-11-24T09:43:59.742+0000] {dag.py:3036} INFO - Sync 1 DAGs
[2025-11-24T09:43:59.752+0000] {logging_mixin.py:188} INFO - [2025-11-24T09:43:59.752+0000] {dag.py:3823} INFO - Setting next_dagrun for duckdb_to_iceberg_bronze to None, run_after=None
[2025-11-24T09:43:59.787+0000] {processor.py:183} INFO - Processing /opt/airflow/dags/dag_three.py took 0.453 seconds
[2025-11-24T09:44:30.641+0000] {processor.py:161} INFO - Started process (PID=8843) to work on /opt/airflow/dags/dag_three.py
[2025-11-24T09:44:30.643+0000] {processor.py:830} INFO - Processing file /opt/airflow/dags/dag_three.py for tasks to queue
[2025-11-24T09:44:30.645+0000] {logging_mixin.py:188} INFO - [2025-11-24T09:44:30.644+0000] {dagbag.py:538} INFO - Filling up the DagBag from /opt/airflow/dags/dag_three.py
[2025-11-24T09:44:31.028+0000] {processor.py:840} INFO - DAG(s) 'duckdb_to_iceberg_bronze' retrieved from /opt/airflow/dags/dag_three.py
[2025-11-24T09:44:31.055+0000] {logging_mixin.py:188} INFO - [2025-11-24T09:44:31.054+0000] {dag.py:3036} INFO - Sync 1 DAGs
[2025-11-24T09:44:31.065+0000] {logging_mixin.py:188} INFO - [2025-11-24T09:44:31.065+0000] {dag.py:3823} INFO - Setting next_dagrun for duckdb_to_iceberg_bronze to None, run_after=None
[2025-11-24T09:44:31.105+0000] {processor.py:183} INFO - Processing /opt/airflow/dags/dag_three.py took 0.471 seconds
[2025-11-24T09:45:01.329+0000] {processor.py:161} INFO - Started process (PID=8926) to work on /opt/airflow/dags/dag_three.py
[2025-11-24T09:45:01.329+0000] {processor.py:830} INFO - Processing file /opt/airflow/dags/dag_three.py for tasks to queue
[2025-11-24T09:45:01.330+0000] {logging_mixin.py:188} INFO - [2025-11-24T09:45:01.330+0000] {dagbag.py:538} INFO - Filling up the DagBag from /opt/airflow/dags/dag_three.py
[2025-11-24T09:45:01.699+0000] {processor.py:840} INFO - DAG(s) 'duckdb_to_iceberg_bronze' retrieved from /opt/airflow/dags/dag_three.py
[2025-11-24T09:45:01.723+0000] {logging_mixin.py:188} INFO - [2025-11-24T09:45:01.723+0000] {dag.py:3036} INFO - Sync 1 DAGs
[2025-11-24T09:45:01.734+0000] {logging_mixin.py:188} INFO - [2025-11-24T09:45:01.733+0000] {dag.py:3823} INFO - Setting next_dagrun for duckdb_to_iceberg_bronze to None, run_after=None
[2025-11-24T09:45:01.752+0000] {processor.py:183} INFO - Processing /opt/airflow/dags/dag_three.py took 0.426 seconds
[2025-11-24T09:45:31.825+0000] {processor.py:161} INFO - Started process (PID=8991) to work on /opt/airflow/dags/dag_three.py
[2025-11-24T09:45:31.827+0000] {processor.py:830} INFO - Processing file /opt/airflow/dags/dag_three.py for tasks to queue
[2025-11-24T09:45:31.828+0000] {logging_mixin.py:188} INFO - [2025-11-24T09:45:31.828+0000] {dagbag.py:538} INFO - Filling up the DagBag from /opt/airflow/dags/dag_three.py
[2025-11-24T09:45:32.201+0000] {processor.py:840} INFO - DAG(s) 'duckdb_to_iceberg_bronze' retrieved from /opt/airflow/dags/dag_three.py
[2025-11-24T09:45:32.221+0000] {logging_mixin.py:188} INFO - [2025-11-24T09:45:32.220+0000] {dag.py:3036} INFO - Sync 1 DAGs
[2025-11-24T09:45:32.234+0000] {logging_mixin.py:188} INFO - [2025-11-24T09:45:32.233+0000] {dag.py:3823} INFO - Setting next_dagrun for duckdb_to_iceberg_bronze to None, run_after=None
[2025-11-24T09:45:32.268+0000] {processor.py:183} INFO - Processing /opt/airflow/dags/dag_three.py took 0.448 seconds
[2025-11-24T09:46:02.337+0000] {processor.py:161} INFO - Started process (PID=9077) to work on /opt/airflow/dags/dag_three.py
[2025-11-24T09:46:02.339+0000] {processor.py:830} INFO - Processing file /opt/airflow/dags/dag_three.py for tasks to queue
[2025-11-24T09:46:02.340+0000] {logging_mixin.py:188} INFO - [2025-11-24T09:46:02.340+0000] {dagbag.py:538} INFO - Filling up the DagBag from /opt/airflow/dags/dag_three.py
[2025-11-24T09:46:02.724+0000] {processor.py:840} INFO - DAG(s) 'duckdb_to_iceberg_bronze' retrieved from /opt/airflow/dags/dag_three.py
[2025-11-24T09:46:02.745+0000] {logging_mixin.py:188} INFO - [2025-11-24T09:46:02.745+0000] {dag.py:3036} INFO - Sync 1 DAGs
[2025-11-24T09:46:02.755+0000] {logging_mixin.py:188} INFO - [2025-11-24T09:46:02.755+0000] {dag.py:3823} INFO - Setting next_dagrun for duckdb_to_iceberg_bronze to None, run_after=None
[2025-11-24T09:46:02.771+0000] {processor.py:183} INFO - Processing /opt/airflow/dags/dag_three.py took 0.437 seconds
[2025-11-24T09:46:33.590+0000] {processor.py:161} INFO - Started process (PID=9163) to work on /opt/airflow/dags/dag_three.py
[2025-11-24T09:46:33.595+0000] {processor.py:830} INFO - Processing file /opt/airflow/dags/dag_three.py for tasks to queue
[2025-11-24T09:46:33.598+0000] {logging_mixin.py:188} INFO - [2025-11-24T09:46:33.597+0000] {dagbag.py:538} INFO - Filling up the DagBag from /opt/airflow/dags/dag_three.py
[2025-11-24T09:46:33.994+0000] {processor.py:840} INFO - DAG(s) 'duckdb_to_iceberg_bronze' retrieved from /opt/airflow/dags/dag_three.py
[2025-11-24T09:46:34.015+0000] {logging_mixin.py:188} INFO - [2025-11-24T09:46:34.015+0000] {dag.py:3036} INFO - Sync 1 DAGs
[2025-11-24T09:46:34.030+0000] {logging_mixin.py:188} INFO - [2025-11-24T09:46:34.030+0000] {dag.py:3823} INFO - Setting next_dagrun for duckdb_to_iceberg_bronze to None, run_after=None
[2025-11-24T09:46:34.067+0000] {processor.py:183} INFO - Processing /opt/airflow/dags/dag_three.py took 0.489 seconds
[2025-11-24T09:47:04.899+0000] {processor.py:161} INFO - Started process (PID=9249) to work on /opt/airflow/dags/dag_three.py
[2025-11-24T09:47:04.900+0000] {processor.py:830} INFO - Processing file /opt/airflow/dags/dag_three.py for tasks to queue
[2025-11-24T09:47:04.902+0000] {logging_mixin.py:188} INFO - [2025-11-24T09:47:04.901+0000] {dagbag.py:538} INFO - Filling up the DagBag from /opt/airflow/dags/dag_three.py
[2025-11-24T09:47:05.305+0000] {processor.py:840} INFO - DAG(s) 'duckdb_to_iceberg_bronze' retrieved from /opt/airflow/dags/dag_three.py
[2025-11-24T09:47:05.325+0000] {logging_mixin.py:188} INFO - [2025-11-24T09:47:05.324+0000] {dag.py:3036} INFO - Sync 1 DAGs
[2025-11-24T09:47:05.337+0000] {logging_mixin.py:188} INFO - [2025-11-24T09:47:05.337+0000] {dag.py:3823} INFO - Setting next_dagrun for duckdb_to_iceberg_bronze to None, run_after=None
[2025-11-24T09:47:05.356+0000] {processor.py:183} INFO - Processing /opt/airflow/dags/dag_three.py took 0.463 seconds
[2025-11-24T09:47:35.601+0000] {processor.py:161} INFO - Started process (PID=9335) to work on /opt/airflow/dags/dag_three.py
[2025-11-24T09:47:35.603+0000] {processor.py:830} INFO - Processing file /opt/airflow/dags/dag_three.py for tasks to queue
[2025-11-24T09:47:35.605+0000] {logging_mixin.py:188} INFO - [2025-11-24T09:47:35.604+0000] {dagbag.py:538} INFO - Filling up the DagBag from /opt/airflow/dags/dag_three.py
[2025-11-24T09:47:35.969+0000] {processor.py:840} INFO - DAG(s) 'duckdb_to_iceberg_bronze' retrieved from /opt/airflow/dags/dag_three.py
[2025-11-24T09:47:36.002+0000] {logging_mixin.py:188} INFO - [2025-11-24T09:47:36.001+0000] {dag.py:3036} INFO - Sync 1 DAGs
[2025-11-24T09:47:36.019+0000] {logging_mixin.py:188} INFO - [2025-11-24T09:47:36.018+0000] {dag.py:3823} INFO - Setting next_dagrun for duckdb_to_iceberg_bronze to None, run_after=None
[2025-11-24T09:47:36.053+0000] {processor.py:183} INFO - Processing /opt/airflow/dags/dag_three.py took 0.457 seconds
[2025-11-24T09:48:06.850+0000] {processor.py:161} INFO - Started process (PID=9421) to work on /opt/airflow/dags/dag_three.py
[2025-11-24T09:48:06.851+0000] {processor.py:830} INFO - Processing file /opt/airflow/dags/dag_three.py for tasks to queue
[2025-11-24T09:48:06.853+0000] {logging_mixin.py:188} INFO - [2025-11-24T09:48:06.853+0000] {dagbag.py:538} INFO - Filling up the DagBag from /opt/airflow/dags/dag_three.py
[2025-11-24T09:48:07.227+0000] {processor.py:840} INFO - DAG(s) 'duckdb_to_iceberg_bronze' retrieved from /opt/airflow/dags/dag_three.py
[2025-11-24T09:48:07.248+0000] {logging_mixin.py:188} INFO - [2025-11-24T09:48:07.248+0000] {dag.py:3036} INFO - Sync 1 DAGs
[2025-11-24T09:48:07.256+0000] {logging_mixin.py:188} INFO - [2025-11-24T09:48:07.256+0000] {dag.py:3823} INFO - Setting next_dagrun for duckdb_to_iceberg_bronze to None, run_after=None
[2025-11-24T09:48:07.280+0000] {processor.py:183} INFO - Processing /opt/airflow/dags/dag_three.py took 0.435 seconds
[2025-11-24T09:48:37.403+0000] {processor.py:161} INFO - Started process (PID=9507) to work on /opt/airflow/dags/dag_three.py
[2025-11-24T09:48:37.405+0000] {processor.py:830} INFO - Processing file /opt/airflow/dags/dag_three.py for tasks to queue
[2025-11-24T09:48:37.406+0000] {logging_mixin.py:188} INFO - [2025-11-24T09:48:37.406+0000] {dagbag.py:538} INFO - Filling up the DagBag from /opt/airflow/dags/dag_three.py
[2025-11-24T09:48:37.770+0000] {processor.py:840} INFO - DAG(s) 'duckdb_to_iceberg_bronze' retrieved from /opt/airflow/dags/dag_three.py
[2025-11-24T09:48:37.793+0000] {logging_mixin.py:188} INFO - [2025-11-24T09:48:37.792+0000] {dag.py:3036} INFO - Sync 1 DAGs
[2025-11-24T09:48:37.803+0000] {logging_mixin.py:188} INFO - [2025-11-24T09:48:37.802+0000] {dag.py:3823} INFO - Setting next_dagrun for duckdb_to_iceberg_bronze to None, run_after=None
[2025-11-24T09:48:37.827+0000] {processor.py:183} INFO - Processing /opt/airflow/dags/dag_three.py took 0.430 seconds
[2025-11-24T09:49:08.086+0000] {processor.py:161} INFO - Started process (PID=9593) to work on /opt/airflow/dags/dag_three.py
[2025-11-24T09:49:08.087+0000] {processor.py:830} INFO - Processing file /opt/airflow/dags/dag_three.py for tasks to queue
[2025-11-24T09:49:08.089+0000] {logging_mixin.py:188} INFO - [2025-11-24T09:49:08.088+0000] {dagbag.py:538} INFO - Filling up the DagBag from /opt/airflow/dags/dag_three.py
[2025-11-24T09:49:08.463+0000] {processor.py:840} INFO - DAG(s) 'duckdb_to_iceberg_bronze' retrieved from /opt/airflow/dags/dag_three.py
[2025-11-24T09:49:08.487+0000] {logging_mixin.py:188} INFO - [2025-11-24T09:49:08.487+0000] {dag.py:3036} INFO - Sync 1 DAGs
[2025-11-24T09:49:08.497+0000] {logging_mixin.py:188} INFO - [2025-11-24T09:49:08.497+0000] {dag.py:3823} INFO - Setting next_dagrun for duckdb_to_iceberg_bronze to None, run_after=None
[2025-11-24T09:49:08.522+0000] {processor.py:183} INFO - Processing /opt/airflow/dags/dag_three.py took 0.439 seconds
[2025-11-24T09:49:38.777+0000] {processor.py:161} INFO - Started process (PID=9679) to work on /opt/airflow/dags/dag_three.py
[2025-11-24T09:49:38.779+0000] {processor.py:830} INFO - Processing file /opt/airflow/dags/dag_three.py for tasks to queue
[2025-11-24T09:49:38.780+0000] {logging_mixin.py:188} INFO - [2025-11-24T09:49:38.780+0000] {dagbag.py:538} INFO - Filling up the DagBag from /opt/airflow/dags/dag_three.py
[2025-11-24T09:49:39.132+0000] {processor.py:840} INFO - DAG(s) 'duckdb_to_iceberg_bronze' retrieved from /opt/airflow/dags/dag_three.py
[2025-11-24T09:49:39.154+0000] {logging_mixin.py:188} INFO - [2025-11-24T09:49:39.153+0000] {dag.py:3036} INFO - Sync 1 DAGs
[2025-11-24T09:49:39.168+0000] {logging_mixin.py:188} INFO - [2025-11-24T09:49:39.167+0000] {dag.py:3823} INFO - Setting next_dagrun for duckdb_to_iceberg_bronze to None, run_after=None
[2025-11-24T09:49:39.211+0000] {processor.py:183} INFO - Processing /opt/airflow/dags/dag_three.py took 0.441 seconds
[2025-11-24T09:50:10.005+0000] {processor.py:161} INFO - Started process (PID=9765) to work on /opt/airflow/dags/dag_three.py
[2025-11-24T09:50:10.006+0000] {processor.py:830} INFO - Processing file /opt/airflow/dags/dag_three.py for tasks to queue
[2025-11-24T09:50:10.007+0000] {logging_mixin.py:188} INFO - [2025-11-24T09:50:10.007+0000] {dagbag.py:538} INFO - Filling up the DagBag from /opt/airflow/dags/dag_three.py
[2025-11-24T09:50:10.367+0000] {processor.py:840} INFO - DAG(s) 'duckdb_to_iceberg_bronze' retrieved from /opt/airflow/dags/dag_three.py
[2025-11-24T09:50:10.385+0000] {logging_mixin.py:188} INFO - [2025-11-24T09:50:10.384+0000] {dag.py:3036} INFO - Sync 1 DAGs
[2025-11-24T09:50:10.405+0000] {logging_mixin.py:188} INFO - [2025-11-24T09:50:10.404+0000] {dag.py:3823} INFO - Setting next_dagrun for duckdb_to_iceberg_bronze to None, run_after=None
[2025-11-24T09:50:10.446+0000] {processor.py:183} INFO - Processing /opt/airflow/dags/dag_three.py took 0.444 seconds
[2025-11-24T09:50:40.484+0000] {processor.py:161} INFO - Started process (PID=9851) to work on /opt/airflow/dags/dag_three.py
[2025-11-24T09:50:40.486+0000] {processor.py:830} INFO - Processing file /opt/airflow/dags/dag_three.py for tasks to queue
[2025-11-24T09:50:40.487+0000] {logging_mixin.py:188} INFO - [2025-11-24T09:50:40.487+0000] {dagbag.py:538} INFO - Filling up the DagBag from /opt/airflow/dags/dag_three.py
[2025-11-24T09:50:40.850+0000] {processor.py:840} INFO - DAG(s) 'duckdb_to_iceberg_bronze' retrieved from /opt/airflow/dags/dag_three.py
[2025-11-24T09:50:40.871+0000] {logging_mixin.py:188} INFO - [2025-11-24T09:50:40.869+0000] {dag.py:3036} INFO - Sync 1 DAGs
[2025-11-24T09:50:40.882+0000] {logging_mixin.py:188} INFO - [2025-11-24T09:50:40.881+0000] {dag.py:3823} INFO - Setting next_dagrun for duckdb_to_iceberg_bronze to None, run_after=None
[2025-11-24T09:50:40.898+0000] {processor.py:183} INFO - Processing /opt/airflow/dags/dag_three.py took 0.417 seconds
[2025-11-24T09:51:11.158+0000] {processor.py:161} INFO - Started process (PID=9937) to work on /opt/airflow/dags/dag_three.py
[2025-11-24T09:51:11.160+0000] {processor.py:830} INFO - Processing file /opt/airflow/dags/dag_three.py for tasks to queue
[2025-11-24T09:51:11.161+0000] {logging_mixin.py:188} INFO - [2025-11-24T09:51:11.161+0000] {dagbag.py:538} INFO - Filling up the DagBag from /opt/airflow/dags/dag_three.py
[2025-11-24T09:51:11.515+0000] {processor.py:840} INFO - DAG(s) 'duckdb_to_iceberg_bronze' retrieved from /opt/airflow/dags/dag_three.py
[2025-11-24T09:51:11.535+0000] {logging_mixin.py:188} INFO - [2025-11-24T09:51:11.534+0000] {dag.py:3036} INFO - Sync 1 DAGs
[2025-11-24T09:51:11.543+0000] {logging_mixin.py:188} INFO - [2025-11-24T09:51:11.543+0000] {dag.py:3823} INFO - Setting next_dagrun for duckdb_to_iceberg_bronze to None, run_after=None
[2025-11-24T09:51:11.574+0000] {processor.py:183} INFO - Processing /opt/airflow/dags/dag_three.py took 0.422 seconds
[2025-11-24T09:51:41.632+0000] {processor.py:161} INFO - Started process (PID=10023) to work on /opt/airflow/dags/dag_three.py
[2025-11-24T09:51:41.634+0000] {processor.py:830} INFO - Processing file /opt/airflow/dags/dag_three.py for tasks to queue
[2025-11-24T09:51:41.637+0000] {logging_mixin.py:188} INFO - [2025-11-24T09:51:41.636+0000] {dagbag.py:538} INFO - Filling up the DagBag from /opt/airflow/dags/dag_three.py
[2025-11-24T09:51:41.998+0000] {processor.py:840} INFO - DAG(s) 'duckdb_to_iceberg_bronze' retrieved from /opt/airflow/dags/dag_three.py
[2025-11-24T09:51:42.025+0000] {logging_mixin.py:188} INFO - [2025-11-24T09:51:42.024+0000] {dag.py:3036} INFO - Sync 1 DAGs
[2025-11-24T09:51:42.033+0000] {logging_mixin.py:188} INFO - [2025-11-24T09:51:42.033+0000] {dag.py:3823} INFO - Setting next_dagrun for duckdb_to_iceberg_bronze to None, run_after=None
[2025-11-24T09:51:42.083+0000] {processor.py:183} INFO - Processing /opt/airflow/dags/dag_three.py took 0.457 seconds
[2025-11-24T09:52:12.590+0000] {processor.py:161} INFO - Started process (PID=10109) to work on /opt/airflow/dags/dag_three.py
[2025-11-24T09:52:12.592+0000] {processor.py:830} INFO - Processing file /opt/airflow/dags/dag_three.py for tasks to queue
[2025-11-24T09:52:12.594+0000] {logging_mixin.py:188} INFO - [2025-11-24T09:52:12.593+0000] {dagbag.py:538} INFO - Filling up the DagBag from /opt/airflow/dags/dag_three.py
[2025-11-24T09:52:12.965+0000] {processor.py:840} INFO - DAG(s) 'duckdb_to_iceberg_bronze' retrieved from /opt/airflow/dags/dag_three.py
[2025-11-24T09:52:12.985+0000] {logging_mixin.py:188} INFO - [2025-11-24T09:52:12.985+0000] {dag.py:3036} INFO - Sync 1 DAGs
[2025-11-24T09:52:12.995+0000] {logging_mixin.py:188} INFO - [2025-11-24T09:52:12.995+0000] {dag.py:3823} INFO - Setting next_dagrun for duckdb_to_iceberg_bronze to None, run_after=None
[2025-11-24T09:52:13.021+0000] {processor.py:183} INFO - Processing /opt/airflow/dags/dag_three.py took 0.436 seconds
[2025-11-24T09:52:43.496+0000] {processor.py:161} INFO - Started process (PID=10195) to work on /opt/airflow/dags/dag_three.py
[2025-11-24T09:52:43.498+0000] {processor.py:830} INFO - Processing file /opt/airflow/dags/dag_three.py for tasks to queue
[2025-11-24T09:52:43.499+0000] {logging_mixin.py:188} INFO - [2025-11-24T09:52:43.498+0000] {dagbag.py:538} INFO - Filling up the DagBag from /opt/airflow/dags/dag_three.py
[2025-11-24T09:52:43.877+0000] {processor.py:840} INFO - DAG(s) 'duckdb_to_iceberg_bronze' retrieved from /opt/airflow/dags/dag_three.py
[2025-11-24T09:52:43.898+0000] {logging_mixin.py:188} INFO - [2025-11-24T09:52:43.897+0000] {dag.py:3036} INFO - Sync 1 DAGs
[2025-11-24T09:52:43.911+0000] {logging_mixin.py:188} INFO - [2025-11-24T09:52:43.911+0000] {dag.py:3823} INFO - Setting next_dagrun for duckdb_to_iceberg_bronze to None, run_after=None
[2025-11-24T09:52:43.943+0000] {processor.py:183} INFO - Processing /opt/airflow/dags/dag_three.py took 0.457 seconds
[2025-11-24T09:53:14.760+0000] {processor.py:161} INFO - Started process (PID=10278) to work on /opt/airflow/dags/dag_three.py
[2025-11-24T09:53:14.761+0000] {processor.py:830} INFO - Processing file /opt/airflow/dags/dag_three.py for tasks to queue
[2025-11-24T09:53:14.762+0000] {logging_mixin.py:188} INFO - [2025-11-24T09:53:14.762+0000] {dagbag.py:538} INFO - Filling up the DagBag from /opt/airflow/dags/dag_three.py
[2025-11-24T09:53:15.150+0000] {processor.py:840} INFO - DAG(s) 'duckdb_to_iceberg_bronze' retrieved from /opt/airflow/dags/dag_three.py
[2025-11-24T09:53:15.170+0000] {logging_mixin.py:188} INFO - [2025-11-24T09:53:15.170+0000] {dag.py:3036} INFO - Sync 1 DAGs
[2025-11-24T09:53:15.180+0000] {logging_mixin.py:188} INFO - [2025-11-24T09:53:15.180+0000] {dag.py:3823} INFO - Setting next_dagrun for duckdb_to_iceberg_bronze to None, run_after=None
[2025-11-24T09:53:15.206+0000] {processor.py:183} INFO - Processing /opt/airflow/dags/dag_three.py took 0.449 seconds
[2025-11-24T09:53:45.433+0000] {processor.py:161} INFO - Started process (PID=10343) to work on /opt/airflow/dags/dag_three.py
[2025-11-24T09:53:45.435+0000] {processor.py:830} INFO - Processing file /opt/airflow/dags/dag_three.py for tasks to queue
[2025-11-24T09:53:45.437+0000] {logging_mixin.py:188} INFO - [2025-11-24T09:53:45.436+0000] {dagbag.py:538} INFO - Filling up the DagBag from /opt/airflow/dags/dag_three.py
[2025-11-24T09:53:45.812+0000] {processor.py:840} INFO - DAG(s) 'duckdb_to_iceberg_bronze' retrieved from /opt/airflow/dags/dag_three.py
[2025-11-24T09:53:45.836+0000] {logging_mixin.py:188} INFO - [2025-11-24T09:53:45.835+0000] {dag.py:3036} INFO - Sync 1 DAGs
[2025-11-24T09:53:45.846+0000] {logging_mixin.py:188} INFO - [2025-11-24T09:53:45.845+0000] {dag.py:3823} INFO - Setting next_dagrun for duckdb_to_iceberg_bronze to None, run_after=None
[2025-11-24T09:53:45.878+0000] {processor.py:183} INFO - Processing /opt/airflow/dags/dag_three.py took 0.451 seconds
[2025-11-24T09:54:16.054+0000] {processor.py:161} INFO - Started process (PID=10429) to work on /opt/airflow/dags/dag_three.py
[2025-11-24T09:54:16.056+0000] {processor.py:830} INFO - Processing file /opt/airflow/dags/dag_three.py for tasks to queue
[2025-11-24T09:54:16.059+0000] {logging_mixin.py:188} INFO - [2025-11-24T09:54:16.058+0000] {dagbag.py:538} INFO - Filling up the DagBag from /opt/airflow/dags/dag_three.py
[2025-11-24T09:54:16.434+0000] {processor.py:840} INFO - DAG(s) 'duckdb_to_iceberg_bronze' retrieved from /opt/airflow/dags/dag_three.py
[2025-11-24T09:54:16.454+0000] {logging_mixin.py:188} INFO - [2025-11-24T09:54:16.454+0000] {dag.py:3036} INFO - Sync 1 DAGs
[2025-11-24T09:54:16.463+0000] {logging_mixin.py:188} INFO - [2025-11-24T09:54:16.463+0000] {dag.py:3823} INFO - Setting next_dagrun for duckdb_to_iceberg_bronze to None, run_after=None
[2025-11-24T09:54:16.490+0000] {processor.py:183} INFO - Processing /opt/airflow/dags/dag_three.py took 0.442 seconds
[2025-11-24T09:54:47.008+0000] {processor.py:161} INFO - Started process (PID=10515) to work on /opt/airflow/dags/dag_three.py
[2025-11-24T09:54:47.009+0000] {processor.py:830} INFO - Processing file /opt/airflow/dags/dag_three.py for tasks to queue
[2025-11-24T09:54:47.010+0000] {logging_mixin.py:188} INFO - [2025-11-24T09:54:47.010+0000] {dagbag.py:538} INFO - Filling up the DagBag from /opt/airflow/dags/dag_three.py
[2025-11-24T09:54:47.367+0000] {processor.py:840} INFO - DAG(s) 'duckdb_to_iceberg_bronze' retrieved from /opt/airflow/dags/dag_three.py
[2025-11-24T09:54:47.392+0000] {logging_mixin.py:188} INFO - [2025-11-24T09:54:47.392+0000] {dag.py:3036} INFO - Sync 1 DAGs
[2025-11-24T09:54:47.404+0000] {logging_mixin.py:188} INFO - [2025-11-24T09:54:47.403+0000] {dag.py:3823} INFO - Setting next_dagrun for duckdb_to_iceberg_bronze to None, run_after=None
[2025-11-24T09:54:47.443+0000] {processor.py:183} INFO - Processing /opt/airflow/dags/dag_three.py took 0.440 seconds
[2025-11-24T09:55:17.735+0000] {processor.py:161} INFO - Started process (PID=10601) to work on /opt/airflow/dags/dag_three.py
[2025-11-24T09:55:17.737+0000] {processor.py:830} INFO - Processing file /opt/airflow/dags/dag_three.py for tasks to queue
[2025-11-24T09:55:17.739+0000] {logging_mixin.py:188} INFO - [2025-11-24T09:55:17.738+0000] {dagbag.py:538} INFO - Filling up the DagBag from /opt/airflow/dags/dag_three.py
[2025-11-24T09:55:18.240+0000] {processor.py:840} INFO - DAG(s) 'duckdb_to_iceberg_bronze' retrieved from /opt/airflow/dags/dag_three.py
[2025-11-24T09:55:18.265+0000] {logging_mixin.py:188} INFO - [2025-11-24T09:55:18.265+0000] {dag.py:3036} INFO - Sync 1 DAGs
[2025-11-24T09:55:18.285+0000] {logging_mixin.py:188} INFO - [2025-11-24T09:55:18.284+0000] {dag.py:3823} INFO - Setting next_dagrun for duckdb_to_iceberg_bronze to None, run_after=None
[2025-11-24T09:55:18.324+0000] {processor.py:183} INFO - Processing /opt/airflow/dags/dag_three.py took 0.594 seconds
[2025-11-24T09:55:48.422+0000] {processor.py:161} INFO - Started process (PID=10687) to work on /opt/airflow/dags/dag_three.py
[2025-11-24T09:55:48.423+0000] {processor.py:830} INFO - Processing file /opt/airflow/dags/dag_three.py for tasks to queue
[2025-11-24T09:55:48.424+0000] {logging_mixin.py:188} INFO - [2025-11-24T09:55:48.424+0000] {dagbag.py:538} INFO - Filling up the DagBag from /opt/airflow/dags/dag_three.py
[2025-11-24T09:55:48.778+0000] {processor.py:840} INFO - DAG(s) 'duckdb_to_iceberg_bronze' retrieved from /opt/airflow/dags/dag_three.py
[2025-11-24T09:55:48.798+0000] {logging_mixin.py:188} INFO - [2025-11-24T09:55:48.798+0000] {dag.py:3036} INFO - Sync 1 DAGs
[2025-11-24T09:55:48.808+0000] {logging_mixin.py:188} INFO - [2025-11-24T09:55:48.808+0000] {dag.py:3823} INFO - Setting next_dagrun for duckdb_to_iceberg_bronze to None, run_after=None
[2025-11-24T09:55:48.834+0000] {processor.py:183} INFO - Processing /opt/airflow/dags/dag_three.py took 0.416 seconds
[2025-11-24T09:56:18.997+0000] {processor.py:161} INFO - Started process (PID=10773) to work on /opt/airflow/dags/dag_three.py
[2025-11-24T09:56:18.998+0000] {processor.py:830} INFO - Processing file /opt/airflow/dags/dag_three.py for tasks to queue
[2025-11-24T09:56:19.000+0000] {logging_mixin.py:188} INFO - [2025-11-24T09:56:18.999+0000] {dagbag.py:538} INFO - Filling up the DagBag from /opt/airflow/dags/dag_three.py
[2025-11-24T09:56:19.352+0000] {processor.py:840} INFO - DAG(s) 'duckdb_to_iceberg_bronze' retrieved from /opt/airflow/dags/dag_three.py
[2025-11-24T09:56:19.372+0000] {logging_mixin.py:188} INFO - [2025-11-24T09:56:19.372+0000] {dag.py:3036} INFO - Sync 1 DAGs
[2025-11-24T09:56:19.388+0000] {logging_mixin.py:188} INFO - [2025-11-24T09:56:19.388+0000] {dag.py:3823} INFO - Setting next_dagrun for duckdb_to_iceberg_bronze to None, run_after=None
[2025-11-24T09:56:19.435+0000] {processor.py:183} INFO - Processing /opt/airflow/dags/dag_three.py took 0.443 seconds
[2025-11-24T09:56:49.500+0000] {processor.py:161} INFO - Started process (PID=10859) to work on /opt/airflow/dags/dag_three.py
[2025-11-24T09:56:49.501+0000] {processor.py:830} INFO - Processing file /opt/airflow/dags/dag_three.py for tasks to queue
[2025-11-24T09:56:49.504+0000] {logging_mixin.py:188} INFO - [2025-11-24T09:56:49.503+0000] {dagbag.py:538} INFO - Filling up the DagBag from /opt/airflow/dags/dag_three.py
[2025-11-24T09:56:49.903+0000] {processor.py:840} INFO - DAG(s) 'duckdb_to_iceberg_bronze' retrieved from /opt/airflow/dags/dag_three.py
[2025-11-24T09:56:49.928+0000] {logging_mixin.py:188} INFO - [2025-11-24T09:56:49.928+0000] {dag.py:3036} INFO - Sync 1 DAGs
[2025-11-24T09:56:49.936+0000] {logging_mixin.py:188} INFO - [2025-11-24T09:56:49.936+0000] {dag.py:3823} INFO - Setting next_dagrun for duckdb_to_iceberg_bronze to None, run_after=None
[2025-11-24T09:56:49.970+0000] {processor.py:183} INFO - Processing /opt/airflow/dags/dag_three.py took 0.476 seconds
[2025-11-24T09:57:20.309+0000] {processor.py:161} INFO - Started process (PID=10945) to work on /opt/airflow/dags/dag_three.py
[2025-11-24T09:57:20.311+0000] {processor.py:830} INFO - Processing file /opt/airflow/dags/dag_three.py for tasks to queue
[2025-11-24T09:57:20.313+0000] {logging_mixin.py:188} INFO - [2025-11-24T09:57:20.312+0000] {dagbag.py:538} INFO - Filling up the DagBag from /opt/airflow/dags/dag_three.py
[2025-11-24T09:57:20.702+0000] {processor.py:840} INFO - DAG(s) 'duckdb_to_iceberg_bronze' retrieved from /opt/airflow/dags/dag_three.py
[2025-11-24T09:57:20.722+0000] {logging_mixin.py:188} INFO - [2025-11-24T09:57:20.722+0000] {dag.py:3036} INFO - Sync 1 DAGs
[2025-11-24T09:57:20.731+0000] {logging_mixin.py:188} INFO - [2025-11-24T09:57:20.731+0000] {dag.py:3823} INFO - Setting next_dagrun for duckdb_to_iceberg_bronze to None, run_after=None
[2025-11-24T09:57:20.758+0000] {processor.py:183} INFO - Processing /opt/airflow/dags/dag_three.py took 0.455 seconds
[2025-11-24T09:57:51.056+0000] {processor.py:161} INFO - Started process (PID=11031) to work on /opt/airflow/dags/dag_three.py
[2025-11-24T09:57:51.058+0000] {processor.py:830} INFO - Processing file /opt/airflow/dags/dag_three.py for tasks to queue
[2025-11-24T09:57:51.059+0000] {logging_mixin.py:188} INFO - [2025-11-24T09:57:51.059+0000] {dagbag.py:538} INFO - Filling up the DagBag from /opt/airflow/dags/dag_three.py
[2025-11-24T09:57:51.403+0000] {processor.py:840} INFO - DAG(s) 'duckdb_to_iceberg_bronze' retrieved from /opt/airflow/dags/dag_three.py
[2025-11-24T09:57:51.424+0000] {logging_mixin.py:188} INFO - [2025-11-24T09:57:51.424+0000] {dag.py:3036} INFO - Sync 1 DAGs
[2025-11-24T09:57:51.433+0000] {logging_mixin.py:188} INFO - [2025-11-24T09:57:51.432+0000] {dag.py:3823} INFO - Setting next_dagrun for duckdb_to_iceberg_bronze to None, run_after=None
[2025-11-24T09:57:51.457+0000] {processor.py:183} INFO - Processing /opt/airflow/dags/dag_three.py took 0.407 seconds
[2025-11-24T09:58:21.532+0000] {processor.py:161} INFO - Started process (PID=11117) to work on /opt/airflow/dags/dag_three.py
[2025-11-24T09:58:21.534+0000] {processor.py:830} INFO - Processing file /opt/airflow/dags/dag_three.py for tasks to queue
[2025-11-24T09:58:21.535+0000] {logging_mixin.py:188} INFO - [2025-11-24T09:58:21.534+0000] {dagbag.py:538} INFO - Filling up the DagBag from /opt/airflow/dags/dag_three.py
[2025-11-24T09:58:21.880+0000] {processor.py:840} INFO - DAG(s) 'duckdb_to_iceberg_bronze' retrieved from /opt/airflow/dags/dag_three.py
[2025-11-24T09:58:21.900+0000] {logging_mixin.py:188} INFO - [2025-11-24T09:58:21.899+0000] {dag.py:3036} INFO - Sync 1 DAGs
[2025-11-24T09:58:21.908+0000] {logging_mixin.py:188} INFO - [2025-11-24T09:58:21.907+0000] {dag.py:3823} INFO - Setting next_dagrun for duckdb_to_iceberg_bronze to None, run_after=None
[2025-11-24T09:58:21.934+0000] {processor.py:183} INFO - Processing /opt/airflow/dags/dag_three.py took 0.408 seconds
[2025-11-24T09:58:52.025+0000] {processor.py:161} INFO - Started process (PID=11203) to work on /opt/airflow/dags/dag_three.py
[2025-11-24T09:58:52.027+0000] {processor.py:830} INFO - Processing file /opt/airflow/dags/dag_three.py for tasks to queue
[2025-11-24T09:58:52.028+0000] {logging_mixin.py:188} INFO - [2025-11-24T09:58:52.028+0000] {dagbag.py:538} INFO - Filling up the DagBag from /opt/airflow/dags/dag_three.py
[2025-11-24T09:58:52.374+0000] {processor.py:840} INFO - DAG(s) 'duckdb_to_iceberg_bronze' retrieved from /opt/airflow/dags/dag_three.py
[2025-11-24T09:58:52.396+0000] {logging_mixin.py:188} INFO - [2025-11-24T09:58:52.395+0000] {dag.py:3036} INFO - Sync 1 DAGs
[2025-11-24T09:58:52.411+0000] {logging_mixin.py:188} INFO - [2025-11-24T09:58:52.411+0000] {dag.py:3823} INFO - Setting next_dagrun for duckdb_to_iceberg_bronze to None, run_after=None
[2025-11-24T09:58:52.444+0000] {processor.py:183} INFO - Processing /opt/airflow/dags/dag_three.py took 0.425 seconds
[2025-11-24T09:59:22.523+0000] {processor.py:161} INFO - Started process (PID=11289) to work on /opt/airflow/dags/dag_three.py
[2025-11-24T09:59:22.524+0000] {processor.py:830} INFO - Processing file /opt/airflow/dags/dag_three.py for tasks to queue
[2025-11-24T09:59:22.525+0000] {logging_mixin.py:188} INFO - [2025-11-24T09:59:22.525+0000] {dagbag.py:538} INFO - Filling up the DagBag from /opt/airflow/dags/dag_three.py
[2025-11-24T09:59:22.862+0000] {processor.py:840} INFO - DAG(s) 'duckdb_to_iceberg_bronze' retrieved from /opt/airflow/dags/dag_three.py
[2025-11-24T09:59:22.888+0000] {logging_mixin.py:188} INFO - [2025-11-24T09:59:22.887+0000] {dag.py:3036} INFO - Sync 1 DAGs
[2025-11-24T09:59:22.904+0000] {logging_mixin.py:188} INFO - [2025-11-24T09:59:22.904+0000] {dag.py:3823} INFO - Setting next_dagrun for duckdb_to_iceberg_bronze to None, run_after=None
[2025-11-24T09:59:22.919+0000] {processor.py:183} INFO - Processing /opt/airflow/dags/dag_three.py took 0.402 seconds
[2025-11-24T09:59:53.447+0000] {processor.py:161} INFO - Started process (PID=11375) to work on /opt/airflow/dags/dag_three.py
[2025-11-24T09:59:53.448+0000] {processor.py:830} INFO - Processing file /opt/airflow/dags/dag_three.py for tasks to queue
[2025-11-24T09:59:53.449+0000] {logging_mixin.py:188} INFO - [2025-11-24T09:59:53.449+0000] {dagbag.py:538} INFO - Filling up the DagBag from /opt/airflow/dags/dag_three.py
[2025-11-24T09:59:53.837+0000] {processor.py:840} INFO - DAG(s) 'duckdb_to_iceberg_bronze' retrieved from /opt/airflow/dags/dag_three.py
[2025-11-24T09:59:53.856+0000] {logging_mixin.py:188} INFO - [2025-11-24T09:59:53.855+0000] {dag.py:3036} INFO - Sync 1 DAGs
[2025-11-24T09:59:53.866+0000] {logging_mixin.py:188} INFO - [2025-11-24T09:59:53.866+0000] {dag.py:3823} INFO - Setting next_dagrun for duckdb_to_iceberg_bronze to None, run_after=None
[2025-11-24T09:59:53.903+0000] {processor.py:183} INFO - Processing /opt/airflow/dags/dag_three.py took 0.461 seconds
[2025-11-24T10:00:24.289+0000] {processor.py:161} INFO - Started process (PID=11461) to work on /opt/airflow/dags/dag_three.py
[2025-11-24T10:00:24.291+0000] {processor.py:830} INFO - Processing file /opt/airflow/dags/dag_three.py for tasks to queue
[2025-11-24T10:00:24.293+0000] {logging_mixin.py:188} INFO - [2025-11-24T10:00:24.292+0000] {dagbag.py:538} INFO - Filling up the DagBag from /opt/airflow/dags/dag_three.py
[2025-11-24T10:00:24.654+0000] {processor.py:840} INFO - DAG(s) 'duckdb_to_iceberg_bronze' retrieved from /opt/airflow/dags/dag_three.py
[2025-11-24T10:00:24.685+0000] {logging_mixin.py:188} INFO - [2025-11-24T10:00:24.684+0000] {dag.py:3036} INFO - Sync 1 DAGs
[2025-11-24T10:00:24.710+0000] {logging_mixin.py:188} INFO - [2025-11-24T10:00:24.710+0000] {dag.py:3823} INFO - Setting next_dagrun for duckdb_to_iceberg_bronze to None, run_after=None
[2025-11-24T10:00:24.738+0000] {processor.py:183} INFO - Processing /opt/airflow/dags/dag_three.py took 0.454 seconds
[2025-11-24T10:00:54.835+0000] {processor.py:161} INFO - Started process (PID=11544) to work on /opt/airflow/dags/dag_three.py
[2025-11-24T10:00:54.835+0000] {processor.py:830} INFO - Processing file /opt/airflow/dags/dag_three.py for tasks to queue
[2025-11-24T10:00:54.836+0000] {logging_mixin.py:188} INFO - [2025-11-24T10:00:54.836+0000] {dagbag.py:538} INFO - Filling up the DagBag from /opt/airflow/dags/dag_three.py
[2025-11-24T10:00:55.246+0000] {processor.py:840} INFO - DAG(s) 'duckdb_to_iceberg_bronze' retrieved from /opt/airflow/dags/dag_three.py
[2025-11-24T10:00:55.269+0000] {logging_mixin.py:188} INFO - [2025-11-24T10:00:55.269+0000] {dag.py:3036} INFO - Sync 1 DAGs
[2025-11-24T10:00:55.279+0000] {logging_mixin.py:188} INFO - [2025-11-24T10:00:55.279+0000] {dag.py:3823} INFO - Setting next_dagrun for duckdb_to_iceberg_bronze to None, run_after=None
[2025-11-24T10:00:55.303+0000] {processor.py:183} INFO - Processing /opt/airflow/dags/dag_three.py took 0.472 seconds
[2025-11-24T10:01:25.729+0000] {processor.py:161} INFO - Started process (PID=11609) to work on /opt/airflow/dags/dag_three.py
[2025-11-24T10:01:25.731+0000] {processor.py:830} INFO - Processing file /opt/airflow/dags/dag_three.py for tasks to queue
[2025-11-24T10:01:25.735+0000] {logging_mixin.py:188} INFO - [2025-11-24T10:01:25.733+0000] {dagbag.py:538} INFO - Filling up the DagBag from /opt/airflow/dags/dag_three.py
[2025-11-24T10:01:26.131+0000] {processor.py:840} INFO - DAG(s) 'duckdb_to_iceberg_bronze' retrieved from /opt/airflow/dags/dag_three.py
[2025-11-24T10:01:26.150+0000] {logging_mixin.py:188} INFO - [2025-11-24T10:01:26.150+0000] {dag.py:3036} INFO - Sync 1 DAGs
[2025-11-24T10:01:26.163+0000] {logging_mixin.py:188} INFO - [2025-11-24T10:01:26.162+0000] {dag.py:3823} INFO - Setting next_dagrun for duckdb_to_iceberg_bronze to None, run_after=None
[2025-11-24T10:01:26.195+0000] {processor.py:183} INFO - Processing /opt/airflow/dags/dag_three.py took 0.472 seconds
[2025-11-24T10:01:56.493+0000] {processor.py:161} INFO - Started process (PID=11695) to work on /opt/airflow/dags/dag_three.py
[2025-11-24T10:01:56.494+0000] {processor.py:830} INFO - Processing file /opt/airflow/dags/dag_three.py for tasks to queue
[2025-11-24T10:01:56.495+0000] {logging_mixin.py:188} INFO - [2025-11-24T10:01:56.495+0000] {dagbag.py:538} INFO - Filling up the DagBag from /opt/airflow/dags/dag_three.py
[2025-11-24T10:01:56.881+0000] {processor.py:840} INFO - DAG(s) 'duckdb_to_iceberg_bronze' retrieved from /opt/airflow/dags/dag_three.py
[2025-11-24T10:01:56.907+0000] {logging_mixin.py:188} INFO - [2025-11-24T10:01:56.906+0000] {dag.py:3036} INFO - Sync 1 DAGs
[2025-11-24T10:01:56.919+0000] {logging_mixin.py:188} INFO - [2025-11-24T10:01:56.919+0000] {dag.py:3823} INFO - Setting next_dagrun for duckdb_to_iceberg_bronze to None, run_after=None
[2025-11-24T10:01:56.935+0000] {processor.py:183} INFO - Processing /opt/airflow/dags/dag_three.py took 0.448 seconds
[2025-11-24T10:02:27.427+0000] {processor.py:161} INFO - Started process (PID=11781) to work on /opt/airflow/dags/dag_three.py
[2025-11-24T10:02:27.428+0000] {processor.py:830} INFO - Processing file /opt/airflow/dags/dag_three.py for tasks to queue
[2025-11-24T10:02:27.430+0000] {logging_mixin.py:188} INFO - [2025-11-24T10:02:27.429+0000] {dagbag.py:538} INFO - Filling up the DagBag from /opt/airflow/dags/dag_three.py
[2025-11-24T10:02:27.772+0000] {processor.py:840} INFO - DAG(s) 'duckdb_to_iceberg_bronze' retrieved from /opt/airflow/dags/dag_three.py
[2025-11-24T10:02:27.792+0000] {logging_mixin.py:188} INFO - [2025-11-24T10:02:27.792+0000] {dag.py:3036} INFO - Sync 1 DAGs
[2025-11-24T10:02:27.800+0000] {logging_mixin.py:188} INFO - [2025-11-24T10:02:27.800+0000] {dag.py:3823} INFO - Setting next_dagrun for duckdb_to_iceberg_bronze to None, run_after=None
[2025-11-24T10:02:27.815+0000] {processor.py:183} INFO - Processing /opt/airflow/dags/dag_three.py took 0.392 seconds
[2025-11-24T10:02:57.967+0000] {processor.py:161} INFO - Started process (PID=11867) to work on /opt/airflow/dags/dag_three.py
[2025-11-24T10:02:57.969+0000] {processor.py:830} INFO - Processing file /opt/airflow/dags/dag_three.py for tasks to queue
[2025-11-24T10:02:57.971+0000] {logging_mixin.py:188} INFO - [2025-11-24T10:02:57.970+0000] {dagbag.py:538} INFO - Filling up the DagBag from /opt/airflow/dags/dag_three.py
[2025-11-24T10:02:58.336+0000] {processor.py:840} INFO - DAG(s) 'duckdb_to_iceberg_bronze' retrieved from /opt/airflow/dags/dag_three.py
[2025-11-24T10:02:58.360+0000] {logging_mixin.py:188} INFO - [2025-11-24T10:02:58.359+0000] {dag.py:3036} INFO - Sync 1 DAGs
[2025-11-24T10:02:58.368+0000] {logging_mixin.py:188} INFO - [2025-11-24T10:02:58.368+0000] {dag.py:3823} INFO - Setting next_dagrun for duckdb_to_iceberg_bronze to None, run_after=None
[2025-11-24T10:02:58.392+0000] {processor.py:183} INFO - Processing /opt/airflow/dags/dag_three.py took 0.430 seconds
[2025-11-24T10:03:28.477+0000] {processor.py:161} INFO - Started process (PID=11953) to work on /opt/airflow/dags/dag_three.py
[2025-11-24T10:03:28.478+0000] {processor.py:830} INFO - Processing file /opt/airflow/dags/dag_three.py for tasks to queue
[2025-11-24T10:03:28.480+0000] {logging_mixin.py:188} INFO - [2025-11-24T10:03:28.479+0000] {dagbag.py:538} INFO - Filling up the DagBag from /opt/airflow/dags/dag_three.py
[2025-11-24T10:03:28.830+0000] {processor.py:840} INFO - DAG(s) 'duckdb_to_iceberg_bronze' retrieved from /opt/airflow/dags/dag_three.py
[2025-11-24T10:03:28.849+0000] {logging_mixin.py:188} INFO - [2025-11-24T10:03:28.849+0000] {dag.py:3036} INFO - Sync 1 DAGs
[2025-11-24T10:03:28.861+0000] {logging_mixin.py:188} INFO - [2025-11-24T10:03:28.860+0000] {dag.py:3823} INFO - Setting next_dagrun for duckdb_to_iceberg_bronze to None, run_after=None
[2025-11-24T10:03:28.882+0000] {processor.py:183} INFO - Processing /opt/airflow/dags/dag_three.py took 0.411 seconds
[2025-11-24T10:03:59.185+0000] {processor.py:161} INFO - Started process (PID=12039) to work on /opt/airflow/dags/dag_three.py
[2025-11-24T10:03:59.186+0000] {processor.py:830} INFO - Processing file /opt/airflow/dags/dag_three.py for tasks to queue
[2025-11-24T10:03:59.188+0000] {logging_mixin.py:188} INFO - [2025-11-24T10:03:59.187+0000] {dagbag.py:538} INFO - Filling up the DagBag from /opt/airflow/dags/dag_three.py
[2025-11-24T10:03:59.532+0000] {processor.py:840} INFO - DAG(s) 'duckdb_to_iceberg_bronze' retrieved from /opt/airflow/dags/dag_three.py
[2025-11-24T10:03:59.553+0000] {logging_mixin.py:188} INFO - [2025-11-24T10:03:59.553+0000] {dag.py:3036} INFO - Sync 1 DAGs
[2025-11-24T10:03:59.561+0000] {logging_mixin.py:188} INFO - [2025-11-24T10:03:59.561+0000] {dag.py:3823} INFO - Setting next_dagrun for duckdb_to_iceberg_bronze to None, run_after=None
[2025-11-24T10:03:59.588+0000] {processor.py:183} INFO - Processing /opt/airflow/dags/dag_three.py took 0.409 seconds
[2025-11-24T10:04:29.758+0000] {processor.py:161} INFO - Started process (PID=12125) to work on /opt/airflow/dags/dag_three.py
[2025-11-24T10:04:29.760+0000] {processor.py:830} INFO - Processing file /opt/airflow/dags/dag_three.py for tasks to queue
[2025-11-24T10:04:29.762+0000] {logging_mixin.py:188} INFO - [2025-11-24T10:04:29.761+0000] {dagbag.py:538} INFO - Filling up the DagBag from /opt/airflow/dags/dag_three.py
[2025-11-24T10:04:30.125+0000] {processor.py:840} INFO - DAG(s) 'duckdb_to_iceberg_bronze' retrieved from /opt/airflow/dags/dag_three.py
[2025-11-24T10:04:30.149+0000] {logging_mixin.py:188} INFO - [2025-11-24T10:04:30.147+0000] {dag.py:3036} INFO - Sync 1 DAGs
[2025-11-24T10:04:30.158+0000] {logging_mixin.py:188} INFO - [2025-11-24T10:04:30.157+0000] {dag.py:3823} INFO - Setting next_dagrun for duckdb_to_iceberg_bronze to None, run_after=None
[2025-11-24T10:04:30.183+0000] {processor.py:183} INFO - Processing /opt/airflow/dags/dag_three.py took 0.431 seconds
[2025-11-24T10:05:00.375+0000] {processor.py:161} INFO - Started process (PID=12211) to work on /opt/airflow/dags/dag_three.py
[2025-11-24T10:05:00.377+0000] {processor.py:830} INFO - Processing file /opt/airflow/dags/dag_three.py for tasks to queue
[2025-11-24T10:05:00.378+0000] {logging_mixin.py:188} INFO - [2025-11-24T10:05:00.378+0000] {dagbag.py:538} INFO - Filling up the DagBag from /opt/airflow/dags/dag_three.py
[2025-11-24T10:05:00.739+0000] {processor.py:840} INFO - DAG(s) 'duckdb_to_iceberg_bronze' retrieved from /opt/airflow/dags/dag_three.py
[2025-11-24T10:05:00.758+0000] {logging_mixin.py:188} INFO - [2025-11-24T10:05:00.758+0000] {dag.py:3036} INFO - Sync 1 DAGs
[2025-11-24T10:05:00.767+0000] {logging_mixin.py:188} INFO - [2025-11-24T10:05:00.767+0000] {dag.py:3823} INFO - Setting next_dagrun for duckdb_to_iceberg_bronze to None, run_after=None
[2025-11-24T10:05:00.787+0000] {processor.py:183} INFO - Processing /opt/airflow/dags/dag_three.py took 0.418 seconds
[2025-11-24T10:05:31.040+0000] {processor.py:161} INFO - Started process (PID=12297) to work on /opt/airflow/dags/dag_three.py
[2025-11-24T10:05:31.041+0000] {processor.py:830} INFO - Processing file /opt/airflow/dags/dag_three.py for tasks to queue
[2025-11-24T10:05:31.044+0000] {logging_mixin.py:188} INFO - [2025-11-24T10:05:31.043+0000] {dagbag.py:538} INFO - Filling up the DagBag from /opt/airflow/dags/dag_three.py
[2025-11-24T10:05:31.400+0000] {processor.py:840} INFO - DAG(s) 'duckdb_to_iceberg_bronze' retrieved from /opt/airflow/dags/dag_three.py
[2025-11-24T10:05:31.421+0000] {logging_mixin.py:188} INFO - [2025-11-24T10:05:31.420+0000] {dag.py:3036} INFO - Sync 1 DAGs
[2025-11-24T10:05:31.430+0000] {logging_mixin.py:188} INFO - [2025-11-24T10:05:31.429+0000] {dag.py:3823} INFO - Setting next_dagrun for duckdb_to_iceberg_bronze to None, run_after=None
[2025-11-24T10:05:31.453+0000] {processor.py:183} INFO - Processing /opt/airflow/dags/dag_three.py took 0.419 seconds
[2025-11-24T10:06:02.190+0000] {processor.py:161} INFO - Started process (PID=12383) to work on /opt/airflow/dags/dag_three.py
[2025-11-24T10:06:02.191+0000] {processor.py:830} INFO - Processing file /opt/airflow/dags/dag_three.py for tasks to queue
[2025-11-24T10:06:02.192+0000] {logging_mixin.py:188} INFO - [2025-11-24T10:06:02.192+0000] {dagbag.py:538} INFO - Filling up the DagBag from /opt/airflow/dags/dag_three.py
[2025-11-24T10:06:02.534+0000] {processor.py:840} INFO - DAG(s) 'duckdb_to_iceberg_bronze' retrieved from /opt/airflow/dags/dag_three.py
[2025-11-24T10:06:02.555+0000] {logging_mixin.py:188} INFO - [2025-11-24T10:06:02.555+0000] {dag.py:3036} INFO - Sync 1 DAGs
[2025-11-24T10:06:02.563+0000] {logging_mixin.py:188} INFO - [2025-11-24T10:06:02.563+0000] {dag.py:3823} INFO - Setting next_dagrun for duckdb_to_iceberg_bronze to None, run_after=None
[2025-11-24T10:06:02.577+0000] {processor.py:183} INFO - Processing /opt/airflow/dags/dag_three.py took 0.393 seconds
[2025-11-24T10:06:32.971+0000] {processor.py:161} INFO - Started process (PID=12469) to work on /opt/airflow/dags/dag_three.py
[2025-11-24T10:06:32.973+0000] {processor.py:830} INFO - Processing file /opt/airflow/dags/dag_three.py for tasks to queue
[2025-11-24T10:06:32.974+0000] {logging_mixin.py:188} INFO - [2025-11-24T10:06:32.974+0000] {dagbag.py:538} INFO - Filling up the DagBag from /opt/airflow/dags/dag_three.py
[2025-11-24T10:06:33.312+0000] {processor.py:840} INFO - DAG(s) 'duckdb_to_iceberg_bronze' retrieved from /opt/airflow/dags/dag_three.py
[2025-11-24T10:06:33.330+0000] {logging_mixin.py:188} INFO - [2025-11-24T10:06:33.330+0000] {dag.py:3036} INFO - Sync 1 DAGs
[2025-11-24T10:06:33.339+0000] {logging_mixin.py:188} INFO - [2025-11-24T10:06:33.339+0000] {dag.py:3823} INFO - Setting next_dagrun for duckdb_to_iceberg_bronze to None, run_after=None
[2025-11-24T10:06:33.368+0000] {processor.py:183} INFO - Processing /opt/airflow/dags/dag_three.py took 0.402 seconds
[2025-11-24T10:07:03.611+0000] {processor.py:161} INFO - Started process (PID=12555) to work on /opt/airflow/dags/dag_three.py
[2025-11-24T10:07:03.613+0000] {processor.py:830} INFO - Processing file /opt/airflow/dags/dag_three.py for tasks to queue
[2025-11-24T10:07:03.613+0000] {logging_mixin.py:188} INFO - [2025-11-24T10:07:03.613+0000] {dagbag.py:538} INFO - Filling up the DagBag from /opt/airflow/dags/dag_three.py
[2025-11-24T10:07:03.966+0000] {processor.py:840} INFO - DAG(s) 'duckdb_to_iceberg_bronze' retrieved from /opt/airflow/dags/dag_three.py
[2025-11-24T10:07:03.991+0000] {logging_mixin.py:188} INFO - [2025-11-24T10:07:03.990+0000] {dag.py:3036} INFO - Sync 1 DAGs
[2025-11-24T10:07:03.998+0000] {logging_mixin.py:188} INFO - [2025-11-24T10:07:03.998+0000] {dag.py:3823} INFO - Setting next_dagrun for duckdb_to_iceberg_bronze to None, run_after=None
[2025-11-24T10:07:04.021+0000] {processor.py:183} INFO - Processing /opt/airflow/dags/dag_three.py took 0.415 seconds
[2025-11-24T10:07:34.200+0000] {processor.py:161} INFO - Started process (PID=12641) to work on /opt/airflow/dags/dag_three.py
[2025-11-24T10:07:34.202+0000] {processor.py:830} INFO - Processing file /opt/airflow/dags/dag_three.py for tasks to queue
[2025-11-24T10:07:34.203+0000] {logging_mixin.py:188} INFO - [2025-11-24T10:07:34.203+0000] {dagbag.py:538} INFO - Filling up the DagBag from /opt/airflow/dags/dag_three.py
[2025-11-24T10:07:34.545+0000] {processor.py:840} INFO - DAG(s) 'duckdb_to_iceberg_bronze' retrieved from /opt/airflow/dags/dag_three.py
[2025-11-24T10:07:34.578+0000] {logging_mixin.py:188} INFO - [2025-11-24T10:07:34.577+0000] {dag.py:3036} INFO - Sync 1 DAGs
[2025-11-24T10:07:34.594+0000] {logging_mixin.py:188} INFO - [2025-11-24T10:07:34.593+0000] {dag.py:3823} INFO - Setting next_dagrun for duckdb_to_iceberg_bronze to None, run_after=None
[2025-11-24T10:07:34.611+0000] {processor.py:183} INFO - Processing /opt/airflow/dags/dag_three.py took 0.416 seconds
[2025-11-24T10:08:04.991+0000] {processor.py:161} INFO - Started process (PID=12727) to work on /opt/airflow/dags/dag_three.py
[2025-11-24T10:08:04.992+0000] {processor.py:830} INFO - Processing file /opt/airflow/dags/dag_three.py for tasks to queue
[2025-11-24T10:08:04.993+0000] {logging_mixin.py:188} INFO - [2025-11-24T10:08:04.993+0000] {dagbag.py:538} INFO - Filling up the DagBag from /opt/airflow/dags/dag_three.py
[2025-11-24T10:08:05.267+0000] {processor.py:840} INFO - DAG(s) 'duckdb_to_iceberg_bronze' retrieved from /opt/airflow/dags/dag_three.py
[2025-11-24T10:08:05.293+0000] {logging_mixin.py:188} INFO - [2025-11-24T10:08:05.293+0000] {dag.py:3036} INFO - Sync 1 DAGs
[2025-11-24T10:08:05.303+0000] {logging_mixin.py:188} INFO - [2025-11-24T10:08:05.303+0000] {dag.py:3823} INFO - Setting next_dagrun for duckdb_to_iceberg_bronze to None, run_after=None
[2025-11-24T10:08:05.328+0000] {processor.py:183} INFO - Processing /opt/airflow/dags/dag_three.py took 0.340 seconds
[2025-11-24T10:08:35.634+0000] {processor.py:161} INFO - Started process (PID=12813) to work on /opt/airflow/dags/dag_three.py
[2025-11-24T10:08:35.636+0000] {processor.py:830} INFO - Processing file /opt/airflow/dags/dag_three.py for tasks to queue
[2025-11-24T10:08:35.637+0000] {logging_mixin.py:188} INFO - [2025-11-24T10:08:35.637+0000] {dagbag.py:538} INFO - Filling up the DagBag from /opt/airflow/dags/dag_three.py
[2025-11-24T10:08:35.935+0000] {processor.py:840} INFO - DAG(s) 'duckdb_to_iceberg_bronze' retrieved from /opt/airflow/dags/dag_three.py
[2025-11-24T10:08:35.963+0000] {logging_mixin.py:188} INFO - [2025-11-24T10:08:35.962+0000] {dag.py:3036} INFO - Sync 1 DAGs
[2025-11-24T10:08:35.973+0000] {logging_mixin.py:188} INFO - [2025-11-24T10:08:35.973+0000] {dag.py:3823} INFO - Setting next_dagrun for duckdb_to_iceberg_bronze to None, run_after=None
[2025-11-24T10:08:35.999+0000] {processor.py:183} INFO - Processing /opt/airflow/dags/dag_three.py took 0.370 seconds
[2025-11-24T10:09:06.858+0000] {processor.py:161} INFO - Started process (PID=12896) to work on /opt/airflow/dags/dag_three.py
[2025-11-24T10:09:06.859+0000] {processor.py:830} INFO - Processing file /opt/airflow/dags/dag_three.py for tasks to queue
[2025-11-24T10:09:06.860+0000] {logging_mixin.py:188} INFO - [2025-11-24T10:09:06.859+0000] {dagbag.py:538} INFO - Filling up the DagBag from /opt/airflow/dags/dag_three.py
[2025-11-24T10:09:07.101+0000] {processor.py:840} INFO - DAG(s) 'duckdb_to_iceberg_bronze' retrieved from /opt/airflow/dags/dag_three.py
[2025-11-24T10:09:07.125+0000] {logging_mixin.py:188} INFO - [2025-11-24T10:09:07.125+0000] {dag.py:3036} INFO - Sync 1 DAGs
[2025-11-24T10:09:07.136+0000] {logging_mixin.py:188} INFO - [2025-11-24T10:09:07.135+0000] {dag.py:3823} INFO - Setting next_dagrun for duckdb_to_iceberg_bronze to None, run_after=None
[2025-11-24T10:09:07.159+0000] {processor.py:183} INFO - Processing /opt/airflow/dags/dag_three.py took 0.304 seconds
[2025-11-24T10:09:37.486+0000] {processor.py:161} INFO - Started process (PID=12961) to work on /opt/airflow/dags/dag_three.py
[2025-11-24T10:09:37.488+0000] {processor.py:830} INFO - Processing file /opt/airflow/dags/dag_three.py for tasks to queue
[2025-11-24T10:09:37.490+0000] {logging_mixin.py:188} INFO - [2025-11-24T10:09:37.490+0000] {dagbag.py:538} INFO - Filling up the DagBag from /opt/airflow/dags/dag_three.py
[2025-11-24T10:09:37.741+0000] {processor.py:840} INFO - DAG(s) 'duckdb_to_iceberg_bronze' retrieved from /opt/airflow/dags/dag_three.py
[2025-11-24T10:09:37.764+0000] {logging_mixin.py:188} INFO - [2025-11-24T10:09:37.764+0000] {dag.py:3036} INFO - Sync 1 DAGs
[2025-11-24T10:09:37.779+0000] {logging_mixin.py:188} INFO - [2025-11-24T10:09:37.779+0000] {dag.py:3823} INFO - Setting next_dagrun for duckdb_to_iceberg_bronze to None, run_after=None
[2025-11-24T10:09:37.817+0000] {processor.py:183} INFO - Processing /opt/airflow/dags/dag_three.py took 0.336 seconds
[2025-11-24T10:10:07.870+0000] {processor.py:161} INFO - Started process (PID=13047) to work on /opt/airflow/dags/dag_three.py
[2025-11-24T10:10:07.871+0000] {processor.py:830} INFO - Processing file /opt/airflow/dags/dag_three.py for tasks to queue
[2025-11-24T10:10:07.872+0000] {logging_mixin.py:188} INFO - [2025-11-24T10:10:07.872+0000] {dagbag.py:538} INFO - Filling up the DagBag from /opt/airflow/dags/dag_three.py
[2025-11-24T10:10:08.127+0000] {processor.py:840} INFO - DAG(s) 'duckdb_to_iceberg_bronze' retrieved from /opt/airflow/dags/dag_three.py
[2025-11-24T10:10:08.149+0000] {logging_mixin.py:188} INFO - [2025-11-24T10:10:08.149+0000] {dag.py:3036} INFO - Sync 1 DAGs
[2025-11-24T10:10:08.160+0000] {logging_mixin.py:188} INFO - [2025-11-24T10:10:08.160+0000] {dag.py:3823} INFO - Setting next_dagrun for duckdb_to_iceberg_bronze to None, run_after=None
[2025-11-24T10:10:08.185+0000] {processor.py:183} INFO - Processing /opt/airflow/dags/dag_three.py took 0.320 seconds
[2025-11-24T10:10:38.465+0000] {processor.py:161} INFO - Started process (PID=13133) to work on /opt/airflow/dags/dag_three.py
[2025-11-24T10:10:38.467+0000] {processor.py:830} INFO - Processing file /opt/airflow/dags/dag_three.py for tasks to queue
[2025-11-24T10:10:38.468+0000] {logging_mixin.py:188} INFO - [2025-11-24T10:10:38.468+0000] {dagbag.py:538} INFO - Filling up the DagBag from /opt/airflow/dags/dag_three.py
[2025-11-24T10:10:38.729+0000] {processor.py:840} INFO - DAG(s) 'duckdb_to_iceberg_bronze' retrieved from /opt/airflow/dags/dag_three.py
[2025-11-24T10:10:38.751+0000] {logging_mixin.py:188} INFO - [2025-11-24T10:10:38.751+0000] {dag.py:3036} INFO - Sync 1 DAGs
[2025-11-24T10:10:38.762+0000] {logging_mixin.py:188} INFO - [2025-11-24T10:10:38.762+0000] {dag.py:3823} INFO - Setting next_dagrun for duckdb_to_iceberg_bronze to None, run_after=None
[2025-11-24T10:10:38.792+0000] {processor.py:183} INFO - Processing /opt/airflow/dags/dag_three.py took 0.332 seconds
[2025-11-24T10:11:09.649+0000] {processor.py:161} INFO - Started process (PID=13219) to work on /opt/airflow/dags/dag_three.py
[2025-11-24T10:11:09.651+0000] {processor.py:830} INFO - Processing file /opt/airflow/dags/dag_three.py for tasks to queue
[2025-11-24T10:11:09.653+0000] {logging_mixin.py:188} INFO - [2025-11-24T10:11:09.652+0000] {dagbag.py:538} INFO - Filling up the DagBag from /opt/airflow/dags/dag_three.py
[2025-11-24T10:11:09.914+0000] {processor.py:840} INFO - DAG(s) 'duckdb_to_iceberg_bronze' retrieved from /opt/airflow/dags/dag_three.py
[2025-11-24T10:11:09.945+0000] {logging_mixin.py:188} INFO - [2025-11-24T10:11:09.944+0000] {dag.py:3036} INFO - Sync 1 DAGs
[2025-11-24T10:11:09.977+0000] {logging_mixin.py:188} INFO - [2025-11-24T10:11:09.976+0000] {dag.py:3823} INFO - Setting next_dagrun for duckdb_to_iceberg_bronze to None, run_after=None
[2025-11-24T10:11:10.012+0000] {processor.py:183} INFO - Processing /opt/airflow/dags/dag_three.py took 0.368 seconds
[2025-11-24T10:11:40.882+0000] {processor.py:161} INFO - Started process (PID=13305) to work on /opt/airflow/dags/dag_three.py
[2025-11-24T10:11:40.883+0000] {processor.py:830} INFO - Processing file /opt/airflow/dags/dag_three.py for tasks to queue
[2025-11-24T10:11:40.886+0000] {logging_mixin.py:188} INFO - [2025-11-24T10:11:40.885+0000] {dagbag.py:538} INFO - Filling up the DagBag from /opt/airflow/dags/dag_three.py
[2025-11-24T10:11:41.152+0000] {processor.py:840} INFO - DAG(s) 'duckdb_to_iceberg_bronze' retrieved from /opt/airflow/dags/dag_three.py
[2025-11-24T10:11:41.174+0000] {logging_mixin.py:188} INFO - [2025-11-24T10:11:41.174+0000] {dag.py:3036} INFO - Sync 1 DAGs
[2025-11-24T10:11:41.184+0000] {logging_mixin.py:188} INFO - [2025-11-24T10:11:41.183+0000] {dag.py:3823} INFO - Setting next_dagrun for duckdb_to_iceberg_bronze to None, run_after=None
[2025-11-24T10:11:41.208+0000] {processor.py:183} INFO - Processing /opt/airflow/dags/dag_three.py took 0.332 seconds
[2025-11-24T10:12:12.084+0000] {processor.py:161} INFO - Started process (PID=13391) to work on /opt/airflow/dags/dag_three.py
[2025-11-24T10:12:12.085+0000] {processor.py:830} INFO - Processing file /opt/airflow/dags/dag_three.py for tasks to queue
[2025-11-24T10:12:12.087+0000] {logging_mixin.py:188} INFO - [2025-11-24T10:12:12.086+0000] {dagbag.py:538} INFO - Filling up the DagBag from /opt/airflow/dags/dag_three.py
[2025-11-24T10:12:12.344+0000] {processor.py:840} INFO - DAG(s) 'duckdb_to_iceberg_bronze' retrieved from /opt/airflow/dags/dag_three.py
[2025-11-24T10:12:12.366+0000] {logging_mixin.py:188} INFO - [2025-11-24T10:12:12.366+0000] {dag.py:3036} INFO - Sync 1 DAGs
[2025-11-24T10:12:12.375+0000] {logging_mixin.py:188} INFO - [2025-11-24T10:12:12.375+0000] {dag.py:3823} INFO - Setting next_dagrun for duckdb_to_iceberg_bronze to None, run_after=None
[2025-11-24T10:12:12.399+0000] {processor.py:183} INFO - Processing /opt/airflow/dags/dag_three.py took 0.320 seconds
[2025-11-24T10:12:42.870+0000] {processor.py:161} INFO - Started process (PID=13477) to work on /opt/airflow/dags/dag_three.py
[2025-11-24T10:12:42.871+0000] {processor.py:830} INFO - Processing file /opt/airflow/dags/dag_three.py for tasks to queue
[2025-11-24T10:12:42.873+0000] {logging_mixin.py:188} INFO - [2025-11-24T10:12:42.872+0000] {dagbag.py:538} INFO - Filling up the DagBag from /opt/airflow/dags/dag_three.py
[2025-11-24T10:12:43.141+0000] {processor.py:840} INFO - DAG(s) 'duckdb_to_iceberg_bronze' retrieved from /opt/airflow/dags/dag_three.py
[2025-11-24T10:12:43.174+0000] {logging_mixin.py:188} INFO - [2025-11-24T10:12:43.173+0000] {dag.py:3036} INFO - Sync 1 DAGs
[2025-11-24T10:12:43.190+0000] {logging_mixin.py:188} INFO - [2025-11-24T10:12:43.190+0000] {dag.py:3823} INFO - Setting next_dagrun for duckdb_to_iceberg_bronze to None, run_after=None
[2025-11-24T10:12:43.217+0000] {processor.py:183} INFO - Processing /opt/airflow/dags/dag_three.py took 0.353 seconds
[2025-11-24T10:13:13.672+0000] {processor.py:161} INFO - Started process (PID=13563) to work on /opt/airflow/dags/dag_three.py
[2025-11-24T10:13:13.674+0000] {processor.py:830} INFO - Processing file /opt/airflow/dags/dag_three.py for tasks to queue
[2025-11-24T10:13:13.674+0000] {logging_mixin.py:188} INFO - [2025-11-24T10:13:13.674+0000] {dagbag.py:538} INFO - Filling up the DagBag from /opt/airflow/dags/dag_three.py
[2025-11-24T10:13:13.938+0000] {processor.py:840} INFO - DAG(s) 'duckdb_to_iceberg_bronze' retrieved from /opt/airflow/dags/dag_three.py
[2025-11-24T10:13:13.961+0000] {logging_mixin.py:188} INFO - [2025-11-24T10:13:13.961+0000] {dag.py:3036} INFO - Sync 1 DAGs
[2025-11-24T10:13:13.974+0000] {logging_mixin.py:188} INFO - [2025-11-24T10:13:13.974+0000] {dag.py:3823} INFO - Setting next_dagrun for duckdb_to_iceberg_bronze to None, run_after=None
[2025-11-24T10:13:14.008+0000] {processor.py:183} INFO - Processing /opt/airflow/dags/dag_three.py took 0.339 seconds
[2025-11-24T10:13:44.464+0000] {processor.py:161} INFO - Started process (PID=13649) to work on /opt/airflow/dags/dag_three.py
[2025-11-24T10:13:44.466+0000] {processor.py:830} INFO - Processing file /opt/airflow/dags/dag_three.py for tasks to queue
[2025-11-24T10:13:44.468+0000] {logging_mixin.py:188} INFO - [2025-11-24T10:13:44.468+0000] {dagbag.py:538} INFO - Filling up the DagBag from /opt/airflow/dags/dag_three.py
[2025-11-24T10:13:44.727+0000] {processor.py:840} INFO - DAG(s) 'duckdb_to_iceberg_bronze' retrieved from /opt/airflow/dags/dag_three.py
[2025-11-24T10:13:44.750+0000] {logging_mixin.py:188} INFO - [2025-11-24T10:13:44.750+0000] {dag.py:3036} INFO - Sync 1 DAGs
[2025-11-24T10:13:44.761+0000] {logging_mixin.py:188} INFO - [2025-11-24T10:13:44.761+0000] {dag.py:3823} INFO - Setting next_dagrun for duckdb_to_iceberg_bronze to None, run_after=None
[2025-11-24T10:13:44.789+0000] {processor.py:183} INFO - Processing /opt/airflow/dags/dag_three.py took 0.331 seconds
[2025-11-24T10:14:15.220+0000] {processor.py:161} INFO - Started process (PID=13735) to work on /opt/airflow/dags/dag_three.py
[2025-11-24T10:14:15.224+0000] {processor.py:830} INFO - Processing file /opt/airflow/dags/dag_three.py for tasks to queue
[2025-11-24T10:14:15.228+0000] {logging_mixin.py:188} INFO - [2025-11-24T10:14:15.227+0000] {dagbag.py:538} INFO - Filling up the DagBag from /opt/airflow/dags/dag_three.py
[2025-11-24T10:14:15.490+0000] {processor.py:840} INFO - DAG(s) 'duckdb_to_iceberg_bronze' retrieved from /opt/airflow/dags/dag_three.py
[2025-11-24T10:14:15.512+0000] {logging_mixin.py:188} INFO - [2025-11-24T10:14:15.511+0000] {dag.py:3036} INFO - Sync 1 DAGs
[2025-11-24T10:14:15.628+0000] {logging_mixin.py:188} INFO - [2025-11-24T10:14:15.628+0000] {dag.py:3823} INFO - Setting next_dagrun for duckdb_to_iceberg_bronze to None, run_after=None
[2025-11-24T10:14:15.665+0000] {processor.py:183} INFO - Processing /opt/airflow/dags/dag_three.py took 0.456 seconds
[2025-11-24T10:14:46.108+0000] {processor.py:161} INFO - Started process (PID=13821) to work on /opt/airflow/dags/dag_three.py
[2025-11-24T10:14:46.109+0000] {processor.py:830} INFO - Processing file /opt/airflow/dags/dag_three.py for tasks to queue
[2025-11-24T10:14:46.111+0000] {logging_mixin.py:188} INFO - [2025-11-24T10:14:46.111+0000] {dagbag.py:538} INFO - Filling up the DagBag from /opt/airflow/dags/dag_three.py
[2025-11-24T10:14:46.366+0000] {processor.py:840} INFO - DAG(s) 'duckdb_to_iceberg_bronze' retrieved from /opt/airflow/dags/dag_three.py
[2025-11-24T10:14:46.391+0000] {logging_mixin.py:188} INFO - [2025-11-24T10:14:46.391+0000] {dag.py:3036} INFO - Sync 1 DAGs
[2025-11-24T10:14:46.413+0000] {logging_mixin.py:188} INFO - [2025-11-24T10:14:46.413+0000] {dag.py:3823} INFO - Setting next_dagrun for duckdb_to_iceberg_bronze to None, run_after=None
[2025-11-24T10:14:46.446+0000] {processor.py:183} INFO - Processing /opt/airflow/dags/dag_three.py took 0.344 seconds
[2025-11-24T10:15:17.291+0000] {processor.py:161} INFO - Started process (PID=13907) to work on /opt/airflow/dags/dag_three.py
[2025-11-24T10:15:17.292+0000] {processor.py:830} INFO - Processing file /opt/airflow/dags/dag_three.py for tasks to queue
[2025-11-24T10:15:17.293+0000] {logging_mixin.py:188} INFO - [2025-11-24T10:15:17.293+0000] {dagbag.py:538} INFO - Filling up the DagBag from /opt/airflow/dags/dag_three.py
[2025-11-24T10:15:17.546+0000] {processor.py:840} INFO - DAG(s) 'duckdb_to_iceberg_bronze' retrieved from /opt/airflow/dags/dag_three.py
[2025-11-24T10:15:17.568+0000] {logging_mixin.py:188} INFO - [2025-11-24T10:15:17.567+0000] {dag.py:3036} INFO - Sync 1 DAGs
[2025-11-24T10:15:17.578+0000] {logging_mixin.py:188} INFO - [2025-11-24T10:15:17.578+0000] {dag.py:3823} INFO - Setting next_dagrun for duckdb_to_iceberg_bronze to None, run_after=None
[2025-11-24T10:15:17.702+0000] {processor.py:183} INFO - Processing /opt/airflow/dags/dag_three.py took 0.419 seconds
[2025-11-24T10:15:47.967+0000] {processor.py:161} INFO - Started process (PID=13993) to work on /opt/airflow/dags/dag_three.py
[2025-11-24T10:15:47.969+0000] {processor.py:830} INFO - Processing file /opt/airflow/dags/dag_three.py for tasks to queue
[2025-11-24T10:15:47.971+0000] {logging_mixin.py:188} INFO - [2025-11-24T10:15:47.970+0000] {dagbag.py:538} INFO - Filling up the DagBag from /opt/airflow/dags/dag_three.py
[2025-11-24T10:15:48.237+0000] {processor.py:840} INFO - DAG(s) 'duckdb_to_iceberg_bronze' retrieved from /opt/airflow/dags/dag_three.py
[2025-11-24T10:15:48.260+0000] {logging_mixin.py:188} INFO - [2025-11-24T10:15:48.259+0000] {dag.py:3036} INFO - Sync 1 DAGs
[2025-11-24T10:15:48.270+0000] {logging_mixin.py:188} INFO - [2025-11-24T10:15:48.269+0000] {dag.py:3823} INFO - Setting next_dagrun for duckdb_to_iceberg_bronze to None, run_after=None
[2025-11-24T10:15:48.293+0000] {processor.py:183} INFO - Processing /opt/airflow/dags/dag_three.py took 0.332 seconds
[2025-11-24T10:16:18.365+0000] {processor.py:161} INFO - Started process (PID=14079) to work on /opt/airflow/dags/dag_three.py
[2025-11-24T10:16:18.366+0000] {processor.py:830} INFO - Processing file /opt/airflow/dags/dag_three.py for tasks to queue
[2025-11-24T10:16:18.366+0000] {logging_mixin.py:188} INFO - [2025-11-24T10:16:18.366+0000] {dagbag.py:538} INFO - Filling up the DagBag from /opt/airflow/dags/dag_three.py
[2025-11-24T10:16:18.611+0000] {processor.py:840} INFO - DAG(s) 'duckdb_to_iceberg_bronze' retrieved from /opt/airflow/dags/dag_three.py
[2025-11-24T10:16:18.632+0000] {logging_mixin.py:188} INFO - [2025-11-24T10:16:18.632+0000] {dag.py:3036} INFO - Sync 1 DAGs
[2025-11-24T10:16:18.749+0000] {logging_mixin.py:188} INFO - [2025-11-24T10:16:18.749+0000] {dag.py:3823} INFO - Setting next_dagrun for duckdb_to_iceberg_bronze to None, run_after=None
[2025-11-24T10:16:18.781+0000] {processor.py:183} INFO - Processing /opt/airflow/dags/dag_three.py took 0.420 seconds
[2025-11-24T10:16:49.614+0000] {processor.py:161} INFO - Started process (PID=14165) to work on /opt/airflow/dags/dag_three.py
[2025-11-24T10:16:49.616+0000] {processor.py:830} INFO - Processing file /opt/airflow/dags/dag_three.py for tasks to queue
[2025-11-24T10:16:49.619+0000] {logging_mixin.py:188} INFO - [2025-11-24T10:16:49.618+0000] {dagbag.py:538} INFO - Filling up the DagBag from /opt/airflow/dags/dag_three.py
[2025-11-24T10:16:49.883+0000] {processor.py:840} INFO - DAG(s) 'duckdb_to_iceberg_bronze' retrieved from /opt/airflow/dags/dag_three.py
[2025-11-24T10:16:50.018+0000] {logging_mixin.py:188} INFO - [2025-11-24T10:16:50.018+0000] {dag.py:3036} INFO - Sync 1 DAGs
[2025-11-24T10:16:50.032+0000] {logging_mixin.py:188} INFO - [2025-11-24T10:16:50.031+0000] {dag.py:3823} INFO - Setting next_dagrun for duckdb_to_iceberg_bronze to None, run_after=None
[2025-11-24T10:16:50.069+0000] {processor.py:183} INFO - Processing /opt/airflow/dags/dag_three.py took 0.460 seconds
[2025-11-24T10:17:20.523+0000] {processor.py:161} INFO - Started process (PID=14248) to work on /opt/airflow/dags/dag_three.py
[2025-11-24T10:17:20.524+0000] {processor.py:830} INFO - Processing file /opt/airflow/dags/dag_three.py for tasks to queue
[2025-11-24T10:17:20.525+0000] {logging_mixin.py:188} INFO - [2025-11-24T10:17:20.525+0000] {dagbag.py:538} INFO - Filling up the DagBag from /opt/airflow/dags/dag_three.py
[2025-11-24T10:17:20.772+0000] {processor.py:840} INFO - DAG(s) 'duckdb_to_iceberg_bronze' retrieved from /opt/airflow/dags/dag_three.py
[2025-11-24T10:17:20.793+0000] {logging_mixin.py:188} INFO - [2025-11-24T10:17:20.793+0000] {dag.py:3036} INFO - Sync 1 DAGs
[2025-11-24T10:17:20.911+0000] {logging_mixin.py:188} INFO - [2025-11-24T10:17:20.911+0000] {dag.py:3823} INFO - Setting next_dagrun for duckdb_to_iceberg_bronze to None, run_after=None
[2025-11-24T10:17:20.931+0000] {processor.py:183} INFO - Processing /opt/airflow/dags/dag_three.py took 0.411 seconds
[2025-11-24T10:17:51.224+0000] {processor.py:161} INFO - Started process (PID=14313) to work on /opt/airflow/dags/dag_three.py
[2025-11-24T10:17:51.225+0000] {processor.py:830} INFO - Processing file /opt/airflow/dags/dag_three.py for tasks to queue
[2025-11-24T10:17:51.226+0000] {logging_mixin.py:188} INFO - [2025-11-24T10:17:51.226+0000] {dagbag.py:538} INFO - Filling up the DagBag from /opt/airflow/dags/dag_three.py
[2025-11-24T10:17:51.479+0000] {processor.py:840} INFO - DAG(s) 'duckdb_to_iceberg_bronze' retrieved from /opt/airflow/dags/dag_three.py
[2025-11-24T10:17:51.610+0000] {logging_mixin.py:188} INFO - [2025-11-24T10:17:51.609+0000] {dag.py:3036} INFO - Sync 1 DAGs
[2025-11-24T10:17:51.620+0000] {logging_mixin.py:188} INFO - [2025-11-24T10:17:51.620+0000] {dag.py:3823} INFO - Setting next_dagrun for duckdb_to_iceberg_bronze to None, run_after=None
[2025-11-24T10:17:51.665+0000] {processor.py:183} INFO - Processing /opt/airflow/dags/dag_three.py took 0.445 seconds
[2025-11-24T10:18:22.128+0000] {processor.py:161} INFO - Started process (PID=14399) to work on /opt/airflow/dags/dag_three.py
[2025-11-24T10:18:22.129+0000] {processor.py:830} INFO - Processing file /opt/airflow/dags/dag_three.py for tasks to queue
[2025-11-24T10:18:22.131+0000] {logging_mixin.py:188} INFO - [2025-11-24T10:18:22.130+0000] {dagbag.py:538} INFO - Filling up the DagBag from /opt/airflow/dags/dag_three.py
[2025-11-24T10:18:22.387+0000] {processor.py:840} INFO - DAG(s) 'duckdb_to_iceberg_bronze' retrieved from /opt/airflow/dags/dag_three.py
[2025-11-24T10:18:22.411+0000] {logging_mixin.py:188} INFO - [2025-11-24T10:18:22.410+0000] {dag.py:3036} INFO - Sync 1 DAGs
[2025-11-24T10:18:22.421+0000] {logging_mixin.py:188} INFO - [2025-11-24T10:18:22.421+0000] {dag.py:3823} INFO - Setting next_dagrun for duckdb_to_iceberg_bronze to None, run_after=None
[2025-11-24T10:18:22.449+0000] {processor.py:183} INFO - Processing /opt/airflow/dags/dag_three.py took 0.326 seconds
[2025-11-24T10:18:52.833+0000] {processor.py:161} INFO - Started process (PID=14485) to work on /opt/airflow/dags/dag_three.py
[2025-11-24T10:18:52.835+0000] {processor.py:830} INFO - Processing file /opt/airflow/dags/dag_three.py for tasks to queue
[2025-11-24T10:18:52.836+0000] {logging_mixin.py:188} INFO - [2025-11-24T10:18:52.836+0000] {dagbag.py:538} INFO - Filling up the DagBag from /opt/airflow/dags/dag_three.py
[2025-11-24T10:18:53.106+0000] {processor.py:840} INFO - DAG(s) 'duckdb_to_iceberg_bronze' retrieved from /opt/airflow/dags/dag_three.py
[2025-11-24T10:18:53.238+0000] {logging_mixin.py:188} INFO - [2025-11-24T10:18:53.237+0000] {dag.py:3036} INFO - Sync 1 DAGs
[2025-11-24T10:18:53.247+0000] {logging_mixin.py:188} INFO - [2025-11-24T10:18:53.246+0000] {dag.py:3823} INFO - Setting next_dagrun for duckdb_to_iceberg_bronze to None, run_after=None
[2025-11-24T10:18:53.269+0000] {processor.py:183} INFO - Processing /opt/airflow/dags/dag_three.py took 0.442 seconds
[2025-11-24T10:19:23.732+0000] {processor.py:161} INFO - Started process (PID=14571) to work on /opt/airflow/dags/dag_three.py
[2025-11-24T10:19:23.734+0000] {processor.py:830} INFO - Processing file /opt/airflow/dags/dag_three.py for tasks to queue
[2025-11-24T10:19:23.739+0000] {logging_mixin.py:188} INFO - [2025-11-24T10:19:23.737+0000] {dagbag.py:538} INFO - Filling up the DagBag from /opt/airflow/dags/dag_three.py
[2025-11-24T10:19:24.045+0000] {processor.py:840} INFO - DAG(s) 'duckdb_to_iceberg_bronze' retrieved from /opt/airflow/dags/dag_three.py
[2025-11-24T10:19:24.065+0000] {logging_mixin.py:188} INFO - [2025-11-24T10:19:24.065+0000] {dag.py:3036} INFO - Sync 1 DAGs
[2025-11-24T10:19:24.075+0000] {logging_mixin.py:188} INFO - [2025-11-24T10:19:24.074+0000] {dag.py:3823} INFO - Setting next_dagrun for duckdb_to_iceberg_bronze to None, run_after=None
[2025-11-24T10:19:24.101+0000] {processor.py:183} INFO - Processing /opt/airflow/dags/dag_three.py took 0.377 seconds
[2025-11-24T10:19:54.526+0000] {processor.py:161} INFO - Started process (PID=14657) to work on /opt/airflow/dags/dag_three.py
[2025-11-24T10:19:54.528+0000] {processor.py:830} INFO - Processing file /opt/airflow/dags/dag_three.py for tasks to queue
[2025-11-24T10:19:54.530+0000] {logging_mixin.py:188} INFO - [2025-11-24T10:19:54.529+0000] {dagbag.py:538} INFO - Filling up the DagBag from /opt/airflow/dags/dag_three.py
[2025-11-24T10:19:54.795+0000] {processor.py:840} INFO - DAG(s) 'duckdb_to_iceberg_bronze' retrieved from /opt/airflow/dags/dag_three.py
[2025-11-24T10:19:54.946+0000] {logging_mixin.py:188} INFO - [2025-11-24T10:19:54.945+0000] {dag.py:3036} INFO - Sync 1 DAGs
[2025-11-24T10:19:54.959+0000] {logging_mixin.py:188} INFO - [2025-11-24T10:19:54.959+0000] {dag.py:3823} INFO - Setting next_dagrun for duckdb_to_iceberg_bronze to None, run_after=None
[2025-11-24T10:19:55.000+0000] {processor.py:183} INFO - Processing /opt/airflow/dags/dag_three.py took 0.479 seconds
[2025-11-24T10:20:25.383+0000] {processor.py:161} INFO - Started process (PID=14743) to work on /opt/airflow/dags/dag_three.py
[2025-11-24T10:20:25.385+0000] {processor.py:830} INFO - Processing file /opt/airflow/dags/dag_three.py for tasks to queue
[2025-11-24T10:20:25.386+0000] {logging_mixin.py:188} INFO - [2025-11-24T10:20:25.386+0000] {dagbag.py:538} INFO - Filling up the DagBag from /opt/airflow/dags/dag_three.py
[2025-11-24T10:20:25.633+0000] {processor.py:840} INFO - DAG(s) 'duckdb_to_iceberg_bronze' retrieved from /opt/airflow/dags/dag_three.py
[2025-11-24T10:20:25.658+0000] {logging_mixin.py:188} INFO - [2025-11-24T10:20:25.658+0000] {dag.py:3036} INFO - Sync 1 DAGs
[2025-11-24T10:20:25.674+0000] {logging_mixin.py:188} INFO - [2025-11-24T10:20:25.674+0000] {dag.py:3823} INFO - Setting next_dagrun for duckdb_to_iceberg_bronze to None, run_after=None
[2025-11-24T10:20:25.717+0000] {processor.py:183} INFO - Processing /opt/airflow/dags/dag_three.py took 0.340 seconds
[2025-11-24T10:20:55.991+0000] {processor.py:161} INFO - Started process (PID=14829) to work on /opt/airflow/dags/dag_three.py
[2025-11-24T10:20:55.992+0000] {processor.py:830} INFO - Processing file /opt/airflow/dags/dag_three.py for tasks to queue
[2025-11-24T10:20:55.994+0000] {logging_mixin.py:188} INFO - [2025-11-24T10:20:55.993+0000] {dagbag.py:538} INFO - Filling up the DagBag from /opt/airflow/dags/dag_three.py
[2025-11-24T10:20:56.245+0000] {processor.py:840} INFO - DAG(s) 'duckdb_to_iceberg_bronze' retrieved from /opt/airflow/dags/dag_three.py
[2025-11-24T10:20:56.268+0000] {logging_mixin.py:188} INFO - [2025-11-24T10:20:56.268+0000] {dag.py:3036} INFO - Sync 1 DAGs
[2025-11-24T10:20:56.386+0000] {logging_mixin.py:188} INFO - [2025-11-24T10:20:56.386+0000] {dag.py:3823} INFO - Setting next_dagrun for duckdb_to_iceberg_bronze to None, run_after=None
[2025-11-24T10:20:56.402+0000] {processor.py:183} INFO - Processing /opt/airflow/dags/dag_three.py took 0.414 seconds
[2025-11-24T10:21:26.607+0000] {processor.py:161} INFO - Started process (PID=14915) to work on /opt/airflow/dags/dag_three.py
[2025-11-24T10:21:26.608+0000] {processor.py:830} INFO - Processing file /opt/airflow/dags/dag_three.py for tasks to queue
[2025-11-24T10:21:26.610+0000] {logging_mixin.py:188} INFO - [2025-11-24T10:21:26.609+0000] {dagbag.py:538} INFO - Filling up the DagBag from /opt/airflow/dags/dag_three.py
[2025-11-24T10:21:26.868+0000] {processor.py:840} INFO - DAG(s) 'duckdb_to_iceberg_bronze' retrieved from /opt/airflow/dags/dag_three.py
[2025-11-24T10:21:26.897+0000] {logging_mixin.py:188} INFO - [2025-11-24T10:21:26.896+0000] {dag.py:3036} INFO - Sync 1 DAGs
[2025-11-24T10:21:26.914+0000] {logging_mixin.py:188} INFO - [2025-11-24T10:21:26.913+0000] {dag.py:3823} INFO - Setting next_dagrun for duckdb_to_iceberg_bronze to None, run_after=None
[2025-11-24T10:21:26.969+0000] {processor.py:183} INFO - Processing /opt/airflow/dags/dag_three.py took 0.367 seconds
[2025-11-24T10:21:57.295+0000] {processor.py:161} INFO - Started process (PID=15001) to work on /opt/airflow/dags/dag_three.py
[2025-11-24T10:21:57.297+0000] {processor.py:830} INFO - Processing file /opt/airflow/dags/dag_three.py for tasks to queue
[2025-11-24T10:21:57.298+0000] {logging_mixin.py:188} INFO - [2025-11-24T10:21:57.298+0000] {dagbag.py:538} INFO - Filling up the DagBag from /opt/airflow/dags/dag_three.py
[2025-11-24T10:21:57.567+0000] {processor.py:840} INFO - DAG(s) 'duckdb_to_iceberg_bronze' retrieved from /opt/airflow/dags/dag_three.py
[2025-11-24T10:21:57.591+0000] {logging_mixin.py:188} INFO - [2025-11-24T10:21:57.591+0000] {dag.py:3036} INFO - Sync 1 DAGs
[2025-11-24T10:21:57.715+0000] {logging_mixin.py:188} INFO - [2025-11-24T10:21:57.714+0000] {dag.py:3823} INFO - Setting next_dagrun for duckdb_to_iceberg_bronze to None, run_after=None
[2025-11-24T10:21:57.743+0000] {processor.py:183} INFO - Processing /opt/airflow/dags/dag_three.py took 0.453 seconds
[2025-11-24T10:22:28.408+0000] {processor.py:161} INFO - Started process (PID=15087) to work on /opt/airflow/dags/dag_three.py
[2025-11-24T10:22:28.409+0000] {processor.py:830} INFO - Processing file /opt/airflow/dags/dag_three.py for tasks to queue
[2025-11-24T10:22:28.418+0000] {logging_mixin.py:188} INFO - [2025-11-24T10:22:28.418+0000] {dagbag.py:538} INFO - Filling up the DagBag from /opt/airflow/dags/dag_three.py
[2025-11-24T10:22:28.694+0000] {processor.py:840} INFO - DAG(s) 'duckdb_to_iceberg_bronze' retrieved from /opt/airflow/dags/dag_three.py
[2025-11-24T10:22:28.840+0000] {logging_mixin.py:188} INFO - [2025-11-24T10:22:28.839+0000] {dag.py:3036} INFO - Sync 1 DAGs
[2025-11-24T10:22:28.855+0000] {logging_mixin.py:188} INFO - [2025-11-24T10:22:28.855+0000] {dag.py:3823} INFO - Setting next_dagrun for duckdb_to_iceberg_bronze to None, run_after=None
[2025-11-24T10:22:28.885+0000] {processor.py:183} INFO - Processing /opt/airflow/dags/dag_three.py took 0.480 seconds
[2025-11-24T10:22:59.522+0000] {processor.py:161} INFO - Started process (PID=15173) to work on /opt/airflow/dags/dag_three.py
[2025-11-24T10:22:59.524+0000] {processor.py:830} INFO - Processing file /opt/airflow/dags/dag_three.py for tasks to queue
[2025-11-24T10:22:59.525+0000] {logging_mixin.py:188} INFO - [2025-11-24T10:22:59.525+0000] {dagbag.py:538} INFO - Filling up the DagBag from /opt/airflow/dags/dag_three.py
[2025-11-24T10:22:59.775+0000] {processor.py:840} INFO - DAG(s) 'duckdb_to_iceberg_bronze' retrieved from /opt/airflow/dags/dag_three.py
[2025-11-24T10:22:59.802+0000] {logging_mixin.py:188} INFO - [2025-11-24T10:22:59.801+0000] {dag.py:3036} INFO - Sync 1 DAGs
[2025-11-24T10:22:59.821+0000] {logging_mixin.py:188} INFO - [2025-11-24T10:22:59.820+0000] {dag.py:3823} INFO - Setting next_dagrun for duckdb_to_iceberg_bronze to None, run_after=None
[2025-11-24T10:22:59.950+0000] {processor.py:183} INFO - Processing /opt/airflow/dags/dag_three.py took 0.434 seconds
[2025-11-24T10:23:30.626+0000] {processor.py:161} INFO - Started process (PID=15259) to work on /opt/airflow/dags/dag_three.py
[2025-11-24T10:23:30.628+0000] {processor.py:830} INFO - Processing file /opt/airflow/dags/dag_three.py for tasks to queue
[2025-11-24T10:23:30.630+0000] {logging_mixin.py:188} INFO - [2025-11-24T10:23:30.629+0000] {dagbag.py:538} INFO - Filling up the DagBag from /opt/airflow/dags/dag_three.py
[2025-11-24T10:23:30.885+0000] {processor.py:840} INFO - DAG(s) 'duckdb_to_iceberg_bronze' retrieved from /opt/airflow/dags/dag_three.py
[2025-11-24T10:23:31.023+0000] {logging_mixin.py:188} INFO - [2025-11-24T10:23:31.022+0000] {dag.py:3036} INFO - Sync 1 DAGs
[2025-11-24T10:23:31.034+0000] {logging_mixin.py:188} INFO - [2025-11-24T10:23:31.033+0000] {dag.py:3823} INFO - Setting next_dagrun for duckdb_to_iceberg_bronze to None, run_after=None
[2025-11-24T10:23:31.070+0000] {processor.py:183} INFO - Processing /opt/airflow/dags/dag_three.py took 0.450 seconds
[2025-11-24T10:24:01.525+0000] {processor.py:161} INFO - Started process (PID=15345) to work on /opt/airflow/dags/dag_three.py
[2025-11-24T10:24:01.526+0000] {processor.py:830} INFO - Processing file /opt/airflow/dags/dag_three.py for tasks to queue
[2025-11-24T10:24:01.528+0000] {logging_mixin.py:188} INFO - [2025-11-24T10:24:01.527+0000] {dagbag.py:538} INFO - Filling up the DagBag from /opt/airflow/dags/dag_three.py
[2025-11-24T10:24:01.894+0000] {processor.py:840} INFO - DAG(s) 'duckdb_to_iceberg_bronze' retrieved from /opt/airflow/dags/dag_three.py
[2025-11-24T10:24:01.913+0000] {logging_mixin.py:188} INFO - [2025-11-24T10:24:01.913+0000] {dag.py:3036} INFO - Sync 1 DAGs
[2025-11-24T10:24:01.923+0000] {logging_mixin.py:188} INFO - [2025-11-24T10:24:01.923+0000] {dag.py:3823} INFO - Setting next_dagrun for duckdb_to_iceberg_bronze to None, run_after=None
[2025-11-24T10:24:01.948+0000] {processor.py:183} INFO - Processing /opt/airflow/dags/dag_three.py took 0.429 seconds
[2025-11-24T10:24:32.231+0000] {processor.py:161} INFO - Started process (PID=15431) to work on /opt/airflow/dags/dag_three.py
[2025-11-24T10:24:32.233+0000] {processor.py:830} INFO - Processing file /opt/airflow/dags/dag_three.py for tasks to queue
[2025-11-24T10:24:32.235+0000] {logging_mixin.py:188} INFO - [2025-11-24T10:24:32.234+0000] {dagbag.py:538} INFO - Filling up the DagBag from /opt/airflow/dags/dag_three.py
[2025-11-24T10:24:32.491+0000] {processor.py:840} INFO - DAG(s) 'duckdb_to_iceberg_bronze' retrieved from /opt/airflow/dags/dag_three.py
[2025-11-24T10:24:32.517+0000] {logging_mixin.py:188} INFO - [2025-11-24T10:24:32.517+0000] {dag.py:3036} INFO - Sync 1 DAGs
[2025-11-24T10:24:32.637+0000] {logging_mixin.py:188} INFO - [2025-11-24T10:24:32.637+0000] {dag.py:3823} INFO - Setting next_dagrun for duckdb_to_iceberg_bronze to None, run_after=None
[2025-11-24T10:24:32.661+0000] {processor.py:183} INFO - Processing /opt/airflow/dags/dag_three.py took 0.436 seconds
[2025-11-24T10:25:03.019+0000] {processor.py:161} INFO - Started process (PID=15517) to work on /opt/airflow/dags/dag_three.py
[2025-11-24T10:25:03.019+0000] {processor.py:830} INFO - Processing file /opt/airflow/dags/dag_three.py for tasks to queue
[2025-11-24T10:25:03.020+0000] {logging_mixin.py:188} INFO - [2025-11-24T10:25:03.020+0000] {dagbag.py:538} INFO - Filling up the DagBag from /opt/airflow/dags/dag_three.py
[2025-11-24T10:25:03.387+0000] {processor.py:840} INFO - DAG(s) 'duckdb_to_iceberg_bronze' retrieved from /opt/airflow/dags/dag_three.py
[2025-11-24T10:25:03.412+0000] {logging_mixin.py:188} INFO - [2025-11-24T10:25:03.411+0000] {dag.py:3036} INFO - Sync 1 DAGs
[2025-11-24T10:25:03.420+0000] {logging_mixin.py:188} INFO - [2025-11-24T10:25:03.420+0000] {dag.py:3823} INFO - Setting next_dagrun for duckdb_to_iceberg_bronze to None, run_after=None
[2025-11-24T10:25:03.446+0000] {processor.py:183} INFO - Processing /opt/airflow/dags/dag_three.py took 0.431 seconds
[2025-11-24T10:25:33.832+0000] {processor.py:161} INFO - Started process (PID=15600) to work on /opt/airflow/dags/dag_three.py
[2025-11-24T10:25:33.833+0000] {processor.py:830} INFO - Processing file /opt/airflow/dags/dag_three.py for tasks to queue
[2025-11-24T10:25:33.834+0000] {logging_mixin.py:188} INFO - [2025-11-24T10:25:33.834+0000] {dagbag.py:538} INFO - Filling up the DagBag from /opt/airflow/dags/dag_three.py
[2025-11-24T10:25:34.090+0000] {processor.py:840} INFO - DAG(s) 'duckdb_to_iceberg_bronze' retrieved from /opt/airflow/dags/dag_three.py
[2025-11-24T10:25:34.122+0000] {logging_mixin.py:188} INFO - [2025-11-24T10:25:34.120+0000] {dag.py:3036} INFO - Sync 1 DAGs
[2025-11-24T10:25:34.241+0000] {logging_mixin.py:188} INFO - [2025-11-24T10:25:34.241+0000] {dag.py:3823} INFO - Setting next_dagrun for duckdb_to_iceberg_bronze to None, run_after=None
[2025-11-24T10:25:34.264+0000] {processor.py:183} INFO - Processing /opt/airflow/dags/dag_three.py took 0.437 seconds
[2025-11-24T10:26:04.678+0000] {processor.py:161} INFO - Started process (PID=15665) to work on /opt/airflow/dags/dag_three.py
[2025-11-24T10:26:04.680+0000] {processor.py:830} INFO - Processing file /opt/airflow/dags/dag_three.py for tasks to queue
[2025-11-24T10:26:04.682+0000] {logging_mixin.py:188} INFO - [2025-11-24T10:26:04.681+0000] {dagbag.py:538} INFO - Filling up the DagBag from /opt/airflow/dags/dag_three.py
[2025-11-24T10:26:05.051+0000] {processor.py:840} INFO - DAG(s) 'duckdb_to_iceberg_bronze' retrieved from /opt/airflow/dags/dag_three.py
[2025-11-24T10:26:05.073+0000] {logging_mixin.py:188} INFO - [2025-11-24T10:26:05.073+0000] {dag.py:3036} INFO - Sync 1 DAGs
[2025-11-24T10:26:05.088+0000] {logging_mixin.py:188} INFO - [2025-11-24T10:26:05.088+0000] {dag.py:3823} INFO - Setting next_dagrun for duckdb_to_iceberg_bronze to None, run_after=None
[2025-11-24T10:26:05.109+0000] {processor.py:183} INFO - Processing /opt/airflow/dags/dag_three.py took 0.437 seconds
[2025-11-24T10:26:35.428+0000] {processor.py:161} INFO - Started process (PID=15751) to work on /opt/airflow/dags/dag_three.py
[2025-11-24T10:26:35.429+0000] {processor.py:830} INFO - Processing file /opt/airflow/dags/dag_three.py for tasks to queue
[2025-11-24T10:26:35.431+0000] {logging_mixin.py:188} INFO - [2025-11-24T10:26:35.430+0000] {dagbag.py:538} INFO - Filling up the DagBag from /opt/airflow/dags/dag_three.py
[2025-11-24T10:26:35.798+0000] {processor.py:840} INFO - DAG(s) 'duckdb_to_iceberg_bronze' retrieved from /opt/airflow/dags/dag_three.py
[2025-11-24T10:26:35.816+0000] {logging_mixin.py:188} INFO - [2025-11-24T10:26:35.816+0000] {dag.py:3036} INFO - Sync 1 DAGs
[2025-11-24T10:26:35.826+0000] {logging_mixin.py:188} INFO - [2025-11-24T10:26:35.826+0000] {dag.py:3823} INFO - Setting next_dagrun for duckdb_to_iceberg_bronze to None, run_after=None
[2025-11-24T10:26:35.855+0000] {processor.py:183} INFO - Processing /opt/airflow/dags/dag_three.py took 0.432 seconds
[2025-11-24T10:27:06.324+0000] {processor.py:161} INFO - Started process (PID=15837) to work on /opt/airflow/dags/dag_three.py
[2025-11-24T10:27:06.326+0000] {processor.py:830} INFO - Processing file /opt/airflow/dags/dag_three.py for tasks to queue
[2025-11-24T10:27:06.328+0000] {logging_mixin.py:188} INFO - [2025-11-24T10:27:06.327+0000] {dagbag.py:538} INFO - Filling up the DagBag from /opt/airflow/dags/dag_three.py
[2025-11-24T10:27:06.615+0000] {processor.py:840} INFO - DAG(s) 'duckdb_to_iceberg_bronze' retrieved from /opt/airflow/dags/dag_three.py
[2025-11-24T10:27:06.747+0000] {logging_mixin.py:188} INFO - [2025-11-24T10:27:06.747+0000] {dag.py:3036} INFO - Sync 1 DAGs
[2025-11-24T10:27:06.755+0000] {logging_mixin.py:188} INFO - [2025-11-24T10:27:06.755+0000] {dag.py:3823} INFO - Setting next_dagrun for duckdb_to_iceberg_bronze to None, run_after=None
[2025-11-24T10:27:06.770+0000] {processor.py:183} INFO - Processing /opt/airflow/dags/dag_three.py took 0.452 seconds
[2025-11-24T10:27:36.941+0000] {processor.py:161} INFO - Started process (PID=15923) to work on /opt/airflow/dags/dag_three.py
[2025-11-24T10:27:36.943+0000] {processor.py:830} INFO - Processing file /opt/airflow/dags/dag_three.py for tasks to queue
[2025-11-24T10:27:36.946+0000] {logging_mixin.py:188} INFO - [2025-11-24T10:27:36.945+0000] {dagbag.py:538} INFO - Filling up the DagBag from /opt/airflow/dags/dag_three.py
[2025-11-24T10:27:37.330+0000] {processor.py:840} INFO - DAG(s) 'duckdb_to_iceberg_bronze' retrieved from /opt/airflow/dags/dag_three.py
[2025-11-24T10:27:37.361+0000] {logging_mixin.py:188} INFO - [2025-11-24T10:27:37.360+0000] {dag.py:3036} INFO - Sync 1 DAGs
[2025-11-24T10:27:37.378+0000] {logging_mixin.py:188} INFO - [2025-11-24T10:27:37.378+0000] {dag.py:3823} INFO - Setting next_dagrun for duckdb_to_iceberg_bronze to None, run_after=None
[2025-11-24T10:27:37.413+0000] {processor.py:183} INFO - Processing /opt/airflow/dags/dag_three.py took 0.478 seconds
[2025-11-24T10:28:07.793+0000] {processor.py:161} INFO - Started process (PID=16009) to work on /opt/airflow/dags/dag_three.py
[2025-11-24T10:28:07.795+0000] {processor.py:830} INFO - Processing file /opt/airflow/dags/dag_three.py for tasks to queue
[2025-11-24T10:28:07.796+0000] {logging_mixin.py:188} INFO - [2025-11-24T10:28:07.796+0000] {dagbag.py:538} INFO - Filling up the DagBag from /opt/airflow/dags/dag_three.py
[2025-11-24T10:28:08.041+0000] {processor.py:840} INFO - DAG(s) 'duckdb_to_iceberg_bronze' retrieved from /opt/airflow/dags/dag_three.py
[2025-11-24T10:28:08.176+0000] {logging_mixin.py:188} INFO - [2025-11-24T10:28:08.175+0000] {dag.py:3036} INFO - Sync 1 DAGs
[2025-11-24T10:28:08.188+0000] {logging_mixin.py:188} INFO - [2025-11-24T10:28:08.187+0000] {dag.py:3823} INFO - Setting next_dagrun for duckdb_to_iceberg_bronze to None, run_after=None
[2025-11-24T10:28:08.229+0000] {processor.py:183} INFO - Processing /opt/airflow/dags/dag_three.py took 0.441 seconds
[2025-11-24T10:28:38.519+0000] {processor.py:161} INFO - Started process (PID=16095) to work on /opt/airflow/dags/dag_three.py
[2025-11-24T10:28:38.521+0000] {processor.py:830} INFO - Processing file /opt/airflow/dags/dag_three.py for tasks to queue
[2025-11-24T10:28:38.522+0000] {logging_mixin.py:188} INFO - [2025-11-24T10:28:38.521+0000] {dagbag.py:538} INFO - Filling up the DagBag from /opt/airflow/dags/dag_three.py
[2025-11-24T10:28:38.876+0000] {processor.py:840} INFO - DAG(s) 'duckdb_to_iceberg_bronze' retrieved from /opt/airflow/dags/dag_three.py
[2025-11-24T10:28:38.899+0000] {logging_mixin.py:188} INFO - [2025-11-24T10:28:38.899+0000] {dag.py:3036} INFO - Sync 1 DAGs
[2025-11-24T10:28:38.911+0000] {logging_mixin.py:188} INFO - [2025-11-24T10:28:38.911+0000] {dag.py:3823} INFO - Setting next_dagrun for duckdb_to_iceberg_bronze to None, run_after=None
[2025-11-24T10:28:38.933+0000] {processor.py:183} INFO - Processing /opt/airflow/dags/dag_three.py took 0.421 seconds
[2025-11-24T10:29:09.155+0000] {processor.py:161} INFO - Started process (PID=16181) to work on /opt/airflow/dags/dag_three.py
[2025-11-24T10:29:09.157+0000] {processor.py:830} INFO - Processing file /opt/airflow/dags/dag_three.py for tasks to queue
[2025-11-24T10:29:09.159+0000] {logging_mixin.py:188} INFO - [2025-11-24T10:29:09.158+0000] {dagbag.py:538} INFO - Filling up the DagBag from /opt/airflow/dags/dag_three.py
[2025-11-24T10:29:09.414+0000] {processor.py:840} INFO - DAG(s) 'duckdb_to_iceberg_bronze' retrieved from /opt/airflow/dags/dag_three.py
[2025-11-24T10:29:09.437+0000] {logging_mixin.py:188} INFO - [2025-11-24T10:29:09.437+0000] {dag.py:3036} INFO - Sync 1 DAGs
[2025-11-24T10:29:09.563+0000] {logging_mixin.py:188} INFO - [2025-11-24T10:29:09.562+0000] {dag.py:3823} INFO - Setting next_dagrun for duckdb_to_iceberg_bronze to None, run_after=None
[2025-11-24T10:29:09.593+0000] {processor.py:183} INFO - Processing /opt/airflow/dags/dag_three.py took 0.444 seconds
[2025-11-24T10:29:39.906+0000] {processor.py:161} INFO - Started process (PID=16267) to work on /opt/airflow/dags/dag_three.py
[2025-11-24T10:29:39.907+0000] {processor.py:830} INFO - Processing file /opt/airflow/dags/dag_three.py for tasks to queue
[2025-11-24T10:29:39.909+0000] {logging_mixin.py:188} INFO - [2025-11-24T10:29:39.908+0000] {dagbag.py:538} INFO - Filling up the DagBag from /opt/airflow/dags/dag_three.py
[2025-11-24T10:29:40.281+0000] {processor.py:840} INFO - DAG(s) 'duckdb_to_iceberg_bronze' retrieved from /opt/airflow/dags/dag_three.py
[2025-11-24T10:29:40.304+0000] {logging_mixin.py:188} INFO - [2025-11-24T10:29:40.304+0000] {dag.py:3036} INFO - Sync 1 DAGs
[2025-11-24T10:29:40.314+0000] {logging_mixin.py:188} INFO - [2025-11-24T10:29:40.314+0000] {dag.py:3823} INFO - Setting next_dagrun for duckdb_to_iceberg_bronze to None, run_after=None
[2025-11-24T10:29:40.341+0000] {processor.py:183} INFO - Processing /opt/airflow/dags/dag_three.py took 0.441 seconds
[2025-11-24T10:30:10.720+0000] {processor.py:161} INFO - Started process (PID=16353) to work on /opt/airflow/dags/dag_three.py
[2025-11-24T10:30:10.722+0000] {processor.py:830} INFO - Processing file /opt/airflow/dags/dag_three.py for tasks to queue
[2025-11-24T10:30:10.724+0000] {logging_mixin.py:188} INFO - [2025-11-24T10:30:10.723+0000] {dagbag.py:538} INFO - Filling up the DagBag from /opt/airflow/dags/dag_three.py
[2025-11-24T10:30:11.101+0000] {processor.py:840} INFO - DAG(s) 'duckdb_to_iceberg_bronze' retrieved from /opt/airflow/dags/dag_three.py
[2025-11-24T10:30:11.128+0000] {logging_mixin.py:188} INFO - [2025-11-24T10:30:11.127+0000] {dag.py:3036} INFO - Sync 1 DAGs
[2025-11-24T10:30:11.146+0000] {logging_mixin.py:188} INFO - [2025-11-24T10:30:11.145+0000] {dag.py:3823} INFO - Setting next_dagrun for duckdb_to_iceberg_bronze to None, run_after=None
[2025-11-24T10:30:11.162+0000] {processor.py:183} INFO - Processing /opt/airflow/dags/dag_three.py took 0.448 seconds
[2025-11-24T10:30:41.373+0000] {processor.py:161} INFO - Started process (PID=16439) to work on /opt/airflow/dags/dag_three.py
[2025-11-24T10:30:41.375+0000] {processor.py:830} INFO - Processing file /opt/airflow/dags/dag_three.py for tasks to queue
[2025-11-24T10:30:41.376+0000] {logging_mixin.py:188} INFO - [2025-11-24T10:30:41.376+0000] {dagbag.py:538} INFO - Filling up the DagBag from /opt/airflow/dags/dag_three.py
[2025-11-24T10:30:41.743+0000] {processor.py:840} INFO - DAG(s) 'duckdb_to_iceberg_bronze' retrieved from /opt/airflow/dags/dag_three.py
[2025-11-24T10:30:41.767+0000] {logging_mixin.py:188} INFO - [2025-11-24T10:30:41.766+0000] {dag.py:3036} INFO - Sync 1 DAGs
[2025-11-24T10:30:41.777+0000] {logging_mixin.py:188} INFO - [2025-11-24T10:30:41.777+0000] {dag.py:3823} INFO - Setting next_dagrun for duckdb_to_iceberg_bronze to None, run_after=None
[2025-11-24T10:30:41.802+0000] {processor.py:183} INFO - Processing /opt/airflow/dags/dag_three.py took 0.435 seconds
[2025-11-24T10:31:12.058+0000] {processor.py:161} INFO - Started process (PID=16525) to work on /opt/airflow/dags/dag_three.py
[2025-11-24T10:31:12.060+0000] {processor.py:830} INFO - Processing file /opt/airflow/dags/dag_three.py for tasks to queue
[2025-11-24T10:31:12.062+0000] {logging_mixin.py:188} INFO - [2025-11-24T10:31:12.062+0000] {dagbag.py:538} INFO - Filling up the DagBag from /opt/airflow/dags/dag_three.py
[2025-11-24T10:31:12.444+0000] {processor.py:840} INFO - DAG(s) 'duckdb_to_iceberg_bronze' retrieved from /opt/airflow/dags/dag_three.py
[2025-11-24T10:31:12.468+0000] {logging_mixin.py:188} INFO - [2025-11-24T10:31:12.468+0000] {dag.py:3036} INFO - Sync 1 DAGs
[2025-11-24T10:31:12.481+0000] {logging_mixin.py:188} INFO - [2025-11-24T10:31:12.481+0000] {dag.py:3823} INFO - Setting next_dagrun for duckdb_to_iceberg_bronze to None, run_after=None
[2025-11-24T10:31:12.508+0000] {processor.py:183} INFO - Processing /opt/airflow/dags/dag_three.py took 0.455 seconds
[2025-11-24T10:31:42.848+0000] {processor.py:161} INFO - Started process (PID=16611) to work on /opt/airflow/dags/dag_three.py
[2025-11-24T10:31:42.850+0000] {processor.py:830} INFO - Processing file /opt/airflow/dags/dag_three.py for tasks to queue
[2025-11-24T10:31:42.852+0000] {logging_mixin.py:188} INFO - [2025-11-24T10:31:42.851+0000] {dagbag.py:538} INFO - Filling up the DagBag from /opt/airflow/dags/dag_three.py
[2025-11-24T10:31:43.218+0000] {processor.py:840} INFO - DAG(s) 'duckdb_to_iceberg_bronze' retrieved from /opt/airflow/dags/dag_three.py
[2025-11-24T10:31:43.241+0000] {logging_mixin.py:188} INFO - [2025-11-24T10:31:43.240+0000] {dag.py:3036} INFO - Sync 1 DAGs
[2025-11-24T10:31:43.258+0000] {logging_mixin.py:188} INFO - [2025-11-24T10:31:43.257+0000] {dag.py:3823} INFO - Setting next_dagrun for duckdb_to_iceberg_bronze to None, run_after=None
[2025-11-24T10:31:43.296+0000] {processor.py:183} INFO - Processing /opt/airflow/dags/dag_three.py took 0.454 seconds
[2025-11-24T10:32:13.740+0000] {processor.py:161} INFO - Started process (PID=16697) to work on /opt/airflow/dags/dag_three.py
[2025-11-24T10:32:13.754+0000] {processor.py:830} INFO - Processing file /opt/airflow/dags/dag_three.py for tasks to queue
[2025-11-24T10:32:13.758+0000] {logging_mixin.py:188} INFO - [2025-11-24T10:32:13.757+0000] {dagbag.py:538} INFO - Filling up the DagBag from /opt/airflow/dags/dag_three.py
[2025-11-24T10:32:14.206+0000] {processor.py:840} INFO - DAG(s) 'duckdb_to_iceberg_bronze' retrieved from /opt/airflow/dags/dag_three.py
[2025-11-24T10:32:14.227+0000] {logging_mixin.py:188} INFO - [2025-11-24T10:32:14.227+0000] {dag.py:3036} INFO - Sync 1 DAGs
[2025-11-24T10:32:14.237+0000] {logging_mixin.py:188} INFO - [2025-11-24T10:32:14.237+0000] {dag.py:3823} INFO - Setting next_dagrun for duckdb_to_iceberg_bronze to None, run_after=None
[2025-11-24T10:32:14.264+0000] {processor.py:183} INFO - Processing /opt/airflow/dags/dag_three.py took 0.529 seconds
[2025-11-24T10:32:44.308+0000] {processor.py:161} INFO - Started process (PID=16783) to work on /opt/airflow/dags/dag_three.py
[2025-11-24T10:32:44.310+0000] {processor.py:830} INFO - Processing file /opt/airflow/dags/dag_three.py for tasks to queue
[2025-11-24T10:32:44.311+0000] {logging_mixin.py:188} INFO - [2025-11-24T10:32:44.311+0000] {dagbag.py:538} INFO - Filling up the DagBag from /opt/airflow/dags/dag_three.py
[2025-11-24T10:32:44.672+0000] {processor.py:840} INFO - DAG(s) 'duckdb_to_iceberg_bronze' retrieved from /opt/airflow/dags/dag_three.py
[2025-11-24T10:32:44.709+0000] {logging_mixin.py:188} INFO - [2025-11-24T10:32:44.709+0000] {dag.py:3036} INFO - Sync 1 DAGs
[2025-11-24T10:32:44.726+0000] {logging_mixin.py:188} INFO - [2025-11-24T10:32:44.725+0000] {dag.py:3823} INFO - Setting next_dagrun for duckdb_to_iceberg_bronze to None, run_after=None
[2025-11-24T10:32:44.769+0000] {processor.py:183} INFO - Processing /opt/airflow/dags/dag_three.py took 0.467 seconds
[2025-11-24T10:33:15.145+0000] {processor.py:161} INFO - Started process (PID=16869) to work on /opt/airflow/dags/dag_three.py
[2025-11-24T10:33:15.148+0000] {processor.py:830} INFO - Processing file /opt/airflow/dags/dag_three.py for tasks to queue
[2025-11-24T10:33:15.150+0000] {logging_mixin.py:188} INFO - [2025-11-24T10:33:15.149+0000] {dagbag.py:538} INFO - Filling up the DagBag from /opt/airflow/dags/dag_three.py
[2025-11-24T10:33:15.593+0000] {processor.py:840} INFO - DAG(s) 'duckdb_to_iceberg_bronze' retrieved from /opt/airflow/dags/dag_three.py
[2025-11-24T10:33:15.615+0000] {logging_mixin.py:188} INFO - [2025-11-24T10:33:15.615+0000] {dag.py:3036} INFO - Sync 1 DAGs
[2025-11-24T10:33:15.627+0000] {logging_mixin.py:188} INFO - [2025-11-24T10:33:15.626+0000] {dag.py:3823} INFO - Setting next_dagrun for duckdb_to_iceberg_bronze to None, run_after=None
[2025-11-24T10:33:15.654+0000] {processor.py:183} INFO - Processing /opt/airflow/dags/dag_three.py took 0.531 seconds
[2025-11-24T10:33:46.074+0000] {processor.py:161} INFO - Started process (PID=16952) to work on /opt/airflow/dags/dag_three.py
[2025-11-24T10:33:46.075+0000] {processor.py:830} INFO - Processing file /opt/airflow/dags/dag_three.py for tasks to queue
[2025-11-24T10:33:46.076+0000] {logging_mixin.py:188} INFO - [2025-11-24T10:33:46.076+0000] {dagbag.py:538} INFO - Filling up the DagBag from /opt/airflow/dags/dag_three.py
[2025-11-24T10:33:46.440+0000] {processor.py:840} INFO - DAG(s) 'duckdb_to_iceberg_bronze' retrieved from /opt/airflow/dags/dag_three.py
[2025-11-24T10:33:46.468+0000] {logging_mixin.py:188} INFO - [2025-11-24T10:33:46.467+0000] {dag.py:3036} INFO - Sync 1 DAGs
[2025-11-24T10:33:46.476+0000] {logging_mixin.py:188} INFO - [2025-11-24T10:33:46.476+0000] {dag.py:3823} INFO - Setting next_dagrun for duckdb_to_iceberg_bronze to None, run_after=None
[2025-11-24T10:33:46.490+0000] {processor.py:183} INFO - Processing /opt/airflow/dags/dag_three.py took 0.421 seconds
[2025-11-24T10:34:17.010+0000] {processor.py:161} INFO - Started process (PID=17017) to work on /opt/airflow/dags/dag_three.py
[2025-11-24T10:34:17.013+0000] {processor.py:830} INFO - Processing file /opt/airflow/dags/dag_three.py for tasks to queue
[2025-11-24T10:34:17.015+0000] {logging_mixin.py:188} INFO - [2025-11-24T10:34:17.014+0000] {dagbag.py:538} INFO - Filling up the DagBag from /opt/airflow/dags/dag_three.py
[2025-11-24T10:34:17.410+0000] {processor.py:840} INFO - DAG(s) 'duckdb_to_iceberg_bronze' retrieved from /opt/airflow/dags/dag_three.py
[2025-11-24T10:34:17.433+0000] {logging_mixin.py:188} INFO - [2025-11-24T10:34:17.433+0000] {dag.py:3036} INFO - Sync 1 DAGs
[2025-11-24T10:34:17.448+0000] {logging_mixin.py:188} INFO - [2025-11-24T10:34:17.448+0000] {dag.py:3823} INFO - Setting next_dagrun for duckdb_to_iceberg_bronze to None, run_after=None
[2025-11-24T10:34:17.478+0000] {processor.py:183} INFO - Processing /opt/airflow/dags/dag_three.py took 0.475 seconds
[2025-11-24T10:34:47.754+0000] {processor.py:161} INFO - Started process (PID=17103) to work on /opt/airflow/dags/dag_three.py
[2025-11-24T10:34:47.756+0000] {processor.py:830} INFO - Processing file /opt/airflow/dags/dag_three.py for tasks to queue
[2025-11-24T10:34:47.758+0000] {logging_mixin.py:188} INFO - [2025-11-24T10:34:47.758+0000] {dagbag.py:538} INFO - Filling up the DagBag from /opt/airflow/dags/dag_three.py
[2025-11-24T10:34:48.146+0000] {processor.py:840} INFO - DAG(s) 'duckdb_to_iceberg_bronze' retrieved from /opt/airflow/dags/dag_three.py
[2025-11-24T10:34:48.175+0000] {logging_mixin.py:188} INFO - [2025-11-24T10:34:48.174+0000] {dag.py:3036} INFO - Sync 1 DAGs
[2025-11-24T10:34:48.188+0000] {logging_mixin.py:188} INFO - [2025-11-24T10:34:48.188+0000] {dag.py:3823} INFO - Setting next_dagrun for duckdb_to_iceberg_bronze to None, run_after=None
[2025-11-24T10:34:48.202+0000] {processor.py:183} INFO - Processing /opt/airflow/dags/dag_three.py took 0.456 seconds
[2025-11-24T10:35:18.704+0000] {processor.py:161} INFO - Started process (PID=17189) to work on /opt/airflow/dags/dag_three.py
[2025-11-24T10:35:18.706+0000] {processor.py:830} INFO - Processing file /opt/airflow/dags/dag_three.py for tasks to queue
[2025-11-24T10:35:18.707+0000] {logging_mixin.py:188} INFO - [2025-11-24T10:35:18.707+0000] {dagbag.py:538} INFO - Filling up the DagBag from /opt/airflow/dags/dag_three.py
[2025-11-24T10:35:19.082+0000] {processor.py:840} INFO - DAG(s) 'duckdb_to_iceberg_bronze' retrieved from /opt/airflow/dags/dag_three.py
[2025-11-24T10:35:19.107+0000] {logging_mixin.py:188} INFO - [2025-11-24T10:35:19.106+0000] {dag.py:3036} INFO - Sync 1 DAGs
[2025-11-24T10:35:19.117+0000] {logging_mixin.py:188} INFO - [2025-11-24T10:35:19.117+0000] {dag.py:3823} INFO - Setting next_dagrun for duckdb_to_iceberg_bronze to None, run_after=None
[2025-11-24T10:35:19.142+0000] {processor.py:183} INFO - Processing /opt/airflow/dags/dag_three.py took 0.445 seconds
[2025-11-24T10:35:49.588+0000] {processor.py:161} INFO - Started process (PID=17275) to work on /opt/airflow/dags/dag_three.py
[2025-11-24T10:35:49.590+0000] {processor.py:830} INFO - Processing file /opt/airflow/dags/dag_three.py for tasks to queue
[2025-11-24T10:35:49.594+0000] {logging_mixin.py:188} INFO - [2025-11-24T10:35:49.592+0000] {dagbag.py:538} INFO - Filling up the DagBag from /opt/airflow/dags/dag_three.py
[2025-11-24T10:35:49.968+0000] {processor.py:840} INFO - DAG(s) 'duckdb_to_iceberg_bronze' retrieved from /opt/airflow/dags/dag_three.py
[2025-11-24T10:35:49.988+0000] {logging_mixin.py:188} INFO - [2025-11-24T10:35:49.988+0000] {dag.py:3036} INFO - Sync 1 DAGs
[2025-11-24T10:35:49.997+0000] {logging_mixin.py:188} INFO - [2025-11-24T10:35:49.997+0000] {dag.py:3823} INFO - Setting next_dagrun for duckdb_to_iceberg_bronze to None, run_after=None
[2025-11-24T10:35:50.022+0000] {processor.py:183} INFO - Processing /opt/airflow/dags/dag_three.py took 0.444 seconds
[2025-11-24T10:36:20.274+0000] {processor.py:161} INFO - Started process (PID=17361) to work on /opt/airflow/dags/dag_three.py
[2025-11-24T10:36:20.275+0000] {processor.py:830} INFO - Processing file /opt/airflow/dags/dag_three.py for tasks to queue
[2025-11-24T10:36:20.276+0000] {logging_mixin.py:188} INFO - [2025-11-24T10:36:20.276+0000] {dagbag.py:538} INFO - Filling up the DagBag from /opt/airflow/dags/dag_three.py
[2025-11-24T10:36:20.637+0000] {processor.py:840} INFO - DAG(s) 'duckdb_to_iceberg_bronze' retrieved from /opt/airflow/dags/dag_three.py
[2025-11-24T10:36:20.660+0000] {logging_mixin.py:188} INFO - [2025-11-24T10:36:20.659+0000] {dag.py:3036} INFO - Sync 1 DAGs
[2025-11-24T10:36:20.670+0000] {logging_mixin.py:188} INFO - [2025-11-24T10:36:20.670+0000] {dag.py:3823} INFO - Setting next_dagrun for duckdb_to_iceberg_bronze to None, run_after=None
[2025-11-24T10:36:20.701+0000] {processor.py:183} INFO - Processing /opt/airflow/dags/dag_three.py took 0.430 seconds
[2025-11-24T10:36:51.130+0000] {processor.py:161} INFO - Started process (PID=17447) to work on /opt/airflow/dags/dag_three.py
[2025-11-24T10:36:51.132+0000] {processor.py:830} INFO - Processing file /opt/airflow/dags/dag_three.py for tasks to queue
[2025-11-24T10:36:51.134+0000] {logging_mixin.py:188} INFO - [2025-11-24T10:36:51.133+0000] {dagbag.py:538} INFO - Filling up the DagBag from /opt/airflow/dags/dag_three.py
[2025-11-24T10:36:51.526+0000] {processor.py:840} INFO - DAG(s) 'duckdb_to_iceberg_bronze' retrieved from /opt/airflow/dags/dag_three.py
[2025-11-24T10:36:51.550+0000] {logging_mixin.py:188} INFO - [2025-11-24T10:36:51.549+0000] {dag.py:3036} INFO - Sync 1 DAGs
[2025-11-24T10:36:51.559+0000] {logging_mixin.py:188} INFO - [2025-11-24T10:36:51.559+0000] {dag.py:3823} INFO - Setting next_dagrun for duckdb_to_iceberg_bronze to None, run_after=None
[2025-11-24T10:36:51.580+0000] {processor.py:183} INFO - Processing /opt/airflow/dags/dag_three.py took 0.456 seconds
[2025-11-24T10:37:21.896+0000] {processor.py:161} INFO - Started process (PID=17533) to work on /opt/airflow/dags/dag_three.py
[2025-11-24T10:37:21.897+0000] {processor.py:830} INFO - Processing file /opt/airflow/dags/dag_three.py for tasks to queue
[2025-11-24T10:37:21.898+0000] {logging_mixin.py:188} INFO - [2025-11-24T10:37:21.898+0000] {dagbag.py:538} INFO - Filling up the DagBag from /opt/airflow/dags/dag_three.py
[2025-11-24T10:37:22.331+0000] {processor.py:840} INFO - DAG(s) 'duckdb_to_iceberg_bronze' retrieved from /opt/airflow/dags/dag_three.py
[2025-11-24T10:37:22.362+0000] {logging_mixin.py:188} INFO - [2025-11-24T10:37:22.361+0000] {dag.py:3036} INFO - Sync 1 DAGs
[2025-11-24T10:37:22.387+0000] {logging_mixin.py:188} INFO - [2025-11-24T10:37:22.386+0000] {dag.py:3823} INFO - Setting next_dagrun for duckdb_to_iceberg_bronze to None, run_after=None
[2025-11-24T10:37:22.418+0000] {processor.py:183} INFO - Processing /opt/airflow/dags/dag_three.py took 0.525 seconds
[2025-11-24T10:37:53.032+0000] {processor.py:161} INFO - Started process (PID=17619) to work on /opt/airflow/dags/dag_three.py
[2025-11-24T10:37:53.034+0000] {processor.py:830} INFO - Processing file /opt/airflow/dags/dag_three.py for tasks to queue
[2025-11-24T10:37:53.036+0000] {logging_mixin.py:188} INFO - [2025-11-24T10:37:53.035+0000] {dagbag.py:538} INFO - Filling up the DagBag from /opt/airflow/dags/dag_three.py
[2025-11-24T10:37:53.418+0000] {processor.py:840} INFO - DAG(s) 'duckdb_to_iceberg_bronze' retrieved from /opt/airflow/dags/dag_three.py
[2025-11-24T10:37:53.441+0000] {logging_mixin.py:188} INFO - [2025-11-24T10:37:53.441+0000] {dag.py:3036} INFO - Sync 1 DAGs
[2025-11-24T10:37:53.453+0000] {logging_mixin.py:188} INFO - [2025-11-24T10:37:53.453+0000] {dag.py:3823} INFO - Setting next_dagrun for duckdb_to_iceberg_bronze to None, run_after=None
[2025-11-24T10:37:53.478+0000] {processor.py:183} INFO - Processing /opt/airflow/dags/dag_three.py took 0.452 seconds
[2025-11-24T10:38:23.870+0000] {processor.py:161} INFO - Started process (PID=17705) to work on /opt/airflow/dags/dag_three.py
[2025-11-24T10:38:23.876+0000] {processor.py:830} INFO - Processing file /opt/airflow/dags/dag_three.py for tasks to queue
[2025-11-24T10:38:23.881+0000] {logging_mixin.py:188} INFO - [2025-11-24T10:38:23.880+0000] {dagbag.py:538} INFO - Filling up the DagBag from /opt/airflow/dags/dag_three.py
[2025-11-24T10:38:24.330+0000] {processor.py:840} INFO - DAG(s) 'duckdb_to_iceberg_bronze' retrieved from /opt/airflow/dags/dag_three.py
[2025-11-24T10:38:24.357+0000] {logging_mixin.py:188} INFO - [2025-11-24T10:38:24.357+0000] {dag.py:3036} INFO - Sync 1 DAGs
[2025-11-24T10:38:24.379+0000] {logging_mixin.py:188} INFO - [2025-11-24T10:38:24.379+0000] {dag.py:3823} INFO - Setting next_dagrun for duckdb_to_iceberg_bronze to None, run_after=None
[2025-11-24T10:38:24.420+0000] {processor.py:183} INFO - Processing /opt/airflow/dags/dag_three.py took 0.565 seconds
[2025-11-24T10:38:54.598+0000] {processor.py:161} INFO - Started process (PID=17791) to work on /opt/airflow/dags/dag_three.py
[2025-11-24T10:38:54.600+0000] {processor.py:830} INFO - Processing file /opt/airflow/dags/dag_three.py for tasks to queue
[2025-11-24T10:38:54.602+0000] {logging_mixin.py:188} INFO - [2025-11-24T10:38:54.601+0000] {dagbag.py:538} INFO - Filling up the DagBag from /opt/airflow/dags/dag_three.py
[2025-11-24T10:38:55.050+0000] {processor.py:840} INFO - DAG(s) 'duckdb_to_iceberg_bronze' retrieved from /opt/airflow/dags/dag_three.py
[2025-11-24T10:38:55.081+0000] {logging_mixin.py:188} INFO - [2025-11-24T10:38:55.081+0000] {dag.py:3036} INFO - Sync 1 DAGs
[2025-11-24T10:38:55.095+0000] {logging_mixin.py:188} INFO - [2025-11-24T10:38:55.094+0000] {dag.py:3823} INFO - Setting next_dagrun for duckdb_to_iceberg_bronze to None, run_after=None
[2025-11-24T10:38:55.132+0000] {processor.py:183} INFO - Processing /opt/airflow/dags/dag_three.py took 0.538 seconds
[2025-11-24T10:39:25.428+0000] {processor.py:161} INFO - Started process (PID=17877) to work on /opt/airflow/dags/dag_three.py
[2025-11-24T10:39:25.429+0000] {processor.py:830} INFO - Processing file /opt/airflow/dags/dag_three.py for tasks to queue
[2025-11-24T10:39:25.431+0000] {logging_mixin.py:188} INFO - [2025-11-24T10:39:25.431+0000] {dagbag.py:538} INFO - Filling up the DagBag from /opt/airflow/dags/dag_three.py
[2025-11-24T10:39:25.815+0000] {processor.py:840} INFO - DAG(s) 'duckdb_to_iceberg_bronze' retrieved from /opt/airflow/dags/dag_three.py
[2025-11-24T10:39:25.833+0000] {logging_mixin.py:188} INFO - [2025-11-24T10:39:25.833+0000] {dag.py:3036} INFO - Sync 1 DAGs
[2025-11-24T10:39:25.843+0000] {logging_mixin.py:188} INFO - [2025-11-24T10:39:25.843+0000] {dag.py:3823} INFO - Setting next_dagrun for duckdb_to_iceberg_bronze to None, run_after=None
[2025-11-24T10:39:25.867+0000] {processor.py:183} INFO - Processing /opt/airflow/dags/dag_three.py took 0.443 seconds
[2025-11-24T10:39:56.574+0000] {processor.py:161} INFO - Started process (PID=17963) to work on /opt/airflow/dags/dag_three.py
[2025-11-24T10:39:56.575+0000] {processor.py:830} INFO - Processing file /opt/airflow/dags/dag_three.py for tasks to queue
[2025-11-24T10:39:56.577+0000] {logging_mixin.py:188} INFO - [2025-11-24T10:39:56.576+0000] {dagbag.py:538} INFO - Filling up the DagBag from /opt/airflow/dags/dag_three.py
[2025-11-24T10:39:56.972+0000] {processor.py:840} INFO - DAG(s) 'duckdb_to_iceberg_bronze' retrieved from /opt/airflow/dags/dag_three.py
[2025-11-24T10:39:57.045+0000] {logging_mixin.py:188} INFO - [2025-11-24T10:39:57.045+0000] {dag.py:3036} INFO - Sync 1 DAGs
[2025-11-24T10:39:57.054+0000] {logging_mixin.py:188} INFO - [2025-11-24T10:39:57.054+0000] {dag.py:3823} INFO - Setting next_dagrun for duckdb_to_iceberg_bronze to None, run_after=None
[2025-11-24T10:39:57.067+0000] {processor.py:183} INFO - Processing /opt/airflow/dags/dag_three.py took 0.499 seconds
[2025-11-24T10:40:27.424+0000] {processor.py:161} INFO - Started process (PID=18049) to work on /opt/airflow/dags/dag_three.py
[2025-11-24T10:40:27.426+0000] {processor.py:830} INFO - Processing file /opt/airflow/dags/dag_three.py for tasks to queue
[2025-11-24T10:40:27.427+0000] {logging_mixin.py:188} INFO - [2025-11-24T10:40:27.427+0000] {dagbag.py:538} INFO - Filling up the DagBag from /opt/airflow/dags/dag_three.py
[2025-11-24T10:40:27.804+0000] {processor.py:840} INFO - DAG(s) 'duckdb_to_iceberg_bronze' retrieved from /opt/airflow/dags/dag_three.py
[2025-11-24T10:40:27.835+0000] {logging_mixin.py:188} INFO - [2025-11-24T10:40:27.835+0000] {dag.py:3036} INFO - Sync 1 DAGs
[2025-11-24T10:40:27.846+0000] {logging_mixin.py:188} INFO - [2025-11-24T10:40:27.846+0000] {dag.py:3823} INFO - Setting next_dagrun for duckdb_to_iceberg_bronze to None, run_after=None
[2025-11-24T10:40:27.863+0000] {processor.py:183} INFO - Processing /opt/airflow/dags/dag_three.py took 0.444 seconds
[2025-11-24T10:40:58.205+0000] {processor.py:161} INFO - Started process (PID=18135) to work on /opt/airflow/dags/dag_three.py
[2025-11-24T10:40:58.207+0000] {processor.py:830} INFO - Processing file /opt/airflow/dags/dag_three.py for tasks to queue
[2025-11-24T10:40:58.208+0000] {logging_mixin.py:188} INFO - [2025-11-24T10:40:58.207+0000] {dagbag.py:538} INFO - Filling up the DagBag from /opt/airflow/dags/dag_three.py
[2025-11-24T10:40:58.580+0000] {processor.py:840} INFO - DAG(s) 'duckdb_to_iceberg_bronze' retrieved from /opt/airflow/dags/dag_three.py
[2025-11-24T10:40:58.605+0000] {logging_mixin.py:188} INFO - [2025-11-24T10:40:58.605+0000] {dag.py:3036} INFO - Sync 1 DAGs
[2025-11-24T10:40:58.614+0000] {logging_mixin.py:188} INFO - [2025-11-24T10:40:58.614+0000] {dag.py:3823} INFO - Setting next_dagrun for duckdb_to_iceberg_bronze to None, run_after=None
[2025-11-24T10:40:58.640+0000] {processor.py:183} INFO - Processing /opt/airflow/dags/dag_three.py took 0.442 seconds
[2025-11-24T10:41:29.081+0000] {processor.py:161} INFO - Started process (PID=18221) to work on /opt/airflow/dags/dag_three.py
[2025-11-24T10:41:29.084+0000] {processor.py:830} INFO - Processing file /opt/airflow/dags/dag_three.py for tasks to queue
[2025-11-24T10:41:29.092+0000] {logging_mixin.py:188} INFO - [2025-11-24T10:41:29.090+0000] {dagbag.py:538} INFO - Filling up the DagBag from /opt/airflow/dags/dag_three.py
[2025-11-24T10:41:29.506+0000] {processor.py:840} INFO - DAG(s) 'duckdb_to_iceberg_bronze' retrieved from /opt/airflow/dags/dag_three.py
[2025-11-24T10:41:29.526+0000] {logging_mixin.py:188} INFO - [2025-11-24T10:41:29.525+0000] {dag.py:3036} INFO - Sync 1 DAGs
[2025-11-24T10:41:29.535+0000] {logging_mixin.py:188} INFO - [2025-11-24T10:41:29.535+0000] {dag.py:3823} INFO - Setting next_dagrun for duckdb_to_iceberg_bronze to None, run_after=None
[2025-11-24T10:41:29.551+0000] {processor.py:183} INFO - Processing /opt/airflow/dags/dag_three.py took 0.478 seconds
[2025-11-24T10:41:59.970+0000] {processor.py:161} INFO - Started process (PID=18304) to work on /opt/airflow/dags/dag_three.py
[2025-11-24T10:41:59.970+0000] {processor.py:830} INFO - Processing file /opt/airflow/dags/dag_three.py for tasks to queue
[2025-11-24T10:41:59.971+0000] {logging_mixin.py:188} INFO - [2025-11-24T10:41:59.971+0000] {dagbag.py:538} INFO - Filling up the DagBag from /opt/airflow/dags/dag_three.py
[2025-11-24T10:42:00.336+0000] {processor.py:840} INFO - DAG(s) 'duckdb_to_iceberg_bronze' retrieved from /opt/airflow/dags/dag_three.py
[2025-11-24T10:42:00.364+0000] {logging_mixin.py:188} INFO - [2025-11-24T10:42:00.363+0000] {dag.py:3036} INFO - Sync 1 DAGs
[2025-11-24T10:42:00.373+0000] {logging_mixin.py:188} INFO - [2025-11-24T10:42:00.373+0000] {dag.py:3823} INFO - Setting next_dagrun for duckdb_to_iceberg_bronze to None, run_after=None
[2025-11-24T10:42:00.399+0000] {processor.py:183} INFO - Processing /opt/airflow/dags/dag_three.py took 0.432 seconds
[2025-11-24T10:42:30.833+0000] {processor.py:161} INFO - Started process (PID=18369) to work on /opt/airflow/dags/dag_three.py
[2025-11-24T10:42:30.835+0000] {processor.py:830} INFO - Processing file /opt/airflow/dags/dag_three.py for tasks to queue
[2025-11-24T10:42:30.837+0000] {logging_mixin.py:188} INFO - [2025-11-24T10:42:30.836+0000] {dagbag.py:538} INFO - Filling up the DagBag from /opt/airflow/dags/dag_three.py
[2025-11-24T10:42:31.217+0000] {processor.py:840} INFO - DAG(s) 'duckdb_to_iceberg_bronze' retrieved from /opt/airflow/dags/dag_three.py
[2025-11-24T10:42:31.237+0000] {logging_mixin.py:188} INFO - [2025-11-24T10:42:31.237+0000] {dag.py:3036} INFO - Sync 1 DAGs
[2025-11-24T10:42:31.247+0000] {logging_mixin.py:188} INFO - [2025-11-24T10:42:31.247+0000] {dag.py:3823} INFO - Setting next_dagrun for duckdb_to_iceberg_bronze to None, run_after=None
[2025-11-24T10:42:31.262+0000] {processor.py:183} INFO - Processing /opt/airflow/dags/dag_three.py took 0.435 seconds
[2025-11-24T10:43:01.594+0000] {processor.py:161} INFO - Started process (PID=18455) to work on /opt/airflow/dags/dag_three.py
[2025-11-24T10:43:01.595+0000] {processor.py:830} INFO - Processing file /opt/airflow/dags/dag_three.py for tasks to queue
[2025-11-24T10:43:01.597+0000] {logging_mixin.py:188} INFO - [2025-11-24T10:43:01.597+0000] {dagbag.py:538} INFO - Filling up the DagBag from /opt/airflow/dags/dag_three.py
[2025-11-24T10:43:01.996+0000] {processor.py:840} INFO - DAG(s) 'duckdb_to_iceberg_bronze' retrieved from /opt/airflow/dags/dag_three.py
[2025-11-24T10:43:02.023+0000] {logging_mixin.py:188} INFO - [2025-11-24T10:43:02.020+0000] {dag.py:3036} INFO - Sync 1 DAGs
[2025-11-24T10:43:02.046+0000] {logging_mixin.py:188} INFO - [2025-11-24T10:43:02.046+0000] {dag.py:3823} INFO - Setting next_dagrun for duckdb_to_iceberg_bronze to None, run_after=None
[2025-11-24T10:43:02.088+0000] {processor.py:183} INFO - Processing /opt/airflow/dags/dag_three.py took 0.501 seconds
[2025-11-24T10:43:32.154+0000] {processor.py:161} INFO - Started process (PID=18541) to work on /opt/airflow/dags/dag_three.py
[2025-11-24T10:43:32.155+0000] {processor.py:830} INFO - Processing file /opt/airflow/dags/dag_three.py for tasks to queue
[2025-11-24T10:43:32.155+0000] {logging_mixin.py:188} INFO - [2025-11-24T10:43:32.155+0000] {dagbag.py:538} INFO - Filling up the DagBag from /opt/airflow/dags/dag_three.py
[2025-11-24T10:43:32.524+0000] {processor.py:840} INFO - DAG(s) 'duckdb_to_iceberg_bronze' retrieved from /opt/airflow/dags/dag_three.py
[2025-11-24T10:43:32.546+0000] {logging_mixin.py:188} INFO - [2025-11-24T10:43:32.546+0000] {dag.py:3036} INFO - Sync 1 DAGs
[2025-11-24T10:43:32.555+0000] {logging_mixin.py:188} INFO - [2025-11-24T10:43:32.555+0000] {dag.py:3823} INFO - Setting next_dagrun for duckdb_to_iceberg_bronze to None, run_after=None
[2025-11-24T10:43:32.579+0000] {processor.py:183} INFO - Processing /opt/airflow/dags/dag_three.py took 0.427 seconds
[2025-11-24T10:44:03.050+0000] {processor.py:161} INFO - Started process (PID=18627) to work on /opt/airflow/dags/dag_three.py
[2025-11-24T10:44:03.061+0000] {processor.py:830} INFO - Processing file /opt/airflow/dags/dag_three.py for tasks to queue
[2025-11-24T10:44:03.063+0000] {logging_mixin.py:188} INFO - [2025-11-24T10:44:03.063+0000] {dagbag.py:538} INFO - Filling up the DagBag from /opt/airflow/dags/dag_three.py
[2025-11-24T10:44:03.442+0000] {processor.py:840} INFO - DAG(s) 'duckdb_to_iceberg_bronze' retrieved from /opt/airflow/dags/dag_three.py
[2025-11-24T10:44:03.461+0000] {logging_mixin.py:188} INFO - [2025-11-24T10:44:03.461+0000] {dag.py:3036} INFO - Sync 1 DAGs
[2025-11-24T10:44:03.471+0000] {logging_mixin.py:188} INFO - [2025-11-24T10:44:03.471+0000] {dag.py:3823} INFO - Setting next_dagrun for duckdb_to_iceberg_bronze to None, run_after=None
[2025-11-24T10:44:03.501+0000] {processor.py:183} INFO - Processing /opt/airflow/dags/dag_three.py took 0.456 seconds
[2025-11-24T10:44:34.039+0000] {processor.py:161} INFO - Started process (PID=18713) to work on /opt/airflow/dags/dag_three.py
[2025-11-24T10:44:34.040+0000] {processor.py:830} INFO - Processing file /opt/airflow/dags/dag_three.py for tasks to queue
[2025-11-24T10:44:34.040+0000] {logging_mixin.py:188} INFO - [2025-11-24T10:44:34.040+0000] {dagbag.py:538} INFO - Filling up the DagBag from /opt/airflow/dags/dag_three.py
[2025-11-24T10:44:34.405+0000] {processor.py:840} INFO - DAG(s) 'duckdb_to_iceberg_bronze' retrieved from /opt/airflow/dags/dag_three.py
[2025-11-24T10:44:34.430+0000] {logging_mixin.py:188} INFO - [2025-11-24T10:44:34.429+0000] {dag.py:3036} INFO - Sync 1 DAGs
[2025-11-24T10:44:34.443+0000] {logging_mixin.py:188} INFO - [2025-11-24T10:44:34.443+0000] {dag.py:3823} INFO - Setting next_dagrun for duckdb_to_iceberg_bronze to None, run_after=None
[2025-11-24T10:44:34.471+0000] {processor.py:183} INFO - Processing /opt/airflow/dags/dag_three.py took 0.435 seconds
[2025-11-24T10:45:04.917+0000] {processor.py:161} INFO - Started process (PID=18799) to work on /opt/airflow/dags/dag_three.py
[2025-11-24T10:45:04.919+0000] {processor.py:830} INFO - Processing file /opt/airflow/dags/dag_three.py for tasks to queue
[2025-11-24T10:45:04.921+0000] {logging_mixin.py:188} INFO - [2025-11-24T10:45:04.920+0000] {dagbag.py:538} INFO - Filling up the DagBag from /opt/airflow/dags/dag_three.py
[2025-11-24T10:45:05.326+0000] {processor.py:840} INFO - DAG(s) 'duckdb_to_iceberg_bronze' retrieved from /opt/airflow/dags/dag_three.py
[2025-11-24T10:45:05.351+0000] {logging_mixin.py:188} INFO - [2025-11-24T10:45:05.350+0000] {dag.py:3036} INFO - Sync 1 DAGs
[2025-11-24T10:45:05.362+0000] {logging_mixin.py:188} INFO - [2025-11-24T10:45:05.362+0000] {dag.py:3823} INFO - Setting next_dagrun for duckdb_to_iceberg_bronze to None, run_after=None
[2025-11-24T10:45:05.400+0000] {processor.py:183} INFO - Processing /opt/airflow/dags/dag_three.py took 0.490 seconds
[2025-11-24T10:45:35.759+0000] {processor.py:161} INFO - Started process (PID=18885) to work on /opt/airflow/dags/dag_three.py
[2025-11-24T10:45:35.760+0000] {processor.py:830} INFO - Processing file /opt/airflow/dags/dag_three.py for tasks to queue
[2025-11-24T10:45:35.761+0000] {logging_mixin.py:188} INFO - [2025-11-24T10:45:35.761+0000] {dagbag.py:538} INFO - Filling up the DagBag from /opt/airflow/dags/dag_three.py
[2025-11-24T10:45:36.138+0000] {processor.py:840} INFO - DAG(s) 'duckdb_to_iceberg_bronze' retrieved from /opt/airflow/dags/dag_three.py
[2025-11-24T10:45:36.159+0000] {logging_mixin.py:188} INFO - [2025-11-24T10:45:36.158+0000] {dag.py:3036} INFO - Sync 1 DAGs
[2025-11-24T10:45:36.167+0000] {logging_mixin.py:188} INFO - [2025-11-24T10:45:36.167+0000] {dag.py:3823} INFO - Setting next_dagrun for duckdb_to_iceberg_bronze to None, run_after=None
[2025-11-24T10:45:36.192+0000] {processor.py:183} INFO - Processing /opt/airflow/dags/dag_three.py took 0.437 seconds
[2025-11-24T10:46:06.865+0000] {processor.py:161} INFO - Started process (PID=18971) to work on /opt/airflow/dags/dag_three.py
[2025-11-24T10:46:06.866+0000] {processor.py:830} INFO - Processing file /opt/airflow/dags/dag_three.py for tasks to queue
[2025-11-24T10:46:06.868+0000] {logging_mixin.py:188} INFO - [2025-11-24T10:46:06.867+0000] {dagbag.py:538} INFO - Filling up the DagBag from /opt/airflow/dags/dag_three.py
[2025-11-24T10:46:07.249+0000] {processor.py:840} INFO - DAG(s) 'duckdb_to_iceberg_bronze' retrieved from /opt/airflow/dags/dag_three.py
[2025-11-24T10:46:07.269+0000] {logging_mixin.py:188} INFO - [2025-11-24T10:46:07.268+0000] {dag.py:3036} INFO - Sync 1 DAGs
[2025-11-24T10:46:07.278+0000] {logging_mixin.py:188} INFO - [2025-11-24T10:46:07.278+0000] {dag.py:3823} INFO - Setting next_dagrun for duckdb_to_iceberg_bronze to None, run_after=None
[2025-11-24T10:46:07.303+0000] {processor.py:183} INFO - Processing /opt/airflow/dags/dag_three.py took 0.444 seconds
[2025-11-24T10:46:37.730+0000] {processor.py:161} INFO - Started process (PID=19057) to work on /opt/airflow/dags/dag_three.py
[2025-11-24T10:46:37.732+0000] {processor.py:830} INFO - Processing file /opt/airflow/dags/dag_three.py for tasks to queue
[2025-11-24T10:46:37.735+0000] {logging_mixin.py:188} INFO - [2025-11-24T10:46:37.734+0000] {dagbag.py:538} INFO - Filling up the DagBag from /opt/airflow/dags/dag_three.py
[2025-11-24T10:46:38.130+0000] {processor.py:840} INFO - DAG(s) 'duckdb_to_iceberg_bronze' retrieved from /opt/airflow/dags/dag_three.py
[2025-11-24T10:46:38.158+0000] {logging_mixin.py:188} INFO - [2025-11-24T10:46:38.157+0000] {dag.py:3036} INFO - Sync 1 DAGs
[2025-11-24T10:46:38.168+0000] {logging_mixin.py:188} INFO - [2025-11-24T10:46:38.168+0000] {dag.py:3823} INFO - Setting next_dagrun for duckdb_to_iceberg_bronze to None, run_after=None
[2025-11-24T10:46:38.201+0000] {processor.py:183} INFO - Processing /opt/airflow/dags/dag_three.py took 0.479 seconds
[2025-11-24T10:47:08.461+0000] {processor.py:161} INFO - Started process (PID=19143) to work on /opt/airflow/dags/dag_three.py
[2025-11-24T10:47:08.462+0000] {processor.py:830} INFO - Processing file /opt/airflow/dags/dag_three.py for tasks to queue
[2025-11-24T10:47:08.464+0000] {logging_mixin.py:188} INFO - [2025-11-24T10:47:08.463+0000] {dagbag.py:538} INFO - Filling up the DagBag from /opt/airflow/dags/dag_three.py
[2025-11-24T10:47:08.842+0000] {processor.py:840} INFO - DAG(s) 'duckdb_to_iceberg_bronze' retrieved from /opt/airflow/dags/dag_three.py
[2025-11-24T10:47:08.863+0000] {logging_mixin.py:188} INFO - [2025-11-24T10:47:08.863+0000] {dag.py:3036} INFO - Sync 1 DAGs
[2025-11-24T10:47:08.879+0000] {logging_mixin.py:188} INFO - [2025-11-24T10:47:08.879+0000] {dag.py:3823} INFO - Setting next_dagrun for duckdb_to_iceberg_bronze to None, run_after=None
[2025-11-24T10:47:08.910+0000] {processor.py:183} INFO - Processing /opt/airflow/dags/dag_three.py took 0.455 seconds
[2025-11-24T10:47:39.296+0000] {processor.py:161} INFO - Started process (PID=19229) to work on /opt/airflow/dags/dag_three.py
[2025-11-24T10:47:39.297+0000] {processor.py:830} INFO - Processing file /opt/airflow/dags/dag_three.py for tasks to queue
[2025-11-24T10:47:39.299+0000] {logging_mixin.py:188} INFO - [2025-11-24T10:47:39.299+0000] {dagbag.py:538} INFO - Filling up the DagBag from /opt/airflow/dags/dag_three.py
[2025-11-24T10:47:39.699+0000] {processor.py:840} INFO - DAG(s) 'duckdb_to_iceberg_bronze' retrieved from /opt/airflow/dags/dag_three.py
[2025-11-24T10:47:39.724+0000] {logging_mixin.py:188} INFO - [2025-11-24T10:47:39.723+0000] {dag.py:3036} INFO - Sync 1 DAGs
[2025-11-24T10:47:39.734+0000] {logging_mixin.py:188} INFO - [2025-11-24T10:47:39.734+0000] {dag.py:3823} INFO - Setting next_dagrun for duckdb_to_iceberg_bronze to None, run_after=None
[2025-11-24T10:47:39.775+0000] {processor.py:183} INFO - Processing /opt/airflow/dags/dag_three.py took 0.485 seconds
[2025-11-24T10:48:10.042+0000] {processor.py:161} INFO - Started process (PID=19315) to work on /opt/airflow/dags/dag_three.py
[2025-11-24T10:48:10.045+0000] {processor.py:830} INFO - Processing file /opt/airflow/dags/dag_three.py for tasks to queue
[2025-11-24T10:48:10.046+0000] {logging_mixin.py:188} INFO - [2025-11-24T10:48:10.046+0000] {dagbag.py:538} INFO - Filling up the DagBag from /opt/airflow/dags/dag_three.py
[2025-11-24T10:48:10.442+0000] {processor.py:840} INFO - DAG(s) 'duckdb_to_iceberg_bronze' retrieved from /opt/airflow/dags/dag_three.py
[2025-11-24T10:48:10.462+0000] {logging_mixin.py:188} INFO - [2025-11-24T10:48:10.461+0000] {dag.py:3036} INFO - Sync 1 DAGs
[2025-11-24T10:48:10.477+0000] {logging_mixin.py:188} INFO - [2025-11-24T10:48:10.476+0000] {dag.py:3823} INFO - Setting next_dagrun for duckdb_to_iceberg_bronze to None, run_after=None
[2025-11-24T10:48:10.512+0000] {processor.py:183} INFO - Processing /opt/airflow/dags/dag_three.py took 0.476 seconds
[2025-11-24T10:48:40.763+0000] {processor.py:161} INFO - Started process (PID=19401) to work on /opt/airflow/dags/dag_three.py
[2025-11-24T10:48:40.764+0000] {processor.py:830} INFO - Processing file /opt/airflow/dags/dag_three.py for tasks to queue
[2025-11-24T10:48:40.765+0000] {logging_mixin.py:188} INFO - [2025-11-24T10:48:40.765+0000] {dagbag.py:538} INFO - Filling up the DagBag from /opt/airflow/dags/dag_three.py
[2025-11-24T10:48:41.158+0000] {processor.py:840} INFO - DAG(s) 'duckdb_to_iceberg_bronze' retrieved from /opt/airflow/dags/dag_three.py
[2025-11-24T10:48:41.184+0000] {logging_mixin.py:188} INFO - [2025-11-24T10:48:41.184+0000] {dag.py:3036} INFO - Sync 1 DAGs
[2025-11-24T10:48:41.199+0000] {logging_mixin.py:188} INFO - [2025-11-24T10:48:41.198+0000] {dag.py:3823} INFO - Setting next_dagrun for duckdb_to_iceberg_bronze to None, run_after=None
[2025-11-24T10:48:41.231+0000] {processor.py:183} INFO - Processing /opt/airflow/dags/dag_three.py took 0.470 seconds
[2025-11-24T10:49:11.492+0000] {processor.py:161} INFO - Started process (PID=19487) to work on /opt/airflow/dags/dag_three.py
[2025-11-24T10:49:11.493+0000] {processor.py:830} INFO - Processing file /opt/airflow/dags/dag_three.py for tasks to queue
[2025-11-24T10:49:11.496+0000] {logging_mixin.py:188} INFO - [2025-11-24T10:49:11.495+0000] {dagbag.py:538} INFO - Filling up the DagBag from /opt/airflow/dags/dag_three.py
[2025-11-24T10:49:11.873+0000] {processor.py:840} INFO - DAG(s) 'duckdb_to_iceberg_bronze' retrieved from /opt/airflow/dags/dag_three.py
[2025-11-24T10:49:11.893+0000] {logging_mixin.py:188} INFO - [2025-11-24T10:49:11.893+0000] {dag.py:3036} INFO - Sync 1 DAGs
[2025-11-24T10:49:11.912+0000] {logging_mixin.py:188} INFO - [2025-11-24T10:49:11.911+0000] {dag.py:3823} INFO - Setting next_dagrun for duckdb_to_iceberg_bronze to None, run_after=None
[2025-11-24T10:49:11.954+0000] {processor.py:183} INFO - Processing /opt/airflow/dags/dag_three.py took 0.468 seconds
[2025-11-24T10:49:42.747+0000] {processor.py:161} INFO - Started process (PID=19593) to work on /opt/airflow/dags/dag_three.py
[2025-11-24T10:49:42.748+0000] {processor.py:830} INFO - Processing file /opt/airflow/dags/dag_three.py for tasks to queue
[2025-11-24T10:49:42.750+0000] {logging_mixin.py:188} INFO - [2025-11-24T10:49:42.749+0000] {dagbag.py:538} INFO - Filling up the DagBag from /opt/airflow/dags/dag_three.py
[2025-11-24T10:49:43.123+0000] {processor.py:840} INFO - DAG(s) 'duckdb_to_iceberg_bronze' retrieved from /opt/airflow/dags/dag_three.py
[2025-11-24T10:49:43.142+0000] {logging_mixin.py:188} INFO - [2025-11-24T10:49:43.142+0000] {dag.py:3036} INFO - Sync 1 DAGs
[2025-11-24T10:49:43.152+0000] {logging_mixin.py:188} INFO - [2025-11-24T10:49:43.152+0000] {dag.py:3823} INFO - Setting next_dagrun for duckdb_to_iceberg_bronze to None, run_after=None
[2025-11-24T10:49:43.175+0000] {processor.py:183} INFO - Processing /opt/airflow/dags/dag_three.py took 0.435 seconds
[2025-11-24T10:50:13.433+0000] {processor.py:161} INFO - Started process (PID=19676) to work on /opt/airflow/dags/dag_three.py
[2025-11-24T10:50:13.434+0000] {processor.py:830} INFO - Processing file /opt/airflow/dags/dag_three.py for tasks to queue
[2025-11-24T10:50:13.436+0000] {logging_mixin.py:188} INFO - [2025-11-24T10:50:13.436+0000] {dagbag.py:538} INFO - Filling up the DagBag from /opt/airflow/dags/dag_three.py
[2025-11-24T10:50:13.826+0000] {processor.py:840} INFO - DAG(s) 'duckdb_to_iceberg_bronze' retrieved from /opt/airflow/dags/dag_three.py
[2025-11-24T10:50:13.846+0000] {logging_mixin.py:188} INFO - [2025-11-24T10:50:13.846+0000] {dag.py:3036} INFO - Sync 1 DAGs
[2025-11-24T10:50:13.856+0000] {logging_mixin.py:188} INFO - [2025-11-24T10:50:13.856+0000] {dag.py:3823} INFO - Setting next_dagrun for duckdb_to_iceberg_bronze to None, run_after=None
[2025-11-24T10:50:13.886+0000] {processor.py:183} INFO - Processing /opt/airflow/dags/dag_three.py took 0.455 seconds
[2025-11-24T10:50:43.968+0000] {processor.py:161} INFO - Started process (PID=19741) to work on /opt/airflow/dags/dag_three.py
[2025-11-24T10:50:43.969+0000] {processor.py:830} INFO - Processing file /opt/airflow/dags/dag_three.py for tasks to queue
[2025-11-24T10:50:43.970+0000] {logging_mixin.py:188} INFO - [2025-11-24T10:50:43.970+0000] {dagbag.py:538} INFO - Filling up the DagBag from /opt/airflow/dags/dag_three.py
[2025-11-24T10:50:44.393+0000] {processor.py:840} INFO - DAG(s) 'duckdb_to_iceberg_bronze' retrieved from /opt/airflow/dags/dag_three.py
[2025-11-24T10:50:44.418+0000] {logging_mixin.py:188} INFO - [2025-11-24T10:50:44.417+0000] {dag.py:3036} INFO - Sync 1 DAGs
[2025-11-24T10:50:44.428+0000] {logging_mixin.py:188} INFO - [2025-11-24T10:50:44.427+0000] {dag.py:3823} INFO - Setting next_dagrun for duckdb_to_iceberg_bronze to None, run_after=None
[2025-11-24T10:50:44.452+0000] {processor.py:183} INFO - Processing /opt/airflow/dags/dag_three.py took 0.487 seconds
[2025-11-24T10:51:14.871+0000] {processor.py:161} INFO - Started process (PID=19827) to work on /opt/airflow/dags/dag_three.py
[2025-11-24T10:51:14.873+0000] {processor.py:830} INFO - Processing file /opt/airflow/dags/dag_three.py for tasks to queue
[2025-11-24T10:51:14.874+0000] {logging_mixin.py:188} INFO - [2025-11-24T10:51:14.874+0000] {dagbag.py:538} INFO - Filling up the DagBag from /opt/airflow/dags/dag_three.py
[2025-11-24T10:51:15.383+0000] {processor.py:840} INFO - DAG(s) 'duckdb_to_iceberg_bronze' retrieved from /opt/airflow/dags/dag_three.py
[2025-11-24T10:51:15.406+0000] {logging_mixin.py:188} INFO - [2025-11-24T10:51:15.404+0000] {dag.py:3036} INFO - Sync 1 DAGs
[2025-11-24T10:51:15.419+0000] {logging_mixin.py:188} INFO - [2025-11-24T10:51:15.419+0000] {dag.py:3823} INFO - Setting next_dagrun for duckdb_to_iceberg_bronze to None, run_after=None
[2025-11-24T10:51:15.440+0000] {processor.py:183} INFO - Processing /opt/airflow/dags/dag_three.py took 0.575 seconds
[2025-11-24T10:51:45.526+0000] {processor.py:161} INFO - Started process (PID=19913) to work on /opt/airflow/dags/dag_three.py
[2025-11-24T10:51:45.528+0000] {processor.py:830} INFO - Processing file /opt/airflow/dags/dag_three.py for tasks to queue
[2025-11-24T10:51:45.530+0000] {logging_mixin.py:188} INFO - [2025-11-24T10:51:45.529+0000] {dagbag.py:538} INFO - Filling up the DagBag from /opt/airflow/dags/dag_three.py
[2025-11-24T10:51:45.932+0000] {processor.py:840} INFO - DAG(s) 'duckdb_to_iceberg_bronze' retrieved from /opt/airflow/dags/dag_three.py
[2025-11-24T10:51:45.953+0000] {logging_mixin.py:188} INFO - [2025-11-24T10:51:45.952+0000] {dag.py:3036} INFO - Sync 1 DAGs
[2025-11-24T10:51:45.963+0000] {logging_mixin.py:188} INFO - [2025-11-24T10:51:45.963+0000] {dag.py:3823} INFO - Setting next_dagrun for duckdb_to_iceberg_bronze to None, run_after=None
[2025-11-24T10:51:45.989+0000] {processor.py:183} INFO - Processing /opt/airflow/dags/dag_three.py took 0.469 seconds
[2025-11-24T10:52:16.452+0000] {processor.py:161} INFO - Started process (PID=19999) to work on /opt/airflow/dags/dag_three.py
[2025-11-24T10:52:16.454+0000] {processor.py:830} INFO - Processing file /opt/airflow/dags/dag_three.py for tasks to queue
[2025-11-24T10:52:16.456+0000] {logging_mixin.py:188} INFO - [2025-11-24T10:52:16.455+0000] {dagbag.py:538} INFO - Filling up the DagBag from /opt/airflow/dags/dag_three.py
[2025-11-24T10:52:16.856+0000] {processor.py:840} INFO - DAG(s) 'duckdb_to_iceberg_bronze' retrieved from /opt/airflow/dags/dag_three.py
[2025-11-24T10:52:16.875+0000] {logging_mixin.py:188} INFO - [2025-11-24T10:52:16.874+0000] {dag.py:3036} INFO - Sync 1 DAGs
[2025-11-24T10:52:16.884+0000] {logging_mixin.py:188} INFO - [2025-11-24T10:52:16.884+0000] {dag.py:3823} INFO - Setting next_dagrun for duckdb_to_iceberg_bronze to None, run_after=None
[2025-11-24T10:52:16.901+0000] {processor.py:183} INFO - Processing /opt/airflow/dags/dag_three.py took 0.456 seconds
[2025-11-24T10:52:47.042+0000] {processor.py:161} INFO - Started process (PID=20085) to work on /opt/airflow/dags/dag_three.py
[2025-11-24T10:52:47.044+0000] {processor.py:830} INFO - Processing file /opt/airflow/dags/dag_three.py for tasks to queue
[2025-11-24T10:52:47.045+0000] {logging_mixin.py:188} INFO - [2025-11-24T10:52:47.045+0000] {dagbag.py:538} INFO - Filling up the DagBag from /opt/airflow/dags/dag_three.py
[2025-11-24T10:52:47.441+0000] {processor.py:840} INFO - DAG(s) 'duckdb_to_iceberg_bronze' retrieved from /opt/airflow/dags/dag_three.py
[2025-11-24T10:52:47.462+0000] {logging_mixin.py:188} INFO - [2025-11-24T10:52:47.462+0000] {dag.py:3036} INFO - Sync 1 DAGs
[2025-11-24T10:52:47.472+0000] {logging_mixin.py:188} INFO - [2025-11-24T10:52:47.472+0000] {dag.py:3823} INFO - Setting next_dagrun for duckdb_to_iceberg_bronze to None, run_after=None
[2025-11-24T10:52:47.488+0000] {processor.py:183} INFO - Processing /opt/airflow/dags/dag_three.py took 0.451 seconds
[2025-11-24T10:53:17.973+0000] {processor.py:161} INFO - Started process (PID=20171) to work on /opt/airflow/dags/dag_three.py
[2025-11-24T10:53:17.979+0000] {processor.py:830} INFO - Processing file /opt/airflow/dags/dag_three.py for tasks to queue
[2025-11-24T10:53:17.985+0000] {logging_mixin.py:188} INFO - [2025-11-24T10:53:17.983+0000] {dagbag.py:538} INFO - Filling up the DagBag from /opt/airflow/dags/dag_three.py
[2025-11-24T10:53:18.418+0000] {processor.py:840} INFO - DAG(s) 'duckdb_to_iceberg_bronze' retrieved from /opt/airflow/dags/dag_three.py
[2025-11-24T10:53:18.437+0000] {logging_mixin.py:188} INFO - [2025-11-24T10:53:18.436+0000] {dag.py:3036} INFO - Sync 1 DAGs
[2025-11-24T10:53:18.445+0000] {logging_mixin.py:188} INFO - [2025-11-24T10:53:18.445+0000] {dag.py:3823} INFO - Setting next_dagrun for duckdb_to_iceberg_bronze to None, run_after=None
[2025-11-24T10:53:18.473+0000] {processor.py:183} INFO - Processing /opt/airflow/dags/dag_three.py took 0.518 seconds
[2025-11-24T10:53:48.837+0000] {processor.py:161} INFO - Started process (PID=20257) to work on /opt/airflow/dags/dag_three.py
[2025-11-24T10:53:48.839+0000] {processor.py:830} INFO - Processing file /opt/airflow/dags/dag_three.py for tasks to queue
[2025-11-24T10:53:48.842+0000] {logging_mixin.py:188} INFO - [2025-11-24T10:53:48.841+0000] {dagbag.py:538} INFO - Filling up the DagBag from /opt/airflow/dags/dag_three.py
[2025-11-24T10:53:49.244+0000] {processor.py:840} INFO - DAG(s) 'duckdb_to_iceberg_bronze' retrieved from /opt/airflow/dags/dag_three.py
[2025-11-24T10:53:49.265+0000] {logging_mixin.py:188} INFO - [2025-11-24T10:53:49.264+0000] {dag.py:3036} INFO - Sync 1 DAGs
[2025-11-24T10:53:49.274+0000] {logging_mixin.py:188} INFO - [2025-11-24T10:53:49.274+0000] {dag.py:3823} INFO - Setting next_dagrun for duckdb_to_iceberg_bronze to None, run_after=None
[2025-11-24T10:53:49.299+0000] {processor.py:183} INFO - Processing /opt/airflow/dags/dag_three.py took 0.469 seconds
[2025-11-24T10:54:19.819+0000] {processor.py:161} INFO - Started process (PID=20343) to work on /opt/airflow/dags/dag_three.py
[2025-11-24T10:54:19.821+0000] {processor.py:830} INFO - Processing file /opt/airflow/dags/dag_three.py for tasks to queue
[2025-11-24T10:54:19.821+0000] {logging_mixin.py:188} INFO - [2025-11-24T10:54:19.821+0000] {dagbag.py:538} INFO - Filling up the DagBag from /opt/airflow/dags/dag_three.py
[2025-11-24T10:54:20.189+0000] {processor.py:840} INFO - DAG(s) 'duckdb_to_iceberg_bronze' retrieved from /opt/airflow/dags/dag_three.py
[2025-11-24T10:54:20.211+0000] {logging_mixin.py:188} INFO - [2025-11-24T10:54:20.211+0000] {dag.py:3036} INFO - Sync 1 DAGs
[2025-11-24T10:54:20.220+0000] {logging_mixin.py:188} INFO - [2025-11-24T10:54:20.220+0000] {dag.py:3823} INFO - Setting next_dagrun for duckdb_to_iceberg_bronze to None, run_after=None
[2025-11-24T10:54:20.235+0000] {processor.py:183} INFO - Processing /opt/airflow/dags/dag_three.py took 0.422 seconds
[2025-11-24T10:54:50.494+0000] {processor.py:161} INFO - Started process (PID=20411) to work on /opt/airflow/dags/dag_three.py
[2025-11-24T10:54:50.496+0000] {processor.py:830} INFO - Processing file /opt/airflow/dags/dag_three.py for tasks to queue
[2025-11-24T10:54:50.497+0000] {logging_mixin.py:188} INFO - [2025-11-24T10:54:50.496+0000] {dagbag.py:538} INFO - Filling up the DagBag from /opt/airflow/dags/dag_three.py
[2025-11-24T10:54:50.858+0000] {processor.py:840} INFO - DAG(s) 'duckdb_to_iceberg_bronze' retrieved from /opt/airflow/dags/dag_three.py
[2025-11-24T10:54:50.882+0000] {logging_mixin.py:188} INFO - [2025-11-24T10:54:50.882+0000] {dag.py:3036} INFO - Sync 1 DAGs
[2025-11-24T10:54:50.891+0000] {logging_mixin.py:188} INFO - [2025-11-24T10:54:50.891+0000] {dag.py:3823} INFO - Setting next_dagrun for duckdb_to_iceberg_bronze to None, run_after=None
[2025-11-24T10:54:50.911+0000] {processor.py:183} INFO - Processing /opt/airflow/dags/dag_three.py took 0.420 seconds
[2025-11-24T10:55:20.967+0000] {processor.py:161} INFO - Started process (PID=20494) to work on /opt/airflow/dags/dag_three.py
[2025-11-24T10:55:20.969+0000] {processor.py:830} INFO - Processing file /opt/airflow/dags/dag_three.py for tasks to queue
[2025-11-24T10:55:20.970+0000] {logging_mixin.py:188} INFO - [2025-11-24T10:55:20.970+0000] {dagbag.py:538} INFO - Filling up the DagBag from /opt/airflow/dags/dag_three.py
[2025-11-24T10:55:21.370+0000] {processor.py:840} INFO - DAG(s) 'duckdb_to_iceberg_bronze' retrieved from /opt/airflow/dags/dag_three.py
[2025-11-24T10:55:21.401+0000] {logging_mixin.py:188} INFO - [2025-11-24T10:55:21.397+0000] {dag.py:3036} INFO - Sync 1 DAGs
[2025-11-24T10:55:21.420+0000] {logging_mixin.py:188} INFO - [2025-11-24T10:55:21.419+0000] {dag.py:3823} INFO - Setting next_dagrun for duckdb_to_iceberg_bronze to None, run_after=None
[2025-11-24T10:55:21.459+0000] {processor.py:183} INFO - Processing /opt/airflow/dags/dag_three.py took 0.498 seconds
[2025-11-24T10:55:52.307+0000] {processor.py:161} INFO - Started process (PID=20583) to work on /opt/airflow/dags/dag_three.py
[2025-11-24T10:55:52.308+0000] {processor.py:830} INFO - Processing file /opt/airflow/dags/dag_three.py for tasks to queue
[2025-11-24T10:55:52.309+0000] {logging_mixin.py:188} INFO - [2025-11-24T10:55:52.309+0000] {dagbag.py:538} INFO - Filling up the DagBag from /opt/airflow/dags/dag_three.py
[2025-11-24T10:55:52.668+0000] {processor.py:840} INFO - DAG(s) 'duckdb_to_iceberg_bronze' retrieved from /opt/airflow/dags/dag_three.py
[2025-11-24T10:55:52.687+0000] {logging_mixin.py:188} INFO - [2025-11-24T10:55:52.686+0000] {dag.py:3036} INFO - Sync 1 DAGs
[2025-11-24T10:55:52.712+0000] {logging_mixin.py:188} INFO - [2025-11-24T10:55:52.712+0000] {dag.py:3823} INFO - Setting next_dagrun for duckdb_to_iceberg_bronze to None, run_after=None
[2025-11-24T10:55:52.736+0000] {processor.py:183} INFO - Processing /opt/airflow/dags/dag_three.py took 0.433 seconds
[2025-11-24T10:56:22.845+0000] {processor.py:161} INFO - Started process (PID=20666) to work on /opt/airflow/dags/dag_three.py
[2025-11-24T10:56:22.846+0000] {processor.py:830} INFO - Processing file /opt/airflow/dags/dag_three.py for tasks to queue
[2025-11-24T10:56:22.847+0000] {logging_mixin.py:188} INFO - [2025-11-24T10:56:22.847+0000] {dagbag.py:538} INFO - Filling up the DagBag from /opt/airflow/dags/dag_three.py
[2025-11-24T10:56:23.269+0000] {processor.py:840} INFO - DAG(s) 'duckdb_to_iceberg_bronze' retrieved from /opt/airflow/dags/dag_three.py
[2025-11-24T10:56:23.313+0000] {logging_mixin.py:188} INFO - [2025-11-24T10:56:23.310+0000] {dag.py:3036} INFO - Sync 1 DAGs
[2025-11-24T10:56:23.331+0000] {logging_mixin.py:188} INFO - [2025-11-24T10:56:23.330+0000] {dag.py:3823} INFO - Setting next_dagrun for duckdb_to_iceberg_bronze to None, run_after=None
[2025-11-24T10:56:23.379+0000] {processor.py:183} INFO - Processing /opt/airflow/dags/dag_three.py took 0.538 seconds
[2025-11-24T10:56:53.695+0000] {processor.py:161} INFO - Started process (PID=20752) to work on /opt/airflow/dags/dag_three.py
[2025-11-24T10:56:53.697+0000] {processor.py:830} INFO - Processing file /opt/airflow/dags/dag_three.py for tasks to queue
[2025-11-24T10:56:53.699+0000] {logging_mixin.py:188} INFO - [2025-11-24T10:56:53.699+0000] {dagbag.py:538} INFO - Filling up the DagBag from /opt/airflow/dags/dag_three.py
[2025-11-24T10:56:54.181+0000] {processor.py:840} INFO - DAG(s) 'duckdb_to_iceberg_bronze' retrieved from /opt/airflow/dags/dag_three.py
[2025-11-24T10:56:54.204+0000] {logging_mixin.py:188} INFO - [2025-11-24T10:56:54.203+0000] {dag.py:3036} INFO - Sync 1 DAGs
[2025-11-24T10:56:54.212+0000] {logging_mixin.py:188} INFO - [2025-11-24T10:56:54.212+0000] {dag.py:3823} INFO - Setting next_dagrun for duckdb_to_iceberg_bronze to None, run_after=None
[2025-11-24T10:56:54.225+0000] {processor.py:183} INFO - Processing /opt/airflow/dags/dag_three.py took 0.537 seconds
[2025-11-24T10:57:24.630+0000] {processor.py:161} INFO - Started process (PID=20838) to work on /opt/airflow/dags/dag_three.py
[2025-11-24T10:57:24.632+0000] {processor.py:830} INFO - Processing file /opt/airflow/dags/dag_three.py for tasks to queue
[2025-11-24T10:57:24.633+0000] {logging_mixin.py:188} INFO - [2025-11-24T10:57:24.632+0000] {dagbag.py:538} INFO - Filling up the DagBag from /opt/airflow/dags/dag_three.py
[2025-11-24T10:57:25.005+0000] {processor.py:840} INFO - DAG(s) 'duckdb_to_iceberg_bronze' retrieved from /opt/airflow/dags/dag_three.py
[2025-11-24T10:57:25.028+0000] {logging_mixin.py:188} INFO - [2025-11-24T10:57:25.027+0000] {dag.py:3036} INFO - Sync 1 DAGs
[2025-11-24T10:57:25.038+0000] {logging_mixin.py:188} INFO - [2025-11-24T10:57:25.038+0000] {dag.py:3823} INFO - Setting next_dagrun for duckdb_to_iceberg_bronze to None, run_after=None
[2025-11-24T10:57:25.060+0000] {processor.py:183} INFO - Processing /opt/airflow/dags/dag_three.py took 0.432 seconds
[2025-11-24T10:57:56.519+0000] {processor.py:161} INFO - Started process (PID=20943) to work on /opt/airflow/dags/dag_three.py
[2025-11-24T10:57:56.520+0000] {processor.py:830} INFO - Processing file /opt/airflow/dags/dag_three.py for tasks to queue
[2025-11-24T10:57:56.522+0000] {logging_mixin.py:188} INFO - [2025-11-24T10:57:56.522+0000] {dagbag.py:538} INFO - Filling up the DagBag from /opt/airflow/dags/dag_three.py
[2025-11-24T10:57:56.930+0000] {processor.py:840} INFO - DAG(s) 'duckdb_to_iceberg_bronze' retrieved from /opt/airflow/dags/dag_three.py
[2025-11-24T10:57:56.950+0000] {logging_mixin.py:188} INFO - [2025-11-24T10:57:56.950+0000] {dag.py:3036} INFO - Sync 1 DAGs
[2025-11-24T10:57:56.964+0000] {logging_mixin.py:188} INFO - [2025-11-24T10:57:56.963+0000] {dag.py:3823} INFO - Setting next_dagrun for duckdb_to_iceberg_bronze to None, run_after=None
[2025-11-24T10:57:56.992+0000] {processor.py:183} INFO - Processing /opt/airflow/dags/dag_three.py took 0.476 seconds
[2025-11-24T10:58:27.287+0000] {processor.py:161} INFO - Started process (PID=20989) to work on /opt/airflow/dags/dag_three.py
[2025-11-24T10:58:27.289+0000] {processor.py:830} INFO - Processing file /opt/airflow/dags/dag_three.py for tasks to queue
[2025-11-24T10:58:27.292+0000] {logging_mixin.py:188} INFO - [2025-11-24T10:58:27.291+0000] {dagbag.py:538} INFO - Filling up the DagBag from /opt/airflow/dags/dag_three.py
[2025-11-24T10:58:27.655+0000] {processor.py:840} INFO - DAG(s) 'duckdb_to_iceberg_bronze' retrieved from /opt/airflow/dags/dag_three.py
[2025-11-24T10:58:27.682+0000] {logging_mixin.py:188} INFO - [2025-11-24T10:58:27.682+0000] {dag.py:3036} INFO - Sync 1 DAGs
[2025-11-24T10:58:27.693+0000] {logging_mixin.py:188} INFO - [2025-11-24T10:58:27.693+0000] {dag.py:3823} INFO - Setting next_dagrun for duckdb_to_iceberg_bronze to None, run_after=None
[2025-11-24T10:58:27.709+0000] {processor.py:183} INFO - Processing /opt/airflow/dags/dag_three.py took 0.429 seconds
[2025-11-24T10:58:58.534+0000] {processor.py:161} INFO - Started process (PID=21075) to work on /opt/airflow/dags/dag_three.py
[2025-11-24T10:58:58.536+0000] {processor.py:830} INFO - Processing file /opt/airflow/dags/dag_three.py for tasks to queue
[2025-11-24T10:58:58.538+0000] {logging_mixin.py:188} INFO - [2025-11-24T10:58:58.537+0000] {dagbag.py:538} INFO - Filling up the DagBag from /opt/airflow/dags/dag_three.py
[2025-11-24T10:58:58.902+0000] {processor.py:840} INFO - DAG(s) 'duckdb_to_iceberg_bronze' retrieved from /opt/airflow/dags/dag_three.py
[2025-11-24T10:58:58.923+0000] {logging_mixin.py:188} INFO - [2025-11-24T10:58:58.923+0000] {dag.py:3036} INFO - Sync 1 DAGs
[2025-11-24T10:58:58.932+0000] {logging_mixin.py:188} INFO - [2025-11-24T10:58:58.932+0000] {dag.py:3823} INFO - Setting next_dagrun for duckdb_to_iceberg_bronze to None, run_after=None
[2025-11-24T10:58:58.946+0000] {processor.py:183} INFO - Processing /opt/airflow/dags/dag_three.py took 0.419 seconds
[2025-11-24T10:59:29.009+0000] {processor.py:161} INFO - Started process (PID=21158) to work on /opt/airflow/dags/dag_three.py
[2025-11-24T10:59:29.010+0000] {processor.py:830} INFO - Processing file /opt/airflow/dags/dag_three.py for tasks to queue
[2025-11-24T10:59:29.011+0000] {logging_mixin.py:188} INFO - [2025-11-24T10:59:29.011+0000] {dagbag.py:538} INFO - Filling up the DagBag from /opt/airflow/dags/dag_three.py
[2025-11-24T10:59:29.392+0000] {processor.py:840} INFO - DAG(s) 'duckdb_to_iceberg_bronze' retrieved from /opt/airflow/dags/dag_three.py
[2025-11-24T10:59:29.410+0000] {logging_mixin.py:188} INFO - [2025-11-24T10:59:29.410+0000] {dag.py:3036} INFO - Sync 1 DAGs
[2025-11-24T10:59:29.419+0000] {logging_mixin.py:188} INFO - [2025-11-24T10:59:29.419+0000] {dag.py:3823} INFO - Setting next_dagrun for duckdb_to_iceberg_bronze to None, run_after=None
[2025-11-24T10:59:29.441+0000] {processor.py:183} INFO - Processing /opt/airflow/dags/dag_three.py took 0.435 seconds
[2025-11-24T10:59:59.487+0000] {processor.py:161} INFO - Started process (PID=21244) to work on /opt/airflow/dags/dag_three.py
[2025-11-24T10:59:59.488+0000] {processor.py:830} INFO - Processing file /opt/airflow/dags/dag_three.py for tasks to queue
[2025-11-24T10:59:59.489+0000] {logging_mixin.py:188} INFO - [2025-11-24T10:59:59.488+0000] {dagbag.py:538} INFO - Filling up the DagBag from /opt/airflow/dags/dag_three.py
[2025-11-24T10:59:59.849+0000] {processor.py:840} INFO - DAG(s) 'duckdb_to_iceberg_bronze' retrieved from /opt/airflow/dags/dag_three.py
[2025-11-24T10:59:59.881+0000] {logging_mixin.py:188} INFO - [2025-11-24T10:59:59.879+0000] {dag.py:3036} INFO - Sync 1 DAGs
[2025-11-24T10:59:59.897+0000] {logging_mixin.py:188} INFO - [2025-11-24T10:59:59.896+0000] {dag.py:3823} INFO - Setting next_dagrun for duckdb_to_iceberg_bronze to None, run_after=None
[2025-11-24T10:59:59.919+0000] {processor.py:183} INFO - Processing /opt/airflow/dags/dag_three.py took 0.435 seconds
[2025-11-24T11:00:30.771+0000] {processor.py:161} INFO - Started process (PID=21330) to work on /opt/airflow/dags/dag_three.py
[2025-11-24T11:00:30.773+0000] {processor.py:830} INFO - Processing file /opt/airflow/dags/dag_three.py for tasks to queue
[2025-11-24T11:00:30.775+0000] {logging_mixin.py:188} INFO - [2025-11-24T11:00:30.774+0000] {dagbag.py:538} INFO - Filling up the DagBag from /opt/airflow/dags/dag_three.py
[2025-11-24T11:00:31.167+0000] {processor.py:840} INFO - DAG(s) 'duckdb_to_iceberg_bronze' retrieved from /opt/airflow/dags/dag_three.py
[2025-11-24T11:00:31.189+0000] {logging_mixin.py:188} INFO - [2025-11-24T11:00:31.188+0000] {dag.py:3036} INFO - Sync 1 DAGs
[2025-11-24T11:00:31.199+0000] {logging_mixin.py:188} INFO - [2025-11-24T11:00:31.199+0000] {dag.py:3823} INFO - Setting next_dagrun for duckdb_to_iceberg_bronze to None, run_after=None
[2025-11-24T11:00:31.231+0000] {processor.py:183} INFO - Processing /opt/airflow/dags/dag_three.py took 0.466 seconds
[2025-11-24T11:01:01.695+0000] {processor.py:161} INFO - Started process (PID=21416) to work on /opt/airflow/dags/dag_three.py
[2025-11-24T11:01:01.697+0000] {processor.py:830} INFO - Processing file /opt/airflow/dags/dag_three.py for tasks to queue
[2025-11-24T11:01:01.699+0000] {logging_mixin.py:188} INFO - [2025-11-24T11:01:01.698+0000] {dagbag.py:538} INFO - Filling up the DagBag from /opt/airflow/dags/dag_three.py
[2025-11-24T11:01:02.064+0000] {processor.py:840} INFO - DAG(s) 'duckdb_to_iceberg_bronze' retrieved from /opt/airflow/dags/dag_three.py
[2025-11-24T11:01:02.087+0000] {logging_mixin.py:188} INFO - [2025-11-24T11:01:02.087+0000] {dag.py:3036} INFO - Sync 1 DAGs
[2025-11-24T11:01:02.097+0000] {logging_mixin.py:188} INFO - [2025-11-24T11:01:02.097+0000] {dag.py:3823} INFO - Setting next_dagrun for duckdb_to_iceberg_bronze to None, run_after=None
[2025-11-24T11:01:02.131+0000] {processor.py:183} INFO - Processing /opt/airflow/dags/dag_three.py took 0.440 seconds
[2025-11-24T11:01:32.725+0000] {processor.py:161} INFO - Started process (PID=21502) to work on /opt/airflow/dags/dag_three.py
[2025-11-24T11:01:32.726+0000] {processor.py:830} INFO - Processing file /opt/airflow/dags/dag_three.py for tasks to queue
[2025-11-24T11:01:32.728+0000] {logging_mixin.py:188} INFO - [2025-11-24T11:01:32.727+0000] {dagbag.py:538} INFO - Filling up the DagBag from /opt/airflow/dags/dag_three.py
[2025-11-24T11:01:33.096+0000] {processor.py:840} INFO - DAG(s) 'duckdb_to_iceberg_bronze' retrieved from /opt/airflow/dags/dag_three.py
[2025-11-24T11:01:33.123+0000] {logging_mixin.py:188} INFO - [2025-11-24T11:01:33.122+0000] {dag.py:3036} INFO - Sync 1 DAGs
[2025-11-24T11:01:33.132+0000] {logging_mixin.py:188} INFO - [2025-11-24T11:01:33.131+0000] {dag.py:3823} INFO - Setting next_dagrun for duckdb_to_iceberg_bronze to None, run_after=None
[2025-11-24T11:01:33.156+0000] {processor.py:183} INFO - Processing /opt/airflow/dags/dag_three.py took 0.437 seconds
[2025-11-24T11:02:03.379+0000] {processor.py:161} INFO - Started process (PID=21588) to work on /opt/airflow/dags/dag_three.py
[2025-11-24T11:02:03.381+0000] {processor.py:830} INFO - Processing file /opt/airflow/dags/dag_three.py for tasks to queue
[2025-11-24T11:02:03.383+0000] {logging_mixin.py:188} INFO - [2025-11-24T11:02:03.383+0000] {dagbag.py:538} INFO - Filling up the DagBag from /opt/airflow/dags/dag_three.py
[2025-11-24T11:02:03.749+0000] {processor.py:840} INFO - DAG(s) 'duckdb_to_iceberg_bronze' retrieved from /opt/airflow/dags/dag_three.py
[2025-11-24T11:02:03.774+0000] {logging_mixin.py:188} INFO - [2025-11-24T11:02:03.774+0000] {dag.py:3036} INFO - Sync 1 DAGs
[2025-11-24T11:02:03.785+0000] {logging_mixin.py:188} INFO - [2025-11-24T11:02:03.784+0000] {dag.py:3823} INFO - Setting next_dagrun for duckdb_to_iceberg_bronze to None, run_after=None
[2025-11-24T11:02:03.803+0000] {processor.py:183} INFO - Processing /opt/airflow/dags/dag_three.py took 0.430 seconds
[2025-11-24T11:02:33.966+0000] {processor.py:161} INFO - Started process (PID=21674) to work on /opt/airflow/dags/dag_three.py
[2025-11-24T11:02:33.968+0000] {processor.py:830} INFO - Processing file /opt/airflow/dags/dag_three.py for tasks to queue
[2025-11-24T11:02:33.970+0000] {logging_mixin.py:188} INFO - [2025-11-24T11:02:33.969+0000] {dagbag.py:538} INFO - Filling up the DagBag from /opt/airflow/dags/dag_three.py
[2025-11-24T11:02:34.383+0000] {processor.py:840} INFO - DAG(s) 'duckdb_to_iceberg_bronze' retrieved from /opt/airflow/dags/dag_three.py
[2025-11-24T11:02:34.405+0000] {logging_mixin.py:188} INFO - [2025-11-24T11:02:34.404+0000] {dag.py:3036} INFO - Sync 1 DAGs
[2025-11-24T11:02:34.414+0000] {logging_mixin.py:188} INFO - [2025-11-24T11:02:34.413+0000] {dag.py:3823} INFO - Setting next_dagrun for duckdb_to_iceberg_bronze to None, run_after=None
[2025-11-24T11:02:34.439+0000] {processor.py:183} INFO - Processing /opt/airflow/dags/dag_three.py took 0.478 seconds
[2025-11-24T11:03:04.581+0000] {processor.py:161} INFO - Started process (PID=21760) to work on /opt/airflow/dags/dag_three.py
[2025-11-24T11:03:04.583+0000] {processor.py:830} INFO - Processing file /opt/airflow/dags/dag_three.py for tasks to queue
[2025-11-24T11:03:04.584+0000] {logging_mixin.py:188} INFO - [2025-11-24T11:03:04.584+0000] {dagbag.py:538} INFO - Filling up the DagBag from /opt/airflow/dags/dag_three.py
[2025-11-24T11:03:04.959+0000] {processor.py:840} INFO - DAG(s) 'duckdb_to_iceberg_bronze' retrieved from /opt/airflow/dags/dag_three.py
[2025-11-24T11:03:04.982+0000] {logging_mixin.py:188} INFO - [2025-11-24T11:03:04.981+0000] {dag.py:3036} INFO - Sync 1 DAGs
[2025-11-24T11:03:04.993+0000] {logging_mixin.py:188} INFO - [2025-11-24T11:03:04.993+0000] {dag.py:3823} INFO - Setting next_dagrun for duckdb_to_iceberg_bronze to None, run_after=None
[2025-11-24T11:03:05.030+0000] {processor.py:183} INFO - Processing /opt/airflow/dags/dag_three.py took 0.455 seconds
[2025-11-24T11:03:35.261+0000] {processor.py:161} INFO - Started process (PID=21846) to work on /opt/airflow/dags/dag_three.py
[2025-11-24T11:03:35.262+0000] {processor.py:830} INFO - Processing file /opt/airflow/dags/dag_three.py for tasks to queue
[2025-11-24T11:03:35.264+0000] {logging_mixin.py:188} INFO - [2025-11-24T11:03:35.264+0000] {dagbag.py:538} INFO - Filling up the DagBag from /opt/airflow/dags/dag_three.py
[2025-11-24T11:03:35.644+0000] {processor.py:840} INFO - DAG(s) 'duckdb_to_iceberg_bronze' retrieved from /opt/airflow/dags/dag_three.py
[2025-11-24T11:03:35.675+0000] {logging_mixin.py:188} INFO - [2025-11-24T11:03:35.673+0000] {dag.py:3036} INFO - Sync 1 DAGs
[2025-11-24T11:03:35.688+0000] {logging_mixin.py:188} INFO - [2025-11-24T11:03:35.688+0000] {dag.py:3823} INFO - Setting next_dagrun for duckdb_to_iceberg_bronze to None, run_after=None
[2025-11-24T11:03:35.718+0000] {processor.py:183} INFO - Processing /opt/airflow/dags/dag_three.py took 0.463 seconds
[2025-11-24T11:04:05.875+0000] {processor.py:161} INFO - Started process (PID=21932) to work on /opt/airflow/dags/dag_three.py
[2025-11-24T11:04:05.876+0000] {processor.py:830} INFO - Processing file /opt/airflow/dags/dag_three.py for tasks to queue
[2025-11-24T11:04:05.878+0000] {logging_mixin.py:188} INFO - [2025-11-24T11:04:05.878+0000] {dagbag.py:538} INFO - Filling up the DagBag from /opt/airflow/dags/dag_three.py
[2025-11-24T11:04:06.265+0000] {processor.py:840} INFO - DAG(s) 'duckdb_to_iceberg_bronze' retrieved from /opt/airflow/dags/dag_three.py
[2025-11-24T11:04:06.284+0000] {logging_mixin.py:188} INFO - [2025-11-24T11:04:06.283+0000] {dag.py:3036} INFO - Sync 1 DAGs
[2025-11-24T11:04:06.294+0000] {logging_mixin.py:188} INFO - [2025-11-24T11:04:06.293+0000] {dag.py:3823} INFO - Setting next_dagrun for duckdb_to_iceberg_bronze to None, run_after=None
[2025-11-24T11:04:06.318+0000] {processor.py:183} INFO - Processing /opt/airflow/dags/dag_three.py took 0.449 seconds
[2025-11-24T11:04:36.737+0000] {processor.py:161} INFO - Started process (PID=22018) to work on /opt/airflow/dags/dag_three.py
[2025-11-24T11:04:36.739+0000] {processor.py:830} INFO - Processing file /opt/airflow/dags/dag_three.py for tasks to queue
[2025-11-24T11:04:36.740+0000] {logging_mixin.py:188} INFO - [2025-11-24T11:04:36.740+0000] {dagbag.py:538} INFO - Filling up the DagBag from /opt/airflow/dags/dag_three.py
[2025-11-24T11:04:37.161+0000] {processor.py:840} INFO - DAG(s) 'duckdb_to_iceberg_bronze' retrieved from /opt/airflow/dags/dag_three.py
[2025-11-24T11:04:37.186+0000] {logging_mixin.py:188} INFO - [2025-11-24T11:04:37.185+0000] {dag.py:3036} INFO - Sync 1 DAGs
[2025-11-24T11:04:37.196+0000] {logging_mixin.py:188} INFO - [2025-11-24T11:04:37.196+0000] {dag.py:3823} INFO - Setting next_dagrun for duckdb_to_iceberg_bronze to None, run_after=None
[2025-11-24T11:04:37.216+0000] {processor.py:183} INFO - Processing /opt/airflow/dags/dag_three.py took 0.485 seconds
[2025-11-24T11:05:07.857+0000] {processor.py:161} INFO - Started process (PID=22107) to work on /opt/airflow/dags/dag_three.py
[2025-11-24T11:05:07.857+0000] {processor.py:830} INFO - Processing file /opt/airflow/dags/dag_three.py for tasks to queue
[2025-11-24T11:05:07.858+0000] {logging_mixin.py:188} INFO - [2025-11-24T11:05:07.858+0000] {dagbag.py:538} INFO - Filling up the DagBag from /opt/airflow/dags/dag_three.py
[2025-11-24T11:05:08.219+0000] {processor.py:840} INFO - DAG(s) 'duckdb_to_iceberg_bronze' retrieved from /opt/airflow/dags/dag_three.py
[2025-11-24T11:05:08.252+0000] {logging_mixin.py:188} INFO - [2025-11-24T11:05:08.252+0000] {dag.py:3036} INFO - Sync 1 DAGs
[2025-11-24T11:05:08.262+0000] {logging_mixin.py:188} INFO - [2025-11-24T11:05:08.262+0000] {dag.py:3823} INFO - Setting next_dagrun for duckdb_to_iceberg_bronze to None, run_after=None
[2025-11-24T11:05:08.287+0000] {processor.py:183} INFO - Processing /opt/airflow/dags/dag_three.py took 0.434 seconds
[2025-11-24T11:05:38.359+0000] {processor.py:161} INFO - Started process (PID=22190) to work on /opt/airflow/dags/dag_three.py
[2025-11-24T11:05:38.361+0000] {processor.py:830} INFO - Processing file /opt/airflow/dags/dag_three.py for tasks to queue
[2025-11-24T11:05:38.364+0000] {logging_mixin.py:188} INFO - [2025-11-24T11:05:38.363+0000] {dagbag.py:538} INFO - Filling up the DagBag from /opt/airflow/dags/dag_three.py
[2025-11-24T11:05:38.752+0000] {processor.py:840} INFO - DAG(s) 'duckdb_to_iceberg_bronze' retrieved from /opt/airflow/dags/dag_three.py
[2025-11-24T11:05:38.777+0000] {logging_mixin.py:188} INFO - [2025-11-24T11:05:38.776+0000] {dag.py:3036} INFO - Sync 1 DAGs
[2025-11-24T11:05:38.787+0000] {logging_mixin.py:188} INFO - [2025-11-24T11:05:38.787+0000] {dag.py:3823} INFO - Setting next_dagrun for duckdb_to_iceberg_bronze to None, run_after=None
[2025-11-24T11:05:38.821+0000] {processor.py:183} INFO - Processing /opt/airflow/dags/dag_three.py took 0.467 seconds
[2025-11-24T11:06:09.099+0000] {processor.py:161} INFO - Started process (PID=22252) to work on /opt/airflow/dags/dag_three.py
[2025-11-24T11:06:09.101+0000] {processor.py:830} INFO - Processing file /opt/airflow/dags/dag_three.py for tasks to queue
[2025-11-24T11:06:09.102+0000] {logging_mixin.py:188} INFO - [2025-11-24T11:06:09.102+0000] {dagbag.py:538} INFO - Filling up the DagBag from /opt/airflow/dags/dag_three.py
[2025-11-24T11:06:09.487+0000] {processor.py:840} INFO - DAG(s) 'duckdb_to_iceberg_bronze' retrieved from /opt/airflow/dags/dag_three.py
[2025-11-24T11:06:09.509+0000] {logging_mixin.py:188} INFO - [2025-11-24T11:06:09.508+0000] {dag.py:3036} INFO - Sync 1 DAGs
[2025-11-24T11:06:09.525+0000] {logging_mixin.py:188} INFO - [2025-11-24T11:06:09.525+0000] {dag.py:3823} INFO - Setting next_dagrun for duckdb_to_iceberg_bronze to None, run_after=None
[2025-11-24T11:06:09.557+0000] {processor.py:183} INFO - Processing /opt/airflow/dags/dag_three.py took 0.462 seconds
[2025-11-24T11:06:40.012+0000] {processor.py:161} INFO - Started process (PID=22338) to work on /opt/airflow/dags/dag_three.py
[2025-11-24T11:06:40.013+0000] {processor.py:830} INFO - Processing file /opt/airflow/dags/dag_three.py for tasks to queue
[2025-11-24T11:06:40.015+0000] {logging_mixin.py:188} INFO - [2025-11-24T11:06:40.015+0000] {dagbag.py:538} INFO - Filling up the DagBag from /opt/airflow/dags/dag_three.py
[2025-11-24T11:06:40.394+0000] {processor.py:840} INFO - DAG(s) 'duckdb_to_iceberg_bronze' retrieved from /opt/airflow/dags/dag_three.py
[2025-11-24T11:06:40.418+0000] {logging_mixin.py:188} INFO - [2025-11-24T11:06:40.417+0000] {dag.py:3036} INFO - Sync 1 DAGs
[2025-11-24T11:06:40.433+0000] {logging_mixin.py:188} INFO - [2025-11-24T11:06:40.433+0000] {dag.py:3823} INFO - Setting next_dagrun for duckdb_to_iceberg_bronze to None, run_after=None
[2025-11-24T11:06:40.452+0000] {processor.py:183} INFO - Processing /opt/airflow/dags/dag_three.py took 0.443 seconds
[2025-11-24T11:07:11.331+0000] {processor.py:161} INFO - Started process (PID=22427) to work on /opt/airflow/dags/dag_three.py
[2025-11-24T11:07:11.332+0000] {processor.py:830} INFO - Processing file /opt/airflow/dags/dag_three.py for tasks to queue
[2025-11-24T11:07:11.333+0000] {logging_mixin.py:188} INFO - [2025-11-24T11:07:11.332+0000] {dagbag.py:538} INFO - Filling up the DagBag from /opt/airflow/dags/dag_three.py
[2025-11-24T11:07:11.688+0000] {processor.py:840} INFO - DAG(s) 'duckdb_to_iceberg_bronze' retrieved from /opt/airflow/dags/dag_three.py
[2025-11-24T11:07:11.709+0000] {logging_mixin.py:188} INFO - [2025-11-24T11:07:11.708+0000] {dag.py:3036} INFO - Sync 1 DAGs
[2025-11-24T11:07:11.717+0000] {logging_mixin.py:188} INFO - [2025-11-24T11:07:11.717+0000] {dag.py:3823} INFO - Setting next_dagrun for duckdb_to_iceberg_bronze to None, run_after=None
[2025-11-24T11:07:11.742+0000] {processor.py:183} INFO - Processing /opt/airflow/dags/dag_three.py took 0.415 seconds
[2025-11-24T11:07:41.830+0000] {processor.py:161} INFO - Started process (PID=22510) to work on /opt/airflow/dags/dag_three.py
[2025-11-24T11:07:41.832+0000] {processor.py:830} INFO - Processing file /opt/airflow/dags/dag_three.py for tasks to queue
[2025-11-24T11:07:41.834+0000] {logging_mixin.py:188} INFO - [2025-11-24T11:07:41.834+0000] {dagbag.py:538} INFO - Filling up the DagBag from /opt/airflow/dags/dag_three.py
[2025-11-24T11:07:42.214+0000] {processor.py:840} INFO - DAG(s) 'duckdb_to_iceberg_bronze' retrieved from /opt/airflow/dags/dag_three.py
[2025-11-24T11:07:42.240+0000] {logging_mixin.py:188} INFO - [2025-11-24T11:07:42.240+0000] {dag.py:3036} INFO - Sync 1 DAGs
[2025-11-24T11:07:42.250+0000] {logging_mixin.py:188} INFO - [2025-11-24T11:07:42.249+0000] {dag.py:3823} INFO - Setting next_dagrun for duckdb_to_iceberg_bronze to None, run_after=None
[2025-11-24T11:07:42.268+0000] {processor.py:183} INFO - Processing /opt/airflow/dags/dag_three.py took 0.444 seconds
[2025-11-24T11:08:13.141+0000] {processor.py:161} INFO - Started process (PID=22599) to work on /opt/airflow/dags/dag_three.py
[2025-11-24T11:08:13.142+0000] {processor.py:830} INFO - Processing file /opt/airflow/dags/dag_three.py for tasks to queue
[2025-11-24T11:08:13.144+0000] {logging_mixin.py:188} INFO - [2025-11-24T11:08:13.143+0000] {dagbag.py:538} INFO - Filling up the DagBag from /opt/airflow/dags/dag_three.py
[2025-11-24T11:08:13.512+0000] {processor.py:840} INFO - DAG(s) 'duckdb_to_iceberg_bronze' retrieved from /opt/airflow/dags/dag_three.py
[2025-11-24T11:08:13.534+0000] {logging_mixin.py:188} INFO - [2025-11-24T11:08:13.534+0000] {dag.py:3036} INFO - Sync 1 DAGs
[2025-11-24T11:08:13.545+0000] {logging_mixin.py:188} INFO - [2025-11-24T11:08:13.545+0000] {dag.py:3823} INFO - Setting next_dagrun for duckdb_to_iceberg_bronze to None, run_after=None
[2025-11-24T11:08:13.570+0000] {processor.py:183} INFO - Processing /opt/airflow/dags/dag_three.py took 0.432 seconds
[2025-11-24T11:08:43.668+0000] {processor.py:161} INFO - Started process (PID=22682) to work on /opt/airflow/dags/dag_three.py
[2025-11-24T11:08:43.670+0000] {processor.py:830} INFO - Processing file /opt/airflow/dags/dag_three.py for tasks to queue
[2025-11-24T11:08:43.671+0000] {logging_mixin.py:188} INFO - [2025-11-24T11:08:43.671+0000] {dagbag.py:538} INFO - Filling up the DagBag from /opt/airflow/dags/dag_three.py
[2025-11-24T11:08:44.075+0000] {processor.py:840} INFO - DAG(s) 'duckdb_to_iceberg_bronze' retrieved from /opt/airflow/dags/dag_three.py
[2025-11-24T11:08:44.107+0000] {logging_mixin.py:188} INFO - [2025-11-24T11:08:44.106+0000] {dag.py:3036} INFO - Sync 1 DAGs
[2025-11-24T11:08:44.143+0000] {logging_mixin.py:188} INFO - [2025-11-24T11:08:44.142+0000] {dag.py:3823} INFO - Setting next_dagrun for duckdb_to_iceberg_bronze to None, run_after=None
[2025-11-24T11:08:44.179+0000] {processor.py:183} INFO - Processing /opt/airflow/dags/dag_three.py took 0.520 seconds
[2025-11-24T11:09:14.255+0000] {processor.py:161} INFO - Started process (PID=22768) to work on /opt/airflow/dags/dag_three.py
[2025-11-24T11:09:14.256+0000] {processor.py:830} INFO - Processing file /opt/airflow/dags/dag_three.py for tasks to queue
[2025-11-24T11:09:14.257+0000] {logging_mixin.py:188} INFO - [2025-11-24T11:09:14.257+0000] {dagbag.py:538} INFO - Filling up the DagBag from /opt/airflow/dags/dag_three.py
[2025-11-24T11:09:14.626+0000] {processor.py:840} INFO - DAG(s) 'duckdb_to_iceberg_bronze' retrieved from /opt/airflow/dags/dag_three.py
[2025-11-24T11:09:14.648+0000] {logging_mixin.py:188} INFO - [2025-11-24T11:09:14.647+0000] {dag.py:3036} INFO - Sync 1 DAGs
[2025-11-24T11:09:14.657+0000] {logging_mixin.py:188} INFO - [2025-11-24T11:09:14.657+0000] {dag.py:3823} INFO - Setting next_dagrun for duckdb_to_iceberg_bronze to None, run_after=None
[2025-11-24T11:09:14.683+0000] {processor.py:183} INFO - Processing /opt/airflow/dags/dag_three.py took 0.431 seconds
[2025-11-24T11:09:45.516+0000] {processor.py:161} INFO - Started process (PID=22854) to work on /opt/airflow/dags/dag_three.py
[2025-11-24T11:09:45.518+0000] {processor.py:830} INFO - Processing file /opt/airflow/dags/dag_three.py for tasks to queue
[2025-11-24T11:09:45.520+0000] {logging_mixin.py:188} INFO - [2025-11-24T11:09:45.520+0000] {dagbag.py:538} INFO - Filling up the DagBag from /opt/airflow/dags/dag_three.py
[2025-11-24T11:09:45.895+0000] {processor.py:840} INFO - DAG(s) 'duckdb_to_iceberg_bronze' retrieved from /opt/airflow/dags/dag_three.py
[2025-11-24T11:09:45.919+0000] {logging_mixin.py:188} INFO - [2025-11-24T11:09:45.918+0000] {dag.py:3036} INFO - Sync 1 DAGs
[2025-11-24T11:09:45.930+0000] {logging_mixin.py:188} INFO - [2025-11-24T11:09:45.930+0000] {dag.py:3823} INFO - Setting next_dagrun for duckdb_to_iceberg_bronze to None, run_after=None
[2025-11-24T11:09:45.956+0000] {processor.py:183} INFO - Processing /opt/airflow/dags/dag_three.py took 0.446 seconds
[2025-11-24T11:10:16.430+0000] {processor.py:161} INFO - Started process (PID=22940) to work on /opt/airflow/dags/dag_three.py
[2025-11-24T11:10:16.431+0000] {processor.py:830} INFO - Processing file /opt/airflow/dags/dag_three.py for tasks to queue
[2025-11-24T11:10:16.432+0000] {logging_mixin.py:188} INFO - [2025-11-24T11:10:16.432+0000] {dagbag.py:538} INFO - Filling up the DagBag from /opt/airflow/dags/dag_three.py
[2025-11-24T11:10:16.793+0000] {processor.py:840} INFO - DAG(s) 'duckdb_to_iceberg_bronze' retrieved from /opt/airflow/dags/dag_three.py
[2025-11-24T11:10:16.814+0000] {logging_mixin.py:188} INFO - [2025-11-24T11:10:16.813+0000] {dag.py:3036} INFO - Sync 1 DAGs
[2025-11-24T11:10:16.825+0000] {logging_mixin.py:188} INFO - [2025-11-24T11:10:16.825+0000] {dag.py:3823} INFO - Setting next_dagrun for duckdb_to_iceberg_bronze to None, run_after=None
[2025-11-24T11:10:16.860+0000] {processor.py:183} INFO - Processing /opt/airflow/dags/dag_three.py took 0.436 seconds
[2025-11-24T11:10:47.400+0000] {processor.py:161} INFO - Started process (PID=23026) to work on /opt/airflow/dags/dag_three.py
[2025-11-24T11:10:47.401+0000] {processor.py:830} INFO - Processing file /opt/airflow/dags/dag_three.py for tasks to queue
[2025-11-24T11:10:47.402+0000] {logging_mixin.py:188} INFO - [2025-11-24T11:10:47.402+0000] {dagbag.py:538} INFO - Filling up the DagBag from /opt/airflow/dags/dag_three.py
[2025-11-24T11:10:47.764+0000] {processor.py:840} INFO - DAG(s) 'duckdb_to_iceberg_bronze' retrieved from /opt/airflow/dags/dag_three.py
[2025-11-24T11:10:47.787+0000] {logging_mixin.py:188} INFO - [2025-11-24T11:10:47.786+0000] {dag.py:3036} INFO - Sync 1 DAGs
[2025-11-24T11:10:47.802+0000] {logging_mixin.py:188} INFO - [2025-11-24T11:10:47.802+0000] {dag.py:3823} INFO - Setting next_dagrun for duckdb_to_iceberg_bronze to None, run_after=None
[2025-11-24T11:10:47.840+0000] {processor.py:183} INFO - Processing /opt/airflow/dags/dag_three.py took 0.445 seconds
[2025-11-24T11:11:18.376+0000] {processor.py:161} INFO - Started process (PID=23112) to work on /opt/airflow/dags/dag_three.py
[2025-11-24T11:11:18.378+0000] {processor.py:830} INFO - Processing file /opt/airflow/dags/dag_three.py for tasks to queue
[2025-11-24T11:11:18.380+0000] {logging_mixin.py:188} INFO - [2025-11-24T11:11:18.379+0000] {dagbag.py:538} INFO - Filling up the DagBag from /opt/airflow/dags/dag_three.py
[2025-11-24T11:11:18.751+0000] {processor.py:840} INFO - DAG(s) 'duckdb_to_iceberg_bronze' retrieved from /opt/airflow/dags/dag_three.py
[2025-11-24T11:11:18.786+0000] {logging_mixin.py:188} INFO - [2025-11-24T11:11:18.785+0000] {dag.py:3036} INFO - Sync 1 DAGs
[2025-11-24T11:11:18.805+0000] {logging_mixin.py:188} INFO - [2025-11-24T11:11:18.805+0000] {dag.py:3823} INFO - Setting next_dagrun for duckdb_to_iceberg_bronze to None, run_after=None
[2025-11-24T11:11:18.834+0000] {processor.py:183} INFO - Processing /opt/airflow/dags/dag_three.py took 0.465 seconds
[2025-11-24T11:11:49.305+0000] {processor.py:161} INFO - Started process (PID=23198) to work on /opt/airflow/dags/dag_three.py
[2025-11-24T11:11:49.307+0000] {processor.py:830} INFO - Processing file /opt/airflow/dags/dag_three.py for tasks to queue
[2025-11-24T11:11:49.310+0000] {logging_mixin.py:188} INFO - [2025-11-24T11:11:49.309+0000] {dagbag.py:538} INFO - Filling up the DagBag from /opt/airflow/dags/dag_three.py
[2025-11-24T11:11:49.720+0000] {processor.py:840} INFO - DAG(s) 'duckdb_to_iceberg_bronze' retrieved from /opt/airflow/dags/dag_three.py
[2025-11-24T11:11:49.745+0000] {logging_mixin.py:188} INFO - [2025-11-24T11:11:49.745+0000] {dag.py:3036} INFO - Sync 1 DAGs
[2025-11-24T11:11:49.758+0000] {logging_mixin.py:188} INFO - [2025-11-24T11:11:49.758+0000] {dag.py:3823} INFO - Setting next_dagrun for duckdb_to_iceberg_bronze to None, run_after=None
[2025-11-24T11:11:49.783+0000] {processor.py:183} INFO - Processing /opt/airflow/dags/dag_three.py took 0.484 seconds
[2025-11-24T11:12:20.072+0000] {processor.py:161} INFO - Started process (PID=23284) to work on /opt/airflow/dags/dag_three.py
[2025-11-24T11:12:20.073+0000] {processor.py:830} INFO - Processing file /opt/airflow/dags/dag_three.py for tasks to queue
[2025-11-24T11:12:20.073+0000] {logging_mixin.py:188} INFO - [2025-11-24T11:12:20.073+0000] {dagbag.py:538} INFO - Filling up the DagBag from /opt/airflow/dags/dag_three.py
[2025-11-24T11:12:20.449+0000] {processor.py:840} INFO - DAG(s) 'duckdb_to_iceberg_bronze' retrieved from /opt/airflow/dags/dag_three.py
[2025-11-24T11:12:20.470+0000] {logging_mixin.py:188} INFO - [2025-11-24T11:12:20.469+0000] {dag.py:3036} INFO - Sync 1 DAGs
[2025-11-24T11:12:20.484+0000] {logging_mixin.py:188} INFO - [2025-11-24T11:12:20.484+0000] {dag.py:3823} INFO - Setting next_dagrun for duckdb_to_iceberg_bronze to None, run_after=None
[2025-11-24T11:12:20.500+0000] {processor.py:183} INFO - Processing /opt/airflow/dags/dag_three.py took 0.431 seconds
[2025-11-24T11:12:51.034+0000] {processor.py:161} INFO - Started process (PID=23370) to work on /opt/airflow/dags/dag_three.py
[2025-11-24T11:12:51.035+0000] {processor.py:830} INFO - Processing file /opt/airflow/dags/dag_three.py for tasks to queue
[2025-11-24T11:12:51.036+0000] {logging_mixin.py:188} INFO - [2025-11-24T11:12:51.036+0000] {dagbag.py:538} INFO - Filling up the DagBag from /opt/airflow/dags/dag_three.py
[2025-11-24T11:12:51.400+0000] {processor.py:840} INFO - DAG(s) 'duckdb_to_iceberg_bronze' retrieved from /opt/airflow/dags/dag_three.py
[2025-11-24T11:12:51.430+0000] {logging_mixin.py:188} INFO - [2025-11-24T11:12:51.430+0000] {dag.py:3036} INFO - Sync 1 DAGs
[2025-11-24T11:12:51.447+0000] {logging_mixin.py:188} INFO - [2025-11-24T11:12:51.447+0000] {dag.py:3823} INFO - Setting next_dagrun for duckdb_to_iceberg_bronze to None, run_after=None
[2025-11-24T11:12:51.487+0000] {processor.py:183} INFO - Processing /opt/airflow/dags/dag_three.py took 0.459 seconds
[2025-11-24T11:13:21.946+0000] {processor.py:161} INFO - Started process (PID=23456) to work on /opt/airflow/dags/dag_three.py
[2025-11-24T11:13:21.948+0000] {processor.py:830} INFO - Processing file /opt/airflow/dags/dag_three.py for tasks to queue
[2025-11-24T11:13:21.950+0000] {logging_mixin.py:188} INFO - [2025-11-24T11:13:21.949+0000] {dagbag.py:538} INFO - Filling up the DagBag from /opt/airflow/dags/dag_three.py
[2025-11-24T11:13:22.326+0000] {processor.py:840} INFO - DAG(s) 'duckdb_to_iceberg_bronze' retrieved from /opt/airflow/dags/dag_three.py
[2025-11-24T11:13:22.349+0000] {logging_mixin.py:188} INFO - [2025-11-24T11:13:22.349+0000] {dag.py:3036} INFO - Sync 1 DAGs
[2025-11-24T11:13:22.357+0000] {logging_mixin.py:188} INFO - [2025-11-24T11:13:22.357+0000] {dag.py:3823} INFO - Setting next_dagrun for duckdb_to_iceberg_bronze to None, run_after=None
[2025-11-24T11:13:22.382+0000] {processor.py:183} INFO - Processing /opt/airflow/dags/dag_three.py took 0.442 seconds
[2025-11-24T11:13:53.878+0000] {processor.py:161} INFO - Started process (PID=23561) to work on /opt/airflow/dags/dag_three.py
[2025-11-24T11:13:53.879+0000] {processor.py:830} INFO - Processing file /opt/airflow/dags/dag_three.py for tasks to queue
[2025-11-24T11:13:53.881+0000] {logging_mixin.py:188} INFO - [2025-11-24T11:13:53.880+0000] {dagbag.py:538} INFO - Filling up the DagBag from /opt/airflow/dags/dag_three.py
[2025-11-24T11:13:54.308+0000] {processor.py:840} INFO - DAG(s) 'duckdb_to_iceberg_bronze' retrieved from /opt/airflow/dags/dag_three.py
[2025-11-24T11:13:54.330+0000] {logging_mixin.py:188} INFO - [2025-11-24T11:13:54.329+0000] {dag.py:3036} INFO - Sync 1 DAGs
[2025-11-24T11:13:54.340+0000] {logging_mixin.py:188} INFO - [2025-11-24T11:13:54.339+0000] {dag.py:3823} INFO - Setting next_dagrun for duckdb_to_iceberg_bronze to None, run_after=None
[2025-11-24T11:13:54.354+0000] {processor.py:183} INFO - Processing /opt/airflow/dags/dag_three.py took 0.481 seconds
[2025-11-24T11:14:24.634+0000] {processor.py:161} INFO - Started process (PID=23607) to work on /opt/airflow/dags/dag_three.py
[2025-11-24T11:14:24.635+0000] {processor.py:830} INFO - Processing file /opt/airflow/dags/dag_three.py for tasks to queue
[2025-11-24T11:14:24.636+0000] {logging_mixin.py:188} INFO - [2025-11-24T11:14:24.636+0000] {dagbag.py:538} INFO - Filling up the DagBag from /opt/airflow/dags/dag_three.py
[2025-11-24T11:14:25.053+0000] {processor.py:840} INFO - DAG(s) 'duckdb_to_iceberg_bronze' retrieved from /opt/airflow/dags/dag_three.py
[2025-11-24T11:14:25.081+0000] {logging_mixin.py:188} INFO - [2025-11-24T11:14:25.080+0000] {dag.py:3036} INFO - Sync 1 DAGs
[2025-11-24T11:14:25.090+0000] {logging_mixin.py:188} INFO - [2025-11-24T11:14:25.090+0000] {dag.py:3823} INFO - Setting next_dagrun for duckdb_to_iceberg_bronze to None, run_after=None
[2025-11-24T11:14:25.116+0000] {processor.py:183} INFO - Processing /opt/airflow/dags/dag_three.py took 0.490 seconds
[2025-11-24T11:14:55.234+0000] {processor.py:161} INFO - Started process (PID=23690) to work on /opt/airflow/dags/dag_three.py
[2025-11-24T11:14:55.235+0000] {processor.py:830} INFO - Processing file /opt/airflow/dags/dag_three.py for tasks to queue
[2025-11-24T11:14:55.239+0000] {logging_mixin.py:188} INFO - [2025-11-24T11:14:55.238+0000] {dagbag.py:538} INFO - Filling up the DagBag from /opt/airflow/dags/dag_three.py
[2025-11-24T11:14:55.645+0000] {processor.py:840} INFO - DAG(s) 'duckdb_to_iceberg_bronze' retrieved from /opt/airflow/dags/dag_three.py
[2025-11-24T11:14:55.666+0000] {logging_mixin.py:188} INFO - [2025-11-24T11:14:55.665+0000] {dag.py:3036} INFO - Sync 1 DAGs
[2025-11-24T11:14:55.674+0000] {logging_mixin.py:188} INFO - [2025-11-24T11:14:55.674+0000] {dag.py:3823} INFO - Setting next_dagrun for duckdb_to_iceberg_bronze to None, run_after=None
[2025-11-24T11:14:55.690+0000] {processor.py:183} INFO - Processing /opt/airflow/dags/dag_three.py took 0.460 seconds
[2025-11-24T11:15:26.564+0000] {processor.py:161} INFO - Started process (PID=23779) to work on /opt/airflow/dags/dag_three.py
[2025-11-24T11:15:26.566+0000] {processor.py:830} INFO - Processing file /opt/airflow/dags/dag_three.py for tasks to queue
[2025-11-24T11:15:26.568+0000] {logging_mixin.py:188} INFO - [2025-11-24T11:15:26.567+0000] {dagbag.py:538} INFO - Filling up the DagBag from /opt/airflow/dags/dag_three.py
[2025-11-24T11:15:26.938+0000] {processor.py:840} INFO - DAG(s) 'duckdb_to_iceberg_bronze' retrieved from /opt/airflow/dags/dag_three.py
[2025-11-24T11:15:26.959+0000] {logging_mixin.py:188} INFO - [2025-11-24T11:15:26.959+0000] {dag.py:3036} INFO - Sync 1 DAGs
[2025-11-24T11:15:26.973+0000] {logging_mixin.py:188} INFO - [2025-11-24T11:15:26.973+0000] {dag.py:3823} INFO - Setting next_dagrun for duckdb_to_iceberg_bronze to None, run_after=None
[2025-11-24T11:15:27.002+0000] {processor.py:183} INFO - Processing /opt/airflow/dags/dag_three.py took 0.445 seconds
[2025-11-24T11:15:57.070+0000] {processor.py:161} INFO - Started process (PID=23862) to work on /opt/airflow/dags/dag_three.py
[2025-11-24T11:15:57.072+0000] {processor.py:830} INFO - Processing file /opt/airflow/dags/dag_three.py for tasks to queue
[2025-11-24T11:15:57.073+0000] {logging_mixin.py:188} INFO - [2025-11-24T11:15:57.072+0000] {dagbag.py:538} INFO - Filling up the DagBag from /opt/airflow/dags/dag_three.py
[2025-11-24T11:15:57.450+0000] {processor.py:840} INFO - DAG(s) 'duckdb_to_iceberg_bronze' retrieved from /opt/airflow/dags/dag_three.py
[2025-11-24T11:15:57.475+0000] {logging_mixin.py:188} INFO - [2025-11-24T11:15:57.475+0000] {dag.py:3036} INFO - Sync 1 DAGs
[2025-11-24T11:15:57.485+0000] {logging_mixin.py:188} INFO - [2025-11-24T11:15:57.485+0000] {dag.py:3823} INFO - Setting next_dagrun for duckdb_to_iceberg_bronze to None, run_after=None
[2025-11-24T11:15:57.517+0000] {processor.py:183} INFO - Processing /opt/airflow/dags/dag_three.py took 0.451 seconds
[2025-11-24T11:16:27.607+0000] {processor.py:161} INFO - Started process (PID=23948) to work on /opt/airflow/dags/dag_three.py
[2025-11-24T11:16:27.609+0000] {processor.py:830} INFO - Processing file /opt/airflow/dags/dag_three.py for tasks to queue
[2025-11-24T11:16:27.611+0000] {logging_mixin.py:188} INFO - [2025-11-24T11:16:27.610+0000] {dagbag.py:538} INFO - Filling up the DagBag from /opt/airflow/dags/dag_three.py
[2025-11-24T11:16:27.977+0000] {processor.py:840} INFO - DAG(s) 'duckdb_to_iceberg_bronze' retrieved from /opt/airflow/dags/dag_three.py
[2025-11-24T11:16:28.003+0000] {logging_mixin.py:188} INFO - [2025-11-24T11:16:28.002+0000] {dag.py:3036} INFO - Sync 1 DAGs
[2025-11-24T11:16:28.016+0000] {logging_mixin.py:188} INFO - [2025-11-24T11:16:28.016+0000] {dag.py:3823} INFO - Setting next_dagrun for duckdb_to_iceberg_bronze to None, run_after=None
[2025-11-24T11:16:28.060+0000] {processor.py:183} INFO - Processing /opt/airflow/dags/dag_three.py took 0.459 seconds
[2025-11-24T11:16:58.120+0000] {processor.py:161} INFO - Started process (PID=24034) to work on /opt/airflow/dags/dag_three.py
[2025-11-24T11:16:58.121+0000] {processor.py:830} INFO - Processing file /opt/airflow/dags/dag_three.py for tasks to queue
[2025-11-24T11:16:58.122+0000] {logging_mixin.py:188} INFO - [2025-11-24T11:16:58.122+0000] {dagbag.py:538} INFO - Filling up the DagBag from /opt/airflow/dags/dag_three.py
[2025-11-24T11:16:58.480+0000] {processor.py:840} INFO - DAG(s) 'duckdb_to_iceberg_bronze' retrieved from /opt/airflow/dags/dag_three.py
[2025-11-24T11:16:58.501+0000] {logging_mixin.py:188} INFO - [2025-11-24T11:16:58.500+0000] {dag.py:3036} INFO - Sync 1 DAGs
[2025-11-24T11:16:58.511+0000] {logging_mixin.py:188} INFO - [2025-11-24T11:16:58.511+0000] {dag.py:3823} INFO - Setting next_dagrun for duckdb_to_iceberg_bronze to None, run_after=None
[2025-11-24T11:16:58.540+0000] {processor.py:183} INFO - Processing /opt/airflow/dags/dag_three.py took 0.425 seconds
[2025-11-24T11:17:28.918+0000] {processor.py:161} INFO - Started process (PID=24120) to work on /opt/airflow/dags/dag_three.py
[2025-11-24T11:17:28.920+0000] {processor.py:830} INFO - Processing file /opt/airflow/dags/dag_three.py for tasks to queue
[2025-11-24T11:17:28.922+0000] {logging_mixin.py:188} INFO - [2025-11-24T11:17:28.922+0000] {dagbag.py:538} INFO - Filling up the DagBag from /opt/airflow/dags/dag_three.py
[2025-11-24T11:17:29.298+0000] {processor.py:840} INFO - DAG(s) 'duckdb_to_iceberg_bronze' retrieved from /opt/airflow/dags/dag_three.py
[2025-11-24T11:17:29.318+0000] {logging_mixin.py:188} INFO - [2025-11-24T11:17:29.317+0000] {dag.py:3036} INFO - Sync 1 DAGs
[2025-11-24T11:17:29.327+0000] {logging_mixin.py:188} INFO - [2025-11-24T11:17:29.327+0000] {dag.py:3823} INFO - Setting next_dagrun for duckdb_to_iceberg_bronze to None, run_after=None
[2025-11-24T11:17:29.355+0000] {processor.py:183} INFO - Processing /opt/airflow/dags/dag_three.py took 0.443 seconds
[2025-11-24T11:17:59.903+0000] {processor.py:161} INFO - Started process (PID=24206) to work on /opt/airflow/dags/dag_three.py
[2025-11-24T11:17:59.904+0000] {processor.py:830} INFO - Processing file /opt/airflow/dags/dag_three.py for tasks to queue
[2025-11-24T11:17:59.906+0000] {logging_mixin.py:188} INFO - [2025-11-24T11:17:59.905+0000] {dagbag.py:538} INFO - Filling up the DagBag from /opt/airflow/dags/dag_three.py
[2025-11-24T11:18:00.280+0000] {processor.py:840} INFO - DAG(s) 'duckdb_to_iceberg_bronze' retrieved from /opt/airflow/dags/dag_three.py
[2025-11-24T11:18:00.302+0000] {logging_mixin.py:188} INFO - [2025-11-24T11:18:00.300+0000] {dag.py:3036} INFO - Sync 1 DAGs
[2025-11-24T11:18:00.312+0000] {logging_mixin.py:188} INFO - [2025-11-24T11:18:00.312+0000] {dag.py:3823} INFO - Setting next_dagrun for duckdb_to_iceberg_bronze to None, run_after=None
[2025-11-24T11:18:00.329+0000] {processor.py:183} INFO - Processing /opt/airflow/dags/dag_three.py took 0.432 seconds
[2025-11-24T11:18:30.804+0000] {processor.py:161} INFO - Started process (PID=24292) to work on /opt/airflow/dags/dag_three.py
[2025-11-24T11:18:30.805+0000] {processor.py:830} INFO - Processing file /opt/airflow/dags/dag_three.py for tasks to queue
[2025-11-24T11:18:30.807+0000] {logging_mixin.py:188} INFO - [2025-11-24T11:18:30.806+0000] {dagbag.py:538} INFO - Filling up the DagBag from /opt/airflow/dags/dag_three.py
[2025-11-24T11:18:31.164+0000] {processor.py:840} INFO - DAG(s) 'duckdb_to_iceberg_bronze' retrieved from /opt/airflow/dags/dag_three.py
[2025-11-24T11:18:31.186+0000] {logging_mixin.py:188} INFO - [2025-11-24T11:18:31.185+0000] {dag.py:3036} INFO - Sync 1 DAGs
[2025-11-24T11:18:31.196+0000] {logging_mixin.py:188} INFO - [2025-11-24T11:18:31.195+0000] {dag.py:3823} INFO - Setting next_dagrun for duckdb_to_iceberg_bronze to None, run_after=None
[2025-11-24T11:18:31.221+0000] {processor.py:183} INFO - Processing /opt/airflow/dags/dag_three.py took 0.424 seconds
[2025-11-24T11:19:01.722+0000] {processor.py:161} INFO - Started process (PID=24378) to work on /opt/airflow/dags/dag_three.py
[2025-11-24T11:19:01.724+0000] {processor.py:830} INFO - Processing file /opt/airflow/dags/dag_three.py for tasks to queue
[2025-11-24T11:19:01.725+0000] {logging_mixin.py:188} INFO - [2025-11-24T11:19:01.725+0000] {dagbag.py:538} INFO - Filling up the DagBag from /opt/airflow/dags/dag_three.py
[2025-11-24T11:19:02.094+0000] {processor.py:840} INFO - DAG(s) 'duckdb_to_iceberg_bronze' retrieved from /opt/airflow/dags/dag_three.py
[2025-11-24T11:19:02.125+0000] {logging_mixin.py:188} INFO - [2025-11-24T11:19:02.124+0000] {dag.py:3036} INFO - Sync 1 DAGs
[2025-11-24T11:19:02.135+0000] {logging_mixin.py:188} INFO - [2025-11-24T11:19:02.135+0000] {dag.py:3823} INFO - Setting next_dagrun for duckdb_to_iceberg_bronze to None, run_after=None
[2025-11-24T11:19:02.149+0000] {processor.py:183} INFO - Processing /opt/airflow/dags/dag_three.py took 0.433 seconds
[2025-11-24T11:19:32.726+0000] {processor.py:161} INFO - Started process (PID=24464) to work on /opt/airflow/dags/dag_three.py
[2025-11-24T11:19:32.727+0000] {processor.py:830} INFO - Processing file /opt/airflow/dags/dag_three.py for tasks to queue
[2025-11-24T11:19:32.728+0000] {logging_mixin.py:188} INFO - [2025-11-24T11:19:32.728+0000] {dagbag.py:538} INFO - Filling up the DagBag from /opt/airflow/dags/dag_three.py
[2025-11-24T11:19:33.097+0000] {processor.py:840} INFO - DAG(s) 'duckdb_to_iceberg_bronze' retrieved from /opt/airflow/dags/dag_three.py
[2025-11-24T11:19:33.119+0000] {logging_mixin.py:188} INFO - [2025-11-24T11:19:33.119+0000] {dag.py:3036} INFO - Sync 1 DAGs
[2025-11-24T11:19:33.128+0000] {logging_mixin.py:188} INFO - [2025-11-24T11:19:33.127+0000] {dag.py:3823} INFO - Setting next_dagrun for duckdb_to_iceberg_bronze to None, run_after=None
[2025-11-24T11:19:33.151+0000] {processor.py:183} INFO - Processing /opt/airflow/dags/dag_three.py took 0.428 seconds
[2025-11-24T11:20:03.600+0000] {processor.py:161} INFO - Started process (PID=24550) to work on /opt/airflow/dags/dag_three.py
[2025-11-24T11:20:03.602+0000] {processor.py:830} INFO - Processing file /opt/airflow/dags/dag_three.py for tasks to queue
[2025-11-24T11:20:03.603+0000] {logging_mixin.py:188} INFO - [2025-11-24T11:20:03.603+0000] {dagbag.py:538} INFO - Filling up the DagBag from /opt/airflow/dags/dag_three.py
[2025-11-24T11:20:03.964+0000] {processor.py:840} INFO - DAG(s) 'duckdb_to_iceberg_bronze' retrieved from /opt/airflow/dags/dag_three.py
[2025-11-24T11:20:03.984+0000] {logging_mixin.py:188} INFO - [2025-11-24T11:20:03.984+0000] {dag.py:3036} INFO - Sync 1 DAGs
[2025-11-24T11:20:03.993+0000] {logging_mixin.py:188} INFO - [2025-11-24T11:20:03.993+0000] {dag.py:3823} INFO - Setting next_dagrun for duckdb_to_iceberg_bronze to None, run_after=None
[2025-11-24T11:20:04.031+0000] {processor.py:183} INFO - Processing /opt/airflow/dags/dag_three.py took 0.438 seconds
[2025-11-24T11:20:34.168+0000] {processor.py:161} INFO - Started process (PID=24636) to work on /opt/airflow/dags/dag_three.py
[2025-11-24T11:20:34.170+0000] {processor.py:830} INFO - Processing file /opt/airflow/dags/dag_three.py for tasks to queue
[2025-11-24T11:20:34.171+0000] {logging_mixin.py:188} INFO - [2025-11-24T11:20:34.171+0000] {dagbag.py:538} INFO - Filling up the DagBag from /opt/airflow/dags/dag_three.py
[2025-11-24T11:20:34.601+0000] {processor.py:840} INFO - DAG(s) 'duckdb_to_iceberg_bronze' retrieved from /opt/airflow/dags/dag_three.py
[2025-11-24T11:20:34.622+0000] {logging_mixin.py:188} INFO - [2025-11-24T11:20:34.622+0000] {dag.py:3036} INFO - Sync 1 DAGs
[2025-11-24T11:20:34.638+0000] {logging_mixin.py:188} INFO - [2025-11-24T11:20:34.638+0000] {dag.py:3823} INFO - Setting next_dagrun for duckdb_to_iceberg_bronze to None, run_after=None
[2025-11-24T11:20:34.686+0000] {processor.py:183} INFO - Processing /opt/airflow/dags/dag_three.py took 0.524 seconds
[2025-11-24T11:21:04.808+0000] {processor.py:161} INFO - Started process (PID=24722) to work on /opt/airflow/dags/dag_three.py
[2025-11-24T11:21:04.810+0000] {processor.py:830} INFO - Processing file /opt/airflow/dags/dag_three.py for tasks to queue
[2025-11-24T11:21:04.813+0000] {logging_mixin.py:188} INFO - [2025-11-24T11:21:04.812+0000] {dagbag.py:538} INFO - Filling up the DagBag from /opt/airflow/dags/dag_three.py
[2025-11-24T11:21:05.189+0000] {processor.py:840} INFO - DAG(s) 'duckdb_to_iceberg_bronze' retrieved from /opt/airflow/dags/dag_three.py
[2025-11-24T11:21:05.215+0000] {logging_mixin.py:188} INFO - [2025-11-24T11:21:05.214+0000] {dag.py:3036} INFO - Sync 1 DAGs
[2025-11-24T11:21:05.224+0000] {logging_mixin.py:188} INFO - [2025-11-24T11:21:05.224+0000] {dag.py:3823} INFO - Setting next_dagrun for duckdb_to_iceberg_bronze to None, run_after=None
[2025-11-24T11:21:05.250+0000] {processor.py:183} INFO - Processing /opt/airflow/dags/dag_three.py took 0.448 seconds
[2025-11-24T11:21:35.616+0000] {processor.py:161} INFO - Started process (PID=24805) to work on /opt/airflow/dags/dag_three.py
[2025-11-24T11:21:35.617+0000] {processor.py:830} INFO - Processing file /opt/airflow/dags/dag_three.py for tasks to queue
[2025-11-24T11:21:35.617+0000] {logging_mixin.py:188} INFO - [2025-11-24T11:21:35.617+0000] {dagbag.py:538} INFO - Filling up the DagBag from /opt/airflow/dags/dag_three.py
[2025-11-24T11:21:35.986+0000] {processor.py:840} INFO - DAG(s) 'duckdb_to_iceberg_bronze' retrieved from /opt/airflow/dags/dag_three.py
[2025-11-24T11:21:36.006+0000] {logging_mixin.py:188} INFO - [2025-11-24T11:21:36.006+0000] {dag.py:3036} INFO - Sync 1 DAGs
[2025-11-24T11:21:36.018+0000] {logging_mixin.py:188} INFO - [2025-11-24T11:21:36.018+0000] {dag.py:3823} INFO - Setting next_dagrun for duckdb_to_iceberg_bronze to None, run_after=None
[2025-11-24T11:21:36.041+0000] {processor.py:183} INFO - Processing /opt/airflow/dags/dag_three.py took 0.428 seconds
[2025-11-24T11:22:06.087+0000] {processor.py:161} INFO - Started process (PID=24870) to work on /opt/airflow/dags/dag_three.py
[2025-11-24T11:22:06.099+0000] {processor.py:830} INFO - Processing file /opt/airflow/dags/dag_three.py for tasks to queue
[2025-11-24T11:22:06.102+0000] {logging_mixin.py:188} INFO - [2025-11-24T11:22:06.101+0000] {dagbag.py:538} INFO - Filling up the DagBag from /opt/airflow/dags/dag_three.py
[2025-11-24T11:22:06.488+0000] {processor.py:840} INFO - DAG(s) 'duckdb_to_iceberg_bronze' retrieved from /opt/airflow/dags/dag_three.py
[2025-11-24T11:22:06.519+0000] {logging_mixin.py:188} INFO - [2025-11-24T11:22:06.518+0000] {dag.py:3036} INFO - Sync 1 DAGs
[2025-11-24T11:22:06.528+0000] {logging_mixin.py:188} INFO - [2025-11-24T11:22:06.528+0000] {dag.py:3823} INFO - Setting next_dagrun for duckdb_to_iceberg_bronze to None, run_after=None
[2025-11-24T11:22:06.553+0000] {processor.py:183} INFO - Processing /opt/airflow/dags/dag_three.py took 0.473 seconds
[2025-11-24T11:22:36.627+0000] {processor.py:161} INFO - Started process (PID=24956) to work on /opt/airflow/dags/dag_three.py
[2025-11-24T11:22:36.629+0000] {processor.py:830} INFO - Processing file /opt/airflow/dags/dag_three.py for tasks to queue
[2025-11-24T11:22:36.631+0000] {logging_mixin.py:188} INFO - [2025-11-24T11:22:36.630+0000] {dagbag.py:538} INFO - Filling up the DagBag from /opt/airflow/dags/dag_three.py
[2025-11-24T11:22:37.036+0000] {processor.py:840} INFO - DAG(s) 'duckdb_to_iceberg_bronze' retrieved from /opt/airflow/dags/dag_three.py
[2025-11-24T11:22:37.057+0000] {logging_mixin.py:188} INFO - [2025-11-24T11:22:37.057+0000] {dag.py:3036} INFO - Sync 1 DAGs
[2025-11-24T11:22:37.069+0000] {logging_mixin.py:188} INFO - [2025-11-24T11:22:37.069+0000] {dag.py:3823} INFO - Setting next_dagrun for duckdb_to_iceberg_bronze to None, run_after=None
[2025-11-24T11:22:37.093+0000] {processor.py:183} INFO - Processing /opt/airflow/dags/dag_three.py took 0.472 seconds
[2025-11-24T11:23:07.970+0000] {processor.py:161} INFO - Started process (PID=25042) to work on /opt/airflow/dags/dag_three.py
[2025-11-24T11:23:07.971+0000] {processor.py:830} INFO - Processing file /opt/airflow/dags/dag_three.py for tasks to queue
[2025-11-24T11:23:07.972+0000] {logging_mixin.py:188} INFO - [2025-11-24T11:23:07.971+0000] {dagbag.py:538} INFO - Filling up the DagBag from /opt/airflow/dags/dag_three.py
[2025-11-24T11:23:08.325+0000] {processor.py:840} INFO - DAG(s) 'duckdb_to_iceberg_bronze' retrieved from /opt/airflow/dags/dag_three.py
[2025-11-24T11:23:08.348+0000] {logging_mixin.py:188} INFO - [2025-11-24T11:23:08.347+0000] {dag.py:3036} INFO - Sync 1 DAGs
[2025-11-24T11:23:08.358+0000] {logging_mixin.py:188} INFO - [2025-11-24T11:23:08.358+0000] {dag.py:3823} INFO - Setting next_dagrun for duckdb_to_iceberg_bronze to None, run_after=None
[2025-11-24T11:23:08.388+0000] {processor.py:183} INFO - Processing /opt/airflow/dags/dag_three.py took 0.422 seconds
[2025-11-24T11:23:38.464+0000] {processor.py:161} INFO - Started process (PID=25128) to work on /opt/airflow/dags/dag_three.py
[2025-11-24T11:23:38.466+0000] {processor.py:830} INFO - Processing file /opt/airflow/dags/dag_three.py for tasks to queue
[2025-11-24T11:23:38.468+0000] {logging_mixin.py:188} INFO - [2025-11-24T11:23:38.467+0000] {dagbag.py:538} INFO - Filling up the DagBag from /opt/airflow/dags/dag_three.py
[2025-11-24T11:23:38.851+0000] {processor.py:840} INFO - DAG(s) 'duckdb_to_iceberg_bronze' retrieved from /opt/airflow/dags/dag_three.py
[2025-11-24T11:23:38.870+0000] {logging_mixin.py:188} INFO - [2025-11-24T11:23:38.870+0000] {dag.py:3036} INFO - Sync 1 DAGs
[2025-11-24T11:23:38.884+0000] {logging_mixin.py:188} INFO - [2025-11-24T11:23:38.884+0000] {dag.py:3823} INFO - Setting next_dagrun for duckdb_to_iceberg_bronze to None, run_after=None
[2025-11-24T11:23:38.929+0000] {processor.py:183} INFO - Processing /opt/airflow/dags/dag_three.py took 0.471 seconds
[2025-11-24T11:23:41.499+0000] {processor.py:161} INFO - Started process (PID=25149) to work on /opt/airflow/dags/dag_three.py
[2025-11-24T11:23:41.501+0000] {processor.py:830} INFO - Processing file /opt/airflow/dags/dag_three.py for tasks to queue
[2025-11-24T11:23:41.503+0000] {logging_mixin.py:188} INFO - [2025-11-24T11:23:41.502+0000] {dagbag.py:538} INFO - Filling up the DagBag from /opt/airflow/dags/dag_three.py
[2025-11-24T11:23:41.875+0000] {processor.py:840} INFO - DAG(s) 'duckdb_to_iceberg_bronze' retrieved from /opt/airflow/dags/dag_three.py
[2025-11-24T11:23:41.896+0000] {logging_mixin.py:188} INFO - [2025-11-24T11:23:41.896+0000] {dag.py:3036} INFO - Sync 1 DAGs
[2025-11-24T11:23:41.907+0000] {logging_mixin.py:188} INFO - [2025-11-24T11:23:41.907+0000] {dag.py:3823} INFO - Setting next_dagrun for duckdb_to_iceberg_bronze to None, run_after=None
[2025-11-24T11:23:41.935+0000] {processor.py:183} INFO - Processing /opt/airflow/dags/dag_three.py took 0.442 seconds
[2025-11-24T11:24:12.431+0000] {processor.py:161} INFO - Started process (PID=25235) to work on /opt/airflow/dags/dag_three.py
[2025-11-24T11:24:12.433+0000] {processor.py:830} INFO - Processing file /opt/airflow/dags/dag_three.py for tasks to queue
[2025-11-24T11:24:12.436+0000] {logging_mixin.py:188} INFO - [2025-11-24T11:24:12.435+0000] {dagbag.py:538} INFO - Filling up the DagBag from /opt/airflow/dags/dag_three.py
[2025-11-24T11:24:12.825+0000] {processor.py:840} INFO - DAG(s) 'duckdb_to_iceberg_bronze' retrieved from /opt/airflow/dags/dag_three.py
[2025-11-24T11:24:12.846+0000] {logging_mixin.py:188} INFO - [2025-11-24T11:24:12.846+0000] {dag.py:3036} INFO - Sync 1 DAGs
[2025-11-24T11:24:12.856+0000] {logging_mixin.py:188} INFO - [2025-11-24T11:24:12.856+0000] {dag.py:3823} INFO - Setting next_dagrun for duckdb_to_iceberg_bronze to None, run_after=None
[2025-11-24T11:24:12.872+0000] {processor.py:183} INFO - Processing /opt/airflow/dags/dag_three.py took 0.447 seconds
[2025-11-24T11:24:43.402+0000] {processor.py:161} INFO - Started process (PID=25321) to work on /opt/airflow/dags/dag_three.py
[2025-11-24T11:24:43.404+0000] {processor.py:830} INFO - Processing file /opt/airflow/dags/dag_three.py for tasks to queue
[2025-11-24T11:24:43.406+0000] {logging_mixin.py:188} INFO - [2025-11-24T11:24:43.405+0000] {dagbag.py:538} INFO - Filling up the DagBag from /opt/airflow/dags/dag_three.py
[2025-11-24T11:24:43.783+0000] {processor.py:840} INFO - DAG(s) 'duckdb_to_iceberg_bronze' retrieved from /opt/airflow/dags/dag_three.py
[2025-11-24T11:24:43.810+0000] {logging_mixin.py:188} INFO - [2025-11-24T11:24:43.809+0000] {dag.py:3036} INFO - Sync 1 DAGs
[2025-11-24T11:24:43.820+0000] {logging_mixin.py:188} INFO - [2025-11-24T11:24:43.820+0000] {dag.py:3823} INFO - Setting next_dagrun for duckdb_to_iceberg_bronze to None, run_after=None
[2025-11-24T11:24:43.846+0000] {processor.py:183} INFO - Processing /opt/airflow/dags/dag_three.py took 0.451 seconds
[2025-11-24T11:25:14.323+0000] {processor.py:161} INFO - Started process (PID=25407) to work on /opt/airflow/dags/dag_three.py
[2025-11-24T11:25:14.332+0000] {processor.py:830} INFO - Processing file /opt/airflow/dags/dag_three.py for tasks to queue
[2025-11-24T11:25:14.335+0000] {logging_mixin.py:188} INFO - [2025-11-24T11:25:14.334+0000] {dagbag.py:538} INFO - Filling up the DagBag from /opt/airflow/dags/dag_three.py
[2025-11-24T11:25:14.722+0000] {processor.py:840} INFO - DAG(s) 'duckdb_to_iceberg_bronze' retrieved from /opt/airflow/dags/dag_three.py
[2025-11-24T11:25:14.743+0000] {logging_mixin.py:188} INFO - [2025-11-24T11:25:14.743+0000] {dag.py:3036} INFO - Sync 1 DAGs
[2025-11-24T11:25:14.753+0000] {logging_mixin.py:188} INFO - [2025-11-24T11:25:14.753+0000] {dag.py:3823} INFO - Setting next_dagrun for duckdb_to_iceberg_bronze to None, run_after=None
[2025-11-24T11:25:14.768+0000] {processor.py:183} INFO - Processing /opt/airflow/dags/dag_three.py took 0.448 seconds
[2025-11-24T11:25:45.353+0000] {processor.py:161} INFO - Started process (PID=25493) to work on /opt/airflow/dags/dag_three.py
[2025-11-24T11:25:45.355+0000] {processor.py:830} INFO - Processing file /opt/airflow/dags/dag_three.py for tasks to queue
[2025-11-24T11:25:45.357+0000] {logging_mixin.py:188} INFO - [2025-11-24T11:25:45.356+0000] {dagbag.py:538} INFO - Filling up the DagBag from /opt/airflow/dags/dag_three.py
[2025-11-24T11:25:45.727+0000] {processor.py:840} INFO - DAG(s) 'duckdb_to_iceberg_bronze' retrieved from /opt/airflow/dags/dag_three.py
[2025-11-24T11:25:45.747+0000] {logging_mixin.py:188} INFO - [2025-11-24T11:25:45.746+0000] {dag.py:3036} INFO - Sync 1 DAGs
[2025-11-24T11:25:45.756+0000] {logging_mixin.py:188} INFO - [2025-11-24T11:25:45.756+0000] {dag.py:3823} INFO - Setting next_dagrun for duckdb_to_iceberg_bronze to None, run_after=None
[2025-11-24T11:25:45.782+0000] {processor.py:183} INFO - Processing /opt/airflow/dags/dag_three.py took 0.434 seconds
[2025-11-24T11:26:16.332+0000] {processor.py:161} INFO - Started process (PID=25579) to work on /opt/airflow/dags/dag_three.py
[2025-11-24T11:26:16.333+0000] {processor.py:830} INFO - Processing file /opt/airflow/dags/dag_three.py for tasks to queue
[2025-11-24T11:26:16.334+0000] {logging_mixin.py:188} INFO - [2025-11-24T11:26:16.333+0000] {dagbag.py:538} INFO - Filling up the DagBag from /opt/airflow/dags/dag_three.py
[2025-11-24T11:26:16.718+0000] {processor.py:840} INFO - DAG(s) 'duckdb_to_iceberg_bronze' retrieved from /opt/airflow/dags/dag_three.py
[2025-11-24T11:26:16.752+0000] {logging_mixin.py:188} INFO - [2025-11-24T11:26:16.752+0000] {dag.py:3036} INFO - Sync 1 DAGs
[2025-11-24T11:26:16.766+0000] {logging_mixin.py:188} INFO - [2025-11-24T11:26:16.765+0000] {dag.py:3823} INFO - Setting next_dagrun for duckdb_to_iceberg_bronze to None, run_after=None
[2025-11-24T11:26:16.799+0000] {processor.py:183} INFO - Processing /opt/airflow/dags/dag_three.py took 0.470 seconds
[2025-11-24T11:26:47.340+0000] {processor.py:161} INFO - Started process (PID=25665) to work on /opt/airflow/dags/dag_three.py
[2025-11-24T11:26:47.344+0000] {processor.py:830} INFO - Processing file /opt/airflow/dags/dag_three.py for tasks to queue
[2025-11-24T11:26:47.349+0000] {logging_mixin.py:188} INFO - [2025-11-24T11:26:47.347+0000] {dagbag.py:538} INFO - Filling up the DagBag from /opt/airflow/dags/dag_three.py
[2025-11-24T11:26:47.730+0000] {processor.py:840} INFO - DAG(s) 'duckdb_to_iceberg_bronze' retrieved from /opt/airflow/dags/dag_three.py
[2025-11-24T11:26:47.754+0000] {logging_mixin.py:188} INFO - [2025-11-24T11:26:47.753+0000] {dag.py:3036} INFO - Sync 1 DAGs
[2025-11-24T11:26:47.765+0000] {logging_mixin.py:188} INFO - [2025-11-24T11:26:47.765+0000] {dag.py:3823} INFO - Setting next_dagrun for duckdb_to_iceberg_bronze to None, run_after=None
[2025-11-24T11:26:47.800+0000] {processor.py:183} INFO - Processing /opt/airflow/dags/dag_three.py took 0.472 seconds
[2025-11-24T11:27:18.226+0000] {processor.py:161} INFO - Started process (PID=25751) to work on /opt/airflow/dags/dag_three.py
[2025-11-24T11:27:18.227+0000] {processor.py:830} INFO - Processing file /opt/airflow/dags/dag_three.py for tasks to queue
[2025-11-24T11:27:18.227+0000] {logging_mixin.py:188} INFO - [2025-11-24T11:27:18.227+0000] {dagbag.py:538} INFO - Filling up the DagBag from /opt/airflow/dags/dag_three.py
[2025-11-24T11:27:18.586+0000] {processor.py:840} INFO - DAG(s) 'duckdb_to_iceberg_bronze' retrieved from /opt/airflow/dags/dag_three.py
[2025-11-24T11:27:18.608+0000] {logging_mixin.py:188} INFO - [2025-11-24T11:27:18.607+0000] {dag.py:3036} INFO - Sync 1 DAGs
[2025-11-24T11:27:18.618+0000] {logging_mixin.py:188} INFO - [2025-11-24T11:27:18.617+0000] {dag.py:3823} INFO - Setting next_dagrun for duckdb_to_iceberg_bronze to None, run_after=None
[2025-11-24T11:27:18.633+0000] {processor.py:183} INFO - Processing /opt/airflow/dags/dag_three.py took 0.411 seconds
[2025-11-24T11:27:49.194+0000] {processor.py:161} INFO - Started process (PID=25837) to work on /opt/airflow/dags/dag_three.py
[2025-11-24T11:27:49.196+0000] {processor.py:830} INFO - Processing file /opt/airflow/dags/dag_three.py for tasks to queue
[2025-11-24T11:27:49.198+0000] {logging_mixin.py:188} INFO - [2025-11-24T11:27:49.197+0000] {dagbag.py:538} INFO - Filling up the DagBag from /opt/airflow/dags/dag_three.py
[2025-11-24T11:27:49.582+0000] {processor.py:840} INFO - DAG(s) 'duckdb_to_iceberg_bronze' retrieved from /opt/airflow/dags/dag_three.py
[2025-11-24T11:27:49.607+0000] {logging_mixin.py:188} INFO - [2025-11-24T11:27:49.606+0000] {dag.py:3036} INFO - Sync 1 DAGs
[2025-11-24T11:27:49.652+0000] {logging_mixin.py:188} INFO - [2025-11-24T11:27:49.651+0000] {dag.py:3823} INFO - Setting next_dagrun for duckdb_to_iceberg_bronze to None, run_after=None
[2025-11-24T11:27:49.714+0000] {processor.py:183} INFO - Processing /opt/airflow/dags/dag_three.py took 0.526 seconds
[2025-11-24T11:28:20.134+0000] {processor.py:161} INFO - Started process (PID=25923) to work on /opt/airflow/dags/dag_three.py
[2025-11-24T11:28:20.135+0000] {processor.py:830} INFO - Processing file /opt/airflow/dags/dag_three.py for tasks to queue
[2025-11-24T11:28:20.137+0000] {logging_mixin.py:188} INFO - [2025-11-24T11:28:20.136+0000] {dagbag.py:538} INFO - Filling up the DagBag from /opt/airflow/dags/dag_three.py
[2025-11-24T11:28:20.487+0000] {processor.py:840} INFO - DAG(s) 'duckdb_to_iceberg_bronze' retrieved from /opt/airflow/dags/dag_three.py
[2025-11-24T11:28:20.512+0000] {logging_mixin.py:188} INFO - [2025-11-24T11:28:20.511+0000] {dag.py:3036} INFO - Sync 1 DAGs
[2025-11-24T11:28:20.523+0000] {logging_mixin.py:188} INFO - [2025-11-24T11:28:20.523+0000] {dag.py:3823} INFO - Setting next_dagrun for duckdb_to_iceberg_bronze to None, run_after=None
[2025-11-24T11:28:20.547+0000] {processor.py:183} INFO - Processing /opt/airflow/dags/dag_three.py took 0.416 seconds
[2025-11-24T11:28:50.963+0000] {processor.py:161} INFO - Started process (PID=26009) to work on /opt/airflow/dags/dag_three.py
[2025-11-24T11:28:50.965+0000] {processor.py:830} INFO - Processing file /opt/airflow/dags/dag_three.py for tasks to queue
[2025-11-24T11:28:50.967+0000] {logging_mixin.py:188} INFO - [2025-11-24T11:28:50.966+0000] {dagbag.py:538} INFO - Filling up the DagBag from /opt/airflow/dags/dag_three.py
[2025-11-24T11:28:51.416+0000] {processor.py:840} INFO - DAG(s) 'duckdb_to_iceberg_bronze' retrieved from /opt/airflow/dags/dag_three.py
[2025-11-24T11:28:51.440+0000] {logging_mixin.py:188} INFO - [2025-11-24T11:28:51.439+0000] {dag.py:3036} INFO - Sync 1 DAGs
[2025-11-24T11:28:51.449+0000] {logging_mixin.py:188} INFO - [2025-11-24T11:28:51.449+0000] {dag.py:3823} INFO - Setting next_dagrun for duckdb_to_iceberg_bronze to None, run_after=None
[2025-11-24T11:28:51.473+0000] {processor.py:183} INFO - Processing /opt/airflow/dags/dag_three.py took 0.515 seconds
[2025-11-24T11:29:21.907+0000] {processor.py:161} INFO - Started process (PID=26095) to work on /opt/airflow/dags/dag_three.py
[2025-11-24T11:29:21.912+0000] {processor.py:830} INFO - Processing file /opt/airflow/dags/dag_three.py for tasks to queue
[2025-11-24T11:29:21.914+0000] {logging_mixin.py:188} INFO - [2025-11-24T11:29:21.913+0000] {dagbag.py:538} INFO - Filling up the DagBag from /opt/airflow/dags/dag_three.py
[2025-11-24T11:29:22.284+0000] {processor.py:840} INFO - DAG(s) 'duckdb_to_iceberg_bronze' retrieved from /opt/airflow/dags/dag_three.py
[2025-11-24T11:29:22.303+0000] {logging_mixin.py:188} INFO - [2025-11-24T11:29:22.303+0000] {dag.py:3036} INFO - Sync 1 DAGs
[2025-11-24T11:29:22.316+0000] {logging_mixin.py:188} INFO - [2025-11-24T11:29:22.316+0000] {dag.py:3823} INFO - Setting next_dagrun for duckdb_to_iceberg_bronze to None, run_after=None
[2025-11-24T11:29:22.347+0000] {processor.py:183} INFO - Processing /opt/airflow/dags/dag_three.py took 0.448 seconds
[2025-11-24T11:29:52.727+0000] {processor.py:161} INFO - Started process (PID=26178) to work on /opt/airflow/dags/dag_three.py
[2025-11-24T11:29:52.728+0000] {processor.py:830} INFO - Processing file /opt/airflow/dags/dag_three.py for tasks to queue
[2025-11-24T11:29:52.728+0000] {logging_mixin.py:188} INFO - [2025-11-24T11:29:52.728+0000] {dagbag.py:538} INFO - Filling up the DagBag from /opt/airflow/dags/dag_three.py
[2025-11-24T11:29:53.097+0000] {processor.py:840} INFO - DAG(s) 'duckdb_to_iceberg_bronze' retrieved from /opt/airflow/dags/dag_three.py
[2025-11-24T11:29:53.120+0000] {logging_mixin.py:188} INFO - [2025-11-24T11:29:53.120+0000] {dag.py:3036} INFO - Sync 1 DAGs
[2025-11-24T11:29:53.131+0000] {logging_mixin.py:188} INFO - [2025-11-24T11:29:53.131+0000] {dag.py:3823} INFO - Setting next_dagrun for duckdb_to_iceberg_bronze to None, run_after=None
[2025-11-24T11:29:53.158+0000] {processor.py:183} INFO - Processing /opt/airflow/dags/dag_three.py took 0.434 seconds
[2025-11-24T11:30:23.674+0000] {processor.py:161} INFO - Started process (PID=26243) to work on /opt/airflow/dags/dag_three.py
[2025-11-24T11:30:23.689+0000] {processor.py:830} INFO - Processing file /opt/airflow/dags/dag_three.py for tasks to queue
[2025-11-24T11:30:23.691+0000] {logging_mixin.py:188} INFO - [2025-11-24T11:30:23.690+0000] {dagbag.py:538} INFO - Filling up the DagBag from /opt/airflow/dags/dag_three.py
[2025-11-24T11:30:24.080+0000] {processor.py:840} INFO - DAG(s) 'duckdb_to_iceberg_bronze' retrieved from /opt/airflow/dags/dag_three.py
[2025-11-24T11:30:24.102+0000] {logging_mixin.py:188} INFO - [2025-11-24T11:30:24.101+0000] {dag.py:3036} INFO - Sync 1 DAGs
[2025-11-24T11:30:24.124+0000] {logging_mixin.py:188} INFO - [2025-11-24T11:30:24.124+0000] {dag.py:3823} INFO - Setting next_dagrun for duckdb_to_iceberg_bronze to None, run_after=None
[2025-11-24T11:30:24.167+0000] {processor.py:183} INFO - Processing /opt/airflow/dags/dag_three.py took 0.496 seconds
[2025-11-24T11:30:55.001+0000] {processor.py:161} INFO - Started process (PID=26329) to work on /opt/airflow/dags/dag_three.py
[2025-11-24T11:30:55.004+0000] {processor.py:830} INFO - Processing file /opt/airflow/dags/dag_three.py for tasks to queue
[2025-11-24T11:30:55.006+0000] {logging_mixin.py:188} INFO - [2025-11-24T11:30:55.005+0000] {dagbag.py:538} INFO - Filling up the DagBag from /opt/airflow/dags/dag_three.py
[2025-11-24T11:30:55.402+0000] {processor.py:840} INFO - DAG(s) 'duckdb_to_iceberg_bronze' retrieved from /opt/airflow/dags/dag_three.py
[2025-11-24T11:30:55.437+0000] {logging_mixin.py:188} INFO - [2025-11-24T11:30:55.434+0000] {dag.py:3036} INFO - Sync 1 DAGs
[2025-11-24T11:30:55.453+0000] {logging_mixin.py:188} INFO - [2025-11-24T11:30:55.453+0000] {dag.py:3823} INFO - Setting next_dagrun for duckdb_to_iceberg_bronze to None, run_after=None
[2025-11-24T11:30:55.490+0000] {processor.py:183} INFO - Processing /opt/airflow/dags/dag_three.py took 0.494 seconds
[2025-11-24T11:31:25.768+0000] {processor.py:161} INFO - Started process (PID=26415) to work on /opt/airflow/dags/dag_three.py
[2025-11-24T11:31:25.770+0000] {processor.py:830} INFO - Processing file /opt/airflow/dags/dag_three.py for tasks to queue
[2025-11-24T11:31:25.771+0000] {logging_mixin.py:188} INFO - [2025-11-24T11:31:25.771+0000] {dagbag.py:538} INFO - Filling up the DagBag from /opt/airflow/dags/dag_three.py
[2025-11-24T11:31:26.144+0000] {processor.py:840} INFO - DAG(s) 'duckdb_to_iceberg_bronze' retrieved from /opt/airflow/dags/dag_three.py
[2025-11-24T11:31:26.170+0000] {logging_mixin.py:188} INFO - [2025-11-24T11:31:26.169+0000] {dag.py:3036} INFO - Sync 1 DAGs
[2025-11-24T11:31:26.186+0000] {logging_mixin.py:188} INFO - [2025-11-24T11:31:26.185+0000] {dag.py:3823} INFO - Setting next_dagrun for duckdb_to_iceberg_bronze to None, run_after=None
[2025-11-24T11:31:26.212+0000] {processor.py:183} INFO - Processing /opt/airflow/dags/dag_three.py took 0.453 seconds
[2025-11-24T11:31:57.053+0000] {processor.py:161} INFO - Started process (PID=26521) to work on /opt/airflow/dags/dag_three.py
[2025-11-24T11:31:57.055+0000] {processor.py:830} INFO - Processing file /opt/airflow/dags/dag_three.py for tasks to queue
[2025-11-24T11:31:57.057+0000] {logging_mixin.py:188} INFO - [2025-11-24T11:31:57.056+0000] {dagbag.py:538} INFO - Filling up the DagBag from /opt/airflow/dags/dag_three.py
[2025-11-24T11:31:57.431+0000] {processor.py:840} INFO - DAG(s) 'duckdb_to_iceberg_bronze' retrieved from /opt/airflow/dags/dag_three.py
[2025-11-24T11:31:57.455+0000] {logging_mixin.py:188} INFO - [2025-11-24T11:31:57.455+0000] {dag.py:3036} INFO - Sync 1 DAGs
[2025-11-24T11:31:57.466+0000] {logging_mixin.py:188} INFO - [2025-11-24T11:31:57.466+0000] {dag.py:3823} INFO - Setting next_dagrun for duckdb_to_iceberg_bronze to None, run_after=None
[2025-11-24T11:31:57.493+0000] {processor.py:183} INFO - Processing /opt/airflow/dags/dag_three.py took 0.446 seconds
[2025-11-24T11:32:27.794+0000] {processor.py:161} INFO - Started process (PID=26607) to work on /opt/airflow/dags/dag_three.py
[2025-11-24T11:32:27.796+0000] {processor.py:830} INFO - Processing file /opt/airflow/dags/dag_three.py for tasks to queue
[2025-11-24T11:32:27.797+0000] {logging_mixin.py:188} INFO - [2025-11-24T11:32:27.796+0000] {dagbag.py:538} INFO - Filling up the DagBag from /opt/airflow/dags/dag_three.py
[2025-11-24T11:32:28.166+0000] {processor.py:840} INFO - DAG(s) 'duckdb_to_iceberg_bronze' retrieved from /opt/airflow/dags/dag_three.py
[2025-11-24T11:32:28.186+0000] {logging_mixin.py:188} INFO - [2025-11-24T11:32:28.185+0000] {dag.py:3036} INFO - Sync 1 DAGs
[2025-11-24T11:32:28.194+0000] {logging_mixin.py:188} INFO - [2025-11-24T11:32:28.193+0000] {dag.py:3823} INFO - Setting next_dagrun for duckdb_to_iceberg_bronze to None, run_after=None
[2025-11-24T11:32:28.216+0000] {processor.py:183} INFO - Processing /opt/airflow/dags/dag_three.py took 0.428 seconds
[2025-11-24T11:32:58.329+0000] {processor.py:161} INFO - Started process (PID=26693) to work on /opt/airflow/dags/dag_three.py
[2025-11-24T11:32:58.330+0000] {processor.py:830} INFO - Processing file /opt/airflow/dags/dag_three.py for tasks to queue
[2025-11-24T11:32:58.332+0000] {logging_mixin.py:188} INFO - [2025-11-24T11:32:58.331+0000] {dagbag.py:538} INFO - Filling up the DagBag from /opt/airflow/dags/dag_three.py
[2025-11-24T11:32:58.692+0000] {processor.py:840} INFO - DAG(s) 'duckdb_to_iceberg_bronze' retrieved from /opt/airflow/dags/dag_three.py
[2025-11-24T11:32:58.711+0000] {logging_mixin.py:188} INFO - [2025-11-24T11:32:58.711+0000] {dag.py:3036} INFO - Sync 1 DAGs
[2025-11-24T11:32:58.720+0000] {logging_mixin.py:188} INFO - [2025-11-24T11:32:58.719+0000] {dag.py:3823} INFO - Setting next_dagrun for duckdb_to_iceberg_bronze to None, run_after=None
[2025-11-24T11:32:58.734+0000] {processor.py:183} INFO - Processing /opt/airflow/dags/dag_three.py took 0.410 seconds
[2025-11-24T11:33:29.590+0000] {processor.py:161} INFO - Started process (PID=26779) to work on /opt/airflow/dags/dag_three.py
[2025-11-24T11:33:29.591+0000] {processor.py:830} INFO - Processing file /opt/airflow/dags/dag_three.py for tasks to queue
[2025-11-24T11:33:29.592+0000] {logging_mixin.py:188} INFO - [2025-11-24T11:33:29.592+0000] {dagbag.py:538} INFO - Filling up the DagBag from /opt/airflow/dags/dag_three.py
[2025-11-24T11:33:29.954+0000] {processor.py:840} INFO - DAG(s) 'duckdb_to_iceberg_bronze' retrieved from /opt/airflow/dags/dag_three.py
[2025-11-24T11:33:29.986+0000] {logging_mixin.py:188} INFO - [2025-11-24T11:33:29.984+0000] {dag.py:3036} INFO - Sync 1 DAGs
[2025-11-24T11:33:29.999+0000] {logging_mixin.py:188} INFO - [2025-11-24T11:33:29.999+0000] {dag.py:3823} INFO - Setting next_dagrun for duckdb_to_iceberg_bronze to None, run_after=None
[2025-11-24T11:33:30.039+0000] {processor.py:183} INFO - Processing /opt/airflow/dags/dag_three.py took 0.455 seconds
[2025-11-24T11:34:00.844+0000] {processor.py:161} INFO - Started process (PID=26865) to work on /opt/airflow/dags/dag_three.py
[2025-11-24T11:34:00.845+0000] {processor.py:830} INFO - Processing file /opt/airflow/dags/dag_three.py for tasks to queue
[2025-11-24T11:34:00.846+0000] {logging_mixin.py:188} INFO - [2025-11-24T11:34:00.846+0000] {dagbag.py:538} INFO - Filling up the DagBag from /opt/airflow/dags/dag_three.py
[2025-11-24T11:34:01.203+0000] {processor.py:840} INFO - DAG(s) 'duckdb_to_iceberg_bronze' retrieved from /opt/airflow/dags/dag_three.py
[2025-11-24T11:34:01.253+0000] {logging_mixin.py:188} INFO - [2025-11-24T11:34:01.252+0000] {dag.py:3036} INFO - Sync 1 DAGs
[2025-11-24T11:34:01.266+0000] {logging_mixin.py:188} INFO - [2025-11-24T11:34:01.266+0000] {dag.py:3823} INFO - Setting next_dagrun for duckdb_to_iceberg_bronze to None, run_after=None
[2025-11-24T11:34:01.282+0000] {processor.py:183} INFO - Processing /opt/airflow/dags/dag_three.py took 0.442 seconds
[2025-11-24T11:34:31.407+0000] {processor.py:161} INFO - Started process (PID=26951) to work on /opt/airflow/dags/dag_three.py
[2025-11-24T11:34:31.409+0000] {processor.py:830} INFO - Processing file /opt/airflow/dags/dag_three.py for tasks to queue
[2025-11-24T11:34:31.410+0000] {logging_mixin.py:188} INFO - [2025-11-24T11:34:31.410+0000] {dagbag.py:538} INFO - Filling up the DagBag from /opt/airflow/dags/dag_three.py
[2025-11-24T11:34:31.769+0000] {processor.py:840} INFO - DAG(s) 'duckdb_to_iceberg_bronze' retrieved from /opt/airflow/dags/dag_three.py
[2025-11-24T11:34:31.790+0000] {logging_mixin.py:188} INFO - [2025-11-24T11:34:31.790+0000] {dag.py:3036} INFO - Sync 1 DAGs
[2025-11-24T11:34:31.800+0000] {logging_mixin.py:188} INFO - [2025-11-24T11:34:31.800+0000] {dag.py:3823} INFO - Setting next_dagrun for duckdb_to_iceberg_bronze to None, run_after=None
[2025-11-24T11:34:31.828+0000] {processor.py:183} INFO - Processing /opt/airflow/dags/dag_three.py took 0.428 seconds
[2025-11-24T11:35:01.977+0000] {processor.py:161} INFO - Started process (PID=27037) to work on /opt/airflow/dags/dag_three.py
[2025-11-24T11:35:01.978+0000] {processor.py:830} INFO - Processing file /opt/airflow/dags/dag_three.py for tasks to queue
[2025-11-24T11:35:01.979+0000] {logging_mixin.py:188} INFO - [2025-11-24T11:35:01.979+0000] {dagbag.py:538} INFO - Filling up the DagBag from /opt/airflow/dags/dag_three.py
[2025-11-24T11:35:02.330+0000] {processor.py:840} INFO - DAG(s) 'duckdb_to_iceberg_bronze' retrieved from /opt/airflow/dags/dag_three.py
[2025-11-24T11:35:02.353+0000] {logging_mixin.py:188} INFO - [2025-11-24T11:35:02.352+0000] {dag.py:3036} INFO - Sync 1 DAGs
[2025-11-24T11:35:02.364+0000] {logging_mixin.py:188} INFO - [2025-11-24T11:35:02.363+0000] {dag.py:3823} INFO - Setting next_dagrun for duckdb_to_iceberg_bronze to None, run_after=None
[2025-11-24T11:35:02.396+0000] {processor.py:183} INFO - Processing /opt/airflow/dags/dag_three.py took 0.422 seconds
[2025-11-24T11:35:33.160+0000] {processor.py:161} INFO - Started process (PID=27123) to work on /opt/airflow/dags/dag_three.py
[2025-11-24T11:35:33.161+0000] {processor.py:830} INFO - Processing file /opt/airflow/dags/dag_three.py for tasks to queue
[2025-11-24T11:35:33.162+0000] {logging_mixin.py:188} INFO - [2025-11-24T11:35:33.162+0000] {dagbag.py:538} INFO - Filling up the DagBag from /opt/airflow/dags/dag_three.py
[2025-11-24T11:35:33.508+0000] {processor.py:840} INFO - DAG(s) 'duckdb_to_iceberg_bronze' retrieved from /opt/airflow/dags/dag_three.py
[2025-11-24T11:35:33.534+0000] {logging_mixin.py:188} INFO - [2025-11-24T11:35:33.534+0000] {dag.py:3036} INFO - Sync 1 DAGs
[2025-11-24T11:35:33.543+0000] {logging_mixin.py:188} INFO - [2025-11-24T11:35:33.543+0000] {dag.py:3823} INFO - Setting next_dagrun for duckdb_to_iceberg_bronze to None, run_after=None
[2025-11-24T11:35:33.569+0000] {processor.py:183} INFO - Processing /opt/airflow/dags/dag_three.py took 0.412 seconds
[2025-11-24T11:36:04.386+0000] {processor.py:161} INFO - Started process (PID=27209) to work on /opt/airflow/dags/dag_three.py
[2025-11-24T11:36:04.387+0000] {processor.py:830} INFO - Processing file /opt/airflow/dags/dag_three.py for tasks to queue
[2025-11-24T11:36:04.388+0000] {logging_mixin.py:188} INFO - [2025-11-24T11:36:04.387+0000] {dagbag.py:538} INFO - Filling up the DagBag from /opt/airflow/dags/dag_three.py
[2025-11-24T11:36:04.748+0000] {processor.py:840} INFO - DAG(s) 'duckdb_to_iceberg_bronze' retrieved from /opt/airflow/dags/dag_three.py
[2025-11-24T11:36:04.775+0000] {logging_mixin.py:188} INFO - [2025-11-24T11:36:04.775+0000] {dag.py:3036} INFO - Sync 1 DAGs
[2025-11-24T11:36:04.786+0000] {logging_mixin.py:188} INFO - [2025-11-24T11:36:04.786+0000] {dag.py:3823} INFO - Setting next_dagrun for duckdb_to_iceberg_bronze to None, run_after=None
[2025-11-24T11:36:04.822+0000] {processor.py:183} INFO - Processing /opt/airflow/dags/dag_three.py took 0.439 seconds
[2025-11-24T11:36:35.000+0000] {processor.py:161} INFO - Started process (PID=27295) to work on /opt/airflow/dags/dag_three.py
[2025-11-24T11:36:35.002+0000] {processor.py:830} INFO - Processing file /opt/airflow/dags/dag_three.py for tasks to queue
[2025-11-24T11:36:35.005+0000] {logging_mixin.py:188} INFO - [2025-11-24T11:36:35.004+0000] {dagbag.py:538} INFO - Filling up the DagBag from /opt/airflow/dags/dag_three.py
[2025-11-24T11:36:35.404+0000] {processor.py:840} INFO - DAG(s) 'duckdb_to_iceberg_bronze' retrieved from /opt/airflow/dags/dag_three.py
[2025-11-24T11:36:35.431+0000] {logging_mixin.py:188} INFO - [2025-11-24T11:36:35.431+0000] {dag.py:3036} INFO - Sync 1 DAGs
[2025-11-24T11:36:35.441+0000] {logging_mixin.py:188} INFO - [2025-11-24T11:36:35.440+0000] {dag.py:3823} INFO - Setting next_dagrun for duckdb_to_iceberg_bronze to None, run_after=None
[2025-11-24T11:36:35.465+0000] {processor.py:183} INFO - Processing /opt/airflow/dags/dag_three.py took 0.471 seconds
[2025-11-24T11:37:05.669+0000] {processor.py:161} INFO - Started process (PID=27381) to work on /opt/airflow/dags/dag_three.py
[2025-11-24T11:37:05.670+0000] {processor.py:830} INFO - Processing file /opt/airflow/dags/dag_three.py for tasks to queue
[2025-11-24T11:37:05.672+0000] {logging_mixin.py:188} INFO - [2025-11-24T11:37:05.671+0000] {dagbag.py:538} INFO - Filling up the DagBag from /opt/airflow/dags/dag_three.py
[2025-11-24T11:37:06.026+0000] {processor.py:840} INFO - DAG(s) 'duckdb_to_iceberg_bronze' retrieved from /opt/airflow/dags/dag_three.py
[2025-11-24T11:37:06.045+0000] {logging_mixin.py:188} INFO - [2025-11-24T11:37:06.044+0000] {dag.py:3036} INFO - Sync 1 DAGs
[2025-11-24T11:37:06.056+0000] {logging_mixin.py:188} INFO - [2025-11-24T11:37:06.055+0000] {dag.py:3823} INFO - Setting next_dagrun for duckdb_to_iceberg_bronze to None, run_after=None
[2025-11-24T11:37:06.071+0000] {processor.py:183} INFO - Processing /opt/airflow/dags/dag_three.py took 0.408 seconds
[2025-11-24T11:37:36.595+0000] {processor.py:161} INFO - Started process (PID=27467) to work on /opt/airflow/dags/dag_three.py
[2025-11-24T11:37:36.596+0000] {processor.py:830} INFO - Processing file /opt/airflow/dags/dag_three.py for tasks to queue
[2025-11-24T11:37:36.597+0000] {logging_mixin.py:188} INFO - [2025-11-24T11:37:36.597+0000] {dagbag.py:538} INFO - Filling up the DagBag from /opt/airflow/dags/dag_three.py
[2025-11-24T11:37:36.989+0000] {processor.py:840} INFO - DAG(s) 'duckdb_to_iceberg_bronze' retrieved from /opt/airflow/dags/dag_three.py
[2025-11-24T11:37:37.012+0000] {logging_mixin.py:188} INFO - [2025-11-24T11:37:37.012+0000] {dag.py:3036} INFO - Sync 1 DAGs
[2025-11-24T11:37:37.021+0000] {logging_mixin.py:188} INFO - [2025-11-24T11:37:37.021+0000] {dag.py:3823} INFO - Setting next_dagrun for duckdb_to_iceberg_bronze to None, run_after=None
[2025-11-24T11:37:37.052+0000] {processor.py:183} INFO - Processing /opt/airflow/dags/dag_three.py took 0.463 seconds
[2025-11-24T11:38:07.348+0000] {processor.py:161} INFO - Started process (PID=27550) to work on /opt/airflow/dags/dag_three.py
[2025-11-24T11:38:07.349+0000] {processor.py:830} INFO - Processing file /opt/airflow/dags/dag_three.py for tasks to queue
[2025-11-24T11:38:07.354+0000] {logging_mixin.py:188} INFO - [2025-11-24T11:38:07.353+0000] {dagbag.py:538} INFO - Filling up the DagBag from /opt/airflow/dags/dag_three.py
[2025-11-24T11:38:07.697+0000] {processor.py:840} INFO - DAG(s) 'duckdb_to_iceberg_bronze' retrieved from /opt/airflow/dags/dag_three.py
[2025-11-24T11:38:07.716+0000] {logging_mixin.py:188} INFO - [2025-11-24T11:38:07.716+0000] {dag.py:3036} INFO - Sync 1 DAGs
[2025-11-24T11:38:07.727+0000] {logging_mixin.py:188} INFO - [2025-11-24T11:38:07.727+0000] {dag.py:3823} INFO - Setting next_dagrun for duckdb_to_iceberg_bronze to None, run_after=None
[2025-11-24T11:38:07.742+0000] {processor.py:183} INFO - Processing /opt/airflow/dags/dag_three.py took 0.398 seconds
[2025-11-24T11:38:38.076+0000] {processor.py:161} INFO - Started process (PID=27615) to work on /opt/airflow/dags/dag_three.py
[2025-11-24T11:38:38.077+0000] {processor.py:830} INFO - Processing file /opt/airflow/dags/dag_three.py for tasks to queue
[2025-11-24T11:38:38.079+0000] {logging_mixin.py:188} INFO - [2025-11-24T11:38:38.078+0000] {dagbag.py:538} INFO - Filling up the DagBag from /opt/airflow/dags/dag_three.py
[2025-11-24T11:38:38.436+0000] {processor.py:840} INFO - DAG(s) 'duckdb_to_iceberg_bronze' retrieved from /opt/airflow/dags/dag_three.py
[2025-11-24T11:38:38.459+0000] {logging_mixin.py:188} INFO - [2025-11-24T11:38:38.458+0000] {dag.py:3036} INFO - Sync 1 DAGs
[2025-11-24T11:38:38.469+0000] {logging_mixin.py:188} INFO - [2025-11-24T11:38:38.469+0000] {dag.py:3823} INFO - Setting next_dagrun for duckdb_to_iceberg_bronze to None, run_after=None
[2025-11-24T11:38:38.490+0000] {processor.py:183} INFO - Processing /opt/airflow/dags/dag_three.py took 0.418 seconds
[2025-11-24T11:39:08.778+0000] {processor.py:161} INFO - Started process (PID=27701) to work on /opt/airflow/dags/dag_three.py
[2025-11-24T11:39:08.780+0000] {processor.py:830} INFO - Processing file /opt/airflow/dags/dag_three.py for tasks to queue
[2025-11-24T11:39:08.781+0000] {logging_mixin.py:188} INFO - [2025-11-24T11:39:08.781+0000] {dagbag.py:538} INFO - Filling up the DagBag from /opt/airflow/dags/dag_three.py
[2025-11-24T11:39:09.127+0000] {processor.py:840} INFO - DAG(s) 'duckdb_to_iceberg_bronze' retrieved from /opt/airflow/dags/dag_three.py
[2025-11-24T11:39:09.152+0000] {logging_mixin.py:188} INFO - [2025-11-24T11:39:09.151+0000] {dag.py:3036} INFO - Sync 1 DAGs
[2025-11-24T11:39:09.170+0000] {logging_mixin.py:188} INFO - [2025-11-24T11:39:09.170+0000] {dag.py:3823} INFO - Setting next_dagrun for duckdb_to_iceberg_bronze to None, run_after=None
[2025-11-24T11:39:09.188+0000] {processor.py:183} INFO - Processing /opt/airflow/dags/dag_three.py took 0.416 seconds
[2025-11-24T11:39:39.723+0000] {processor.py:161} INFO - Started process (PID=27787) to work on /opt/airflow/dags/dag_three.py
[2025-11-24T11:39:39.724+0000] {processor.py:830} INFO - Processing file /opt/airflow/dags/dag_three.py for tasks to queue
[2025-11-24T11:39:39.725+0000] {logging_mixin.py:188} INFO - [2025-11-24T11:39:39.725+0000] {dagbag.py:538} INFO - Filling up the DagBag from /opt/airflow/dags/dag_three.py
[2025-11-24T11:39:40.081+0000] {processor.py:840} INFO - DAG(s) 'duckdb_to_iceberg_bronze' retrieved from /opt/airflow/dags/dag_three.py
[2025-11-24T11:39:40.101+0000] {logging_mixin.py:188} INFO - [2025-11-24T11:39:40.101+0000] {dag.py:3036} INFO - Sync 1 DAGs
[2025-11-24T11:39:40.109+0000] {logging_mixin.py:188} INFO - [2025-11-24T11:39:40.109+0000] {dag.py:3823} INFO - Setting next_dagrun for duckdb_to_iceberg_bronze to None, run_after=None
[2025-11-24T11:39:40.132+0000] {processor.py:183} INFO - Processing /opt/airflow/dags/dag_three.py took 0.414 seconds
[2025-11-24T11:40:10.390+0000] {processor.py:161} INFO - Started process (PID=27873) to work on /opt/airflow/dags/dag_three.py
[2025-11-24T11:40:10.392+0000] {processor.py:830} INFO - Processing file /opt/airflow/dags/dag_three.py for tasks to queue
[2025-11-24T11:40:10.394+0000] {logging_mixin.py:188} INFO - [2025-11-24T11:40:10.393+0000] {dagbag.py:538} INFO - Filling up the DagBag from /opt/airflow/dags/dag_three.py
[2025-11-24T11:40:10.753+0000] {processor.py:840} INFO - DAG(s) 'duckdb_to_iceberg_bronze' retrieved from /opt/airflow/dags/dag_three.py
[2025-11-24T11:40:10.777+0000] {logging_mixin.py:188} INFO - [2025-11-24T11:40:10.776+0000] {dag.py:3036} INFO - Sync 1 DAGs
[2025-11-24T11:40:10.793+0000] {logging_mixin.py:188} INFO - [2025-11-24T11:40:10.793+0000] {dag.py:3823} INFO - Setting next_dagrun for duckdb_to_iceberg_bronze to None, run_after=None
[2025-11-24T11:40:10.828+0000] {processor.py:183} INFO - Processing /opt/airflow/dags/dag_three.py took 0.444 seconds
[2025-11-24T11:40:40.977+0000] {processor.py:161} INFO - Started process (PID=27959) to work on /opt/airflow/dags/dag_three.py
[2025-11-24T11:40:40.978+0000] {processor.py:830} INFO - Processing file /opt/airflow/dags/dag_three.py for tasks to queue
[2025-11-24T11:40:40.979+0000] {logging_mixin.py:188} INFO - [2025-11-24T11:40:40.979+0000] {dagbag.py:538} INFO - Filling up the DagBag from /opt/airflow/dags/dag_three.py
[2025-11-24T11:40:41.330+0000] {processor.py:840} INFO - DAG(s) 'duckdb_to_iceberg_bronze' retrieved from /opt/airflow/dags/dag_three.py
[2025-11-24T11:40:41.350+0000] {logging_mixin.py:188} INFO - [2025-11-24T11:40:41.349+0000] {dag.py:3036} INFO - Sync 1 DAGs
[2025-11-24T11:40:41.359+0000] {logging_mixin.py:188} INFO - [2025-11-24T11:40:41.359+0000] {dag.py:3823} INFO - Setting next_dagrun for duckdb_to_iceberg_bronze to None, run_after=None
[2025-11-24T11:40:41.382+0000] {processor.py:183} INFO - Processing /opt/airflow/dags/dag_three.py took 0.408 seconds
[2025-11-24T11:41:11.710+0000] {processor.py:161} INFO - Started process (PID=28045) to work on /opt/airflow/dags/dag_three.py
[2025-11-24T11:41:11.712+0000] {processor.py:830} INFO - Processing file /opt/airflow/dags/dag_three.py for tasks to queue
[2025-11-24T11:41:11.713+0000] {logging_mixin.py:188} INFO - [2025-11-24T11:41:11.713+0000] {dagbag.py:538} INFO - Filling up the DagBag from /opt/airflow/dags/dag_three.py
[2025-11-24T11:41:12.072+0000] {processor.py:840} INFO - DAG(s) 'duckdb_to_iceberg_bronze' retrieved from /opt/airflow/dags/dag_three.py
[2025-11-24T11:41:12.096+0000] {logging_mixin.py:188} INFO - [2025-11-24T11:41:12.095+0000] {dag.py:3036} INFO - Sync 1 DAGs
[2025-11-24T11:41:12.108+0000] {logging_mixin.py:188} INFO - [2025-11-24T11:41:12.108+0000] {dag.py:3823} INFO - Setting next_dagrun for duckdb_to_iceberg_bronze to None, run_after=None
[2025-11-24T11:41:12.123+0000] {processor.py:183} INFO - Processing /opt/airflow/dags/dag_three.py took 0.420 seconds
[2025-11-24T11:41:42.330+0000] {processor.py:161} INFO - Started process (PID=28131) to work on /opt/airflow/dags/dag_three.py
[2025-11-24T11:41:42.331+0000] {processor.py:830} INFO - Processing file /opt/airflow/dags/dag_three.py for tasks to queue
[2025-11-24T11:41:42.333+0000] {logging_mixin.py:188} INFO - [2025-11-24T11:41:42.332+0000] {dagbag.py:538} INFO - Filling up the DagBag from /opt/airflow/dags/dag_three.py
[2025-11-24T11:41:42.681+0000] {processor.py:840} INFO - DAG(s) 'duckdb_to_iceberg_bronze' retrieved from /opt/airflow/dags/dag_three.py
[2025-11-24T11:41:42.702+0000] {logging_mixin.py:188} INFO - [2025-11-24T11:41:42.702+0000] {dag.py:3036} INFO - Sync 1 DAGs
[2025-11-24T11:41:42.713+0000] {logging_mixin.py:188} INFO - [2025-11-24T11:41:42.713+0000] {dag.py:3823} INFO - Setting next_dagrun for duckdb_to_iceberg_bronze to None, run_after=None
[2025-11-24T11:41:42.747+0000] {processor.py:183} INFO - Processing /opt/airflow/dags/dag_three.py took 0.423 seconds
[2025-11-24T11:42:12.838+0000] {processor.py:161} INFO - Started process (PID=28217) to work on /opt/airflow/dags/dag_three.py
[2025-11-24T11:42:12.840+0000] {processor.py:830} INFO - Processing file /opt/airflow/dags/dag_three.py for tasks to queue
[2025-11-24T11:42:12.841+0000] {logging_mixin.py:188} INFO - [2025-11-24T11:42:12.841+0000] {dagbag.py:538} INFO - Filling up the DagBag from /opt/airflow/dags/dag_three.py
[2025-11-24T11:42:13.203+0000] {processor.py:840} INFO - DAG(s) 'duckdb_to_iceberg_bronze' retrieved from /opt/airflow/dags/dag_three.py
[2025-11-24T11:42:13.223+0000] {logging_mixin.py:188} INFO - [2025-11-24T11:42:13.222+0000] {dag.py:3036} INFO - Sync 1 DAGs
[2025-11-24T11:42:13.243+0000] {logging_mixin.py:188} INFO - [2025-11-24T11:42:13.242+0000] {dag.py:3823} INFO - Setting next_dagrun for duckdb_to_iceberg_bronze to None, run_after=None
[2025-11-24T11:42:13.264+0000] {processor.py:183} INFO - Processing /opt/airflow/dags/dag_three.py took 0.432 seconds
[2025-11-24T11:42:43.478+0000] {processor.py:161} INFO - Started process (PID=28303) to work on /opt/airflow/dags/dag_three.py
[2025-11-24T11:42:43.480+0000] {processor.py:830} INFO - Processing file /opt/airflow/dags/dag_three.py for tasks to queue
[2025-11-24T11:42:43.481+0000] {logging_mixin.py:188} INFO - [2025-11-24T11:42:43.481+0000] {dagbag.py:538} INFO - Filling up the DagBag from /opt/airflow/dags/dag_three.py
[2025-11-24T11:42:43.829+0000] {processor.py:840} INFO - DAG(s) 'duckdb_to_iceberg_bronze' retrieved from /opt/airflow/dags/dag_three.py
[2025-11-24T11:42:43.853+0000] {logging_mixin.py:188} INFO - [2025-11-24T11:42:43.853+0000] {dag.py:3036} INFO - Sync 1 DAGs
[2025-11-24T11:42:43.863+0000] {logging_mixin.py:188} INFO - [2025-11-24T11:42:43.863+0000] {dag.py:3823} INFO - Setting next_dagrun for duckdb_to_iceberg_bronze to None, run_after=None
[2025-11-24T11:42:43.893+0000] {processor.py:183} INFO - Processing /opt/airflow/dags/dag_three.py took 0.420 seconds
[2025-11-24T11:43:14.014+0000] {processor.py:161} INFO - Started process (PID=28389) to work on /opt/airflow/dags/dag_three.py
[2025-11-24T11:43:14.016+0000] {processor.py:830} INFO - Processing file /opt/airflow/dags/dag_three.py for tasks to queue
[2025-11-24T11:43:14.017+0000] {logging_mixin.py:188} INFO - [2025-11-24T11:43:14.017+0000] {dagbag.py:538} INFO - Filling up the DagBag from /opt/airflow/dags/dag_three.py
[2025-11-24T11:43:14.396+0000] {processor.py:840} INFO - DAG(s) 'duckdb_to_iceberg_bronze' retrieved from /opt/airflow/dags/dag_three.py
[2025-11-24T11:43:14.416+0000] {logging_mixin.py:188} INFO - [2025-11-24T11:43:14.416+0000] {dag.py:3036} INFO - Sync 1 DAGs
[2025-11-24T11:43:14.426+0000] {logging_mixin.py:188} INFO - [2025-11-24T11:43:14.426+0000] {dag.py:3823} INFO - Setting next_dagrun for duckdb_to_iceberg_bronze to None, run_after=None
[2025-11-24T11:43:14.450+0000] {processor.py:183} INFO - Processing /opt/airflow/dags/dag_three.py took 0.442 seconds
[2025-11-24T11:43:44.486+0000] {processor.py:161} INFO - Started process (PID=28475) to work on /opt/airflow/dags/dag_three.py
[2025-11-24T11:43:44.487+0000] {processor.py:830} INFO - Processing file /opt/airflow/dags/dag_three.py for tasks to queue
[2025-11-24T11:43:44.487+0000] {logging_mixin.py:188} INFO - [2025-11-24T11:43:44.487+0000] {dagbag.py:538} INFO - Filling up the DagBag from /opt/airflow/dags/dag_three.py
[2025-11-24T11:43:44.847+0000] {processor.py:840} INFO - DAG(s) 'duckdb_to_iceberg_bronze' retrieved from /opt/airflow/dags/dag_three.py
[2025-11-24T11:43:44.865+0000] {logging_mixin.py:188} INFO - [2025-11-24T11:43:44.865+0000] {dag.py:3036} INFO - Sync 1 DAGs
[2025-11-24T11:43:44.875+0000] {logging_mixin.py:188} INFO - [2025-11-24T11:43:44.874+0000] {dag.py:3823} INFO - Setting next_dagrun for duckdb_to_iceberg_bronze to None, run_after=None
[2025-11-24T11:43:44.909+0000] {processor.py:183} INFO - Processing /opt/airflow/dags/dag_three.py took 0.426 seconds
[2025-11-24T11:44:14.963+0000] {processor.py:161} INFO - Started process (PID=28561) to work on /opt/airflow/dags/dag_three.py
[2025-11-24T11:44:14.965+0000] {processor.py:830} INFO - Processing file /opt/airflow/dags/dag_three.py for tasks to queue
[2025-11-24T11:44:14.967+0000] {logging_mixin.py:188} INFO - [2025-11-24T11:44:14.967+0000] {dagbag.py:538} INFO - Filling up the DagBag from /opt/airflow/dags/dag_three.py
[2025-11-24T11:44:15.369+0000] {processor.py:840} INFO - DAG(s) 'duckdb_to_iceberg_bronze' retrieved from /opt/airflow/dags/dag_three.py
[2025-11-24T11:44:15.403+0000] {logging_mixin.py:188} INFO - [2025-11-24T11:44:15.402+0000] {dag.py:3036} INFO - Sync 1 DAGs
[2025-11-24T11:44:15.414+0000] {logging_mixin.py:188} INFO - [2025-11-24T11:44:15.414+0000] {dag.py:3823} INFO - Setting next_dagrun for duckdb_to_iceberg_bronze to None, run_after=None
[2025-11-24T11:44:15.442+0000] {processor.py:183} INFO - Processing /opt/airflow/dags/dag_three.py took 0.485 seconds
[2025-11-24T11:44:45.674+0000] {processor.py:161} INFO - Started process (PID=28647) to work on /opt/airflow/dags/dag_three.py
[2025-11-24T11:44:45.675+0000] {processor.py:830} INFO - Processing file /opt/airflow/dags/dag_three.py for tasks to queue
[2025-11-24T11:44:45.677+0000] {logging_mixin.py:188} INFO - [2025-11-24T11:44:45.676+0000] {dagbag.py:538} INFO - Filling up the DagBag from /opt/airflow/dags/dag_three.py
[2025-11-24T11:44:46.097+0000] {processor.py:840} INFO - DAG(s) 'duckdb_to_iceberg_bronze' retrieved from /opt/airflow/dags/dag_three.py
[2025-11-24T11:44:46.115+0000] {logging_mixin.py:188} INFO - [2025-11-24T11:44:46.115+0000] {dag.py:3036} INFO - Sync 1 DAGs
[2025-11-24T11:44:46.123+0000] {logging_mixin.py:188} INFO - [2025-11-24T11:44:46.123+0000] {dag.py:3823} INFO - Setting next_dagrun for duckdb_to_iceberg_bronze to None, run_after=None
[2025-11-24T11:44:46.135+0000] {processor.py:183} INFO - Processing /opt/airflow/dags/dag_three.py took 0.468 seconds
[2025-11-24T11:45:16.214+0000] {processor.py:161} INFO - Started process (PID=28730) to work on /opt/airflow/dags/dag_three.py
[2025-11-24T11:45:16.215+0000] {processor.py:830} INFO - Processing file /opt/airflow/dags/dag_three.py for tasks to queue
[2025-11-24T11:45:16.215+0000] {logging_mixin.py:188} INFO - [2025-11-24T11:45:16.215+0000] {dagbag.py:538} INFO - Filling up the DagBag from /opt/airflow/dags/dag_three.py
[2025-11-24T11:45:16.593+0000] {processor.py:840} INFO - DAG(s) 'duckdb_to_iceberg_bronze' retrieved from /opt/airflow/dags/dag_three.py
[2025-11-24T11:45:16.613+0000] {logging_mixin.py:188} INFO - [2025-11-24T11:45:16.612+0000] {dag.py:3036} INFO - Sync 1 DAGs
[2025-11-24T11:45:16.623+0000] {logging_mixin.py:188} INFO - [2025-11-24T11:45:16.622+0000] {dag.py:3823} INFO - Setting next_dagrun for duckdb_to_iceberg_bronze to None, run_after=None
[2025-11-24T11:45:16.638+0000] {processor.py:183} INFO - Processing /opt/airflow/dags/dag_three.py took 0.427 seconds
[2025-11-24T11:45:46.897+0000] {processor.py:161} INFO - Started process (PID=28795) to work on /opt/airflow/dags/dag_three.py
[2025-11-24T11:45:46.902+0000] {processor.py:830} INFO - Processing file /opt/airflow/dags/dag_three.py for tasks to queue
[2025-11-24T11:45:46.906+0000] {logging_mixin.py:188} INFO - [2025-11-24T11:45:46.904+0000] {dagbag.py:538} INFO - Filling up the DagBag from /opt/airflow/dags/dag_three.py
[2025-11-24T11:45:47.266+0000] {processor.py:840} INFO - DAG(s) 'duckdb_to_iceberg_bronze' retrieved from /opt/airflow/dags/dag_three.py
[2025-11-24T11:45:47.290+0000] {logging_mixin.py:188} INFO - [2025-11-24T11:45:47.290+0000] {dag.py:3036} INFO - Sync 1 DAGs
[2025-11-24T11:45:47.298+0000] {logging_mixin.py:188} INFO - [2025-11-24T11:45:47.298+0000] {dag.py:3823} INFO - Setting next_dagrun for duckdb_to_iceberg_bronze to None, run_after=None
[2025-11-24T11:45:47.322+0000] {processor.py:183} INFO - Processing /opt/airflow/dags/dag_three.py took 0.434 seconds
[2025-11-24T11:46:17.661+0000] {processor.py:161} INFO - Started process (PID=28881) to work on /opt/airflow/dags/dag_three.py
[2025-11-24T11:46:17.663+0000] {processor.py:830} INFO - Processing file /opt/airflow/dags/dag_three.py for tasks to queue
[2025-11-24T11:46:17.665+0000] {logging_mixin.py:188} INFO - [2025-11-24T11:46:17.665+0000] {dagbag.py:538} INFO - Filling up the DagBag from /opt/airflow/dags/dag_three.py
[2025-11-24T11:46:18.031+0000] {processor.py:840} INFO - DAG(s) 'duckdb_to_iceberg_bronze' retrieved from /opt/airflow/dags/dag_three.py
[2025-11-24T11:46:18.053+0000] {logging_mixin.py:188} INFO - [2025-11-24T11:46:18.053+0000] {dag.py:3036} INFO - Sync 1 DAGs
[2025-11-24T11:46:18.069+0000] {logging_mixin.py:188} INFO - [2025-11-24T11:46:18.068+0000] {dag.py:3823} INFO - Setting next_dagrun for duckdb_to_iceberg_bronze to None, run_after=None
[2025-11-24T11:46:18.100+0000] {processor.py:183} INFO - Processing /opt/airflow/dags/dag_three.py took 0.445 seconds
[2025-11-24T11:46:48.349+0000] {processor.py:161} INFO - Started process (PID=28967) to work on /opt/airflow/dags/dag_three.py
[2025-11-24T11:46:48.350+0000] {processor.py:830} INFO - Processing file /opt/airflow/dags/dag_three.py for tasks to queue
[2025-11-24T11:46:48.351+0000] {logging_mixin.py:188} INFO - [2025-11-24T11:46:48.351+0000] {dagbag.py:538} INFO - Filling up the DagBag from /opt/airflow/dags/dag_three.py
[2025-11-24T11:46:48.691+0000] {processor.py:840} INFO - DAG(s) 'duckdb_to_iceberg_bronze' retrieved from /opt/airflow/dags/dag_three.py
[2025-11-24T11:46:48.710+0000] {logging_mixin.py:188} INFO - [2025-11-24T11:46:48.709+0000] {dag.py:3036} INFO - Sync 1 DAGs
[2025-11-24T11:46:48.719+0000] {logging_mixin.py:188} INFO - [2025-11-24T11:46:48.719+0000] {dag.py:3823} INFO - Setting next_dagrun for duckdb_to_iceberg_bronze to None, run_after=None
[2025-11-24T11:46:48.733+0000] {processor.py:183} INFO - Processing /opt/airflow/dags/dag_three.py took 0.387 seconds
[2025-11-24T11:47:18.873+0000] {processor.py:161} INFO - Started process (PID=29053) to work on /opt/airflow/dags/dag_three.py
[2025-11-24T11:47:18.874+0000] {processor.py:830} INFO - Processing file /opt/airflow/dags/dag_three.py for tasks to queue
[2025-11-24T11:47:18.876+0000] {logging_mixin.py:188} INFO - [2025-11-24T11:47:18.875+0000] {dagbag.py:538} INFO - Filling up the DagBag from /opt/airflow/dags/dag_three.py
[2025-11-24T11:47:19.237+0000] {processor.py:840} INFO - DAG(s) 'duckdb_to_iceberg_bronze' retrieved from /opt/airflow/dags/dag_three.py
[2025-11-24T11:47:19.258+0000] {logging_mixin.py:188} INFO - [2025-11-24T11:47:19.257+0000] {dag.py:3036} INFO - Sync 1 DAGs
[2025-11-24T11:47:19.267+0000] {logging_mixin.py:188} INFO - [2025-11-24T11:47:19.267+0000] {dag.py:3823} INFO - Setting next_dagrun for duckdb_to_iceberg_bronze to None, run_after=None
[2025-11-24T11:47:19.293+0000] {processor.py:183} INFO - Processing /opt/airflow/dags/dag_three.py took 0.426 seconds
[2025-11-24T11:47:49.568+0000] {processor.py:161} INFO - Started process (PID=29139) to work on /opt/airflow/dags/dag_three.py
[2025-11-24T11:47:49.568+0000] {processor.py:830} INFO - Processing file /opt/airflow/dags/dag_three.py for tasks to queue
[2025-11-24T11:47:49.569+0000] {logging_mixin.py:188} INFO - [2025-11-24T11:47:49.569+0000] {dagbag.py:538} INFO - Filling up the DagBag from /opt/airflow/dags/dag_three.py
[2025-11-24T11:47:49.932+0000] {processor.py:840} INFO - DAG(s) 'duckdb_to_iceberg_bronze' retrieved from /opt/airflow/dags/dag_three.py
[2025-11-24T11:47:49.950+0000] {logging_mixin.py:188} INFO - [2025-11-24T11:47:49.950+0000] {dag.py:3036} INFO - Sync 1 DAGs
[2025-11-24T11:47:49.960+0000] {logging_mixin.py:188} INFO - [2025-11-24T11:47:49.959+0000] {dag.py:3823} INFO - Setting next_dagrun for duckdb_to_iceberg_bronze to None, run_after=None
[2025-11-24T11:47:49.984+0000] {processor.py:183} INFO - Processing /opt/airflow/dags/dag_three.py took 0.420 seconds
[2025-11-24T11:48:20.677+0000] {processor.py:161} INFO - Started process (PID=29225) to work on /opt/airflow/dags/dag_three.py
[2025-11-24T11:48:20.678+0000] {processor.py:830} INFO - Processing file /opt/airflow/dags/dag_three.py for tasks to queue
[2025-11-24T11:48:20.680+0000] {logging_mixin.py:188} INFO - [2025-11-24T11:48:20.680+0000] {dagbag.py:538} INFO - Filling up the DagBag from /opt/airflow/dags/dag_three.py
[2025-11-24T11:48:21.034+0000] {processor.py:840} INFO - DAG(s) 'duckdb_to_iceberg_bronze' retrieved from /opt/airflow/dags/dag_three.py
[2025-11-24T11:48:21.057+0000] {logging_mixin.py:188} INFO - [2025-11-24T11:48:21.056+0000] {dag.py:3036} INFO - Sync 1 DAGs
[2025-11-24T11:48:21.065+0000] {logging_mixin.py:188} INFO - [2025-11-24T11:48:21.065+0000] {dag.py:3823} INFO - Setting next_dagrun for duckdb_to_iceberg_bronze to None, run_after=None
[2025-11-24T11:48:21.101+0000] {processor.py:183} INFO - Processing /opt/airflow/dags/dag_three.py took 0.427 seconds
[2025-11-24T11:48:51.372+0000] {processor.py:161} INFO - Started process (PID=29311) to work on /opt/airflow/dags/dag_three.py
[2025-11-24T11:48:51.373+0000] {processor.py:830} INFO - Processing file /opt/airflow/dags/dag_three.py for tasks to queue
[2025-11-24T11:48:51.375+0000] {logging_mixin.py:188} INFO - [2025-11-24T11:48:51.374+0000] {dagbag.py:538} INFO - Filling up the DagBag from /opt/airflow/dags/dag_three.py
[2025-11-24T11:48:51.724+0000] {processor.py:840} INFO - DAG(s) 'duckdb_to_iceberg_bronze' retrieved from /opt/airflow/dags/dag_three.py
[2025-11-24T11:48:51.743+0000] {logging_mixin.py:188} INFO - [2025-11-24T11:48:51.742+0000] {dag.py:3036} INFO - Sync 1 DAGs
[2025-11-24T11:48:51.758+0000] {logging_mixin.py:188} INFO - [2025-11-24T11:48:51.758+0000] {dag.py:3823} INFO - Setting next_dagrun for duckdb_to_iceberg_bronze to None, run_after=None
[2025-11-24T11:48:51.796+0000] {processor.py:183} INFO - Processing /opt/airflow/dags/dag_three.py took 0.430 seconds
[2025-11-24T11:49:22.634+0000] {processor.py:161} INFO - Started process (PID=29397) to work on /opt/airflow/dags/dag_three.py
[2025-11-24T11:49:22.635+0000] {processor.py:830} INFO - Processing file /opt/airflow/dags/dag_three.py for tasks to queue
[2025-11-24T11:49:22.637+0000] {logging_mixin.py:188} INFO - [2025-11-24T11:49:22.636+0000] {dagbag.py:538} INFO - Filling up the DagBag from /opt/airflow/dags/dag_three.py
[2025-11-24T11:49:22.991+0000] {processor.py:840} INFO - DAG(s) 'duckdb_to_iceberg_bronze' retrieved from /opt/airflow/dags/dag_three.py
[2025-11-24T11:49:23.012+0000] {logging_mixin.py:188} INFO - [2025-11-24T11:49:23.011+0000] {dag.py:3036} INFO - Sync 1 DAGs
[2025-11-24T11:49:23.021+0000] {logging_mixin.py:188} INFO - [2025-11-24T11:49:23.021+0000] {dag.py:3823} INFO - Setting next_dagrun for duckdb_to_iceberg_bronze to None, run_after=None
[2025-11-24T11:49:23.044+0000] {processor.py:183} INFO - Processing /opt/airflow/dags/dag_three.py took 0.417 seconds
[2025-11-24T11:49:53.164+0000] {processor.py:161} INFO - Started process (PID=29483) to work on /opt/airflow/dags/dag_three.py
[2025-11-24T11:49:53.165+0000] {processor.py:830} INFO - Processing file /opt/airflow/dags/dag_three.py for tasks to queue
[2025-11-24T11:49:53.167+0000] {logging_mixin.py:188} INFO - [2025-11-24T11:49:53.166+0000] {dagbag.py:538} INFO - Filling up the DagBag from /opt/airflow/dags/dag_three.py
[2025-11-24T11:49:53.546+0000] {processor.py:840} INFO - DAG(s) 'duckdb_to_iceberg_bronze' retrieved from /opt/airflow/dags/dag_three.py
[2025-11-24T11:49:53.573+0000] {logging_mixin.py:188} INFO - [2025-11-24T11:49:53.572+0000] {dag.py:3036} INFO - Sync 1 DAGs
[2025-11-24T11:49:53.583+0000] {logging_mixin.py:188} INFO - [2025-11-24T11:49:53.583+0000] {dag.py:3823} INFO - Setting next_dagrun for duckdb_to_iceberg_bronze to None, run_after=None
[2025-11-24T11:49:53.599+0000] {processor.py:183} INFO - Processing /opt/airflow/dags/dag_three.py took 0.441 seconds
[2025-11-24T11:50:23.902+0000] {processor.py:161} INFO - Started process (PID=29569) to work on /opt/airflow/dags/dag_three.py
[2025-11-24T11:50:23.904+0000] {processor.py:830} INFO - Processing file /opt/airflow/dags/dag_three.py for tasks to queue
[2025-11-24T11:50:23.905+0000] {logging_mixin.py:188} INFO - [2025-11-24T11:50:23.905+0000] {dagbag.py:538} INFO - Filling up the DagBag from /opt/airflow/dags/dag_three.py
[2025-11-24T11:50:24.168+0000] {processor.py:840} INFO - DAG(s) 'duckdb_to_iceberg_bronze' retrieved from /opt/airflow/dags/dag_three.py
[2025-11-24T11:50:24.200+0000] {logging_mixin.py:188} INFO - [2025-11-24T11:50:24.198+0000] {dag.py:3036} INFO - Sync 1 DAGs
[2025-11-24T11:50:24.234+0000] {logging_mixin.py:188} INFO - [2025-11-24T11:50:24.233+0000] {dag.py:3823} INFO - Setting next_dagrun for duckdb_to_iceberg_bronze to None, run_after=None
[2025-11-24T11:50:24.254+0000] {processor.py:183} INFO - Processing /opt/airflow/dags/dag_three.py took 0.354 seconds
[2025-11-24T11:50:55.109+0000] {processor.py:161} INFO - Started process (PID=29655) to work on /opt/airflow/dags/dag_three.py
[2025-11-24T11:50:55.110+0000] {processor.py:830} INFO - Processing file /opt/airflow/dags/dag_three.py for tasks to queue
[2025-11-24T11:50:55.112+0000] {logging_mixin.py:188} INFO - [2025-11-24T11:50:55.112+0000] {dagbag.py:538} INFO - Filling up the DagBag from /opt/airflow/dags/dag_three.py
[2025-11-24T11:50:55.385+0000] {processor.py:840} INFO - DAG(s) 'duckdb_to_iceberg_bronze' retrieved from /opt/airflow/dags/dag_three.py
[2025-11-24T11:50:55.414+0000] {logging_mixin.py:188} INFO - [2025-11-24T11:50:55.412+0000] {dag.py:3036} INFO - Sync 1 DAGs
[2025-11-24T11:50:55.443+0000] {logging_mixin.py:188} INFO - [2025-11-24T11:50:55.443+0000] {dag.py:3823} INFO - Setting next_dagrun for duckdb_to_iceberg_bronze to None, run_after=None
[2025-11-24T11:50:55.459+0000] {processor.py:183} INFO - Processing /opt/airflow/dags/dag_three.py took 0.357 seconds
[2025-11-24T11:51:25.686+0000] {processor.py:161} INFO - Started process (PID=29741) to work on /opt/airflow/dags/dag_three.py
[2025-11-24T11:51:25.687+0000] {processor.py:830} INFO - Processing file /opt/airflow/dags/dag_three.py for tasks to queue
[2025-11-24T11:51:25.688+0000] {logging_mixin.py:188} INFO - [2025-11-24T11:51:25.688+0000] {dagbag.py:538} INFO - Filling up the DagBag from /opt/airflow/dags/dag_three.py
[2025-11-24T11:51:25.977+0000] {processor.py:840} INFO - DAG(s) 'duckdb_to_iceberg_bronze' retrieved from /opt/airflow/dags/dag_three.py
[2025-11-24T11:51:26.001+0000] {logging_mixin.py:188} INFO - [2025-11-24T11:51:25.999+0000] {dag.py:3036} INFO - Sync 1 DAGs
[2025-11-24T11:51:26.011+0000] {logging_mixin.py:188} INFO - [2025-11-24T11:51:26.011+0000] {dag.py:3823} INFO - Setting next_dagrun for duckdb_to_iceberg_bronze to None, run_after=None
[2025-11-24T11:51:26.036+0000] {processor.py:183} INFO - Processing /opt/airflow/dags/dag_three.py took 0.354 seconds
[2025-11-24T11:51:56.409+0000] {processor.py:161} INFO - Started process (PID=29827) to work on /opt/airflow/dags/dag_three.py
[2025-11-24T11:51:56.413+0000] {processor.py:830} INFO - Processing file /opt/airflow/dags/dag_three.py for tasks to queue
[2025-11-24T11:51:56.417+0000] {logging_mixin.py:188} INFO - [2025-11-24T11:51:56.416+0000] {dagbag.py:538} INFO - Filling up the DagBag from /opt/airflow/dags/dag_three.py
[2025-11-24T11:51:56.673+0000] {processor.py:840} INFO - DAG(s) 'duckdb_to_iceberg_bronze' retrieved from /opt/airflow/dags/dag_three.py
[2025-11-24T11:51:56.695+0000] {logging_mixin.py:188} INFO - [2025-11-24T11:51:56.694+0000] {dag.py:3036} INFO - Sync 1 DAGs
[2025-11-24T11:51:56.704+0000] {logging_mixin.py:188} INFO - [2025-11-24T11:51:56.704+0000] {dag.py:3823} INFO - Setting next_dagrun for duckdb_to_iceberg_bronze to None, run_after=None
[2025-11-24T11:51:56.729+0000] {processor.py:183} INFO - Processing /opt/airflow/dags/dag_three.py took 0.334 seconds
[2025-11-24T11:52:26.781+0000] {processor.py:161} INFO - Started process (PID=29913) to work on /opt/airflow/dags/dag_three.py
[2025-11-24T11:52:26.783+0000] {processor.py:830} INFO - Processing file /opt/airflow/dags/dag_three.py for tasks to queue
[2025-11-24T11:52:26.785+0000] {logging_mixin.py:188} INFO - [2025-11-24T11:52:26.784+0000] {dagbag.py:538} INFO - Filling up the DagBag from /opt/airflow/dags/dag_three.py
[2025-11-24T11:52:27.086+0000] {processor.py:840} INFO - DAG(s) 'duckdb_to_iceberg_bronze' retrieved from /opt/airflow/dags/dag_three.py
[2025-11-24T11:52:27.122+0000] {logging_mixin.py:188} INFO - [2025-11-24T11:52:27.121+0000] {dag.py:3036} INFO - Sync 1 DAGs
[2025-11-24T11:52:27.137+0000] {logging_mixin.py:188} INFO - [2025-11-24T11:52:27.137+0000] {dag.py:3823} INFO - Setting next_dagrun for duckdb_to_iceberg_bronze to None, run_after=None
[2025-11-24T11:52:27.179+0000] {processor.py:183} INFO - Processing /opt/airflow/dags/dag_three.py took 0.404 seconds
[2025-11-24T11:52:57.713+0000] {processor.py:161} INFO - Started process (PID=29999) to work on /opt/airflow/dags/dag_three.py
[2025-11-24T11:52:57.714+0000] {processor.py:830} INFO - Processing file /opt/airflow/dags/dag_three.py for tasks to queue
[2025-11-24T11:52:57.716+0000] {logging_mixin.py:188} INFO - [2025-11-24T11:52:57.715+0000] {dagbag.py:538} INFO - Filling up the DagBag from /opt/airflow/dags/dag_three.py
[2025-11-24T11:52:57.969+0000] {processor.py:840} INFO - DAG(s) 'duckdb_to_iceberg_bronze' retrieved from /opt/airflow/dags/dag_three.py
[2025-11-24T11:52:57.992+0000] {logging_mixin.py:188} INFO - [2025-11-24T11:52:57.991+0000] {dag.py:3036} INFO - Sync 1 DAGs
[2025-11-24T11:52:58.004+0000] {logging_mixin.py:188} INFO - [2025-11-24T11:52:58.004+0000] {dag.py:3823} INFO - Setting next_dagrun for duckdb_to_iceberg_bronze to None, run_after=None
[2025-11-24T11:52:58.035+0000] {processor.py:183} INFO - Processing /opt/airflow/dags/dag_three.py took 0.326 seconds
[2025-11-24T11:53:28.280+0000] {processor.py:161} INFO - Started process (PID=30082) to work on /opt/airflow/dags/dag_three.py
[2025-11-24T11:53:28.281+0000] {processor.py:830} INFO - Processing file /opt/airflow/dags/dag_three.py for tasks to queue
[2025-11-24T11:53:28.283+0000] {logging_mixin.py:188} INFO - [2025-11-24T11:53:28.282+0000] {dagbag.py:538} INFO - Filling up the DagBag from /opt/airflow/dags/dag_three.py
[2025-11-24T11:53:28.537+0000] {processor.py:840} INFO - DAG(s) 'duckdb_to_iceberg_bronze' retrieved from /opt/airflow/dags/dag_three.py
[2025-11-24T11:53:28.571+0000] {logging_mixin.py:188} INFO - [2025-11-24T11:53:28.571+0000] {dag.py:3036} INFO - Sync 1 DAGs
[2025-11-24T11:53:28.582+0000] {logging_mixin.py:188} INFO - [2025-11-24T11:53:28.582+0000] {dag.py:3823} INFO - Setting next_dagrun for duckdb_to_iceberg_bronze to None, run_after=None
[2025-11-24T11:53:28.601+0000] {processor.py:183} INFO - Processing /opt/airflow/dags/dag_three.py took 0.324 seconds
[2025-11-24T11:53:58.712+0000] {processor.py:161} INFO - Started process (PID=30147) to work on /opt/airflow/dags/dag_three.py
[2025-11-24T11:53:58.714+0000] {processor.py:830} INFO - Processing file /opt/airflow/dags/dag_three.py for tasks to queue
[2025-11-24T11:53:58.716+0000] {logging_mixin.py:188} INFO - [2025-11-24T11:53:58.715+0000] {dagbag.py:538} INFO - Filling up the DagBag from /opt/airflow/dags/dag_three.py
[2025-11-24T11:53:58.971+0000] {processor.py:840} INFO - DAG(s) 'duckdb_to_iceberg_bronze' retrieved from /opt/airflow/dags/dag_three.py
[2025-11-24T11:53:58.993+0000] {logging_mixin.py:188} INFO - [2025-11-24T11:53:58.993+0000] {dag.py:3036} INFO - Sync 1 DAGs
[2025-11-24T11:53:59.012+0000] {logging_mixin.py:188} INFO - [2025-11-24T11:53:59.012+0000] {dag.py:3823} INFO - Setting next_dagrun for duckdb_to_iceberg_bronze to None, run_after=None
[2025-11-24T11:53:59.049+0000] {processor.py:183} INFO - Processing /opt/airflow/dags/dag_three.py took 0.342 seconds
[2025-11-24T11:54:29.098+0000] {processor.py:161} INFO - Started process (PID=30233) to work on /opt/airflow/dags/dag_three.py
[2025-11-24T11:54:29.099+0000] {processor.py:830} INFO - Processing file /opt/airflow/dags/dag_three.py for tasks to queue
[2025-11-24T11:54:29.101+0000] {logging_mixin.py:188} INFO - [2025-11-24T11:54:29.100+0000] {dagbag.py:538} INFO - Filling up the DagBag from /opt/airflow/dags/dag_three.py
[2025-11-24T11:54:29.357+0000] {processor.py:840} INFO - DAG(s) 'duckdb_to_iceberg_bronze' retrieved from /opt/airflow/dags/dag_three.py
[2025-11-24T11:54:29.379+0000] {logging_mixin.py:188} INFO - [2025-11-24T11:54:29.379+0000] {dag.py:3036} INFO - Sync 1 DAGs
[2025-11-24T11:54:29.389+0000] {logging_mixin.py:188} INFO - [2025-11-24T11:54:29.389+0000] {dag.py:3823} INFO - Setting next_dagrun for duckdb_to_iceberg_bronze to None, run_after=None
[2025-11-24T11:54:29.412+0000] {processor.py:183} INFO - Processing /opt/airflow/dags/dag_three.py took 0.318 seconds
[2025-11-24T11:54:59.775+0000] {processor.py:161} INFO - Started process (PID=30319) to work on /opt/airflow/dags/dag_three.py
[2025-11-24T11:54:59.777+0000] {processor.py:830} INFO - Processing file /opt/airflow/dags/dag_three.py for tasks to queue
[2025-11-24T11:54:59.778+0000] {logging_mixin.py:188} INFO - [2025-11-24T11:54:59.777+0000] {dagbag.py:538} INFO - Filling up the DagBag from /opt/airflow/dags/dag_three.py
[2025-11-24T11:55:00.046+0000] {processor.py:840} INFO - DAG(s) 'duckdb_to_iceberg_bronze' retrieved from /opt/airflow/dags/dag_three.py
[2025-11-24T11:55:00.074+0000] {logging_mixin.py:188} INFO - [2025-11-24T11:55:00.074+0000] {dag.py:3036} INFO - Sync 1 DAGs
[2025-11-24T11:55:00.087+0000] {logging_mixin.py:188} INFO - [2025-11-24T11:55:00.087+0000] {dag.py:3823} INFO - Setting next_dagrun for duckdb_to_iceberg_bronze to None, run_after=None
[2025-11-24T11:55:00.120+0000] {processor.py:183} INFO - Processing /opt/airflow/dags/dag_three.py took 0.351 seconds
[2025-11-24T11:55:30.569+0000] {processor.py:161} INFO - Started process (PID=30405) to work on /opt/airflow/dags/dag_three.py
[2025-11-24T11:55:30.571+0000] {processor.py:830} INFO - Processing file /opt/airflow/dags/dag_three.py for tasks to queue
[2025-11-24T11:55:30.574+0000] {logging_mixin.py:188} INFO - [2025-11-24T11:55:30.573+0000] {dagbag.py:538} INFO - Filling up the DagBag from /opt/airflow/dags/dag_three.py
[2025-11-24T11:55:30.838+0000] {processor.py:840} INFO - DAG(s) 'duckdb_to_iceberg_bronze' retrieved from /opt/airflow/dags/dag_three.py
[2025-11-24T11:55:30.862+0000] {logging_mixin.py:188} INFO - [2025-11-24T11:55:30.861+0000] {dag.py:3036} INFO - Sync 1 DAGs
[2025-11-24T11:55:30.880+0000] {logging_mixin.py:188} INFO - [2025-11-24T11:55:30.880+0000] {dag.py:3823} INFO - Setting next_dagrun for duckdb_to_iceberg_bronze to None, run_after=None
[2025-11-24T11:55:30.924+0000] {processor.py:183} INFO - Processing /opt/airflow/dags/dag_three.py took 0.361 seconds
[2025-11-24T11:56:01.292+0000] {processor.py:161} INFO - Started process (PID=30491) to work on /opt/airflow/dags/dag_three.py
[2025-11-24T11:56:01.294+0000] {processor.py:830} INFO - Processing file /opt/airflow/dags/dag_three.py for tasks to queue
[2025-11-24T11:56:01.295+0000] {logging_mixin.py:188} INFO - [2025-11-24T11:56:01.295+0000] {dagbag.py:538} INFO - Filling up the DagBag from /opt/airflow/dags/dag_three.py
[2025-11-24T11:56:01.546+0000] {processor.py:840} INFO - DAG(s) 'duckdb_to_iceberg_bronze' retrieved from /opt/airflow/dags/dag_three.py
[2025-11-24T11:56:01.571+0000] {logging_mixin.py:188} INFO - [2025-11-24T11:56:01.571+0000] {dag.py:3036} INFO - Sync 1 DAGs
[2025-11-24T11:56:01.584+0000] {logging_mixin.py:188} INFO - [2025-11-24T11:56:01.584+0000] {dag.py:3823} INFO - Setting next_dagrun for duckdb_to_iceberg_bronze to None, run_after=None
[2025-11-24T11:56:01.602+0000] {processor.py:183} INFO - Processing /opt/airflow/dags/dag_three.py took 0.316 seconds
[2025-11-24T11:56:32.470+0000] {processor.py:161} INFO - Started process (PID=30577) to work on /opt/airflow/dags/dag_three.py
[2025-11-24T11:56:32.472+0000] {processor.py:830} INFO - Processing file /opt/airflow/dags/dag_three.py for tasks to queue
[2025-11-24T11:56:32.473+0000] {logging_mixin.py:188} INFO - [2025-11-24T11:56:32.473+0000] {dagbag.py:538} INFO - Filling up the DagBag from /opt/airflow/dags/dag_three.py
[2025-11-24T11:56:32.735+0000] {processor.py:840} INFO - DAG(s) 'duckdb_to_iceberg_bronze' retrieved from /opt/airflow/dags/dag_three.py
[2025-11-24T11:56:32.758+0000] {logging_mixin.py:188} INFO - [2025-11-24T11:56:32.758+0000] {dag.py:3036} INFO - Sync 1 DAGs
[2025-11-24T11:56:32.768+0000] {logging_mixin.py:188} INFO - [2025-11-24T11:56:32.768+0000] {dag.py:3823} INFO - Setting next_dagrun for duckdb_to_iceberg_bronze to None, run_after=None
[2025-11-24T11:56:32.793+0000] {processor.py:183} INFO - Processing /opt/airflow/dags/dag_three.py took 0.329 seconds
[2025-11-24T11:57:02.841+0000] {processor.py:161} INFO - Started process (PID=30663) to work on /opt/airflow/dags/dag_three.py
[2025-11-24T11:57:02.843+0000] {processor.py:830} INFO - Processing file /opt/airflow/dags/dag_three.py for tasks to queue
[2025-11-24T11:57:02.846+0000] {logging_mixin.py:188} INFO - [2025-11-24T11:57:02.844+0000] {dagbag.py:538} INFO - Filling up the DagBag from /opt/airflow/dags/dag_three.py
[2025-11-24T11:57:03.118+0000] {processor.py:840} INFO - DAG(s) 'duckdb_to_iceberg_bronze' retrieved from /opt/airflow/dags/dag_three.py
[2025-11-24T11:57:03.142+0000] {logging_mixin.py:188} INFO - [2025-11-24T11:57:03.142+0000] {dag.py:3036} INFO - Sync 1 DAGs
[2025-11-24T11:57:03.156+0000] {logging_mixin.py:188} INFO - [2025-11-24T11:57:03.156+0000] {dag.py:3823} INFO - Setting next_dagrun for duckdb_to_iceberg_bronze to None, run_after=None
[2025-11-24T11:57:03.196+0000] {processor.py:183} INFO - Processing /opt/airflow/dags/dag_three.py took 0.360 seconds
[2025-11-24T11:57:33.576+0000] {processor.py:161} INFO - Started process (PID=30749) to work on /opt/airflow/dags/dag_three.py
[2025-11-24T11:57:33.578+0000] {processor.py:830} INFO - Processing file /opt/airflow/dags/dag_three.py for tasks to queue
[2025-11-24T11:57:33.580+0000] {logging_mixin.py:188} INFO - [2025-11-24T11:57:33.579+0000] {dagbag.py:538} INFO - Filling up the DagBag from /opt/airflow/dags/dag_three.py
[2025-11-24T11:57:33.851+0000] {processor.py:840} INFO - DAG(s) 'duckdb_to_iceberg_bronze' retrieved from /opt/airflow/dags/dag_three.py
[2025-11-24T11:57:33.873+0000] {logging_mixin.py:188} INFO - [2025-11-24T11:57:33.873+0000] {dag.py:3036} INFO - Sync 1 DAGs
[2025-11-24T11:57:33.890+0000] {logging_mixin.py:188} INFO - [2025-11-24T11:57:33.890+0000] {dag.py:3823} INFO - Setting next_dagrun for duckdb_to_iceberg_bronze to None, run_after=None
[2025-11-24T11:57:33.922+0000] {processor.py:183} INFO - Processing /opt/airflow/dags/dag_three.py took 0.352 seconds
[2025-11-24T11:58:04.627+0000] {processor.py:161} INFO - Started process (PID=30835) to work on /opt/airflow/dags/dag_three.py
[2025-11-24T11:58:04.629+0000] {processor.py:830} INFO - Processing file /opt/airflow/dags/dag_three.py for tasks to queue
[2025-11-24T11:58:04.631+0000] {logging_mixin.py:188} INFO - [2025-11-24T11:58:04.630+0000] {dagbag.py:538} INFO - Filling up the DagBag from /opt/airflow/dags/dag_three.py
[2025-11-24T11:58:04.897+0000] {processor.py:840} INFO - DAG(s) 'duckdb_to_iceberg_bronze' retrieved from /opt/airflow/dags/dag_three.py
[2025-11-24T11:58:04.929+0000] {logging_mixin.py:188} INFO - [2025-11-24T11:58:04.928+0000] {dag.py:3036} INFO - Sync 1 DAGs
[2025-11-24T11:58:04.948+0000] {logging_mixin.py:188} INFO - [2025-11-24T11:58:04.947+0000] {dag.py:3823} INFO - Setting next_dagrun for duckdb_to_iceberg_bronze to None, run_after=None
[2025-11-24T11:58:04.983+0000] {processor.py:183} INFO - Processing /opt/airflow/dags/dag_three.py took 0.363 seconds
[2025-11-24T11:58:35.074+0000] {processor.py:161} INFO - Started process (PID=30921) to work on /opt/airflow/dags/dag_three.py
[2025-11-24T11:58:35.075+0000] {processor.py:830} INFO - Processing file /opt/airflow/dags/dag_three.py for tasks to queue
[2025-11-24T11:58:35.076+0000] {logging_mixin.py:188} INFO - [2025-11-24T11:58:35.076+0000] {dagbag.py:538} INFO - Filling up the DagBag from /opt/airflow/dags/dag_three.py
[2025-11-24T11:58:35.345+0000] {processor.py:840} INFO - DAG(s) 'duckdb_to_iceberg_bronze' retrieved from /opt/airflow/dags/dag_three.py
[2025-11-24T11:58:35.376+0000] {logging_mixin.py:188} INFO - [2025-11-24T11:58:35.375+0000] {dag.py:3036} INFO - Sync 1 DAGs
[2025-11-24T11:58:35.390+0000] {logging_mixin.py:188} INFO - [2025-11-24T11:58:35.389+0000] {dag.py:3823} INFO - Setting next_dagrun for duckdb_to_iceberg_bronze to None, run_after=None
[2025-11-24T11:58:35.409+0000] {processor.py:183} INFO - Processing /opt/airflow/dags/dag_three.py took 0.341 seconds
[2025-11-24T11:59:05.560+0000] {processor.py:161} INFO - Started process (PID=31007) to work on /opt/airflow/dags/dag_three.py
[2025-11-24T11:59:05.564+0000] {processor.py:830} INFO - Processing file /opt/airflow/dags/dag_three.py for tasks to queue
[2025-11-24T11:59:05.569+0000] {logging_mixin.py:188} INFO - [2025-11-24T11:59:05.567+0000] {dagbag.py:538} INFO - Filling up the DagBag from /opt/airflow/dags/dag_three.py
[2025-11-24T11:59:05.818+0000] {processor.py:840} INFO - DAG(s) 'duckdb_to_iceberg_bronze' retrieved from /opt/airflow/dags/dag_three.py
[2025-11-24T11:59:05.840+0000] {logging_mixin.py:188} INFO - [2025-11-24T11:59:05.839+0000] {dag.py:3036} INFO - Sync 1 DAGs
[2025-11-24T11:59:05.849+0000] {logging_mixin.py:188} INFO - [2025-11-24T11:59:05.849+0000] {dag.py:3823} INFO - Setting next_dagrun for duckdb_to_iceberg_bronze to None, run_after=None
[2025-11-24T11:59:05.874+0000] {processor.py:183} INFO - Processing /opt/airflow/dags/dag_three.py took 0.330 seconds
[2025-11-24T11:59:36.180+0000] {processor.py:161} INFO - Started process (PID=31093) to work on /opt/airflow/dags/dag_three.py
[2025-11-24T11:59:36.182+0000] {processor.py:830} INFO - Processing file /opt/airflow/dags/dag_three.py for tasks to queue
[2025-11-24T11:59:36.185+0000] {logging_mixin.py:188} INFO - [2025-11-24T11:59:36.184+0000] {dagbag.py:538} INFO - Filling up the DagBag from /opt/airflow/dags/dag_three.py
[2025-11-24T11:59:36.456+0000] {processor.py:840} INFO - DAG(s) 'duckdb_to_iceberg_bronze' retrieved from /opt/airflow/dags/dag_three.py
[2025-11-24T11:59:36.480+0000] {logging_mixin.py:188} INFO - [2025-11-24T11:59:36.479+0000] {dag.py:3036} INFO - Sync 1 DAGs
[2025-11-24T11:59:36.496+0000] {logging_mixin.py:188} INFO - [2025-11-24T11:59:36.496+0000] {dag.py:3823} INFO - Setting next_dagrun for duckdb_to_iceberg_bronze to None, run_after=None
[2025-11-24T11:59:36.678+0000] {processor.py:183} INFO - Processing /opt/airflow/dags/dag_three.py took 0.504 seconds
[2025-11-24T12:00:06.965+0000] {processor.py:161} INFO - Started process (PID=31179) to work on /opt/airflow/dags/dag_three.py
[2025-11-24T12:00:06.966+0000] {processor.py:830} INFO - Processing file /opt/airflow/dags/dag_three.py for tasks to queue
[2025-11-24T12:00:06.967+0000] {logging_mixin.py:188} INFO - [2025-11-24T12:00:06.967+0000] {dagbag.py:538} INFO - Filling up the DagBag from /opt/airflow/dags/dag_three.py
[2025-11-24T12:00:07.231+0000] {processor.py:840} INFO - DAG(s) 'duckdb_to_iceberg_bronze' retrieved from /opt/airflow/dags/dag_three.py
[2025-11-24T12:00:07.255+0000] {logging_mixin.py:188} INFO - [2025-11-24T12:00:07.254+0000] {dag.py:3036} INFO - Sync 1 DAGs
[2025-11-24T12:00:07.277+0000] {logging_mixin.py:188} INFO - [2025-11-24T12:00:07.277+0000] {dag.py:3823} INFO - Setting next_dagrun for duckdb_to_iceberg_bronze to None, run_after=None
[2025-11-24T12:00:07.319+0000] {processor.py:183} INFO - Processing /opt/airflow/dags/dag_three.py took 0.357 seconds
[2025-11-24T12:00:37.771+0000] {processor.py:161} INFO - Started process (PID=31265) to work on /opt/airflow/dags/dag_three.py
[2025-11-24T12:00:37.773+0000] {processor.py:830} INFO - Processing file /opt/airflow/dags/dag_three.py for tasks to queue
[2025-11-24T12:00:37.775+0000] {logging_mixin.py:188} INFO - [2025-11-24T12:00:37.775+0000] {dagbag.py:538} INFO - Filling up the DagBag from /opt/airflow/dags/dag_three.py
[2025-11-24T12:00:38.047+0000] {processor.py:840} INFO - DAG(s) 'duckdb_to_iceberg_bronze' retrieved from /opt/airflow/dags/dag_three.py
[2025-11-24T12:00:38.069+0000] {logging_mixin.py:188} INFO - [2025-11-24T12:00:38.069+0000] {dag.py:3036} INFO - Sync 1 DAGs
[2025-11-24T12:00:38.085+0000] {logging_mixin.py:188} INFO - [2025-11-24T12:00:38.085+0000] {dag.py:3823} INFO - Setting next_dagrun for duckdb_to_iceberg_bronze to None, run_after=None
[2025-11-24T12:00:38.116+0000] {processor.py:183} INFO - Processing /opt/airflow/dags/dag_three.py took 0.351 seconds
[2025-11-24T12:01:08.172+0000] {processor.py:161} INFO - Started process (PID=31348) to work on /opt/airflow/dags/dag_three.py
[2025-11-24T12:01:08.173+0000] {processor.py:830} INFO - Processing file /opt/airflow/dags/dag_three.py for tasks to queue
[2025-11-24T12:01:08.175+0000] {logging_mixin.py:188} INFO - [2025-11-24T12:01:08.175+0000] {dagbag.py:538} INFO - Filling up the DagBag from /opt/airflow/dags/dag_three.py
[2025-11-24T12:01:08.447+0000] {processor.py:840} INFO - DAG(s) 'duckdb_to_iceberg_bronze' retrieved from /opt/airflow/dags/dag_three.py
[2025-11-24T12:01:08.473+0000] {logging_mixin.py:188} INFO - [2025-11-24T12:01:08.473+0000] {dag.py:3036} INFO - Sync 1 DAGs
[2025-11-24T12:01:08.486+0000] {logging_mixin.py:188} INFO - [2025-11-24T12:01:08.486+0000] {dag.py:3823} INFO - Setting next_dagrun for duckdb_to_iceberg_bronze to None, run_after=None
[2025-11-24T12:01:08.512+0000] {processor.py:183} INFO - Processing /opt/airflow/dags/dag_three.py took 0.345 seconds
[2025-11-24T12:01:38.727+0000] {processor.py:161} INFO - Started process (PID=31413) to work on /opt/airflow/dags/dag_three.py
[2025-11-24T12:01:38.729+0000] {processor.py:830} INFO - Processing file /opt/airflow/dags/dag_three.py for tasks to queue
[2025-11-24T12:01:38.746+0000] {logging_mixin.py:188} INFO - [2025-11-24T12:01:38.745+0000] {dagbag.py:538} INFO - Filling up the DagBag from /opt/airflow/dags/dag_three.py
[2025-11-24T12:01:39.038+0000] {processor.py:840} INFO - DAG(s) 'duckdb_to_iceberg_bronze' retrieved from /opt/airflow/dags/dag_three.py
[2025-11-24T12:01:39.062+0000] {logging_mixin.py:188} INFO - [2025-11-24T12:01:39.061+0000] {dag.py:3036} INFO - Sync 1 DAGs
[2025-11-24T12:01:39.072+0000] {logging_mixin.py:188} INFO - [2025-11-24T12:01:39.072+0000] {dag.py:3823} INFO - Setting next_dagrun for duckdb_to_iceberg_bronze to None, run_after=None
[2025-11-24T12:01:39.088+0000] {processor.py:183} INFO - Processing /opt/airflow/dags/dag_three.py took 0.366 seconds
[2025-11-24T12:02:09.159+0000] {processor.py:161} INFO - Started process (PID=31499) to work on /opt/airflow/dags/dag_three.py
[2025-11-24T12:02:09.160+0000] {processor.py:830} INFO - Processing file /opt/airflow/dags/dag_three.py for tasks to queue
[2025-11-24T12:02:09.162+0000] {logging_mixin.py:188} INFO - [2025-11-24T12:02:09.161+0000] {dagbag.py:538} INFO - Filling up the DagBag from /opt/airflow/dags/dag_three.py
[2025-11-24T12:02:09.412+0000] {processor.py:840} INFO - DAG(s) 'duckdb_to_iceberg_bronze' retrieved from /opt/airflow/dags/dag_three.py
[2025-11-24T12:02:09.450+0000] {logging_mixin.py:188} INFO - [2025-11-24T12:02:09.449+0000] {dag.py:3036} INFO - Sync 1 DAGs
[2025-11-24T12:02:09.465+0000] {logging_mixin.py:188} INFO - [2025-11-24T12:02:09.464+0000] {dag.py:3823} INFO - Setting next_dagrun for duckdb_to_iceberg_bronze to None, run_after=None
[2025-11-24T12:02:09.497+0000] {processor.py:183} INFO - Processing /opt/airflow/dags/dag_three.py took 0.344 seconds
[2025-11-24T12:02:39.780+0000] {processor.py:161} INFO - Started process (PID=31585) to work on /opt/airflow/dags/dag_three.py
[2025-11-24T12:02:39.781+0000] {processor.py:830} INFO - Processing file /opt/airflow/dags/dag_three.py for tasks to queue
[2025-11-24T12:02:39.782+0000] {logging_mixin.py:188} INFO - [2025-11-24T12:02:39.782+0000] {dagbag.py:538} INFO - Filling up the DagBag from /opt/airflow/dags/dag_three.py
[2025-11-24T12:02:40.048+0000] {processor.py:840} INFO - DAG(s) 'duckdb_to_iceberg_bronze' retrieved from /opt/airflow/dags/dag_three.py
[2025-11-24T12:02:40.081+0000] {logging_mixin.py:188} INFO - [2025-11-24T12:02:40.080+0000] {dag.py:3036} INFO - Sync 1 DAGs
[2025-11-24T12:02:40.093+0000] {logging_mixin.py:188} INFO - [2025-11-24T12:02:40.093+0000] {dag.py:3823} INFO - Setting next_dagrun for duckdb_to_iceberg_bronze to None, run_after=None
[2025-11-24T12:02:40.119+0000] {processor.py:183} INFO - Processing /opt/airflow/dags/dag_three.py took 0.343 seconds
[2025-11-24T12:03:10.490+0000] {processor.py:161} INFO - Started process (PID=31671) to work on /opt/airflow/dags/dag_three.py
[2025-11-24T12:03:10.492+0000] {processor.py:830} INFO - Processing file /opt/airflow/dags/dag_three.py for tasks to queue
[2025-11-24T12:03:10.493+0000] {logging_mixin.py:188} INFO - [2025-11-24T12:03:10.493+0000] {dagbag.py:538} INFO - Filling up the DagBag from /opt/airflow/dags/dag_three.py
[2025-11-24T12:03:10.755+0000] {processor.py:840} INFO - DAG(s) 'duckdb_to_iceberg_bronze' retrieved from /opt/airflow/dags/dag_three.py
[2025-11-24T12:03:10.780+0000] {logging_mixin.py:188} INFO - [2025-11-24T12:03:10.779+0000] {dag.py:3036} INFO - Sync 1 DAGs
[2025-11-24T12:03:10.905+0000] {logging_mixin.py:188} INFO - [2025-11-24T12:03:10.905+0000] {dag.py:3823} INFO - Setting next_dagrun for duckdb_to_iceberg_bronze to None, run_after=None
[2025-11-24T12:03:10.935+0000] {processor.py:183} INFO - Processing /opt/airflow/dags/dag_three.py took 0.452 seconds
[2025-11-24T12:03:41.772+0000] {processor.py:161} INFO - Started process (PID=31757) to work on /opt/airflow/dags/dag_three.py
[2025-11-24T12:03:41.774+0000] {processor.py:830} INFO - Processing file /opt/airflow/dags/dag_three.py for tasks to queue
[2025-11-24T12:03:41.776+0000] {logging_mixin.py:188} INFO - [2025-11-24T12:03:41.776+0000] {dagbag.py:538} INFO - Filling up the DagBag from /opt/airflow/dags/dag_three.py
[2025-11-24T12:03:42.032+0000] {processor.py:840} INFO - DAG(s) 'duckdb_to_iceberg_bronze' retrieved from /opt/airflow/dags/dag_three.py
[2025-11-24T12:03:42.053+0000] {logging_mixin.py:188} INFO - [2025-11-24T12:03:42.053+0000] {dag.py:3036} INFO - Sync 1 DAGs
[2025-11-24T12:03:42.063+0000] {logging_mixin.py:188} INFO - [2025-11-24T12:03:42.062+0000] {dag.py:3823} INFO - Setting next_dagrun for duckdb_to_iceberg_bronze to None, run_after=None
[2025-11-24T12:03:42.087+0000] {processor.py:183} INFO - Processing /opt/airflow/dags/dag_three.py took 0.320 seconds
[2025-11-24T12:04:12.345+0000] {processor.py:161} INFO - Started process (PID=31843) to work on /opt/airflow/dags/dag_three.py
[2025-11-24T12:04:12.347+0000] {processor.py:830} INFO - Processing file /opt/airflow/dags/dag_three.py for tasks to queue
[2025-11-24T12:04:12.349+0000] {logging_mixin.py:188} INFO - [2025-11-24T12:04:12.348+0000] {dagbag.py:538} INFO - Filling up the DagBag from /opt/airflow/dags/dag_three.py
[2025-11-24T12:04:12.617+0000] {processor.py:840} INFO - DAG(s) 'duckdb_to_iceberg_bronze' retrieved from /opt/airflow/dags/dag_three.py
[2025-11-24T12:04:12.641+0000] {logging_mixin.py:188} INFO - [2025-11-24T12:04:12.639+0000] {dag.py:3036} INFO - Sync 1 DAGs
[2025-11-24T12:04:12.771+0000] {logging_mixin.py:188} INFO - [2025-11-24T12:04:12.771+0000] {dag.py:3823} INFO - Setting next_dagrun for duckdb_to_iceberg_bronze to None, run_after=None
[2025-11-24T12:04:12.799+0000] {processor.py:183} INFO - Processing /opt/airflow/dags/dag_three.py took 0.461 seconds
[2025-11-24T12:04:43.241+0000] {processor.py:161} INFO - Started process (PID=31929) to work on /opt/airflow/dags/dag_three.py
[2025-11-24T12:04:43.243+0000] {processor.py:830} INFO - Processing file /opt/airflow/dags/dag_three.py for tasks to queue
[2025-11-24T12:04:43.245+0000] {logging_mixin.py:188} INFO - [2025-11-24T12:04:43.244+0000] {dagbag.py:538} INFO - Filling up the DagBag from /opt/airflow/dags/dag_three.py
[2025-11-24T12:04:43.499+0000] {processor.py:840} INFO - DAG(s) 'duckdb_to_iceberg_bronze' retrieved from /opt/airflow/dags/dag_three.py
[2025-11-24T12:04:43.521+0000] {logging_mixin.py:188} INFO - [2025-11-24T12:04:43.520+0000] {dag.py:3036} INFO - Sync 1 DAGs
[2025-11-24T12:04:43.530+0000] {logging_mixin.py:188} INFO - [2025-11-24T12:04:43.530+0000] {dag.py:3823} INFO - Setting next_dagrun for duckdb_to_iceberg_bronze to None, run_after=None
[2025-11-24T12:04:43.553+0000] {processor.py:183} INFO - Processing /opt/airflow/dags/dag_three.py took 0.317 seconds
[2025-11-24T12:05:13.795+0000] {processor.py:161} INFO - Started process (PID=32015) to work on /opt/airflow/dags/dag_three.py
[2025-11-24T12:05:13.797+0000] {processor.py:830} INFO - Processing file /opt/airflow/dags/dag_three.py for tasks to queue
[2025-11-24T12:05:13.798+0000] {logging_mixin.py:188} INFO - [2025-11-24T12:05:13.798+0000] {dagbag.py:538} INFO - Filling up the DagBag from /opt/airflow/dags/dag_three.py
[2025-11-24T12:05:14.076+0000] {processor.py:840} INFO - DAG(s) 'duckdb_to_iceberg_bronze' retrieved from /opt/airflow/dags/dag_three.py
[2025-11-24T12:05:14.107+0000] {logging_mixin.py:188} INFO - [2025-11-24T12:05:14.105+0000] {dag.py:3036} INFO - Sync 1 DAGs
[2025-11-24T12:05:14.313+0000] {logging_mixin.py:188} INFO - [2025-11-24T12:05:14.312+0000] {dag.py:3823} INFO - Setting next_dagrun for duckdb_to_iceberg_bronze to None, run_after=None
[2025-11-24T12:05:14.343+0000] {processor.py:183} INFO - Processing /opt/airflow/dags/dag_three.py took 0.555 seconds
[2025-11-24T12:05:45.020+0000] {processor.py:161} INFO - Started process (PID=32101) to work on /opt/airflow/dags/dag_three.py
[2025-11-24T12:05:45.021+0000] {processor.py:830} INFO - Processing file /opt/airflow/dags/dag_three.py for tasks to queue
[2025-11-24T12:05:45.023+0000] {logging_mixin.py:188} INFO - [2025-11-24T12:05:45.022+0000] {dagbag.py:538} INFO - Filling up the DagBag from /opt/airflow/dags/dag_three.py
[2025-11-24T12:05:45.414+0000] {processor.py:840} INFO - DAG(s) 'duckdb_to_iceberg_bronze' retrieved from /opt/airflow/dags/dag_three.py
[2025-11-24T12:05:45.437+0000] {logging_mixin.py:188} INFO - [2025-11-24T12:05:45.435+0000] {dag.py:3036} INFO - Sync 1 DAGs
[2025-11-24T12:05:45.450+0000] {logging_mixin.py:188} INFO - [2025-11-24T12:05:45.450+0000] {dag.py:3823} INFO - Setting next_dagrun for duckdb_to_iceberg_bronze to None, run_after=None
[2025-11-24T12:05:45.543+0000] {processor.py:183} INFO - Processing /opt/airflow/dags/dag_three.py took 0.527 seconds
[2025-11-24T12:06:15.985+0000] {processor.py:161} INFO - Started process (PID=32187) to work on /opt/airflow/dags/dag_three.py
[2025-11-24T12:06:15.988+0000] {processor.py:830} INFO - Processing file /opt/airflow/dags/dag_three.py for tasks to queue
[2025-11-24T12:06:15.990+0000] {logging_mixin.py:188} INFO - [2025-11-24T12:06:15.989+0000] {dagbag.py:538} INFO - Filling up the DagBag from /opt/airflow/dags/dag_three.py
[2025-11-24T12:06:16.265+0000] {processor.py:840} INFO - DAG(s) 'duckdb_to_iceberg_bronze' retrieved from /opt/airflow/dags/dag_three.py
[2025-11-24T12:06:16.301+0000] {logging_mixin.py:188} INFO - [2025-11-24T12:06:16.299+0000] {dag.py:3036} INFO - Sync 1 DAGs
[2025-11-24T12:06:16.431+0000] {logging_mixin.py:188} INFO - [2025-11-24T12:06:16.431+0000] {dag.py:3823} INFO - Setting next_dagrun for duckdb_to_iceberg_bronze to None, run_after=None
[2025-11-24T12:06:16.449+0000] {processor.py:183} INFO - Processing /opt/airflow/dags/dag_three.py took 0.469 seconds
[2025-11-24T12:06:46.844+0000] {processor.py:161} INFO - Started process (PID=32273) to work on /opt/airflow/dags/dag_three.py
[2025-11-24T12:06:46.845+0000] {processor.py:830} INFO - Processing file /opt/airflow/dags/dag_three.py for tasks to queue
[2025-11-24T12:06:46.847+0000] {logging_mixin.py:188} INFO - [2025-11-24T12:06:46.846+0000] {dagbag.py:538} INFO - Filling up the DagBag from /opt/airflow/dags/dag_three.py
[2025-11-24T12:06:47.260+0000] {processor.py:840} INFO - DAG(s) 'duckdb_to_iceberg_bronze' retrieved from /opt/airflow/dags/dag_three.py
[2025-11-24T12:06:47.280+0000] {logging_mixin.py:188} INFO - [2025-11-24T12:06:47.280+0000] {dag.py:3036} INFO - Sync 1 DAGs
[2025-11-24T12:06:47.288+0000] {logging_mixin.py:188} INFO - [2025-11-24T12:06:47.288+0000] {dag.py:3823} INFO - Setting next_dagrun for duckdb_to_iceberg_bronze to None, run_after=None
[2025-11-24T12:06:47.308+0000] {processor.py:183} INFO - Processing /opt/airflow/dags/dag_three.py took 0.471 seconds
[2025-11-24T12:07:17.700+0000] {processor.py:161} INFO - Started process (PID=32359) to work on /opt/airflow/dags/dag_three.py
[2025-11-24T12:07:17.702+0000] {processor.py:830} INFO - Processing file /opt/airflow/dags/dag_three.py for tasks to queue
[2025-11-24T12:07:17.704+0000] {logging_mixin.py:188} INFO - [2025-11-24T12:07:17.703+0000] {dagbag.py:538} INFO - Filling up the DagBag from /opt/airflow/dags/dag_three.py
[2025-11-24T12:07:18.132+0000] {processor.py:840} INFO - DAG(s) 'duckdb_to_iceberg_bronze' retrieved from /opt/airflow/dags/dag_three.py
[2025-11-24T12:07:18.154+0000] {logging_mixin.py:188} INFO - [2025-11-24T12:07:18.153+0000] {dag.py:3036} INFO - Sync 1 DAGs
[2025-11-24T12:07:18.165+0000] {logging_mixin.py:188} INFO - [2025-11-24T12:07:18.164+0000] {dag.py:3823} INFO - Setting next_dagrun for duckdb_to_iceberg_bronze to None, run_after=None
[2025-11-24T12:07:18.201+0000] {processor.py:183} INFO - Processing /opt/airflow/dags/dag_three.py took 0.508 seconds
[2025-11-24T12:07:48.272+0000] {processor.py:161} INFO - Started process (PID=32445) to work on /opt/airflow/dags/dag_three.py
[2025-11-24T12:07:48.276+0000] {processor.py:830} INFO - Processing file /opt/airflow/dags/dag_three.py for tasks to queue
[2025-11-24T12:07:48.277+0000] {logging_mixin.py:188} INFO - [2025-11-24T12:07:48.277+0000] {dagbag.py:538} INFO - Filling up the DagBag from /opt/airflow/dags/dag_three.py
[2025-11-24T12:07:48.650+0000] {processor.py:840} INFO - DAG(s) 'duckdb_to_iceberg_bronze' retrieved from /opt/airflow/dags/dag_three.py
[2025-11-24T12:07:48.682+0000] {logging_mixin.py:188} INFO - [2025-11-24T12:07:48.682+0000] {dag.py:3036} INFO - Sync 1 DAGs
[2025-11-24T12:07:48.700+0000] {logging_mixin.py:188} INFO - [2025-11-24T12:07:48.700+0000] {dag.py:3823} INFO - Setting next_dagrun for duckdb_to_iceberg_bronze to None, run_after=None
[2025-11-24T12:07:48.738+0000] {processor.py:183} INFO - Processing /opt/airflow/dags/dag_three.py took 0.469 seconds
[2025-11-24T12:08:19.094+0000] {processor.py:161} INFO - Started process (PID=32531) to work on /opt/airflow/dags/dag_three.py
[2025-11-24T12:08:19.095+0000] {processor.py:830} INFO - Processing file /opt/airflow/dags/dag_three.py for tasks to queue
[2025-11-24T12:08:19.097+0000] {logging_mixin.py:188} INFO - [2025-11-24T12:08:19.097+0000] {dagbag.py:538} INFO - Filling up the DagBag from /opt/airflow/dags/dag_three.py
[2025-11-24T12:08:19.471+0000] {processor.py:840} INFO - DAG(s) 'duckdb_to_iceberg_bronze' retrieved from /opt/airflow/dags/dag_three.py
[2025-11-24T12:08:19.491+0000] {logging_mixin.py:188} INFO - [2025-11-24T12:08:19.490+0000] {dag.py:3036} INFO - Sync 1 DAGs
[2025-11-24T12:08:19.500+0000] {logging_mixin.py:188} INFO - [2025-11-24T12:08:19.500+0000] {dag.py:3823} INFO - Setting next_dagrun for duckdb_to_iceberg_bronze to None, run_after=None
[2025-11-24T12:08:19.525+0000] {processor.py:183} INFO - Processing /opt/airflow/dags/dag_three.py took 0.434 seconds
[2025-11-24T12:08:49.875+0000] {processor.py:161} INFO - Started process (PID=32617) to work on /opt/airflow/dags/dag_three.py
[2025-11-24T12:08:49.876+0000] {processor.py:830} INFO - Processing file /opt/airflow/dags/dag_three.py for tasks to queue
[2025-11-24T12:08:49.877+0000] {logging_mixin.py:188} INFO - [2025-11-24T12:08:49.877+0000] {dagbag.py:538} INFO - Filling up the DagBag from /opt/airflow/dags/dag_three.py
[2025-11-24T12:08:50.255+0000] {processor.py:840} INFO - DAG(s) 'duckdb_to_iceberg_bronze' retrieved from /opt/airflow/dags/dag_three.py
[2025-11-24T12:08:50.277+0000] {logging_mixin.py:188} INFO - [2025-11-24T12:08:50.276+0000] {dag.py:3036} INFO - Sync 1 DAGs
[2025-11-24T12:08:50.287+0000] {logging_mixin.py:188} INFO - [2025-11-24T12:08:50.287+0000] {dag.py:3823} INFO - Setting next_dagrun for duckdb_to_iceberg_bronze to None, run_after=None
[2025-11-24T12:08:50.318+0000] {processor.py:183} INFO - Processing /opt/airflow/dags/dag_three.py took 0.449 seconds
[2025-11-24T12:09:20.709+0000] {processor.py:161} INFO - Started process (PID=32700) to work on /opt/airflow/dags/dag_three.py
[2025-11-24T12:09:20.710+0000] {processor.py:830} INFO - Processing file /opt/airflow/dags/dag_three.py for tasks to queue
[2025-11-24T12:09:20.710+0000] {logging_mixin.py:188} INFO - [2025-11-24T12:09:20.710+0000] {dagbag.py:538} INFO - Filling up the DagBag from /opt/airflow/dags/dag_three.py
[2025-11-24T12:09:21.069+0000] {processor.py:840} INFO - DAG(s) 'duckdb_to_iceberg_bronze' retrieved from /opt/airflow/dags/dag_three.py
[2025-11-24T12:09:21.093+0000] {logging_mixin.py:188} INFO - [2025-11-24T12:09:21.093+0000] {dag.py:3036} INFO - Sync 1 DAGs
[2025-11-24T12:09:21.107+0000] {logging_mixin.py:188} INFO - [2025-11-24T12:09:21.107+0000] {dag.py:3823} INFO - Setting next_dagrun for duckdb_to_iceberg_bronze to None, run_after=None
[2025-11-24T12:09:21.133+0000] {processor.py:183} INFO - Processing /opt/airflow/dags/dag_three.py took 0.427 seconds
[2025-11-24T12:09:51.480+0000] {processor.py:161} INFO - Started process (PID=32765) to work on /opt/airflow/dags/dag_three.py
[2025-11-24T12:09:51.482+0000] {processor.py:830} INFO - Processing file /opt/airflow/dags/dag_three.py for tasks to queue
[2025-11-24T12:09:51.484+0000] {logging_mixin.py:188} INFO - [2025-11-24T12:09:51.484+0000] {dagbag.py:538} INFO - Filling up the DagBag from /opt/airflow/dags/dag_three.py
[2025-11-24T12:09:51.909+0000] {processor.py:840} INFO - DAG(s) 'duckdb_to_iceberg_bronze' retrieved from /opt/airflow/dags/dag_three.py
[2025-11-24T12:09:51.942+0000] {logging_mixin.py:188} INFO - [2025-11-24T12:09:51.941+0000] {dag.py:3036} INFO - Sync 1 DAGs
[2025-11-24T12:09:51.951+0000] {logging_mixin.py:188} INFO - [2025-11-24T12:09:51.951+0000] {dag.py:3823} INFO - Setting next_dagrun for duckdb_to_iceberg_bronze to None, run_after=None
[2025-11-24T12:09:51.978+0000] {processor.py:183} INFO - Processing /opt/airflow/dags/dag_three.py took 0.505 seconds
[2025-11-24T12:10:22.413+0000] {processor.py:161} INFO - Started process (PID=32851) to work on /opt/airflow/dags/dag_three.py
[2025-11-24T12:10:22.415+0000] {processor.py:830} INFO - Processing file /opt/airflow/dags/dag_three.py for tasks to queue
[2025-11-24T12:10:22.416+0000] {logging_mixin.py:188} INFO - [2025-11-24T12:10:22.416+0000] {dagbag.py:538} INFO - Filling up the DagBag from /opt/airflow/dags/dag_three.py
[2025-11-24T12:10:22.782+0000] {processor.py:840} INFO - DAG(s) 'duckdb_to_iceberg_bronze' retrieved from /opt/airflow/dags/dag_three.py
[2025-11-24T12:10:22.810+0000] {logging_mixin.py:188} INFO - [2025-11-24T12:10:22.810+0000] {dag.py:3036} INFO - Sync 1 DAGs
[2025-11-24T12:10:22.821+0000] {logging_mixin.py:188} INFO - [2025-11-24T12:10:22.821+0000] {dag.py:3823} INFO - Setting next_dagrun for duckdb_to_iceberg_bronze to None, run_after=None
[2025-11-24T12:10:22.847+0000] {processor.py:183} INFO - Processing /opt/airflow/dags/dag_three.py took 0.437 seconds
[2025-11-24T12:10:53.294+0000] {processor.py:161} INFO - Started process (PID=32937) to work on /opt/airflow/dags/dag_three.py
[2025-11-24T12:10:53.297+0000] {processor.py:830} INFO - Processing file /opt/airflow/dags/dag_three.py for tasks to queue
[2025-11-24T12:10:53.300+0000] {logging_mixin.py:188} INFO - [2025-11-24T12:10:53.299+0000] {dagbag.py:538} INFO - Filling up the DagBag from /opt/airflow/dags/dag_three.py
[2025-11-24T12:10:53.745+0000] {processor.py:840} INFO - DAG(s) 'duckdb_to_iceberg_bronze' retrieved from /opt/airflow/dags/dag_three.py
[2025-11-24T12:10:53.765+0000] {logging_mixin.py:188} INFO - [2025-11-24T12:10:53.764+0000] {dag.py:3036} INFO - Sync 1 DAGs
[2025-11-24T12:10:53.774+0000] {logging_mixin.py:188} INFO - [2025-11-24T12:10:53.774+0000] {dag.py:3823} INFO - Setting next_dagrun for duckdb_to_iceberg_bronze to None, run_after=None
[2025-11-24T12:10:53.807+0000] {processor.py:183} INFO - Processing /opt/airflow/dags/dag_three.py took 0.523 seconds
[2025-11-24T12:11:24.069+0000] {processor.py:161} INFO - Started process (PID=33023) to work on /opt/airflow/dags/dag_three.py
[2025-11-24T12:11:24.070+0000] {processor.py:830} INFO - Processing file /opt/airflow/dags/dag_three.py for tasks to queue
[2025-11-24T12:11:24.072+0000] {logging_mixin.py:188} INFO - [2025-11-24T12:11:24.071+0000] {dagbag.py:538} INFO - Filling up the DagBag from /opt/airflow/dags/dag_three.py
[2025-11-24T12:11:24.544+0000] {processor.py:840} INFO - DAG(s) 'duckdb_to_iceberg_bronze' retrieved from /opt/airflow/dags/dag_three.py
[2025-11-24T12:11:24.564+0000] {logging_mixin.py:188} INFO - [2025-11-24T12:11:24.564+0000] {dag.py:3036} INFO - Sync 1 DAGs
[2025-11-24T12:11:24.574+0000] {logging_mixin.py:188} INFO - [2025-11-24T12:11:24.573+0000] {dag.py:3823} INFO - Setting next_dagrun for duckdb_to_iceberg_bronze to None, run_after=None
[2025-11-24T12:11:24.617+0000] {processor.py:183} INFO - Processing /opt/airflow/dags/dag_three.py took 0.554 seconds
[2025-11-24T12:11:55.073+0000] {processor.py:161} INFO - Started process (PID=33109) to work on /opt/airflow/dags/dag_three.py
[2025-11-24T12:11:55.074+0000] {processor.py:830} INFO - Processing file /opt/airflow/dags/dag_three.py for tasks to queue
[2025-11-24T12:11:55.075+0000] {logging_mixin.py:188} INFO - [2025-11-24T12:11:55.074+0000] {dagbag.py:538} INFO - Filling up the DagBag from /opt/airflow/dags/dag_three.py
[2025-11-24T12:11:55.485+0000] {processor.py:840} INFO - DAG(s) 'duckdb_to_iceberg_bronze' retrieved from /opt/airflow/dags/dag_three.py
[2025-11-24T12:11:55.511+0000] {logging_mixin.py:188} INFO - [2025-11-24T12:11:55.511+0000] {dag.py:3036} INFO - Sync 1 DAGs
[2025-11-24T12:11:55.524+0000] {logging_mixin.py:188} INFO - [2025-11-24T12:11:55.524+0000] {dag.py:3823} INFO - Setting next_dagrun for duckdb_to_iceberg_bronze to None, run_after=None
[2025-11-24T12:11:55.540+0000] {processor.py:183} INFO - Processing /opt/airflow/dags/dag_three.py took 0.472 seconds
[2025-11-24T12:12:25.881+0000] {processor.py:161} INFO - Started process (PID=33195) to work on /opt/airflow/dags/dag_three.py
[2025-11-24T12:12:25.883+0000] {processor.py:830} INFO - Processing file /opt/airflow/dags/dag_three.py for tasks to queue
[2025-11-24T12:12:25.884+0000] {logging_mixin.py:188} INFO - [2025-11-24T12:12:25.884+0000] {dagbag.py:538} INFO - Filling up the DagBag from /opt/airflow/dags/dag_three.py
[2025-11-24T12:12:26.278+0000] {processor.py:840} INFO - DAG(s) 'duckdb_to_iceberg_bronze' retrieved from /opt/airflow/dags/dag_three.py
[2025-11-24T12:12:26.300+0000] {logging_mixin.py:188} INFO - [2025-11-24T12:12:26.299+0000] {dag.py:3036} INFO - Sync 1 DAGs
[2025-11-24T12:12:26.309+0000] {logging_mixin.py:188} INFO - [2025-11-24T12:12:26.308+0000] {dag.py:3823} INFO - Setting next_dagrun for duckdb_to_iceberg_bronze to None, run_after=None
[2025-11-24T12:12:26.324+0000] {processor.py:183} INFO - Processing /opt/airflow/dags/dag_three.py took 0.450 seconds
[2025-11-24T12:12:56.750+0000] {processor.py:161} INFO - Started process (PID=33281) to work on /opt/airflow/dags/dag_three.py
[2025-11-24T12:12:56.752+0000] {processor.py:830} INFO - Processing file /opt/airflow/dags/dag_three.py for tasks to queue
[2025-11-24T12:12:56.753+0000] {logging_mixin.py:188} INFO - [2025-11-24T12:12:56.753+0000] {dagbag.py:538} INFO - Filling up the DagBag from /opt/airflow/dags/dag_three.py
[2025-11-24T12:12:57.120+0000] {processor.py:840} INFO - DAG(s) 'duckdb_to_iceberg_bronze' retrieved from /opt/airflow/dags/dag_three.py
[2025-11-24T12:12:57.139+0000] {logging_mixin.py:188} INFO - [2025-11-24T12:12:57.139+0000] {dag.py:3036} INFO - Sync 1 DAGs
[2025-11-24T12:12:57.147+0000] {logging_mixin.py:188} INFO - [2025-11-24T12:12:57.147+0000] {dag.py:3823} INFO - Setting next_dagrun for duckdb_to_iceberg_bronze to None, run_after=None
[2025-11-24T12:12:57.170+0000] {processor.py:183} INFO - Processing /opt/airflow/dags/dag_three.py took 0.426 seconds
[2025-11-24T12:13:27.484+0000] {processor.py:161} INFO - Started process (PID=33367) to work on /opt/airflow/dags/dag_three.py
[2025-11-24T12:13:27.485+0000] {processor.py:830} INFO - Processing file /opt/airflow/dags/dag_three.py for tasks to queue
[2025-11-24T12:13:27.487+0000] {logging_mixin.py:188} INFO - [2025-11-24T12:13:27.486+0000] {dagbag.py:538} INFO - Filling up the DagBag from /opt/airflow/dags/dag_three.py
[2025-11-24T12:13:27.854+0000] {processor.py:840} INFO - DAG(s) 'duckdb_to_iceberg_bronze' retrieved from /opt/airflow/dags/dag_three.py
[2025-11-24T12:13:27.875+0000] {logging_mixin.py:188} INFO - [2025-11-24T12:13:27.875+0000] {dag.py:3036} INFO - Sync 1 DAGs
[2025-11-24T12:13:27.885+0000] {logging_mixin.py:188} INFO - [2025-11-24T12:13:27.885+0000] {dag.py:3823} INFO - Setting next_dagrun for duckdb_to_iceberg_bronze to None, run_after=None
[2025-11-24T12:13:27.914+0000] {processor.py:183} INFO - Processing /opt/airflow/dags/dag_three.py took 0.436 seconds
[2025-11-24T12:13:58.383+0000] {processor.py:161} INFO - Started process (PID=33453) to work on /opt/airflow/dags/dag_three.py
[2025-11-24T12:13:58.385+0000] {processor.py:830} INFO - Processing file /opt/airflow/dags/dag_three.py for tasks to queue
[2025-11-24T12:13:58.387+0000] {logging_mixin.py:188} INFO - [2025-11-24T12:13:58.386+0000] {dagbag.py:538} INFO - Filling up the DagBag from /opt/airflow/dags/dag_three.py
[2025-11-24T12:13:58.762+0000] {processor.py:840} INFO - DAG(s) 'duckdb_to_iceberg_bronze' retrieved from /opt/airflow/dags/dag_three.py
[2025-11-24T12:13:58.784+0000] {logging_mixin.py:188} INFO - [2025-11-24T12:13:58.784+0000] {dag.py:3036} INFO - Sync 1 DAGs
[2025-11-24T12:13:58.794+0000] {logging_mixin.py:188} INFO - [2025-11-24T12:13:58.794+0000] {dag.py:3823} INFO - Setting next_dagrun for duckdb_to_iceberg_bronze to None, run_after=None
[2025-11-24T12:13:58.822+0000] {processor.py:183} INFO - Processing /opt/airflow/dags/dag_three.py took 0.445 seconds
[2025-11-24T12:14:29.357+0000] {processor.py:161} INFO - Started process (PID=33539) to work on /opt/airflow/dags/dag_three.py
[2025-11-24T12:14:29.358+0000] {processor.py:830} INFO - Processing file /opt/airflow/dags/dag_three.py for tasks to queue
[2025-11-24T12:14:29.359+0000] {logging_mixin.py:188} INFO - [2025-11-24T12:14:29.359+0000] {dagbag.py:538} INFO - Filling up the DagBag from /opt/airflow/dags/dag_three.py
[2025-11-24T12:14:29.748+0000] {processor.py:840} INFO - DAG(s) 'duckdb_to_iceberg_bronze' retrieved from /opt/airflow/dags/dag_three.py
[2025-11-24T12:14:29.779+0000] {logging_mixin.py:188} INFO - [2025-11-24T12:14:29.778+0000] {dag.py:3036} INFO - Sync 1 DAGs
[2025-11-24T12:14:29.790+0000] {logging_mixin.py:188} INFO - [2025-11-24T12:14:29.790+0000] {dag.py:3823} INFO - Setting next_dagrun for duckdb_to_iceberg_bronze to None, run_after=None
[2025-11-24T12:14:29.811+0000] {processor.py:183} INFO - Processing /opt/airflow/dags/dag_three.py took 0.457 seconds
[2025-11-24T12:15:00.161+0000] {processor.py:161} INFO - Started process (PID=33625) to work on /opt/airflow/dags/dag_three.py
[2025-11-24T12:15:00.162+0000] {processor.py:830} INFO - Processing file /opt/airflow/dags/dag_three.py for tasks to queue
[2025-11-24T12:15:00.163+0000] {logging_mixin.py:188} INFO - [2025-11-24T12:15:00.163+0000] {dagbag.py:538} INFO - Filling up the DagBag from /opt/airflow/dags/dag_three.py
[2025-11-24T12:15:00.557+0000] {processor.py:840} INFO - DAG(s) 'duckdb_to_iceberg_bronze' retrieved from /opt/airflow/dags/dag_three.py
[2025-11-24T12:15:00.582+0000] {logging_mixin.py:188} INFO - [2025-11-24T12:15:00.581+0000] {dag.py:3036} INFO - Sync 1 DAGs
[2025-11-24T12:15:00.591+0000] {logging_mixin.py:188} INFO - [2025-11-24T12:15:00.591+0000] {dag.py:3823} INFO - Setting next_dagrun for duckdb_to_iceberg_bronze to None, run_after=None
[2025-11-24T12:15:00.616+0000] {processor.py:183} INFO - Processing /opt/airflow/dags/dag_three.py took 0.457 seconds
[2025-11-24T12:15:30.931+0000] {processor.py:161} INFO - Started process (PID=33711) to work on /opt/airflow/dags/dag_three.py
[2025-11-24T12:15:30.931+0000] {processor.py:830} INFO - Processing file /opt/airflow/dags/dag_three.py for tasks to queue
[2025-11-24T12:15:30.932+0000] {logging_mixin.py:188} INFO - [2025-11-24T12:15:30.932+0000] {dagbag.py:538} INFO - Filling up the DagBag from /opt/airflow/dags/dag_three.py
[2025-11-24T12:15:31.320+0000] {processor.py:840} INFO - DAG(s) 'duckdb_to_iceberg_bronze' retrieved from /opt/airflow/dags/dag_three.py
[2025-11-24T12:15:31.346+0000] {logging_mixin.py:188} INFO - [2025-11-24T12:15:31.346+0000] {dag.py:3036} INFO - Sync 1 DAGs
[2025-11-24T12:15:31.356+0000] {logging_mixin.py:188} INFO - [2025-11-24T12:15:31.356+0000] {dag.py:3823} INFO - Setting next_dagrun for duckdb_to_iceberg_bronze to None, run_after=None
[2025-11-24T12:15:31.373+0000] {processor.py:183} INFO - Processing /opt/airflow/dags/dag_three.py took 0.445 seconds
[2025-11-24T12:16:01.829+0000] {processor.py:161} INFO - Started process (PID=33797) to work on /opt/airflow/dags/dag_three.py
[2025-11-24T12:16:01.831+0000] {processor.py:830} INFO - Processing file /opt/airflow/dags/dag_three.py for tasks to queue
[2025-11-24T12:16:01.832+0000] {logging_mixin.py:188} INFO - [2025-11-24T12:16:01.832+0000] {dagbag.py:538} INFO - Filling up the DagBag from /opt/airflow/dags/dag_three.py
[2025-11-24T12:16:02.203+0000] {processor.py:840} INFO - DAG(s) 'duckdb_to_iceberg_bronze' retrieved from /opt/airflow/dags/dag_three.py
[2025-11-24T12:16:02.227+0000] {logging_mixin.py:188} INFO - [2025-11-24T12:16:02.225+0000] {dag.py:3036} INFO - Sync 1 DAGs
[2025-11-24T12:16:02.240+0000] {logging_mixin.py:188} INFO - [2025-11-24T12:16:02.239+0000] {dag.py:3823} INFO - Setting next_dagrun for duckdb_to_iceberg_bronze to None, run_after=None
[2025-11-24T12:16:02.269+0000] {processor.py:183} INFO - Processing /opt/airflow/dags/dag_three.py took 0.446 seconds
[2025-11-24T12:16:32.649+0000] {processor.py:161} INFO - Started process (PID=33883) to work on /opt/airflow/dags/dag_three.py
[2025-11-24T12:16:32.651+0000] {processor.py:830} INFO - Processing file /opt/airflow/dags/dag_three.py for tasks to queue
[2025-11-24T12:16:32.652+0000] {logging_mixin.py:188} INFO - [2025-11-24T12:16:32.651+0000] {dagbag.py:538} INFO - Filling up the DagBag from /opt/airflow/dags/dag_three.py
[2025-11-24T12:16:33.045+0000] {processor.py:840} INFO - DAG(s) 'duckdb_to_iceberg_bronze' retrieved from /opt/airflow/dags/dag_three.py
[2025-11-24T12:16:33.071+0000] {logging_mixin.py:188} INFO - [2025-11-24T12:16:33.070+0000] {dag.py:3036} INFO - Sync 1 DAGs
[2025-11-24T12:16:33.089+0000] {logging_mixin.py:188} INFO - [2025-11-24T12:16:33.089+0000] {dag.py:3823} INFO - Setting next_dagrun for duckdb_to_iceberg_bronze to None, run_after=None
[2025-11-24T12:16:33.129+0000] {processor.py:183} INFO - Processing /opt/airflow/dags/dag_three.py took 0.485 seconds
[2025-11-24T12:17:03.976+0000] {processor.py:161} INFO - Started process (PID=33969) to work on /opt/airflow/dags/dag_three.py
[2025-11-24T12:17:03.977+0000] {processor.py:830} INFO - Processing file /opt/airflow/dags/dag_three.py for tasks to queue
[2025-11-24T12:17:03.978+0000] {logging_mixin.py:188} INFO - [2025-11-24T12:17:03.978+0000] {dagbag.py:538} INFO - Filling up the DagBag from /opt/airflow/dags/dag_three.py
[2025-11-24T12:17:04.442+0000] {processor.py:840} INFO - DAG(s) 'duckdb_to_iceberg_bronze' retrieved from /opt/airflow/dags/dag_three.py
[2025-11-24T12:17:04.464+0000] {logging_mixin.py:188} INFO - [2025-11-24T12:17:04.463+0000] {dag.py:3036} INFO - Sync 1 DAGs
[2025-11-24T12:17:04.477+0000] {logging_mixin.py:188} INFO - [2025-11-24T12:17:04.477+0000] {dag.py:3823} INFO - Setting next_dagrun for duckdb_to_iceberg_bronze to None, run_after=None
[2025-11-24T12:17:04.496+0000] {processor.py:183} INFO - Processing /opt/airflow/dags/dag_three.py took 0.525 seconds
[2025-11-24T12:17:34.913+0000] {processor.py:161} INFO - Started process (PID=34053) to work on /opt/airflow/dags/dag_three.py
[2025-11-24T12:17:34.914+0000] {processor.py:830} INFO - Processing file /opt/airflow/dags/dag_three.py for tasks to queue
[2025-11-24T12:17:34.916+0000] {logging_mixin.py:188} INFO - [2025-11-24T12:17:34.915+0000] {dagbag.py:538} INFO - Filling up the DagBag from /opt/airflow/dags/dag_three.py
[2025-11-24T12:17:35.306+0000] {processor.py:840} INFO - DAG(s) 'duckdb_to_iceberg_bronze' retrieved from /opt/airflow/dags/dag_three.py
[2025-11-24T12:17:35.328+0000] {logging_mixin.py:188} INFO - [2025-11-24T12:17:35.328+0000] {dag.py:3036} INFO - Sync 1 DAGs
[2025-11-24T12:17:35.338+0000] {logging_mixin.py:188} INFO - [2025-11-24T12:17:35.338+0000] {dag.py:3823} INFO - Setting next_dagrun for duckdb_to_iceberg_bronze to None, run_after=None
[2025-11-24T12:17:35.365+0000] {processor.py:183} INFO - Processing /opt/airflow/dags/dag_three.py took 0.454 seconds
[2025-11-24T12:18:05.466+0000] {processor.py:161} INFO - Started process (PID=34117) to work on /opt/airflow/dags/dag_three.py
[2025-11-24T12:18:05.468+0000] {processor.py:830} INFO - Processing file /opt/airflow/dags/dag_three.py for tasks to queue
[2025-11-24T12:18:05.470+0000] {logging_mixin.py:188} INFO - [2025-11-24T12:18:05.469+0000] {dagbag.py:538} INFO - Filling up the DagBag from /opt/airflow/dags/dag_three.py
[2025-11-24T12:18:05.884+0000] {processor.py:840} INFO - DAG(s) 'duckdb_to_iceberg_bronze' retrieved from /opt/airflow/dags/dag_three.py
[2025-11-24T12:18:05.911+0000] {logging_mixin.py:188} INFO - [2025-11-24T12:18:05.910+0000] {dag.py:3036} INFO - Sync 1 DAGs
[2025-11-24T12:18:05.920+0000] {logging_mixin.py:188} INFO - [2025-11-24T12:18:05.920+0000] {dag.py:3823} INFO - Setting next_dagrun for duckdb_to_iceberg_bronze to None, run_after=None
[2025-11-24T12:18:05.937+0000] {processor.py:183} INFO - Processing /opt/airflow/dags/dag_three.py took 0.477 seconds
[2025-11-24T12:18:36.421+0000] {processor.py:161} INFO - Started process (PID=34203) to work on /opt/airflow/dags/dag_three.py
[2025-11-24T12:18:36.424+0000] {processor.py:830} INFO - Processing file /opt/airflow/dags/dag_three.py for tasks to queue
[2025-11-24T12:18:36.428+0000] {logging_mixin.py:188} INFO - [2025-11-24T12:18:36.427+0000] {dagbag.py:538} INFO - Filling up the DagBag from /opt/airflow/dags/dag_three.py
[2025-11-24T12:18:36.842+0000] {processor.py:840} INFO - DAG(s) 'duckdb_to_iceberg_bronze' retrieved from /opt/airflow/dags/dag_three.py
[2025-11-24T12:18:36.864+0000] {logging_mixin.py:188} INFO - [2025-11-24T12:18:36.864+0000] {dag.py:3036} INFO - Sync 1 DAGs
[2025-11-24T12:18:36.875+0000] {logging_mixin.py:188} INFO - [2025-11-24T12:18:36.875+0000] {dag.py:3823} INFO - Setting next_dagrun for duckdb_to_iceberg_bronze to None, run_after=None
[2025-11-24T12:18:36.909+0000] {processor.py:183} INFO - Processing /opt/airflow/dags/dag_three.py took 0.495 seconds
[2025-11-24T12:19:07.183+0000] {processor.py:161} INFO - Started process (PID=34289) to work on /opt/airflow/dags/dag_three.py
[2025-11-24T12:19:07.184+0000] {processor.py:830} INFO - Processing file /opt/airflow/dags/dag_three.py for tasks to queue
[2025-11-24T12:19:07.186+0000] {logging_mixin.py:188} INFO - [2025-11-24T12:19:07.185+0000] {dagbag.py:538} INFO - Filling up the DagBag from /opt/airflow/dags/dag_three.py
[2025-11-24T12:19:07.564+0000] {processor.py:840} INFO - DAG(s) 'duckdb_to_iceberg_bronze' retrieved from /opt/airflow/dags/dag_three.py
[2025-11-24T12:19:07.583+0000] {logging_mixin.py:188} INFO - [2025-11-24T12:19:07.583+0000] {dag.py:3036} INFO - Sync 1 DAGs
[2025-11-24T12:19:07.595+0000] {logging_mixin.py:188} INFO - [2025-11-24T12:19:07.595+0000] {dag.py:3823} INFO - Setting next_dagrun for duckdb_to_iceberg_bronze to None, run_after=None
[2025-11-24T12:19:07.637+0000] {processor.py:183} INFO - Processing /opt/airflow/dags/dag_three.py took 0.461 seconds
[2025-11-24T12:19:38.064+0000] {processor.py:161} INFO - Started process (PID=34375) to work on /opt/airflow/dags/dag_three.py
[2025-11-24T12:19:38.066+0000] {processor.py:830} INFO - Processing file /opt/airflow/dags/dag_three.py for tasks to queue
[2025-11-24T12:19:38.068+0000] {logging_mixin.py:188} INFO - [2025-11-24T12:19:38.067+0000] {dagbag.py:538} INFO - Filling up the DagBag from /opt/airflow/dags/dag_three.py
[2025-11-24T12:19:38.449+0000] {processor.py:840} INFO - DAG(s) 'duckdb_to_iceberg_bronze' retrieved from /opt/airflow/dags/dag_three.py
[2025-11-24T12:19:38.476+0000] {logging_mixin.py:188} INFO - [2025-11-24T12:19:38.475+0000] {dag.py:3036} INFO - Sync 1 DAGs
[2025-11-24T12:19:38.493+0000] {logging_mixin.py:188} INFO - [2025-11-24T12:19:38.493+0000] {dag.py:3823} INFO - Setting next_dagrun for duckdb_to_iceberg_bronze to None, run_after=None
[2025-11-24T12:19:38.526+0000] {processor.py:183} INFO - Processing /opt/airflow/dags/dag_three.py took 0.467 seconds
[2025-11-24T12:20:09.051+0000] {processor.py:161} INFO - Started process (PID=34461) to work on /opt/airflow/dags/dag_three.py
[2025-11-24T12:20:09.053+0000] {processor.py:830} INFO - Processing file /opt/airflow/dags/dag_three.py for tasks to queue
[2025-11-24T12:20:09.055+0000] {logging_mixin.py:188} INFO - [2025-11-24T12:20:09.054+0000] {dagbag.py:538} INFO - Filling up the DagBag from /opt/airflow/dags/dag_three.py
[2025-11-24T12:20:09.490+0000] {processor.py:840} INFO - DAG(s) 'duckdb_to_iceberg_bronze' retrieved from /opt/airflow/dags/dag_three.py
[2025-11-24T12:20:09.509+0000] {logging_mixin.py:188} INFO - [2025-11-24T12:20:09.509+0000] {dag.py:3036} INFO - Sync 1 DAGs
[2025-11-24T12:20:09.518+0000] {logging_mixin.py:188} INFO - [2025-11-24T12:20:09.518+0000] {dag.py:3823} INFO - Setting next_dagrun for duckdb_to_iceberg_bronze to None, run_after=None
[2025-11-24T12:20:09.543+0000] {processor.py:183} INFO - Processing /opt/airflow/dags/dag_three.py took 0.497 seconds
[2025-11-24T12:20:39.766+0000] {processor.py:161} INFO - Started process (PID=34547) to work on /opt/airflow/dags/dag_three.py
[2025-11-24T12:20:39.767+0000] {processor.py:830} INFO - Processing file /opt/airflow/dags/dag_three.py for tasks to queue
[2025-11-24T12:20:39.768+0000] {logging_mixin.py:188} INFO - [2025-11-24T12:20:39.768+0000] {dagbag.py:538} INFO - Filling up the DagBag from /opt/airflow/dags/dag_three.py
[2025-11-24T12:20:40.126+0000] {processor.py:840} INFO - DAG(s) 'duckdb_to_iceberg_bronze' retrieved from /opt/airflow/dags/dag_three.py
[2025-11-24T12:20:40.149+0000] {logging_mixin.py:188} INFO - [2025-11-24T12:20:40.149+0000] {dag.py:3036} INFO - Sync 1 DAGs
[2025-11-24T12:20:40.166+0000] {logging_mixin.py:188} INFO - [2025-11-24T12:20:40.165+0000] {dag.py:3823} INFO - Setting next_dagrun for duckdb_to_iceberg_bronze to None, run_after=None
[2025-11-24T12:20:40.196+0000] {processor.py:183} INFO - Processing /opt/airflow/dags/dag_three.py took 0.432 seconds
[2025-11-24T12:21:10.555+0000] {processor.py:161} INFO - Started process (PID=34633) to work on /opt/airflow/dags/dag_three.py
[2025-11-24T12:21:10.557+0000] {processor.py:830} INFO - Processing file /opt/airflow/dags/dag_three.py for tasks to queue
[2025-11-24T12:21:10.558+0000] {logging_mixin.py:188} INFO - [2025-11-24T12:21:10.558+0000] {dagbag.py:538} INFO - Filling up the DagBag from /opt/airflow/dags/dag_three.py
[2025-11-24T12:21:10.947+0000] {processor.py:840} INFO - DAG(s) 'duckdb_to_iceberg_bronze' retrieved from /opt/airflow/dags/dag_three.py
[2025-11-24T12:21:10.975+0000] {logging_mixin.py:188} INFO - [2025-11-24T12:21:10.974+0000] {dag.py:3036} INFO - Sync 1 DAGs
[2025-11-24T12:21:10.983+0000] {logging_mixin.py:188} INFO - [2025-11-24T12:21:10.983+0000] {dag.py:3823} INFO - Setting next_dagrun for duckdb_to_iceberg_bronze to None, run_after=None
[2025-11-24T12:21:11.019+0000] {processor.py:183} INFO - Processing /opt/airflow/dags/dag_three.py took 0.470 seconds
[2025-11-24T12:21:41.606+0000] {processor.py:161} INFO - Started process (PID=34719) to work on /opt/airflow/dags/dag_three.py
[2025-11-24T12:21:41.609+0000] {processor.py:830} INFO - Processing file /opt/airflow/dags/dag_three.py for tasks to queue
[2025-11-24T12:21:41.611+0000] {logging_mixin.py:188} INFO - [2025-11-24T12:21:41.610+0000] {dagbag.py:538} INFO - Filling up the DagBag from /opt/airflow/dags/dag_three.py
[2025-11-24T12:21:42.000+0000] {processor.py:840} INFO - DAG(s) 'duckdb_to_iceberg_bronze' retrieved from /opt/airflow/dags/dag_three.py
[2025-11-24T12:21:42.021+0000] {logging_mixin.py:188} INFO - [2025-11-24T12:21:42.020+0000] {dag.py:3036} INFO - Sync 1 DAGs
[2025-11-24T12:21:42.029+0000] {logging_mixin.py:188} INFO - [2025-11-24T12:21:42.029+0000] {dag.py:3823} INFO - Setting next_dagrun for duckdb_to_iceberg_bronze to None, run_after=None
[2025-11-24T12:21:42.053+0000] {processor.py:183} INFO - Processing /opt/airflow/dags/dag_three.py took 0.454 seconds
[2025-11-24T12:22:12.421+0000] {processor.py:161} INFO - Started process (PID=34805) to work on /opt/airflow/dags/dag_three.py
[2025-11-24T12:22:12.423+0000] {processor.py:830} INFO - Processing file /opt/airflow/dags/dag_three.py for tasks to queue
[2025-11-24T12:22:12.424+0000] {logging_mixin.py:188} INFO - [2025-11-24T12:22:12.424+0000] {dagbag.py:538} INFO - Filling up the DagBag from /opt/airflow/dags/dag_three.py
[2025-11-24T12:22:12.810+0000] {processor.py:840} INFO - DAG(s) 'duckdb_to_iceberg_bronze' retrieved from /opt/airflow/dags/dag_three.py
[2025-11-24T12:22:12.838+0000] {logging_mixin.py:188} INFO - [2025-11-24T12:22:12.838+0000] {dag.py:3036} INFO - Sync 1 DAGs
[2025-11-24T12:22:12.858+0000] {logging_mixin.py:188} INFO - [2025-11-24T12:22:12.857+0000] {dag.py:3823} INFO - Setting next_dagrun for duckdb_to_iceberg_bronze to None, run_after=None
[2025-11-24T12:22:12.906+0000] {processor.py:183} INFO - Processing /opt/airflow/dags/dag_three.py took 0.489 seconds
[2025-11-24T12:22:43.155+0000] {processor.py:161} INFO - Started process (PID=34891) to work on /opt/airflow/dags/dag_three.py
[2025-11-24T12:22:43.157+0000] {processor.py:830} INFO - Processing file /opt/airflow/dags/dag_three.py for tasks to queue
[2025-11-24T12:22:43.159+0000] {logging_mixin.py:188} INFO - [2025-11-24T12:22:43.158+0000] {dagbag.py:538} INFO - Filling up the DagBag from /opt/airflow/dags/dag_three.py
[2025-11-24T12:22:43.527+0000] {processor.py:840} INFO - DAG(s) 'duckdb_to_iceberg_bronze' retrieved from /opt/airflow/dags/dag_three.py
[2025-11-24T12:22:43.557+0000] {logging_mixin.py:188} INFO - [2025-11-24T12:22:43.556+0000] {dag.py:3036} INFO - Sync 1 DAGs
[2025-11-24T12:22:43.574+0000] {logging_mixin.py:188} INFO - [2025-11-24T12:22:43.574+0000] {dag.py:3823} INFO - Setting next_dagrun for duckdb_to_iceberg_bronze to None, run_after=None
[2025-11-24T12:22:43.604+0000] {processor.py:183} INFO - Processing /opt/airflow/dags/dag_three.py took 0.455 seconds
[2025-11-24T12:23:13.950+0000] {processor.py:161} INFO - Started process (PID=34977) to work on /opt/airflow/dags/dag_three.py
[2025-11-24T12:23:13.951+0000] {processor.py:830} INFO - Processing file /opt/airflow/dags/dag_three.py for tasks to queue
[2025-11-24T12:23:13.952+0000] {logging_mixin.py:188} INFO - [2025-11-24T12:23:13.952+0000] {dagbag.py:538} INFO - Filling up the DagBag from /opt/airflow/dags/dag_three.py
[2025-11-24T12:23:14.355+0000] {processor.py:840} INFO - DAG(s) 'duckdb_to_iceberg_bronze' retrieved from /opt/airflow/dags/dag_three.py
[2025-11-24T12:23:14.377+0000] {logging_mixin.py:188} INFO - [2025-11-24T12:23:14.376+0000] {dag.py:3036} INFO - Sync 1 DAGs
[2025-11-24T12:23:14.387+0000] {logging_mixin.py:188} INFO - [2025-11-24T12:23:14.387+0000] {dag.py:3823} INFO - Setting next_dagrun for duckdb_to_iceberg_bronze to None, run_after=None
[2025-11-24T12:23:14.413+0000] {processor.py:183} INFO - Processing /opt/airflow/dags/dag_three.py took 0.468 seconds
[2025-11-24T12:23:44.930+0000] {processor.py:161} INFO - Started process (PID=35063) to work on /opt/airflow/dags/dag_three.py
[2025-11-24T12:23:44.932+0000] {processor.py:830} INFO - Processing file /opt/airflow/dags/dag_three.py for tasks to queue
[2025-11-24T12:23:44.934+0000] {logging_mixin.py:188} INFO - [2025-11-24T12:23:44.933+0000] {dagbag.py:538} INFO - Filling up the DagBag from /opt/airflow/dags/dag_three.py
[2025-11-24T12:23:45.301+0000] {processor.py:840} INFO - DAG(s) 'duckdb_to_iceberg_bronze' retrieved from /opt/airflow/dags/dag_three.py
[2025-11-24T12:23:45.326+0000] {logging_mixin.py:188} INFO - [2025-11-24T12:23:45.325+0000] {dag.py:3036} INFO - Sync 1 DAGs
[2025-11-24T12:23:45.339+0000] {logging_mixin.py:188} INFO - [2025-11-24T12:23:45.339+0000] {dag.py:3823} INFO - Setting next_dagrun for duckdb_to_iceberg_bronze to None, run_after=None
[2025-11-24T12:23:45.368+0000] {processor.py:183} INFO - Processing /opt/airflow/dags/dag_three.py took 0.443 seconds
[2025-11-24T12:24:15.690+0000] {processor.py:161} INFO - Started process (PID=35149) to work on /opt/airflow/dags/dag_three.py
[2025-11-24T12:24:15.691+0000] {processor.py:830} INFO - Processing file /opt/airflow/dags/dag_three.py for tasks to queue
[2025-11-24T12:24:15.692+0000] {logging_mixin.py:188} INFO - [2025-11-24T12:24:15.691+0000] {dagbag.py:538} INFO - Filling up the DagBag from /opt/airflow/dags/dag_three.py
[2025-11-24T12:24:16.058+0000] {processor.py:840} INFO - DAG(s) 'duckdb_to_iceberg_bronze' retrieved from /opt/airflow/dags/dag_three.py
[2025-11-24T12:24:16.077+0000] {logging_mixin.py:188} INFO - [2025-11-24T12:24:16.076+0000] {dag.py:3036} INFO - Sync 1 DAGs
[2025-11-24T12:24:16.086+0000] {logging_mixin.py:188} INFO - [2025-11-24T12:24:16.086+0000] {dag.py:3823} INFO - Setting next_dagrun for duckdb_to_iceberg_bronze to None, run_after=None
[2025-11-24T12:24:16.112+0000] {processor.py:183} INFO - Processing /opt/airflow/dags/dag_three.py took 0.425 seconds
[2025-11-24T12:24:46.432+0000] {processor.py:161} INFO - Started process (PID=35235) to work on /opt/airflow/dags/dag_three.py
[2025-11-24T12:24:46.433+0000] {processor.py:830} INFO - Processing file /opt/airflow/dags/dag_three.py for tasks to queue
[2025-11-24T12:24:46.434+0000] {logging_mixin.py:188} INFO - [2025-11-24T12:24:46.434+0000] {dagbag.py:538} INFO - Filling up the DagBag from /opt/airflow/dags/dag_three.py
[2025-11-24T12:24:46.799+0000] {processor.py:840} INFO - DAG(s) 'duckdb_to_iceberg_bronze' retrieved from /opt/airflow/dags/dag_three.py
[2025-11-24T12:24:46.830+0000] {logging_mixin.py:188} INFO - [2025-11-24T12:24:46.829+0000] {dag.py:3036} INFO - Sync 1 DAGs
[2025-11-24T12:24:46.845+0000] {logging_mixin.py:188} INFO - [2025-11-24T12:24:46.845+0000] {dag.py:3823} INFO - Setting next_dagrun for duckdb_to_iceberg_bronze to None, run_after=None
[2025-11-24T12:24:46.867+0000] {processor.py:183} INFO - Processing /opt/airflow/dags/dag_three.py took 0.438 seconds
[2025-11-24T12:25:17.267+0000] {processor.py:161} INFO - Started process (PID=35321) to work on /opt/airflow/dags/dag_three.py
[2025-11-24T12:25:17.268+0000] {processor.py:830} INFO - Processing file /opt/airflow/dags/dag_three.py for tasks to queue
[2025-11-24T12:25:17.269+0000] {logging_mixin.py:188} INFO - [2025-11-24T12:25:17.268+0000] {dagbag.py:538} INFO - Filling up the DagBag from /opt/airflow/dags/dag_three.py
[2025-11-24T12:25:17.634+0000] {processor.py:840} INFO - DAG(s) 'duckdb_to_iceberg_bronze' retrieved from /opt/airflow/dags/dag_three.py
[2025-11-24T12:25:17.656+0000] {logging_mixin.py:188} INFO - [2025-11-24T12:25:17.656+0000] {dag.py:3036} INFO - Sync 1 DAGs
[2025-11-24T12:25:17.667+0000] {logging_mixin.py:188} INFO - [2025-11-24T12:25:17.667+0000] {dag.py:3823} INFO - Setting next_dagrun for duckdb_to_iceberg_bronze to None, run_after=None
[2025-11-24T12:25:17.714+0000] {processor.py:183} INFO - Processing /opt/airflow/dags/dag_three.py took 0.452 seconds
[2025-11-24T12:25:48.119+0000] {processor.py:161} INFO - Started process (PID=35404) to work on /opt/airflow/dags/dag_three.py
[2025-11-24T12:25:48.119+0000] {processor.py:830} INFO - Processing file /opt/airflow/dags/dag_three.py for tasks to queue
[2025-11-24T12:25:48.120+0000] {logging_mixin.py:188} INFO - [2025-11-24T12:25:48.120+0000] {dagbag.py:538} INFO - Filling up the DagBag from /opt/airflow/dags/dag_three.py
[2025-11-24T12:25:48.497+0000] {processor.py:840} INFO - DAG(s) 'duckdb_to_iceberg_bronze' retrieved from /opt/airflow/dags/dag_three.py
[2025-11-24T12:25:48.519+0000] {logging_mixin.py:188} INFO - [2025-11-24T12:25:48.519+0000] {dag.py:3036} INFO - Sync 1 DAGs
[2025-11-24T12:25:48.536+0000] {logging_mixin.py:188} INFO - [2025-11-24T12:25:48.535+0000] {dag.py:3823} INFO - Setting next_dagrun for duckdb_to_iceberg_bronze to None, run_after=None
[2025-11-24T12:25:48.567+0000] {processor.py:183} INFO - Processing /opt/airflow/dags/dag_three.py took 0.451 seconds
[2025-11-24T12:26:19.034+0000] {processor.py:161} INFO - Started process (PID=35469) to work on /opt/airflow/dags/dag_three.py
[2025-11-24T12:26:19.035+0000] {processor.py:830} INFO - Processing file /opt/airflow/dags/dag_three.py for tasks to queue
[2025-11-24T12:26:19.037+0000] {logging_mixin.py:188} INFO - [2025-11-24T12:26:19.036+0000] {dagbag.py:538} INFO - Filling up the DagBag from /opt/airflow/dags/dag_three.py
[2025-11-24T12:26:19.407+0000] {processor.py:840} INFO - DAG(s) 'duckdb_to_iceberg_bronze' retrieved from /opt/airflow/dags/dag_three.py
[2025-11-24T12:26:19.431+0000] {logging_mixin.py:188} INFO - [2025-11-24T12:26:19.431+0000] {dag.py:3036} INFO - Sync 1 DAGs
[2025-11-24T12:26:19.441+0000] {logging_mixin.py:188} INFO - [2025-11-24T12:26:19.441+0000] {dag.py:3823} INFO - Setting next_dagrun for duckdb_to_iceberg_bronze to None, run_after=None
[2025-11-24T12:26:19.470+0000] {processor.py:183} INFO - Processing /opt/airflow/dags/dag_three.py took 0.442 seconds
[2025-11-24T12:26:49.865+0000] {processor.py:161} INFO - Started process (PID=35555) to work on /opt/airflow/dags/dag_three.py
[2025-11-24T12:26:49.867+0000] {processor.py:830} INFO - Processing file /opt/airflow/dags/dag_three.py for tasks to queue
[2025-11-24T12:26:49.871+0000] {logging_mixin.py:188} INFO - [2025-11-24T12:26:49.870+0000] {dagbag.py:538} INFO - Filling up the DagBag from /opt/airflow/dags/dag_three.py
[2025-11-24T12:26:50.249+0000] {processor.py:840} INFO - DAG(s) 'duckdb_to_iceberg_bronze' retrieved from /opt/airflow/dags/dag_three.py
[2025-11-24T12:26:50.273+0000] {logging_mixin.py:188} INFO - [2025-11-24T12:26:50.271+0000] {dag.py:3036} INFO - Sync 1 DAGs
[2025-11-24T12:26:50.286+0000] {logging_mixin.py:188} INFO - [2025-11-24T12:26:50.285+0000] {dag.py:3823} INFO - Setting next_dagrun for duckdb_to_iceberg_bronze to None, run_after=None
[2025-11-24T12:26:50.313+0000] {processor.py:183} INFO - Processing /opt/airflow/dags/dag_three.py took 0.456 seconds
[2025-11-24T12:27:20.708+0000] {processor.py:161} INFO - Started process (PID=35641) to work on /opt/airflow/dags/dag_three.py
[2025-11-24T12:27:20.710+0000] {processor.py:830} INFO - Processing file /opt/airflow/dags/dag_three.py for tasks to queue
[2025-11-24T12:27:20.711+0000] {logging_mixin.py:188} INFO - [2025-11-24T12:27:20.711+0000] {dagbag.py:538} INFO - Filling up the DagBag from /opt/airflow/dags/dag_three.py
[2025-11-24T12:27:21.090+0000] {processor.py:840} INFO - DAG(s) 'duckdb_to_iceberg_bronze' retrieved from /opt/airflow/dags/dag_three.py
[2025-11-24T12:27:21.115+0000] {logging_mixin.py:188} INFO - [2025-11-24T12:27:21.115+0000] {dag.py:3036} INFO - Sync 1 DAGs
[2025-11-24T12:27:21.124+0000] {logging_mixin.py:188} INFO - [2025-11-24T12:27:21.124+0000] {dag.py:3823} INFO - Setting next_dagrun for duckdb_to_iceberg_bronze to None, run_after=None
[2025-11-24T12:27:21.162+0000] {processor.py:183} INFO - Processing /opt/airflow/dags/dag_three.py took 0.459 seconds
[2025-11-24T12:27:51.576+0000] {processor.py:161} INFO - Started process (PID=35727) to work on /opt/airflow/dags/dag_three.py
[2025-11-24T12:27:51.578+0000] {processor.py:830} INFO - Processing file /opt/airflow/dags/dag_three.py for tasks to queue
[2025-11-24T12:27:51.579+0000] {logging_mixin.py:188} INFO - [2025-11-24T12:27:51.579+0000] {dagbag.py:538} INFO - Filling up the DagBag from /opt/airflow/dags/dag_three.py
[2025-11-24T12:27:51.974+0000] {processor.py:840} INFO - DAG(s) 'duckdb_to_iceberg_bronze' retrieved from /opt/airflow/dags/dag_three.py
[2025-11-24T12:27:51.999+0000] {logging_mixin.py:188} INFO - [2025-11-24T12:27:51.999+0000] {dag.py:3036} INFO - Sync 1 DAGs
[2025-11-24T12:27:52.021+0000] {logging_mixin.py:188} INFO - [2025-11-24T12:27:52.021+0000] {dag.py:3823} INFO - Setting next_dagrun for duckdb_to_iceberg_bronze to None, run_after=None
[2025-11-24T12:27:52.054+0000] {processor.py:183} INFO - Processing /opt/airflow/dags/dag_three.py took 0.483 seconds
[2025-11-24T12:28:22.469+0000] {processor.py:161} INFO - Started process (PID=35813) to work on /opt/airflow/dags/dag_three.py
[2025-11-24T12:28:22.470+0000] {processor.py:830} INFO - Processing file /opt/airflow/dags/dag_three.py for tasks to queue
[2025-11-24T12:28:22.472+0000] {logging_mixin.py:188} INFO - [2025-11-24T12:28:22.471+0000] {dagbag.py:538} INFO - Filling up the DagBag from /opt/airflow/dags/dag_three.py
[2025-11-24T12:28:22.901+0000] {processor.py:840} INFO - DAG(s) 'duckdb_to_iceberg_bronze' retrieved from /opt/airflow/dags/dag_three.py
[2025-11-24T12:28:22.923+0000] {logging_mixin.py:188} INFO - [2025-11-24T12:28:22.923+0000] {dag.py:3036} INFO - Sync 1 DAGs
[2025-11-24T12:28:22.937+0000] {logging_mixin.py:188} INFO - [2025-11-24T12:28:22.937+0000] {dag.py:3823} INFO - Setting next_dagrun for duckdb_to_iceberg_bronze to None, run_after=None
[2025-11-24T12:28:22.975+0000] {processor.py:183} INFO - Processing /opt/airflow/dags/dag_three.py took 0.512 seconds
[2025-11-24T12:28:53.299+0000] {processor.py:161} INFO - Started process (PID=35899) to work on /opt/airflow/dags/dag_three.py
[2025-11-24T12:28:53.301+0000] {processor.py:830} INFO - Processing file /opt/airflow/dags/dag_three.py for tasks to queue
[2025-11-24T12:28:53.302+0000] {logging_mixin.py:188} INFO - [2025-11-24T12:28:53.302+0000] {dagbag.py:538} INFO - Filling up the DagBag from /opt/airflow/dags/dag_three.py
[2025-11-24T12:28:53.677+0000] {processor.py:840} INFO - DAG(s) 'duckdb_to_iceberg_bronze' retrieved from /opt/airflow/dags/dag_three.py
[2025-11-24T12:28:53.699+0000] {logging_mixin.py:188} INFO - [2025-11-24T12:28:53.699+0000] {dag.py:3036} INFO - Sync 1 DAGs
[2025-11-24T12:28:53.715+0000] {logging_mixin.py:188} INFO - [2025-11-24T12:28:53.715+0000] {dag.py:3823} INFO - Setting next_dagrun for duckdb_to_iceberg_bronze to None, run_after=None
[2025-11-24T12:28:53.763+0000] {processor.py:183} INFO - Processing /opt/airflow/dags/dag_three.py took 0.470 seconds
[2025-11-24T12:29:24.089+0000] {processor.py:161} INFO - Started process (PID=35985) to work on /opt/airflow/dags/dag_three.py
[2025-11-24T12:29:24.090+0000] {processor.py:830} INFO - Processing file /opt/airflow/dags/dag_three.py for tasks to queue
[2025-11-24T12:29:24.091+0000] {logging_mixin.py:188} INFO - [2025-11-24T12:29:24.091+0000] {dagbag.py:538} INFO - Filling up the DagBag from /opt/airflow/dags/dag_three.py
[2025-11-24T12:29:24.501+0000] {processor.py:840} INFO - DAG(s) 'duckdb_to_iceberg_bronze' retrieved from /opt/airflow/dags/dag_three.py
[2025-11-24T12:29:24.527+0000] {logging_mixin.py:188} INFO - [2025-11-24T12:29:24.527+0000] {dag.py:3036} INFO - Sync 1 DAGs
[2025-11-24T12:29:24.551+0000] {logging_mixin.py:188} INFO - [2025-11-24T12:29:24.551+0000] {dag.py:3823} INFO - Setting next_dagrun for duckdb_to_iceberg_bronze to None, run_after=None
[2025-11-24T12:29:24.569+0000] {processor.py:183} INFO - Processing /opt/airflow/dags/dag_three.py took 0.484 seconds
[2025-11-24T12:29:55.075+0000] {processor.py:161} INFO - Started process (PID=36071) to work on /opt/airflow/dags/dag_three.py
[2025-11-24T12:29:55.076+0000] {processor.py:830} INFO - Processing file /opt/airflow/dags/dag_three.py for tasks to queue
[2025-11-24T12:29:55.077+0000] {logging_mixin.py:188} INFO - [2025-11-24T12:29:55.077+0000] {dagbag.py:538} INFO - Filling up the DagBag from /opt/airflow/dags/dag_three.py
[2025-11-24T12:29:55.456+0000] {processor.py:840} INFO - DAG(s) 'duckdb_to_iceberg_bronze' retrieved from /opt/airflow/dags/dag_three.py
[2025-11-24T12:29:55.480+0000] {logging_mixin.py:188} INFO - [2025-11-24T12:29:55.479+0000] {dag.py:3036} INFO - Sync 1 DAGs
[2025-11-24T12:29:55.510+0000] {logging_mixin.py:188} INFO - [2025-11-24T12:29:55.509+0000] {dag.py:3823} INFO - Setting next_dagrun for duckdb_to_iceberg_bronze to None, run_after=None
[2025-11-24T12:29:55.534+0000] {processor.py:183} INFO - Processing /opt/airflow/dags/dag_three.py took 0.465 seconds
[2025-11-24T12:30:25.995+0000] {processor.py:161} INFO - Started process (PID=36157) to work on /opt/airflow/dags/dag_three.py
[2025-11-24T12:30:25.996+0000] {processor.py:830} INFO - Processing file /opt/airflow/dags/dag_three.py for tasks to queue
[2025-11-24T12:30:25.998+0000] {logging_mixin.py:188} INFO - [2025-11-24T12:30:25.997+0000] {dagbag.py:538} INFO - Filling up the DagBag from /opt/airflow/dags/dag_three.py
[2025-11-24T12:30:26.363+0000] {processor.py:840} INFO - DAG(s) 'duckdb_to_iceberg_bronze' retrieved from /opt/airflow/dags/dag_three.py
[2025-11-24T12:30:26.393+0000] {logging_mixin.py:188} INFO - [2025-11-24T12:30:26.392+0000] {dag.py:3036} INFO - Sync 1 DAGs
[2025-11-24T12:30:26.403+0000] {logging_mixin.py:188} INFO - [2025-11-24T12:30:26.403+0000] {dag.py:3823} INFO - Setting next_dagrun for duckdb_to_iceberg_bronze to None, run_after=None
[2025-11-24T12:30:26.429+0000] {processor.py:183} INFO - Processing /opt/airflow/dags/dag_three.py took 0.438 seconds
[2025-11-24T12:30:56.910+0000] {processor.py:161} INFO - Started process (PID=36243) to work on /opt/airflow/dags/dag_three.py
[2025-11-24T12:30:56.912+0000] {processor.py:830} INFO - Processing file /opt/airflow/dags/dag_three.py for tasks to queue
[2025-11-24T12:30:56.914+0000] {logging_mixin.py:188} INFO - [2025-11-24T12:30:56.913+0000] {dagbag.py:538} INFO - Filling up the DagBag from /opt/airflow/dags/dag_three.py
[2025-11-24T12:30:57.323+0000] {processor.py:840} INFO - DAG(s) 'duckdb_to_iceberg_bronze' retrieved from /opt/airflow/dags/dag_three.py
[2025-11-24T12:30:57.348+0000] {logging_mixin.py:188} INFO - [2025-11-24T12:30:57.348+0000] {dag.py:3036} INFO - Sync 1 DAGs
[2025-11-24T12:30:57.358+0000] {logging_mixin.py:188} INFO - [2025-11-24T12:30:57.358+0000] {dag.py:3823} INFO - Setting next_dagrun for duckdb_to_iceberg_bronze to None, run_after=None
[2025-11-24T12:30:57.383+0000] {processor.py:183} INFO - Processing /opt/airflow/dags/dag_three.py took 0.478 seconds
[2025-11-24T12:31:27.832+0000] {processor.py:161} INFO - Started process (PID=36329) to work on /opt/airflow/dags/dag_three.py
[2025-11-24T12:31:27.833+0000] {processor.py:830} INFO - Processing file /opt/airflow/dags/dag_three.py for tasks to queue
[2025-11-24T12:31:27.835+0000] {logging_mixin.py:188} INFO - [2025-11-24T12:31:27.834+0000] {dagbag.py:538} INFO - Filling up the DagBag from /opt/airflow/dags/dag_three.py
[2025-11-24T12:31:28.211+0000] {processor.py:840} INFO - DAG(s) 'duckdb_to_iceberg_bronze' retrieved from /opt/airflow/dags/dag_three.py
[2025-11-24T12:31:28.231+0000] {logging_mixin.py:188} INFO - [2025-11-24T12:31:28.230+0000] {dag.py:3036} INFO - Sync 1 DAGs
[2025-11-24T12:31:28.242+0000] {logging_mixin.py:188} INFO - [2025-11-24T12:31:28.242+0000] {dag.py:3823} INFO - Setting next_dagrun for duckdb_to_iceberg_bronze to None, run_after=None
[2025-11-24T12:31:28.260+0000] {processor.py:183} INFO - Processing /opt/airflow/dags/dag_three.py took 0.434 seconds
[2025-11-24T12:31:58.809+0000] {processor.py:161} INFO - Started process (PID=36415) to work on /opt/airflow/dags/dag_three.py
[2025-11-24T12:31:58.811+0000] {processor.py:830} INFO - Processing file /opt/airflow/dags/dag_three.py for tasks to queue
[2025-11-24T12:31:58.813+0000] {logging_mixin.py:188} INFO - [2025-11-24T12:31:58.812+0000] {dagbag.py:538} INFO - Filling up the DagBag from /opt/airflow/dags/dag_three.py
[2025-11-24T12:31:59.188+0000] {processor.py:840} INFO - DAG(s) 'duckdb_to_iceberg_bronze' retrieved from /opt/airflow/dags/dag_three.py
[2025-11-24T12:31:59.210+0000] {logging_mixin.py:188} INFO - [2025-11-24T12:31:59.209+0000] {dag.py:3036} INFO - Sync 1 DAGs
[2025-11-24T12:31:59.218+0000] {logging_mixin.py:188} INFO - [2025-11-24T12:31:59.218+0000] {dag.py:3823} INFO - Setting next_dagrun for duckdb_to_iceberg_bronze to None, run_after=None
[2025-11-24T12:31:59.243+0000] {processor.py:183} INFO - Processing /opt/airflow/dags/dag_three.py took 0.440 seconds
[2025-11-24T12:32:29.642+0000] {processor.py:161} INFO - Started process (PID=36501) to work on /opt/airflow/dags/dag_three.py
[2025-11-24T12:32:29.643+0000] {processor.py:830} INFO - Processing file /opt/airflow/dags/dag_three.py for tasks to queue
[2025-11-24T12:32:29.645+0000] {logging_mixin.py:188} INFO - [2025-11-24T12:32:29.644+0000] {dagbag.py:538} INFO - Filling up the DagBag from /opt/airflow/dags/dag_three.py
[2025-11-24T12:32:30.015+0000] {processor.py:840} INFO - DAG(s) 'duckdb_to_iceberg_bronze' retrieved from /opt/airflow/dags/dag_three.py
[2025-11-24T12:32:30.040+0000] {logging_mixin.py:188} INFO - [2025-11-24T12:32:30.039+0000] {dag.py:3036} INFO - Sync 1 DAGs
[2025-11-24T12:32:30.052+0000] {logging_mixin.py:188} INFO - [2025-11-24T12:32:30.051+0000] {dag.py:3823} INFO - Setting next_dagrun for duckdb_to_iceberg_bronze to None, run_after=None
[2025-11-24T12:32:30.089+0000] {processor.py:183} INFO - Processing /opt/airflow/dags/dag_three.py took 0.455 seconds
[2025-11-24T12:33:00.427+0000] {processor.py:161} INFO - Started process (PID=36587) to work on /opt/airflow/dags/dag_three.py
[2025-11-24T12:33:00.428+0000] {processor.py:830} INFO - Processing file /opt/airflow/dags/dag_three.py for tasks to queue
[2025-11-24T12:33:00.430+0000] {logging_mixin.py:188} INFO - [2025-11-24T12:33:00.429+0000] {dagbag.py:538} INFO - Filling up the DagBag from /opt/airflow/dags/dag_three.py
[2025-11-24T12:33:00.821+0000] {processor.py:840} INFO - DAG(s) 'duckdb_to_iceberg_bronze' retrieved from /opt/airflow/dags/dag_three.py
[2025-11-24T12:33:00.849+0000] {logging_mixin.py:188} INFO - [2025-11-24T12:33:00.848+0000] {dag.py:3036} INFO - Sync 1 DAGs
[2025-11-24T12:33:00.862+0000] {logging_mixin.py:188} INFO - [2025-11-24T12:33:00.861+0000] {dag.py:3823} INFO - Setting next_dagrun for duckdb_to_iceberg_bronze to None, run_after=None
[2025-11-24T12:33:00.901+0000] {processor.py:183} INFO - Processing /opt/airflow/dags/dag_three.py took 0.481 seconds
[2025-11-24T12:33:31.072+0000] {processor.py:161} INFO - Started process (PID=36673) to work on /opt/airflow/dags/dag_three.py
[2025-11-24T12:33:31.073+0000] {processor.py:830} INFO - Processing file /opt/airflow/dags/dag_three.py for tasks to queue
[2025-11-24T12:33:31.075+0000] {logging_mixin.py:188} INFO - [2025-11-24T12:33:31.074+0000] {dagbag.py:538} INFO - Filling up the DagBag from /opt/airflow/dags/dag_three.py
[2025-11-24T12:33:31.484+0000] {processor.py:840} INFO - DAG(s) 'duckdb_to_iceberg_bronze' retrieved from /opt/airflow/dags/dag_three.py
[2025-11-24T12:33:31.505+0000] {logging_mixin.py:188} INFO - [2025-11-24T12:33:31.504+0000] {dag.py:3036} INFO - Sync 1 DAGs
[2025-11-24T12:33:31.513+0000] {logging_mixin.py:188} INFO - [2025-11-24T12:33:31.513+0000] {dag.py:3823} INFO - Setting next_dagrun for duckdb_to_iceberg_bronze to None, run_after=None
[2025-11-24T12:33:31.556+0000] {processor.py:183} INFO - Processing /opt/airflow/dags/dag_three.py took 0.490 seconds
[2025-11-24T12:34:01.804+0000] {processor.py:161} INFO - Started process (PID=36756) to work on /opt/airflow/dags/dag_three.py
[2025-11-24T12:34:01.805+0000] {processor.py:830} INFO - Processing file /opt/airflow/dags/dag_three.py for tasks to queue
[2025-11-24T12:34:01.806+0000] {logging_mixin.py:188} INFO - [2025-11-24T12:34:01.805+0000] {dagbag.py:538} INFO - Filling up the DagBag from /opt/airflow/dags/dag_three.py
[2025-11-24T12:34:02.164+0000] {processor.py:840} INFO - DAG(s) 'duckdb_to_iceberg_bronze' retrieved from /opt/airflow/dags/dag_three.py
[2025-11-24T12:34:02.186+0000] {logging_mixin.py:188} INFO - [2025-11-24T12:34:02.186+0000] {dag.py:3036} INFO - Sync 1 DAGs
[2025-11-24T12:34:02.196+0000] {logging_mixin.py:188} INFO - [2025-11-24T12:34:02.195+0000] {dag.py:3823} INFO - Setting next_dagrun for duckdb_to_iceberg_bronze to None, run_after=None
[2025-11-24T12:34:02.221+0000] {processor.py:183} INFO - Processing /opt/airflow/dags/dag_three.py took 0.421 seconds
[2025-11-24T12:34:32.493+0000] {processor.py:161} INFO - Started process (PID=36821) to work on /opt/airflow/dags/dag_three.py
[2025-11-24T12:34:32.494+0000] {processor.py:830} INFO - Processing file /opt/airflow/dags/dag_three.py for tasks to queue
[2025-11-24T12:34:32.496+0000] {logging_mixin.py:188} INFO - [2025-11-24T12:34:32.495+0000] {dagbag.py:538} INFO - Filling up the DagBag from /opt/airflow/dags/dag_three.py
[2025-11-24T12:34:32.865+0000] {processor.py:840} INFO - DAG(s) 'duckdb_to_iceberg_bronze' retrieved from /opt/airflow/dags/dag_three.py
[2025-11-24T12:34:32.885+0000] {logging_mixin.py:188} INFO - [2025-11-24T12:34:32.885+0000] {dag.py:3036} INFO - Sync 1 DAGs
[2025-11-24T12:34:32.925+0000] {logging_mixin.py:188} INFO - [2025-11-24T12:34:32.925+0000] {dag.py:3823} INFO - Setting next_dagrun for duckdb_to_iceberg_bronze to None, run_after=None
[2025-11-24T12:34:32.950+0000] {processor.py:183} INFO - Processing /opt/airflow/dags/dag_three.py took 0.463 seconds
[2025-11-24T12:35:03.203+0000] {processor.py:161} INFO - Started process (PID=36907) to work on /opt/airflow/dags/dag_three.py
[2025-11-24T12:35:03.204+0000] {processor.py:830} INFO - Processing file /opt/airflow/dags/dag_three.py for tasks to queue
[2025-11-24T12:35:03.206+0000] {logging_mixin.py:188} INFO - [2025-11-24T12:35:03.205+0000] {dagbag.py:538} INFO - Filling up the DagBag from /opt/airflow/dags/dag_three.py
[2025-11-24T12:35:03.574+0000] {processor.py:840} INFO - DAG(s) 'duckdb_to_iceberg_bronze' retrieved from /opt/airflow/dags/dag_three.py
[2025-11-24T12:35:03.595+0000] {logging_mixin.py:188} INFO - [2025-11-24T12:35:03.594+0000] {dag.py:3036} INFO - Sync 1 DAGs
[2025-11-24T12:35:03.609+0000] {logging_mixin.py:188} INFO - [2025-11-24T12:35:03.609+0000] {dag.py:3823} INFO - Setting next_dagrun for duckdb_to_iceberg_bronze to None, run_after=None
[2025-11-24T12:35:03.641+0000] {processor.py:183} INFO - Processing /opt/airflow/dags/dag_three.py took 0.443 seconds
[2025-11-24T12:35:33.703+0000] {processor.py:161} INFO - Started process (PID=36993) to work on /opt/airflow/dags/dag_three.py
[2025-11-24T12:35:33.705+0000] {processor.py:830} INFO - Processing file /opt/airflow/dags/dag_three.py for tasks to queue
[2025-11-24T12:35:33.707+0000] {logging_mixin.py:188} INFO - [2025-11-24T12:35:33.706+0000] {dagbag.py:538} INFO - Filling up the DagBag from /opt/airflow/dags/dag_three.py
[2025-11-24T12:35:34.087+0000] {processor.py:840} INFO - DAG(s) 'duckdb_to_iceberg_bronze' retrieved from /opt/airflow/dags/dag_three.py
[2025-11-24T12:35:34.108+0000] {logging_mixin.py:188} INFO - [2025-11-24T12:35:34.108+0000] {dag.py:3036} INFO - Sync 1 DAGs
[2025-11-24T12:35:34.116+0000] {logging_mixin.py:188} INFO - [2025-11-24T12:35:34.116+0000] {dag.py:3823} INFO - Setting next_dagrun for duckdb_to_iceberg_bronze to None, run_after=None
[2025-11-24T12:35:34.141+0000] {processor.py:183} INFO - Processing /opt/airflow/dags/dag_three.py took 0.444 seconds
[2025-11-24T12:36:04.628+0000] {processor.py:161} INFO - Started process (PID=37079) to work on /opt/airflow/dags/dag_three.py
[2025-11-24T12:36:04.630+0000] {processor.py:830} INFO - Processing file /opt/airflow/dags/dag_three.py for tasks to queue
[2025-11-24T12:36:04.631+0000] {logging_mixin.py:188} INFO - [2025-11-24T12:36:04.631+0000] {dagbag.py:538} INFO - Filling up the DagBag from /opt/airflow/dags/dag_three.py
[2025-11-24T12:36:05.023+0000] {processor.py:840} INFO - DAG(s) 'duckdb_to_iceberg_bronze' retrieved from /opt/airflow/dags/dag_three.py
[2025-11-24T12:36:05.051+0000] {logging_mixin.py:188} INFO - [2025-11-24T12:36:05.050+0000] {dag.py:3036} INFO - Sync 1 DAGs
[2025-11-24T12:36:05.073+0000] {logging_mixin.py:188} INFO - [2025-11-24T12:36:05.072+0000] {dag.py:3823} INFO - Setting next_dagrun for duckdb_to_iceberg_bronze to None, run_after=None
[2025-11-24T12:36:05.118+0000] {processor.py:183} INFO - Processing /opt/airflow/dags/dag_three.py took 0.495 seconds
[2025-11-24T12:36:35.367+0000] {processor.py:161} INFO - Started process (PID=37165) to work on /opt/airflow/dags/dag_three.py
[2025-11-24T12:36:35.367+0000] {processor.py:830} INFO - Processing file /opt/airflow/dags/dag_three.py for tasks to queue
[2025-11-24T12:36:35.368+0000] {logging_mixin.py:188} INFO - [2025-11-24T12:36:35.368+0000] {dagbag.py:538} INFO - Filling up the DagBag from /opt/airflow/dags/dag_three.py
[2025-11-24T12:36:35.737+0000] {processor.py:840} INFO - DAG(s) 'duckdb_to_iceberg_bronze' retrieved from /opt/airflow/dags/dag_three.py
[2025-11-24T12:36:35.760+0000] {logging_mixin.py:188} INFO - [2025-11-24T12:36:35.760+0000] {dag.py:3036} INFO - Sync 1 DAGs
[2025-11-24T12:36:35.771+0000] {logging_mixin.py:188} INFO - [2025-11-24T12:36:35.771+0000] {dag.py:3823} INFO - Setting next_dagrun for duckdb_to_iceberg_bronze to None, run_after=None
[2025-11-24T12:36:35.806+0000] {processor.py:183} INFO - Processing /opt/airflow/dags/dag_three.py took 0.442 seconds
[2025-11-24T12:37:06.075+0000] {processor.py:161} INFO - Started process (PID=37251) to work on /opt/airflow/dags/dag_three.py
[2025-11-24T12:37:06.077+0000] {processor.py:830} INFO - Processing file /opt/airflow/dags/dag_three.py for tasks to queue
[2025-11-24T12:37:06.079+0000] {logging_mixin.py:188} INFO - [2025-11-24T12:37:06.078+0000] {dagbag.py:538} INFO - Filling up the DagBag from /opt/airflow/dags/dag_three.py
[2025-11-24T12:37:06.469+0000] {processor.py:840} INFO - DAG(s) 'duckdb_to_iceberg_bronze' retrieved from /opt/airflow/dags/dag_three.py
[2025-11-24T12:37:06.496+0000] {logging_mixin.py:188} INFO - [2025-11-24T12:37:06.495+0000] {dag.py:3036} INFO - Sync 1 DAGs
[2025-11-24T12:37:06.512+0000] {logging_mixin.py:188} INFO - [2025-11-24T12:37:06.511+0000] {dag.py:3823} INFO - Setting next_dagrun for duckdb_to_iceberg_bronze to None, run_after=None
[2025-11-24T12:37:06.540+0000] {processor.py:183} INFO - Processing /opt/airflow/dags/dag_three.py took 0.470 seconds
[2025-11-24T12:37:36.796+0000] {processor.py:161} INFO - Started process (PID=37337) to work on /opt/airflow/dags/dag_three.py
[2025-11-24T12:37:36.797+0000] {processor.py:830} INFO - Processing file /opt/airflow/dags/dag_three.py for tasks to queue
[2025-11-24T12:37:36.798+0000] {logging_mixin.py:188} INFO - [2025-11-24T12:37:36.797+0000] {dagbag.py:538} INFO - Filling up the DagBag from /opt/airflow/dags/dag_three.py
[2025-11-24T12:37:37.187+0000] {processor.py:840} INFO - DAG(s) 'duckdb_to_iceberg_bronze' retrieved from /opt/airflow/dags/dag_three.py
[2025-11-24T12:37:37.217+0000] {logging_mixin.py:188} INFO - [2025-11-24T12:37:37.217+0000] {dag.py:3036} INFO - Sync 1 DAGs
[2025-11-24T12:37:37.235+0000] {logging_mixin.py:188} INFO - [2025-11-24T12:37:37.235+0000] {dag.py:3823} INFO - Setting next_dagrun for duckdb_to_iceberg_bronze to None, run_after=None
[2025-11-24T12:37:37.255+0000] {processor.py:183} INFO - Processing /opt/airflow/dags/dag_three.py took 0.462 seconds
[2025-11-24T12:38:08.184+0000] {processor.py:161} INFO - Started process (PID=37443) to work on /opt/airflow/dags/dag_three.py
[2025-11-24T12:38:08.187+0000] {processor.py:830} INFO - Processing file /opt/airflow/dags/dag_three.py for tasks to queue
[2025-11-24T12:38:08.189+0000] {logging_mixin.py:188} INFO - [2025-11-24T12:38:08.188+0000] {dagbag.py:538} INFO - Filling up the DagBag from /opt/airflow/dags/dag_three.py
[2025-11-24T12:38:08.563+0000] {processor.py:840} INFO - DAG(s) 'duckdb_to_iceberg_bronze' retrieved from /opt/airflow/dags/dag_three.py
[2025-11-24T12:38:08.582+0000] {logging_mixin.py:188} INFO - [2025-11-24T12:38:08.582+0000] {dag.py:3036} INFO - Sync 1 DAGs
[2025-11-24T12:38:08.590+0000] {logging_mixin.py:188} INFO - [2025-11-24T12:38:08.590+0000] {dag.py:3823} INFO - Setting next_dagrun for duckdb_to_iceberg_bronze to None, run_after=None
[2025-11-24T12:38:08.615+0000] {processor.py:183} INFO - Processing /opt/airflow/dags/dag_three.py took 0.439 seconds
[2025-11-24T12:38:39.056+0000] {processor.py:161} INFO - Started process (PID=37529) to work on /opt/airflow/dags/dag_three.py
[2025-11-24T12:38:39.057+0000] {processor.py:830} INFO - Processing file /opt/airflow/dags/dag_three.py for tasks to queue
[2025-11-24T12:38:39.059+0000] {logging_mixin.py:188} INFO - [2025-11-24T12:38:39.059+0000] {dagbag.py:538} INFO - Filling up the DagBag from /opt/airflow/dags/dag_three.py
[2025-11-24T12:38:39.427+0000] {processor.py:840} INFO - DAG(s) 'duckdb_to_iceberg_bronze' retrieved from /opt/airflow/dags/dag_three.py
[2025-11-24T12:38:39.449+0000] {logging_mixin.py:188} INFO - [2025-11-24T12:38:39.449+0000] {dag.py:3036} INFO - Sync 1 DAGs
[2025-11-24T12:38:39.458+0000] {logging_mixin.py:188} INFO - [2025-11-24T12:38:39.457+0000] {dag.py:3823} INFO - Setting next_dagrun for duckdb_to_iceberg_bronze to None, run_after=None
[2025-11-24T12:38:39.473+0000] {processor.py:183} INFO - Processing /opt/airflow/dags/dag_three.py took 0.422 seconds
[2025-11-24T12:40:51.428+0000] {processor.py:161} INFO - Started process (PID=175) to work on /opt/airflow/dags/dag_three.py
[2025-11-24T12:40:51.429+0000] {processor.py:830} INFO - Processing file /opt/airflow/dags/dag_three.py for tasks to queue
[2025-11-24T12:40:51.430+0000] {logging_mixin.py:188} INFO - [2025-11-24T12:40:51.430+0000] {dagbag.py:538} INFO - Filling up the DagBag from /opt/airflow/dags/dag_three.py
[2025-11-24T12:40:51.984+0000] {processor.py:840} INFO - DAG(s) 'duckdb_to_iceberg_bronze' retrieved from /opt/airflow/dags/dag_three.py
[2025-11-24T12:40:52.044+0000] {logging_mixin.py:188} INFO - [2025-11-24T12:40:52.044+0000] {dag.py:3036} INFO - Sync 1 DAGs
[2025-11-24T12:40:52.064+0000] {logging_mixin.py:188} INFO - [2025-11-24T12:40:52.064+0000] {dag.py:3823} INFO - Setting next_dagrun for duckdb_to_iceberg_bronze to None, run_after=None
[2025-11-24T12:40:52.089+0000] {processor.py:183} INFO - Processing /opt/airflow/dags/dag_three.py took 0.665 seconds
[2025-11-24T12:41:22.741+0000] {processor.py:161} INFO - Started process (PID=261) to work on /opt/airflow/dags/dag_three.py
[2025-11-24T12:41:22.742+0000] {processor.py:830} INFO - Processing file /opt/airflow/dags/dag_three.py for tasks to queue
[2025-11-24T12:41:22.743+0000] {logging_mixin.py:188} INFO - [2025-11-24T12:41:22.742+0000] {dagbag.py:538} INFO - Filling up the DagBag from /opt/airflow/dags/dag_three.py
[2025-11-24T12:41:23.117+0000] {processor.py:840} INFO - DAG(s) 'duckdb_to_iceberg_bronze' retrieved from /opt/airflow/dags/dag_three.py
[2025-11-24T12:41:23.190+0000] {logging_mixin.py:188} INFO - [2025-11-24T12:41:23.189+0000] {dag.py:3036} INFO - Sync 1 DAGs
[2025-11-24T12:41:23.205+0000] {logging_mixin.py:188} INFO - [2025-11-24T12:41:23.205+0000] {dag.py:3823} INFO - Setting next_dagrun for duckdb_to_iceberg_bronze to None, run_after=None
[2025-11-24T12:41:23.243+0000] {processor.py:183} INFO - Processing /opt/airflow/dags/dag_three.py took 0.505 seconds
[2025-11-24T12:41:53.511+0000] {processor.py:161} INFO - Started process (PID=347) to work on /opt/airflow/dags/dag_three.py
[2025-11-24T12:41:53.513+0000] {processor.py:830} INFO - Processing file /opt/airflow/dags/dag_three.py for tasks to queue
[2025-11-24T12:41:53.515+0000] {logging_mixin.py:188} INFO - [2025-11-24T12:41:53.514+0000] {dagbag.py:538} INFO - Filling up the DagBag from /opt/airflow/dags/dag_three.py
[2025-11-24T12:41:53.917+0000] {processor.py:840} INFO - DAG(s) 'duckdb_to_iceberg_bronze' retrieved from /opt/airflow/dags/dag_three.py
[2025-11-24T12:41:53.942+0000] {logging_mixin.py:188} INFO - [2025-11-24T12:41:53.942+0000] {dag.py:3036} INFO - Sync 1 DAGs
[2025-11-24T12:41:53.951+0000] {logging_mixin.py:188} INFO - [2025-11-24T12:41:53.951+0000] {dag.py:3823} INFO - Setting next_dagrun for duckdb_to_iceberg_bronze to None, run_after=None
[2025-11-24T12:41:53.984+0000] {processor.py:183} INFO - Processing /opt/airflow/dags/dag_three.py took 0.480 seconds
[2025-11-24T12:42:24.241+0000] {processor.py:161} INFO - Started process (PID=454) to work on /opt/airflow/dags/dag_three.py
[2025-11-24T12:42:24.242+0000] {processor.py:830} INFO - Processing file /opt/airflow/dags/dag_three.py for tasks to queue
[2025-11-24T12:42:24.242+0000] {logging_mixin.py:188} INFO - [2025-11-24T12:42:24.242+0000] {dagbag.py:538} INFO - Filling up the DagBag from /opt/airflow/dags/dag_three.py
[2025-11-24T12:42:24.632+0000] {processor.py:840} INFO - DAG(s) 'duckdb_to_iceberg_bronze' retrieved from /opt/airflow/dags/dag_three.py
[2025-11-24T12:42:24.655+0000] {logging_mixin.py:188} INFO - [2025-11-24T12:42:24.655+0000] {dag.py:3036} INFO - Sync 1 DAGs
[2025-11-24T12:42:24.663+0000] {logging_mixin.py:188} INFO - [2025-11-24T12:42:24.663+0000] {dag.py:3823} INFO - Setting next_dagrun for duckdb_to_iceberg_bronze to None, run_after=None
[2025-11-24T12:42:24.677+0000] {processor.py:183} INFO - Processing /opt/airflow/dags/dag_three.py took 0.439 seconds
[2025-11-24T12:42:54.920+0000] {processor.py:161} INFO - Started process (PID=805) to work on /opt/airflow/dags/dag_three.py
[2025-11-24T12:42:54.921+0000] {processor.py:830} INFO - Processing file /opt/airflow/dags/dag_three.py for tasks to queue
[2025-11-24T12:42:54.922+0000] {logging_mixin.py:188} INFO - [2025-11-24T12:42:54.922+0000] {dagbag.py:538} INFO - Filling up the DagBag from /opt/airflow/dags/dag_three.py
[2025-11-24T12:42:55.301+0000] {processor.py:840} INFO - DAG(s) 'duckdb_to_iceberg_bronze' retrieved from /opt/airflow/dags/dag_three.py
[2025-11-24T12:42:55.322+0000] {logging_mixin.py:188} INFO - [2025-11-24T12:42:55.320+0000] {dag.py:3036} INFO - Sync 1 DAGs
[2025-11-24T12:42:55.330+0000] {logging_mixin.py:188} INFO - [2025-11-24T12:42:55.330+0000] {dag.py:3823} INFO - Setting next_dagrun for duckdb_to_iceberg_bronze to None, run_after=None
[2025-11-24T12:42:55.353+0000] {processor.py:183} INFO - Processing /opt/airflow/dags/dag_three.py took 0.438 seconds
[2025-11-24T12:43:25.643+0000] {processor.py:161} INFO - Started process (PID=942) to work on /opt/airflow/dags/dag_three.py
[2025-11-24T12:43:25.644+0000] {processor.py:830} INFO - Processing file /opt/airflow/dags/dag_three.py for tasks to queue
[2025-11-24T12:43:25.648+0000] {logging_mixin.py:188} INFO - [2025-11-24T12:43:25.647+0000] {dagbag.py:538} INFO - Filling up the DagBag from /opt/airflow/dags/dag_three.py
[2025-11-24T12:43:26.067+0000] {processor.py:840} INFO - DAG(s) 'duckdb_to_iceberg_bronze' retrieved from /opt/airflow/dags/dag_three.py
[2025-11-24T12:43:26.088+0000] {logging_mixin.py:188} INFO - [2025-11-24T12:43:26.088+0000] {dag.py:3036} INFO - Sync 1 DAGs
[2025-11-24T12:43:26.102+0000] {logging_mixin.py:188} INFO - [2025-11-24T12:43:26.101+0000] {dag.py:3823} INFO - Setting next_dagrun for duckdb_to_iceberg_bronze to None, run_after=None
[2025-11-24T12:43:26.150+0000] {processor.py:183} INFO - Processing /opt/airflow/dags/dag_three.py took 0.510 seconds
[2025-11-24T12:43:56.418+0000] {processor.py:161} INFO - Started process (PID=1028) to work on /opt/airflow/dags/dag_three.py
[2025-11-24T12:43:56.420+0000] {processor.py:830} INFO - Processing file /opt/airflow/dags/dag_three.py for tasks to queue
[2025-11-24T12:43:56.421+0000] {logging_mixin.py:188} INFO - [2025-11-24T12:43:56.421+0000] {dagbag.py:538} INFO - Filling up the DagBag from /opt/airflow/dags/dag_three.py
[2025-11-24T12:43:56.805+0000] {processor.py:840} INFO - DAG(s) 'duckdb_to_iceberg_bronze' retrieved from /opt/airflow/dags/dag_three.py
[2025-11-24T12:43:56.837+0000] {logging_mixin.py:188} INFO - [2025-11-24T12:43:56.835+0000] {dag.py:3036} INFO - Sync 1 DAGs
[2025-11-24T12:43:56.849+0000] {logging_mixin.py:188} INFO - [2025-11-24T12:43:56.849+0000] {dag.py:3823} INFO - Setting next_dagrun for duckdb_to_iceberg_bronze to None, run_after=None
[2025-11-24T12:43:56.866+0000] {processor.py:183} INFO - Processing /opt/airflow/dags/dag_three.py took 0.452 seconds
[2025-11-24T12:44:27.114+0000] {processor.py:161} INFO - Started process (PID=1114) to work on /opt/airflow/dags/dag_three.py
[2025-11-24T12:44:27.115+0000] {processor.py:830} INFO - Processing file /opt/airflow/dags/dag_three.py for tasks to queue
[2025-11-24T12:44:27.116+0000] {logging_mixin.py:188} INFO - [2025-11-24T12:44:27.116+0000] {dagbag.py:538} INFO - Filling up the DagBag from /opt/airflow/dags/dag_three.py
[2025-11-24T12:44:27.515+0000] {processor.py:840} INFO - DAG(s) 'duckdb_to_iceberg_bronze' retrieved from /opt/airflow/dags/dag_three.py
[2025-11-24T12:44:27.544+0000] {logging_mixin.py:188} INFO - [2025-11-24T12:44:27.543+0000] {dag.py:3036} INFO - Sync 1 DAGs
[2025-11-24T12:44:27.558+0000] {logging_mixin.py:188} INFO - [2025-11-24T12:44:27.557+0000] {dag.py:3823} INFO - Setting next_dagrun for duckdb_to_iceberg_bronze to None, run_after=None
[2025-11-24T12:44:27.573+0000] {processor.py:183} INFO - Processing /opt/airflow/dags/dag_three.py took 0.462 seconds
[2025-11-24T12:44:57.829+0000] {processor.py:161} INFO - Started process (PID=1200) to work on /opt/airflow/dags/dag_three.py
[2025-11-24T12:44:57.830+0000] {processor.py:830} INFO - Processing file /opt/airflow/dags/dag_three.py for tasks to queue
[2025-11-24T12:44:57.832+0000] {logging_mixin.py:188} INFO - [2025-11-24T12:44:57.831+0000] {dagbag.py:538} INFO - Filling up the DagBag from /opt/airflow/dags/dag_three.py
[2025-11-24T12:44:58.216+0000] {processor.py:840} INFO - DAG(s) 'duckdb_to_iceberg_bronze' retrieved from /opt/airflow/dags/dag_three.py
[2025-11-24T12:44:58.240+0000] {logging_mixin.py:188} INFO - [2025-11-24T12:44:58.239+0000] {dag.py:3036} INFO - Sync 1 DAGs
[2025-11-24T12:44:58.250+0000] {logging_mixin.py:188} INFO - [2025-11-24T12:44:58.250+0000] {dag.py:3823} INFO - Setting next_dagrun for duckdb_to_iceberg_bronze to None, run_after=None
[2025-11-24T12:44:58.282+0000] {processor.py:183} INFO - Processing /opt/airflow/dags/dag_three.py took 0.456 seconds
[2025-11-24T12:45:28.562+0000] {processor.py:161} INFO - Started process (PID=1286) to work on /opt/airflow/dags/dag_three.py
[2025-11-24T12:45:28.564+0000] {processor.py:830} INFO - Processing file /opt/airflow/dags/dag_three.py for tasks to queue
[2025-11-24T12:45:28.565+0000] {logging_mixin.py:188} INFO - [2025-11-24T12:45:28.565+0000] {dagbag.py:538} INFO - Filling up the DagBag from /opt/airflow/dags/dag_three.py
[2025-11-24T12:45:28.936+0000] {processor.py:840} INFO - DAG(s) 'duckdb_to_iceberg_bronze' retrieved from /opt/airflow/dags/dag_three.py
[2025-11-24T12:45:28.960+0000] {logging_mixin.py:188} INFO - [2025-11-24T12:45:28.959+0000] {dag.py:3036} INFO - Sync 1 DAGs
[2025-11-24T12:45:28.970+0000] {logging_mixin.py:188} INFO - [2025-11-24T12:45:28.970+0000] {dag.py:3823} INFO - Setting next_dagrun for duckdb_to_iceberg_bronze to None, run_after=None
[2025-11-24T12:45:28.995+0000] {processor.py:183} INFO - Processing /opt/airflow/dags/dag_three.py took 0.438 seconds
[2025-11-24T12:45:59.088+0000] {processor.py:161} INFO - Started process (PID=1392) to work on /opt/airflow/dags/dag_three.py
[2025-11-24T12:45:59.090+0000] {processor.py:830} INFO - Processing file /opt/airflow/dags/dag_three.py for tasks to queue
[2025-11-24T12:45:59.092+0000] {logging_mixin.py:188} INFO - [2025-11-24T12:45:59.092+0000] {dagbag.py:538} INFO - Filling up the DagBag from /opt/airflow/dags/dag_three.py
[2025-11-24T12:45:59.478+0000] {processor.py:840} INFO - DAG(s) 'duckdb_to_iceberg_bronze' retrieved from /opt/airflow/dags/dag_three.py
[2025-11-24T12:45:59.499+0000] {logging_mixin.py:188} INFO - [2025-11-24T12:45:59.498+0000] {dag.py:3036} INFO - Sync 1 DAGs
[2025-11-24T12:45:59.507+0000] {logging_mixin.py:188} INFO - [2025-11-24T12:45:59.507+0000] {dag.py:3823} INFO - Setting next_dagrun for duckdb_to_iceberg_bronze to None, run_after=None
[2025-11-24T12:45:59.533+0000] {processor.py:183} INFO - Processing /opt/airflow/dags/dag_three.py took 0.453 seconds
[2025-11-24T12:46:30.318+0000] {processor.py:161} INFO - Started process (PID=1478) to work on /opt/airflow/dags/dag_three.py
[2025-11-24T12:46:30.320+0000] {processor.py:830} INFO - Processing file /opt/airflow/dags/dag_three.py for tasks to queue
[2025-11-24T12:46:30.321+0000] {logging_mixin.py:188} INFO - [2025-11-24T12:46:30.321+0000] {dagbag.py:538} INFO - Filling up the DagBag from /opt/airflow/dags/dag_three.py
[2025-11-24T12:46:30.690+0000] {processor.py:840} INFO - DAG(s) 'duckdb_to_iceberg_bronze' retrieved from /opt/airflow/dags/dag_three.py
[2025-11-24T12:46:30.710+0000] {logging_mixin.py:188} INFO - [2025-11-24T12:46:30.710+0000] {dag.py:3036} INFO - Sync 1 DAGs
[2025-11-24T12:46:30.718+0000] {logging_mixin.py:188} INFO - [2025-11-24T12:46:30.718+0000] {dag.py:3823} INFO - Setting next_dagrun for duckdb_to_iceberg_bronze to None, run_after=None
[2025-11-24T12:46:30.740+0000] {processor.py:183} INFO - Processing /opt/airflow/dags/dag_three.py took 0.428 seconds
[2025-11-24T12:47:01.562+0000] {processor.py:161} INFO - Started process (PID=1564) to work on /opt/airflow/dags/dag_three.py
[2025-11-24T12:47:01.564+0000] {processor.py:830} INFO - Processing file /opt/airflow/dags/dag_three.py for tasks to queue
[2025-11-24T12:47:01.565+0000] {logging_mixin.py:188} INFO - [2025-11-24T12:47:01.564+0000] {dagbag.py:538} INFO - Filling up the DagBag from /opt/airflow/dags/dag_three.py
[2025-11-24T12:47:01.954+0000] {processor.py:840} INFO - DAG(s) 'duckdb_to_iceberg_bronze' retrieved from /opt/airflow/dags/dag_three.py
[2025-11-24T12:47:01.973+0000] {logging_mixin.py:188} INFO - [2025-11-24T12:47:01.973+0000] {dag.py:3036} INFO - Sync 1 DAGs
[2025-11-24T12:47:01.981+0000] {logging_mixin.py:188} INFO - [2025-11-24T12:47:01.981+0000] {dag.py:3823} INFO - Setting next_dagrun for duckdb_to_iceberg_bronze to None, run_after=None
[2025-11-24T12:47:02.007+0000] {processor.py:183} INFO - Processing /opt/airflow/dags/dag_three.py took 0.449 seconds
[2025-11-24T12:47:32.071+0000] {processor.py:161} INFO - Started process (PID=1650) to work on /opt/airflow/dags/dag_three.py
[2025-11-24T12:47:32.072+0000] {processor.py:830} INFO - Processing file /opt/airflow/dags/dag_three.py for tasks to queue
[2025-11-24T12:47:32.073+0000] {logging_mixin.py:188} INFO - [2025-11-24T12:47:32.073+0000] {dagbag.py:538} INFO - Filling up the DagBag from /opt/airflow/dags/dag_three.py
[2025-11-24T12:47:32.436+0000] {processor.py:840} INFO - DAG(s) 'duckdb_to_iceberg_bronze' retrieved from /opt/airflow/dags/dag_three.py
[2025-11-24T12:47:32.456+0000] {logging_mixin.py:188} INFO - [2025-11-24T12:47:32.455+0000] {dag.py:3036} INFO - Sync 1 DAGs
[2025-11-24T12:47:32.466+0000] {logging_mixin.py:188} INFO - [2025-11-24T12:47:32.465+0000] {dag.py:3823} INFO - Setting next_dagrun for duckdb_to_iceberg_bronze to None, run_after=None
[2025-11-24T12:47:32.491+0000] {processor.py:183} INFO - Processing /opt/airflow/dags/dag_three.py took 0.426 seconds
[2025-11-24T12:48:02.847+0000] {processor.py:161} INFO - Started process (PID=1765) to work on /opt/airflow/dags/dag_three.py
[2025-11-24T12:48:02.848+0000] {processor.py:830} INFO - Processing file /opt/airflow/dags/dag_three.py for tasks to queue
[2025-11-24T12:48:02.850+0000] {logging_mixin.py:188} INFO - [2025-11-24T12:48:02.849+0000] {dagbag.py:538} INFO - Filling up the DagBag from /opt/airflow/dags/dag_three.py
[2025-11-24T12:48:03.210+0000] {processor.py:840} INFO - DAG(s) 'duckdb_to_iceberg_bronze' retrieved from /opt/airflow/dags/dag_three.py
[2025-11-24T12:48:03.230+0000] {logging_mixin.py:188} INFO - [2025-11-24T12:48:03.230+0000] {dag.py:3036} INFO - Sync 1 DAGs
[2025-11-24T12:48:03.238+0000] {logging_mixin.py:188} INFO - [2025-11-24T12:48:03.238+0000] {dag.py:3823} INFO - Setting next_dagrun for duckdb_to_iceberg_bronze to None, run_after=None
[2025-11-24T12:48:03.262+0000] {processor.py:183} INFO - Processing /opt/airflow/dags/dag_three.py took 0.421 seconds
[2025-11-24T12:48:34.116+0000] {processor.py:161} INFO - Started process (PID=1848) to work on /opt/airflow/dags/dag_three.py
[2025-11-24T12:48:34.116+0000] {processor.py:830} INFO - Processing file /opt/airflow/dags/dag_three.py for tasks to queue
[2025-11-24T12:48:34.117+0000] {logging_mixin.py:188} INFO - [2025-11-24T12:48:34.117+0000] {dagbag.py:538} INFO - Filling up the DagBag from /opt/airflow/dags/dag_three.py
[2025-11-24T12:48:34.502+0000] {processor.py:840} INFO - DAG(s) 'duckdb_to_iceberg_bronze' retrieved from /opt/airflow/dags/dag_three.py
[2025-11-24T12:48:34.522+0000] {logging_mixin.py:188} INFO - [2025-11-24T12:48:34.522+0000] {dag.py:3036} INFO - Sync 1 DAGs
[2025-11-24T12:48:34.531+0000] {logging_mixin.py:188} INFO - [2025-11-24T12:48:34.531+0000] {dag.py:3823} INFO - Setting next_dagrun for duckdb_to_iceberg_bronze to None, run_after=None
[2025-11-24T12:48:34.567+0000] {processor.py:183} INFO - Processing /opt/airflow/dags/dag_three.py took 0.454 seconds
[2025-11-24T12:49:04.716+0000] {processor.py:161} INFO - Started process (PID=1913) to work on /opt/airflow/dags/dag_three.py
[2025-11-24T12:49:04.718+0000] {processor.py:830} INFO - Processing file /opt/airflow/dags/dag_three.py for tasks to queue
[2025-11-24T12:49:04.719+0000] {logging_mixin.py:188} INFO - [2025-11-24T12:49:04.719+0000] {dagbag.py:538} INFO - Filling up the DagBag from /opt/airflow/dags/dag_three.py
[2025-11-24T12:49:05.085+0000] {processor.py:840} INFO - DAG(s) 'duckdb_to_iceberg_bronze' retrieved from /opt/airflow/dags/dag_three.py
[2025-11-24T12:49:05.108+0000] {logging_mixin.py:188} INFO - [2025-11-24T12:49:05.106+0000] {dag.py:3036} INFO - Sync 1 DAGs
[2025-11-24T12:49:05.116+0000] {logging_mixin.py:188} INFO - [2025-11-24T12:49:05.116+0000] {dag.py:3823} INFO - Setting next_dagrun for duckdb_to_iceberg_bronze to None, run_after=None
[2025-11-24T12:49:05.139+0000] {processor.py:183} INFO - Processing /opt/airflow/dags/dag_three.py took 0.427 seconds
[2025-11-24T12:49:35.486+0000] {processor.py:161} INFO - Started process (PID=1999) to work on /opt/airflow/dags/dag_three.py
[2025-11-24T12:49:35.487+0000] {processor.py:830} INFO - Processing file /opt/airflow/dags/dag_three.py for tasks to queue
[2025-11-24T12:49:35.489+0000] {logging_mixin.py:188} INFO - [2025-11-24T12:49:35.488+0000] {dagbag.py:538} INFO - Filling up the DagBag from /opt/airflow/dags/dag_three.py
[2025-11-24T12:49:35.870+0000] {processor.py:840} INFO - DAG(s) 'duckdb_to_iceberg_bronze' retrieved from /opt/airflow/dags/dag_three.py
[2025-11-24T12:49:35.888+0000] {logging_mixin.py:188} INFO - [2025-11-24T12:49:35.888+0000] {dag.py:3036} INFO - Sync 1 DAGs
[2025-11-24T12:49:35.896+0000] {logging_mixin.py:188} INFO - [2025-11-24T12:49:35.896+0000] {dag.py:3823} INFO - Setting next_dagrun for duckdb_to_iceberg_bronze to None, run_after=None
[2025-11-24T12:49:35.910+0000] {processor.py:183} INFO - Processing /opt/airflow/dags/dag_three.py took 0.431 seconds
[2025-11-24T12:50:06.631+0000] {processor.py:161} INFO - Started process (PID=2085) to work on /opt/airflow/dags/dag_three.py
[2025-11-24T12:50:06.633+0000] {processor.py:830} INFO - Processing file /opt/airflow/dags/dag_three.py for tasks to queue
[2025-11-24T12:50:06.635+0000] {logging_mixin.py:188} INFO - [2025-11-24T12:50:06.635+0000] {dagbag.py:538} INFO - Filling up the DagBag from /opt/airflow/dags/dag_three.py
[2025-11-24T12:50:07.039+0000] {processor.py:840} INFO - DAG(s) 'duckdb_to_iceberg_bronze' retrieved from /opt/airflow/dags/dag_three.py
[2025-11-24T12:50:07.060+0000] {logging_mixin.py:188} INFO - [2025-11-24T12:50:07.060+0000] {dag.py:3036} INFO - Sync 1 DAGs
[2025-11-24T12:50:07.070+0000] {logging_mixin.py:188} INFO - [2025-11-24T12:50:07.070+0000] {dag.py:3823} INFO - Setting next_dagrun for duckdb_to_iceberg_bronze to None, run_after=None
[2025-11-24T12:50:07.104+0000] {processor.py:183} INFO - Processing /opt/airflow/dags/dag_three.py took 0.479 seconds
[2025-11-24T12:50:37.210+0000] {processor.py:161} INFO - Started process (PID=2171) to work on /opt/airflow/dags/dag_three.py
[2025-11-24T12:50:37.212+0000] {processor.py:830} INFO - Processing file /opt/airflow/dags/dag_three.py for tasks to queue
[2025-11-24T12:50:37.213+0000] {logging_mixin.py:188} INFO - [2025-11-24T12:50:37.213+0000] {dagbag.py:538} INFO - Filling up the DagBag from /opt/airflow/dags/dag_three.py
[2025-11-24T12:50:37.600+0000] {processor.py:840} INFO - DAG(s) 'duckdb_to_iceberg_bronze' retrieved from /opt/airflow/dags/dag_three.py
[2025-11-24T12:50:37.622+0000] {logging_mixin.py:188} INFO - [2025-11-24T12:50:37.622+0000] {dag.py:3036} INFO - Sync 1 DAGs
[2025-11-24T12:50:37.631+0000] {logging_mixin.py:188} INFO - [2025-11-24T12:50:37.631+0000] {dag.py:3823} INFO - Setting next_dagrun for duckdb_to_iceberg_bronze to None, run_after=None
[2025-11-24T12:50:37.665+0000] {processor.py:183} INFO - Processing /opt/airflow/dags/dag_three.py took 0.459 seconds
[2025-11-24T12:52:54.843+0000] {processor.py:161} INFO - Started process (PID=174) to work on /opt/airflow/dags/dag_three.py
[2025-11-24T12:52:54.844+0000] {processor.py:830} INFO - Processing file /opt/airflow/dags/dag_three.py for tasks to queue
[2025-11-24T12:52:54.845+0000] {logging_mixin.py:188} INFO - [2025-11-24T12:52:54.844+0000] {dagbag.py:538} INFO - Filling up the DagBag from /opt/airflow/dags/dag_three.py
[2025-11-24T12:52:55.402+0000] {processor.py:840} INFO - DAG(s) 'duckdb_to_iceberg_bronze' retrieved from /opt/airflow/dags/dag_three.py
[2025-11-24T12:52:55.473+0000] {logging_mixin.py:188} INFO - [2025-11-24T12:52:55.473+0000] {dag.py:3036} INFO - Sync 1 DAGs
[2025-11-24T12:52:55.489+0000] {logging_mixin.py:188} INFO - [2025-11-24T12:52:55.489+0000] {dag.py:3823} INFO - Setting next_dagrun for duckdb_to_iceberg_bronze to None, run_after=None
[2025-11-24T12:52:55.517+0000] {processor.py:183} INFO - Processing /opt/airflow/dags/dag_three.py took 0.678 seconds
[2025-11-24T12:53:26.091+0000] {processor.py:161} INFO - Started process (PID=301) to work on /opt/airflow/dags/dag_three.py
[2025-11-24T12:53:26.092+0000] {processor.py:830} INFO - Processing file /opt/airflow/dags/dag_three.py for tasks to queue
[2025-11-24T12:53:26.092+0000] {logging_mixin.py:188} INFO - [2025-11-24T12:53:26.092+0000] {dagbag.py:538} INFO - Filling up the DagBag from /opt/airflow/dags/dag_three.py
[2025-11-24T12:53:26.475+0000] {processor.py:840} INFO - DAG(s) 'duckdb_to_iceberg_bronze' retrieved from /opt/airflow/dags/dag_three.py
[2025-11-24T12:53:26.495+0000] {logging_mixin.py:188} INFO - [2025-11-24T12:53:26.494+0000] {dag.py:3036} INFO - Sync 1 DAGs
[2025-11-24T12:53:26.505+0000] {logging_mixin.py:188} INFO - [2025-11-24T12:53:26.504+0000] {dag.py:3823} INFO - Setting next_dagrun for duckdb_to_iceberg_bronze to None, run_after=None
[2025-11-24T12:53:26.531+0000] {processor.py:183} INFO - Processing /opt/airflow/dags/dag_three.py took 0.442 seconds
[2025-11-24T12:53:56.583+0000] {processor.py:161} INFO - Started process (PID=670) to work on /opt/airflow/dags/dag_three.py
[2025-11-24T12:53:56.584+0000] {processor.py:830} INFO - Processing file /opt/airflow/dags/dag_three.py for tasks to queue
[2025-11-24T12:53:56.585+0000] {logging_mixin.py:188} INFO - [2025-11-24T12:53:56.585+0000] {dagbag.py:538} INFO - Filling up the DagBag from /opt/airflow/dags/dag_three.py
[2025-11-24T12:53:56.993+0000] {processor.py:840} INFO - DAG(s) 'duckdb_to_iceberg_bronze' retrieved from /opt/airflow/dags/dag_three.py
[2025-11-24T12:53:57.073+0000] {logging_mixin.py:188} INFO - [2025-11-24T12:53:57.073+0000] {dag.py:3036} INFO - Sync 1 DAGs
[2025-11-24T12:53:57.085+0000] {logging_mixin.py:188} INFO - [2025-11-24T12:53:57.084+0000] {dag.py:3823} INFO - Setting next_dagrun for duckdb_to_iceberg_bronze to None, run_after=None
[2025-11-24T12:53:57.115+0000] {processor.py:183} INFO - Processing /opt/airflow/dags/dag_three.py took 0.534 seconds
[2025-11-24T12:54:27.190+0000] {processor.py:161} INFO - Started process (PID=789) to work on /opt/airflow/dags/dag_three.py
[2025-11-24T12:54:27.192+0000] {processor.py:830} INFO - Processing file /opt/airflow/dags/dag_three.py for tasks to queue
[2025-11-24T12:54:27.194+0000] {logging_mixin.py:188} INFO - [2025-11-24T12:54:27.193+0000] {dagbag.py:538} INFO - Filling up the DagBag from /opt/airflow/dags/dag_three.py
[2025-11-24T12:54:27.619+0000] {processor.py:840} INFO - DAG(s) 'duckdb_to_iceberg_bronze' retrieved from /opt/airflow/dags/dag_three.py
[2025-11-24T12:54:27.644+0000] {logging_mixin.py:188} INFO - [2025-11-24T12:54:27.643+0000] {dag.py:3036} INFO - Sync 1 DAGs
[2025-11-24T12:54:27.652+0000] {logging_mixin.py:188} INFO - [2025-11-24T12:54:27.652+0000] {dag.py:3823} INFO - Setting next_dagrun for duckdb_to_iceberg_bronze to None, run_after=None
[2025-11-24T12:54:27.678+0000] {processor.py:183} INFO - Processing /opt/airflow/dags/dag_three.py took 0.491 seconds
[2025-11-24T12:54:58.486+0000] {processor.py:161} INFO - Started process (PID=875) to work on /opt/airflow/dags/dag_three.py
[2025-11-24T12:54:58.488+0000] {processor.py:830} INFO - Processing file /opt/airflow/dags/dag_three.py for tasks to queue
[2025-11-24T12:54:58.488+0000] {logging_mixin.py:188} INFO - [2025-11-24T12:54:58.488+0000] {dagbag.py:538} INFO - Filling up the DagBag from /opt/airflow/dags/dag_three.py
[2025-11-24T12:54:58.871+0000] {processor.py:840} INFO - DAG(s) 'duckdb_to_iceberg_bronze' retrieved from /opt/airflow/dags/dag_three.py
[2025-11-24T12:54:58.891+0000] {logging_mixin.py:188} INFO - [2025-11-24T12:54:58.890+0000] {dag.py:3036} INFO - Sync 1 DAGs
[2025-11-24T12:54:58.900+0000] {logging_mixin.py:188} INFO - [2025-11-24T12:54:58.900+0000] {dag.py:3823} INFO - Setting next_dagrun for duckdb_to_iceberg_bronze to None, run_after=None
[2025-11-24T12:54:58.928+0000] {processor.py:183} INFO - Processing /opt/airflow/dags/dag_three.py took 0.450 seconds
[2025-11-24T12:55:29.257+0000] {processor.py:161} INFO - Started process (PID=961) to work on /opt/airflow/dags/dag_three.py
[2025-11-24T12:55:29.259+0000] {processor.py:830} INFO - Processing file /opt/airflow/dags/dag_three.py for tasks to queue
[2025-11-24T12:55:29.260+0000] {logging_mixin.py:188} INFO - [2025-11-24T12:55:29.260+0000] {dagbag.py:538} INFO - Filling up the DagBag from /opt/airflow/dags/dag_three.py
[2025-11-24T12:55:29.642+0000] {processor.py:840} INFO - DAG(s) 'duckdb_to_iceberg_bronze' retrieved from /opt/airflow/dags/dag_three.py
[2025-11-24T12:55:29.668+0000] {logging_mixin.py:188} INFO - [2025-11-24T12:55:29.668+0000] {dag.py:3036} INFO - Sync 1 DAGs
[2025-11-24T12:55:29.679+0000] {logging_mixin.py:188} INFO - [2025-11-24T12:55:29.679+0000] {dag.py:3823} INFO - Setting next_dagrun for duckdb_to_iceberg_bronze to None, run_after=None
[2025-11-24T12:55:29.704+0000] {processor.py:183} INFO - Processing /opt/airflow/dags/dag_three.py took 0.453 seconds
[2025-11-24T12:56:00.073+0000] {processor.py:161} INFO - Started process (PID=1047) to work on /opt/airflow/dags/dag_three.py
[2025-11-24T12:56:00.075+0000] {processor.py:830} INFO - Processing file /opt/airflow/dags/dag_three.py for tasks to queue
[2025-11-24T12:56:00.077+0000] {logging_mixin.py:188} INFO - [2025-11-24T12:56:00.076+0000] {dagbag.py:538} INFO - Filling up the DagBag from /opt/airflow/dags/dag_three.py
[2025-11-24T12:56:00.483+0000] {processor.py:840} INFO - DAG(s) 'duckdb_to_iceberg_bronze' retrieved from /opt/airflow/dags/dag_three.py
[2025-11-24T12:56:00.507+0000] {logging_mixin.py:188} INFO - [2025-11-24T12:56:00.506+0000] {dag.py:3036} INFO - Sync 1 DAGs
[2025-11-24T12:56:00.517+0000] {logging_mixin.py:188} INFO - [2025-11-24T12:56:00.517+0000] {dag.py:3823} INFO - Setting next_dagrun for duckdb_to_iceberg_bronze to None, run_after=None
[2025-11-24T12:56:00.532+0000] {processor.py:183} INFO - Processing /opt/airflow/dags/dag_three.py took 0.463 seconds
[2025-11-24T12:56:30.611+0000] {processor.py:161} INFO - Started process (PID=1133) to work on /opt/airflow/dags/dag_three.py
[2025-11-24T12:56:30.613+0000] {processor.py:830} INFO - Processing file /opt/airflow/dags/dag_three.py for tasks to queue
[2025-11-24T12:56:30.615+0000] {logging_mixin.py:188} INFO - [2025-11-24T12:56:30.614+0000] {dagbag.py:538} INFO - Filling up the DagBag from /opt/airflow/dags/dag_three.py
[2025-11-24T12:56:30.997+0000] {processor.py:840} INFO - DAG(s) 'duckdb_to_iceberg_bronze' retrieved from /opt/airflow/dags/dag_three.py
[2025-11-24T12:56:31.020+0000] {logging_mixin.py:188} INFO - [2025-11-24T12:56:31.020+0000] {dag.py:3036} INFO - Sync 1 DAGs
[2025-11-24T12:56:31.029+0000] {logging_mixin.py:188} INFO - [2025-11-24T12:56:31.029+0000] {dag.py:3823} INFO - Setting next_dagrun for duckdb_to_iceberg_bronze to None, run_after=None
[2025-11-24T12:56:31.041+0000] {processor.py:183} INFO - Processing /opt/airflow/dags/dag_three.py took 0.437 seconds
[2025-11-24T12:57:01.752+0000] {processor.py:161} INFO - Started process (PID=1219) to work on /opt/airflow/dags/dag_three.py
[2025-11-24T12:57:01.753+0000] {processor.py:830} INFO - Processing file /opt/airflow/dags/dag_three.py for tasks to queue
[2025-11-24T12:57:01.755+0000] {logging_mixin.py:188} INFO - [2025-11-24T12:57:01.754+0000] {dagbag.py:538} INFO - Filling up the DagBag from /opt/airflow/dags/dag_three.py
[2025-11-24T12:57:02.140+0000] {processor.py:840} INFO - DAG(s) 'duckdb_to_iceberg_bronze' retrieved from /opt/airflow/dags/dag_three.py
[2025-11-24T12:57:02.164+0000] {logging_mixin.py:188} INFO - [2025-11-24T12:57:02.164+0000] {dag.py:3036} INFO - Sync 1 DAGs
[2025-11-24T12:57:02.173+0000] {logging_mixin.py:188} INFO - [2025-11-24T12:57:02.173+0000] {dag.py:3823} INFO - Setting next_dagrun for duckdb_to_iceberg_bronze to None, run_after=None
[2025-11-24T12:57:02.185+0000] {processor.py:183} INFO - Processing /opt/airflow/dags/dag_three.py took 0.439 seconds
[2025-11-24T12:57:32.379+0000] {processor.py:161} INFO - Started process (PID=1305) to work on /opt/airflow/dags/dag_three.py
[2025-11-24T12:57:32.395+0000] {processor.py:830} INFO - Processing file /opt/airflow/dags/dag_three.py for tasks to queue
[2025-11-24T12:57:32.401+0000] {logging_mixin.py:188} INFO - [2025-11-24T12:57:32.400+0000] {dagbag.py:538} INFO - Filling up the DagBag from /opt/airflow/dags/dag_three.py
[2025-11-24T12:57:32.802+0000] {processor.py:840} INFO - DAG(s) 'duckdb_to_iceberg_bronze' retrieved from /opt/airflow/dags/dag_three.py
[2025-11-24T12:57:32.826+0000] {logging_mixin.py:188} INFO - [2025-11-24T12:57:32.825+0000] {dag.py:3036} INFO - Sync 1 DAGs
[2025-11-24T12:57:32.847+0000] {logging_mixin.py:188} INFO - [2025-11-24T12:57:32.846+0000] {dag.py:3823} INFO - Setting next_dagrun for duckdb_to_iceberg_bronze to None, run_after=None
[2025-11-24T12:57:32.884+0000] {processor.py:183} INFO - Processing /opt/airflow/dags/dag_three.py took 0.512 seconds
[2025-11-24T12:58:03.167+0000] {processor.py:161} INFO - Started process (PID=1391) to work on /opt/airflow/dags/dag_three.py
[2025-11-24T12:58:03.169+0000] {processor.py:830} INFO - Processing file /opt/airflow/dags/dag_three.py for tasks to queue
[2025-11-24T12:58:03.170+0000] {logging_mixin.py:188} INFO - [2025-11-24T12:58:03.170+0000] {dagbag.py:538} INFO - Filling up the DagBag from /opt/airflow/dags/dag_three.py
[2025-11-24T12:58:03.538+0000] {processor.py:840} INFO - DAG(s) 'duckdb_to_iceberg_bronze' retrieved from /opt/airflow/dags/dag_three.py
[2025-11-24T12:58:03.570+0000] {logging_mixin.py:188} INFO - [2025-11-24T12:58:03.570+0000] {dag.py:3036} INFO - Sync 1 DAGs
[2025-11-24T12:58:03.587+0000] {logging_mixin.py:188} INFO - [2025-11-24T12:58:03.587+0000] {dag.py:3823} INFO - Setting next_dagrun for duckdb_to_iceberg_bronze to None, run_after=None
[2025-11-24T12:58:03.622+0000] {processor.py:183} INFO - Processing /opt/airflow/dags/dag_three.py took 0.459 seconds
[2025-11-24T13:00:21.057+0000] {processor.py:161} INFO - Started process (PID=174) to work on /opt/airflow/dags/dag_three.py
[2025-11-24T13:00:21.059+0000] {processor.py:830} INFO - Processing file /opt/airflow/dags/dag_three.py for tasks to queue
[2025-11-24T13:00:21.061+0000] {logging_mixin.py:188} INFO - [2025-11-24T13:00:21.060+0000] {dagbag.py:538} INFO - Filling up the DagBag from /opt/airflow/dags/dag_three.py
[2025-11-24T13:00:21.681+0000] {processor.py:840} INFO - DAG(s) 'duckdb_to_iceberg_bronze' retrieved from /opt/airflow/dags/dag_three.py
[2025-11-24T13:00:21.713+0000] {logging_mixin.py:188} INFO - [2025-11-24T13:00:21.712+0000] {dag.py:3036} INFO - Sync 1 DAGs
[2025-11-24T13:00:21.732+0000] {logging_mixin.py:188} INFO - [2025-11-24T13:00:21.732+0000] {dag.py:3823} INFO - Setting next_dagrun for duckdb_to_iceberg_bronze to None, run_after=None
[2025-11-24T13:00:21.771+0000] {processor.py:183} INFO - Processing /opt/airflow/dags/dag_three.py took 0.720 seconds
[2025-11-24T13:00:52.351+0000] {processor.py:161} INFO - Started process (PID=333) to work on /opt/airflow/dags/dag_three.py
[2025-11-24T13:00:52.352+0000] {processor.py:830} INFO - Processing file /opt/airflow/dags/dag_three.py for tasks to queue
[2025-11-24T13:00:52.353+0000] {logging_mixin.py:188} INFO - [2025-11-24T13:00:52.353+0000] {dagbag.py:538} INFO - Filling up the DagBag from /opt/airflow/dags/dag_three.py
[2025-11-24T13:00:52.867+0000] {processor.py:840} INFO - DAG(s) 'duckdb_to_iceberg_bronze' retrieved from /opt/airflow/dags/dag_three.py
[2025-11-24T13:00:52.941+0000] {logging_mixin.py:188} INFO - [2025-11-24T13:00:52.940+0000] {dag.py:3036} INFO - Sync 1 DAGs
[2025-11-24T13:00:52.948+0000] {logging_mixin.py:188} INFO - [2025-11-24T13:00:52.948+0000] {dag.py:3823} INFO - Setting next_dagrun for duckdb_to_iceberg_bronze to None, run_after=None
[2025-11-24T13:00:52.963+0000] {processor.py:183} INFO - Processing /opt/airflow/dags/dag_three.py took 0.616 seconds
[2025-11-24T13:01:23.205+0000] {processor.py:161} INFO - Started process (PID=662) to work on /opt/airflow/dags/dag_three.py
[2025-11-24T13:01:23.207+0000] {processor.py:830} INFO - Processing file /opt/airflow/dags/dag_three.py for tasks to queue
[2025-11-24T13:01:23.210+0000] {logging_mixin.py:188} INFO - [2025-11-24T13:01:23.209+0000] {dagbag.py:538} INFO - Filling up the DagBag from /opt/airflow/dags/dag_three.py
[2025-11-24T13:01:23.682+0000] {processor.py:840} INFO - DAG(s) 'duckdb_to_iceberg_bronze' retrieved from /opt/airflow/dags/dag_three.py
[2025-11-24T13:01:23.704+0000] {logging_mixin.py:188} INFO - [2025-11-24T13:01:23.704+0000] {dag.py:3036} INFO - Sync 1 DAGs
[2025-11-24T13:01:23.713+0000] {logging_mixin.py:188} INFO - [2025-11-24T13:01:23.713+0000] {dag.py:3823} INFO - Setting next_dagrun for duckdb_to_iceberg_bronze to None, run_after=None
[2025-11-24T13:01:23.742+0000] {processor.py:183} INFO - Processing /opt/airflow/dags/dag_three.py took 0.542 seconds
[2025-11-24T13:01:53.927+0000] {processor.py:161} INFO - Started process (PID=839) to work on /opt/airflow/dags/dag_three.py
[2025-11-24T13:01:53.929+0000] {processor.py:830} INFO - Processing file /opt/airflow/dags/dag_three.py for tasks to queue
[2025-11-24T13:01:53.931+0000] {logging_mixin.py:188} INFO - [2025-11-24T13:01:53.930+0000] {dagbag.py:538} INFO - Filling up the DagBag from /opt/airflow/dags/dag_three.py
[2025-11-24T13:01:54.330+0000] {processor.py:840} INFO - DAG(s) 'duckdb_to_iceberg_bronze' retrieved from /opt/airflow/dags/dag_three.py
[2025-11-24T13:01:54.364+0000] {logging_mixin.py:188} INFO - [2025-11-24T13:01:54.363+0000] {dag.py:3036} INFO - Sync 1 DAGs
[2025-11-24T13:01:54.387+0000] {logging_mixin.py:188} INFO - [2025-11-24T13:01:54.387+0000] {dag.py:3823} INFO - Setting next_dagrun for duckdb_to_iceberg_bronze to None, run_after=None
[2025-11-24T13:01:54.420+0000] {processor.py:183} INFO - Processing /opt/airflow/dags/dag_three.py took 0.500 seconds
[2025-11-24T13:02:25.131+0000] {processor.py:161} INFO - Started process (PID=925) to work on /opt/airflow/dags/dag_three.py
[2025-11-24T13:02:25.133+0000] {processor.py:830} INFO - Processing file /opt/airflow/dags/dag_three.py for tasks to queue
[2025-11-24T13:02:25.135+0000] {logging_mixin.py:188} INFO - [2025-11-24T13:02:25.134+0000] {dagbag.py:538} INFO - Filling up the DagBag from /opt/airflow/dags/dag_three.py
[2025-11-24T13:02:25.516+0000] {processor.py:840} INFO - DAG(s) 'duckdb_to_iceberg_bronze' retrieved from /opt/airflow/dags/dag_three.py
[2025-11-24T13:02:25.539+0000] {logging_mixin.py:188} INFO - [2025-11-24T13:02:25.537+0000] {dag.py:3036} INFO - Sync 1 DAGs
[2025-11-24T13:02:25.550+0000] {logging_mixin.py:188} INFO - [2025-11-24T13:02:25.549+0000] {dag.py:3823} INFO - Setting next_dagrun for duckdb_to_iceberg_bronze to None, run_after=None
[2025-11-24T13:02:25.589+0000] {processor.py:183} INFO - Processing /opt/airflow/dags/dag_three.py took 0.464 seconds
[2025-11-24T13:02:55.874+0000] {processor.py:161} INFO - Started process (PID=1011) to work on /opt/airflow/dags/dag_three.py
[2025-11-24T13:02:55.876+0000] {processor.py:830} INFO - Processing file /opt/airflow/dags/dag_three.py for tasks to queue
[2025-11-24T13:02:55.877+0000] {logging_mixin.py:188} INFO - [2025-11-24T13:02:55.877+0000] {dagbag.py:538} INFO - Filling up the DagBag from /opt/airflow/dags/dag_three.py
[2025-11-24T13:02:56.254+0000] {processor.py:840} INFO - DAG(s) 'duckdb_to_iceberg_bronze' retrieved from /opt/airflow/dags/dag_three.py
[2025-11-24T13:02:56.280+0000] {logging_mixin.py:188} INFO - [2025-11-24T13:02:56.280+0000] {dag.py:3036} INFO - Sync 1 DAGs
[2025-11-24T13:02:56.295+0000] {logging_mixin.py:188} INFO - [2025-11-24T13:02:56.294+0000] {dag.py:3823} INFO - Setting next_dagrun for duckdb_to_iceberg_bronze to None, run_after=None
[2025-11-24T13:02:56.330+0000] {processor.py:183} INFO - Processing /opt/airflow/dags/dag_three.py took 0.463 seconds
[2025-11-24T13:03:26.618+0000] {processor.py:161} INFO - Started process (PID=1097) to work on /opt/airflow/dags/dag_three.py
[2025-11-24T13:03:26.619+0000] {processor.py:830} INFO - Processing file /opt/airflow/dags/dag_three.py for tasks to queue
[2025-11-24T13:03:26.620+0000] {logging_mixin.py:188} INFO - [2025-11-24T13:03:26.620+0000] {dagbag.py:538} INFO - Filling up the DagBag from /opt/airflow/dags/dag_three.py
[2025-11-24T13:03:26.988+0000] {processor.py:840} INFO - DAG(s) 'duckdb_to_iceberg_bronze' retrieved from /opt/airflow/dags/dag_three.py
[2025-11-24T13:03:27.013+0000] {logging_mixin.py:188} INFO - [2025-11-24T13:03:27.013+0000] {dag.py:3036} INFO - Sync 1 DAGs
[2025-11-24T13:03:27.035+0000] {logging_mixin.py:188} INFO - [2025-11-24T13:03:27.034+0000] {dag.py:3823} INFO - Setting next_dagrun for duckdb_to_iceberg_bronze to None, run_after=None
[2025-11-24T13:03:27.098+0000] {processor.py:183} INFO - Processing /opt/airflow/dags/dag_three.py took 0.483 seconds
[2025-11-24T13:03:57.367+0000] {processor.py:161} INFO - Started process (PID=1183) to work on /opt/airflow/dags/dag_three.py
[2025-11-24T13:03:57.369+0000] {processor.py:830} INFO - Processing file /opt/airflow/dags/dag_three.py for tasks to queue
[2025-11-24T13:03:57.371+0000] {logging_mixin.py:188} INFO - [2025-11-24T13:03:57.371+0000] {dagbag.py:538} INFO - Filling up the DagBag from /opt/airflow/dags/dag_three.py
[2025-11-24T13:03:57.747+0000] {processor.py:840} INFO - DAG(s) 'duckdb_to_iceberg_bronze' retrieved from /opt/airflow/dags/dag_three.py
[2025-11-24T13:03:57.771+0000] {logging_mixin.py:188} INFO - [2025-11-24T13:03:57.770+0000] {dag.py:3036} INFO - Sync 1 DAGs
[2025-11-24T13:03:57.780+0000] {logging_mixin.py:188} INFO - [2025-11-24T13:03:57.780+0000] {dag.py:3823} INFO - Setting next_dagrun for duckdb_to_iceberg_bronze to None, run_after=None
[2025-11-24T13:03:57.803+0000] {processor.py:183} INFO - Processing /opt/airflow/dags/dag_three.py took 0.446 seconds
[2025-11-24T13:04:28.629+0000] {processor.py:161} INFO - Started process (PID=1269) to work on /opt/airflow/dags/dag_three.py
[2025-11-24T13:04:28.630+0000] {processor.py:830} INFO - Processing file /opt/airflow/dags/dag_three.py for tasks to queue
[2025-11-24T13:04:28.631+0000] {logging_mixin.py:188} INFO - [2025-11-24T13:04:28.631+0000] {dagbag.py:538} INFO - Filling up the DagBag from /opt/airflow/dags/dag_three.py
[2025-11-24T13:04:29.015+0000] {processor.py:840} INFO - DAG(s) 'duckdb_to_iceberg_bronze' retrieved from /opt/airflow/dags/dag_three.py
[2025-11-24T13:04:29.036+0000] {logging_mixin.py:188} INFO - [2025-11-24T13:04:29.036+0000] {dag.py:3036} INFO - Sync 1 DAGs
[2025-11-24T13:04:29.047+0000] {logging_mixin.py:188} INFO - [2025-11-24T13:04:29.047+0000] {dag.py:3823} INFO - Setting next_dagrun for duckdb_to_iceberg_bronze to None, run_after=None
[2025-11-24T13:04:29.070+0000] {processor.py:183} INFO - Processing /opt/airflow/dags/dag_three.py took 0.447 seconds
[2025-11-24T13:04:59.835+0000] {processor.py:161} INFO - Started process (PID=1355) to work on /opt/airflow/dags/dag_three.py
[2025-11-24T13:04:59.837+0000] {processor.py:830} INFO - Processing file /opt/airflow/dags/dag_three.py for tasks to queue
[2025-11-24T13:04:59.838+0000] {logging_mixin.py:188} INFO - [2025-11-24T13:04:59.838+0000] {dagbag.py:538} INFO - Filling up the DagBag from /opt/airflow/dags/dag_three.py
[2025-11-24T13:05:00.212+0000] {processor.py:840} INFO - DAG(s) 'duckdb_to_iceberg_bronze' retrieved from /opt/airflow/dags/dag_three.py
[2025-11-24T13:05:00.239+0000] {logging_mixin.py:188} INFO - [2025-11-24T13:05:00.238+0000] {dag.py:3036} INFO - Sync 1 DAGs
[2025-11-24T13:05:00.249+0000] {logging_mixin.py:188} INFO - [2025-11-24T13:05:00.249+0000] {dag.py:3823} INFO - Setting next_dagrun for duckdb_to_iceberg_bronze to None, run_after=None
[2025-11-24T13:05:00.272+0000] {processor.py:183} INFO - Processing /opt/airflow/dags/dag_three.py took 0.441 seconds
[2025-11-24T13:05:31.076+0000] {processor.py:161} INFO - Started process (PID=1441) to work on /opt/airflow/dags/dag_three.py
[2025-11-24T13:05:31.077+0000] {processor.py:830} INFO - Processing file /opt/airflow/dags/dag_three.py for tasks to queue
[2025-11-24T13:05:31.079+0000] {logging_mixin.py:188} INFO - [2025-11-24T13:05:31.078+0000] {dagbag.py:538} INFO - Filling up the DagBag from /opt/airflow/dags/dag_three.py
[2025-11-24T13:05:31.452+0000] {processor.py:840} INFO - DAG(s) 'duckdb_to_iceberg_bronze' retrieved from /opt/airflow/dags/dag_three.py
[2025-11-24T13:05:31.472+0000] {logging_mixin.py:188} INFO - [2025-11-24T13:05:31.471+0000] {dag.py:3036} INFO - Sync 1 DAGs
[2025-11-24T13:05:31.482+0000] {logging_mixin.py:188} INFO - [2025-11-24T13:05:31.482+0000] {dag.py:3823} INFO - Setting next_dagrun for duckdb_to_iceberg_bronze to None, run_after=None
[2025-11-24T13:05:31.511+0000] {processor.py:183} INFO - Processing /opt/airflow/dags/dag_three.py took 0.442 seconds
[2025-11-24T13:06:02.257+0000] {processor.py:161} INFO - Started process (PID=1546) to work on /opt/airflow/dags/dag_three.py
[2025-11-24T13:06:02.258+0000] {processor.py:830} INFO - Processing file /opt/airflow/dags/dag_three.py for tasks to queue
[2025-11-24T13:06:02.259+0000] {logging_mixin.py:188} INFO - [2025-11-24T13:06:02.258+0000] {dagbag.py:538} INFO - Filling up the DagBag from /opt/airflow/dags/dag_three.py
[2025-11-24T13:06:02.656+0000] {processor.py:840} INFO - DAG(s) 'duckdb_to_iceberg_bronze' retrieved from /opt/airflow/dags/dag_three.py
[2025-11-24T13:06:02.682+0000] {logging_mixin.py:188} INFO - [2025-11-24T13:06:02.681+0000] {dag.py:3036} INFO - Sync 1 DAGs
[2025-11-24T13:06:02.692+0000] {logging_mixin.py:188} INFO - [2025-11-24T13:06:02.692+0000] {dag.py:3823} INFO - Setting next_dagrun for duckdb_to_iceberg_bronze to None, run_after=None
[2025-11-24T13:06:02.711+0000] {processor.py:183} INFO - Processing /opt/airflow/dags/dag_three.py took 0.460 seconds
[2025-11-24T13:06:33.178+0000] {processor.py:161} INFO - Started process (PID=1642) to work on /opt/airflow/dags/dag_three.py
[2025-11-24T13:06:33.180+0000] {processor.py:830} INFO - Processing file /opt/airflow/dags/dag_three.py for tasks to queue
[2025-11-24T13:06:33.181+0000] {logging_mixin.py:188} INFO - [2025-11-24T13:06:33.181+0000] {dagbag.py:538} INFO - Filling up the DagBag from /opt/airflow/dags/dag_three.py
[2025-11-24T13:06:33.564+0000] {processor.py:840} INFO - DAG(s) 'duckdb_to_iceberg_bronze' retrieved from /opt/airflow/dags/dag_three.py
[2025-11-24T13:06:33.585+0000] {logging_mixin.py:188} INFO - [2025-11-24T13:06:33.584+0000] {dag.py:3036} INFO - Sync 1 DAGs
[2025-11-24T13:06:33.598+0000] {logging_mixin.py:188} INFO - [2025-11-24T13:06:33.597+0000] {dag.py:3823} INFO - Setting next_dagrun for duckdb_to_iceberg_bronze to None, run_after=None
[2025-11-24T13:06:33.627+0000] {processor.py:183} INFO - Processing /opt/airflow/dags/dag_three.py took 0.455 seconds
[2025-11-24T13:07:04.063+0000] {processor.py:161} INFO - Started process (PID=1728) to work on /opt/airflow/dags/dag_three.py
[2025-11-24T13:07:04.065+0000] {processor.py:830} INFO - Processing file /opt/airflow/dags/dag_three.py for tasks to queue
[2025-11-24T13:07:04.066+0000] {logging_mixin.py:188} INFO - [2025-11-24T13:07:04.066+0000] {dagbag.py:538} INFO - Filling up the DagBag from /opt/airflow/dags/dag_three.py
[2025-11-24T13:07:04.509+0000] {processor.py:840} INFO - DAG(s) 'duckdb_to_iceberg_bronze' retrieved from /opt/airflow/dags/dag_three.py
[2025-11-24T13:07:04.528+0000] {logging_mixin.py:188} INFO - [2025-11-24T13:07:04.527+0000] {dag.py:3036} INFO - Sync 1 DAGs
[2025-11-24T13:07:04.537+0000] {logging_mixin.py:188} INFO - [2025-11-24T13:07:04.537+0000] {dag.py:3823} INFO - Setting next_dagrun for duckdb_to_iceberg_bronze to None, run_after=None
[2025-11-24T13:07:04.562+0000] {processor.py:183} INFO - Processing /opt/airflow/dags/dag_three.py took 0.505 seconds
[2025-11-24T13:07:34.949+0000] {processor.py:161} INFO - Started process (PID=1814) to work on /opt/airflow/dags/dag_three.py
[2025-11-24T13:07:34.950+0000] {processor.py:830} INFO - Processing file /opt/airflow/dags/dag_three.py for tasks to queue
[2025-11-24T13:07:34.951+0000] {logging_mixin.py:188} INFO - [2025-11-24T13:07:34.951+0000] {dagbag.py:538} INFO - Filling up the DagBag from /opt/airflow/dags/dag_three.py
[2025-11-24T13:07:35.402+0000] {processor.py:840} INFO - DAG(s) 'duckdb_to_iceberg_bronze' retrieved from /opt/airflow/dags/dag_three.py
[2025-11-24T13:07:35.430+0000] {logging_mixin.py:188} INFO - [2025-11-24T13:07:35.430+0000] {dag.py:3036} INFO - Sync 1 DAGs
[2025-11-24T13:07:35.440+0000] {logging_mixin.py:188} INFO - [2025-11-24T13:07:35.440+0000] {dag.py:3823} INFO - Setting next_dagrun for duckdb_to_iceberg_bronze to None, run_after=None
[2025-11-24T13:07:35.457+0000] {processor.py:183} INFO - Processing /opt/airflow/dags/dag_three.py took 0.512 seconds
[2025-11-24T13:08:05.699+0000] {processor.py:161} INFO - Started process (PID=1876) to work on /opt/airflow/dags/dag_three.py
[2025-11-24T13:08:05.701+0000] {processor.py:830} INFO - Processing file /opt/airflow/dags/dag_three.py for tasks to queue
[2025-11-24T13:08:05.704+0000] {logging_mixin.py:188} INFO - [2025-11-24T13:08:05.703+0000] {dagbag.py:538} INFO - Filling up the DagBag from /opt/airflow/dags/dag_three.py
[2025-11-24T13:08:06.085+0000] {processor.py:840} INFO - DAG(s) 'duckdb_to_iceberg_bronze' retrieved from /opt/airflow/dags/dag_three.py
[2025-11-24T13:08:06.108+0000] {logging_mixin.py:188} INFO - [2025-11-24T13:08:06.108+0000] {dag.py:3036} INFO - Sync 1 DAGs
[2025-11-24T13:08:06.120+0000] {logging_mixin.py:188} INFO - [2025-11-24T13:08:06.120+0000] {dag.py:3823} INFO - Setting next_dagrun for duckdb_to_iceberg_bronze to None, run_after=None
[2025-11-24T13:08:06.151+0000] {processor.py:183} INFO - Processing /opt/airflow/dags/dag_three.py took 0.458 seconds
[2025-11-24T13:08:36.438+0000] {processor.py:161} INFO - Started process (PID=1962) to work on /opt/airflow/dags/dag_three.py
[2025-11-24T13:08:36.440+0000] {processor.py:830} INFO - Processing file /opt/airflow/dags/dag_three.py for tasks to queue
[2025-11-24T13:08:36.441+0000] {logging_mixin.py:188} INFO - [2025-11-24T13:08:36.441+0000] {dagbag.py:538} INFO - Filling up the DagBag from /opt/airflow/dags/dag_three.py
[2025-11-24T13:08:36.837+0000] {processor.py:840} INFO - DAG(s) 'duckdb_to_iceberg_bronze' retrieved from /opt/airflow/dags/dag_three.py
[2025-11-24T13:08:36.858+0000] {logging_mixin.py:188} INFO - [2025-11-24T13:08:36.856+0000] {dag.py:3036} INFO - Sync 1 DAGs
[2025-11-24T13:08:36.877+0000] {logging_mixin.py:188} INFO - [2025-11-24T13:08:36.877+0000] {dag.py:3823} INFO - Setting next_dagrun for duckdb_to_iceberg_bronze to None, run_after=None
[2025-11-24T13:08:36.907+0000] {processor.py:183} INFO - Processing /opt/airflow/dags/dag_three.py took 0.472 seconds
[2025-11-24T13:09:07.188+0000] {processor.py:161} INFO - Started process (PID=2048) to work on /opt/airflow/dags/dag_three.py
[2025-11-24T13:09:07.190+0000] {processor.py:830} INFO - Processing file /opt/airflow/dags/dag_three.py for tasks to queue
[2025-11-24T13:09:07.191+0000] {logging_mixin.py:188} INFO - [2025-11-24T13:09:07.191+0000] {dagbag.py:538} INFO - Filling up the DagBag from /opt/airflow/dags/dag_three.py
[2025-11-24T13:09:07.581+0000] {processor.py:840} INFO - DAG(s) 'duckdb_to_iceberg_bronze' retrieved from /opt/airflow/dags/dag_three.py
[2025-11-24T13:09:07.600+0000] {logging_mixin.py:188} INFO - [2025-11-24T13:09:07.600+0000] {dag.py:3036} INFO - Sync 1 DAGs
[2025-11-24T13:09:07.614+0000] {logging_mixin.py:188} INFO - [2025-11-24T13:09:07.614+0000] {dag.py:3823} INFO - Setting next_dagrun for duckdb_to_iceberg_bronze to None, run_after=None
[2025-11-24T13:09:07.643+0000] {processor.py:183} INFO - Processing /opt/airflow/dags/dag_three.py took 0.459 seconds
[2025-11-24T13:09:37.943+0000] {processor.py:161} INFO - Started process (PID=2134) to work on /opt/airflow/dags/dag_three.py
[2025-11-24T13:09:37.945+0000] {processor.py:830} INFO - Processing file /opt/airflow/dags/dag_three.py for tasks to queue
[2025-11-24T13:09:37.947+0000] {logging_mixin.py:188} INFO - [2025-11-24T13:09:37.946+0000] {dagbag.py:538} INFO - Filling up the DagBag from /opt/airflow/dags/dag_three.py
[2025-11-24T13:09:38.318+0000] {processor.py:840} INFO - DAG(s) 'duckdb_to_iceberg_bronze' retrieved from /opt/airflow/dags/dag_three.py
[2025-11-24T13:09:38.337+0000] {logging_mixin.py:188} INFO - [2025-11-24T13:09:38.337+0000] {dag.py:3036} INFO - Sync 1 DAGs
[2025-11-24T13:09:38.348+0000] {logging_mixin.py:188} INFO - [2025-11-24T13:09:38.348+0000] {dag.py:3823} INFO - Setting next_dagrun for duckdb_to_iceberg_bronze to None, run_after=None
[2025-11-24T13:09:38.376+0000] {processor.py:183} INFO - Processing /opt/airflow/dags/dag_three.py took 0.440 seconds
[2025-11-24T13:10:08.484+0000] {processor.py:161} INFO - Started process (PID=2220) to work on /opt/airflow/dags/dag_three.py
[2025-11-24T13:10:08.485+0000] {processor.py:830} INFO - Processing file /opt/airflow/dags/dag_three.py for tasks to queue
[2025-11-24T13:10:08.487+0000] {logging_mixin.py:188} INFO - [2025-11-24T13:10:08.486+0000] {dagbag.py:538} INFO - Filling up the DagBag from /opt/airflow/dags/dag_three.py
[2025-11-24T13:10:08.863+0000] {processor.py:840} INFO - DAG(s) 'duckdb_to_iceberg_bronze' retrieved from /opt/airflow/dags/dag_three.py
[2025-11-24T13:10:08.898+0000] {logging_mixin.py:188} INFO - [2025-11-24T13:10:08.897+0000] {dag.py:3036} INFO - Sync 1 DAGs
[2025-11-24T13:10:08.908+0000] {logging_mixin.py:188} INFO - [2025-11-24T13:10:08.907+0000] {dag.py:3823} INFO - Setting next_dagrun for duckdb_to_iceberg_bronze to None, run_after=None
[2025-11-24T13:10:08.923+0000] {processor.py:183} INFO - Processing /opt/airflow/dags/dag_three.py took 0.446 seconds
[2025-11-24T13:10:39.603+0000] {processor.py:161} INFO - Started process (PID=2306) to work on /opt/airflow/dags/dag_three.py
[2025-11-24T13:10:39.604+0000] {processor.py:830} INFO - Processing file /opt/airflow/dags/dag_three.py for tasks to queue
[2025-11-24T13:10:39.606+0000] {logging_mixin.py:188} INFO - [2025-11-24T13:10:39.605+0000] {dagbag.py:538} INFO - Filling up the DagBag from /opt/airflow/dags/dag_three.py
[2025-11-24T13:10:39.980+0000] {processor.py:840} INFO - DAG(s) 'duckdb_to_iceberg_bronze' retrieved from /opt/airflow/dags/dag_three.py
[2025-11-24T13:10:40.007+0000] {logging_mixin.py:188} INFO - [2025-11-24T13:10:40.007+0000] {dag.py:3036} INFO - Sync 1 DAGs
[2025-11-24T13:10:40.024+0000] {logging_mixin.py:188} INFO - [2025-11-24T13:10:40.024+0000] {dag.py:3823} INFO - Setting next_dagrun for duckdb_to_iceberg_bronze to None, run_after=None
[2025-11-24T13:10:40.053+0000] {processor.py:183} INFO - Processing /opt/airflow/dags/dag_three.py took 0.456 seconds
[2025-11-24T13:11:10.317+0000] {processor.py:161} INFO - Started process (PID=2392) to work on /opt/airflow/dags/dag_three.py
[2025-11-24T13:11:10.318+0000] {processor.py:830} INFO - Processing file /opt/airflow/dags/dag_three.py for tasks to queue
[2025-11-24T13:11:10.320+0000] {logging_mixin.py:188} INFO - [2025-11-24T13:11:10.319+0000] {dagbag.py:538} INFO - Filling up the DagBag from /opt/airflow/dags/dag_three.py
[2025-11-24T13:11:10.703+0000] {processor.py:840} INFO - DAG(s) 'duckdb_to_iceberg_bronze' retrieved from /opt/airflow/dags/dag_three.py
[2025-11-24T13:11:10.722+0000] {logging_mixin.py:188} INFO - [2025-11-24T13:11:10.721+0000] {dag.py:3036} INFO - Sync 1 DAGs
[2025-11-24T13:11:10.730+0000] {logging_mixin.py:188} INFO - [2025-11-24T13:11:10.730+0000] {dag.py:3823} INFO - Setting next_dagrun for duckdb_to_iceberg_bronze to None, run_after=None
[2025-11-24T13:11:10.755+0000] {processor.py:183} INFO - Processing /opt/airflow/dags/dag_three.py took 0.444 seconds
[2025-11-24T13:11:41.027+0000] {processor.py:161} INFO - Started process (PID=2478) to work on /opt/airflow/dags/dag_three.py
[2025-11-24T13:11:41.029+0000] {processor.py:830} INFO - Processing file /opt/airflow/dags/dag_three.py for tasks to queue
[2025-11-24T13:11:41.030+0000] {logging_mixin.py:188} INFO - [2025-11-24T13:11:41.029+0000] {dagbag.py:538} INFO - Filling up the DagBag from /opt/airflow/dags/dag_three.py
[2025-11-24T13:11:41.408+0000] {processor.py:840} INFO - DAG(s) 'duckdb_to_iceberg_bronze' retrieved from /opt/airflow/dags/dag_three.py
[2025-11-24T13:11:41.427+0000] {logging_mixin.py:188} INFO - [2025-11-24T13:11:41.426+0000] {dag.py:3036} INFO - Sync 1 DAGs
[2025-11-24T13:11:41.435+0000] {logging_mixin.py:188} INFO - [2025-11-24T13:11:41.434+0000] {dag.py:3823} INFO - Setting next_dagrun for duckdb_to_iceberg_bronze to None, run_after=None
[2025-11-24T13:11:41.462+0000] {processor.py:183} INFO - Processing /opt/airflow/dags/dag_three.py took 0.441 seconds
[2025-11-24T13:12:11.587+0000] {processor.py:161} INFO - Started process (PID=2564) to work on /opt/airflow/dags/dag_three.py
[2025-11-24T13:12:11.589+0000] {processor.py:830} INFO - Processing file /opt/airflow/dags/dag_three.py for tasks to queue
[2025-11-24T13:12:11.591+0000] {logging_mixin.py:188} INFO - [2025-11-24T13:12:11.590+0000] {dagbag.py:538} INFO - Filling up the DagBag from /opt/airflow/dags/dag_three.py
[2025-11-24T13:12:11.973+0000] {processor.py:840} INFO - DAG(s) 'duckdb_to_iceberg_bronze' retrieved from /opt/airflow/dags/dag_three.py
[2025-11-24T13:12:12.000+0000] {logging_mixin.py:188} INFO - [2025-11-24T13:12:12.000+0000] {dag.py:3036} INFO - Sync 1 DAGs
[2025-11-24T13:12:12.010+0000] {logging_mixin.py:188} INFO - [2025-11-24T13:12:12.009+0000] {dag.py:3823} INFO - Setting next_dagrun for duckdb_to_iceberg_bronze to None, run_after=None
[2025-11-24T13:12:12.025+0000] {processor.py:183} INFO - Processing /opt/airflow/dags/dag_three.py took 0.443 seconds
[2025-11-24T13:12:42.102+0000] {processor.py:161} INFO - Started process (PID=2650) to work on /opt/airflow/dags/dag_three.py
[2025-11-24T13:12:42.103+0000] {processor.py:830} INFO - Processing file /opt/airflow/dags/dag_three.py for tasks to queue
[2025-11-24T13:12:42.104+0000] {logging_mixin.py:188} INFO - [2025-11-24T13:12:42.103+0000] {dagbag.py:538} INFO - Filling up the DagBag from /opt/airflow/dags/dag_three.py
[2025-11-24T13:12:42.490+0000] {processor.py:840} INFO - DAG(s) 'duckdb_to_iceberg_bronze' retrieved from /opt/airflow/dags/dag_three.py
[2025-11-24T13:12:42.519+0000] {logging_mixin.py:188} INFO - [2025-11-24T13:12:42.519+0000] {dag.py:3036} INFO - Sync 1 DAGs
[2025-11-24T13:12:42.533+0000] {logging_mixin.py:188} INFO - [2025-11-24T13:12:42.533+0000] {dag.py:3823} INFO - Setting next_dagrun for duckdb_to_iceberg_bronze to None, run_after=None
[2025-11-24T13:12:42.577+0000] {processor.py:183} INFO - Processing /opt/airflow/dags/dag_three.py took 0.478 seconds
[2025-11-24T13:13:12.809+0000] {processor.py:161} INFO - Started process (PID=2736) to work on /opt/airflow/dags/dag_three.py
[2025-11-24T13:13:12.811+0000] {processor.py:830} INFO - Processing file /opt/airflow/dags/dag_three.py for tasks to queue
[2025-11-24T13:13:12.812+0000] {logging_mixin.py:188} INFO - [2025-11-24T13:13:12.812+0000] {dagbag.py:538} INFO - Filling up the DagBag from /opt/airflow/dags/dag_three.py
[2025-11-24T13:13:13.190+0000] {processor.py:840} INFO - DAG(s) 'duckdb_to_iceberg_bronze' retrieved from /opt/airflow/dags/dag_three.py
[2025-11-24T13:13:13.216+0000] {logging_mixin.py:188} INFO - [2025-11-24T13:13:13.215+0000] {dag.py:3036} INFO - Sync 1 DAGs
[2025-11-24T13:13:13.234+0000] {logging_mixin.py:188} INFO - [2025-11-24T13:13:13.233+0000] {dag.py:3823} INFO - Setting next_dagrun for duckdb_to_iceberg_bronze to None, run_after=None
[2025-11-24T13:13:13.263+0000] {processor.py:183} INFO - Processing /opt/airflow/dags/dag_three.py took 0.459 seconds
[2025-11-24T13:13:43.512+0000] {processor.py:161} INFO - Started process (PID=2822) to work on /opt/airflow/dags/dag_three.py
[2025-11-24T13:13:43.515+0000] {processor.py:830} INFO - Processing file /opt/airflow/dags/dag_three.py for tasks to queue
[2025-11-24T13:13:43.518+0000] {logging_mixin.py:188} INFO - [2025-11-24T13:13:43.517+0000] {dagbag.py:538} INFO - Filling up the DagBag from /opt/airflow/dags/dag_three.py
[2025-11-24T13:13:43.906+0000] {processor.py:840} INFO - DAG(s) 'duckdb_to_iceberg_bronze' retrieved from /opt/airflow/dags/dag_three.py
[2025-11-24T13:13:43.926+0000] {logging_mixin.py:188} INFO - [2025-11-24T13:13:43.926+0000] {dag.py:3036} INFO - Sync 1 DAGs
[2025-11-24T13:13:43.935+0000] {logging_mixin.py:188} INFO - [2025-11-24T13:13:43.934+0000] {dag.py:3823} INFO - Setting next_dagrun for duckdb_to_iceberg_bronze to None, run_after=None
[2025-11-24T13:13:43.965+0000] {processor.py:183} INFO - Processing /opt/airflow/dags/dag_three.py took 0.459 seconds
[2025-11-24T13:14:14.033+0000] {processor.py:161} INFO - Started process (PID=2908) to work on /opt/airflow/dags/dag_three.py
[2025-11-24T13:14:14.034+0000] {processor.py:830} INFO - Processing file /opt/airflow/dags/dag_three.py for tasks to queue
[2025-11-24T13:14:14.036+0000] {logging_mixin.py:188} INFO - [2025-11-24T13:14:14.035+0000] {dagbag.py:538} INFO - Filling up the DagBag from /opt/airflow/dags/dag_three.py
[2025-11-24T13:14:14.457+0000] {processor.py:840} INFO - DAG(s) 'duckdb_to_iceberg_bronze' retrieved from /opt/airflow/dags/dag_three.py
[2025-11-24T13:14:14.477+0000] {logging_mixin.py:188} INFO - [2025-11-24T13:14:14.477+0000] {dag.py:3036} INFO - Sync 1 DAGs
[2025-11-24T13:14:14.488+0000] {logging_mixin.py:188} INFO - [2025-11-24T13:14:14.488+0000] {dag.py:3823} INFO - Setting next_dagrun for duckdb_to_iceberg_bronze to None, run_after=None
[2025-11-24T13:14:14.503+0000] {processor.py:183} INFO - Processing /opt/airflow/dags/dag_three.py took 0.476 seconds
[2025-11-24T13:14:45.166+0000] {processor.py:161} INFO - Started process (PID=2994) to work on /opt/airflow/dags/dag_three.py
[2025-11-24T13:14:45.168+0000] {processor.py:830} INFO - Processing file /opt/airflow/dags/dag_three.py for tasks to queue
[2025-11-24T13:14:45.170+0000] {logging_mixin.py:188} INFO - [2025-11-24T13:14:45.169+0000] {dagbag.py:538} INFO - Filling up the DagBag from /opt/airflow/dags/dag_three.py
[2025-11-24T13:14:45.581+0000] {processor.py:840} INFO - DAG(s) 'duckdb_to_iceberg_bronze' retrieved from /opt/airflow/dags/dag_three.py
[2025-11-24T13:14:45.603+0000] {logging_mixin.py:188} INFO - [2025-11-24T13:14:45.602+0000] {dag.py:3036} INFO - Sync 1 DAGs
[2025-11-24T13:14:45.617+0000] {logging_mixin.py:188} INFO - [2025-11-24T13:14:45.616+0000] {dag.py:3823} INFO - Setting next_dagrun for duckdb_to_iceberg_bronze to None, run_after=None
[2025-11-24T13:14:45.643+0000] {processor.py:183} INFO - Processing /opt/airflow/dags/dag_three.py took 0.484 seconds
[2025-11-24T13:15:15.900+0000] {processor.py:161} INFO - Started process (PID=3077) to work on /opt/airflow/dags/dag_three.py
[2025-11-24T13:15:15.901+0000] {processor.py:830} INFO - Processing file /opt/airflow/dags/dag_three.py for tasks to queue
[2025-11-24T13:15:15.902+0000] {logging_mixin.py:188} INFO - [2025-11-24T13:15:15.901+0000] {dagbag.py:538} INFO - Filling up the DagBag from /opt/airflow/dags/dag_three.py
[2025-11-24T13:15:16.299+0000] {processor.py:840} INFO - DAG(s) 'duckdb_to_iceberg_bronze' retrieved from /opt/airflow/dags/dag_three.py
[2025-11-24T13:15:16.322+0000] {logging_mixin.py:188} INFO - [2025-11-24T13:15:16.322+0000] {dag.py:3036} INFO - Sync 1 DAGs
[2025-11-24T13:15:16.331+0000] {logging_mixin.py:188} INFO - [2025-11-24T13:15:16.331+0000] {dag.py:3823} INFO - Setting next_dagrun for duckdb_to_iceberg_bronze to None, run_after=None
[2025-11-24T13:15:16.358+0000] {processor.py:183} INFO - Processing /opt/airflow/dags/dag_three.py took 0.461 seconds
[2025-11-24T13:15:46.409+0000] {processor.py:161} INFO - Started process (PID=3142) to work on /opt/airflow/dags/dag_three.py
[2025-11-24T13:15:46.410+0000] {processor.py:830} INFO - Processing file /opt/airflow/dags/dag_three.py for tasks to queue
[2025-11-24T13:15:46.420+0000] {logging_mixin.py:188} INFO - [2025-11-24T13:15:46.419+0000] {dagbag.py:538} INFO - Filling up the DagBag from /opt/airflow/dags/dag_three.py
[2025-11-24T13:15:46.798+0000] {processor.py:840} INFO - DAG(s) 'duckdb_to_iceberg_bronze' retrieved from /opt/airflow/dags/dag_three.py
[2025-11-24T13:15:46.822+0000] {logging_mixin.py:188} INFO - [2025-11-24T13:15:46.821+0000] {dag.py:3036} INFO - Sync 1 DAGs
[2025-11-24T13:15:46.833+0000] {logging_mixin.py:188} INFO - [2025-11-24T13:15:46.832+0000] {dag.py:3823} INFO - Setting next_dagrun for duckdb_to_iceberg_bronze to None, run_after=None
[2025-11-24T13:15:46.866+0000] {processor.py:183} INFO - Processing /opt/airflow/dags/dag_three.py took 0.461 seconds
[2025-11-24T13:16:17.653+0000] {processor.py:161} INFO - Started process (PID=3228) to work on /opt/airflow/dags/dag_three.py
[2025-11-24T13:16:17.654+0000] {processor.py:830} INFO - Processing file /opt/airflow/dags/dag_three.py for tasks to queue
[2025-11-24T13:16:17.655+0000] {logging_mixin.py:188} INFO - [2025-11-24T13:16:17.654+0000] {dagbag.py:538} INFO - Filling up the DagBag from /opt/airflow/dags/dag_three.py
[2025-11-24T13:16:18.021+0000] {processor.py:840} INFO - DAG(s) 'duckdb_to_iceberg_bronze' retrieved from /opt/airflow/dags/dag_three.py
[2025-11-24T13:16:18.043+0000] {logging_mixin.py:188} INFO - [2025-11-24T13:16:18.042+0000] {dag.py:3036} INFO - Sync 1 DAGs
[2025-11-24T13:16:18.051+0000] {logging_mixin.py:188} INFO - [2025-11-24T13:16:18.051+0000] {dag.py:3823} INFO - Setting next_dagrun for duckdb_to_iceberg_bronze to None, run_after=None
[2025-11-24T13:16:18.073+0000] {processor.py:183} INFO - Processing /opt/airflow/dags/dag_three.py took 0.423 seconds
[2025-11-24T13:16:48.353+0000] {processor.py:161} INFO - Started process (PID=3314) to work on /opt/airflow/dags/dag_three.py
[2025-11-24T13:16:48.355+0000] {processor.py:830} INFO - Processing file /opt/airflow/dags/dag_three.py for tasks to queue
[2025-11-24T13:16:48.357+0000] {logging_mixin.py:188} INFO - [2025-11-24T13:16:48.356+0000] {dagbag.py:538} INFO - Filling up the DagBag from /opt/airflow/dags/dag_three.py
[2025-11-24T13:16:48.733+0000] {processor.py:840} INFO - DAG(s) 'duckdb_to_iceberg_bronze' retrieved from /opt/airflow/dags/dag_three.py
[2025-11-24T13:16:48.758+0000] {logging_mixin.py:188} INFO - [2025-11-24T13:16:48.757+0000] {dag.py:3036} INFO - Sync 1 DAGs
[2025-11-24T13:16:48.769+0000] {logging_mixin.py:188} INFO - [2025-11-24T13:16:48.768+0000] {dag.py:3823} INFO - Setting next_dagrun for duckdb_to_iceberg_bronze to None, run_after=None
[2025-11-24T13:16:48.805+0000] {processor.py:183} INFO - Processing /opt/airflow/dags/dag_three.py took 0.460 seconds
[2025-11-24T13:17:19.067+0000] {processor.py:161} INFO - Started process (PID=3400) to work on /opt/airflow/dags/dag_three.py
[2025-11-24T13:17:19.068+0000] {processor.py:830} INFO - Processing file /opt/airflow/dags/dag_three.py for tasks to queue
[2025-11-24T13:17:19.069+0000] {logging_mixin.py:188} INFO - [2025-11-24T13:17:19.069+0000] {dagbag.py:538} INFO - Filling up the DagBag from /opt/airflow/dags/dag_three.py
[2025-11-24T13:17:19.443+0000] {processor.py:840} INFO - DAG(s) 'duckdb_to_iceberg_bronze' retrieved from /opt/airflow/dags/dag_three.py
[2025-11-24T13:17:19.462+0000] {logging_mixin.py:188} INFO - [2025-11-24T13:17:19.462+0000] {dag.py:3036} INFO - Sync 1 DAGs
[2025-11-24T13:17:19.470+0000] {logging_mixin.py:188} INFO - [2025-11-24T13:17:19.470+0000] {dag.py:3823} INFO - Setting next_dagrun for duckdb_to_iceberg_bronze to None, run_after=None
[2025-11-24T13:17:19.493+0000] {processor.py:183} INFO - Processing /opt/airflow/dags/dag_three.py took 0.432 seconds
[2025-11-24T13:17:49.570+0000] {processor.py:161} INFO - Started process (PID=3486) to work on /opt/airflow/dags/dag_three.py
[2025-11-24T13:17:49.572+0000] {processor.py:830} INFO - Processing file /opt/airflow/dags/dag_three.py for tasks to queue
[2025-11-24T13:17:49.575+0000] {logging_mixin.py:188} INFO - [2025-11-24T13:17:49.574+0000] {dagbag.py:538} INFO - Filling up the DagBag from /opt/airflow/dags/dag_three.py
[2025-11-24T13:17:49.960+0000] {processor.py:840} INFO - DAG(s) 'duckdb_to_iceberg_bronze' retrieved from /opt/airflow/dags/dag_three.py
[2025-11-24T13:17:49.985+0000] {logging_mixin.py:188} INFO - [2025-11-24T13:17:49.985+0000] {dag.py:3036} INFO - Sync 1 DAGs
[2025-11-24T13:17:49.994+0000] {logging_mixin.py:188} INFO - [2025-11-24T13:17:49.994+0000] {dag.py:3823} INFO - Setting next_dagrun for duckdb_to_iceberg_bronze to None, run_after=None
[2025-11-24T13:17:50.027+0000] {processor.py:183} INFO - Processing /opt/airflow/dags/dag_three.py took 0.464 seconds
[2025-11-24T13:18:20.140+0000] {processor.py:161} INFO - Started process (PID=3572) to work on /opt/airflow/dags/dag_three.py
[2025-11-24T13:18:20.142+0000] {processor.py:830} INFO - Processing file /opt/airflow/dags/dag_three.py for tasks to queue
[2025-11-24T13:18:20.143+0000] {logging_mixin.py:188} INFO - [2025-11-24T13:18:20.143+0000] {dagbag.py:538} INFO - Filling up the DagBag from /opt/airflow/dags/dag_three.py
[2025-11-24T13:18:20.510+0000] {processor.py:840} INFO - DAG(s) 'duckdb_to_iceberg_bronze' retrieved from /opt/airflow/dags/dag_three.py
[2025-11-24T13:18:20.530+0000] {logging_mixin.py:188} INFO - [2025-11-24T13:18:20.530+0000] {dag.py:3036} INFO - Sync 1 DAGs
[2025-11-24T13:18:20.539+0000] {logging_mixin.py:188} INFO - [2025-11-24T13:18:20.538+0000] {dag.py:3823} INFO - Setting next_dagrun for duckdb_to_iceberg_bronze to None, run_after=None
[2025-11-24T13:18:20.561+0000] {processor.py:183} INFO - Processing /opt/airflow/dags/dag_three.py took 0.427 seconds
[2025-11-24T13:18:51.403+0000] {processor.py:161} INFO - Started process (PID=3658) to work on /opt/airflow/dags/dag_three.py
[2025-11-24T13:18:51.411+0000] {processor.py:830} INFO - Processing file /opt/airflow/dags/dag_three.py for tasks to queue
[2025-11-24T13:18:51.413+0000] {logging_mixin.py:188} INFO - [2025-11-24T13:18:51.412+0000] {dagbag.py:538} INFO - Filling up the DagBag from /opt/airflow/dags/dag_three.py
[2025-11-24T13:18:51.832+0000] {processor.py:840} INFO - DAG(s) 'duckdb_to_iceberg_bronze' retrieved from /opt/airflow/dags/dag_three.py
[2025-11-24T13:18:51.852+0000] {logging_mixin.py:188} INFO - [2025-11-24T13:18:51.852+0000] {dag.py:3036} INFO - Sync 1 DAGs
[2025-11-24T13:18:51.876+0000] {logging_mixin.py:188} INFO - [2025-11-24T13:18:51.875+0000] {dag.py:3823} INFO - Setting next_dagrun for duckdb_to_iceberg_bronze to None, run_after=None
[2025-11-24T13:18:51.897+0000] {processor.py:183} INFO - Processing /opt/airflow/dags/dag_three.py took 0.499 seconds
[2025-11-24T13:19:21.976+0000] {processor.py:161} INFO - Started process (PID=3744) to work on /opt/airflow/dags/dag_three.py
[2025-11-24T13:19:21.978+0000] {processor.py:830} INFO - Processing file /opt/airflow/dags/dag_three.py for tasks to queue
[2025-11-24T13:19:21.979+0000] {logging_mixin.py:188} INFO - [2025-11-24T13:19:21.978+0000] {dagbag.py:538} INFO - Filling up the DagBag from /opt/airflow/dags/dag_three.py
[2025-11-24T13:19:22.354+0000] {processor.py:840} INFO - DAG(s) 'duckdb_to_iceberg_bronze' retrieved from /opt/airflow/dags/dag_three.py
[2025-11-24T13:19:22.383+0000] {logging_mixin.py:188} INFO - [2025-11-24T13:19:22.382+0000] {dag.py:3036} INFO - Sync 1 DAGs
[2025-11-24T13:19:22.398+0000] {logging_mixin.py:188} INFO - [2025-11-24T13:19:22.397+0000] {dag.py:3823} INFO - Setting next_dagrun for duckdb_to_iceberg_bronze to None, run_after=None
[2025-11-24T13:19:22.426+0000] {processor.py:183} INFO - Processing /opt/airflow/dags/dag_three.py took 0.456 seconds
[2025-11-24T13:20:36.366+0000] {processor.py:161} INFO - Started process (PID=174) to work on /opt/airflow/dags/dag_three.py
[2025-11-24T13:20:36.368+0000] {processor.py:830} INFO - Processing file /opt/airflow/dags/dag_three.py for tasks to queue
[2025-11-24T13:20:36.370+0000] {logging_mixin.py:188} INFO - [2025-11-24T13:20:36.369+0000] {dagbag.py:538} INFO - Filling up the DagBag from /opt/airflow/dags/dag_three.py
[2025-11-24T13:20:37.040+0000] {processor.py:840} INFO - DAG(s) 'duckdb_to_iceberg_bronze' retrieved from /opt/airflow/dags/dag_three.py
[2025-11-24T13:20:37.114+0000] {logging_mixin.py:188} INFO - [2025-11-24T13:20:37.114+0000] {dag.py:3036} INFO - Sync 1 DAGs
[2025-11-24T13:20:37.125+0000] {logging_mixin.py:188} INFO - [2025-11-24T13:20:37.125+0000] {dag.py:3823} INFO - Setting next_dagrun for duckdb_to_iceberg_bronze to None, run_after=None
[2025-11-24T13:20:37.155+0000] {processor.py:183} INFO - Processing /opt/airflow/dags/dag_three.py took 0.795 seconds
[2025-11-24T13:21:07.831+0000] {processor.py:161} INFO - Started process (PID=261) to work on /opt/airflow/dags/dag_three.py
[2025-11-24T13:21:07.833+0000] {processor.py:830} INFO - Processing file /opt/airflow/dags/dag_three.py for tasks to queue
[2025-11-24T13:21:07.835+0000] {logging_mixin.py:188} INFO - [2025-11-24T13:21:07.834+0000] {dagbag.py:538} INFO - Filling up the DagBag from /opt/airflow/dags/dag_three.py
[2025-11-24T13:21:08.215+0000] {processor.py:840} INFO - DAG(s) 'duckdb_to_iceberg_bronze' retrieved from /opt/airflow/dags/dag_three.py
[2025-11-24T13:21:08.291+0000] {logging_mixin.py:188} INFO - [2025-11-24T13:21:08.291+0000] {dag.py:3036} INFO - Sync 1 DAGs
[2025-11-24T13:21:08.306+0000] {logging_mixin.py:188} INFO - [2025-11-24T13:21:08.306+0000] {dag.py:3823} INFO - Setting next_dagrun for duckdb_to_iceberg_bronze to None, run_after=None
[2025-11-24T13:21:08.342+0000] {processor.py:183} INFO - Processing /opt/airflow/dags/dag_three.py took 0.517 seconds
[2025-11-24T13:21:38.574+0000] {processor.py:161} INFO - Started process (PID=347) to work on /opt/airflow/dags/dag_three.py
[2025-11-24T13:21:38.574+0000] {processor.py:830} INFO - Processing file /opt/airflow/dags/dag_three.py for tasks to queue
[2025-11-24T13:21:38.575+0000] {logging_mixin.py:188} INFO - [2025-11-24T13:21:38.575+0000] {dagbag.py:538} INFO - Filling up the DagBag from /opt/airflow/dags/dag_three.py
[2025-11-24T13:21:38.959+0000] {processor.py:840} INFO - DAG(s) 'duckdb_to_iceberg_bronze' retrieved from /opt/airflow/dags/dag_three.py
[2025-11-24T13:21:38.984+0000] {logging_mixin.py:188} INFO - [2025-11-24T13:21:38.984+0000] {dag.py:3036} INFO - Sync 1 DAGs
[2025-11-24T13:21:38.997+0000] {logging_mixin.py:188} INFO - [2025-11-24T13:21:38.997+0000] {dag.py:3823} INFO - Setting next_dagrun for duckdb_to_iceberg_bronze to None, run_after=None
[2025-11-24T13:21:39.037+0000] {processor.py:183} INFO - Processing /opt/airflow/dags/dag_three.py took 0.466 seconds
[2025-11-24T13:22:09.286+0000] {processor.py:161} INFO - Started process (PID=433) to work on /opt/airflow/dags/dag_three.py
[2025-11-24T13:22:09.288+0000] {processor.py:830} INFO - Processing file /opt/airflow/dags/dag_three.py for tasks to queue
[2025-11-24T13:22:09.290+0000] {logging_mixin.py:188} INFO - [2025-11-24T13:22:09.289+0000] {dagbag.py:538} INFO - Filling up the DagBag from /opt/airflow/dags/dag_three.py
[2025-11-24T13:22:09.669+0000] {processor.py:840} INFO - DAG(s) 'duckdb_to_iceberg_bronze' retrieved from /opt/airflow/dags/dag_three.py
[2025-11-24T13:22:09.690+0000] {logging_mixin.py:188} INFO - [2025-11-24T13:22:09.690+0000] {dag.py:3036} INFO - Sync 1 DAGs
[2025-11-24T13:22:09.701+0000] {logging_mixin.py:188} INFO - [2025-11-24T13:22:09.700+0000] {dag.py:3823} INFO - Setting next_dagrun for duckdb_to_iceberg_bronze to None, run_after=None
[2025-11-24T13:22:09.732+0000] {processor.py:183} INFO - Processing /opt/airflow/dags/dag_three.py took 0.452 seconds
[2025-11-24T13:22:40.021+0000] {processor.py:161} INFO - Started process (PID=519) to work on /opt/airflow/dags/dag_three.py
[2025-11-24T13:22:40.023+0000] {processor.py:830} INFO - Processing file /opt/airflow/dags/dag_three.py for tasks to queue
[2025-11-24T13:22:40.025+0000] {logging_mixin.py:188} INFO - [2025-11-24T13:22:40.024+0000] {dagbag.py:538} INFO - Filling up the DagBag from /opt/airflow/dags/dag_three.py
[2025-11-24T13:22:40.390+0000] {processor.py:840} INFO - DAG(s) 'duckdb_to_iceberg_bronze' retrieved from /opt/airflow/dags/dag_three.py
[2025-11-24T13:22:40.422+0000] {logging_mixin.py:188} INFO - [2025-11-24T13:22:40.421+0000] {dag.py:3036} INFO - Sync 1 DAGs
[2025-11-24T13:22:40.432+0000] {logging_mixin.py:188} INFO - [2025-11-24T13:22:40.432+0000] {dag.py:3823} INFO - Setting next_dagrun for duckdb_to_iceberg_bronze to None, run_after=None
[2025-11-24T13:22:40.448+0000] {processor.py:183} INFO - Processing /opt/airflow/dags/dag_three.py took 0.434 seconds
[2025-11-24T13:23:10.714+0000] {processor.py:161} INFO - Started process (PID=605) to work on /opt/airflow/dags/dag_three.py
[2025-11-24T13:23:10.715+0000] {processor.py:830} INFO - Processing file /opt/airflow/dags/dag_three.py for tasks to queue
[2025-11-24T13:23:10.716+0000] {logging_mixin.py:188} INFO - [2025-11-24T13:23:10.716+0000] {dagbag.py:538} INFO - Filling up the DagBag from /opt/airflow/dags/dag_three.py
[2025-11-24T13:23:11.082+0000] {processor.py:840} INFO - DAG(s) 'duckdb_to_iceberg_bronze' retrieved from /opt/airflow/dags/dag_three.py
[2025-11-24T13:23:11.101+0000] {logging_mixin.py:188} INFO - [2025-11-24T13:23:11.101+0000] {dag.py:3036} INFO - Sync 1 DAGs
[2025-11-24T13:23:11.115+0000] {logging_mixin.py:188} INFO - [2025-11-24T13:23:11.115+0000] {dag.py:3823} INFO - Setting next_dagrun for duckdb_to_iceberg_bronze to None, run_after=None
[2025-11-24T13:23:11.147+0000] {processor.py:183} INFO - Processing /opt/airflow/dags/dag_three.py took 0.437 seconds
[2025-11-24T13:23:41.383+0000] {processor.py:161} INFO - Started process (PID=691) to work on /opt/airflow/dags/dag_three.py
[2025-11-24T13:23:41.384+0000] {processor.py:830} INFO - Processing file /opt/airflow/dags/dag_three.py for tasks to queue
[2025-11-24T13:23:41.385+0000] {logging_mixin.py:188} INFO - [2025-11-24T13:23:41.385+0000] {dagbag.py:538} INFO - Filling up the DagBag from /opt/airflow/dags/dag_three.py
[2025-11-24T13:23:41.785+0000] {processor.py:840} INFO - DAG(s) 'duckdb_to_iceberg_bronze' retrieved from /opt/airflow/dags/dag_three.py
[2025-11-24T13:23:41.810+0000] {logging_mixin.py:188} INFO - [2025-11-24T13:23:41.809+0000] {dag.py:3036} INFO - Sync 1 DAGs
[2025-11-24T13:23:41.825+0000] {logging_mixin.py:188} INFO - [2025-11-24T13:23:41.825+0000] {dag.py:3823} INFO - Setting next_dagrun for duckdb_to_iceberg_bronze to None, run_after=None
[2025-11-24T13:23:41.846+0000] {processor.py:183} INFO - Processing /opt/airflow/dags/dag_three.py took 0.467 seconds
[2025-11-24T13:24:12.105+0000] {processor.py:161} INFO - Started process (PID=777) to work on /opt/airflow/dags/dag_three.py
[2025-11-24T13:24:12.107+0000] {processor.py:830} INFO - Processing file /opt/airflow/dags/dag_three.py for tasks to queue
[2025-11-24T13:24:12.109+0000] {logging_mixin.py:188} INFO - [2025-11-24T13:24:12.108+0000] {dagbag.py:538} INFO - Filling up the DagBag from /opt/airflow/dags/dag_three.py
[2025-11-24T13:24:12.490+0000] {processor.py:840} INFO - DAG(s) 'duckdb_to_iceberg_bronze' retrieved from /opt/airflow/dags/dag_three.py
[2025-11-24T13:24:12.517+0000] {logging_mixin.py:188} INFO - [2025-11-24T13:24:12.516+0000] {dag.py:3036} INFO - Sync 1 DAGs
[2025-11-24T13:24:12.536+0000] {logging_mixin.py:188} INFO - [2025-11-24T13:24:12.535+0000] {dag.py:3823} INFO - Setting next_dagrun for duckdb_to_iceberg_bronze to None, run_after=None
[2025-11-24T13:24:12.569+0000] {processor.py:183} INFO - Processing /opt/airflow/dags/dag_three.py took 0.470 seconds
[2025-11-24T13:24:42.842+0000] {processor.py:161} INFO - Started process (PID=863) to work on /opt/airflow/dags/dag_three.py
[2025-11-24T13:24:42.843+0000] {processor.py:830} INFO - Processing file /opt/airflow/dags/dag_three.py for tasks to queue
[2025-11-24T13:24:42.845+0000] {logging_mixin.py:188} INFO - [2025-11-24T13:24:42.844+0000] {dagbag.py:538} INFO - Filling up the DagBag from /opt/airflow/dags/dag_three.py
[2025-11-24T13:24:43.209+0000] {processor.py:840} INFO - DAG(s) 'duckdb_to_iceberg_bronze' retrieved from /opt/airflow/dags/dag_three.py
[2025-11-24T13:24:43.229+0000] {logging_mixin.py:188} INFO - [2025-11-24T13:24:43.229+0000] {dag.py:3036} INFO - Sync 1 DAGs
[2025-11-24T13:24:43.239+0000] {logging_mixin.py:188} INFO - [2025-11-24T13:24:43.239+0000] {dag.py:3823} INFO - Setting next_dagrun for duckdb_to_iceberg_bronze to None, run_after=None
[2025-11-24T13:24:43.253+0000] {processor.py:183} INFO - Processing /opt/airflow/dags/dag_three.py took 0.415 seconds
[2025-11-24T13:25:13.499+0000] {processor.py:161} INFO - Started process (PID=949) to work on /opt/airflow/dags/dag_three.py
[2025-11-24T13:25:13.502+0000] {processor.py:830} INFO - Processing file /opt/airflow/dags/dag_three.py for tasks to queue
[2025-11-24T13:25:13.507+0000] {logging_mixin.py:188} INFO - [2025-11-24T13:25:13.506+0000] {dagbag.py:538} INFO - Filling up the DagBag from /opt/airflow/dags/dag_three.py
[2025-11-24T13:25:13.966+0000] {processor.py:840} INFO - DAG(s) 'duckdb_to_iceberg_bronze' retrieved from /opt/airflow/dags/dag_three.py
[2025-11-24T13:25:13.988+0000] {logging_mixin.py:188} INFO - [2025-11-24T13:25:13.988+0000] {dag.py:3036} INFO - Sync 1 DAGs
[2025-11-24T13:25:13.998+0000] {logging_mixin.py:188} INFO - [2025-11-24T13:25:13.998+0000] {dag.py:3823} INFO - Setting next_dagrun for duckdb_to_iceberg_bronze to None, run_after=None
[2025-11-24T13:25:14.023+0000] {processor.py:183} INFO - Processing /opt/airflow/dags/dag_three.py took 0.532 seconds
[2025-11-24T13:25:44.230+0000] {processor.py:161} INFO - Started process (PID=1035) to work on /opt/airflow/dags/dag_three.py
[2025-11-24T13:25:44.231+0000] {processor.py:830} INFO - Processing file /opt/airflow/dags/dag_three.py for tasks to queue
[2025-11-24T13:25:44.232+0000] {logging_mixin.py:188} INFO - [2025-11-24T13:25:44.232+0000] {dagbag.py:538} INFO - Filling up the DagBag from /opt/airflow/dags/dag_three.py
[2025-11-24T13:25:44.593+0000] {processor.py:840} INFO - DAG(s) 'duckdb_to_iceberg_bronze' retrieved from /opt/airflow/dags/dag_three.py
[2025-11-24T13:25:44.619+0000] {logging_mixin.py:188} INFO - [2025-11-24T13:25:44.619+0000] {dag.py:3036} INFO - Sync 1 DAGs
[2025-11-24T13:25:44.631+0000] {logging_mixin.py:188} INFO - [2025-11-24T13:25:44.631+0000] {dag.py:3823} INFO - Setting next_dagrun for duckdb_to_iceberg_bronze to None, run_after=None
[2025-11-24T13:25:44.665+0000] {processor.py:183} INFO - Processing /opt/airflow/dags/dag_three.py took 0.437 seconds
[2025-11-24T13:26:14.706+0000] {processor.py:161} INFO - Started process (PID=1141) to work on /opt/airflow/dags/dag_three.py
[2025-11-24T13:26:14.707+0000] {processor.py:830} INFO - Processing file /opt/airflow/dags/dag_three.py for tasks to queue
[2025-11-24T13:26:14.709+0000] {logging_mixin.py:188} INFO - [2025-11-24T13:26:14.708+0000] {dagbag.py:538} INFO - Filling up the DagBag from /opt/airflow/dags/dag_three.py
[2025-11-24T13:26:15.077+0000] {processor.py:840} INFO - DAG(s) 'duckdb_to_iceberg_bronze' retrieved from /opt/airflow/dags/dag_three.py
[2025-11-24T13:26:15.096+0000] {logging_mixin.py:188} INFO - [2025-11-24T13:26:15.096+0000] {dag.py:3036} INFO - Sync 1 DAGs
[2025-11-24T13:26:15.104+0000] {logging_mixin.py:188} INFO - [2025-11-24T13:26:15.104+0000] {dag.py:3823} INFO - Setting next_dagrun for duckdb_to_iceberg_bronze to None, run_after=None
[2025-11-24T13:26:15.127+0000] {processor.py:183} INFO - Processing /opt/airflow/dags/dag_three.py took 0.425 seconds
[2025-11-24T13:26:45.872+0000] {processor.py:161} INFO - Started process (PID=1227) to work on /opt/airflow/dags/dag_three.py
[2025-11-24T13:26:45.876+0000] {processor.py:830} INFO - Processing file /opt/airflow/dags/dag_three.py for tasks to queue
[2025-11-24T13:26:45.880+0000] {logging_mixin.py:188} INFO - [2025-11-24T13:26:45.879+0000] {dagbag.py:538} INFO - Filling up the DagBag from /opt/airflow/dags/dag_three.py
[2025-11-24T13:26:46.365+0000] {processor.py:840} INFO - DAG(s) 'duckdb_to_iceberg_bronze' retrieved from /opt/airflow/dags/dag_three.py
[2025-11-24T13:26:46.387+0000] {logging_mixin.py:188} INFO - [2025-11-24T13:26:46.386+0000] {dag.py:3036} INFO - Sync 1 DAGs
[2025-11-24T13:26:46.398+0000] {logging_mixin.py:188} INFO - [2025-11-24T13:26:46.398+0000] {dag.py:3823} INFO - Setting next_dagrun for duckdb_to_iceberg_bronze to None, run_after=None
[2025-11-24T13:26:46.432+0000] {processor.py:183} INFO - Processing /opt/airflow/dags/dag_three.py took 0.577 seconds
[2025-11-24T13:27:16.608+0000] {processor.py:161} INFO - Started process (PID=1313) to work on /opt/airflow/dags/dag_three.py
[2025-11-24T13:27:16.609+0000] {processor.py:830} INFO - Processing file /opt/airflow/dags/dag_three.py for tasks to queue
[2025-11-24T13:27:16.610+0000] {logging_mixin.py:188} INFO - [2025-11-24T13:27:16.610+0000] {dagbag.py:538} INFO - Filling up the DagBag from /opt/airflow/dags/dag_three.py
[2025-11-24T13:27:17.169+0000] {processor.py:840} INFO - DAG(s) 'duckdb_to_iceberg_bronze' retrieved from /opt/airflow/dags/dag_three.py
[2025-11-24T13:27:17.192+0000] {logging_mixin.py:188} INFO - [2025-11-24T13:27:17.190+0000] {dag.py:3036} INFO - Sync 1 DAGs
[2025-11-24T13:27:17.206+0000] {logging_mixin.py:188} INFO - [2025-11-24T13:27:17.206+0000] {dag.py:3823} INFO - Setting next_dagrun for duckdb_to_iceberg_bronze to None, run_after=None
[2025-11-24T13:27:17.227+0000] {processor.py:183} INFO - Processing /opt/airflow/dags/dag_three.py took 0.622 seconds
[2025-11-24T13:27:47.803+0000] {processor.py:161} INFO - Started process (PID=1399) to work on /opt/airflow/dags/dag_three.py
[2025-11-24T13:27:47.803+0000] {processor.py:830} INFO - Processing file /opt/airflow/dags/dag_three.py for tasks to queue
[2025-11-24T13:27:47.804+0000] {logging_mixin.py:188} INFO - [2025-11-24T13:27:47.804+0000] {dagbag.py:538} INFO - Filling up the DagBag from /opt/airflow/dags/dag_three.py
[2025-11-24T13:27:48.223+0000] {processor.py:840} INFO - DAG(s) 'duckdb_to_iceberg_bronze' retrieved from /opt/airflow/dags/dag_three.py
[2025-11-24T13:27:48.249+0000] {logging_mixin.py:188} INFO - [2025-11-24T13:27:48.249+0000] {dag.py:3036} INFO - Sync 1 DAGs
[2025-11-24T13:27:48.260+0000] {logging_mixin.py:188} INFO - [2025-11-24T13:27:48.260+0000] {dag.py:3823} INFO - Setting next_dagrun for duckdb_to_iceberg_bronze to None, run_after=None
[2025-11-24T13:27:48.285+0000] {processor.py:183} INFO - Processing /opt/airflow/dags/dag_three.py took 0.485 seconds
[2025-11-24T13:28:18.535+0000] {processor.py:161} INFO - Started process (PID=1461) to work on /opt/airflow/dags/dag_three.py
[2025-11-24T13:28:18.536+0000] {processor.py:830} INFO - Processing file /opt/airflow/dags/dag_three.py for tasks to queue
[2025-11-24T13:28:18.538+0000] {logging_mixin.py:188} INFO - [2025-11-24T13:28:18.537+0000] {dagbag.py:538} INFO - Filling up the DagBag from /opt/airflow/dags/dag_three.py
[2025-11-24T13:28:18.967+0000] {processor.py:840} INFO - DAG(s) 'duckdb_to_iceberg_bronze' retrieved from /opt/airflow/dags/dag_three.py
[2025-11-24T13:28:18.991+0000] {logging_mixin.py:188} INFO - [2025-11-24T13:28:18.990+0000] {dag.py:3036} INFO - Sync 1 DAGs
[2025-11-24T13:28:19.007+0000] {logging_mixin.py:188} INFO - [2025-11-24T13:28:19.006+0000] {dag.py:3823} INFO - Setting next_dagrun for duckdb_to_iceberg_bronze to None, run_after=None
[2025-11-24T13:28:19.034+0000] {processor.py:183} INFO - Processing /opt/airflow/dags/dag_three.py took 0.502 seconds
[2025-11-24T13:28:49.096+0000] {processor.py:161} INFO - Started process (PID=1547) to work on /opt/airflow/dags/dag_three.py
[2025-11-24T13:28:49.098+0000] {processor.py:830} INFO - Processing file /opt/airflow/dags/dag_three.py for tasks to queue
[2025-11-24T13:28:49.102+0000] {logging_mixin.py:188} INFO - [2025-11-24T13:28:49.099+0000] {dagbag.py:538} INFO - Filling up the DagBag from /opt/airflow/dags/dag_three.py
[2025-11-24T13:28:49.481+0000] {processor.py:840} INFO - DAG(s) 'duckdb_to_iceberg_bronze' retrieved from /opt/airflow/dags/dag_three.py
[2025-11-24T13:28:49.501+0000] {logging_mixin.py:188} INFO - [2025-11-24T13:28:49.500+0000] {dag.py:3036} INFO - Sync 1 DAGs
[2025-11-24T13:28:49.510+0000] {logging_mixin.py:188} INFO - [2025-11-24T13:28:49.510+0000] {dag.py:3823} INFO - Setting next_dagrun for duckdb_to_iceberg_bronze to None, run_after=None
[2025-11-24T13:28:49.544+0000] {processor.py:183} INFO - Processing /opt/airflow/dags/dag_three.py took 0.456 seconds
[2025-11-24T13:29:19.598+0000] {processor.py:161} INFO - Started process (PID=1633) to work on /opt/airflow/dags/dag_three.py
[2025-11-24T13:29:19.599+0000] {processor.py:830} INFO - Processing file /opt/airflow/dags/dag_three.py for tasks to queue
[2025-11-24T13:29:19.601+0000] {logging_mixin.py:188} INFO - [2025-11-24T13:29:19.600+0000] {dagbag.py:538} INFO - Filling up the DagBag from /opt/airflow/dags/dag_three.py
[2025-11-24T13:29:19.980+0000] {processor.py:840} INFO - DAG(s) 'duckdb_to_iceberg_bronze' retrieved from /opt/airflow/dags/dag_three.py
[2025-11-24T13:29:20.006+0000] {logging_mixin.py:188} INFO - [2025-11-24T13:29:20.005+0000] {dag.py:3036} INFO - Sync 1 DAGs
[2025-11-24T13:29:20.016+0000] {logging_mixin.py:188} INFO - [2025-11-24T13:29:20.015+0000] {dag.py:3823} INFO - Setting next_dagrun for duckdb_to_iceberg_bronze to None, run_after=None
[2025-11-24T13:29:20.052+0000] {processor.py:183} INFO - Processing /opt/airflow/dags/dag_three.py took 0.460 seconds
[2025-11-24T13:29:50.156+0000] {processor.py:161} INFO - Started process (PID=1719) to work on /opt/airflow/dags/dag_three.py
[2025-11-24T13:29:50.159+0000] {processor.py:830} INFO - Processing file /opt/airflow/dags/dag_three.py for tasks to queue
[2025-11-24T13:29:50.162+0000] {logging_mixin.py:188} INFO - [2025-11-24T13:29:50.161+0000] {dagbag.py:538} INFO - Filling up the DagBag from /opt/airflow/dags/dag_three.py
[2025-11-24T13:29:50.584+0000] {processor.py:840} INFO - DAG(s) 'duckdb_to_iceberg_bronze' retrieved from /opt/airflow/dags/dag_three.py
[2025-11-24T13:29:50.605+0000] {logging_mixin.py:188} INFO - [2025-11-24T13:29:50.605+0000] {dag.py:3036} INFO - Sync 1 DAGs
[2025-11-24T13:29:50.619+0000] {logging_mixin.py:188} INFO - [2025-11-24T13:29:50.619+0000] {dag.py:3823} INFO - Setting next_dagrun for duckdb_to_iceberg_bronze to None, run_after=None
[2025-11-24T13:29:50.665+0000] {processor.py:183} INFO - Processing /opt/airflow/dags/dag_three.py took 0.515 seconds
[2025-11-24T13:30:20.766+0000] {processor.py:161} INFO - Started process (PID=1805) to work on /opt/airflow/dags/dag_three.py
[2025-11-24T13:30:20.768+0000] {processor.py:830} INFO - Processing file /opt/airflow/dags/dag_three.py for tasks to queue
[2025-11-24T13:30:20.771+0000] {logging_mixin.py:188} INFO - [2025-11-24T13:30:20.770+0000] {dagbag.py:538} INFO - Filling up the DagBag from /opt/airflow/dags/dag_three.py
[2025-11-24T13:30:21.151+0000] {processor.py:840} INFO - DAG(s) 'duckdb_to_iceberg_bronze' retrieved from /opt/airflow/dags/dag_three.py
[2025-11-24T13:30:21.174+0000] {logging_mixin.py:188} INFO - [2025-11-24T13:30:21.173+0000] {dag.py:3036} INFO - Sync 1 DAGs
[2025-11-24T13:30:21.193+0000] {logging_mixin.py:188} INFO - [2025-11-24T13:30:21.193+0000] {dag.py:3823} INFO - Setting next_dagrun for duckdb_to_iceberg_bronze to None, run_after=None
[2025-11-24T13:30:21.212+0000] {processor.py:183} INFO - Processing /opt/airflow/dags/dag_three.py took 0.453 seconds
[2025-11-24T13:30:51.378+0000] {processor.py:161} INFO - Started process (PID=1891) to work on /opt/airflow/dags/dag_three.py
[2025-11-24T13:30:51.380+0000] {processor.py:830} INFO - Processing file /opt/airflow/dags/dag_three.py for tasks to queue
[2025-11-24T13:30:51.383+0000] {logging_mixin.py:188} INFO - [2025-11-24T13:30:51.382+0000] {dagbag.py:538} INFO - Filling up the DagBag from /opt/airflow/dags/dag_three.py
[2025-11-24T13:30:51.838+0000] {processor.py:840} INFO - DAG(s) 'duckdb_to_iceberg_bronze' retrieved from /opt/airflow/dags/dag_three.py
[2025-11-24T13:30:51.858+0000] {logging_mixin.py:188} INFO - [2025-11-24T13:30:51.857+0000] {dag.py:3036} INFO - Sync 1 DAGs
[2025-11-24T13:30:51.867+0000] {logging_mixin.py:188} INFO - [2025-11-24T13:30:51.867+0000] {dag.py:3823} INFO - Setting next_dagrun for duckdb_to_iceberg_bronze to None, run_after=None
[2025-11-24T13:30:51.903+0000] {processor.py:183} INFO - Processing /opt/airflow/dags/dag_three.py took 0.531 seconds
[2025-11-24T13:31:21.977+0000] {processor.py:161} INFO - Started process (PID=1977) to work on /opt/airflow/dags/dag_three.py
[2025-11-24T13:31:21.978+0000] {processor.py:830} INFO - Processing file /opt/airflow/dags/dag_three.py for tasks to queue
[2025-11-24T13:31:21.980+0000] {logging_mixin.py:188} INFO - [2025-11-24T13:31:21.980+0000] {dagbag.py:538} INFO - Filling up the DagBag from /opt/airflow/dags/dag_three.py
[2025-11-24T13:31:22.365+0000] {processor.py:840} INFO - DAG(s) 'duckdb_to_iceberg_bronze' retrieved from /opt/airflow/dags/dag_three.py
[2025-11-24T13:31:22.388+0000] {logging_mixin.py:188} INFO - [2025-11-24T13:31:22.387+0000] {dag.py:3036} INFO - Sync 1 DAGs
[2025-11-24T13:31:22.400+0000] {logging_mixin.py:188} INFO - [2025-11-24T13:31:22.399+0000] {dag.py:3823} INFO - Setting next_dagrun for duckdb_to_iceberg_bronze to None, run_after=None
[2025-11-24T13:31:22.415+0000] {processor.py:183} INFO - Processing /opt/airflow/dags/dag_three.py took 0.444 seconds
[2025-11-24T13:31:52.491+0000] {processor.py:161} INFO - Started process (PID=2063) to work on /opt/airflow/dags/dag_three.py
[2025-11-24T13:31:52.492+0000] {processor.py:830} INFO - Processing file /opt/airflow/dags/dag_three.py for tasks to queue
[2025-11-24T13:31:52.494+0000] {logging_mixin.py:188} INFO - [2025-11-24T13:31:52.493+0000] {dagbag.py:538} INFO - Filling up the DagBag from /opt/airflow/dags/dag_three.py
[2025-11-24T13:31:52.869+0000] {processor.py:840} INFO - DAG(s) 'duckdb_to_iceberg_bronze' retrieved from /opt/airflow/dags/dag_three.py
[2025-11-24T13:31:52.889+0000] {logging_mixin.py:188} INFO - [2025-11-24T13:31:52.889+0000] {dag.py:3036} INFO - Sync 1 DAGs
[2025-11-24T13:31:52.906+0000] {logging_mixin.py:188} INFO - [2025-11-24T13:31:52.905+0000] {dag.py:3823} INFO - Setting next_dagrun for duckdb_to_iceberg_bronze to None, run_after=None
[2025-11-24T13:31:52.940+0000] {processor.py:183} INFO - Processing /opt/airflow/dags/dag_three.py took 0.454 seconds
[2025-11-24T13:32:23.735+0000] {processor.py:161} INFO - Started process (PID=2149) to work on /opt/airflow/dags/dag_three.py
[2025-11-24T13:32:23.737+0000] {processor.py:830} INFO - Processing file /opt/airflow/dags/dag_three.py for tasks to queue
[2025-11-24T13:32:23.738+0000] {logging_mixin.py:188} INFO - [2025-11-24T13:32:23.738+0000] {dagbag.py:538} INFO - Filling up the DagBag from /opt/airflow/dags/dag_three.py
[2025-11-24T13:32:24.186+0000] {processor.py:840} INFO - DAG(s) 'duckdb_to_iceberg_bronze' retrieved from /opt/airflow/dags/dag_three.py
[2025-11-24T13:32:24.209+0000] {logging_mixin.py:188} INFO - [2025-11-24T13:32:24.208+0000] {dag.py:3036} INFO - Sync 1 DAGs
[2025-11-24T13:32:24.223+0000] {logging_mixin.py:188} INFO - [2025-11-24T13:32:24.222+0000] {dag.py:3823} INFO - Setting next_dagrun for duckdb_to_iceberg_bronze to None, run_after=None
[2025-11-24T13:32:24.264+0000] {processor.py:183} INFO - Processing /opt/airflow/dags/dag_three.py took 0.535 seconds
[2025-11-24T13:32:54.525+0000] {processor.py:161} INFO - Started process (PID=2235) to work on /opt/airflow/dags/dag_three.py
[2025-11-24T13:32:54.526+0000] {processor.py:830} INFO - Processing file /opt/airflow/dags/dag_three.py for tasks to queue
[2025-11-24T13:32:54.528+0000] {logging_mixin.py:188} INFO - [2025-11-24T13:32:54.528+0000] {dagbag.py:538} INFO - Filling up the DagBag from /opt/airflow/dags/dag_three.py
[2025-11-24T13:32:54.915+0000] {processor.py:840} INFO - DAG(s) 'duckdb_to_iceberg_bronze' retrieved from /opt/airflow/dags/dag_three.py
[2025-11-24T13:32:54.936+0000] {logging_mixin.py:188} INFO - [2025-11-24T13:32:54.936+0000] {dag.py:3036} INFO - Sync 1 DAGs
[2025-11-24T13:32:54.946+0000] {logging_mixin.py:188} INFO - [2025-11-24T13:32:54.946+0000] {dag.py:3823} INFO - Setting next_dagrun for duckdb_to_iceberg_bronze to None, run_after=None
[2025-11-24T13:32:54.976+0000] {processor.py:183} INFO - Processing /opt/airflow/dags/dag_three.py took 0.456 seconds
