[2025-11-30T08:53:08.441+0000] {processor.py:161} INFO - Started process (PID=18330) to work on /opt/airflow/dags/01_data_fetch_mkCHtbls.py
[2025-11-30T08:53:08.444+0000] {processor.py:830} INFO - Processing file /opt/airflow/dags/01_data_fetch_mkCHtbls.py for tasks to queue
[2025-11-30T08:53:08.449+0000] {logging_mixin.py:188} INFO - [2025-11-30T08:53:08.448+0000] {dagbag.py:538} INFO - Filling up the DagBag from /opt/airflow/dags/01_data_fetch_mkCHtbls.py
[2025-11-30T08:53:13.798+0000] {processor.py:840} INFO - DAG(s) 'fetch_data' retrieved from /opt/airflow/dags/01_data_fetch_mkCHtbls.py
[2025-11-30T08:53:14.079+0000] {logging_mixin.py:188} INFO - [2025-11-30T08:53:14.078+0000] {dag.py:3036} INFO - Sync 1 DAGs
[2025-11-30T08:53:14.127+0000] {logging_mixin.py:188} INFO - [2025-11-30T08:53:14.126+0000] {dag.py:3823} INFO - Setting next_dagrun for fetch_data to 2025-11-30 00:00:00+00:00, run_after=2025-12-01 00:00:00+00:00
[2025-11-30T08:53:14.169+0000] {processor.py:183} INFO - Processing /opt/airflow/dags/01_data_fetch_mkCHtbls.py took 5.738 seconds
[2025-11-30T08:53:44.351+0000] {processor.py:161} INFO - Started process (PID=18497) to work on /opt/airflow/dags/01_data_fetch_mkCHtbls.py
[2025-11-30T08:53:44.354+0000] {processor.py:830} INFO - Processing file /opt/airflow/dags/01_data_fetch_mkCHtbls.py for tasks to queue
[2025-11-30T08:53:44.361+0000] {logging_mixin.py:188} INFO - [2025-11-30T08:53:44.360+0000] {dagbag.py:538} INFO - Filling up the DagBag from /opt/airflow/dags/01_data_fetch_mkCHtbls.py
[2025-11-30T08:53:48.935+0000] {processor.py:840} INFO - DAG(s) 'fetch_data' retrieved from /opt/airflow/dags/01_data_fetch_mkCHtbls.py
[2025-11-30T08:53:49.010+0000] {logging_mixin.py:188} INFO - [2025-11-30T08:53:49.009+0000] {dag.py:3036} INFO - Sync 1 DAGs
[2025-11-30T08:53:49.067+0000] {logging_mixin.py:188} INFO - [2025-11-30T08:53:49.066+0000] {dag.py:3823} INFO - Setting next_dagrun for fetch_data to 2025-11-30 00:00:00+00:00, run_after=2025-12-01 00:00:00+00:00
[2025-11-30T08:53:49.108+0000] {processor.py:183} INFO - Processing /opt/airflow/dags/01_data_fetch_mkCHtbls.py took 4.769 seconds
[2025-11-30T08:54:19.347+0000] {processor.py:161} INFO - Started process (PID=18631) to work on /opt/airflow/dags/01_data_fetch_mkCHtbls.py
[2025-11-30T08:54:19.349+0000] {processor.py:830} INFO - Processing file /opt/airflow/dags/01_data_fetch_mkCHtbls.py for tasks to queue
[2025-11-30T08:54:19.353+0000] {logging_mixin.py:188} INFO - [2025-11-30T08:54:19.352+0000] {dagbag.py:538} INFO - Filling up the DagBag from /opt/airflow/dags/01_data_fetch_mkCHtbls.py
[2025-11-30T08:54:23.642+0000] {processor.py:840} INFO - DAG(s) 'fetch_data' retrieved from /opt/airflow/dags/01_data_fetch_mkCHtbls.py
[2025-11-30T08:54:23.699+0000] {logging_mixin.py:188} INFO - [2025-11-30T08:54:23.698+0000] {dag.py:3036} INFO - Sync 1 DAGs
[2025-11-30T08:54:23.775+0000] {logging_mixin.py:188} INFO - [2025-11-30T08:54:23.774+0000] {dag.py:3823} INFO - Setting next_dagrun for fetch_data to 2025-11-30 00:00:00+00:00, run_after=2025-12-01 00:00:00+00:00
[2025-11-30T08:54:23.858+0000] {processor.py:183} INFO - Processing /opt/airflow/dags/01_data_fetch_mkCHtbls.py took 4.516 seconds
[2025-11-30T08:54:54.030+0000] {processor.py:161} INFO - Started process (PID=18696) to work on /opt/airflow/dags/01_data_fetch_mkCHtbls.py
[2025-11-30T08:54:54.031+0000] {processor.py:830} INFO - Processing file /opt/airflow/dags/01_data_fetch_mkCHtbls.py for tasks to queue
[2025-11-30T08:54:54.033+0000] {logging_mixin.py:188} INFO - [2025-11-30T08:54:54.033+0000] {dagbag.py:538} INFO - Filling up the DagBag from /opt/airflow/dags/01_data_fetch_mkCHtbls.py
[2025-11-30T08:54:58.645+0000] {processor.py:840} INFO - DAG(s) 'fetch_data' retrieved from /opt/airflow/dags/01_data_fetch_mkCHtbls.py
[2025-11-30T08:54:58.691+0000] {logging_mixin.py:188} INFO - [2025-11-30T08:54:58.690+0000] {dag.py:3036} INFO - Sync 1 DAGs
[2025-11-30T08:54:58.732+0000] {logging_mixin.py:188} INFO - [2025-11-30T08:54:58.732+0000] {dag.py:3823} INFO - Setting next_dagrun for fetch_data to 2025-11-30 00:00:00+00:00, run_after=2025-12-01 00:00:00+00:00
[2025-11-30T08:54:58.770+0000] {processor.py:183} INFO - Processing /opt/airflow/dags/01_data_fetch_mkCHtbls.py took 4.745 seconds
[2025-11-30T08:55:29.552+0000] {processor.py:161} INFO - Started process (PID=18761) to work on /opt/airflow/dags/01_data_fetch_mkCHtbls.py
[2025-11-30T08:55:29.554+0000] {processor.py:830} INFO - Processing file /opt/airflow/dags/01_data_fetch_mkCHtbls.py for tasks to queue
[2025-11-30T08:55:29.564+0000] {logging_mixin.py:188} INFO - [2025-11-30T08:55:29.563+0000] {dagbag.py:538} INFO - Filling up the DagBag from /opt/airflow/dags/01_data_fetch_mkCHtbls.py
[2025-11-30T08:55:34.104+0000] {processor.py:840} INFO - DAG(s) 'fetch_data' retrieved from /opt/airflow/dags/01_data_fetch_mkCHtbls.py
[2025-11-30T08:55:34.156+0000] {logging_mixin.py:188} INFO - [2025-11-30T08:55:34.155+0000] {dag.py:3036} INFO - Sync 1 DAGs
[2025-11-30T08:55:34.210+0000] {logging_mixin.py:188} INFO - [2025-11-30T08:55:34.209+0000] {dag.py:3823} INFO - Setting next_dagrun for fetch_data to 2025-11-30 00:00:00+00:00, run_after=2025-12-01 00:00:00+00:00
[2025-11-30T08:55:34.260+0000] {processor.py:183} INFO - Processing /opt/airflow/dags/01_data_fetch_mkCHtbls.py took 4.714 seconds
[2025-11-30T08:56:04.989+0000] {processor.py:161} INFO - Started process (PID=18826) to work on /opt/airflow/dags/01_data_fetch_mkCHtbls.py
[2025-11-30T08:56:04.991+0000] {processor.py:830} INFO - Processing file /opt/airflow/dags/01_data_fetch_mkCHtbls.py for tasks to queue
[2025-11-30T08:56:04.993+0000] {logging_mixin.py:188} INFO - [2025-11-30T08:56:04.992+0000] {dagbag.py:538} INFO - Filling up the DagBag from /opt/airflow/dags/01_data_fetch_mkCHtbls.py
[2025-11-30T08:56:09.520+0000] {processor.py:840} INFO - DAG(s) 'fetch_data' retrieved from /opt/airflow/dags/01_data_fetch_mkCHtbls.py
[2025-11-30T08:56:09.567+0000] {logging_mixin.py:188} INFO - [2025-11-30T08:56:09.567+0000] {dag.py:3036} INFO - Sync 1 DAGs
[2025-11-30T08:56:09.606+0000] {logging_mixin.py:188} INFO - [2025-11-30T08:56:09.606+0000] {dag.py:3823} INFO - Setting next_dagrun for fetch_data to 2025-11-30 00:00:00+00:00, run_after=2025-12-01 00:00:00+00:00
[2025-11-30T08:56:09.654+0000] {processor.py:183} INFO - Processing /opt/airflow/dags/01_data_fetch_mkCHtbls.py took 4.668 seconds
[2025-11-30T08:56:40.283+0000] {processor.py:161} INFO - Started process (PID=18891) to work on /opt/airflow/dags/01_data_fetch_mkCHtbls.py
[2025-11-30T08:56:40.285+0000] {processor.py:830} INFO - Processing file /opt/airflow/dags/01_data_fetch_mkCHtbls.py for tasks to queue
[2025-11-30T08:56:40.287+0000] {logging_mixin.py:188} INFO - [2025-11-30T08:56:40.287+0000] {dagbag.py:538} INFO - Filling up the DagBag from /opt/airflow/dags/01_data_fetch_mkCHtbls.py
[2025-11-30T08:56:44.861+0000] {processor.py:840} INFO - DAG(s) 'fetch_data' retrieved from /opt/airflow/dags/01_data_fetch_mkCHtbls.py
[2025-11-30T08:56:44.908+0000] {logging_mixin.py:188} INFO - [2025-11-30T08:56:44.907+0000] {dag.py:3036} INFO - Sync 1 DAGs
[2025-11-30T08:56:44.947+0000] {logging_mixin.py:188} INFO - [2025-11-30T08:56:44.947+0000] {dag.py:3823} INFO - Setting next_dagrun for fetch_data to 2025-11-30 00:00:00+00:00, run_after=2025-12-01 00:00:00+00:00
[2025-11-30T08:56:44.979+0000] {processor.py:183} INFO - Processing /opt/airflow/dags/01_data_fetch_mkCHtbls.py took 4.701 seconds
[2025-11-30T08:57:15.311+0000] {processor.py:161} INFO - Started process (PID=18976) to work on /opt/airflow/dags/01_data_fetch_mkCHtbls.py
[2025-11-30T08:57:15.313+0000] {processor.py:830} INFO - Processing file /opt/airflow/dags/01_data_fetch_mkCHtbls.py for tasks to queue
[2025-11-30T08:57:15.315+0000] {logging_mixin.py:188} INFO - [2025-11-30T08:57:15.314+0000] {dagbag.py:538} INFO - Filling up the DagBag from /opt/airflow/dags/01_data_fetch_mkCHtbls.py
[2025-11-30T08:57:20.056+0000] {processor.py:840} INFO - DAG(s) 'fetch_data' retrieved from /opt/airflow/dags/01_data_fetch_mkCHtbls.py
[2025-11-30T08:57:20.100+0000] {logging_mixin.py:188} INFO - [2025-11-30T08:57:20.100+0000] {dag.py:3036} INFO - Sync 1 DAGs
[2025-11-30T08:57:20.142+0000] {logging_mixin.py:188} INFO - [2025-11-30T08:57:20.141+0000] {dag.py:3823} INFO - Setting next_dagrun for fetch_data to 2025-11-30 00:00:00+00:00, run_after=2025-12-01 00:00:00+00:00
[2025-11-30T08:57:20.167+0000] {processor.py:183} INFO - Processing /opt/airflow/dags/01_data_fetch_mkCHtbls.py took 4.860 seconds
[2025-11-30T08:57:50.439+0000] {processor.py:161} INFO - Started process (PID=19041) to work on /opt/airflow/dags/01_data_fetch_mkCHtbls.py
[2025-11-30T08:57:50.440+0000] {processor.py:830} INFO - Processing file /opt/airflow/dags/01_data_fetch_mkCHtbls.py for tasks to queue
[2025-11-30T08:57:50.443+0000] {logging_mixin.py:188} INFO - [2025-11-30T08:57:50.442+0000] {dagbag.py:538} INFO - Filling up the DagBag from /opt/airflow/dags/01_data_fetch_mkCHtbls.py
[2025-11-30T08:57:54.663+0000] {processor.py:840} INFO - DAG(s) 'fetch_data' retrieved from /opt/airflow/dags/01_data_fetch_mkCHtbls.py
[2025-11-30T08:57:54.707+0000] {logging_mixin.py:188} INFO - [2025-11-30T08:57:54.707+0000] {dag.py:3036} INFO - Sync 1 DAGs
[2025-11-30T08:57:54.751+0000] {logging_mixin.py:188} INFO - [2025-11-30T08:57:54.750+0000] {dag.py:3823} INFO - Setting next_dagrun for fetch_data to 2025-11-30 00:00:00+00:00, run_after=2025-12-01 00:00:00+00:00
[2025-11-30T08:57:54.797+0000] {processor.py:183} INFO - Processing /opt/airflow/dags/01_data_fetch_mkCHtbls.py took 4.363 seconds
[2025-11-30T08:58:25.037+0000] {processor.py:161} INFO - Started process (PID=19127) to work on /opt/airflow/dags/01_data_fetch_mkCHtbls.py
[2025-11-30T08:58:25.041+0000] {processor.py:830} INFO - Processing file /opt/airflow/dags/01_data_fetch_mkCHtbls.py for tasks to queue
[2025-11-30T08:58:25.048+0000] {logging_mixin.py:188} INFO - [2025-11-30T08:58:25.045+0000] {dagbag.py:538} INFO - Filling up the DagBag from /opt/airflow/dags/01_data_fetch_mkCHtbls.py
[2025-11-30T08:58:29.931+0000] {processor.py:840} INFO - DAG(s) 'fetch_data' retrieved from /opt/airflow/dags/01_data_fetch_mkCHtbls.py
[2025-11-30T08:58:29.972+0000] {logging_mixin.py:188} INFO - [2025-11-30T08:58:29.972+0000] {dag.py:3036} INFO - Sync 1 DAGs
[2025-11-30T08:58:30.013+0000] {logging_mixin.py:188} INFO - [2025-11-30T08:58:30.013+0000] {dag.py:3823} INFO - Setting next_dagrun for fetch_data to 2025-11-30 00:00:00+00:00, run_after=2025-12-01 00:00:00+00:00
[2025-11-30T08:58:30.063+0000] {processor.py:183} INFO - Processing /opt/airflow/dags/01_data_fetch_mkCHtbls.py took 5.045 seconds
[2025-11-30T08:59:00.409+0000] {processor.py:161} INFO - Started process (PID=19192) to work on /opt/airflow/dags/01_data_fetch_mkCHtbls.py
[2025-11-30T08:59:00.412+0000] {processor.py:830} INFO - Processing file /opt/airflow/dags/01_data_fetch_mkCHtbls.py for tasks to queue
[2025-11-30T08:59:00.416+0000] {logging_mixin.py:188} INFO - [2025-11-30T08:59:00.415+0000] {dagbag.py:538} INFO - Filling up the DagBag from /opt/airflow/dags/01_data_fetch_mkCHtbls.py
[2025-11-30T08:59:04.836+0000] {processor.py:840} INFO - DAG(s) 'fetch_data' retrieved from /opt/airflow/dags/01_data_fetch_mkCHtbls.py
[2025-11-30T08:59:04.887+0000] {logging_mixin.py:188} INFO - [2025-11-30T08:59:04.887+0000] {dag.py:3036} INFO - Sync 1 DAGs
[2025-11-30T08:59:04.928+0000] {logging_mixin.py:188} INFO - [2025-11-30T08:59:04.927+0000] {dag.py:3823} INFO - Setting next_dagrun for fetch_data to 2025-11-30 00:00:00+00:00, run_after=2025-12-01 00:00:00+00:00
[2025-11-30T08:59:04.973+0000] {processor.py:183} INFO - Processing /opt/airflow/dags/01_data_fetch_mkCHtbls.py took 4.572 seconds
[2025-11-30T08:59:35.336+0000] {processor.py:161} INFO - Started process (PID=19257) to work on /opt/airflow/dags/01_data_fetch_mkCHtbls.py
[2025-11-30T08:59:35.340+0000] {processor.py:830} INFO - Processing file /opt/airflow/dags/01_data_fetch_mkCHtbls.py for tasks to queue
[2025-11-30T08:59:35.345+0000] {logging_mixin.py:188} INFO - [2025-11-30T08:59:35.344+0000] {dagbag.py:538} INFO - Filling up the DagBag from /opt/airflow/dags/01_data_fetch_mkCHtbls.py
[2025-11-30T08:59:39.788+0000] {processor.py:840} INFO - DAG(s) 'fetch_data' retrieved from /opt/airflow/dags/01_data_fetch_mkCHtbls.py
[2025-11-30T08:59:39.835+0000] {logging_mixin.py:188} INFO - [2025-11-30T08:59:39.834+0000] {dag.py:3036} INFO - Sync 1 DAGs
[2025-11-30T08:59:39.879+0000] {logging_mixin.py:188} INFO - [2025-11-30T08:59:39.879+0000] {dag.py:3823} INFO - Setting next_dagrun for fetch_data to 2025-11-30 00:00:00+00:00, run_after=2025-12-01 00:00:00+00:00
[2025-11-30T08:59:39.915+0000] {processor.py:183} INFO - Processing /opt/airflow/dags/01_data_fetch_mkCHtbls.py took 4.590 seconds
[2025-11-30T09:00:10.120+0000] {processor.py:161} INFO - Started process (PID=19322) to work on /opt/airflow/dags/01_data_fetch_mkCHtbls.py
[2025-11-30T09:00:10.123+0000] {processor.py:830} INFO - Processing file /opt/airflow/dags/01_data_fetch_mkCHtbls.py for tasks to queue
[2025-11-30T09:00:10.126+0000] {logging_mixin.py:188} INFO - [2025-11-30T09:00:10.125+0000] {dagbag.py:538} INFO - Filling up the DagBag from /opt/airflow/dags/01_data_fetch_mkCHtbls.py
[2025-11-30T09:00:14.553+0000] {processor.py:840} INFO - DAG(s) 'fetch_data' retrieved from /opt/airflow/dags/01_data_fetch_mkCHtbls.py
[2025-11-30T09:00:14.606+0000] {logging_mixin.py:188} INFO - [2025-11-30T09:00:14.605+0000] {dag.py:3036} INFO - Sync 1 DAGs
[2025-11-30T09:00:14.650+0000] {logging_mixin.py:188} INFO - [2025-11-30T09:00:14.650+0000] {dag.py:3823} INFO - Setting next_dagrun for fetch_data to 2025-11-30 00:00:00+00:00, run_after=2025-12-01 00:00:00+00:00
[2025-11-30T09:00:14.703+0000] {processor.py:183} INFO - Processing /opt/airflow/dags/01_data_fetch_mkCHtbls.py took 4.591 seconds
[2025-11-30T09:00:45.379+0000] {processor.py:161} INFO - Started process (PID=19387) to work on /opt/airflow/dags/01_data_fetch_mkCHtbls.py
[2025-11-30T09:00:45.383+0000] {processor.py:830} INFO - Processing file /opt/airflow/dags/01_data_fetch_mkCHtbls.py for tasks to queue
[2025-11-30T09:00:45.388+0000] {logging_mixin.py:188} INFO - [2025-11-30T09:00:45.386+0000] {dagbag.py:538} INFO - Filling up the DagBag from /opt/airflow/dags/01_data_fetch_mkCHtbls.py
[2025-11-30T09:00:50.004+0000] {processor.py:840} INFO - DAG(s) 'fetch_data' retrieved from /opt/airflow/dags/01_data_fetch_mkCHtbls.py
[2025-11-30T09:00:50.073+0000] {logging_mixin.py:188} INFO - [2025-11-30T09:00:50.072+0000] {dag.py:3036} INFO - Sync 1 DAGs
[2025-11-30T09:00:50.139+0000] {logging_mixin.py:188} INFO - [2025-11-30T09:00:50.138+0000] {dag.py:3823} INFO - Setting next_dagrun for fetch_data to 2025-11-30 00:00:00+00:00, run_after=2025-12-01 00:00:00+00:00
[2025-11-30T09:00:50.209+0000] {processor.py:183} INFO - Processing /opt/airflow/dags/01_data_fetch_mkCHtbls.py took 4.839 seconds
[2025-11-30T09:01:20.586+0000] {processor.py:161} INFO - Started process (PID=19452) to work on /opt/airflow/dags/01_data_fetch_mkCHtbls.py
[2025-11-30T09:01:20.588+0000] {processor.py:830} INFO - Processing file /opt/airflow/dags/01_data_fetch_mkCHtbls.py for tasks to queue
[2025-11-30T09:01:20.592+0000] {logging_mixin.py:188} INFO - [2025-11-30T09:01:20.591+0000] {dagbag.py:538} INFO - Filling up the DagBag from /opt/airflow/dags/01_data_fetch_mkCHtbls.py
[2025-11-30T09:01:24.973+0000] {processor.py:840} INFO - DAG(s) 'fetch_data' retrieved from /opt/airflow/dags/01_data_fetch_mkCHtbls.py
[2025-11-30T09:01:25.015+0000] {logging_mixin.py:188} INFO - [2025-11-30T09:01:25.014+0000] {dag.py:3036} INFO - Sync 1 DAGs
[2025-11-30T09:01:25.048+0000] {logging_mixin.py:188} INFO - [2025-11-30T09:01:25.048+0000] {dag.py:3823} INFO - Setting next_dagrun for fetch_data to 2025-11-30 00:00:00+00:00, run_after=2025-12-01 00:00:00+00:00
[2025-11-30T09:01:25.095+0000] {processor.py:183} INFO - Processing /opt/airflow/dags/01_data_fetch_mkCHtbls.py took 4.516 seconds
[2025-11-30T09:01:55.401+0000] {processor.py:161} INFO - Started process (PID=19537) to work on /opt/airflow/dags/01_data_fetch_mkCHtbls.py
[2025-11-30T09:01:55.403+0000] {processor.py:830} INFO - Processing file /opt/airflow/dags/01_data_fetch_mkCHtbls.py for tasks to queue
[2025-11-30T09:01:55.406+0000] {logging_mixin.py:188} INFO - [2025-11-30T09:01:55.405+0000] {dagbag.py:538} INFO - Filling up the DagBag from /opt/airflow/dags/01_data_fetch_mkCHtbls.py
[2025-11-30T09:01:59.919+0000] {processor.py:840} INFO - DAG(s) 'fetch_data' retrieved from /opt/airflow/dags/01_data_fetch_mkCHtbls.py
[2025-11-30T09:01:59.960+0000] {logging_mixin.py:188} INFO - [2025-11-30T09:01:59.960+0000] {dag.py:3036} INFO - Sync 1 DAGs
[2025-11-30T09:02:00.008+0000] {logging_mixin.py:188} INFO - [2025-11-30T09:02:00.007+0000] {dag.py:3823} INFO - Setting next_dagrun for fetch_data to 2025-11-30 00:00:00+00:00, run_after=2025-12-01 00:00:00+00:00
[2025-11-30T09:02:00.045+0000] {processor.py:183} INFO - Processing /opt/airflow/dags/01_data_fetch_mkCHtbls.py took 4.649 seconds
[2025-11-30T09:02:30.230+0000] {processor.py:161} INFO - Started process (PID=19602) to work on /opt/airflow/dags/01_data_fetch_mkCHtbls.py
[2025-11-30T09:02:30.232+0000] {processor.py:830} INFO - Processing file /opt/airflow/dags/01_data_fetch_mkCHtbls.py for tasks to queue
[2025-11-30T09:02:30.234+0000] {logging_mixin.py:188} INFO - [2025-11-30T09:02:30.234+0000] {dagbag.py:538} INFO - Filling up the DagBag from /opt/airflow/dags/01_data_fetch_mkCHtbls.py
[2025-11-30T09:02:34.833+0000] {processor.py:840} INFO - DAG(s) 'fetch_data' retrieved from /opt/airflow/dags/01_data_fetch_mkCHtbls.py
[2025-11-30T09:02:34.879+0000] {logging_mixin.py:188} INFO - [2025-11-30T09:02:34.879+0000] {dag.py:3036} INFO - Sync 1 DAGs
[2025-11-30T09:02:34.977+0000] {logging_mixin.py:188} INFO - [2025-11-30T09:02:34.976+0000] {dag.py:3823} INFO - Setting next_dagrun for fetch_data to 2025-11-30 00:00:00+00:00, run_after=2025-12-01 00:00:00+00:00
[2025-11-30T09:02:35.036+0000] {processor.py:183} INFO - Processing /opt/airflow/dags/01_data_fetch_mkCHtbls.py took 4.813 seconds
[2025-11-30T09:03:05.244+0000] {processor.py:161} INFO - Started process (PID=19688) to work on /opt/airflow/dags/01_data_fetch_mkCHtbls.py
[2025-11-30T09:03:05.247+0000] {processor.py:830} INFO - Processing file /opt/airflow/dags/01_data_fetch_mkCHtbls.py for tasks to queue
[2025-11-30T09:03:05.250+0000] {logging_mixin.py:188} INFO - [2025-11-30T09:03:05.249+0000] {dagbag.py:538} INFO - Filling up the DagBag from /opt/airflow/dags/01_data_fetch_mkCHtbls.py
[2025-11-30T09:03:09.896+0000] {processor.py:840} INFO - DAG(s) 'fetch_data' retrieved from /opt/airflow/dags/01_data_fetch_mkCHtbls.py
[2025-11-30T09:03:09.944+0000] {logging_mixin.py:188} INFO - [2025-11-30T09:03:09.944+0000] {dag.py:3036} INFO - Sync 1 DAGs
[2025-11-30T09:03:09.998+0000] {logging_mixin.py:188} INFO - [2025-11-30T09:03:09.997+0000] {dag.py:3823} INFO - Setting next_dagrun for fetch_data to 2025-11-30 00:00:00+00:00, run_after=2025-12-01 00:00:00+00:00
[2025-11-30T09:03:10.054+0000] {processor.py:183} INFO - Processing /opt/airflow/dags/01_data_fetch_mkCHtbls.py took 4.824 seconds
[2025-11-30T09:03:40.373+0000] {processor.py:161} INFO - Started process (PID=19753) to work on /opt/airflow/dags/01_data_fetch_mkCHtbls.py
[2025-11-30T09:03:40.375+0000] {processor.py:830} INFO - Processing file /opt/airflow/dags/01_data_fetch_mkCHtbls.py for tasks to queue
[2025-11-30T09:03:40.378+0000] {logging_mixin.py:188} INFO - [2025-11-30T09:03:40.377+0000] {dagbag.py:538} INFO - Filling up the DagBag from /opt/airflow/dags/01_data_fetch_mkCHtbls.py
[2025-11-30T09:03:45.262+0000] {processor.py:840} INFO - DAG(s) 'fetch_data' retrieved from /opt/airflow/dags/01_data_fetch_mkCHtbls.py
[2025-11-30T09:03:45.320+0000] {logging_mixin.py:188} INFO - [2025-11-30T09:03:45.320+0000] {dag.py:3036} INFO - Sync 1 DAGs
[2025-11-30T09:03:45.369+0000] {logging_mixin.py:188} INFO - [2025-11-30T09:03:45.369+0000] {dag.py:3823} INFO - Setting next_dagrun for fetch_data to 2025-11-30 00:00:00+00:00, run_after=2025-12-01 00:00:00+00:00
[2025-11-30T09:03:45.419+0000] {processor.py:183} INFO - Processing /opt/airflow/dags/01_data_fetch_mkCHtbls.py took 5.053 seconds
[2025-11-30T09:04:15.733+0000] {processor.py:161} INFO - Started process (PID=19818) to work on /opt/airflow/dags/01_data_fetch_mkCHtbls.py
[2025-11-30T09:04:15.736+0000] {processor.py:830} INFO - Processing file /opt/airflow/dags/01_data_fetch_mkCHtbls.py for tasks to queue
[2025-11-30T09:04:15.740+0000] {logging_mixin.py:188} INFO - [2025-11-30T09:04:15.739+0000] {dagbag.py:538} INFO - Filling up the DagBag from /opt/airflow/dags/01_data_fetch_mkCHtbls.py
[2025-11-30T09:04:20.114+0000] {processor.py:840} INFO - DAG(s) 'fetch_data' retrieved from /opt/airflow/dags/01_data_fetch_mkCHtbls.py
[2025-11-30T09:04:20.156+0000] {logging_mixin.py:188} INFO - [2025-11-30T09:04:20.156+0000] {dag.py:3036} INFO - Sync 1 DAGs
[2025-11-30T09:04:20.189+0000] {logging_mixin.py:188} INFO - [2025-11-30T09:04:20.188+0000] {dag.py:3823} INFO - Setting next_dagrun for fetch_data to 2025-11-30 00:00:00+00:00, run_after=2025-12-01 00:00:00+00:00
[2025-11-30T09:04:20.226+0000] {processor.py:183} INFO - Processing /opt/airflow/dags/01_data_fetch_mkCHtbls.py took 4.503 seconds
[2025-11-30T09:04:50.554+0000] {processor.py:161} INFO - Started process (PID=19883) to work on /opt/airflow/dags/01_data_fetch_mkCHtbls.py
[2025-11-30T09:04:50.557+0000] {processor.py:830} INFO - Processing file /opt/airflow/dags/01_data_fetch_mkCHtbls.py for tasks to queue
[2025-11-30T09:04:50.559+0000] {logging_mixin.py:188} INFO - [2025-11-30T09:04:50.558+0000] {dagbag.py:538} INFO - Filling up the DagBag from /opt/airflow/dags/01_data_fetch_mkCHtbls.py
[2025-11-30T09:04:55.407+0000] {processor.py:840} INFO - DAG(s) 'fetch_data' retrieved from /opt/airflow/dags/01_data_fetch_mkCHtbls.py
[2025-11-30T09:04:55.471+0000] {logging_mixin.py:188} INFO - [2025-11-30T09:04:55.470+0000] {dag.py:3036} INFO - Sync 1 DAGs
[2025-11-30T09:04:55.538+0000] {logging_mixin.py:188} INFO - [2025-11-30T09:04:55.537+0000] {dag.py:3823} INFO - Setting next_dagrun for fetch_data to 2025-11-30 00:00:00+00:00, run_after=2025-12-01 00:00:00+00:00
[2025-11-30T09:04:55.624+0000] {processor.py:183} INFO - Processing /opt/airflow/dags/01_data_fetch_mkCHtbls.py took 5.076 seconds
[2025-11-30T09:05:26.002+0000] {processor.py:161} INFO - Started process (PID=19948) to work on /opt/airflow/dags/01_data_fetch_mkCHtbls.py
[2025-11-30T09:05:26.005+0000] {processor.py:830} INFO - Processing file /opt/airflow/dags/01_data_fetch_mkCHtbls.py for tasks to queue
[2025-11-30T09:05:26.008+0000] {logging_mixin.py:188} INFO - [2025-11-30T09:05:26.007+0000] {dagbag.py:538} INFO - Filling up the DagBag from /opt/airflow/dags/01_data_fetch_mkCHtbls.py
[2025-11-30T09:05:30.428+0000] {processor.py:840} INFO - DAG(s) 'fetch_data' retrieved from /opt/airflow/dags/01_data_fetch_mkCHtbls.py
[2025-11-30T09:05:30.472+0000] {logging_mixin.py:188} INFO - [2025-11-30T09:05:30.472+0000] {dag.py:3036} INFO - Sync 1 DAGs
[2025-11-30T09:05:30.503+0000] {logging_mixin.py:188} INFO - [2025-11-30T09:05:30.503+0000] {dag.py:3823} INFO - Setting next_dagrun for fetch_data to 2025-11-30 00:00:00+00:00, run_after=2025-12-01 00:00:00+00:00
[2025-11-30T09:05:30.545+0000] {processor.py:183} INFO - Processing /opt/airflow/dags/01_data_fetch_mkCHtbls.py took 4.552 seconds
[2025-11-30T09:06:00.792+0000] {processor.py:161} INFO - Started process (PID=20033) to work on /opt/airflow/dags/01_data_fetch_mkCHtbls.py
[2025-11-30T09:06:00.795+0000] {processor.py:830} INFO - Processing file /opt/airflow/dags/01_data_fetch_mkCHtbls.py for tasks to queue
[2025-11-30T09:06:00.798+0000] {logging_mixin.py:188} INFO - [2025-11-30T09:06:00.797+0000] {dagbag.py:538} INFO - Filling up the DagBag from /opt/airflow/dags/01_data_fetch_mkCHtbls.py
[2025-11-30T09:06:05.343+0000] {processor.py:840} INFO - DAG(s) 'fetch_data' retrieved from /opt/airflow/dags/01_data_fetch_mkCHtbls.py
[2025-11-30T09:06:05.403+0000] {logging_mixin.py:188} INFO - [2025-11-30T09:06:05.403+0000] {dag.py:3036} INFO - Sync 1 DAGs
[2025-11-30T09:06:05.451+0000] {logging_mixin.py:188} INFO - [2025-11-30T09:06:05.450+0000] {dag.py:3823} INFO - Setting next_dagrun for fetch_data to 2025-11-30 00:00:00+00:00, run_after=2025-12-01 00:00:00+00:00
[2025-11-30T09:06:05.488+0000] {processor.py:183} INFO - Processing /opt/airflow/dags/01_data_fetch_mkCHtbls.py took 4.703 seconds
[2025-11-30T09:06:35.646+0000] {processor.py:161} INFO - Started process (PID=20098) to work on /opt/airflow/dags/01_data_fetch_mkCHtbls.py
[2025-11-30T09:06:35.650+0000] {processor.py:830} INFO - Processing file /opt/airflow/dags/01_data_fetch_mkCHtbls.py for tasks to queue
[2025-11-30T09:06:35.654+0000] {logging_mixin.py:188} INFO - [2025-11-30T09:06:35.652+0000] {dagbag.py:538} INFO - Filling up the DagBag from /opt/airflow/dags/01_data_fetch_mkCHtbls.py
[2025-11-30T09:06:40.047+0000] {processor.py:840} INFO - DAG(s) 'fetch_data' retrieved from /opt/airflow/dags/01_data_fetch_mkCHtbls.py
[2025-11-30T09:06:40.096+0000] {logging_mixin.py:188} INFO - [2025-11-30T09:06:40.095+0000] {dag.py:3036} INFO - Sync 1 DAGs
[2025-11-30T09:06:40.145+0000] {logging_mixin.py:188} INFO - [2025-11-30T09:06:40.144+0000] {dag.py:3823} INFO - Setting next_dagrun for fetch_data to 2025-11-30 00:00:00+00:00, run_after=2025-12-01 00:00:00+00:00
[2025-11-30T09:06:40.191+0000] {processor.py:183} INFO - Processing /opt/airflow/dags/01_data_fetch_mkCHtbls.py took 4.554 seconds
[2025-11-30T09:07:10.283+0000] {processor.py:161} INFO - Started process (PID=20163) to work on /opt/airflow/dags/01_data_fetch_mkCHtbls.py
[2025-11-30T09:07:10.285+0000] {processor.py:830} INFO - Processing file /opt/airflow/dags/01_data_fetch_mkCHtbls.py for tasks to queue
[2025-11-30T09:07:10.288+0000] {logging_mixin.py:188} INFO - [2025-11-30T09:07:10.287+0000] {dagbag.py:538} INFO - Filling up the DagBag from /opt/airflow/dags/01_data_fetch_mkCHtbls.py
[2025-11-30T09:07:15.064+0000] {processor.py:840} INFO - DAG(s) 'fetch_data' retrieved from /opt/airflow/dags/01_data_fetch_mkCHtbls.py
[2025-11-30T09:07:15.111+0000] {logging_mixin.py:188} INFO - [2025-11-30T09:07:15.111+0000] {dag.py:3036} INFO - Sync 1 DAGs
[2025-11-30T09:07:15.153+0000] {logging_mixin.py:188} INFO - [2025-11-30T09:07:15.153+0000] {dag.py:3823} INFO - Setting next_dagrun for fetch_data to 2025-11-30 00:00:00+00:00, run_after=2025-12-01 00:00:00+00:00
[2025-11-30T09:07:15.208+0000] {processor.py:183} INFO - Processing /opt/airflow/dags/01_data_fetch_mkCHtbls.py took 4.933 seconds
[2025-11-30T09:07:45.580+0000] {processor.py:161} INFO - Started process (PID=20228) to work on /opt/airflow/dags/01_data_fetch_mkCHtbls.py
[2025-11-30T09:07:45.582+0000] {processor.py:830} INFO - Processing file /opt/airflow/dags/01_data_fetch_mkCHtbls.py for tasks to queue
[2025-11-30T09:07:45.584+0000] {logging_mixin.py:188} INFO - [2025-11-30T09:07:45.583+0000] {dagbag.py:538} INFO - Filling up the DagBag from /opt/airflow/dags/01_data_fetch_mkCHtbls.py
[2025-11-30T09:07:49.967+0000] {processor.py:840} INFO - DAG(s) 'fetch_data' retrieved from /opt/airflow/dags/01_data_fetch_mkCHtbls.py
[2025-11-30T09:07:50.009+0000] {logging_mixin.py:188} INFO - [2025-11-30T09:07:50.009+0000] {dag.py:3036} INFO - Sync 1 DAGs
[2025-11-30T09:07:50.048+0000] {logging_mixin.py:188} INFO - [2025-11-30T09:07:50.048+0000] {dag.py:3823} INFO - Setting next_dagrun for fetch_data to 2025-11-30 00:00:00+00:00, run_after=2025-12-01 00:00:00+00:00
[2025-11-30T09:07:50.096+0000] {processor.py:183} INFO - Processing /opt/airflow/dags/01_data_fetch_mkCHtbls.py took 4.527 seconds
[2025-11-30T09:08:20.321+0000] {processor.py:161} INFO - Started process (PID=20314) to work on /opt/airflow/dags/01_data_fetch_mkCHtbls.py
[2025-11-30T09:08:20.322+0000] {processor.py:830} INFO - Processing file /opt/airflow/dags/01_data_fetch_mkCHtbls.py for tasks to queue
[2025-11-30T09:08:20.325+0000] {logging_mixin.py:188} INFO - [2025-11-30T09:08:20.324+0000] {dagbag.py:538} INFO - Filling up the DagBag from /opt/airflow/dags/01_data_fetch_mkCHtbls.py
[2025-11-30T09:08:25.044+0000] {processor.py:840} INFO - DAG(s) 'fetch_data' retrieved from /opt/airflow/dags/01_data_fetch_mkCHtbls.py
[2025-11-30T09:08:25.111+0000] {logging_mixin.py:188} INFO - [2025-11-30T09:08:25.111+0000] {dag.py:3036} INFO - Sync 1 DAGs
[2025-11-30T09:08:25.170+0000] {logging_mixin.py:188} INFO - [2025-11-30T09:08:25.169+0000] {dag.py:3823} INFO - Setting next_dagrun for fetch_data to 2025-11-30 00:00:00+00:00, run_after=2025-12-01 00:00:00+00:00
[2025-11-30T09:08:25.221+0000] {processor.py:183} INFO - Processing /opt/airflow/dags/01_data_fetch_mkCHtbls.py took 4.906 seconds
[2025-11-30T09:08:55.285+0000] {processor.py:161} INFO - Started process (PID=20379) to work on /opt/airflow/dags/01_data_fetch_mkCHtbls.py
[2025-11-30T09:08:55.287+0000] {processor.py:830} INFO - Processing file /opt/airflow/dags/01_data_fetch_mkCHtbls.py for tasks to queue
[2025-11-30T09:08:55.290+0000] {logging_mixin.py:188} INFO - [2025-11-30T09:08:55.289+0000] {dagbag.py:538} INFO - Filling up the DagBag from /opt/airflow/dags/01_data_fetch_mkCHtbls.py
[2025-11-30T09:08:59.846+0000] {processor.py:840} INFO - DAG(s) 'fetch_data' retrieved from /opt/airflow/dags/01_data_fetch_mkCHtbls.py
[2025-11-30T09:08:59.895+0000] {logging_mixin.py:188} INFO - [2025-11-30T09:08:59.894+0000] {dag.py:3036} INFO - Sync 1 DAGs
[2025-11-30T09:08:59.939+0000] {logging_mixin.py:188} INFO - [2025-11-30T09:08:59.939+0000] {dag.py:3823} INFO - Setting next_dagrun for fetch_data to 2025-11-30 00:00:00+00:00, run_after=2025-12-01 00:00:00+00:00
[2025-11-30T09:08:59.984+0000] {processor.py:183} INFO - Processing /opt/airflow/dags/01_data_fetch_mkCHtbls.py took 4.705 seconds
[2025-11-30T09:09:30.229+0000] {processor.py:161} INFO - Started process (PID=20444) to work on /opt/airflow/dags/01_data_fetch_mkCHtbls.py
[2025-11-30T09:09:30.231+0000] {processor.py:830} INFO - Processing file /opt/airflow/dags/01_data_fetch_mkCHtbls.py for tasks to queue
[2025-11-30T09:09:30.233+0000] {logging_mixin.py:188} INFO - [2025-11-30T09:09:30.232+0000] {dagbag.py:538} INFO - Filling up the DagBag from /opt/airflow/dags/01_data_fetch_mkCHtbls.py
[2025-11-30T09:09:34.800+0000] {processor.py:840} INFO - DAG(s) 'fetch_data' retrieved from /opt/airflow/dags/01_data_fetch_mkCHtbls.py
[2025-11-30T09:09:34.860+0000] {logging_mixin.py:188} INFO - [2025-11-30T09:09:34.860+0000] {dag.py:3036} INFO - Sync 1 DAGs
[2025-11-30T09:09:34.902+0000] {logging_mixin.py:188} INFO - [2025-11-30T09:09:34.902+0000] {dag.py:3823} INFO - Setting next_dagrun for fetch_data to 2025-11-30 00:00:00+00:00, run_after=2025-12-01 00:00:00+00:00
[2025-11-30T09:09:34.959+0000] {processor.py:183} INFO - Processing /opt/airflow/dags/01_data_fetch_mkCHtbls.py took 4.734 seconds
[2025-11-30T09:10:05.311+0000] {processor.py:161} INFO - Started process (PID=20529) to work on /opt/airflow/dags/01_data_fetch_mkCHtbls.py
[2025-11-30T09:10:05.313+0000] {processor.py:830} INFO - Processing file /opt/airflow/dags/01_data_fetch_mkCHtbls.py for tasks to queue
[2025-11-30T09:10:05.316+0000] {logging_mixin.py:188} INFO - [2025-11-30T09:10:05.315+0000] {dagbag.py:538} INFO - Filling up the DagBag from /opt/airflow/dags/01_data_fetch_mkCHtbls.py
[2025-11-30T09:10:09.635+0000] {processor.py:840} INFO - DAG(s) 'fetch_data' retrieved from /opt/airflow/dags/01_data_fetch_mkCHtbls.py
[2025-11-30T09:10:09.685+0000] {logging_mixin.py:188} INFO - [2025-11-30T09:10:09.685+0000] {dag.py:3036} INFO - Sync 1 DAGs
[2025-11-30T09:10:09.725+0000] {logging_mixin.py:188} INFO - [2025-11-30T09:10:09.725+0000] {dag.py:3823} INFO - Setting next_dagrun for fetch_data to 2025-11-30 00:00:00+00:00, run_after=2025-12-01 00:00:00+00:00
[2025-11-30T09:10:09.771+0000] {processor.py:183} INFO - Processing /opt/airflow/dags/01_data_fetch_mkCHtbls.py took 4.465 seconds
[2025-11-30T09:10:39.952+0000] {processor.py:161} INFO - Started process (PID=20594) to work on /opt/airflow/dags/01_data_fetch_mkCHtbls.py
[2025-11-30T09:10:39.953+0000] {processor.py:830} INFO - Processing file /opt/airflow/dags/01_data_fetch_mkCHtbls.py for tasks to queue
[2025-11-30T09:10:39.955+0000] {logging_mixin.py:188} INFO - [2025-11-30T09:10:39.955+0000] {dagbag.py:538} INFO - Filling up the DagBag from /opt/airflow/dags/01_data_fetch_mkCHtbls.py
[2025-11-30T09:10:44.649+0000] {processor.py:840} INFO - DAG(s) 'fetch_data' retrieved from /opt/airflow/dags/01_data_fetch_mkCHtbls.py
[2025-11-30T09:10:44.703+0000] {logging_mixin.py:188} INFO - [2025-11-30T09:10:44.703+0000] {dag.py:3036} INFO - Sync 1 DAGs
[2025-11-30T09:10:44.753+0000] {logging_mixin.py:188} INFO - [2025-11-30T09:10:44.752+0000] {dag.py:3823} INFO - Setting next_dagrun for fetch_data to 2025-11-30 00:00:00+00:00, run_after=2025-12-01 00:00:00+00:00
[2025-11-30T09:10:44.795+0000] {processor.py:183} INFO - Processing /opt/airflow/dags/01_data_fetch_mkCHtbls.py took 4.853 seconds
[2025-11-30T09:11:15.159+0000] {processor.py:161} INFO - Started process (PID=20659) to work on /opt/airflow/dags/01_data_fetch_mkCHtbls.py
[2025-11-30T09:11:15.160+0000] {processor.py:830} INFO - Processing file /opt/airflow/dags/01_data_fetch_mkCHtbls.py for tasks to queue
[2025-11-30T09:11:15.162+0000] {logging_mixin.py:188} INFO - [2025-11-30T09:11:15.162+0000] {dagbag.py:538} INFO - Filling up the DagBag from /opt/airflow/dags/01_data_fetch_mkCHtbls.py
[2025-11-30T09:11:19.766+0000] {processor.py:840} INFO - DAG(s) 'fetch_data' retrieved from /opt/airflow/dags/01_data_fetch_mkCHtbls.py
[2025-11-30T09:11:19.806+0000] {logging_mixin.py:188} INFO - [2025-11-30T09:11:19.806+0000] {dag.py:3036} INFO - Sync 1 DAGs
[2025-11-30T09:11:19.846+0000] {logging_mixin.py:188} INFO - [2025-11-30T09:11:19.846+0000] {dag.py:3823} INFO - Setting next_dagrun for fetch_data to 2025-11-30 00:00:00+00:00, run_after=2025-12-01 00:00:00+00:00
[2025-11-30T09:11:19.881+0000] {processor.py:183} INFO - Processing /opt/airflow/dags/01_data_fetch_mkCHtbls.py took 4.728 seconds
[2025-11-30T09:11:50.462+0000] {processor.py:161} INFO - Started process (PID=20724) to work on /opt/airflow/dags/01_data_fetch_mkCHtbls.py
[2025-11-30T09:11:50.464+0000] {processor.py:830} INFO - Processing file /opt/airflow/dags/01_data_fetch_mkCHtbls.py for tasks to queue
[2025-11-30T09:11:50.466+0000] {logging_mixin.py:188} INFO - [2025-11-30T09:11:50.465+0000] {dagbag.py:538} INFO - Filling up the DagBag from /opt/airflow/dags/01_data_fetch_mkCHtbls.py
[2025-11-30T09:11:54.872+0000] {processor.py:840} INFO - DAG(s) 'fetch_data' retrieved from /opt/airflow/dags/01_data_fetch_mkCHtbls.py
[2025-11-30T09:11:54.942+0000] {logging_mixin.py:188} INFO - [2025-11-30T09:11:54.941+0000] {dag.py:3036} INFO - Sync 1 DAGs
[2025-11-30T09:11:54.993+0000] {logging_mixin.py:188} INFO - [2025-11-30T09:11:54.992+0000] {dag.py:3823} INFO - Setting next_dagrun for fetch_data to 2025-11-30 00:00:00+00:00, run_after=2025-12-01 00:00:00+00:00
[2025-11-30T09:11:55.048+0000] {processor.py:183} INFO - Processing /opt/airflow/dags/01_data_fetch_mkCHtbls.py took 4.591 seconds
[2025-11-30T09:12:25.361+0000] {processor.py:161} INFO - Started process (PID=20789) to work on /opt/airflow/dags/01_data_fetch_mkCHtbls.py
[2025-11-30T09:12:25.362+0000] {processor.py:830} INFO - Processing file /opt/airflow/dags/01_data_fetch_mkCHtbls.py for tasks to queue
[2025-11-30T09:12:25.364+0000] {logging_mixin.py:188} INFO - [2025-11-30T09:12:25.364+0000] {dagbag.py:538} INFO - Filling up the DagBag from /opt/airflow/dags/01_data_fetch_mkCHtbls.py
[2025-11-30T09:12:30.426+0000] {processor.py:840} INFO - DAG(s) 'fetch_data' retrieved from /opt/airflow/dags/01_data_fetch_mkCHtbls.py
[2025-11-30T09:12:30.465+0000] {logging_mixin.py:188} INFO - [2025-11-30T09:12:30.464+0000] {dag.py:3036} INFO - Sync 1 DAGs
[2025-11-30T09:12:30.505+0000] {logging_mixin.py:188} INFO - [2025-11-30T09:12:30.505+0000] {dag.py:3823} INFO - Setting next_dagrun for fetch_data to 2025-11-30 00:00:00+00:00, run_after=2025-12-01 00:00:00+00:00
[2025-11-30T09:12:30.556+0000] {processor.py:183} INFO - Processing /opt/airflow/dags/01_data_fetch_mkCHtbls.py took 5.200 seconds
[2025-11-30T09:13:00.883+0000] {processor.py:161} INFO - Started process (PID=20875) to work on /opt/airflow/dags/01_data_fetch_mkCHtbls.py
[2025-11-30T09:13:00.885+0000] {processor.py:830} INFO - Processing file /opt/airflow/dags/01_data_fetch_mkCHtbls.py for tasks to queue
[2025-11-30T09:13:00.886+0000] {logging_mixin.py:188} INFO - [2025-11-30T09:13:00.886+0000] {dagbag.py:538} INFO - Filling up the DagBag from /opt/airflow/dags/01_data_fetch_mkCHtbls.py
[2025-11-30T09:13:05.476+0000] {processor.py:840} INFO - DAG(s) 'fetch_data' retrieved from /opt/airflow/dags/01_data_fetch_mkCHtbls.py
[2025-11-30T09:13:05.525+0000] {logging_mixin.py:188} INFO - [2025-11-30T09:13:05.525+0000] {dag.py:3036} INFO - Sync 1 DAGs
[2025-11-30T09:13:05.563+0000] {logging_mixin.py:188} INFO - [2025-11-30T09:13:05.563+0000] {dag.py:3823} INFO - Setting next_dagrun for fetch_data to 2025-11-30 00:00:00+00:00, run_after=2025-12-01 00:00:00+00:00
[2025-11-30T09:13:05.590+0000] {processor.py:183} INFO - Processing /opt/airflow/dags/01_data_fetch_mkCHtbls.py took 4.712 seconds
[2025-11-30T09:13:35.802+0000] {processor.py:161} INFO - Started process (PID=20940) to work on /opt/airflow/dags/01_data_fetch_mkCHtbls.py
[2025-11-30T09:13:35.805+0000] {processor.py:830} INFO - Processing file /opt/airflow/dags/01_data_fetch_mkCHtbls.py for tasks to queue
[2025-11-30T09:13:35.809+0000] {logging_mixin.py:188} INFO - [2025-11-30T09:13:35.807+0000] {dagbag.py:538} INFO - Filling up the DagBag from /opt/airflow/dags/01_data_fetch_mkCHtbls.py
[2025-11-30T09:13:40.487+0000] {processor.py:840} INFO - DAG(s) 'fetch_data' retrieved from /opt/airflow/dags/01_data_fetch_mkCHtbls.py
[2025-11-30T09:13:40.526+0000] {logging_mixin.py:188} INFO - [2025-11-30T09:13:40.525+0000] {dag.py:3036} INFO - Sync 1 DAGs
[2025-11-30T09:13:40.567+0000] {logging_mixin.py:188} INFO - [2025-11-30T09:13:40.567+0000] {dag.py:3823} INFO - Setting next_dagrun for fetch_data to 2025-11-30 00:00:00+00:00, run_after=2025-12-01 00:00:00+00:00
[2025-11-30T09:13:40.615+0000] {processor.py:183} INFO - Processing /opt/airflow/dags/01_data_fetch_mkCHtbls.py took 4.824 seconds
[2025-11-30T09:14:10.921+0000] {processor.py:161} INFO - Started process (PID=21025) to work on /opt/airflow/dags/01_data_fetch_mkCHtbls.py
[2025-11-30T09:14:10.923+0000] {processor.py:830} INFO - Processing file /opt/airflow/dags/01_data_fetch_mkCHtbls.py for tasks to queue
[2025-11-30T09:14:10.926+0000] {logging_mixin.py:188} INFO - [2025-11-30T09:14:10.925+0000] {dagbag.py:538} INFO - Filling up the DagBag from /opt/airflow/dags/01_data_fetch_mkCHtbls.py
[2025-11-30T09:14:15.532+0000] {processor.py:840} INFO - DAG(s) 'fetch_data' retrieved from /opt/airflow/dags/01_data_fetch_mkCHtbls.py
[2025-11-30T09:14:15.653+0000] {logging_mixin.py:188} INFO - [2025-11-30T09:14:15.651+0000] {dag.py:3036} INFO - Sync 1 DAGs
[2025-11-30T09:14:15.757+0000] {logging_mixin.py:188} INFO - [2025-11-30T09:14:15.756+0000] {dag.py:3823} INFO - Setting next_dagrun for fetch_data to 2025-11-30 00:00:00+00:00, run_after=2025-12-01 00:00:00+00:00
[2025-11-30T09:14:15.817+0000] {processor.py:183} INFO - Processing /opt/airflow/dags/01_data_fetch_mkCHtbls.py took 4.901 seconds
[2025-11-30T09:14:46.321+0000] {processor.py:161} INFO - Started process (PID=21090) to work on /opt/airflow/dags/01_data_fetch_mkCHtbls.py
[2025-11-30T09:14:46.322+0000] {processor.py:830} INFO - Processing file /opt/airflow/dags/01_data_fetch_mkCHtbls.py for tasks to queue
[2025-11-30T09:14:46.324+0000] {logging_mixin.py:188} INFO - [2025-11-30T09:14:46.323+0000] {dagbag.py:538} INFO - Filling up the DagBag from /opt/airflow/dags/01_data_fetch_mkCHtbls.py
[2025-11-30T09:14:50.508+0000] {processor.py:840} INFO - DAG(s) 'fetch_data' retrieved from /opt/airflow/dags/01_data_fetch_mkCHtbls.py
[2025-11-30T09:14:50.550+0000] {logging_mixin.py:188} INFO - [2025-11-30T09:14:50.549+0000] {dag.py:3036} INFO - Sync 1 DAGs
[2025-11-30T09:14:50.589+0000] {logging_mixin.py:188} INFO - [2025-11-30T09:14:50.588+0000] {dag.py:3823} INFO - Setting next_dagrun for fetch_data to 2025-11-30 00:00:00+00:00, run_after=2025-12-01 00:00:00+00:00
[2025-11-30T09:14:50.811+0000] {processor.py:183} INFO - Processing /opt/airflow/dags/01_data_fetch_mkCHtbls.py took 4.496 seconds
[2025-11-30T09:15:21.113+0000] {processor.py:161} INFO - Started process (PID=21155) to work on /opt/airflow/dags/01_data_fetch_mkCHtbls.py
[2025-11-30T09:15:21.115+0000] {processor.py:830} INFO - Processing file /opt/airflow/dags/01_data_fetch_mkCHtbls.py for tasks to queue
[2025-11-30T09:15:21.117+0000] {logging_mixin.py:188} INFO - [2025-11-30T09:15:21.116+0000] {dagbag.py:538} INFO - Filling up the DagBag from /opt/airflow/dags/01_data_fetch_mkCHtbls.py
[2025-11-30T09:15:25.737+0000] {processor.py:840} INFO - DAG(s) 'fetch_data' retrieved from /opt/airflow/dags/01_data_fetch_mkCHtbls.py
[2025-11-30T09:15:25.798+0000] {logging_mixin.py:188} INFO - [2025-11-30T09:15:25.798+0000] {dag.py:3036} INFO - Sync 1 DAGs
[2025-11-30T09:15:25.851+0000] {logging_mixin.py:188} INFO - [2025-11-30T09:15:25.851+0000] {dag.py:3823} INFO - Setting next_dagrun for fetch_data to 2025-11-30 00:00:00+00:00, run_after=2025-12-01 00:00:00+00:00
[2025-11-30T09:15:25.893+0000] {processor.py:183} INFO - Processing /opt/airflow/dags/01_data_fetch_mkCHtbls.py took 4.785 seconds
[2025-11-30T09:15:56.236+0000] {processor.py:161} INFO - Started process (PID=21220) to work on /opt/airflow/dags/01_data_fetch_mkCHtbls.py
[2025-11-30T09:15:56.239+0000] {processor.py:830} INFO - Processing file /opt/airflow/dags/01_data_fetch_mkCHtbls.py for tasks to queue
[2025-11-30T09:15:56.242+0000] {logging_mixin.py:188} INFO - [2025-11-30T09:15:56.241+0000] {dagbag.py:538} INFO - Filling up the DagBag from /opt/airflow/dags/01_data_fetch_mkCHtbls.py
[2025-11-30T09:16:00.557+0000] {processor.py:840} INFO - DAG(s) 'fetch_data' retrieved from /opt/airflow/dags/01_data_fetch_mkCHtbls.py
[2025-11-30T09:16:00.602+0000] {logging_mixin.py:188} INFO - [2025-11-30T09:16:00.601+0000] {dag.py:3036} INFO - Sync 1 DAGs
[2025-11-30T09:16:00.642+0000] {logging_mixin.py:188} INFO - [2025-11-30T09:16:00.642+0000] {dag.py:3823} INFO - Setting next_dagrun for fetch_data to 2025-11-30 00:00:00+00:00, run_after=2025-12-01 00:00:00+00:00
[2025-11-30T09:16:00.675+0000] {processor.py:183} INFO - Processing /opt/airflow/dags/01_data_fetch_mkCHtbls.py took 4.449 seconds
[2025-11-30T09:16:31.032+0000] {processor.py:161} INFO - Started process (PID=21285) to work on /opt/airflow/dags/01_data_fetch_mkCHtbls.py
[2025-11-30T09:16:31.034+0000] {processor.py:830} INFO - Processing file /opt/airflow/dags/01_data_fetch_mkCHtbls.py for tasks to queue
[2025-11-30T09:16:31.037+0000] {logging_mixin.py:188} INFO - [2025-11-30T09:16:31.036+0000] {dagbag.py:538} INFO - Filling up the DagBag from /opt/airflow/dags/01_data_fetch_mkCHtbls.py
[2025-11-30T09:16:35.667+0000] {processor.py:840} INFO - DAG(s) 'fetch_data' retrieved from /opt/airflow/dags/01_data_fetch_mkCHtbls.py
[2025-11-30T09:16:35.782+0000] {logging_mixin.py:188} INFO - [2025-11-30T09:16:35.781+0000] {dag.py:3036} INFO - Sync 1 DAGs
[2025-11-30T09:16:35.875+0000] {logging_mixin.py:188} INFO - [2025-11-30T09:16:35.874+0000] {dag.py:3823} INFO - Setting next_dagrun for fetch_data to 2025-11-30 00:00:00+00:00, run_after=2025-12-01 00:00:00+00:00
[2025-11-30T09:16:35.911+0000] {processor.py:183} INFO - Processing /opt/airflow/dags/01_data_fetch_mkCHtbls.py took 4.888 seconds
[2025-11-30T09:17:06.595+0000] {processor.py:161} INFO - Started process (PID=21350) to work on /opt/airflow/dags/01_data_fetch_mkCHtbls.py
[2025-11-30T09:17:06.597+0000] {processor.py:830} INFO - Processing file /opt/airflow/dags/01_data_fetch_mkCHtbls.py for tasks to queue
[2025-11-30T09:17:06.598+0000] {logging_mixin.py:188} INFO - [2025-11-30T09:17:06.598+0000] {dagbag.py:538} INFO - Filling up the DagBag from /opt/airflow/dags/01_data_fetch_mkCHtbls.py
[2025-11-30T09:17:10.808+0000] {processor.py:840} INFO - DAG(s) 'fetch_data' retrieved from /opt/airflow/dags/01_data_fetch_mkCHtbls.py
[2025-11-30T09:17:10.845+0000] {logging_mixin.py:188} INFO - [2025-11-30T09:17:10.844+0000] {dag.py:3036} INFO - Sync 1 DAGs
[2025-11-30T09:17:10.884+0000] {logging_mixin.py:188} INFO - [2025-11-30T09:17:10.883+0000] {dag.py:3823} INFO - Setting next_dagrun for fetch_data to 2025-11-30 00:00:00+00:00, run_after=2025-12-01 00:00:00+00:00
[2025-11-30T09:17:10.932+0000] {processor.py:183} INFO - Processing /opt/airflow/dags/01_data_fetch_mkCHtbls.py took 4.341 seconds
[2025-11-30T09:17:41.263+0000] {processor.py:161} INFO - Started process (PID=21415) to work on /opt/airflow/dags/01_data_fetch_mkCHtbls.py
[2025-11-30T09:17:41.265+0000] {processor.py:830} INFO - Processing file /opt/airflow/dags/01_data_fetch_mkCHtbls.py for tasks to queue
[2025-11-30T09:17:41.268+0000] {logging_mixin.py:188} INFO - [2025-11-30T09:17:41.267+0000] {dagbag.py:538} INFO - Filling up the DagBag from /opt/airflow/dags/01_data_fetch_mkCHtbls.py
[2025-11-30T09:17:45.856+0000] {processor.py:840} INFO - DAG(s) 'fetch_data' retrieved from /opt/airflow/dags/01_data_fetch_mkCHtbls.py
[2025-11-30T09:17:45.913+0000] {logging_mixin.py:188} INFO - [2025-11-30T09:17:45.912+0000] {dag.py:3036} INFO - Sync 1 DAGs
[2025-11-30T09:17:45.976+0000] {logging_mixin.py:188} INFO - [2025-11-30T09:17:45.975+0000] {dag.py:3823} INFO - Setting next_dagrun for fetch_data to 2025-11-30 00:00:00+00:00, run_after=2025-12-01 00:00:00+00:00
[2025-11-30T09:17:46.293+0000] {processor.py:183} INFO - Processing /opt/airflow/dags/01_data_fetch_mkCHtbls.py took 5.037 seconds
[2025-11-30T09:18:16.630+0000] {processor.py:161} INFO - Started process (PID=21521) to work on /opt/airflow/dags/01_data_fetch_mkCHtbls.py
[2025-11-30T09:18:16.632+0000] {processor.py:830} INFO - Processing file /opt/airflow/dags/01_data_fetch_mkCHtbls.py for tasks to queue
[2025-11-30T09:18:16.636+0000] {logging_mixin.py:188} INFO - [2025-11-30T09:18:16.634+0000] {dagbag.py:538} INFO - Filling up the DagBag from /opt/airflow/dags/01_data_fetch_mkCHtbls.py
[2025-11-30T09:18:20.929+0000] {processor.py:840} INFO - DAG(s) 'fetch_data' retrieved from /opt/airflow/dags/01_data_fetch_mkCHtbls.py
[2025-11-30T09:18:20.978+0000] {logging_mixin.py:188} INFO - [2025-11-30T09:18:20.978+0000] {dag.py:3036} INFO - Sync 1 DAGs
[2025-11-30T09:18:21.021+0000] {logging_mixin.py:188} INFO - [2025-11-30T09:18:21.021+0000] {dag.py:3823} INFO - Setting next_dagrun for fetch_data to 2025-11-30 00:00:00+00:00, run_after=2025-12-01 00:00:00+00:00
[2025-11-30T09:18:21.069+0000] {processor.py:183} INFO - Processing /opt/airflow/dags/01_data_fetch_mkCHtbls.py took 4.445 seconds
[2025-11-30T09:18:51.417+0000] {processor.py:161} INFO - Started process (PID=21586) to work on /opt/airflow/dags/01_data_fetch_mkCHtbls.py
[2025-11-30T09:18:51.420+0000] {processor.py:830} INFO - Processing file /opt/airflow/dags/01_data_fetch_mkCHtbls.py for tasks to queue
[2025-11-30T09:18:51.422+0000] {logging_mixin.py:188} INFO - [2025-11-30T09:18:51.421+0000] {dagbag.py:538} INFO - Filling up the DagBag from /opt/airflow/dags/01_data_fetch_mkCHtbls.py
[2025-11-30T09:18:56.043+0000] {processor.py:840} INFO - DAG(s) 'fetch_data' retrieved from /opt/airflow/dags/01_data_fetch_mkCHtbls.py
[2025-11-30T09:18:56.122+0000] {logging_mixin.py:188} INFO - [2025-11-30T09:18:56.121+0000] {dag.py:3036} INFO - Sync 1 DAGs
[2025-11-30T09:18:56.184+0000] {logging_mixin.py:188} INFO - [2025-11-30T09:18:56.184+0000] {dag.py:3823} INFO - Setting next_dagrun for fetch_data to 2025-11-30 00:00:00+00:00, run_after=2025-12-01 00:00:00+00:00
[2025-11-30T09:18:56.237+0000] {processor.py:183} INFO - Processing /opt/airflow/dags/01_data_fetch_mkCHtbls.py took 4.829 seconds
[2025-11-30T09:19:26.794+0000] {processor.py:161} INFO - Started process (PID=21651) to work on /opt/airflow/dags/01_data_fetch_mkCHtbls.py
[2025-11-30T09:19:26.796+0000] {processor.py:830} INFO - Processing file /opt/airflow/dags/01_data_fetch_mkCHtbls.py for tasks to queue
[2025-11-30T09:19:26.798+0000] {logging_mixin.py:188} INFO - [2025-11-30T09:19:26.798+0000] {dagbag.py:538} INFO - Filling up the DagBag from /opt/airflow/dags/01_data_fetch_mkCHtbls.py
[2025-11-30T09:19:31.105+0000] {processor.py:840} INFO - DAG(s) 'fetch_data' retrieved from /opt/airflow/dags/01_data_fetch_mkCHtbls.py
[2025-11-30T09:19:31.156+0000] {logging_mixin.py:188} INFO - [2025-11-30T09:19:31.155+0000] {dag.py:3036} INFO - Sync 1 DAGs
[2025-11-30T09:19:31.199+0000] {logging_mixin.py:188} INFO - [2025-11-30T09:19:31.199+0000] {dag.py:3823} INFO - Setting next_dagrun for fetch_data to 2025-11-30 00:00:00+00:00, run_after=2025-12-01 00:00:00+00:00
[2025-11-30T09:19:31.247+0000] {processor.py:183} INFO - Processing /opt/airflow/dags/01_data_fetch_mkCHtbls.py took 4.459 seconds
[2025-11-30T09:20:01.450+0000] {processor.py:161} INFO - Started process (PID=21716) to work on /opt/airflow/dags/01_data_fetch_mkCHtbls.py
[2025-11-30T09:20:01.452+0000] {processor.py:830} INFO - Processing file /opt/airflow/dags/01_data_fetch_mkCHtbls.py for tasks to queue
[2025-11-30T09:20:01.454+0000] {logging_mixin.py:188} INFO - [2025-11-30T09:20:01.453+0000] {dagbag.py:538} INFO - Filling up the DagBag from /opt/airflow/dags/01_data_fetch_mkCHtbls.py
[2025-11-30T09:20:06.581+0000] {processor.py:840} INFO - DAG(s) 'fetch_data' retrieved from /opt/airflow/dags/01_data_fetch_mkCHtbls.py
[2025-11-30T09:20:06.638+0000] {logging_mixin.py:188} INFO - [2025-11-30T09:20:06.637+0000] {dag.py:3036} INFO - Sync 1 DAGs
[2025-11-30T09:20:06.685+0000] {logging_mixin.py:188} INFO - [2025-11-30T09:20:06.684+0000] {dag.py:3823} INFO - Setting next_dagrun for fetch_data to 2025-11-30 00:00:00+00:00, run_after=2025-12-01 00:00:00+00:00
[2025-11-30T09:20:06.738+0000] {processor.py:183} INFO - Processing /opt/airflow/dags/01_data_fetch_mkCHtbls.py took 5.294 seconds
[2025-11-30T09:20:37.068+0000] {processor.py:161} INFO - Started process (PID=21781) to work on /opt/airflow/dags/01_data_fetch_mkCHtbls.py
[2025-11-30T09:20:37.070+0000] {processor.py:830} INFO - Processing file /opt/airflow/dags/01_data_fetch_mkCHtbls.py for tasks to queue
[2025-11-30T09:20:37.072+0000] {logging_mixin.py:188} INFO - [2025-11-30T09:20:37.071+0000] {dagbag.py:538} INFO - Filling up the DagBag from /opt/airflow/dags/01_data_fetch_mkCHtbls.py
[2025-11-30T09:20:41.314+0000] {processor.py:840} INFO - DAG(s) 'fetch_data' retrieved from /opt/airflow/dags/01_data_fetch_mkCHtbls.py
[2025-11-30T09:20:41.357+0000] {logging_mixin.py:188} INFO - [2025-11-30T09:20:41.357+0000] {dag.py:3036} INFO - Sync 1 DAGs
[2025-11-30T09:20:41.408+0000] {logging_mixin.py:188} INFO - [2025-11-30T09:20:41.407+0000] {dag.py:3823} INFO - Setting next_dagrun for fetch_data to 2025-11-30 00:00:00+00:00, run_after=2025-12-01 00:00:00+00:00
[2025-11-30T09:20:41.460+0000] {processor.py:183} INFO - Processing /opt/airflow/dags/01_data_fetch_mkCHtbls.py took 4.397 seconds
[2025-11-30T09:21:11.800+0000] {processor.py:161} INFO - Started process (PID=21846) to work on /opt/airflow/dags/01_data_fetch_mkCHtbls.py
[2025-11-30T09:21:11.801+0000] {processor.py:830} INFO - Processing file /opt/airflow/dags/01_data_fetch_mkCHtbls.py for tasks to queue
[2025-11-30T09:21:11.803+0000] {logging_mixin.py:188} INFO - [2025-11-30T09:21:11.802+0000] {dagbag.py:538} INFO - Filling up the DagBag from /opt/airflow/dags/01_data_fetch_mkCHtbls.py
[2025-11-30T09:21:17.096+0000] {processor.py:840} INFO - DAG(s) 'fetch_data' retrieved from /opt/airflow/dags/01_data_fetch_mkCHtbls.py
[2025-11-30T09:21:17.167+0000] {logging_mixin.py:188} INFO - [2025-11-30T09:21:17.166+0000] {dag.py:3036} INFO - Sync 1 DAGs
[2025-11-30T09:21:17.215+0000] {logging_mixin.py:188} INFO - [2025-11-30T09:21:17.214+0000] {dag.py:3823} INFO - Setting next_dagrun for fetch_data to 2025-11-30 00:00:00+00:00, run_after=2025-12-01 00:00:00+00:00
[2025-11-30T09:21:17.251+0000] {processor.py:183} INFO - Processing /opt/airflow/dags/01_data_fetch_mkCHtbls.py took 5.456 seconds
[2025-11-30T09:21:47.401+0000] {processor.py:161} INFO - Started process (PID=21929) to work on /opt/airflow/dags/01_data_fetch_mkCHtbls.py
[2025-11-30T09:21:47.403+0000] {processor.py:830} INFO - Processing file /opt/airflow/dags/01_data_fetch_mkCHtbls.py for tasks to queue
[2025-11-30T09:21:47.406+0000] {logging_mixin.py:188} INFO - [2025-11-30T09:21:47.405+0000] {dagbag.py:538} INFO - Filling up the DagBag from /opt/airflow/dags/01_data_fetch_mkCHtbls.py
[2025-11-30T09:21:51.544+0000] {processor.py:840} INFO - DAG(s) 'fetch_data' retrieved from /opt/airflow/dags/01_data_fetch_mkCHtbls.py
[2025-11-30T09:21:51.584+0000] {logging_mixin.py:188} INFO - [2025-11-30T09:21:51.584+0000] {dag.py:3036} INFO - Sync 1 DAGs
[2025-11-30T09:21:51.627+0000] {logging_mixin.py:188} INFO - [2025-11-30T09:21:51.627+0000] {dag.py:3823} INFO - Setting next_dagrun for fetch_data to 2025-11-30 00:00:00+00:00, run_after=2025-12-01 00:00:00+00:00
[2025-11-30T09:21:51.675+0000] {processor.py:183} INFO - Processing /opt/airflow/dags/01_data_fetch_mkCHtbls.py took 4.279 seconds
[2025-11-30T09:22:21.987+0000] {processor.py:161} INFO - Started process (PID=21996) to work on /opt/airflow/dags/01_data_fetch_mkCHtbls.py
[2025-11-30T09:22:21.990+0000] {processor.py:830} INFO - Processing file /opt/airflow/dags/01_data_fetch_mkCHtbls.py for tasks to queue
[2025-11-30T09:22:21.993+0000] {logging_mixin.py:188} INFO - [2025-11-30T09:22:21.993+0000] {dagbag.py:538} INFO - Filling up the DagBag from /opt/airflow/dags/01_data_fetch_mkCHtbls.py
[2025-11-30T09:22:26.980+0000] {processor.py:840} INFO - DAG(s) 'fetch_data' retrieved from /opt/airflow/dags/01_data_fetch_mkCHtbls.py
[2025-11-30T09:22:27.048+0000] {logging_mixin.py:188} INFO - [2025-11-30T09:22:27.048+0000] {dag.py:3036} INFO - Sync 1 DAGs
[2025-11-30T09:22:27.095+0000] {logging_mixin.py:188} INFO - [2025-11-30T09:22:27.095+0000] {dag.py:3823} INFO - Setting next_dagrun for fetch_data to 2025-11-30 00:00:00+00:00, run_after=2025-12-01 00:00:00+00:00
[2025-11-30T09:22:27.390+0000] {processor.py:183} INFO - Processing /opt/airflow/dags/01_data_fetch_mkCHtbls.py took 5.411 seconds
[2025-11-30T09:22:57.744+0000] {processor.py:161} INFO - Started process (PID=22082) to work on /opt/airflow/dags/01_data_fetch_mkCHtbls.py
[2025-11-30T09:22:57.746+0000] {processor.py:830} INFO - Processing file /opt/airflow/dags/01_data_fetch_mkCHtbls.py for tasks to queue
[2025-11-30T09:22:57.748+0000] {logging_mixin.py:188} INFO - [2025-11-30T09:22:57.747+0000] {dagbag.py:538} INFO - Filling up the DagBag from /opt/airflow/dags/01_data_fetch_mkCHtbls.py
[2025-11-30T09:23:02.188+0000] {processor.py:840} INFO - DAG(s) 'fetch_data' retrieved from /opt/airflow/dags/01_data_fetch_mkCHtbls.py
[2025-11-30T09:23:02.255+0000] {logging_mixin.py:188} INFO - [2025-11-30T09:23:02.255+0000] {dag.py:3036} INFO - Sync 1 DAGs
[2025-11-30T09:23:02.308+0000] {logging_mixin.py:188} INFO - [2025-11-30T09:23:02.308+0000] {dag.py:3823} INFO - Setting next_dagrun for fetch_data to 2025-11-30 00:00:00+00:00, run_after=2025-12-01 00:00:00+00:00
[2025-11-30T09:23:02.360+0000] {processor.py:183} INFO - Processing /opt/airflow/dags/01_data_fetch_mkCHtbls.py took 4.624 seconds
[2025-11-30T09:23:32.488+0000] {processor.py:161} INFO - Started process (PID=22147) to work on /opt/airflow/dags/01_data_fetch_mkCHtbls.py
[2025-11-30T09:23:32.490+0000] {processor.py:830} INFO - Processing file /opt/airflow/dags/01_data_fetch_mkCHtbls.py for tasks to queue
[2025-11-30T09:23:32.492+0000] {logging_mixin.py:188} INFO - [2025-11-30T09:23:32.492+0000] {dagbag.py:538} INFO - Filling up the DagBag from /opt/airflow/dags/01_data_fetch_mkCHtbls.py
[2025-11-30T09:23:37.471+0000] {processor.py:840} INFO - DAG(s) 'fetch_data' retrieved from /opt/airflow/dags/01_data_fetch_mkCHtbls.py
[2025-11-30T09:23:37.541+0000] {logging_mixin.py:188} INFO - [2025-11-30T09:23:37.540+0000] {dag.py:3036} INFO - Sync 1 DAGs
[2025-11-30T09:23:37.591+0000] {logging_mixin.py:188} INFO - [2025-11-30T09:23:37.590+0000] {dag.py:3823} INFO - Setting next_dagrun for fetch_data to 2025-11-30 00:00:00+00:00, run_after=2025-12-01 00:00:00+00:00
[2025-11-30T09:23:37.839+0000] {processor.py:183} INFO - Processing /opt/airflow/dags/01_data_fetch_mkCHtbls.py took 5.355 seconds
[2025-11-30T09:24:08.135+0000] {processor.py:161} INFO - Started process (PID=22212) to work on /opt/airflow/dags/01_data_fetch_mkCHtbls.py
[2025-11-30T09:24:08.139+0000] {processor.py:830} INFO - Processing file /opt/airflow/dags/01_data_fetch_mkCHtbls.py for tasks to queue
[2025-11-30T09:24:08.142+0000] {logging_mixin.py:188} INFO - [2025-11-30T09:24:08.141+0000] {dagbag.py:538} INFO - Filling up the DagBag from /opt/airflow/dags/01_data_fetch_mkCHtbls.py
[2025-11-30T09:24:12.353+0000] {processor.py:840} INFO - DAG(s) 'fetch_data' retrieved from /opt/airflow/dags/01_data_fetch_mkCHtbls.py
[2025-11-30T09:24:12.404+0000] {logging_mixin.py:188} INFO - [2025-11-30T09:24:12.404+0000] {dag.py:3036} INFO - Sync 1 DAGs
[2025-11-30T09:24:12.613+0000] {logging_mixin.py:188} INFO - [2025-11-30T09:24:12.613+0000] {dag.py:3823} INFO - Setting next_dagrun for fetch_data to 2025-11-30 00:00:00+00:00, run_after=2025-12-01 00:00:00+00:00
[2025-11-30T09:24:12.660+0000] {processor.py:183} INFO - Processing /opt/airflow/dags/01_data_fetch_mkCHtbls.py took 4.536 seconds
[2025-11-30T09:24:42.864+0000] {processor.py:161} INFO - Started process (PID=22277) to work on /opt/airflow/dags/01_data_fetch_mkCHtbls.py
[2025-11-30T09:24:42.868+0000] {processor.py:830} INFO - Processing file /opt/airflow/dags/01_data_fetch_mkCHtbls.py for tasks to queue
[2025-11-30T09:24:42.872+0000] {logging_mixin.py:188} INFO - [2025-11-30T09:24:42.870+0000] {dagbag.py:538} INFO - Filling up the DagBag from /opt/airflow/dags/01_data_fetch_mkCHtbls.py
[2025-11-30T09:24:47.909+0000] {processor.py:840} INFO - DAG(s) 'fetch_data' retrieved from /opt/airflow/dags/01_data_fetch_mkCHtbls.py
[2025-11-30T09:24:48.150+0000] {logging_mixin.py:188} INFO - [2025-11-30T09:24:48.150+0000] {dag.py:3036} INFO - Sync 1 DAGs
[2025-11-30T09:24:48.189+0000] {logging_mixin.py:188} INFO - [2025-11-30T09:24:48.189+0000] {dag.py:3823} INFO - Setting next_dagrun for fetch_data to 2025-11-30 00:00:00+00:00, run_after=2025-12-01 00:00:00+00:00
[2025-11-30T09:24:48.233+0000] {processor.py:183} INFO - Processing /opt/airflow/dags/01_data_fetch_mkCHtbls.py took 5.379 seconds
[2025-11-30T09:25:18.517+0000] {processor.py:161} INFO - Started process (PID=22342) to work on /opt/airflow/dags/01_data_fetch_mkCHtbls.py
[2025-11-30T09:25:18.519+0000] {processor.py:830} INFO - Processing file /opt/airflow/dags/01_data_fetch_mkCHtbls.py for tasks to queue
[2025-11-30T09:25:18.521+0000] {logging_mixin.py:188} INFO - [2025-11-30T09:25:18.521+0000] {dagbag.py:538} INFO - Filling up the DagBag from /opt/airflow/dags/01_data_fetch_mkCHtbls.py
[2025-11-30T09:25:23.084+0000] {processor.py:840} INFO - DAG(s) 'fetch_data' retrieved from /opt/airflow/dags/01_data_fetch_mkCHtbls.py
[2025-11-30T09:25:23.132+0000] {logging_mixin.py:188} INFO - [2025-11-30T09:25:23.131+0000] {dag.py:3036} INFO - Sync 1 DAGs
[2025-11-30T09:25:23.176+0000] {logging_mixin.py:188} INFO - [2025-11-30T09:25:23.176+0000] {dag.py:3823} INFO - Setting next_dagrun for fetch_data to 2025-11-30 00:00:00+00:00, run_after=2025-12-01 00:00:00+00:00
[2025-11-30T09:25:23.410+0000] {processor.py:183} INFO - Processing /opt/airflow/dags/01_data_fetch_mkCHtbls.py took 4.900 seconds
[2025-11-30T09:25:54.164+0000] {processor.py:161} INFO - Started process (PID=22427) to work on /opt/airflow/dags/01_data_fetch_mkCHtbls.py
[2025-11-30T09:25:54.168+0000] {processor.py:830} INFO - Processing file /opt/airflow/dags/01_data_fetch_mkCHtbls.py for tasks to queue
[2025-11-30T09:25:54.171+0000] {logging_mixin.py:188} INFO - [2025-11-30T09:25:54.170+0000] {dagbag.py:538} INFO - Filling up the DagBag from /opt/airflow/dags/01_data_fetch_mkCHtbls.py
[2025-11-30T09:25:58.934+0000] {processor.py:840} INFO - DAG(s) 'fetch_data' retrieved from /opt/airflow/dags/01_data_fetch_mkCHtbls.py
[2025-11-30T09:25:58.987+0000] {logging_mixin.py:188} INFO - [2025-11-30T09:25:58.986+0000] {dag.py:3036} INFO - Sync 1 DAGs
[2025-11-30T09:25:59.203+0000] {logging_mixin.py:188} INFO - [2025-11-30T09:25:59.202+0000] {dag.py:3823} INFO - Setting next_dagrun for fetch_data to 2025-11-30 00:00:00+00:00, run_after=2025-12-01 00:00:00+00:00
[2025-11-30T09:25:59.234+0000] {processor.py:183} INFO - Processing /opt/airflow/dags/01_data_fetch_mkCHtbls.py took 5.083 seconds
[2025-11-30T09:26:29.561+0000] {processor.py:161} INFO - Started process (PID=22492) to work on /opt/airflow/dags/01_data_fetch_mkCHtbls.py
[2025-11-30T09:26:29.563+0000] {processor.py:830} INFO - Processing file /opt/airflow/dags/01_data_fetch_mkCHtbls.py for tasks to queue
[2025-11-30T09:26:29.566+0000] {logging_mixin.py:188} INFO - [2025-11-30T09:26:29.565+0000] {dagbag.py:538} INFO - Filling up the DagBag from /opt/airflow/dags/01_data_fetch_mkCHtbls.py
[2025-11-30T09:26:34.275+0000] {processor.py:840} INFO - DAG(s) 'fetch_data' retrieved from /opt/airflow/dags/01_data_fetch_mkCHtbls.py
[2025-11-30T09:26:34.350+0000] {logging_mixin.py:188} INFO - [2025-11-30T09:26:34.349+0000] {dag.py:3036} INFO - Sync 1 DAGs
[2025-11-30T09:26:34.397+0000] {logging_mixin.py:188} INFO - [2025-11-30T09:26:34.397+0000] {dag.py:3823} INFO - Setting next_dagrun for fetch_data to 2025-11-30 00:00:00+00:00, run_after=2025-12-01 00:00:00+00:00
[2025-11-30T09:26:34.446+0000] {processor.py:183} INFO - Processing /opt/airflow/dags/01_data_fetch_mkCHtbls.py took 4.891 seconds
[2025-11-30T09:27:04.878+0000] {processor.py:161} INFO - Started process (PID=22557) to work on /opt/airflow/dags/01_data_fetch_mkCHtbls.py
[2025-11-30T09:27:04.880+0000] {processor.py:830} INFO - Processing file /opt/airflow/dags/01_data_fetch_mkCHtbls.py for tasks to queue
[2025-11-30T09:27:04.885+0000] {logging_mixin.py:188} INFO - [2025-11-30T09:27:04.883+0000] {dagbag.py:538} INFO - Filling up the DagBag from /opt/airflow/dags/01_data_fetch_mkCHtbls.py
[2025-11-30T09:27:09.579+0000] {processor.py:840} INFO - DAG(s) 'fetch_data' retrieved from /opt/airflow/dags/01_data_fetch_mkCHtbls.py
[2025-11-30T09:27:09.621+0000] {logging_mixin.py:188} INFO - [2025-11-30T09:27:09.620+0000] {dag.py:3036} INFO - Sync 1 DAGs
[2025-11-30T09:27:09.809+0000] {logging_mixin.py:188} INFO - [2025-11-30T09:27:09.809+0000] {dag.py:3823} INFO - Setting next_dagrun for fetch_data to 2025-11-30 00:00:00+00:00, run_after=2025-12-01 00:00:00+00:00
[2025-11-30T09:27:09.846+0000] {processor.py:183} INFO - Processing /opt/airflow/dags/01_data_fetch_mkCHtbls.py took 4.976 seconds
[2025-11-30T09:27:41.117+0000] {processor.py:161} INFO - Started process (PID=22622) to work on /opt/airflow/dags/01_data_fetch_mkCHtbls.py
[2025-11-30T09:27:41.120+0000] {processor.py:830} INFO - Processing file /opt/airflow/dags/01_data_fetch_mkCHtbls.py for tasks to queue
[2025-11-30T09:27:41.123+0000] {logging_mixin.py:188} INFO - [2025-11-30T09:27:41.122+0000] {dagbag.py:538} INFO - Filling up the DagBag from /opt/airflow/dags/01_data_fetch_mkCHtbls.py
[2025-11-30T09:27:45.326+0000] {processor.py:840} INFO - DAG(s) 'fetch_data' retrieved from /opt/airflow/dags/01_data_fetch_mkCHtbls.py
[2025-11-30T09:27:45.570+0000] {logging_mixin.py:188} INFO - [2025-11-30T09:27:45.569+0000] {dag.py:3036} INFO - Sync 1 DAGs
[2025-11-30T09:27:45.609+0000] {logging_mixin.py:188} INFO - [2025-11-30T09:27:45.608+0000] {dag.py:3823} INFO - Setting next_dagrun for fetch_data to 2025-11-30 00:00:00+00:00, run_after=2025-12-01 00:00:00+00:00
[2025-11-30T09:27:45.645+0000] {processor.py:183} INFO - Processing /opt/airflow/dags/01_data_fetch_mkCHtbls.py took 4.540 seconds
[2025-11-30T09:28:16.003+0000] {processor.py:161} INFO - Started process (PID=22708) to work on /opt/airflow/dags/01_data_fetch_mkCHtbls.py
[2025-11-30T09:28:16.006+0000] {processor.py:830} INFO - Processing file /opt/airflow/dags/01_data_fetch_mkCHtbls.py for tasks to queue
[2025-11-30T09:28:16.009+0000] {logging_mixin.py:188} INFO - [2025-11-30T09:28:16.008+0000] {dagbag.py:538} INFO - Filling up the DagBag from /opt/airflow/dags/01_data_fetch_mkCHtbls.py
[2025-11-30T09:28:22.115+0000] {processor.py:840} INFO - DAG(s) 'fetch_data' retrieved from /opt/airflow/dags/01_data_fetch_mkCHtbls.py
[2025-11-30T09:28:22.176+0000] {logging_mixin.py:188} INFO - [2025-11-30T09:28:22.175+0000] {dag.py:3036} INFO - Sync 1 DAGs
[2025-11-30T09:28:22.212+0000] {logging_mixin.py:188} INFO - [2025-11-30T09:28:22.212+0000] {dag.py:3823} INFO - Setting next_dagrun for fetch_data to 2025-11-30 00:00:00+00:00, run_after=2025-12-01 00:00:00+00:00
[2025-11-30T09:28:22.258+0000] {processor.py:183} INFO - Processing /opt/airflow/dags/01_data_fetch_mkCHtbls.py took 6.260 seconds
[2025-11-30T09:28:52.431+0000] {processor.py:161} INFO - Started process (PID=22773) to work on /opt/airflow/dags/01_data_fetch_mkCHtbls.py
[2025-11-30T09:28:52.434+0000] {processor.py:830} INFO - Processing file /opt/airflow/dags/01_data_fetch_mkCHtbls.py for tasks to queue
[2025-11-30T09:28:52.437+0000] {logging_mixin.py:188} INFO - [2025-11-30T09:28:52.436+0000] {dagbag.py:538} INFO - Filling up the DagBag from /opt/airflow/dags/01_data_fetch_mkCHtbls.py
[2025-11-30T09:28:56.654+0000] {processor.py:840} INFO - DAG(s) 'fetch_data' retrieved from /opt/airflow/dags/01_data_fetch_mkCHtbls.py
[2025-11-30T09:28:56.729+0000] {logging_mixin.py:188} INFO - [2025-11-30T09:28:56.728+0000] {dag.py:3036} INFO - Sync 1 DAGs
[2025-11-30T09:28:57.154+0000] {logging_mixin.py:188} INFO - [2025-11-30T09:28:57.153+0000] {dag.py:3823} INFO - Setting next_dagrun for fetch_data to 2025-11-30 00:00:00+00:00, run_after=2025-12-01 00:00:00+00:00
[2025-11-30T09:28:57.197+0000] {processor.py:183} INFO - Processing /opt/airflow/dags/01_data_fetch_mkCHtbls.py took 4.773 seconds
[2025-11-30T09:29:27.522+0000] {processor.py:161} INFO - Started process (PID=22838) to work on /opt/airflow/dags/01_data_fetch_mkCHtbls.py
[2025-11-30T09:29:27.526+0000] {processor.py:830} INFO - Processing file /opt/airflow/dags/01_data_fetch_mkCHtbls.py for tasks to queue
[2025-11-30T09:29:27.528+0000] {logging_mixin.py:188} INFO - [2025-11-30T09:29:27.527+0000] {dagbag.py:538} INFO - Filling up the DagBag from /opt/airflow/dags/01_data_fetch_mkCHtbls.py
[2025-11-30T09:29:32.829+0000] {processor.py:840} INFO - DAG(s) 'fetch_data' retrieved from /opt/airflow/dags/01_data_fetch_mkCHtbls.py
[2025-11-30T09:29:32.872+0000] {logging_mixin.py:188} INFO - [2025-11-30T09:29:32.871+0000] {dag.py:3036} INFO - Sync 1 DAGs
[2025-11-30T09:29:32.917+0000] {logging_mixin.py:188} INFO - [2025-11-30T09:29:32.917+0000] {dag.py:3823} INFO - Setting next_dagrun for fetch_data to 2025-11-30 00:00:00+00:00, run_after=2025-12-01 00:00:00+00:00
[2025-11-30T09:29:32.965+0000] {processor.py:183} INFO - Processing /opt/airflow/dags/01_data_fetch_mkCHtbls.py took 5.455 seconds
[2025-11-30T09:30:03.385+0000] {processor.py:161} INFO - Started process (PID=22923) to work on /opt/airflow/dags/01_data_fetch_mkCHtbls.py
[2025-11-30T09:30:03.387+0000] {processor.py:830} INFO - Processing file /opt/airflow/dags/01_data_fetch_mkCHtbls.py for tasks to queue
[2025-11-30T09:30:03.390+0000] {logging_mixin.py:188} INFO - [2025-11-30T09:30:03.389+0000] {dagbag.py:538} INFO - Filling up the DagBag from /opt/airflow/dags/01_data_fetch_mkCHtbls.py
[2025-11-30T09:30:08.174+0000] {processor.py:840} INFO - DAG(s) 'fetch_data' retrieved from /opt/airflow/dags/01_data_fetch_mkCHtbls.py
[2025-11-30T09:30:08.222+0000] {logging_mixin.py:188} INFO - [2025-11-30T09:30:08.221+0000] {dag.py:3036} INFO - Sync 1 DAGs
[2025-11-30T09:30:08.494+0000] {logging_mixin.py:188} INFO - [2025-11-30T09:30:08.494+0000] {dag.py:3823} INFO - Setting next_dagrun for fetch_data to 2025-11-30 00:00:00+00:00, run_after=2025-12-01 00:00:00+00:00
[2025-11-30T09:30:08.545+0000] {processor.py:183} INFO - Processing /opt/airflow/dags/01_data_fetch_mkCHtbls.py took 5.167 seconds
[2025-11-30T09:30:38.849+0000] {processor.py:161} INFO - Started process (PID=22988) to work on /opt/airflow/dags/01_data_fetch_mkCHtbls.py
[2025-11-30T09:30:38.850+0000] {processor.py:830} INFO - Processing file /opt/airflow/dags/01_data_fetch_mkCHtbls.py for tasks to queue
[2025-11-30T09:30:38.852+0000] {logging_mixin.py:188} INFO - [2025-11-30T09:30:38.852+0000] {dagbag.py:538} INFO - Filling up the DagBag from /opt/airflow/dags/01_data_fetch_mkCHtbls.py
[2025-11-30T09:30:43.275+0000] {processor.py:840} INFO - DAG(s) 'fetch_data' retrieved from /opt/airflow/dags/01_data_fetch_mkCHtbls.py
[2025-11-30T09:30:43.506+0000] {logging_mixin.py:188} INFO - [2025-11-30T09:30:43.506+0000] {dag.py:3036} INFO - Sync 1 DAGs
[2025-11-30T09:30:43.552+0000] {logging_mixin.py:188} INFO - [2025-11-30T09:30:43.552+0000] {dag.py:3823} INFO - Setting next_dagrun for fetch_data to 2025-11-30 00:00:00+00:00, run_after=2025-12-01 00:00:00+00:00
[2025-11-30T09:30:43.599+0000] {processor.py:183} INFO - Processing /opt/airflow/dags/01_data_fetch_mkCHtbls.py took 4.754 seconds
[2025-11-30T09:31:13.835+0000] {processor.py:161} INFO - Started process (PID=23053) to work on /opt/airflow/dags/01_data_fetch_mkCHtbls.py
[2025-11-30T09:31:13.837+0000] {processor.py:830} INFO - Processing file /opt/airflow/dags/01_data_fetch_mkCHtbls.py for tasks to queue
[2025-11-30T09:31:13.840+0000] {logging_mixin.py:188} INFO - [2025-11-30T09:31:13.839+0000] {dagbag.py:538} INFO - Filling up the DagBag from /opt/airflow/dags/01_data_fetch_mkCHtbls.py
[2025-11-30T09:31:18.756+0000] {processor.py:840} INFO - DAG(s) 'fetch_data' retrieved from /opt/airflow/dags/01_data_fetch_mkCHtbls.py
[2025-11-30T09:31:18.834+0000] {logging_mixin.py:188} INFO - [2025-11-30T09:31:18.833+0000] {dag.py:3036} INFO - Sync 1 DAGs
[2025-11-30T09:31:18.907+0000] {logging_mixin.py:188} INFO - [2025-11-30T09:31:18.906+0000] {dag.py:3823} INFO - Setting next_dagrun for fetch_data to 2025-11-30 00:00:00+00:00, run_after=2025-12-01 00:00:00+00:00
[2025-11-30T09:31:18.979+0000] {processor.py:183} INFO - Processing /opt/airflow/dags/01_data_fetch_mkCHtbls.py took 5.151 seconds
[2025-11-30T09:31:49.336+0000] {processor.py:161} INFO - Started process (PID=23118) to work on /opt/airflow/dags/01_data_fetch_mkCHtbls.py
[2025-11-30T09:31:49.340+0000] {processor.py:830} INFO - Processing file /opt/airflow/dags/01_data_fetch_mkCHtbls.py for tasks to queue
[2025-11-30T09:31:49.343+0000] {logging_mixin.py:188} INFO - [2025-11-30T09:31:49.342+0000] {dagbag.py:538} INFO - Filling up the DagBag from /opt/airflow/dags/01_data_fetch_mkCHtbls.py
[2025-11-30T09:31:53.760+0000] {processor.py:840} INFO - DAG(s) 'fetch_data' retrieved from /opt/airflow/dags/01_data_fetch_mkCHtbls.py
[2025-11-30T09:31:53.800+0000] {logging_mixin.py:188} INFO - [2025-11-30T09:31:53.800+0000] {dag.py:3036} INFO - Sync 1 DAGs
[2025-11-30T09:31:54.030+0000] {logging_mixin.py:188} INFO - [2025-11-30T09:31:54.029+0000] {dag.py:3823} INFO - Setting next_dagrun for fetch_data to 2025-11-30 00:00:00+00:00, run_after=2025-12-01 00:00:00+00:00
[2025-11-30T09:31:54.078+0000] {processor.py:183} INFO - Processing /opt/airflow/dags/01_data_fetch_mkCHtbls.py took 4.758 seconds
[2025-11-30T09:32:24.170+0000] {processor.py:161} INFO - Started process (PID=23204) to work on /opt/airflow/dags/01_data_fetch_mkCHtbls.py
[2025-11-30T09:32:24.173+0000] {processor.py:830} INFO - Processing file /opt/airflow/dags/01_data_fetch_mkCHtbls.py for tasks to queue
[2025-11-30T09:32:24.175+0000] {logging_mixin.py:188} INFO - [2025-11-30T09:32:24.174+0000] {dagbag.py:538} INFO - Filling up the DagBag from /opt/airflow/dags/01_data_fetch_mkCHtbls.py
[2025-11-30T09:32:29.266+0000] {processor.py:840} INFO - DAG(s) 'fetch_data' retrieved from /opt/airflow/dags/01_data_fetch_mkCHtbls.py
[2025-11-30T09:32:29.358+0000] {logging_mixin.py:188} INFO - [2025-11-30T09:32:29.357+0000] {dag.py:3036} INFO - Sync 1 DAGs
[2025-11-30T09:32:29.413+0000] {logging_mixin.py:188} INFO - [2025-11-30T09:32:29.412+0000] {dag.py:3823} INFO - Setting next_dagrun for fetch_data to 2025-11-30 00:00:00+00:00, run_after=2025-12-01 00:00:00+00:00
[2025-11-30T09:32:29.474+0000] {processor.py:183} INFO - Processing /opt/airflow/dags/01_data_fetch_mkCHtbls.py took 5.310 seconds
[2025-11-30T09:32:59.821+0000] {processor.py:161} INFO - Started process (PID=23269) to work on /opt/airflow/dags/01_data_fetch_mkCHtbls.py
[2025-11-30T09:32:59.825+0000] {processor.py:830} INFO - Processing file /opt/airflow/dags/01_data_fetch_mkCHtbls.py for tasks to queue
[2025-11-30T09:32:59.828+0000] {logging_mixin.py:188} INFO - [2025-11-30T09:32:59.827+0000] {dagbag.py:538} INFO - Filling up the DagBag from /opt/airflow/dags/01_data_fetch_mkCHtbls.py
[2025-11-30T09:33:04.656+0000] {processor.py:840} INFO - DAG(s) 'fetch_data' retrieved from /opt/airflow/dags/01_data_fetch_mkCHtbls.py
[2025-11-30T09:33:04.704+0000] {logging_mixin.py:188} INFO - [2025-11-30T09:33:04.703+0000] {dag.py:3036} INFO - Sync 1 DAGs
[2025-11-30T09:33:04.742+0000] {logging_mixin.py:188} INFO - [2025-11-30T09:33:04.741+0000] {dag.py:3823} INFO - Setting next_dagrun for fetch_data to 2025-11-30 00:00:00+00:00, run_after=2025-12-01 00:00:00+00:00
[2025-11-30T09:33:04.781+0000] {processor.py:183} INFO - Processing /opt/airflow/dags/01_data_fetch_mkCHtbls.py took 4.971 seconds
[2025-11-30T09:33:35.223+0000] {processor.py:161} INFO - Started process (PID=23354) to work on /opt/airflow/dags/01_data_fetch_mkCHtbls.py
[2025-11-30T09:33:35.226+0000] {processor.py:830} INFO - Processing file /opt/airflow/dags/01_data_fetch_mkCHtbls.py for tasks to queue
[2025-11-30T09:33:35.228+0000] {logging_mixin.py:188} INFO - [2025-11-30T09:33:35.227+0000] {dagbag.py:538} INFO - Filling up the DagBag from /opt/airflow/dags/01_data_fetch_mkCHtbls.py
[2025-11-30T09:33:40.237+0000] {processor.py:840} INFO - DAG(s) 'fetch_data' retrieved from /opt/airflow/dags/01_data_fetch_mkCHtbls.py
[2025-11-30T09:33:40.640+0000] {logging_mixin.py:188} INFO - [2025-11-30T09:33:40.639+0000] {dag.py:3036} INFO - Sync 1 DAGs
[2025-11-30T09:33:40.692+0000] {logging_mixin.py:188} INFO - [2025-11-30T09:33:40.692+0000] {dag.py:3823} INFO - Setting next_dagrun for fetch_data to 2025-11-30 00:00:00+00:00, run_after=2025-12-01 00:00:00+00:00
[2025-11-30T09:33:40.743+0000] {processor.py:183} INFO - Processing /opt/airflow/dags/01_data_fetch_mkCHtbls.py took 5.527 seconds
[2025-11-30T09:34:11.094+0000] {processor.py:161} INFO - Started process (PID=23419) to work on /opt/airflow/dags/01_data_fetch_mkCHtbls.py
[2025-11-30T09:34:11.097+0000] {processor.py:830} INFO - Processing file /opt/airflow/dags/01_data_fetch_mkCHtbls.py for tasks to queue
[2025-11-30T09:34:11.099+0000] {logging_mixin.py:188} INFO - [2025-11-30T09:34:11.098+0000] {dagbag.py:538} INFO - Filling up the DagBag from /opt/airflow/dags/01_data_fetch_mkCHtbls.py
[2025-11-30T09:34:15.550+0000] {processor.py:840} INFO - DAG(s) 'fetch_data' retrieved from /opt/airflow/dags/01_data_fetch_mkCHtbls.py
[2025-11-30T09:34:15.604+0000] {logging_mixin.py:188} INFO - [2025-11-30T09:34:15.603+0000] {dag.py:3036} INFO - Sync 1 DAGs
[2025-11-30T09:34:15.645+0000] {logging_mixin.py:188} INFO - [2025-11-30T09:34:15.644+0000] {dag.py:3823} INFO - Setting next_dagrun for fetch_data to 2025-11-30 00:00:00+00:00, run_after=2025-12-01 00:00:00+00:00
[2025-11-30T09:34:15.682+0000] {processor.py:183} INFO - Processing /opt/airflow/dags/01_data_fetch_mkCHtbls.py took 4.596 seconds
[2025-11-30T09:34:46.463+0000] {processor.py:161} INFO - Started process (PID=23484) to work on /opt/airflow/dags/01_data_fetch_mkCHtbls.py
[2025-11-30T09:34:46.467+0000] {processor.py:830} INFO - Processing file /opt/airflow/dags/01_data_fetch_mkCHtbls.py for tasks to queue
[2025-11-30T09:34:46.470+0000] {logging_mixin.py:188} INFO - [2025-11-30T09:34:46.469+0000] {dagbag.py:538} INFO - Filling up the DagBag from /opt/airflow/dags/01_data_fetch_mkCHtbls.py
[2025-11-30T09:34:51.201+0000] {processor.py:840} INFO - DAG(s) 'fetch_data' retrieved from /opt/airflow/dags/01_data_fetch_mkCHtbls.py
[2025-11-30T09:34:51.248+0000] {logging_mixin.py:188} INFO - [2025-11-30T09:34:51.248+0000] {dag.py:3036} INFO - Sync 1 DAGs
[2025-11-30T09:34:51.289+0000] {logging_mixin.py:188} INFO - [2025-11-30T09:34:51.289+0000] {dag.py:3823} INFO - Setting next_dagrun for fetch_data to 2025-11-30 00:00:00+00:00, run_after=2025-12-01 00:00:00+00:00
[2025-11-30T09:34:51.335+0000] {processor.py:183} INFO - Processing /opt/airflow/dags/01_data_fetch_mkCHtbls.py took 4.884 seconds
[2025-11-30T09:35:21.951+0000] {processor.py:161} INFO - Started process (PID=23549) to work on /opt/airflow/dags/01_data_fetch_mkCHtbls.py
[2025-11-30T09:35:21.955+0000] {processor.py:830} INFO - Processing file /opt/airflow/dags/01_data_fetch_mkCHtbls.py for tasks to queue
[2025-11-30T09:35:21.959+0000] {logging_mixin.py:188} INFO - [2025-11-30T09:35:21.957+0000] {dagbag.py:538} INFO - Filling up the DagBag from /opt/airflow/dags/01_data_fetch_mkCHtbls.py
[2025-11-30T09:35:26.512+0000] {processor.py:840} INFO - DAG(s) 'fetch_data' retrieved from /opt/airflow/dags/01_data_fetch_mkCHtbls.py
[2025-11-30T09:35:26.601+0000] {logging_mixin.py:188} INFO - [2025-11-30T09:35:26.600+0000] {dag.py:3036} INFO - Sync 1 DAGs
[2025-11-30T09:35:26.688+0000] {logging_mixin.py:188} INFO - [2025-11-30T09:35:26.687+0000] {dag.py:3823} INFO - Setting next_dagrun for fetch_data to 2025-11-30 00:00:00+00:00, run_after=2025-12-01 00:00:00+00:00
[2025-11-30T09:35:26.806+0000] {processor.py:183} INFO - Processing /opt/airflow/dags/01_data_fetch_mkCHtbls.py took 4.862 seconds
[2025-11-30T09:35:57.094+0000] {processor.py:161} INFO - Started process (PID=23614) to work on /opt/airflow/dags/01_data_fetch_mkCHtbls.py
[2025-11-30T09:35:57.096+0000] {processor.py:830} INFO - Processing file /opt/airflow/dags/01_data_fetch_mkCHtbls.py for tasks to queue
[2025-11-30T09:35:57.098+0000] {logging_mixin.py:188} INFO - [2025-11-30T09:35:57.097+0000] {dagbag.py:538} INFO - Filling up the DagBag from /opt/airflow/dags/01_data_fetch_mkCHtbls.py
[2025-11-30T09:36:01.734+0000] {processor.py:840} INFO - DAG(s) 'fetch_data' retrieved from /opt/airflow/dags/01_data_fetch_mkCHtbls.py
[2025-11-30T09:36:01.794+0000] {logging_mixin.py:188} INFO - [2025-11-30T09:36:01.793+0000] {dag.py:3036} INFO - Sync 1 DAGs
[2025-11-30T09:36:01.837+0000] {logging_mixin.py:188} INFO - [2025-11-30T09:36:01.836+0000] {dag.py:3823} INFO - Setting next_dagrun for fetch_data to 2025-11-30 00:00:00+00:00, run_after=2025-12-01 00:00:00+00:00
[2025-11-30T09:36:01.883+0000] {processor.py:183} INFO - Processing /opt/airflow/dags/01_data_fetch_mkCHtbls.py took 4.796 seconds
[2025-11-30T09:36:32.236+0000] {processor.py:161} INFO - Started process (PID=23679) to work on /opt/airflow/dags/01_data_fetch_mkCHtbls.py
[2025-11-30T09:36:32.238+0000] {processor.py:830} INFO - Processing file /opt/airflow/dags/01_data_fetch_mkCHtbls.py for tasks to queue
[2025-11-30T09:36:32.241+0000] {logging_mixin.py:188} INFO - [2025-11-30T09:36:32.240+0000] {dagbag.py:538} INFO - Filling up the DagBag from /opt/airflow/dags/01_data_fetch_mkCHtbls.py
[2025-11-30T09:36:36.944+0000] {processor.py:840} INFO - DAG(s) 'fetch_data' retrieved from /opt/airflow/dags/01_data_fetch_mkCHtbls.py
[2025-11-30T09:36:37.070+0000] {logging_mixin.py:188} INFO - [2025-11-30T09:36:37.068+0000] {dag.py:3036} INFO - Sync 1 DAGs
[2025-11-30T09:36:37.131+0000] {logging_mixin.py:188} INFO - [2025-11-30T09:36:37.131+0000] {dag.py:3823} INFO - Setting next_dagrun for fetch_data to 2025-11-30 00:00:00+00:00, run_after=2025-12-01 00:00:00+00:00
[2025-11-30T09:36:37.179+0000] {processor.py:183} INFO - Processing /opt/airflow/dags/01_data_fetch_mkCHtbls.py took 4.950 seconds
[2025-11-30T09:37:07.492+0000] {processor.py:161} INFO - Started process (PID=23765) to work on /opt/airflow/dags/01_data_fetch_mkCHtbls.py
[2025-11-30T09:37:07.495+0000] {processor.py:830} INFO - Processing file /opt/airflow/dags/01_data_fetch_mkCHtbls.py for tasks to queue
[2025-11-30T09:37:07.498+0000] {logging_mixin.py:188} INFO - [2025-11-30T09:37:07.497+0000] {dagbag.py:538} INFO - Filling up the DagBag from /opt/airflow/dags/01_data_fetch_mkCHtbls.py
[2025-11-30T09:37:12.068+0000] {processor.py:840} INFO - DAG(s) 'fetch_data' retrieved from /opt/airflow/dags/01_data_fetch_mkCHtbls.py
[2025-11-30T09:37:12.117+0000] {logging_mixin.py:188} INFO - [2025-11-30T09:37:12.117+0000] {dag.py:3036} INFO - Sync 1 DAGs
[2025-11-30T09:37:12.155+0000] {logging_mixin.py:188} INFO - [2025-11-30T09:37:12.154+0000] {dag.py:3823} INFO - Setting next_dagrun for fetch_data to 2025-11-30 00:00:00+00:00, run_after=2025-12-01 00:00:00+00:00
[2025-11-30T09:37:12.201+0000] {processor.py:183} INFO - Processing /opt/airflow/dags/01_data_fetch_mkCHtbls.py took 4.718 seconds
[2025-11-30T09:37:42.811+0000] {processor.py:161} INFO - Started process (PID=23850) to work on /opt/airflow/dags/01_data_fetch_mkCHtbls.py
[2025-11-30T09:37:42.813+0000] {processor.py:830} INFO - Processing file /opt/airflow/dags/01_data_fetch_mkCHtbls.py for tasks to queue
[2025-11-30T09:37:42.815+0000] {logging_mixin.py:188} INFO - [2025-11-30T09:37:42.815+0000] {dagbag.py:538} INFO - Filling up the DagBag from /opt/airflow/dags/01_data_fetch_mkCHtbls.py
[2025-11-30T09:37:47.515+0000] {processor.py:840} INFO - DAG(s) 'fetch_data' retrieved from /opt/airflow/dags/01_data_fetch_mkCHtbls.py
[2025-11-30T09:37:47.571+0000] {logging_mixin.py:188} INFO - [2025-11-30T09:37:47.571+0000] {dag.py:3036} INFO - Sync 1 DAGs
[2025-11-30T09:37:47.613+0000] {logging_mixin.py:188} INFO - [2025-11-30T09:37:47.612+0000] {dag.py:3823} INFO - Setting next_dagrun for fetch_data to 2025-11-30 00:00:00+00:00, run_after=2025-12-01 00:00:00+00:00
[2025-11-30T09:37:47.668+0000] {processor.py:183} INFO - Processing /opt/airflow/dags/01_data_fetch_mkCHtbls.py took 4.863 seconds
[2025-11-30T09:38:18.306+0000] {processor.py:161} INFO - Started process (PID=23915) to work on /opt/airflow/dags/01_data_fetch_mkCHtbls.py
[2025-11-30T09:38:18.308+0000] {processor.py:830} INFO - Processing file /opt/airflow/dags/01_data_fetch_mkCHtbls.py for tasks to queue
[2025-11-30T09:38:18.310+0000] {logging_mixin.py:188} INFO - [2025-11-30T09:38:18.309+0000] {dagbag.py:538} INFO - Filling up the DagBag from /opt/airflow/dags/01_data_fetch_mkCHtbls.py
[2025-11-30T09:38:22.889+0000] {processor.py:840} INFO - DAG(s) 'fetch_data' retrieved from /opt/airflow/dags/01_data_fetch_mkCHtbls.py
[2025-11-30T09:38:22.945+0000] {logging_mixin.py:188} INFO - [2025-11-30T09:38:22.944+0000] {dag.py:3036} INFO - Sync 1 DAGs
[2025-11-30T09:38:22.991+0000] {logging_mixin.py:188} INFO - [2025-11-30T09:38:22.990+0000] {dag.py:3823} INFO - Setting next_dagrun for fetch_data to 2025-11-30 00:00:00+00:00, run_after=2025-12-01 00:00:00+00:00
[2025-11-30T09:38:23.045+0000] {processor.py:183} INFO - Processing /opt/airflow/dags/01_data_fetch_mkCHtbls.py took 4.745 seconds
[2025-11-30T09:38:53.256+0000] {processor.py:161} INFO - Started process (PID=23980) to work on /opt/airflow/dags/01_data_fetch_mkCHtbls.py
[2025-11-30T09:38:53.258+0000] {processor.py:830} INFO - Processing file /opt/airflow/dags/01_data_fetch_mkCHtbls.py for tasks to queue
[2025-11-30T09:38:53.260+0000] {logging_mixin.py:188} INFO - [2025-11-30T09:38:53.260+0000] {dagbag.py:538} INFO - Filling up the DagBag from /opt/airflow/dags/01_data_fetch_mkCHtbls.py
[2025-11-30T09:38:58.173+0000] {processor.py:840} INFO - DAG(s) 'fetch_data' retrieved from /opt/airflow/dags/01_data_fetch_mkCHtbls.py
[2025-11-30T09:38:58.226+0000] {logging_mixin.py:188} INFO - [2025-11-30T09:38:58.225+0000] {dag.py:3036} INFO - Sync 1 DAGs
[2025-11-30T09:38:58.274+0000] {logging_mixin.py:188} INFO - [2025-11-30T09:38:58.273+0000] {dag.py:3823} INFO - Setting next_dagrun for fetch_data to 2025-11-30 00:00:00+00:00, run_after=2025-12-01 00:00:00+00:00
[2025-11-30T09:38:58.309+0000] {processor.py:183} INFO - Processing /opt/airflow/dags/01_data_fetch_mkCHtbls.py took 5.060 seconds
[2025-11-30T09:39:28.490+0000] {processor.py:161} INFO - Started process (PID=24045) to work on /opt/airflow/dags/01_data_fetch_mkCHtbls.py
[2025-11-30T09:39:28.492+0000] {processor.py:830} INFO - Processing file /opt/airflow/dags/01_data_fetch_mkCHtbls.py for tasks to queue
[2025-11-30T09:39:28.494+0000] {logging_mixin.py:188} INFO - [2025-11-30T09:39:28.493+0000] {dagbag.py:538} INFO - Filling up the DagBag from /opt/airflow/dags/01_data_fetch_mkCHtbls.py
[2025-11-30T09:39:33.166+0000] {processor.py:840} INFO - DAG(s) 'fetch_data' retrieved from /opt/airflow/dags/01_data_fetch_mkCHtbls.py
[2025-11-30T09:39:33.213+0000] {logging_mixin.py:188} INFO - [2025-11-30T09:39:33.212+0000] {dag.py:3036} INFO - Sync 1 DAGs
[2025-11-30T09:39:33.250+0000] {logging_mixin.py:188} INFO - [2025-11-30T09:39:33.249+0000] {dag.py:3823} INFO - Setting next_dagrun for fetch_data to 2025-11-30 00:00:00+00:00, run_after=2025-12-01 00:00:00+00:00
[2025-11-30T09:39:33.294+0000] {processor.py:183} INFO - Processing /opt/airflow/dags/01_data_fetch_mkCHtbls.py took 4.811 seconds
[2025-11-30T09:40:03.515+0000] {processor.py:161} INFO - Started process (PID=24110) to work on /opt/airflow/dags/01_data_fetch_mkCHtbls.py
[2025-11-30T09:40:03.518+0000] {processor.py:830} INFO - Processing file /opt/airflow/dags/01_data_fetch_mkCHtbls.py for tasks to queue
[2025-11-30T09:40:03.520+0000] {logging_mixin.py:188} INFO - [2025-11-30T09:40:03.519+0000] {dagbag.py:538} INFO - Filling up the DagBag from /opt/airflow/dags/01_data_fetch_mkCHtbls.py
[2025-11-30T09:40:08.162+0000] {processor.py:840} INFO - DAG(s) 'fetch_data' retrieved from /opt/airflow/dags/01_data_fetch_mkCHtbls.py
[2025-11-30T09:40:08.211+0000] {logging_mixin.py:188} INFO - [2025-11-30T09:40:08.210+0000] {dag.py:3036} INFO - Sync 1 DAGs
[2025-11-30T09:40:08.255+0000] {logging_mixin.py:188} INFO - [2025-11-30T09:40:08.255+0000] {dag.py:3823} INFO - Setting next_dagrun for fetch_data to 2025-11-30 00:00:00+00:00, run_after=2025-12-01 00:00:00+00:00
[2025-11-30T09:40:08.311+0000] {processor.py:183} INFO - Processing /opt/airflow/dags/01_data_fetch_mkCHtbls.py took 4.802 seconds
[2025-11-30T09:40:38.503+0000] {processor.py:161} INFO - Started process (PID=24175) to work on /opt/airflow/dags/01_data_fetch_mkCHtbls.py
[2025-11-30T09:40:38.505+0000] {processor.py:830} INFO - Processing file /opt/airflow/dags/01_data_fetch_mkCHtbls.py for tasks to queue
[2025-11-30T09:40:38.507+0000] {logging_mixin.py:188} INFO - [2025-11-30T09:40:38.507+0000] {dagbag.py:538} INFO - Filling up the DagBag from /opt/airflow/dags/01_data_fetch_mkCHtbls.py
[2025-11-30T09:40:43.099+0000] {processor.py:840} INFO - DAG(s) 'fetch_data' retrieved from /opt/airflow/dags/01_data_fetch_mkCHtbls.py
[2025-11-30T09:40:43.145+0000] {logging_mixin.py:188} INFO - [2025-11-30T09:40:43.144+0000] {dag.py:3036} INFO - Sync 1 DAGs
[2025-11-30T09:40:43.183+0000] {logging_mixin.py:188} INFO - [2025-11-30T09:40:43.182+0000] {dag.py:3823} INFO - Setting next_dagrun for fetch_data to 2025-11-30 00:00:00+00:00, run_after=2025-12-01 00:00:00+00:00
[2025-11-30T09:40:43.228+0000] {processor.py:183} INFO - Processing /opt/airflow/dags/01_data_fetch_mkCHtbls.py took 4.731 seconds
[2025-11-30T09:41:13.340+0000] {processor.py:161} INFO - Started process (PID=24240) to work on /opt/airflow/dags/01_data_fetch_mkCHtbls.py
[2025-11-30T09:41:13.344+0000] {processor.py:830} INFO - Processing file /opt/airflow/dags/01_data_fetch_mkCHtbls.py for tasks to queue
[2025-11-30T09:41:13.348+0000] {logging_mixin.py:188} INFO - [2025-11-30T09:41:13.347+0000] {dagbag.py:538} INFO - Filling up the DagBag from /opt/airflow/dags/01_data_fetch_mkCHtbls.py
[2025-11-30T09:41:18.176+0000] {processor.py:840} INFO - DAG(s) 'fetch_data' retrieved from /opt/airflow/dags/01_data_fetch_mkCHtbls.py
[2025-11-30T09:41:18.229+0000] {logging_mixin.py:188} INFO - [2025-11-30T09:41:18.229+0000] {dag.py:3036} INFO - Sync 1 DAGs
[2025-11-30T09:41:18.271+0000] {logging_mixin.py:188} INFO - [2025-11-30T09:41:18.270+0000] {dag.py:3823} INFO - Setting next_dagrun for fetch_data to 2025-11-30 00:00:00+00:00, run_after=2025-12-01 00:00:00+00:00
[2025-11-30T09:41:18.321+0000] {processor.py:183} INFO - Processing /opt/airflow/dags/01_data_fetch_mkCHtbls.py took 4.992 seconds
[2025-11-30T09:41:48.665+0000] {processor.py:161} INFO - Started process (PID=24346) to work on /opt/airflow/dags/01_data_fetch_mkCHtbls.py
[2025-11-30T09:41:48.668+0000] {processor.py:830} INFO - Processing file /opt/airflow/dags/01_data_fetch_mkCHtbls.py for tasks to queue
[2025-11-30T09:41:48.671+0000] {logging_mixin.py:188} INFO - [2025-11-30T09:41:48.670+0000] {dagbag.py:538} INFO - Filling up the DagBag from /opt/airflow/dags/01_data_fetch_mkCHtbls.py
[2025-11-30T09:41:53.357+0000] {processor.py:840} INFO - DAG(s) 'fetch_data' retrieved from /opt/airflow/dags/01_data_fetch_mkCHtbls.py
[2025-11-30T09:41:53.402+0000] {logging_mixin.py:188} INFO - [2025-11-30T09:41:53.402+0000] {dag.py:3036} INFO - Sync 1 DAGs
[2025-11-30T09:41:53.442+0000] {logging_mixin.py:188} INFO - [2025-11-30T09:41:53.441+0000] {dag.py:3823} INFO - Setting next_dagrun for fetch_data to 2025-11-30 00:00:00+00:00, run_after=2025-12-01 00:00:00+00:00
[2025-11-30T09:41:53.487+0000] {processor.py:183} INFO - Processing /opt/airflow/dags/01_data_fetch_mkCHtbls.py took 4.828 seconds
[2025-11-30T09:42:23.736+0000] {processor.py:161} INFO - Started process (PID=24411) to work on /opt/airflow/dags/01_data_fetch_mkCHtbls.py
[2025-11-30T09:42:23.739+0000] {processor.py:830} INFO - Processing file /opt/airflow/dags/01_data_fetch_mkCHtbls.py for tasks to queue
[2025-11-30T09:42:23.741+0000] {logging_mixin.py:188} INFO - [2025-11-30T09:42:23.740+0000] {dagbag.py:538} INFO - Filling up the DagBag from /opt/airflow/dags/01_data_fetch_mkCHtbls.py
[2025-11-30T09:42:28.853+0000] {processor.py:840} INFO - DAG(s) 'fetch_data' retrieved from /opt/airflow/dags/01_data_fetch_mkCHtbls.py
[2025-11-30T09:42:28.906+0000] {logging_mixin.py:188} INFO - [2025-11-30T09:42:28.906+0000] {dag.py:3036} INFO - Sync 1 DAGs
[2025-11-30T09:42:28.965+0000] {logging_mixin.py:188} INFO - [2025-11-30T09:42:28.965+0000] {dag.py:3823} INFO - Setting next_dagrun for fetch_data to 2025-11-30 00:00:00+00:00, run_after=2025-12-01 00:00:00+00:00
[2025-11-30T09:42:29.028+0000] {processor.py:183} INFO - Processing /opt/airflow/dags/01_data_fetch_mkCHtbls.py took 5.298 seconds
[2025-11-30T09:42:59.470+0000] {processor.py:161} INFO - Started process (PID=24476) to work on /opt/airflow/dags/01_data_fetch_mkCHtbls.py
[2025-11-30T09:42:59.472+0000] {processor.py:830} INFO - Processing file /opt/airflow/dags/01_data_fetch_mkCHtbls.py for tasks to queue
[2025-11-30T09:42:59.476+0000] {logging_mixin.py:188} INFO - [2025-11-30T09:42:59.475+0000] {dagbag.py:538} INFO - Filling up the DagBag from /opt/airflow/dags/01_data_fetch_mkCHtbls.py
[2025-11-30T09:43:03.853+0000] {processor.py:840} INFO - DAG(s) 'fetch_data' retrieved from /opt/airflow/dags/01_data_fetch_mkCHtbls.py
[2025-11-30T09:43:03.899+0000] {logging_mixin.py:188} INFO - [2025-11-30T09:43:03.899+0000] {dag.py:3036} INFO - Sync 1 DAGs
[2025-11-30T09:43:03.940+0000] {logging_mixin.py:188} INFO - [2025-11-30T09:43:03.939+0000] {dag.py:3823} INFO - Setting next_dagrun for fetch_data to 2025-11-30 00:00:00+00:00, run_after=2025-12-01 00:00:00+00:00
[2025-11-30T09:43:03.990+0000] {processor.py:183} INFO - Processing /opt/airflow/dags/01_data_fetch_mkCHtbls.py took 4.529 seconds
[2025-11-30T09:43:34.327+0000] {processor.py:161} INFO - Started process (PID=24541) to work on /opt/airflow/dags/01_data_fetch_mkCHtbls.py
[2025-11-30T09:43:34.330+0000] {processor.py:830} INFO - Processing file /opt/airflow/dags/01_data_fetch_mkCHtbls.py for tasks to queue
[2025-11-30T09:43:34.333+0000] {logging_mixin.py:188} INFO - [2025-11-30T09:43:34.332+0000] {dagbag.py:538} INFO - Filling up the DagBag from /opt/airflow/dags/01_data_fetch_mkCHtbls.py
[2025-11-30T09:43:39.233+0000] {processor.py:840} INFO - DAG(s) 'fetch_data' retrieved from /opt/airflow/dags/01_data_fetch_mkCHtbls.py
[2025-11-30T09:43:39.294+0000] {logging_mixin.py:188} INFO - [2025-11-30T09:43:39.294+0000] {dag.py:3036} INFO - Sync 1 DAGs
[2025-11-30T09:43:39.339+0000] {logging_mixin.py:188} INFO - [2025-11-30T09:43:39.338+0000] {dag.py:3823} INFO - Setting next_dagrun for fetch_data to 2025-11-30 00:00:00+00:00, run_after=2025-12-01 00:00:00+00:00
[2025-11-30T09:43:39.392+0000] {processor.py:183} INFO - Processing /opt/airflow/dags/01_data_fetch_mkCHtbls.py took 5.073 seconds
[2025-11-30T09:44:09.637+0000] {processor.py:161} INFO - Started process (PID=24606) to work on /opt/airflow/dags/01_data_fetch_mkCHtbls.py
[2025-11-30T09:44:09.640+0000] {processor.py:830} INFO - Processing file /opt/airflow/dags/01_data_fetch_mkCHtbls.py for tasks to queue
[2025-11-30T09:44:09.643+0000] {logging_mixin.py:188} INFO - [2025-11-30T09:44:09.642+0000] {dagbag.py:538} INFO - Filling up the DagBag from /opt/airflow/dags/01_data_fetch_mkCHtbls.py
[2025-11-30T09:44:14.463+0000] {processor.py:840} INFO - DAG(s) 'fetch_data' retrieved from /opt/airflow/dags/01_data_fetch_mkCHtbls.py
[2025-11-30T09:44:14.509+0000] {logging_mixin.py:188} INFO - [2025-11-30T09:44:14.509+0000] {dag.py:3036} INFO - Sync 1 DAGs
[2025-11-30T09:44:14.543+0000] {logging_mixin.py:188} INFO - [2025-11-30T09:44:14.542+0000] {dag.py:3823} INFO - Setting next_dagrun for fetch_data to 2025-11-30 00:00:00+00:00, run_after=2025-12-01 00:00:00+00:00
[2025-11-30T09:44:14.584+0000] {processor.py:183} INFO - Processing /opt/airflow/dags/01_data_fetch_mkCHtbls.py took 4.958 seconds
[2025-11-30T09:44:44.690+0000] {processor.py:161} INFO - Started process (PID=24671) to work on /opt/airflow/dags/01_data_fetch_mkCHtbls.py
[2025-11-30T09:44:44.692+0000] {processor.py:830} INFO - Processing file /opt/airflow/dags/01_data_fetch_mkCHtbls.py for tasks to queue
[2025-11-30T09:44:44.694+0000] {logging_mixin.py:188} INFO - [2025-11-30T09:44:44.694+0000] {dagbag.py:538} INFO - Filling up the DagBag from /opt/airflow/dags/01_data_fetch_mkCHtbls.py
[2025-11-30T09:44:49.816+0000] {processor.py:840} INFO - DAG(s) 'fetch_data' retrieved from /opt/airflow/dags/01_data_fetch_mkCHtbls.py
[2025-11-30T09:44:49.872+0000] {logging_mixin.py:188} INFO - [2025-11-30T09:44:49.872+0000] {dag.py:3036} INFO - Sync 1 DAGs
[2025-11-30T09:44:49.921+0000] {logging_mixin.py:188} INFO - [2025-11-30T09:44:49.920+0000] {dag.py:3823} INFO - Setting next_dagrun for fetch_data to 2025-11-30 00:00:00+00:00, run_after=2025-12-01 00:00:00+00:00
[2025-11-30T09:44:49.970+0000] {processor.py:183} INFO - Processing /opt/airflow/dags/01_data_fetch_mkCHtbls.py took 5.287 seconds
[2025-11-30T09:45:20.288+0000] {processor.py:161} INFO - Started process (PID=24754) to work on /opt/airflow/dags/01_data_fetch_mkCHtbls.py
[2025-11-30T09:45:20.290+0000] {processor.py:830} INFO - Processing file /opt/airflow/dags/01_data_fetch_mkCHtbls.py for tasks to queue
[2025-11-30T09:45:20.292+0000] {logging_mixin.py:188} INFO - [2025-11-30T09:45:20.292+0000] {dagbag.py:538} INFO - Filling up the DagBag from /opt/airflow/dags/01_data_fetch_mkCHtbls.py
[2025-11-30T09:45:24.600+0000] {processor.py:840} INFO - DAG(s) 'fetch_data' retrieved from /opt/airflow/dags/01_data_fetch_mkCHtbls.py
[2025-11-30T09:45:24.646+0000] {logging_mixin.py:188} INFO - [2025-11-30T09:45:24.646+0000] {dag.py:3036} INFO - Sync 1 DAGs
[2025-11-30T09:45:24.694+0000] {logging_mixin.py:188} INFO - [2025-11-30T09:45:24.693+0000] {dag.py:3823} INFO - Setting next_dagrun for fetch_data to 2025-11-30 00:00:00+00:00, run_after=2025-12-01 00:00:00+00:00
[2025-11-30T09:45:24.749+0000] {processor.py:183} INFO - Processing /opt/airflow/dags/01_data_fetch_mkCHtbls.py took 4.469 seconds
[2025-11-30T09:45:55.007+0000] {processor.py:161} INFO - Started process (PID=24821) to work on /opt/airflow/dags/01_data_fetch_mkCHtbls.py
[2025-11-30T09:45:55.009+0000] {processor.py:830} INFO - Processing file /opt/airflow/dags/01_data_fetch_mkCHtbls.py for tasks to queue
[2025-11-30T09:45:55.013+0000] {logging_mixin.py:188} INFO - [2025-11-30T09:45:55.012+0000] {dagbag.py:538} INFO - Filling up the DagBag from /opt/airflow/dags/01_data_fetch_mkCHtbls.py
[2025-11-30T09:45:59.890+0000] {processor.py:840} INFO - DAG(s) 'fetch_data' retrieved from /opt/airflow/dags/01_data_fetch_mkCHtbls.py
[2025-11-30T09:45:59.955+0000] {logging_mixin.py:188} INFO - [2025-11-30T09:45:59.954+0000] {dag.py:3036} INFO - Sync 1 DAGs
[2025-11-30T09:46:00.021+0000] {logging_mixin.py:188} INFO - [2025-11-30T09:46:00.020+0000] {dag.py:3823} INFO - Setting next_dagrun for fetch_data to 2025-11-30 00:00:00+00:00, run_after=2025-12-01 00:00:00+00:00
[2025-11-30T09:46:00.084+0000] {processor.py:183} INFO - Processing /opt/airflow/dags/01_data_fetch_mkCHtbls.py took 5.084 seconds
[2025-11-30T09:46:30.386+0000] {processor.py:161} INFO - Started process (PID=24907) to work on /opt/airflow/dags/01_data_fetch_mkCHtbls.py
[2025-11-30T09:46:30.389+0000] {processor.py:830} INFO - Processing file /opt/airflow/dags/01_data_fetch_mkCHtbls.py for tasks to queue
[2025-11-30T09:46:30.391+0000] {logging_mixin.py:188} INFO - [2025-11-30T09:46:30.390+0000] {dagbag.py:538} INFO - Filling up the DagBag from /opt/airflow/dags/01_data_fetch_mkCHtbls.py
[2025-11-30T09:46:35.287+0000] {processor.py:840} INFO - DAG(s) 'fetch_data' retrieved from /opt/airflow/dags/01_data_fetch_mkCHtbls.py
[2025-11-30T09:46:35.340+0000] {logging_mixin.py:188} INFO - [2025-11-30T09:46:35.339+0000] {dag.py:3036} INFO - Sync 1 DAGs
[2025-11-30T09:46:35.396+0000] {logging_mixin.py:188} INFO - [2025-11-30T09:46:35.395+0000] {dag.py:3823} INFO - Setting next_dagrun for fetch_data to 2025-11-30 00:00:00+00:00, run_after=2025-12-01 00:00:00+00:00
[2025-11-30T09:46:35.448+0000] {processor.py:183} INFO - Processing /opt/airflow/dags/01_data_fetch_mkCHtbls.py took 5.069 seconds
[2025-11-30T09:47:05.777+0000] {processor.py:161} INFO - Started process (PID=24972) to work on /opt/airflow/dags/01_data_fetch_mkCHtbls.py
[2025-11-30T09:47:05.779+0000] {processor.py:830} INFO - Processing file /opt/airflow/dags/01_data_fetch_mkCHtbls.py for tasks to queue
[2025-11-30T09:47:05.782+0000] {logging_mixin.py:188} INFO - [2025-11-30T09:47:05.781+0000] {dagbag.py:538} INFO - Filling up the DagBag from /opt/airflow/dags/01_data_fetch_mkCHtbls.py
[2025-11-30T09:47:10.696+0000] {processor.py:840} INFO - DAG(s) 'fetch_data' retrieved from /opt/airflow/dags/01_data_fetch_mkCHtbls.py
[2025-11-30T09:47:10.753+0000] {logging_mixin.py:188} INFO - [2025-11-30T09:47:10.753+0000] {dag.py:3036} INFO - Sync 1 DAGs
[2025-11-30T09:47:10.823+0000] {logging_mixin.py:188} INFO - [2025-11-30T09:47:10.822+0000] {dag.py:3823} INFO - Setting next_dagrun for fetch_data to 2025-11-30 00:00:00+00:00, run_after=2025-12-01 00:00:00+00:00
[2025-11-30T09:47:10.891+0000] {processor.py:183} INFO - Processing /opt/airflow/dags/01_data_fetch_mkCHtbls.py took 5.121 seconds
[2025-11-30T09:47:41.187+0000] {processor.py:161} INFO - Started process (PID=25037) to work on /opt/airflow/dags/01_data_fetch_mkCHtbls.py
[2025-11-30T09:47:41.191+0000] {processor.py:830} INFO - Processing file /opt/airflow/dags/01_data_fetch_mkCHtbls.py for tasks to queue
[2025-11-30T09:47:41.194+0000] {logging_mixin.py:188} INFO - [2025-11-30T09:47:41.193+0000] {dagbag.py:538} INFO - Filling up the DagBag from /opt/airflow/dags/01_data_fetch_mkCHtbls.py
[2025-11-30T09:47:46.036+0000] {processor.py:840} INFO - DAG(s) 'fetch_data' retrieved from /opt/airflow/dags/01_data_fetch_mkCHtbls.py
[2025-11-30T09:47:46.072+0000] {logging_mixin.py:188} INFO - [2025-11-30T09:47:46.072+0000] {dag.py:3036} INFO - Sync 1 DAGs
[2025-11-30T09:47:46.102+0000] {logging_mixin.py:188} INFO - [2025-11-30T09:47:46.102+0000] {dag.py:3823} INFO - Setting next_dagrun for fetch_data to 2025-11-30 00:00:00+00:00, run_after=2025-12-01 00:00:00+00:00
[2025-11-30T09:47:46.145+0000] {processor.py:183} INFO - Processing /opt/airflow/dags/01_data_fetch_mkCHtbls.py took 4.969 seconds
[2025-11-30T09:48:16.283+0000] {processor.py:161} INFO - Started process (PID=25102) to work on /opt/airflow/dags/01_data_fetch_mkCHtbls.py
[2025-11-30T09:48:16.286+0000] {processor.py:830} INFO - Processing file /opt/airflow/dags/01_data_fetch_mkCHtbls.py for tasks to queue
[2025-11-30T09:48:16.289+0000] {logging_mixin.py:188} INFO - [2025-11-30T09:48:16.288+0000] {dagbag.py:538} INFO - Filling up the DagBag from /opt/airflow/dags/01_data_fetch_mkCHtbls.py
[2025-11-30T09:48:21.373+0000] {processor.py:840} INFO - DAG(s) 'fetch_data' retrieved from /opt/airflow/dags/01_data_fetch_mkCHtbls.py
[2025-11-30T09:48:21.410+0000] {logging_mixin.py:188} INFO - [2025-11-30T09:48:21.409+0000] {dag.py:3036} INFO - Sync 1 DAGs
[2025-11-30T09:48:21.447+0000] {logging_mixin.py:188} INFO - [2025-11-30T09:48:21.447+0000] {dag.py:3823} INFO - Setting next_dagrun for fetch_data to 2025-11-30 00:00:00+00:00, run_after=2025-12-01 00:00:00+00:00
[2025-11-30T09:48:21.479+0000] {processor.py:183} INFO - Processing /opt/airflow/dags/01_data_fetch_mkCHtbls.py took 5.203 seconds
[2025-11-30T09:48:51.607+0000] {processor.py:161} INFO - Started process (PID=25167) to work on /opt/airflow/dags/01_data_fetch_mkCHtbls.py
[2025-11-30T09:48:51.609+0000] {processor.py:830} INFO - Processing file /opt/airflow/dags/01_data_fetch_mkCHtbls.py for tasks to queue
[2025-11-30T09:48:51.613+0000] {logging_mixin.py:188} INFO - [2025-11-30T09:48:51.612+0000] {dagbag.py:538} INFO - Filling up the DagBag from /opt/airflow/dags/01_data_fetch_mkCHtbls.py
[2025-11-30T09:48:56.216+0000] {processor.py:840} INFO - DAG(s) 'fetch_data' retrieved from /opt/airflow/dags/01_data_fetch_mkCHtbls.py
[2025-11-30T09:48:56.286+0000] {logging_mixin.py:188} INFO - [2025-11-30T09:48:56.285+0000] {dag.py:3036} INFO - Sync 1 DAGs
[2025-11-30T09:48:56.329+0000] {logging_mixin.py:188} INFO - [2025-11-30T09:48:56.329+0000] {dag.py:3823} INFO - Setting next_dagrun for fetch_data to 2025-11-30 00:00:00+00:00, run_after=2025-12-01 00:00:00+00:00
[2025-11-30T09:48:56.361+0000] {processor.py:183} INFO - Processing /opt/airflow/dags/01_data_fetch_mkCHtbls.py took 4.763 seconds
[2025-11-30T09:49:26.739+0000] {processor.py:161} INFO - Started process (PID=25232) to work on /opt/airflow/dags/01_data_fetch_mkCHtbls.py
[2025-11-30T09:49:26.744+0000] {processor.py:830} INFO - Processing file /opt/airflow/dags/01_data_fetch_mkCHtbls.py for tasks to queue
[2025-11-30T09:49:26.748+0000] {logging_mixin.py:188} INFO - [2025-11-30T09:49:26.747+0000] {dagbag.py:538} INFO - Filling up the DagBag from /opt/airflow/dags/01_data_fetch_mkCHtbls.py
[2025-11-30T09:49:31.846+0000] {processor.py:840} INFO - DAG(s) 'fetch_data' retrieved from /opt/airflow/dags/01_data_fetch_mkCHtbls.py
[2025-11-30T09:49:31.883+0000] {logging_mixin.py:188} INFO - [2025-11-30T09:49:31.883+0000] {dag.py:3036} INFO - Sync 1 DAGs
[2025-11-30T09:49:31.920+0000] {logging_mixin.py:188} INFO - [2025-11-30T09:49:31.920+0000] {dag.py:3823} INFO - Setting next_dagrun for fetch_data to 2025-11-30 00:00:00+00:00, run_after=2025-12-01 00:00:00+00:00
[2025-11-30T09:49:31.963+0000] {processor.py:183} INFO - Processing /opt/airflow/dags/01_data_fetch_mkCHtbls.py took 5.239 seconds
[2025-11-30T09:50:02.298+0000] {processor.py:161} INFO - Started process (PID=25317) to work on /opt/airflow/dags/01_data_fetch_mkCHtbls.py
[2025-11-30T09:50:02.301+0000] {processor.py:830} INFO - Processing file /opt/airflow/dags/01_data_fetch_mkCHtbls.py for tasks to queue
[2025-11-30T09:50:02.302+0000] {logging_mixin.py:188} INFO - [2025-11-30T09:50:02.302+0000] {dagbag.py:538} INFO - Filling up the DagBag from /opt/airflow/dags/01_data_fetch_mkCHtbls.py
[2025-11-30T09:50:07.133+0000] {processor.py:840} INFO - DAG(s) 'fetch_data' retrieved from /opt/airflow/dags/01_data_fetch_mkCHtbls.py
[2025-11-30T09:50:07.186+0000] {logging_mixin.py:188} INFO - [2025-11-30T09:50:07.185+0000] {dag.py:3036} INFO - Sync 1 DAGs
[2025-11-30T09:50:07.236+0000] {logging_mixin.py:188} INFO - [2025-11-30T09:50:07.236+0000] {dag.py:3823} INFO - Setting next_dagrun for fetch_data to 2025-11-30 00:00:00+00:00, run_after=2025-12-01 00:00:00+00:00
[2025-11-30T09:50:07.283+0000] {processor.py:183} INFO - Processing /opt/airflow/dags/01_data_fetch_mkCHtbls.py took 4.991 seconds
[2025-11-30T09:50:37.906+0000] {processor.py:161} INFO - Started process (PID=25382) to work on /opt/airflow/dags/01_data_fetch_mkCHtbls.py
[2025-11-30T09:50:37.908+0000] {processor.py:830} INFO - Processing file /opt/airflow/dags/01_data_fetch_mkCHtbls.py for tasks to queue
[2025-11-30T09:50:37.912+0000] {logging_mixin.py:188} INFO - [2025-11-30T09:50:37.911+0000] {dagbag.py:538} INFO - Filling up the DagBag from /opt/airflow/dags/01_data_fetch_mkCHtbls.py
[2025-11-30T09:50:42.586+0000] {processor.py:840} INFO - DAG(s) 'fetch_data' retrieved from /opt/airflow/dags/01_data_fetch_mkCHtbls.py
[2025-11-30T09:50:42.639+0000] {logging_mixin.py:188} INFO - [2025-11-30T09:50:42.639+0000] {dag.py:3036} INFO - Sync 1 DAGs
[2025-11-30T09:50:42.691+0000] {logging_mixin.py:188} INFO - [2025-11-30T09:50:42.690+0000] {dag.py:3823} INFO - Setting next_dagrun for fetch_data to 2025-11-30 00:00:00+00:00, run_after=2025-12-01 00:00:00+00:00
[2025-11-30T09:50:42.751+0000] {processor.py:183} INFO - Processing /opt/airflow/dags/01_data_fetch_mkCHtbls.py took 4.852 seconds
[2025-11-30T09:51:13.537+0000] {processor.py:161} INFO - Started process (PID=25468) to work on /opt/airflow/dags/01_data_fetch_mkCHtbls.py
[2025-11-30T09:51:13.540+0000] {processor.py:830} INFO - Processing file /opt/airflow/dags/01_data_fetch_mkCHtbls.py for tasks to queue
[2025-11-30T09:51:13.542+0000] {logging_mixin.py:188} INFO - [2025-11-30T09:51:13.541+0000] {dagbag.py:538} INFO - Filling up the DagBag from /opt/airflow/dags/01_data_fetch_mkCHtbls.py
[2025-11-30T09:51:18.812+0000] {processor.py:840} INFO - DAG(s) 'fetch_data' retrieved from /opt/airflow/dags/01_data_fetch_mkCHtbls.py
[2025-11-30T09:51:18.917+0000] {logging_mixin.py:188} INFO - [2025-11-30T09:51:18.917+0000] {dag.py:3036} INFO - Sync 1 DAGs
[2025-11-30T09:51:19.000+0000] {logging_mixin.py:188} INFO - [2025-11-30T09:51:18.999+0000] {dag.py:3823} INFO - Setting next_dagrun for fetch_data to 2025-11-30 00:00:00+00:00, run_after=2025-12-01 00:00:00+00:00
[2025-11-30T09:51:19.048+0000] {processor.py:183} INFO - Processing /opt/airflow/dags/01_data_fetch_mkCHtbls.py took 5.520 seconds
[2025-11-30T09:51:49.428+0000] {processor.py:161} INFO - Started process (PID=25533) to work on /opt/airflow/dags/01_data_fetch_mkCHtbls.py
[2025-11-30T09:51:49.431+0000] {processor.py:830} INFO - Processing file /opt/airflow/dags/01_data_fetch_mkCHtbls.py for tasks to queue
[2025-11-30T09:51:49.434+0000] {logging_mixin.py:188} INFO - [2025-11-30T09:51:49.433+0000] {dagbag.py:538} INFO - Filling up the DagBag from /opt/airflow/dags/01_data_fetch_mkCHtbls.py
[2025-11-30T09:51:53.924+0000] {processor.py:840} INFO - DAG(s) 'fetch_data' retrieved from /opt/airflow/dags/01_data_fetch_mkCHtbls.py
[2025-11-30T09:51:53.956+0000] {logging_mixin.py:188} INFO - [2025-11-30T09:51:53.956+0000] {dag.py:3036} INFO - Sync 1 DAGs
[2025-11-30T09:51:53.990+0000] {logging_mixin.py:188} INFO - [2025-11-30T09:51:53.989+0000] {dag.py:3823} INFO - Setting next_dagrun for fetch_data to 2025-11-30 00:00:00+00:00, run_after=2025-12-01 00:00:00+00:00
[2025-11-30T09:51:54.026+0000] {processor.py:183} INFO - Processing /opt/airflow/dags/01_data_fetch_mkCHtbls.py took 4.604 seconds
[2025-11-30T09:52:24.337+0000] {processor.py:161} INFO - Started process (PID=25598) to work on /opt/airflow/dags/01_data_fetch_mkCHtbls.py
[2025-11-30T09:52:24.339+0000] {processor.py:830} INFO - Processing file /opt/airflow/dags/01_data_fetch_mkCHtbls.py for tasks to queue
[2025-11-30T09:52:24.341+0000] {logging_mixin.py:188} INFO - [2025-11-30T09:52:24.340+0000] {dagbag.py:538} INFO - Filling up the DagBag from /opt/airflow/dags/01_data_fetch_mkCHtbls.py
[2025-11-30T09:52:29.264+0000] {processor.py:840} INFO - DAG(s) 'fetch_data' retrieved from /opt/airflow/dags/01_data_fetch_mkCHtbls.py
[2025-11-30T09:52:29.318+0000] {logging_mixin.py:188} INFO - [2025-11-30T09:52:29.317+0000] {dag.py:3036} INFO - Sync 1 DAGs
[2025-11-30T09:52:29.359+0000] {logging_mixin.py:188} INFO - [2025-11-30T09:52:29.359+0000] {dag.py:3823} INFO - Setting next_dagrun for fetch_data to 2025-11-30 00:00:00+00:00, run_after=2025-12-01 00:00:00+00:00
[2025-11-30T09:52:29.408+0000] {processor.py:183} INFO - Processing /opt/airflow/dags/01_data_fetch_mkCHtbls.py took 5.078 seconds
[2025-11-30T09:53:00.098+0000] {processor.py:161} INFO - Started process (PID=25663) to work on /opt/airflow/dags/01_data_fetch_mkCHtbls.py
[2025-11-30T09:53:00.100+0000] {processor.py:830} INFO - Processing file /opt/airflow/dags/01_data_fetch_mkCHtbls.py for tasks to queue
[2025-11-30T09:53:00.102+0000] {logging_mixin.py:188} INFO - [2025-11-30T09:53:00.101+0000] {dagbag.py:538} INFO - Filling up the DagBag from /opt/airflow/dags/01_data_fetch_mkCHtbls.py
[2025-11-30T09:53:04.693+0000] {processor.py:840} INFO - DAG(s) 'fetch_data' retrieved from /opt/airflow/dags/01_data_fetch_mkCHtbls.py
[2025-11-30T09:53:04.737+0000] {logging_mixin.py:188} INFO - [2025-11-30T09:53:04.737+0000] {dag.py:3036} INFO - Sync 1 DAGs
[2025-11-30T09:53:04.772+0000] {logging_mixin.py:188} INFO - [2025-11-30T09:53:04.772+0000] {dag.py:3823} INFO - Setting next_dagrun for fetch_data to 2025-11-30 00:00:00+00:00, run_after=2025-12-01 00:00:00+00:00
[2025-11-30T09:53:04.818+0000] {processor.py:183} INFO - Processing /opt/airflow/dags/01_data_fetch_mkCHtbls.py took 4.728 seconds
[2025-11-30T09:53:35.103+0000] {processor.py:161} INFO - Started process (PID=25748) to work on /opt/airflow/dags/01_data_fetch_mkCHtbls.py
[2025-11-30T09:53:35.105+0000] {processor.py:830} INFO - Processing file /opt/airflow/dags/01_data_fetch_mkCHtbls.py for tasks to queue
[2025-11-30T09:53:35.108+0000] {logging_mixin.py:188} INFO - [2025-11-30T09:53:35.107+0000] {dagbag.py:538} INFO - Filling up the DagBag from /opt/airflow/dags/01_data_fetch_mkCHtbls.py
[2025-11-30T09:53:40.491+0000] {processor.py:840} INFO - DAG(s) 'fetch_data' retrieved from /opt/airflow/dags/01_data_fetch_mkCHtbls.py
[2025-11-30T09:53:40.542+0000] {logging_mixin.py:188} INFO - [2025-11-30T09:53:40.541+0000] {dag.py:3036} INFO - Sync 1 DAGs
[2025-11-30T09:53:40.585+0000] {logging_mixin.py:188} INFO - [2025-11-30T09:53:40.584+0000] {dag.py:3823} INFO - Setting next_dagrun for fetch_data to 2025-11-30 00:00:00+00:00, run_after=2025-12-01 00:00:00+00:00
[2025-11-30T09:53:40.634+0000] {processor.py:183} INFO - Processing /opt/airflow/dags/01_data_fetch_mkCHtbls.py took 5.538 seconds
[2025-11-30T09:54:10.810+0000] {processor.py:161} INFO - Started process (PID=25813) to work on /opt/airflow/dags/01_data_fetch_mkCHtbls.py
[2025-11-30T09:54:10.817+0000] {processor.py:830} INFO - Processing file /opt/airflow/dags/01_data_fetch_mkCHtbls.py for tasks to queue
[2025-11-30T09:54:10.819+0000] {logging_mixin.py:188} INFO - [2025-11-30T09:54:10.818+0000] {dagbag.py:538} INFO - Filling up the DagBag from /opt/airflow/dags/01_data_fetch_mkCHtbls.py
[2025-11-30T09:54:15.493+0000] {processor.py:840} INFO - DAG(s) 'fetch_data' retrieved from /opt/airflow/dags/01_data_fetch_mkCHtbls.py
[2025-11-30T09:54:15.546+0000] {logging_mixin.py:188} INFO - [2025-11-30T09:54:15.545+0000] {dag.py:3036} INFO - Sync 1 DAGs
[2025-11-30T09:54:15.602+0000] {logging_mixin.py:188} INFO - [2025-11-30T09:54:15.601+0000] {dag.py:3823} INFO - Setting next_dagrun for fetch_data to 2025-11-30 00:00:00+00:00, run_after=2025-12-01 00:00:00+00:00
[2025-11-30T09:54:15.640+0000] {processor.py:183} INFO - Processing /opt/airflow/dags/01_data_fetch_mkCHtbls.py took 4.838 seconds
[2025-11-30T09:54:45.986+0000] {processor.py:161} INFO - Started process (PID=25878) to work on /opt/airflow/dags/01_data_fetch_mkCHtbls.py
[2025-11-30T09:54:45.988+0000] {processor.py:830} INFO - Processing file /opt/airflow/dags/01_data_fetch_mkCHtbls.py for tasks to queue
[2025-11-30T09:54:45.992+0000] {logging_mixin.py:188} INFO - [2025-11-30T09:54:45.991+0000] {dagbag.py:538} INFO - Filling up the DagBag from /opt/airflow/dags/01_data_fetch_mkCHtbls.py
[2025-11-30T09:54:50.864+0000] {processor.py:840} INFO - DAG(s) 'fetch_data' retrieved from /opt/airflow/dags/01_data_fetch_mkCHtbls.py
[2025-11-30T09:54:50.901+0000] {logging_mixin.py:188} INFO - [2025-11-30T09:54:50.901+0000] {dag.py:3036} INFO - Sync 1 DAGs
[2025-11-30T09:54:50.934+0000] {logging_mixin.py:188} INFO - [2025-11-30T09:54:50.934+0000] {dag.py:3823} INFO - Setting next_dagrun for fetch_data to 2025-11-30 00:00:00+00:00, run_after=2025-12-01 00:00:00+00:00
[2025-11-30T09:54:50.979+0000] {processor.py:183} INFO - Processing /opt/airflow/dags/01_data_fetch_mkCHtbls.py took 5.001 seconds
[2025-11-30T09:55:21.306+0000] {processor.py:161} INFO - Started process (PID=25964) to work on /opt/airflow/dags/01_data_fetch_mkCHtbls.py
[2025-11-30T09:55:21.309+0000] {processor.py:830} INFO - Processing file /opt/airflow/dags/01_data_fetch_mkCHtbls.py for tasks to queue
[2025-11-30T09:55:21.311+0000] {logging_mixin.py:188} INFO - [2025-11-30T09:55:21.310+0000] {dagbag.py:538} INFO - Filling up the DagBag from /opt/airflow/dags/01_data_fetch_mkCHtbls.py
[2025-11-30T09:55:25.824+0000] {processor.py:840} INFO - DAG(s) 'fetch_data' retrieved from /opt/airflow/dags/01_data_fetch_mkCHtbls.py
[2025-11-30T09:55:25.871+0000] {logging_mixin.py:188} INFO - [2025-11-30T09:55:25.870+0000] {dag.py:3036} INFO - Sync 1 DAGs
[2025-11-30T09:55:25.911+0000] {logging_mixin.py:188} INFO - [2025-11-30T09:55:25.910+0000] {dag.py:3823} INFO - Setting next_dagrun for fetch_data to 2025-11-30 00:00:00+00:00, run_after=2025-12-01 00:00:00+00:00
[2025-11-30T09:55:25.957+0000] {processor.py:183} INFO - Processing /opt/airflow/dags/01_data_fetch_mkCHtbls.py took 4.658 seconds
[2025-11-30T09:55:56.310+0000] {processor.py:161} INFO - Started process (PID=26029) to work on /opt/airflow/dags/01_data_fetch_mkCHtbls.py
[2025-11-30T09:55:56.313+0000] {processor.py:830} INFO - Processing file /opt/airflow/dags/01_data_fetch_mkCHtbls.py for tasks to queue
[2025-11-30T09:55:56.317+0000] {logging_mixin.py:188} INFO - [2025-11-30T09:55:56.316+0000] {dagbag.py:538} INFO - Filling up the DagBag from /opt/airflow/dags/01_data_fetch_mkCHtbls.py
[2025-11-30T09:56:01.668+0000] {processor.py:840} INFO - DAG(s) 'fetch_data' retrieved from /opt/airflow/dags/01_data_fetch_mkCHtbls.py
[2025-11-30T09:56:01.722+0000] {logging_mixin.py:188} INFO - [2025-11-30T09:56:01.722+0000] {dag.py:3036} INFO - Sync 1 DAGs
[2025-11-30T09:56:01.768+0000] {logging_mixin.py:188} INFO - [2025-11-30T09:56:01.767+0000] {dag.py:3823} INFO - Setting next_dagrun for fetch_data to 2025-11-30 00:00:00+00:00, run_after=2025-12-01 00:00:00+00:00
[2025-11-30T09:56:01.821+0000] {processor.py:183} INFO - Processing /opt/airflow/dags/01_data_fetch_mkCHtbls.py took 5.522 seconds
[2025-11-30T09:56:32.111+0000] {processor.py:161} INFO - Started process (PID=26094) to work on /opt/airflow/dags/01_data_fetch_mkCHtbls.py
[2025-11-30T09:56:32.114+0000] {processor.py:830} INFO - Processing file /opt/airflow/dags/01_data_fetch_mkCHtbls.py for tasks to queue
[2025-11-30T09:56:32.116+0000] {logging_mixin.py:188} INFO - [2025-11-30T09:56:32.115+0000] {dagbag.py:538} INFO - Filling up the DagBag from /opt/airflow/dags/01_data_fetch_mkCHtbls.py
[2025-11-30T09:56:36.586+0000] {processor.py:840} INFO - DAG(s) 'fetch_data' retrieved from /opt/airflow/dags/01_data_fetch_mkCHtbls.py
[2025-11-30T09:56:36.663+0000] {logging_mixin.py:188} INFO - [2025-11-30T09:56:36.662+0000] {dag.py:3036} INFO - Sync 1 DAGs
[2025-11-30T09:56:36.717+0000] {logging_mixin.py:188} INFO - [2025-11-30T09:56:36.716+0000] {dag.py:3823} INFO - Setting next_dagrun for fetch_data to 2025-11-30 00:00:00+00:00, run_after=2025-12-01 00:00:00+00:00
[2025-11-30T09:56:36.795+0000] {processor.py:183} INFO - Processing /opt/airflow/dags/01_data_fetch_mkCHtbls.py took 4.690 seconds
[2025-11-30T09:57:07.126+0000] {processor.py:161} INFO - Started process (PID=26177) to work on /opt/airflow/dags/01_data_fetch_mkCHtbls.py
[2025-11-30T09:57:07.130+0000] {processor.py:830} INFO - Processing file /opt/airflow/dags/01_data_fetch_mkCHtbls.py for tasks to queue
[2025-11-30T09:57:07.135+0000] {logging_mixin.py:188} INFO - [2025-11-30T09:57:07.133+0000] {dagbag.py:538} INFO - Filling up the DagBag from /opt/airflow/dags/01_data_fetch_mkCHtbls.py
[2025-11-30T09:57:11.820+0000] {processor.py:840} INFO - DAG(s) 'fetch_data' retrieved from /opt/airflow/dags/01_data_fetch_mkCHtbls.py
[2025-11-30T09:57:11.860+0000] {logging_mixin.py:188} INFO - [2025-11-30T09:57:11.860+0000] {dag.py:3036} INFO - Sync 1 DAGs
[2025-11-30T09:57:11.898+0000] {logging_mixin.py:188} INFO - [2025-11-30T09:57:11.897+0000] {dag.py:3823} INFO - Setting next_dagrun for fetch_data to 2025-11-30 00:00:00+00:00, run_after=2025-12-01 00:00:00+00:00
[2025-11-30T09:57:11.940+0000] {processor.py:183} INFO - Processing /opt/airflow/dags/01_data_fetch_mkCHtbls.py took 4.826 seconds
[2025-11-30T09:57:42.127+0000] {processor.py:161} INFO - Started process (PID=26244) to work on /opt/airflow/dags/01_data_fetch_mkCHtbls.py
[2025-11-30T09:57:42.129+0000] {processor.py:830} INFO - Processing file /opt/airflow/dags/01_data_fetch_mkCHtbls.py for tasks to queue
[2025-11-30T09:57:42.132+0000] {logging_mixin.py:188} INFO - [2025-11-30T09:57:42.131+0000] {dagbag.py:538} INFO - Filling up the DagBag from /opt/airflow/dags/01_data_fetch_mkCHtbls.py
[2025-11-30T09:57:46.561+0000] {processor.py:840} INFO - DAG(s) 'fetch_data' retrieved from /opt/airflow/dags/01_data_fetch_mkCHtbls.py
[2025-11-30T09:57:46.606+0000] {logging_mixin.py:188} INFO - [2025-11-30T09:57:46.605+0000] {dag.py:3036} INFO - Sync 1 DAGs
[2025-11-30T09:57:46.661+0000] {logging_mixin.py:188} INFO - [2025-11-30T09:57:46.660+0000] {dag.py:3823} INFO - Setting next_dagrun for fetch_data to 2025-11-30 00:00:00+00:00, run_after=2025-12-01 00:00:00+00:00
[2025-11-30T09:57:46.721+0000] {processor.py:183} INFO - Processing /opt/airflow/dags/01_data_fetch_mkCHtbls.py took 4.600 seconds
[2025-11-30T09:58:17.266+0000] {processor.py:161} INFO - Started process (PID=26309) to work on /opt/airflow/dags/01_data_fetch_mkCHtbls.py
[2025-11-30T09:58:17.268+0000] {processor.py:830} INFO - Processing file /opt/airflow/dags/01_data_fetch_mkCHtbls.py for tasks to queue
[2025-11-30T09:58:17.271+0000] {logging_mixin.py:188} INFO - [2025-11-30T09:58:17.270+0000] {dagbag.py:538} INFO - Filling up the DagBag from /opt/airflow/dags/01_data_fetch_mkCHtbls.py
[2025-11-30T09:58:22.112+0000] {processor.py:840} INFO - DAG(s) 'fetch_data' retrieved from /opt/airflow/dags/01_data_fetch_mkCHtbls.py
[2025-11-30T09:58:22.157+0000] {logging_mixin.py:188} INFO - [2025-11-30T09:58:22.157+0000] {dag.py:3036} INFO - Sync 1 DAGs
[2025-11-30T09:58:22.197+0000] {logging_mixin.py:188} INFO - [2025-11-30T09:58:22.197+0000] {dag.py:3823} INFO - Setting next_dagrun for fetch_data to 2025-11-30 00:00:00+00:00, run_after=2025-12-01 00:00:00+00:00
[2025-11-30T09:58:22.242+0000] {processor.py:183} INFO - Processing /opt/airflow/dags/01_data_fetch_mkCHtbls.py took 4.984 seconds
[2025-11-30T09:58:52.668+0000] {processor.py:161} INFO - Started process (PID=26374) to work on /opt/airflow/dags/01_data_fetch_mkCHtbls.py
[2025-11-30T09:58:52.671+0000] {processor.py:830} INFO - Processing file /opt/airflow/dags/01_data_fetch_mkCHtbls.py for tasks to queue
[2025-11-30T09:58:52.673+0000] {logging_mixin.py:188} INFO - [2025-11-30T09:58:52.672+0000] {dagbag.py:538} INFO - Filling up the DagBag from /opt/airflow/dags/01_data_fetch_mkCHtbls.py
[2025-11-30T09:58:57.168+0000] {processor.py:840} INFO - DAG(s) 'fetch_data' retrieved from /opt/airflow/dags/01_data_fetch_mkCHtbls.py
[2025-11-30T09:58:57.212+0000] {logging_mixin.py:188} INFO - [2025-11-30T09:58:57.211+0000] {dag.py:3036} INFO - Sync 1 DAGs
[2025-11-30T09:58:57.255+0000] {logging_mixin.py:188} INFO - [2025-11-30T09:58:57.255+0000] {dag.py:3823} INFO - Setting next_dagrun for fetch_data to 2025-11-30 00:00:00+00:00, run_after=2025-12-01 00:00:00+00:00
[2025-11-30T09:58:57.308+0000] {processor.py:183} INFO - Processing /opt/airflow/dags/01_data_fetch_mkCHtbls.py took 4.646 seconds
[2025-11-30T09:59:27.573+0000] {processor.py:161} INFO - Started process (PID=26439) to work on /opt/airflow/dags/01_data_fetch_mkCHtbls.py
[2025-11-30T09:59:27.575+0000] {processor.py:830} INFO - Processing file /opt/airflow/dags/01_data_fetch_mkCHtbls.py for tasks to queue
[2025-11-30T09:59:27.577+0000] {logging_mixin.py:188} INFO - [2025-11-30T09:59:27.576+0000] {dagbag.py:538} INFO - Filling up the DagBag from /opt/airflow/dags/01_data_fetch_mkCHtbls.py
[2025-11-30T09:59:32.319+0000] {processor.py:840} INFO - DAG(s) 'fetch_data' retrieved from /opt/airflow/dags/01_data_fetch_mkCHtbls.py
[2025-11-30T09:59:32.366+0000] {logging_mixin.py:188} INFO - [2025-11-30T09:59:32.365+0000] {dag.py:3036} INFO - Sync 1 DAGs
[2025-11-30T09:59:32.410+0000] {logging_mixin.py:188} INFO - [2025-11-30T09:59:32.409+0000] {dag.py:3823} INFO - Setting next_dagrun for fetch_data to 2025-11-30 00:00:00+00:00, run_after=2025-12-01 00:00:00+00:00
[2025-11-30T09:59:32.463+0000] {processor.py:183} INFO - Processing /opt/airflow/dags/01_data_fetch_mkCHtbls.py took 4.895 seconds
[2025-11-30T10:00:02.822+0000] {processor.py:161} INFO - Started process (PID=26523) to work on /opt/airflow/dags/01_data_fetch_mkCHtbls.py
[2025-11-30T10:00:02.825+0000] {processor.py:830} INFO - Processing file /opt/airflow/dags/01_data_fetch_mkCHtbls.py for tasks to queue
[2025-11-30T10:00:02.828+0000] {logging_mixin.py:188} INFO - [2025-11-30T10:00:02.827+0000] {dagbag.py:538} INFO - Filling up the DagBag from /opt/airflow/dags/01_data_fetch_mkCHtbls.py
[2025-11-30T10:00:08.168+0000] {processor.py:840} INFO - DAG(s) 'fetch_data' retrieved from /opt/airflow/dags/01_data_fetch_mkCHtbls.py
[2025-11-30T10:00:08.224+0000] {logging_mixin.py:188} INFO - [2025-11-30T10:00:08.224+0000] {dag.py:3036} INFO - Sync 1 DAGs
[2025-11-30T10:00:08.269+0000] {logging_mixin.py:188} INFO - [2025-11-30T10:00:08.269+0000] {dag.py:3823} INFO - Setting next_dagrun for fetch_data to 2025-11-30 00:00:00+00:00, run_after=2025-12-01 00:00:00+00:00
[2025-11-30T10:00:08.329+0000] {processor.py:183} INFO - Processing /opt/airflow/dags/01_data_fetch_mkCHtbls.py took 5.515 seconds
[2025-11-30T10:00:38.575+0000] {processor.py:161} INFO - Started process (PID=26590) to work on /opt/airflow/dags/01_data_fetch_mkCHtbls.py
[2025-11-30T10:00:38.578+0000] {processor.py:830} INFO - Processing file /opt/airflow/dags/01_data_fetch_mkCHtbls.py for tasks to queue
[2025-11-30T10:00:38.581+0000] {logging_mixin.py:188} INFO - [2025-11-30T10:00:38.581+0000] {dagbag.py:538} INFO - Filling up the DagBag from /opt/airflow/dags/01_data_fetch_mkCHtbls.py
[2025-11-30T10:00:43.023+0000] {processor.py:840} INFO - DAG(s) 'fetch_data' retrieved from /opt/airflow/dags/01_data_fetch_mkCHtbls.py
[2025-11-30T10:00:43.066+0000] {logging_mixin.py:188} INFO - [2025-11-30T10:00:43.066+0000] {dag.py:3036} INFO - Sync 1 DAGs
[2025-11-30T10:00:43.106+0000] {logging_mixin.py:188} INFO - [2025-11-30T10:00:43.106+0000] {dag.py:3823} INFO - Setting next_dagrun for fetch_data to 2025-11-30 00:00:00+00:00, run_after=2025-12-01 00:00:00+00:00
[2025-11-30T10:00:43.150+0000] {processor.py:183} INFO - Processing /opt/airflow/dags/01_data_fetch_mkCHtbls.py took 4.582 seconds
[2025-11-30T10:01:13.487+0000] {processor.py:161} INFO - Started process (PID=26675) to work on /opt/airflow/dags/01_data_fetch_mkCHtbls.py
[2025-11-30T10:01:13.489+0000] {processor.py:830} INFO - Processing file /opt/airflow/dags/01_data_fetch_mkCHtbls.py for tasks to queue
[2025-11-30T10:01:13.492+0000] {logging_mixin.py:188} INFO - [2025-11-30T10:01:13.491+0000] {dagbag.py:538} INFO - Filling up the DagBag from /opt/airflow/dags/01_data_fetch_mkCHtbls.py
[2025-11-30T10:01:18.131+0000] {processor.py:840} INFO - DAG(s) 'fetch_data' retrieved from /opt/airflow/dags/01_data_fetch_mkCHtbls.py
[2025-11-30T10:01:18.171+0000] {logging_mixin.py:188} INFO - [2025-11-30T10:01:18.171+0000] {dag.py:3036} INFO - Sync 1 DAGs
[2025-11-30T10:01:18.214+0000] {logging_mixin.py:188} INFO - [2025-11-30T10:01:18.214+0000] {dag.py:3823} INFO - Setting next_dagrun for fetch_data to 2025-11-30 00:00:00+00:00, run_after=2025-12-01 00:00:00+00:00
[2025-11-30T10:01:18.271+0000] {processor.py:183} INFO - Processing /opt/airflow/dags/01_data_fetch_mkCHtbls.py took 4.791 seconds
[2025-11-30T10:01:48.558+0000] {processor.py:161} INFO - Started process (PID=26740) to work on /opt/airflow/dags/01_data_fetch_mkCHtbls.py
[2025-11-30T10:01:48.561+0000] {processor.py:830} INFO - Processing file /opt/airflow/dags/01_data_fetch_mkCHtbls.py for tasks to queue
[2025-11-30T10:01:48.564+0000] {logging_mixin.py:188} INFO - [2025-11-30T10:01:48.564+0000] {dagbag.py:538} INFO - Filling up the DagBag from /opt/airflow/dags/01_data_fetch_mkCHtbls.py
[2025-11-30T10:01:53.503+0000] {processor.py:840} INFO - DAG(s) 'fetch_data' retrieved from /opt/airflow/dags/01_data_fetch_mkCHtbls.py
[2025-11-30T10:01:53.542+0000] {logging_mixin.py:188} INFO - [2025-11-30T10:01:53.541+0000] {dag.py:3036} INFO - Sync 1 DAGs
[2025-11-30T10:01:53.575+0000] {logging_mixin.py:188} INFO - [2025-11-30T10:01:53.575+0000] {dag.py:3823} INFO - Setting next_dagrun for fetch_data to 2025-11-30 00:00:00+00:00, run_after=2025-12-01 00:00:00+00:00
[2025-11-30T10:01:53.602+0000] {processor.py:183} INFO - Processing /opt/airflow/dags/01_data_fetch_mkCHtbls.py took 5.051 seconds
[2025-11-30T10:02:24.079+0000] {processor.py:161} INFO - Started process (PID=26805) to work on /opt/airflow/dags/01_data_fetch_mkCHtbls.py
[2025-11-30T10:02:24.081+0000] {processor.py:830} INFO - Processing file /opt/airflow/dags/01_data_fetch_mkCHtbls.py for tasks to queue
[2025-11-30T10:02:24.085+0000] {logging_mixin.py:188} INFO - [2025-11-30T10:02:24.084+0000] {dagbag.py:538} INFO - Filling up the DagBag from /opt/airflow/dags/01_data_fetch_mkCHtbls.py
[2025-11-30T10:02:29.118+0000] {processor.py:840} INFO - DAG(s) 'fetch_data' retrieved from /opt/airflow/dags/01_data_fetch_mkCHtbls.py
[2025-11-30T10:02:29.197+0000] {logging_mixin.py:188} INFO - [2025-11-30T10:02:29.196+0000] {dag.py:3036} INFO - Sync 1 DAGs
[2025-11-30T10:02:29.248+0000] {logging_mixin.py:188} INFO - [2025-11-30T10:02:29.248+0000] {dag.py:3823} INFO - Setting next_dagrun for fetch_data to 2025-11-30 00:00:00+00:00, run_after=2025-12-01 00:00:00+00:00
[2025-11-30T10:02:29.291+0000] {processor.py:183} INFO - Processing /opt/airflow/dags/01_data_fetch_mkCHtbls.py took 5.219 seconds
[2025-11-30T10:02:59.661+0000] {processor.py:161} INFO - Started process (PID=26870) to work on /opt/airflow/dags/01_data_fetch_mkCHtbls.py
[2025-11-30T10:02:59.663+0000] {processor.py:830} INFO - Processing file /opt/airflow/dags/01_data_fetch_mkCHtbls.py for tasks to queue
[2025-11-30T10:02:59.665+0000] {logging_mixin.py:188} INFO - [2025-11-30T10:02:59.664+0000] {dagbag.py:538} INFO - Filling up the DagBag from /opt/airflow/dags/01_data_fetch_mkCHtbls.py
[2025-11-30T10:03:04.017+0000] {processor.py:840} INFO - DAG(s) 'fetch_data' retrieved from /opt/airflow/dags/01_data_fetch_mkCHtbls.py
[2025-11-30T10:03:04.062+0000] {logging_mixin.py:188} INFO - [2025-11-30T10:03:04.061+0000] {dag.py:3036} INFO - Sync 1 DAGs
[2025-11-30T10:03:04.096+0000] {logging_mixin.py:188} INFO - [2025-11-30T10:03:04.096+0000] {dag.py:3823} INFO - Setting next_dagrun for fetch_data to 2025-11-30 00:00:00+00:00, run_after=2025-12-01 00:00:00+00:00
[2025-11-30T10:03:04.139+0000] {processor.py:183} INFO - Processing /opt/airflow/dags/01_data_fetch_mkCHtbls.py took 4.486 seconds
[2025-11-30T10:03:34.601+0000] {processor.py:161} INFO - Started process (PID=26935) to work on /opt/airflow/dags/01_data_fetch_mkCHtbls.py
[2025-11-30T10:03:34.604+0000] {processor.py:830} INFO - Processing file /opt/airflow/dags/01_data_fetch_mkCHtbls.py for tasks to queue
[2025-11-30T10:03:34.607+0000] {logging_mixin.py:188} INFO - [2025-11-30T10:03:34.606+0000] {dagbag.py:538} INFO - Filling up the DagBag from /opt/airflow/dags/01_data_fetch_mkCHtbls.py
[2025-11-30T10:03:40.228+0000] {processor.py:840} INFO - DAG(s) 'fetch_data' retrieved from /opt/airflow/dags/01_data_fetch_mkCHtbls.py
[2025-11-30T10:03:40.309+0000] {logging_mixin.py:188} INFO - [2025-11-30T10:03:40.308+0000] {dag.py:3036} INFO - Sync 1 DAGs
[2025-11-30T10:03:40.359+0000] {logging_mixin.py:188} INFO - [2025-11-30T10:03:40.358+0000] {dag.py:3823} INFO - Setting next_dagrun for fetch_data to 2025-11-30 00:00:00+00:00, run_after=2025-12-01 00:00:00+00:00
[2025-11-30T10:03:40.401+0000] {processor.py:183} INFO - Processing /opt/airflow/dags/01_data_fetch_mkCHtbls.py took 5.809 seconds
[2025-11-30T10:04:10.873+0000] {processor.py:161} INFO - Started process (PID=27000) to work on /opt/airflow/dags/01_data_fetch_mkCHtbls.py
[2025-11-30T10:04:10.878+0000] {processor.py:830} INFO - Processing file /opt/airflow/dags/01_data_fetch_mkCHtbls.py for tasks to queue
[2025-11-30T10:04:10.881+0000] {logging_mixin.py:188} INFO - [2025-11-30T10:04:10.880+0000] {dagbag.py:538} INFO - Filling up the DagBag from /opt/airflow/dags/01_data_fetch_mkCHtbls.py
[2025-11-30T10:04:15.341+0000] {processor.py:840} INFO - DAG(s) 'fetch_data' retrieved from /opt/airflow/dags/01_data_fetch_mkCHtbls.py
[2025-11-30T10:04:15.383+0000] {logging_mixin.py:188} INFO - [2025-11-30T10:04:15.382+0000] {dag.py:3036} INFO - Sync 1 DAGs
[2025-11-30T10:04:15.420+0000] {logging_mixin.py:188} INFO - [2025-11-30T10:04:15.419+0000] {dag.py:3823} INFO - Setting next_dagrun for fetch_data to 2025-11-30 00:00:00+00:00, run_after=2025-12-01 00:00:00+00:00
[2025-11-30T10:04:15.468+0000] {processor.py:183} INFO - Processing /opt/airflow/dags/01_data_fetch_mkCHtbls.py took 4.600 seconds
[2025-11-30T10:04:45.731+0000] {processor.py:161} INFO - Started process (PID=27086) to work on /opt/airflow/dags/01_data_fetch_mkCHtbls.py
[2025-11-30T10:04:45.733+0000] {processor.py:830} INFO - Processing file /opt/airflow/dags/01_data_fetch_mkCHtbls.py for tasks to queue
[2025-11-30T10:04:45.736+0000] {logging_mixin.py:188} INFO - [2025-11-30T10:04:45.735+0000] {dagbag.py:538} INFO - Filling up the DagBag from /opt/airflow/dags/01_data_fetch_mkCHtbls.py
[2025-11-30T10:04:50.773+0000] {processor.py:840} INFO - DAG(s) 'fetch_data' retrieved from /opt/airflow/dags/01_data_fetch_mkCHtbls.py
[2025-11-30T10:04:50.825+0000] {logging_mixin.py:188} INFO - [2025-11-30T10:04:50.825+0000] {dag.py:3036} INFO - Sync 1 DAGs
[2025-11-30T10:04:50.881+0000] {logging_mixin.py:188} INFO - [2025-11-30T10:04:50.880+0000] {dag.py:3823} INFO - Setting next_dagrun for fetch_data to 2025-11-30 00:00:00+00:00, run_after=2025-12-01 00:00:00+00:00
[2025-11-30T10:04:50.936+0000] {processor.py:183} INFO - Processing /opt/airflow/dags/01_data_fetch_mkCHtbls.py took 5.210 seconds
[2025-11-30T10:05:21.075+0000] {processor.py:161} INFO - Started process (PID=27171) to work on /opt/airflow/dags/01_data_fetch_mkCHtbls.py
[2025-11-30T10:05:21.077+0000] {processor.py:830} INFO - Processing file /opt/airflow/dags/01_data_fetch_mkCHtbls.py for tasks to queue
[2025-11-30T10:05:21.080+0000] {logging_mixin.py:188} INFO - [2025-11-30T10:05:21.079+0000] {dagbag.py:538} INFO - Filling up the DagBag from /opt/airflow/dags/01_data_fetch_mkCHtbls.py
[2025-11-30T10:05:25.526+0000] {processor.py:840} INFO - DAG(s) 'fetch_data' retrieved from /opt/airflow/dags/01_data_fetch_mkCHtbls.py
[2025-11-30T10:05:25.562+0000] {logging_mixin.py:188} INFO - [2025-11-30T10:05:25.561+0000] {dag.py:3036} INFO - Sync 1 DAGs
[2025-11-30T10:05:25.599+0000] {logging_mixin.py:188} INFO - [2025-11-30T10:05:25.599+0000] {dag.py:3823} INFO - Setting next_dagrun for fetch_data to 2025-11-30 00:00:00+00:00, run_after=2025-12-01 00:00:00+00:00
[2025-11-30T10:05:25.644+0000] {processor.py:183} INFO - Processing /opt/airflow/dags/01_data_fetch_mkCHtbls.py took 4.580 seconds
[2025-11-30T10:05:55.796+0000] {processor.py:161} INFO - Started process (PID=27236) to work on /opt/airflow/dags/01_data_fetch_mkCHtbls.py
[2025-11-30T10:05:55.800+0000] {processor.py:830} INFO - Processing file /opt/airflow/dags/01_data_fetch_mkCHtbls.py for tasks to queue
[2025-11-30T10:05:55.803+0000] {logging_mixin.py:188} INFO - [2025-11-30T10:05:55.802+0000] {dagbag.py:538} INFO - Filling up the DagBag from /opt/airflow/dags/01_data_fetch_mkCHtbls.py
[2025-11-30T10:06:00.718+0000] {processor.py:840} INFO - DAG(s) 'fetch_data' retrieved from /opt/airflow/dags/01_data_fetch_mkCHtbls.py
[2025-11-30T10:06:00.767+0000] {logging_mixin.py:188} INFO - [2025-11-30T10:06:00.766+0000] {dag.py:3036} INFO - Sync 1 DAGs
[2025-11-30T10:06:00.813+0000] {logging_mixin.py:188} INFO - [2025-11-30T10:06:00.813+0000] {dag.py:3823} INFO - Setting next_dagrun for fetch_data to 2025-11-30 00:00:00+00:00, run_after=2025-12-01 00:00:00+00:00
[2025-11-30T10:06:00.861+0000] {processor.py:183} INFO - Processing /opt/airflow/dags/01_data_fetch_mkCHtbls.py took 5.077 seconds
[2025-11-30T10:06:31.260+0000] {processor.py:161} INFO - Started process (PID=27301) to work on /opt/airflow/dags/01_data_fetch_mkCHtbls.py
[2025-11-30T10:06:31.264+0000] {processor.py:830} INFO - Processing file /opt/airflow/dags/01_data_fetch_mkCHtbls.py for tasks to queue
[2025-11-30T10:06:31.271+0000] {logging_mixin.py:188} INFO - [2025-11-30T10:06:31.269+0000] {dagbag.py:538} INFO - Filling up the DagBag from /opt/airflow/dags/01_data_fetch_mkCHtbls.py
[2025-11-30T10:06:35.848+0000] {processor.py:840} INFO - DAG(s) 'fetch_data' retrieved from /opt/airflow/dags/01_data_fetch_mkCHtbls.py
[2025-11-30T10:06:35.884+0000] {logging_mixin.py:188} INFO - [2025-11-30T10:06:35.884+0000] {dag.py:3036} INFO - Sync 1 DAGs
[2025-11-30T10:06:35.923+0000] {logging_mixin.py:188} INFO - [2025-11-30T10:06:35.923+0000] {dag.py:3823} INFO - Setting next_dagrun for fetch_data to 2025-11-30 00:00:00+00:00, run_after=2025-12-01 00:00:00+00:00
[2025-11-30T10:06:35.974+0000] {processor.py:183} INFO - Processing /opt/airflow/dags/01_data_fetch_mkCHtbls.py took 4.727 seconds
[2025-11-30T10:07:06.298+0000] {processor.py:161} INFO - Started process (PID=27366) to work on /opt/airflow/dags/01_data_fetch_mkCHtbls.py
[2025-11-30T10:07:06.300+0000] {processor.py:830} INFO - Processing file /opt/airflow/dags/01_data_fetch_mkCHtbls.py for tasks to queue
[2025-11-30T10:07:06.303+0000] {logging_mixin.py:188} INFO - [2025-11-30T10:07:06.303+0000] {dagbag.py:538} INFO - Filling up the DagBag from /opt/airflow/dags/01_data_fetch_mkCHtbls.py
[2025-11-30T10:07:11.394+0000] {processor.py:840} INFO - DAG(s) 'fetch_data' retrieved from /opt/airflow/dags/01_data_fetch_mkCHtbls.py
[2025-11-30T10:07:11.442+0000] {logging_mixin.py:188} INFO - [2025-11-30T10:07:11.442+0000] {dag.py:3036} INFO - Sync 1 DAGs
[2025-11-30T10:07:11.502+0000] {logging_mixin.py:188} INFO - [2025-11-30T10:07:11.501+0000] {dag.py:3823} INFO - Setting next_dagrun for fetch_data to 2025-11-30 00:00:00+00:00, run_after=2025-12-01 00:00:00+00:00
[2025-11-30T10:07:11.553+0000] {processor.py:183} INFO - Processing /opt/airflow/dags/01_data_fetch_mkCHtbls.py took 5.258 seconds
[2025-11-30T10:07:41.633+0000] {processor.py:161} INFO - Started process (PID=27431) to work on /opt/airflow/dags/01_data_fetch_mkCHtbls.py
[2025-11-30T10:07:41.634+0000] {processor.py:830} INFO - Processing file /opt/airflow/dags/01_data_fetch_mkCHtbls.py for tasks to queue
[2025-11-30T10:07:41.636+0000] {logging_mixin.py:188} INFO - [2025-11-30T10:07:41.636+0000] {dagbag.py:538} INFO - Filling up the DagBag from /opt/airflow/dags/01_data_fetch_mkCHtbls.py
[2025-11-30T10:07:46.096+0000] {processor.py:840} INFO - DAG(s) 'fetch_data' retrieved from /opt/airflow/dags/01_data_fetch_mkCHtbls.py
[2025-11-30T10:07:46.136+0000] {logging_mixin.py:188} INFO - [2025-11-30T10:07:46.136+0000] {dag.py:3036} INFO - Sync 1 DAGs
[2025-11-30T10:07:46.189+0000] {logging_mixin.py:188} INFO - [2025-11-30T10:07:46.188+0000] {dag.py:3823} INFO - Setting next_dagrun for fetch_data to 2025-11-30 00:00:00+00:00, run_after=2025-12-01 00:00:00+00:00
[2025-11-30T10:07:46.248+0000] {processor.py:183} INFO - Processing /opt/airflow/dags/01_data_fetch_mkCHtbls.py took 4.620 seconds
[2025-11-30T10:08:16.624+0000] {processor.py:161} INFO - Started process (PID=27496) to work on /opt/airflow/dags/01_data_fetch_mkCHtbls.py
[2025-11-30T10:08:16.625+0000] {processor.py:830} INFO - Processing file /opt/airflow/dags/01_data_fetch_mkCHtbls.py for tasks to queue
[2025-11-30T10:08:16.628+0000] {logging_mixin.py:188} INFO - [2025-11-30T10:08:16.627+0000] {dagbag.py:538} INFO - Filling up the DagBag from /opt/airflow/dags/01_data_fetch_mkCHtbls.py
[2025-11-30T10:08:21.495+0000] {processor.py:840} INFO - DAG(s) 'fetch_data' retrieved from /opt/airflow/dags/01_data_fetch_mkCHtbls.py
[2025-11-30T10:08:21.536+0000] {logging_mixin.py:188} INFO - [2025-11-30T10:08:21.535+0000] {dag.py:3036} INFO - Sync 1 DAGs
[2025-11-30T10:08:21.588+0000] {logging_mixin.py:188} INFO - [2025-11-30T10:08:21.587+0000] {dag.py:3823} INFO - Setting next_dagrun for fetch_data to 2025-11-30 00:00:00+00:00, run_after=2025-12-01 00:00:00+00:00
[2025-11-30T10:08:21.622+0000] {processor.py:183} INFO - Processing /opt/airflow/dags/01_data_fetch_mkCHtbls.py took 5.002 seconds
[2025-11-30T10:08:51.924+0000] {processor.py:161} INFO - Started process (PID=27561) to work on /opt/airflow/dags/01_data_fetch_mkCHtbls.py
[2025-11-30T10:08:51.925+0000] {processor.py:830} INFO - Processing file /opt/airflow/dags/01_data_fetch_mkCHtbls.py for tasks to queue
[2025-11-30T10:08:51.927+0000] {logging_mixin.py:188} INFO - [2025-11-30T10:08:51.926+0000] {dagbag.py:538} INFO - Filling up the DagBag from /opt/airflow/dags/01_data_fetch_mkCHtbls.py
[2025-11-30T10:08:56.275+0000] {processor.py:840} INFO - DAG(s) 'fetch_data' retrieved from /opt/airflow/dags/01_data_fetch_mkCHtbls.py
[2025-11-30T10:08:56.311+0000] {logging_mixin.py:188} INFO - [2025-11-30T10:08:56.310+0000] {dag.py:3036} INFO - Sync 1 DAGs
[2025-11-30T10:08:56.343+0000] {logging_mixin.py:188} INFO - [2025-11-30T10:08:56.343+0000] {dag.py:3823} INFO - Setting next_dagrun for fetch_data to 2025-11-30 00:00:00+00:00, run_after=2025-12-01 00:00:00+00:00
[2025-11-30T10:08:56.385+0000] {processor.py:183} INFO - Processing /opt/airflow/dags/01_data_fetch_mkCHtbls.py took 4.466 seconds
[2025-11-30T10:09:26.710+0000] {processor.py:161} INFO - Started process (PID=27646) to work on /opt/airflow/dags/01_data_fetch_mkCHtbls.py
[2025-11-30T10:09:26.713+0000] {processor.py:830} INFO - Processing file /opt/airflow/dags/01_data_fetch_mkCHtbls.py for tasks to queue
[2025-11-30T10:09:26.715+0000] {logging_mixin.py:188} INFO - [2025-11-30T10:09:26.714+0000] {dagbag.py:538} INFO - Filling up the DagBag from /opt/airflow/dags/01_data_fetch_mkCHtbls.py
[2025-11-30T10:09:32.108+0000] {processor.py:840} INFO - DAG(s) 'fetch_data' retrieved from /opt/airflow/dags/01_data_fetch_mkCHtbls.py
[2025-11-30T10:09:32.146+0000] {logging_mixin.py:188} INFO - [2025-11-30T10:09:32.146+0000] {dag.py:3036} INFO - Sync 1 DAGs
[2025-11-30T10:09:32.190+0000] {logging_mixin.py:188} INFO - [2025-11-30T10:09:32.190+0000] {dag.py:3823} INFO - Setting next_dagrun for fetch_data to 2025-11-30 00:00:00+00:00, run_after=2025-12-01 00:00:00+00:00
[2025-11-30T10:09:32.246+0000] {processor.py:183} INFO - Processing /opt/airflow/dags/01_data_fetch_mkCHtbls.py took 5.541 seconds
[2025-11-30T10:10:02.584+0000] {processor.py:161} INFO - Started process (PID=27732) to work on /opt/airflow/dags/01_data_fetch_mkCHtbls.py
[2025-11-30T10:10:02.587+0000] {processor.py:830} INFO - Processing file /opt/airflow/dags/01_data_fetch_mkCHtbls.py for tasks to queue
[2025-11-30T10:10:02.589+0000] {logging_mixin.py:188} INFO - [2025-11-30T10:10:02.589+0000] {dagbag.py:538} INFO - Filling up the DagBag from /opt/airflow/dags/01_data_fetch_mkCHtbls.py
[2025-11-30T10:10:07.466+0000] {processor.py:840} INFO - DAG(s) 'fetch_data' retrieved from /opt/airflow/dags/01_data_fetch_mkCHtbls.py
[2025-11-30T10:10:07.515+0000] {logging_mixin.py:188} INFO - [2025-11-30T10:10:07.514+0000] {dag.py:3036} INFO - Sync 1 DAGs
[2025-11-30T10:10:07.555+0000] {logging_mixin.py:188} INFO - [2025-11-30T10:10:07.555+0000] {dag.py:3823} INFO - Setting next_dagrun for fetch_data to 2025-11-30 00:00:00+00:00, run_after=2025-12-01 00:00:00+00:00
[2025-11-30T10:10:07.605+0000] {processor.py:183} INFO - Processing /opt/airflow/dags/01_data_fetch_mkCHtbls.py took 5.029 seconds
[2025-11-30T10:10:38.418+0000] {processor.py:161} INFO - Started process (PID=27797) to work on /opt/airflow/dags/01_data_fetch_mkCHtbls.py
[2025-11-30T10:10:38.420+0000] {processor.py:830} INFO - Processing file /opt/airflow/dags/01_data_fetch_mkCHtbls.py for tasks to queue
[2025-11-30T10:10:38.431+0000] {logging_mixin.py:188} INFO - [2025-11-30T10:10:38.430+0000] {dagbag.py:538} INFO - Filling up the DagBag from /opt/airflow/dags/01_data_fetch_mkCHtbls.py
[2025-11-30T10:10:42.992+0000] {processor.py:840} INFO - DAG(s) 'fetch_data' retrieved from /opt/airflow/dags/01_data_fetch_mkCHtbls.py
[2025-11-30T10:10:43.036+0000] {logging_mixin.py:188} INFO - [2025-11-30T10:10:43.036+0000] {dag.py:3036} INFO - Sync 1 DAGs
[2025-11-30T10:10:43.080+0000] {logging_mixin.py:188} INFO - [2025-11-30T10:10:43.079+0000] {dag.py:3823} INFO - Setting next_dagrun for fetch_data to 2025-11-30 00:00:00+00:00, run_after=2025-12-01 00:00:00+00:00
[2025-11-30T10:10:43.125+0000] {processor.py:183} INFO - Processing /opt/airflow/dags/01_data_fetch_mkCHtbls.py took 4.712 seconds
[2025-11-30T10:11:13.666+0000] {processor.py:161} INFO - Started process (PID=27862) to work on /opt/airflow/dags/01_data_fetch_mkCHtbls.py
[2025-11-30T10:11:13.668+0000] {processor.py:830} INFO - Processing file /opt/airflow/dags/01_data_fetch_mkCHtbls.py for tasks to queue
[2025-11-30T10:11:13.670+0000] {logging_mixin.py:188} INFO - [2025-11-30T10:11:13.669+0000] {dagbag.py:538} INFO - Filling up the DagBag from /opt/airflow/dags/01_data_fetch_mkCHtbls.py
[2025-11-30T10:11:18.406+0000] {processor.py:840} INFO - DAG(s) 'fetch_data' retrieved from /opt/airflow/dags/01_data_fetch_mkCHtbls.py
[2025-11-30T10:11:18.468+0000] {logging_mixin.py:188} INFO - [2025-11-30T10:11:18.467+0000] {dag.py:3036} INFO - Sync 1 DAGs
[2025-11-30T10:11:18.520+0000] {logging_mixin.py:188} INFO - [2025-11-30T10:11:18.519+0000] {dag.py:3823} INFO - Setting next_dagrun for fetch_data to 2025-11-30 00:00:00+00:00, run_after=2025-12-01 00:00:00+00:00
[2025-11-30T10:11:18.560+0000] {processor.py:183} INFO - Processing /opt/airflow/dags/01_data_fetch_mkCHtbls.py took 4.902 seconds
[2025-11-30T10:11:49.127+0000] {processor.py:161} INFO - Started process (PID=27927) to work on /opt/airflow/dags/01_data_fetch_mkCHtbls.py
[2025-11-30T10:11:49.131+0000] {processor.py:830} INFO - Processing file /opt/airflow/dags/01_data_fetch_mkCHtbls.py for tasks to queue
[2025-11-30T10:11:49.138+0000] {logging_mixin.py:188} INFO - [2025-11-30T10:11:49.136+0000] {dagbag.py:538} INFO - Filling up the DagBag from /opt/airflow/dags/01_data_fetch_mkCHtbls.py
[2025-11-30T10:11:53.698+0000] {processor.py:840} INFO - DAG(s) 'fetch_data' retrieved from /opt/airflow/dags/01_data_fetch_mkCHtbls.py
[2025-11-30T10:11:53.734+0000] {logging_mixin.py:188} INFO - [2025-11-30T10:11:53.734+0000] {dag.py:3036} INFO - Sync 1 DAGs
[2025-11-30T10:11:53.773+0000] {logging_mixin.py:188} INFO - [2025-11-30T10:11:53.773+0000] {dag.py:3823} INFO - Setting next_dagrun for fetch_data to 2025-11-30 00:00:00+00:00, run_after=2025-12-01 00:00:00+00:00
[2025-11-30T10:11:53.809+0000] {processor.py:183} INFO - Processing /opt/airflow/dags/01_data_fetch_mkCHtbls.py took 4.694 seconds
[2025-11-30T10:12:24.588+0000] {processor.py:161} INFO - Started process (PID=27992) to work on /opt/airflow/dags/01_data_fetch_mkCHtbls.py
[2025-11-30T10:12:24.589+0000] {processor.py:830} INFO - Processing file /opt/airflow/dags/01_data_fetch_mkCHtbls.py for tasks to queue
[2025-11-30T10:12:24.591+0000] {logging_mixin.py:188} INFO - [2025-11-30T10:12:24.591+0000] {dagbag.py:538} INFO - Filling up the DagBag from /opt/airflow/dags/01_data_fetch_mkCHtbls.py
[2025-11-30T10:12:30.299+0000] {processor.py:840} INFO - DAG(s) 'fetch_data' retrieved from /opt/airflow/dags/01_data_fetch_mkCHtbls.py
[2025-11-30T10:12:30.350+0000] {logging_mixin.py:188} INFO - [2025-11-30T10:12:30.349+0000] {dag.py:3036} INFO - Sync 1 DAGs
[2025-11-30T10:12:30.417+0000] {logging_mixin.py:188} INFO - [2025-11-30T10:12:30.417+0000] {dag.py:3823} INFO - Setting next_dagrun for fetch_data to 2025-11-30 00:00:00+00:00, run_after=2025-12-01 00:00:00+00:00
[2025-11-30T10:12:30.456+0000] {processor.py:183} INFO - Processing /opt/airflow/dags/01_data_fetch_mkCHtbls.py took 5.874 seconds
[2025-11-30T10:13:00.711+0000] {processor.py:161} INFO - Started process (PID=28077) to work on /opt/airflow/dags/01_data_fetch_mkCHtbls.py
[2025-11-30T10:13:00.713+0000] {processor.py:830} INFO - Processing file /opt/airflow/dags/01_data_fetch_mkCHtbls.py for tasks to queue
[2025-11-30T10:13:00.716+0000] {logging_mixin.py:188} INFO - [2025-11-30T10:13:00.715+0000] {dagbag.py:538} INFO - Filling up the DagBag from /opt/airflow/dags/01_data_fetch_mkCHtbls.py
[2025-11-30T10:13:05.091+0000] {processor.py:840} INFO - DAG(s) 'fetch_data' retrieved from /opt/airflow/dags/01_data_fetch_mkCHtbls.py
[2025-11-30T10:13:05.126+0000] {logging_mixin.py:188} INFO - [2025-11-30T10:13:05.126+0000] {dag.py:3036} INFO - Sync 1 DAGs
[2025-11-30T10:13:05.162+0000] {logging_mixin.py:188} INFO - [2025-11-30T10:13:05.162+0000] {dag.py:3823} INFO - Setting next_dagrun for fetch_data to 2025-11-30 00:00:00+00:00, run_after=2025-12-01 00:00:00+00:00
[2025-11-30T10:13:05.211+0000] {processor.py:183} INFO - Processing /opt/airflow/dags/01_data_fetch_mkCHtbls.py took 4.507 seconds
[2025-11-30T10:13:35.692+0000] {processor.py:161} INFO - Started process (PID=28142) to work on /opt/airflow/dags/01_data_fetch_mkCHtbls.py
[2025-11-30T10:13:35.695+0000] {processor.py:830} INFO - Processing file /opt/airflow/dags/01_data_fetch_mkCHtbls.py for tasks to queue
[2025-11-30T10:13:35.697+0000] {logging_mixin.py:188} INFO - [2025-11-30T10:13:35.696+0000] {dagbag.py:538} INFO - Filling up the DagBag from /opt/airflow/dags/01_data_fetch_mkCHtbls.py
[2025-11-30T10:13:40.793+0000] {processor.py:840} INFO - DAG(s) 'fetch_data' retrieved from /opt/airflow/dags/01_data_fetch_mkCHtbls.py
[2025-11-30T10:13:40.842+0000] {logging_mixin.py:188} INFO - [2025-11-30T10:13:40.842+0000] {dag.py:3036} INFO - Sync 1 DAGs
[2025-11-30T10:13:40.884+0000] {logging_mixin.py:188} INFO - [2025-11-30T10:13:40.884+0000] {dag.py:3823} INFO - Setting next_dagrun for fetch_data to 2025-11-30 00:00:00+00:00, run_after=2025-12-01 00:00:00+00:00
[2025-11-30T10:13:40.931+0000] {processor.py:183} INFO - Processing /opt/airflow/dags/01_data_fetch_mkCHtbls.py took 5.246 seconds
[2025-11-30T10:14:11.243+0000] {processor.py:161} INFO - Started process (PID=28228) to work on /opt/airflow/dags/01_data_fetch_mkCHtbls.py
[2025-11-30T10:14:11.246+0000] {processor.py:830} INFO - Processing file /opt/airflow/dags/01_data_fetch_mkCHtbls.py for tasks to queue
[2025-11-30T10:14:11.248+0000] {logging_mixin.py:188} INFO - [2025-11-30T10:14:11.248+0000] {dagbag.py:538} INFO - Filling up the DagBag from /opt/airflow/dags/01_data_fetch_mkCHtbls.py
[2025-11-30T10:14:15.496+0000] {processor.py:840} INFO - DAG(s) 'fetch_data' retrieved from /opt/airflow/dags/01_data_fetch_mkCHtbls.py
[2025-11-30T10:14:15.538+0000] {logging_mixin.py:188} INFO - [2025-11-30T10:14:15.538+0000] {dag.py:3036} INFO - Sync 1 DAGs
[2025-11-30T10:14:15.574+0000] {logging_mixin.py:188} INFO - [2025-11-30T10:14:15.574+0000] {dag.py:3823} INFO - Setting next_dagrun for fetch_data to 2025-11-30 00:00:00+00:00, run_after=2025-12-01 00:00:00+00:00
[2025-11-30T10:14:15.618+0000] {processor.py:183} INFO - Processing /opt/airflow/dags/01_data_fetch_mkCHtbls.py took 4.380 seconds
[2025-11-30T10:14:45.870+0000] {processor.py:161} INFO - Started process (PID=28293) to work on /opt/airflow/dags/01_data_fetch_mkCHtbls.py
[2025-11-30T10:14:45.872+0000] {processor.py:830} INFO - Processing file /opt/airflow/dags/01_data_fetch_mkCHtbls.py for tasks to queue
[2025-11-30T10:14:45.874+0000] {logging_mixin.py:188} INFO - [2025-11-30T10:14:45.873+0000] {dagbag.py:538} INFO - Filling up the DagBag from /opt/airflow/dags/01_data_fetch_mkCHtbls.py
[2025-11-30T10:14:50.699+0000] {processor.py:840} INFO - DAG(s) 'fetch_data' retrieved from /opt/airflow/dags/01_data_fetch_mkCHtbls.py
[2025-11-30T10:14:50.735+0000] {logging_mixin.py:188} INFO - [2025-11-30T10:14:50.735+0000] {dag.py:3036} INFO - Sync 1 DAGs
[2025-11-30T10:14:50.771+0000] {logging_mixin.py:188} INFO - [2025-11-30T10:14:50.770+0000] {dag.py:3823} INFO - Setting next_dagrun for fetch_data to 2025-11-30 00:00:00+00:00, run_after=2025-12-01 00:00:00+00:00
[2025-11-30T10:14:50.817+0000] {processor.py:183} INFO - Processing /opt/airflow/dags/01_data_fetch_mkCHtbls.py took 4.954 seconds
[2025-11-30T10:15:21.330+0000] {processor.py:161} INFO - Started process (PID=28358) to work on /opt/airflow/dags/01_data_fetch_mkCHtbls.py
[2025-11-30T10:15:21.332+0000] {processor.py:830} INFO - Processing file /opt/airflow/dags/01_data_fetch_mkCHtbls.py for tasks to queue
[2025-11-30T10:15:21.335+0000] {logging_mixin.py:188} INFO - [2025-11-30T10:15:21.334+0000] {dagbag.py:538} INFO - Filling up the DagBag from /opt/airflow/dags/01_data_fetch_mkCHtbls.py
[2025-11-30T10:15:25.640+0000] {processor.py:840} INFO - DAG(s) 'fetch_data' retrieved from /opt/airflow/dags/01_data_fetch_mkCHtbls.py
[2025-11-30T10:15:25.681+0000] {logging_mixin.py:188} INFO - [2025-11-30T10:15:25.680+0000] {dag.py:3036} INFO - Sync 1 DAGs
[2025-11-30T10:15:25.715+0000] {logging_mixin.py:188} INFO - [2025-11-30T10:15:25.715+0000] {dag.py:3823} INFO - Setting next_dagrun for fetch_data to 2025-11-30 00:00:00+00:00, run_after=2025-12-01 00:00:00+00:00
[2025-11-30T10:15:25.759+0000] {processor.py:183} INFO - Processing /opt/airflow/dags/01_data_fetch_mkCHtbls.py took 4.436 seconds
[2025-11-30T10:15:56.048+0000] {processor.py:161} INFO - Started process (PID=28423) to work on /opt/airflow/dags/01_data_fetch_mkCHtbls.py
[2025-11-30T10:15:56.050+0000] {processor.py:830} INFO - Processing file /opt/airflow/dags/01_data_fetch_mkCHtbls.py for tasks to queue
[2025-11-30T10:15:56.053+0000] {logging_mixin.py:188} INFO - [2025-11-30T10:15:56.052+0000] {dagbag.py:538} INFO - Filling up the DagBag from /opt/airflow/dags/01_data_fetch_mkCHtbls.py
[2025-11-30T10:16:01.269+0000] {processor.py:840} INFO - DAG(s) 'fetch_data' retrieved from /opt/airflow/dags/01_data_fetch_mkCHtbls.py
[2025-11-30T10:16:01.314+0000] {logging_mixin.py:188} INFO - [2025-11-30T10:16:01.314+0000] {dag.py:3036} INFO - Sync 1 DAGs
[2025-11-30T10:16:01.350+0000] {logging_mixin.py:188} INFO - [2025-11-30T10:16:01.349+0000] {dag.py:3823} INFO - Setting next_dagrun for fetch_data to 2025-11-30 00:00:00+00:00, run_after=2025-12-01 00:00:00+00:00
[2025-11-30T10:16:01.398+0000] {processor.py:183} INFO - Processing /opt/airflow/dags/01_data_fetch_mkCHtbls.py took 5.357 seconds
[2025-11-30T10:16:31.717+0000] {processor.py:161} INFO - Started process (PID=28488) to work on /opt/airflow/dags/01_data_fetch_mkCHtbls.py
[2025-11-30T10:16:31.720+0000] {processor.py:830} INFO - Processing file /opt/airflow/dags/01_data_fetch_mkCHtbls.py for tasks to queue
[2025-11-30T10:16:31.722+0000] {logging_mixin.py:188} INFO - [2025-11-30T10:16:31.721+0000] {dagbag.py:538} INFO - Filling up the DagBag from /opt/airflow/dags/01_data_fetch_mkCHtbls.py
[2025-11-30T10:16:36.062+0000] {processor.py:840} INFO - DAG(s) 'fetch_data' retrieved from /opt/airflow/dags/01_data_fetch_mkCHtbls.py
[2025-11-30T10:16:36.108+0000] {logging_mixin.py:188} INFO - [2025-11-30T10:16:36.108+0000] {dag.py:3036} INFO - Sync 1 DAGs
[2025-11-30T10:16:36.149+0000] {logging_mixin.py:188} INFO - [2025-11-30T10:16:36.148+0000] {dag.py:3823} INFO - Setting next_dagrun for fetch_data to 2025-11-30 00:00:00+00:00, run_after=2025-12-01 00:00:00+00:00
[2025-11-30T10:16:36.185+0000] {processor.py:183} INFO - Processing /opt/airflow/dags/01_data_fetch_mkCHtbls.py took 4.475 seconds
[2025-11-30T10:17:06.541+0000] {processor.py:161} INFO - Started process (PID=28573) to work on /opt/airflow/dags/01_data_fetch_mkCHtbls.py
[2025-11-30T10:17:06.543+0000] {processor.py:830} INFO - Processing file /opt/airflow/dags/01_data_fetch_mkCHtbls.py for tasks to queue
[2025-11-30T10:17:06.546+0000] {logging_mixin.py:188} INFO - [2025-11-30T10:17:06.545+0000] {dagbag.py:538} INFO - Filling up the DagBag from /opt/airflow/dags/01_data_fetch_mkCHtbls.py
[2025-11-30T10:17:11.417+0000] {processor.py:840} INFO - DAG(s) 'fetch_data' retrieved from /opt/airflow/dags/01_data_fetch_mkCHtbls.py
[2025-11-30T10:17:11.452+0000] {logging_mixin.py:188} INFO - [2025-11-30T10:17:11.451+0000] {dag.py:3036} INFO - Sync 1 DAGs
[2025-11-30T10:17:11.484+0000] {logging_mixin.py:188} INFO - [2025-11-30T10:17:11.484+0000] {dag.py:3823} INFO - Setting next_dagrun for fetch_data to 2025-11-30 00:00:00+00:00, run_after=2025-12-01 00:00:00+00:00
[2025-11-30T10:17:11.527+0000] {processor.py:183} INFO - Processing /opt/airflow/dags/01_data_fetch_mkCHtbls.py took 4.992 seconds
[2025-11-30T10:17:42.195+0000] {processor.py:161} INFO - Started process (PID=28638) to work on /opt/airflow/dags/01_data_fetch_mkCHtbls.py
[2025-11-30T10:17:42.197+0000] {processor.py:830} INFO - Processing file /opt/airflow/dags/01_data_fetch_mkCHtbls.py for tasks to queue
[2025-11-30T10:17:42.199+0000] {logging_mixin.py:188} INFO - [2025-11-30T10:17:42.198+0000] {dagbag.py:538} INFO - Filling up the DagBag from /opt/airflow/dags/01_data_fetch_mkCHtbls.py
[2025-11-30T10:17:46.583+0000] {processor.py:840} INFO - DAG(s) 'fetch_data' retrieved from /opt/airflow/dags/01_data_fetch_mkCHtbls.py
[2025-11-30T10:17:46.629+0000] {logging_mixin.py:188} INFO - [2025-11-30T10:17:46.628+0000] {dag.py:3036} INFO - Sync 1 DAGs
[2025-11-30T10:17:46.659+0000] {logging_mixin.py:188} INFO - [2025-11-30T10:17:46.659+0000] {dag.py:3823} INFO - Setting next_dagrun for fetch_data to 2025-11-30 00:00:00+00:00, run_after=2025-12-01 00:00:00+00:00
[2025-11-30T10:17:46.705+0000] {processor.py:183} INFO - Processing /opt/airflow/dags/01_data_fetch_mkCHtbls.py took 4.516 seconds
[2025-11-30T10:18:17.458+0000] {processor.py:161} INFO - Started process (PID=28703) to work on /opt/airflow/dags/01_data_fetch_mkCHtbls.py
[2025-11-30T10:18:17.460+0000] {processor.py:830} INFO - Processing file /opt/airflow/dags/01_data_fetch_mkCHtbls.py for tasks to queue
[2025-11-30T10:18:17.462+0000] {logging_mixin.py:188} INFO - [2025-11-30T10:18:17.461+0000] {dagbag.py:538} INFO - Filling up the DagBag from /opt/airflow/dags/01_data_fetch_mkCHtbls.py
[2025-11-30T10:18:22.191+0000] {processor.py:840} INFO - DAG(s) 'fetch_data' retrieved from /opt/airflow/dags/01_data_fetch_mkCHtbls.py
[2025-11-30T10:18:22.226+0000] {logging_mixin.py:188} INFO - [2025-11-30T10:18:22.226+0000] {dag.py:3036} INFO - Sync 1 DAGs
[2025-11-30T10:18:22.266+0000] {logging_mixin.py:188} INFO - [2025-11-30T10:18:22.266+0000] {dag.py:3823} INFO - Setting next_dagrun for fetch_data to 2025-11-30 00:00:00+00:00, run_after=2025-12-01 00:00:00+00:00
[2025-11-30T10:18:22.299+0000] {processor.py:183} INFO - Processing /opt/airflow/dags/01_data_fetch_mkCHtbls.py took 4.847 seconds
[2025-11-30T10:18:52.525+0000] {processor.py:161} INFO - Started process (PID=28789) to work on /opt/airflow/dags/01_data_fetch_mkCHtbls.py
[2025-11-30T10:18:52.528+0000] {processor.py:830} INFO - Processing file /opt/airflow/dags/01_data_fetch_mkCHtbls.py for tasks to queue
[2025-11-30T10:18:52.530+0000] {logging_mixin.py:188} INFO - [2025-11-30T10:18:52.529+0000] {dagbag.py:538} INFO - Filling up the DagBag from /opt/airflow/dags/01_data_fetch_mkCHtbls.py
[2025-11-30T10:18:56.841+0000] {processor.py:840} INFO - DAG(s) 'fetch_data' retrieved from /opt/airflow/dags/01_data_fetch_mkCHtbls.py
[2025-11-30T10:18:56.930+0000] {logging_mixin.py:188} INFO - [2025-11-30T10:18:56.929+0000] {dag.py:3036} INFO - Sync 1 DAGs
[2025-11-30T10:18:57.014+0000] {logging_mixin.py:188} INFO - [2025-11-30T10:18:57.013+0000] {dag.py:3823} INFO - Setting next_dagrun for fetch_data to 2025-11-30 00:00:00+00:00, run_after=2025-12-01 00:00:00+00:00
[2025-11-30T10:18:57.084+0000] {processor.py:183} INFO - Processing /opt/airflow/dags/01_data_fetch_mkCHtbls.py took 4.565 seconds
[2025-11-30T10:19:27.465+0000] {processor.py:161} INFO - Started process (PID=28854) to work on /opt/airflow/dags/01_data_fetch_mkCHtbls.py
[2025-11-30T10:19:27.467+0000] {processor.py:830} INFO - Processing file /opt/airflow/dags/01_data_fetch_mkCHtbls.py for tasks to queue
[2025-11-30T10:19:27.469+0000] {logging_mixin.py:188} INFO - [2025-11-30T10:19:27.469+0000] {dagbag.py:538} INFO - Filling up the DagBag from /opt/airflow/dags/01_data_fetch_mkCHtbls.py
[2025-11-30T10:19:32.536+0000] {processor.py:840} INFO - DAG(s) 'fetch_data' retrieved from /opt/airflow/dags/01_data_fetch_mkCHtbls.py
[2025-11-30T10:19:32.576+0000] {logging_mixin.py:188} INFO - [2025-11-30T10:19:32.576+0000] {dag.py:3036} INFO - Sync 1 DAGs
[2025-11-30T10:19:32.619+0000] {logging_mixin.py:188} INFO - [2025-11-30T10:19:32.619+0000] {dag.py:3823} INFO - Setting next_dagrun for fetch_data to 2025-11-30 00:00:00+00:00, run_after=2025-12-01 00:00:00+00:00
[2025-11-30T10:19:32.669+0000] {processor.py:183} INFO - Processing /opt/airflow/dags/01_data_fetch_mkCHtbls.py took 5.210 seconds
[2025-11-30T10:20:02.999+0000] {processor.py:161} INFO - Started process (PID=28919) to work on /opt/airflow/dags/01_data_fetch_mkCHtbls.py
[2025-11-30T10:20:03.001+0000] {processor.py:830} INFO - Processing file /opt/airflow/dags/01_data_fetch_mkCHtbls.py for tasks to queue
[2025-11-30T10:20:03.004+0000] {logging_mixin.py:188} INFO - [2025-11-30T10:20:03.003+0000] {dagbag.py:538} INFO - Filling up the DagBag from /opt/airflow/dags/01_data_fetch_mkCHtbls.py
[2025-11-30T10:20:08.156+0000] {processor.py:840} INFO - DAG(s) 'fetch_data' retrieved from /opt/airflow/dags/01_data_fetch_mkCHtbls.py
[2025-11-30T10:20:08.199+0000] {logging_mixin.py:188} INFO - [2025-11-30T10:20:08.199+0000] {dag.py:3036} INFO - Sync 1 DAGs
[2025-11-30T10:20:08.233+0000] {logging_mixin.py:188} INFO - [2025-11-30T10:20:08.233+0000] {dag.py:3823} INFO - Setting next_dagrun for fetch_data to 2025-11-30 00:00:00+00:00, run_after=2025-12-01 00:00:00+00:00
[2025-11-30T10:20:08.277+0000] {processor.py:183} INFO - Processing /opt/airflow/dags/01_data_fetch_mkCHtbls.py took 5.285 seconds
[2025-11-30T10:20:38.477+0000] {processor.py:161} INFO - Started process (PID=29004) to work on /opt/airflow/dags/01_data_fetch_mkCHtbls.py
[2025-11-30T10:20:38.480+0000] {processor.py:830} INFO - Processing file /opt/airflow/dags/01_data_fetch_mkCHtbls.py for tasks to queue
[2025-11-30T10:20:38.483+0000] {logging_mixin.py:188} INFO - [2025-11-30T10:20:38.482+0000] {dagbag.py:538} INFO - Filling up the DagBag from /opt/airflow/dags/01_data_fetch_mkCHtbls.py
[2025-11-30T10:20:42.977+0000] {processor.py:840} INFO - DAG(s) 'fetch_data' retrieved from /opt/airflow/dags/01_data_fetch_mkCHtbls.py
[2025-11-30T10:20:43.033+0000] {logging_mixin.py:188} INFO - [2025-11-30T10:20:43.033+0000] {dag.py:3036} INFO - Sync 1 DAGs
[2025-11-30T10:20:43.074+0000] {logging_mixin.py:188} INFO - [2025-11-30T10:20:43.074+0000] {dag.py:3823} INFO - Setting next_dagrun for fetch_data to 2025-11-30 00:00:00+00:00, run_after=2025-12-01 00:00:00+00:00
[2025-11-30T10:20:43.125+0000] {processor.py:183} INFO - Processing /opt/airflow/dags/01_data_fetch_mkCHtbls.py took 4.654 seconds
[2025-11-30T10:21:13.661+0000] {processor.py:161} INFO - Started process (PID=29069) to work on /opt/airflow/dags/01_data_fetch_mkCHtbls.py
[2025-11-30T10:21:13.663+0000] {processor.py:830} INFO - Processing file /opt/airflow/dags/01_data_fetch_mkCHtbls.py for tasks to queue
[2025-11-30T10:21:13.665+0000] {logging_mixin.py:188} INFO - [2025-11-30T10:21:13.664+0000] {dagbag.py:538} INFO - Filling up the DagBag from /opt/airflow/dags/01_data_fetch_mkCHtbls.py
[2025-11-30T10:21:18.712+0000] {processor.py:840} INFO - DAG(s) 'fetch_data' retrieved from /opt/airflow/dags/01_data_fetch_mkCHtbls.py
[2025-11-30T10:21:18.750+0000] {logging_mixin.py:188} INFO - [2025-11-30T10:21:18.750+0000] {dag.py:3036} INFO - Sync 1 DAGs
[2025-11-30T10:21:18.787+0000] {logging_mixin.py:188} INFO - [2025-11-30T10:21:18.787+0000] {dag.py:3823} INFO - Setting next_dagrun for fetch_data to 2025-11-30 00:00:00+00:00, run_after=2025-12-01 00:00:00+00:00
[2025-11-30T10:21:18.838+0000] {processor.py:183} INFO - Processing /opt/airflow/dags/01_data_fetch_mkCHtbls.py took 5.184 seconds
[2025-11-30T10:21:49.206+0000] {processor.py:161} INFO - Started process (PID=29134) to work on /opt/airflow/dags/01_data_fetch_mkCHtbls.py
[2025-11-30T10:21:49.209+0000] {processor.py:830} INFO - Processing file /opt/airflow/dags/01_data_fetch_mkCHtbls.py for tasks to queue
[2025-11-30T10:21:49.211+0000] {logging_mixin.py:188} INFO - [2025-11-30T10:21:49.211+0000] {dagbag.py:538} INFO - Filling up the DagBag from /opt/airflow/dags/01_data_fetch_mkCHtbls.py
[2025-11-30T10:21:53.868+0000] {processor.py:840} INFO - DAG(s) 'fetch_data' retrieved from /opt/airflow/dags/01_data_fetch_mkCHtbls.py
[2025-11-30T10:21:53.905+0000] {logging_mixin.py:188} INFO - [2025-11-30T10:21:53.904+0000] {dag.py:3036} INFO - Sync 1 DAGs
[2025-11-30T10:21:53.942+0000] {logging_mixin.py:188} INFO - [2025-11-30T10:21:53.942+0000] {dag.py:3823} INFO - Setting next_dagrun for fetch_data to 2025-11-30 00:00:00+00:00, run_after=2025-12-01 00:00:00+00:00
[2025-11-30T10:21:53.986+0000] {processor.py:183} INFO - Processing /opt/airflow/dags/01_data_fetch_mkCHtbls.py took 4.786 seconds
[2025-11-30T10:22:24.190+0000] {processor.py:161} INFO - Started process (PID=29199) to work on /opt/airflow/dags/01_data_fetch_mkCHtbls.py
[2025-11-30T10:22:24.192+0000] {processor.py:830} INFO - Processing file /opt/airflow/dags/01_data_fetch_mkCHtbls.py for tasks to queue
[2025-11-30T10:22:24.194+0000] {logging_mixin.py:188} INFO - [2025-11-30T10:22:24.193+0000] {dagbag.py:538} INFO - Filling up the DagBag from /opt/airflow/dags/01_data_fetch_mkCHtbls.py
[2025-11-30T10:22:28.822+0000] {processor.py:840} INFO - DAG(s) 'fetch_data' retrieved from /opt/airflow/dags/01_data_fetch_mkCHtbls.py
[2025-11-30T10:22:28.868+0000] {logging_mixin.py:188} INFO - [2025-11-30T10:22:28.868+0000] {dag.py:3036} INFO - Sync 1 DAGs
[2025-11-30T10:22:28.904+0000] {logging_mixin.py:188} INFO - [2025-11-30T10:22:28.903+0000] {dag.py:3823} INFO - Setting next_dagrun for fetch_data to 2025-11-30 00:00:00+00:00, run_after=2025-12-01 00:00:00+00:00
[2025-11-30T10:22:28.980+0000] {processor.py:183} INFO - Processing /opt/airflow/dags/01_data_fetch_mkCHtbls.py took 4.797 seconds
[2025-11-30T10:22:59.190+0000] {processor.py:161} INFO - Started process (PID=29264) to work on /opt/airflow/dags/01_data_fetch_mkCHtbls.py
[2025-11-30T10:22:59.194+0000] {processor.py:830} INFO - Processing file /opt/airflow/dags/01_data_fetch_mkCHtbls.py for tasks to queue
[2025-11-30T10:22:59.199+0000] {logging_mixin.py:188} INFO - [2025-11-30T10:22:59.198+0000] {dagbag.py:538} INFO - Filling up the DagBag from /opt/airflow/dags/01_data_fetch_mkCHtbls.py
[2025-11-30T10:23:03.711+0000] {processor.py:840} INFO - DAG(s) 'fetch_data' retrieved from /opt/airflow/dags/01_data_fetch_mkCHtbls.py
[2025-11-30T10:23:03.746+0000] {logging_mixin.py:188} INFO - [2025-11-30T10:23:03.745+0000] {dag.py:3036} INFO - Sync 1 DAGs
[2025-11-30T10:23:03.781+0000] {logging_mixin.py:188} INFO - [2025-11-30T10:23:03.780+0000] {dag.py:3823} INFO - Setting next_dagrun for fetch_data to 2025-11-30 00:00:00+00:00, run_after=2025-12-01 00:00:00+00:00
[2025-11-30T10:23:03.820+0000] {processor.py:183} INFO - Processing /opt/airflow/dags/01_data_fetch_mkCHtbls.py took 4.648 seconds
[2025-11-30T10:23:34.219+0000] {processor.py:161} INFO - Started process (PID=29350) to work on /opt/airflow/dags/01_data_fetch_mkCHtbls.py
[2025-11-30T10:23:34.221+0000] {processor.py:830} INFO - Processing file /opt/airflow/dags/01_data_fetch_mkCHtbls.py for tasks to queue
[2025-11-30T10:23:34.224+0000] {logging_mixin.py:188} INFO - [2025-11-30T10:23:34.223+0000] {dagbag.py:538} INFO - Filling up the DagBag from /opt/airflow/dags/01_data_fetch_mkCHtbls.py
[2025-11-30T10:23:38.905+0000] {processor.py:840} INFO - DAG(s) 'fetch_data' retrieved from /opt/airflow/dags/01_data_fetch_mkCHtbls.py
[2025-11-30T10:23:38.951+0000] {logging_mixin.py:188} INFO - [2025-11-30T10:23:38.951+0000] {dag.py:3036} INFO - Sync 1 DAGs
[2025-11-30T10:23:38.996+0000] {logging_mixin.py:188} INFO - [2025-11-30T10:23:38.996+0000] {dag.py:3823} INFO - Setting next_dagrun for fetch_data to 2025-11-30 00:00:00+00:00, run_after=2025-12-01 00:00:00+00:00
[2025-11-30T10:23:39.067+0000] {processor.py:183} INFO - Processing /opt/airflow/dags/01_data_fetch_mkCHtbls.py took 4.855 seconds
[2025-11-30T10:24:09.199+0000] {processor.py:161} INFO - Started process (PID=29415) to work on /opt/airflow/dags/01_data_fetch_mkCHtbls.py
[2025-11-30T10:24:09.203+0000] {processor.py:830} INFO - Processing file /opt/airflow/dags/01_data_fetch_mkCHtbls.py for tasks to queue
[2025-11-30T10:24:09.209+0000] {logging_mixin.py:188} INFO - [2025-11-30T10:24:09.207+0000] {dagbag.py:538} INFO - Filling up the DagBag from /opt/airflow/dags/01_data_fetch_mkCHtbls.py
[2025-11-30T10:24:13.669+0000] {processor.py:840} INFO - DAG(s) 'fetch_data' retrieved from /opt/airflow/dags/01_data_fetch_mkCHtbls.py
[2025-11-30T10:24:13.713+0000] {logging_mixin.py:188} INFO - [2025-11-30T10:24:13.712+0000] {dag.py:3036} INFO - Sync 1 DAGs
[2025-11-30T10:24:13.751+0000] {logging_mixin.py:188} INFO - [2025-11-30T10:24:13.750+0000] {dag.py:3823} INFO - Setting next_dagrun for fetch_data to 2025-11-30 00:00:00+00:00, run_after=2025-12-01 00:00:00+00:00
[2025-11-30T10:24:13.797+0000] {processor.py:183} INFO - Processing /opt/airflow/dags/01_data_fetch_mkCHtbls.py took 4.610 seconds
[2025-11-30T10:24:44.108+0000] {processor.py:161} INFO - Started process (PID=29480) to work on /opt/airflow/dags/01_data_fetch_mkCHtbls.py
[2025-11-30T10:24:44.111+0000] {processor.py:830} INFO - Processing file /opt/airflow/dags/01_data_fetch_mkCHtbls.py for tasks to queue
[2025-11-30T10:24:44.113+0000] {logging_mixin.py:188} INFO - [2025-11-30T10:24:44.112+0000] {dagbag.py:538} INFO - Filling up the DagBag from /opt/airflow/dags/01_data_fetch_mkCHtbls.py
[2025-11-30T10:24:48.674+0000] {processor.py:840} INFO - DAG(s) 'fetch_data' retrieved from /opt/airflow/dags/01_data_fetch_mkCHtbls.py
[2025-11-30T10:24:48.713+0000] {logging_mixin.py:188} INFO - [2025-11-30T10:24:48.713+0000] {dag.py:3036} INFO - Sync 1 DAGs
[2025-11-30T10:24:48.753+0000] {logging_mixin.py:188} INFO - [2025-11-30T10:24:48.752+0000] {dag.py:3823} INFO - Setting next_dagrun for fetch_data to 2025-11-30 00:00:00+00:00, run_after=2025-12-01 00:00:00+00:00
[2025-11-30T10:24:48.793+0000] {processor.py:183} INFO - Processing /opt/airflow/dags/01_data_fetch_mkCHtbls.py took 4.693 seconds
[2025-11-30T10:25:18.867+0000] {processor.py:161} INFO - Started process (PID=29565) to work on /opt/airflow/dags/01_data_fetch_mkCHtbls.py
[2025-11-30T10:25:18.869+0000] {processor.py:830} INFO - Processing file /opt/airflow/dags/01_data_fetch_mkCHtbls.py for tasks to queue
[2025-11-30T10:25:18.871+0000] {logging_mixin.py:188} INFO - [2025-11-30T10:25:18.870+0000] {dagbag.py:538} INFO - Filling up the DagBag from /opt/airflow/dags/01_data_fetch_mkCHtbls.py
[2025-11-30T10:25:23.353+0000] {processor.py:840} INFO - DAG(s) 'fetch_data' retrieved from /opt/airflow/dags/01_data_fetch_mkCHtbls.py
[2025-11-30T10:25:23.393+0000] {logging_mixin.py:188} INFO - [2025-11-30T10:25:23.393+0000] {dag.py:3036} INFO - Sync 1 DAGs
[2025-11-30T10:25:23.428+0000] {logging_mixin.py:188} INFO - [2025-11-30T10:25:23.427+0000] {dag.py:3823} INFO - Setting next_dagrun for fetch_data to 2025-11-30 00:00:00+00:00, run_after=2025-12-01 00:00:00+00:00
[2025-11-30T10:25:23.480+0000] {processor.py:183} INFO - Processing /opt/airflow/dags/01_data_fetch_mkCHtbls.py took 4.620 seconds
[2025-11-30T10:25:53.769+0000] {processor.py:161} INFO - Started process (PID=29630) to work on /opt/airflow/dags/01_data_fetch_mkCHtbls.py
[2025-11-30T10:25:53.771+0000] {processor.py:830} INFO - Processing file /opt/airflow/dags/01_data_fetch_mkCHtbls.py for tasks to queue
[2025-11-30T10:25:53.773+0000] {logging_mixin.py:188} INFO - [2025-11-30T10:25:53.773+0000] {dagbag.py:538} INFO - Filling up the DagBag from /opt/airflow/dags/01_data_fetch_mkCHtbls.py
[2025-11-30T10:25:58.437+0000] {processor.py:840} INFO - DAG(s) 'fetch_data' retrieved from /opt/airflow/dags/01_data_fetch_mkCHtbls.py
[2025-11-30T10:25:58.487+0000] {logging_mixin.py:188} INFO - [2025-11-30T10:25:58.487+0000] {dag.py:3036} INFO - Sync 1 DAGs
[2025-11-30T10:25:58.534+0000] {logging_mixin.py:188} INFO - [2025-11-30T10:25:58.533+0000] {dag.py:3823} INFO - Setting next_dagrun for fetch_data to 2025-11-30 00:00:00+00:00, run_after=2025-12-01 00:00:00+00:00
[2025-11-30T10:25:58.581+0000] {processor.py:183} INFO - Processing /opt/airflow/dags/01_data_fetch_mkCHtbls.py took 4.819 seconds
[2025-11-30T10:26:28.933+0000] {processor.py:161} INFO - Started process (PID=29695) to work on /opt/airflow/dags/01_data_fetch_mkCHtbls.py
[2025-11-30T10:26:28.935+0000] {processor.py:830} INFO - Processing file /opt/airflow/dags/01_data_fetch_mkCHtbls.py for tasks to queue
[2025-11-30T10:26:28.937+0000] {logging_mixin.py:188} INFO - [2025-11-30T10:26:28.937+0000] {dagbag.py:538} INFO - Filling up the DagBag from /opt/airflow/dags/01_data_fetch_mkCHtbls.py
[2025-11-30T10:26:33.692+0000] {processor.py:840} INFO - DAG(s) 'fetch_data' retrieved from /opt/airflow/dags/01_data_fetch_mkCHtbls.py
[2025-11-30T10:26:33.732+0000] {logging_mixin.py:188} INFO - [2025-11-30T10:26:33.732+0000] {dag.py:3036} INFO - Sync 1 DAGs
[2025-11-30T10:26:33.768+0000] {logging_mixin.py:188} INFO - [2025-11-30T10:26:33.768+0000] {dag.py:3823} INFO - Setting next_dagrun for fetch_data to 2025-11-30 00:00:00+00:00, run_after=2025-12-01 00:00:00+00:00
[2025-11-30T10:26:33.814+0000] {processor.py:183} INFO - Processing /opt/airflow/dags/01_data_fetch_mkCHtbls.py took 4.888 seconds
[2025-11-30T10:27:04.058+0000] {processor.py:161} INFO - Started process (PID=29760) to work on /opt/airflow/dags/01_data_fetch_mkCHtbls.py
[2025-11-30T10:27:04.060+0000] {processor.py:830} INFO - Processing file /opt/airflow/dags/01_data_fetch_mkCHtbls.py for tasks to queue
[2025-11-30T10:27:04.062+0000] {logging_mixin.py:188} INFO - [2025-11-30T10:27:04.062+0000] {dagbag.py:538} INFO - Filling up the DagBag from /opt/airflow/dags/01_data_fetch_mkCHtbls.py
[2025-11-30T10:27:08.767+0000] {processor.py:840} INFO - DAG(s) 'fetch_data' retrieved from /opt/airflow/dags/01_data_fetch_mkCHtbls.py
[2025-11-30T10:27:08.808+0000] {logging_mixin.py:188} INFO - [2025-11-30T10:27:08.808+0000] {dag.py:3036} INFO - Sync 1 DAGs
[2025-11-30T10:27:08.843+0000] {logging_mixin.py:188} INFO - [2025-11-30T10:27:08.843+0000] {dag.py:3823} INFO - Setting next_dagrun for fetch_data to 2025-11-30 00:00:00+00:00, run_after=2025-12-01 00:00:00+00:00
[2025-11-30T10:27:08.890+0000] {processor.py:183} INFO - Processing /opt/airflow/dags/01_data_fetch_mkCHtbls.py took 4.841 seconds
[2025-11-30T10:27:39.078+0000] {processor.py:161} INFO - Started process (PID=29825) to work on /opt/airflow/dags/01_data_fetch_mkCHtbls.py
[2025-11-30T10:27:39.080+0000] {processor.py:830} INFO - Processing file /opt/airflow/dags/01_data_fetch_mkCHtbls.py for tasks to queue
[2025-11-30T10:27:39.082+0000] {logging_mixin.py:188} INFO - [2025-11-30T10:27:39.081+0000] {dagbag.py:538} INFO - Filling up the DagBag from /opt/airflow/dags/01_data_fetch_mkCHtbls.py
[2025-11-30T10:27:43.550+0000] {processor.py:840} INFO - DAG(s) 'fetch_data' retrieved from /opt/airflow/dags/01_data_fetch_mkCHtbls.py
[2025-11-30T10:27:43.597+0000] {logging_mixin.py:188} INFO - [2025-11-30T10:27:43.597+0000] {dag.py:3036} INFO - Sync 1 DAGs
[2025-11-30T10:27:43.638+0000] {logging_mixin.py:188} INFO - [2025-11-30T10:27:43.638+0000] {dag.py:3823} INFO - Setting next_dagrun for fetch_data to 2025-11-30 00:00:00+00:00, run_after=2025-12-01 00:00:00+00:00
[2025-11-30T10:27:43.679+0000] {processor.py:183} INFO - Processing /opt/airflow/dags/01_data_fetch_mkCHtbls.py took 4.607 seconds
[2025-11-30T10:28:13.851+0000] {processor.py:161} INFO - Started process (PID=29890) to work on /opt/airflow/dags/01_data_fetch_mkCHtbls.py
[2025-11-30T10:28:13.853+0000] {processor.py:830} INFO - Processing file /opt/airflow/dags/01_data_fetch_mkCHtbls.py for tasks to queue
[2025-11-30T10:28:13.855+0000] {logging_mixin.py:188} INFO - [2025-11-30T10:28:13.854+0000] {dagbag.py:538} INFO - Filling up the DagBag from /opt/airflow/dags/01_data_fetch_mkCHtbls.py
[2025-11-30T10:28:18.739+0000] {processor.py:840} INFO - DAG(s) 'fetch_data' retrieved from /opt/airflow/dags/01_data_fetch_mkCHtbls.py
[2025-11-30T10:28:18.783+0000] {logging_mixin.py:188} INFO - [2025-11-30T10:28:18.783+0000] {dag.py:3036} INFO - Sync 1 DAGs
[2025-11-30T10:28:18.825+0000] {logging_mixin.py:188} INFO - [2025-11-30T10:28:18.825+0000] {dag.py:3823} INFO - Setting next_dagrun for fetch_data to 2025-11-30 00:00:00+00:00, run_after=2025-12-01 00:00:00+00:00
[2025-11-30T10:28:18.873+0000] {processor.py:183} INFO - Processing /opt/airflow/dags/01_data_fetch_mkCHtbls.py took 5.028 seconds
[2025-11-30T10:28:49.110+0000] {processor.py:161} INFO - Started process (PID=29976) to work on /opt/airflow/dags/01_data_fetch_mkCHtbls.py
[2025-11-30T10:28:49.112+0000] {processor.py:830} INFO - Processing file /opt/airflow/dags/01_data_fetch_mkCHtbls.py for tasks to queue
[2025-11-30T10:28:49.115+0000] {logging_mixin.py:188} INFO - [2025-11-30T10:28:49.114+0000] {dagbag.py:538} INFO - Filling up the DagBag from /opt/airflow/dags/01_data_fetch_mkCHtbls.py
[2025-11-30T10:28:53.621+0000] {processor.py:840} INFO - DAG(s) 'fetch_data' retrieved from /opt/airflow/dags/01_data_fetch_mkCHtbls.py
[2025-11-30T10:28:53.667+0000] {logging_mixin.py:188} INFO - [2025-11-30T10:28:53.667+0000] {dag.py:3036} INFO - Sync 1 DAGs
[2025-11-30T10:28:53.704+0000] {logging_mixin.py:188} INFO - [2025-11-30T10:28:53.704+0000] {dag.py:3823} INFO - Setting next_dagrun for fetch_data to 2025-11-30 00:00:00+00:00, run_after=2025-12-01 00:00:00+00:00
[2025-11-30T10:28:53.756+0000] {processor.py:183} INFO - Processing /opt/airflow/dags/01_data_fetch_mkCHtbls.py took 4.652 seconds
[2025-11-30T10:29:24.048+0000] {processor.py:161} INFO - Started process (PID=30061) to work on /opt/airflow/dags/01_data_fetch_mkCHtbls.py
[2025-11-30T10:29:24.051+0000] {processor.py:830} INFO - Processing file /opt/airflow/dags/01_data_fetch_mkCHtbls.py for tasks to queue
[2025-11-30T10:29:24.054+0000] {logging_mixin.py:188} INFO - [2025-11-30T10:29:24.053+0000] {dagbag.py:538} INFO - Filling up the DagBag from /opt/airflow/dags/01_data_fetch_mkCHtbls.py
[2025-11-30T10:29:28.773+0000] {processor.py:840} INFO - DAG(s) 'fetch_data' retrieved from /opt/airflow/dags/01_data_fetch_mkCHtbls.py
[2025-11-30T10:29:28.822+0000] {logging_mixin.py:188} INFO - [2025-11-30T10:29:28.821+0000] {dag.py:3036} INFO - Sync 1 DAGs
[2025-11-30T10:29:28.859+0000] {logging_mixin.py:188} INFO - [2025-11-30T10:29:28.858+0000] {dag.py:3823} INFO - Setting next_dagrun for fetch_data to 2025-11-30 00:00:00+00:00, run_after=2025-12-01 00:00:00+00:00
[2025-11-30T10:29:28.906+0000] {processor.py:183} INFO - Processing /opt/airflow/dags/01_data_fetch_mkCHtbls.py took 4.864 seconds
[2025-11-30T10:29:59.206+0000] {processor.py:161} INFO - Started process (PID=30126) to work on /opt/airflow/dags/01_data_fetch_mkCHtbls.py
[2025-11-30T10:29:59.210+0000] {processor.py:830} INFO - Processing file /opt/airflow/dags/01_data_fetch_mkCHtbls.py for tasks to queue
[2025-11-30T10:29:59.213+0000] {logging_mixin.py:188} INFO - [2025-11-30T10:29:59.212+0000] {dagbag.py:538} INFO - Filling up the DagBag from /opt/airflow/dags/01_data_fetch_mkCHtbls.py
[2025-11-30T10:30:03.581+0000] {processor.py:840} INFO - DAG(s) 'fetch_data' retrieved from /opt/airflow/dags/01_data_fetch_mkCHtbls.py
[2025-11-30T10:30:03.618+0000] {logging_mixin.py:188} INFO - [2025-11-30T10:30:03.618+0000] {dag.py:3036} INFO - Sync 1 DAGs
[2025-11-30T10:30:03.661+0000] {logging_mixin.py:188} INFO - [2025-11-30T10:30:03.661+0000] {dag.py:3823} INFO - Setting next_dagrun for fetch_data to 2025-11-30 00:00:00+00:00, run_after=2025-12-01 00:00:00+00:00
[2025-11-30T10:30:03.694+0000] {processor.py:183} INFO - Processing /opt/airflow/dags/01_data_fetch_mkCHtbls.py took 4.503 seconds
[2025-11-30T10:30:33.973+0000] {processor.py:161} INFO - Started process (PID=30191) to work on /opt/airflow/dags/01_data_fetch_mkCHtbls.py
[2025-11-30T10:30:33.975+0000] {processor.py:830} INFO - Processing file /opt/airflow/dags/01_data_fetch_mkCHtbls.py for tasks to queue
[2025-11-30T10:30:33.977+0000] {logging_mixin.py:188} INFO - [2025-11-30T10:30:33.976+0000] {dagbag.py:538} INFO - Filling up the DagBag from /opt/airflow/dags/01_data_fetch_mkCHtbls.py
[2025-11-30T10:30:38.999+0000] {processor.py:840} INFO - DAG(s) 'fetch_data' retrieved from /opt/airflow/dags/01_data_fetch_mkCHtbls.py
[2025-11-30T10:30:39.077+0000] {logging_mixin.py:188} INFO - [2025-11-30T10:30:39.076+0000] {dag.py:3036} INFO - Sync 1 DAGs
[2025-11-30T10:30:39.151+0000] {logging_mixin.py:188} INFO - [2025-11-30T10:30:39.150+0000] {dag.py:3823} INFO - Setting next_dagrun for fetch_data to 2025-11-30 00:00:00+00:00, run_after=2025-12-01 00:00:00+00:00
[2025-11-30T10:30:39.194+0000] {processor.py:183} INFO - Processing /opt/airflow/dags/01_data_fetch_mkCHtbls.py took 5.227 seconds
[2025-11-30T10:31:09.508+0000] {processor.py:161} INFO - Started process (PID=30256) to work on /opt/airflow/dags/01_data_fetch_mkCHtbls.py
[2025-11-30T10:31:09.511+0000] {processor.py:830} INFO - Processing file /opt/airflow/dags/01_data_fetch_mkCHtbls.py for tasks to queue
[2025-11-30T10:31:09.515+0000] {logging_mixin.py:188} INFO - [2025-11-30T10:31:09.513+0000] {dagbag.py:538} INFO - Filling up the DagBag from /opt/airflow/dags/01_data_fetch_mkCHtbls.py
[2025-11-30T10:31:13.957+0000] {processor.py:840} INFO - DAG(s) 'fetch_data' retrieved from /opt/airflow/dags/01_data_fetch_mkCHtbls.py
[2025-11-30T10:31:14.006+0000] {logging_mixin.py:188} INFO - [2025-11-30T10:31:14.005+0000] {dag.py:3036} INFO - Sync 1 DAGs
[2025-11-30T10:31:14.043+0000] {logging_mixin.py:188} INFO - [2025-11-30T10:31:14.043+0000] {dag.py:3823} INFO - Setting next_dagrun for fetch_data to 2025-11-30 00:00:00+00:00, run_after=2025-12-01 00:00:00+00:00
[2025-11-30T10:31:14.086+0000] {processor.py:183} INFO - Processing /opt/airflow/dags/01_data_fetch_mkCHtbls.py took 4.582 seconds
[2025-11-30T10:31:44.365+0000] {processor.py:161} INFO - Started process (PID=30321) to work on /opt/airflow/dags/01_data_fetch_mkCHtbls.py
[2025-11-30T10:31:44.368+0000] {processor.py:830} INFO - Processing file /opt/airflow/dags/01_data_fetch_mkCHtbls.py for tasks to queue
[2025-11-30T10:31:44.370+0000] {logging_mixin.py:188} INFO - [2025-11-30T10:31:44.369+0000] {dagbag.py:538} INFO - Filling up the DagBag from /opt/airflow/dags/01_data_fetch_mkCHtbls.py
[2025-11-30T10:31:49.028+0000] {processor.py:840} INFO - DAG(s) 'fetch_data' retrieved from /opt/airflow/dags/01_data_fetch_mkCHtbls.py
[2025-11-30T10:31:49.071+0000] {logging_mixin.py:188} INFO - [2025-11-30T10:31:49.071+0000] {dag.py:3036} INFO - Sync 1 DAGs
[2025-11-30T10:31:49.153+0000] {logging_mixin.py:188} INFO - [2025-11-30T10:31:49.152+0000] {dag.py:3823} INFO - Setting next_dagrun for fetch_data to 2025-11-30 00:00:00+00:00, run_after=2025-12-01 00:00:00+00:00
[2025-11-30T10:31:49.213+0000] {processor.py:183} INFO - Processing /opt/airflow/dags/01_data_fetch_mkCHtbls.py took 4.857 seconds
[2025-11-30T10:32:19.467+0000] {processor.py:161} INFO - Started process (PID=30386) to work on /opt/airflow/dags/01_data_fetch_mkCHtbls.py
[2025-11-30T10:32:19.470+0000] {processor.py:830} INFO - Processing file /opt/airflow/dags/01_data_fetch_mkCHtbls.py for tasks to queue
[2025-11-30T10:32:19.472+0000] {logging_mixin.py:188} INFO - [2025-11-30T10:32:19.471+0000] {dagbag.py:538} INFO - Filling up the DagBag from /opt/airflow/dags/01_data_fetch_mkCHtbls.py
[2025-11-30T10:32:23.938+0000] {processor.py:840} INFO - DAG(s) 'fetch_data' retrieved from /opt/airflow/dags/01_data_fetch_mkCHtbls.py
[2025-11-30T10:32:24.001+0000] {logging_mixin.py:188} INFO - [2025-11-30T10:32:24.001+0000] {dag.py:3036} INFO - Sync 1 DAGs
[2025-11-30T10:32:24.038+0000] {logging_mixin.py:188} INFO - [2025-11-30T10:32:24.038+0000] {dag.py:3823} INFO - Setting next_dagrun for fetch_data to 2025-11-30 00:00:00+00:00, run_after=2025-12-01 00:00:00+00:00
[2025-11-30T10:32:24.066+0000] {processor.py:183} INFO - Processing /opt/airflow/dags/01_data_fetch_mkCHtbls.py took 4.604 seconds
[2025-11-30T10:32:54.422+0000] {processor.py:161} INFO - Started process (PID=30451) to work on /opt/airflow/dags/01_data_fetch_mkCHtbls.py
[2025-11-30T10:32:54.424+0000] {processor.py:830} INFO - Processing file /opt/airflow/dags/01_data_fetch_mkCHtbls.py for tasks to queue
[2025-11-30T10:32:54.426+0000] {logging_mixin.py:188} INFO - [2025-11-30T10:32:54.425+0000] {dagbag.py:538} INFO - Filling up the DagBag from /opt/airflow/dags/01_data_fetch_mkCHtbls.py
[2025-11-30T10:32:59.275+0000] {processor.py:840} INFO - DAG(s) 'fetch_data' retrieved from /opt/airflow/dags/01_data_fetch_mkCHtbls.py
[2025-11-30T10:32:59.325+0000] {logging_mixin.py:188} INFO - [2025-11-30T10:32:59.324+0000] {dag.py:3036} INFO - Sync 1 DAGs
[2025-11-30T10:32:59.370+0000] {logging_mixin.py:188} INFO - [2025-11-30T10:32:59.369+0000] {dag.py:3823} INFO - Setting next_dagrun for fetch_data to 2025-11-30 00:00:00+00:00, run_after=2025-12-01 00:00:00+00:00
[2025-11-30T10:32:59.445+0000] {processor.py:183} INFO - Processing /opt/airflow/dags/01_data_fetch_mkCHtbls.py took 5.031 seconds
[2025-11-30T10:33:29.802+0000] {processor.py:161} INFO - Started process (PID=30557) to work on /opt/airflow/dags/01_data_fetch_mkCHtbls.py
[2025-11-30T10:33:29.804+0000] {processor.py:830} INFO - Processing file /opt/airflow/dags/01_data_fetch_mkCHtbls.py for tasks to queue
[2025-11-30T10:33:29.807+0000] {logging_mixin.py:188} INFO - [2025-11-30T10:33:29.806+0000] {dagbag.py:538} INFO - Filling up the DagBag from /opt/airflow/dags/01_data_fetch_mkCHtbls.py
[2025-11-30T10:33:34.238+0000] {processor.py:840} INFO - DAG(s) 'fetch_data' retrieved from /opt/airflow/dags/01_data_fetch_mkCHtbls.py
[2025-11-30T10:33:34.280+0000] {logging_mixin.py:188} INFO - [2025-11-30T10:33:34.279+0000] {dag.py:3036} INFO - Sync 1 DAGs
[2025-11-30T10:33:34.322+0000] {logging_mixin.py:188} INFO - [2025-11-30T10:33:34.321+0000] {dag.py:3823} INFO - Setting next_dagrun for fetch_data to 2025-11-30 00:00:00+00:00, run_after=2025-12-01 00:00:00+00:00
[2025-11-30T10:33:34.373+0000] {processor.py:183} INFO - Processing /opt/airflow/dags/01_data_fetch_mkCHtbls.py took 4.578 seconds
[2025-11-30T10:34:04.682+0000] {processor.py:161} INFO - Started process (PID=30622) to work on /opt/airflow/dags/01_data_fetch_mkCHtbls.py
[2025-11-30T10:34:04.685+0000] {processor.py:830} INFO - Processing file /opt/airflow/dags/01_data_fetch_mkCHtbls.py for tasks to queue
[2025-11-30T10:34:04.687+0000] {logging_mixin.py:188} INFO - [2025-11-30T10:34:04.686+0000] {dagbag.py:538} INFO - Filling up the DagBag from /opt/airflow/dags/01_data_fetch_mkCHtbls.py
[2025-11-30T10:34:09.612+0000] {processor.py:840} INFO - DAG(s) 'fetch_data' retrieved from /opt/airflow/dags/01_data_fetch_mkCHtbls.py
[2025-11-30T10:34:09.678+0000] {logging_mixin.py:188} INFO - [2025-11-30T10:34:09.677+0000] {dag.py:3036} INFO - Sync 1 DAGs
[2025-11-30T10:34:09.736+0000] {logging_mixin.py:188} INFO - [2025-11-30T10:34:09.735+0000] {dag.py:3823} INFO - Setting next_dagrun for fetch_data to 2025-11-30 00:00:00+00:00, run_after=2025-12-01 00:00:00+00:00
[2025-11-30T10:34:09.788+0000] {processor.py:183} INFO - Processing /opt/airflow/dags/01_data_fetch_mkCHtbls.py took 5.112 seconds
[2025-11-30T10:34:39.943+0000] {processor.py:161} INFO - Started process (PID=30687) to work on /opt/airflow/dags/01_data_fetch_mkCHtbls.py
[2025-11-30T10:34:39.945+0000] {processor.py:830} INFO - Processing file /opt/airflow/dags/01_data_fetch_mkCHtbls.py for tasks to queue
[2025-11-30T10:34:39.947+0000] {logging_mixin.py:188} INFO - [2025-11-30T10:34:39.946+0000] {dagbag.py:538} INFO - Filling up the DagBag from /opt/airflow/dags/01_data_fetch_mkCHtbls.py
[2025-11-30T10:34:44.312+0000] {processor.py:840} INFO - DAG(s) 'fetch_data' retrieved from /opt/airflow/dags/01_data_fetch_mkCHtbls.py
[2025-11-30T10:34:44.348+0000] {logging_mixin.py:188} INFO - [2025-11-30T10:34:44.348+0000] {dag.py:3036} INFO - Sync 1 DAGs
[2025-11-30T10:34:44.389+0000] {logging_mixin.py:188} INFO - [2025-11-30T10:34:44.389+0000] {dag.py:3823} INFO - Setting next_dagrun for fetch_data to 2025-11-30 00:00:00+00:00, run_after=2025-12-01 00:00:00+00:00
[2025-11-30T10:34:44.434+0000] {processor.py:183} INFO - Processing /opt/airflow/dags/01_data_fetch_mkCHtbls.py took 4.496 seconds
[2025-11-30T10:35:14.605+0000] {processor.py:161} INFO - Started process (PID=30752) to work on /opt/airflow/dags/01_data_fetch_mkCHtbls.py
[2025-11-30T10:35:14.606+0000] {processor.py:830} INFO - Processing file /opt/airflow/dags/01_data_fetch_mkCHtbls.py for tasks to queue
[2025-11-30T10:35:14.608+0000] {logging_mixin.py:188} INFO - [2025-11-30T10:35:14.607+0000] {dagbag.py:538} INFO - Filling up the DagBag from /opt/airflow/dags/01_data_fetch_mkCHtbls.py
[2025-11-30T10:35:19.311+0000] {processor.py:840} INFO - DAG(s) 'fetch_data' retrieved from /opt/airflow/dags/01_data_fetch_mkCHtbls.py
[2025-11-30T10:35:19.358+0000] {logging_mixin.py:188} INFO - [2025-11-30T10:35:19.357+0000] {dag.py:3036} INFO - Sync 1 DAGs
[2025-11-30T10:35:19.411+0000] {logging_mixin.py:188} INFO - [2025-11-30T10:35:19.411+0000] {dag.py:3823} INFO - Setting next_dagrun for fetch_data to 2025-11-30 00:00:00+00:00, run_after=2025-12-01 00:00:00+00:00
[2025-11-30T10:35:19.442+0000] {processor.py:183} INFO - Processing /opt/airflow/dags/01_data_fetch_mkCHtbls.py took 4.843 seconds
[2025-11-30T10:35:50.110+0000] {processor.py:161} INFO - Started process (PID=30817) to work on /opt/airflow/dags/01_data_fetch_mkCHtbls.py
[2025-11-30T10:35:50.112+0000] {processor.py:830} INFO - Processing file /opt/airflow/dags/01_data_fetch_mkCHtbls.py for tasks to queue
[2025-11-30T10:35:50.114+0000] {logging_mixin.py:188} INFO - [2025-11-30T10:35:50.114+0000] {dagbag.py:538} INFO - Filling up the DagBag from /opt/airflow/dags/01_data_fetch_mkCHtbls.py
[2025-11-30T10:35:54.443+0000] {processor.py:840} INFO - DAG(s) 'fetch_data' retrieved from /opt/airflow/dags/01_data_fetch_mkCHtbls.py
[2025-11-30T10:35:54.484+0000] {logging_mixin.py:188} INFO - [2025-11-30T10:35:54.484+0000] {dag.py:3036} INFO - Sync 1 DAGs
[2025-11-30T10:35:54.521+0000] {logging_mixin.py:188} INFO - [2025-11-30T10:35:54.521+0000] {dag.py:3823} INFO - Setting next_dagrun for fetch_data to 2025-11-30 00:00:00+00:00, run_after=2025-12-01 00:00:00+00:00
[2025-11-30T10:35:54.565+0000] {processor.py:183} INFO - Processing /opt/airflow/dags/01_data_fetch_mkCHtbls.py took 4.460 seconds
[2025-11-30T10:36:24.790+0000] {processor.py:161} INFO - Started process (PID=30882) to work on /opt/airflow/dags/01_data_fetch_mkCHtbls.py
[2025-11-30T10:36:24.791+0000] {processor.py:830} INFO - Processing file /opt/airflow/dags/01_data_fetch_mkCHtbls.py for tasks to queue
[2025-11-30T10:36:24.792+0000] {logging_mixin.py:188} INFO - [2025-11-30T10:36:24.792+0000] {dagbag.py:538} INFO - Filling up the DagBag from /opt/airflow/dags/01_data_fetch_mkCHtbls.py
[2025-11-30T10:36:29.471+0000] {processor.py:840} INFO - DAG(s) 'fetch_data' retrieved from /opt/airflow/dags/01_data_fetch_mkCHtbls.py
[2025-11-30T10:36:29.518+0000] {logging_mixin.py:188} INFO - [2025-11-30T10:36:29.517+0000] {dag.py:3036} INFO - Sync 1 DAGs
[2025-11-30T10:36:29.593+0000] {logging_mixin.py:188} INFO - [2025-11-30T10:36:29.593+0000] {dag.py:3823} INFO - Setting next_dagrun for fetch_data to 2025-11-30 00:00:00+00:00, run_after=2025-12-01 00:00:00+00:00
[2025-11-30T10:36:29.640+0000] {processor.py:183} INFO - Processing /opt/airflow/dags/01_data_fetch_mkCHtbls.py took 4.858 seconds
[2025-11-30T10:36:59.909+0000] {processor.py:161} INFO - Started process (PID=30947) to work on /opt/airflow/dags/01_data_fetch_mkCHtbls.py
[2025-11-30T10:36:59.911+0000] {processor.py:830} INFO - Processing file /opt/airflow/dags/01_data_fetch_mkCHtbls.py for tasks to queue
[2025-11-30T10:36:59.914+0000] {logging_mixin.py:188} INFO - [2025-11-30T10:36:59.913+0000] {dagbag.py:538} INFO - Filling up the DagBag from /opt/airflow/dags/01_data_fetch_mkCHtbls.py
[2025-11-30T10:37:04.256+0000] {processor.py:840} INFO - DAG(s) 'fetch_data' retrieved from /opt/airflow/dags/01_data_fetch_mkCHtbls.py
[2025-11-30T10:37:04.297+0000] {logging_mixin.py:188} INFO - [2025-11-30T10:37:04.297+0000] {dag.py:3036} INFO - Sync 1 DAGs
[2025-11-30T10:37:04.329+0000] {logging_mixin.py:188} INFO - [2025-11-30T10:37:04.328+0000] {dag.py:3823} INFO - Setting next_dagrun for fetch_data to 2025-11-30 00:00:00+00:00, run_after=2025-12-01 00:00:00+00:00
[2025-11-30T10:37:04.373+0000] {processor.py:183} INFO - Processing /opt/airflow/dags/01_data_fetch_mkCHtbls.py took 4.470 seconds
[2025-11-30T10:37:34.653+0000] {processor.py:161} INFO - Started process (PID=31032) to work on /opt/airflow/dags/01_data_fetch_mkCHtbls.py
[2025-11-30T10:37:34.655+0000] {processor.py:830} INFO - Processing file /opt/airflow/dags/01_data_fetch_mkCHtbls.py for tasks to queue
[2025-11-30T10:37:34.658+0000] {logging_mixin.py:188} INFO - [2025-11-30T10:37:34.657+0000] {dagbag.py:538} INFO - Filling up the DagBag from /opt/airflow/dags/01_data_fetch_mkCHtbls.py
[2025-11-30T10:37:39.320+0000] {processor.py:840} INFO - DAG(s) 'fetch_data' retrieved from /opt/airflow/dags/01_data_fetch_mkCHtbls.py
[2025-11-30T10:37:39.365+0000] {logging_mixin.py:188} INFO - [2025-11-30T10:37:39.364+0000] {dag.py:3036} INFO - Sync 1 DAGs
[2025-11-30T10:37:39.404+0000] {logging_mixin.py:188} INFO - [2025-11-30T10:37:39.403+0000] {dag.py:3823} INFO - Setting next_dagrun for fetch_data to 2025-11-30 00:00:00+00:00, run_after=2025-12-01 00:00:00+00:00
[2025-11-30T10:37:39.447+0000] {processor.py:183} INFO - Processing /opt/airflow/dags/01_data_fetch_mkCHtbls.py took 4.800 seconds
[2025-11-30T10:38:09.797+0000] {processor.py:161} INFO - Started process (PID=31118) to work on /opt/airflow/dags/01_data_fetch_mkCHtbls.py
[2025-11-30T10:38:09.799+0000] {processor.py:830} INFO - Processing file /opt/airflow/dags/01_data_fetch_mkCHtbls.py for tasks to queue
[2025-11-30T10:38:09.801+0000] {logging_mixin.py:188} INFO - [2025-11-30T10:38:09.800+0000] {dagbag.py:538} INFO - Filling up the DagBag from /opt/airflow/dags/01_data_fetch_mkCHtbls.py
[2025-11-30T10:38:14.135+0000] {processor.py:840} INFO - DAG(s) 'fetch_data' retrieved from /opt/airflow/dags/01_data_fetch_mkCHtbls.py
[2025-11-30T10:38:14.177+0000] {logging_mixin.py:188} INFO - [2025-11-30T10:38:14.177+0000] {dag.py:3036} INFO - Sync 1 DAGs
[2025-11-30T10:38:14.213+0000] {logging_mixin.py:188} INFO - [2025-11-30T10:38:14.213+0000] {dag.py:3823} INFO - Setting next_dagrun for fetch_data to 2025-11-30 00:00:00+00:00, run_after=2025-12-01 00:00:00+00:00
[2025-11-30T10:38:14.277+0000] {processor.py:183} INFO - Processing /opt/airflow/dags/01_data_fetch_mkCHtbls.py took 4.485 seconds
[2025-11-30T10:38:44.592+0000] {processor.py:161} INFO - Started process (PID=31183) to work on /opt/airflow/dags/01_data_fetch_mkCHtbls.py
[2025-11-30T10:38:44.594+0000] {processor.py:830} INFO - Processing file /opt/airflow/dags/01_data_fetch_mkCHtbls.py for tasks to queue
[2025-11-30T10:38:44.597+0000] {logging_mixin.py:188} INFO - [2025-11-30T10:38:44.596+0000] {dagbag.py:538} INFO - Filling up the DagBag from /opt/airflow/dags/01_data_fetch_mkCHtbls.py
[2025-11-30T10:38:49.312+0000] {processor.py:840} INFO - DAG(s) 'fetch_data' retrieved from /opt/airflow/dags/01_data_fetch_mkCHtbls.py
[2025-11-30T10:38:49.365+0000] {logging_mixin.py:188} INFO - [2025-11-30T10:38:49.364+0000] {dag.py:3036} INFO - Sync 1 DAGs
[2025-11-30T10:38:49.419+0000] {logging_mixin.py:188} INFO - [2025-11-30T10:38:49.418+0000] {dag.py:3823} INFO - Setting next_dagrun for fetch_data to 2025-11-30 00:00:00+00:00, run_after=2025-12-01 00:00:00+00:00
[2025-11-30T10:38:49.481+0000] {processor.py:183} INFO - Processing /opt/airflow/dags/01_data_fetch_mkCHtbls.py took 4.895 seconds
[2025-11-30T10:39:19.850+0000] {processor.py:161} INFO - Started process (PID=31248) to work on /opt/airflow/dags/01_data_fetch_mkCHtbls.py
[2025-11-30T10:39:19.851+0000] {processor.py:830} INFO - Processing file /opt/airflow/dags/01_data_fetch_mkCHtbls.py for tasks to queue
[2025-11-30T10:39:19.853+0000] {logging_mixin.py:188} INFO - [2025-11-30T10:39:19.853+0000] {dagbag.py:538} INFO - Filling up the DagBag from /opt/airflow/dags/01_data_fetch_mkCHtbls.py
[2025-11-30T10:39:24.223+0000] {processor.py:840} INFO - DAG(s) 'fetch_data' retrieved from /opt/airflow/dags/01_data_fetch_mkCHtbls.py
[2025-11-30T10:39:24.265+0000] {logging_mixin.py:188} INFO - [2025-11-30T10:39:24.265+0000] {dag.py:3036} INFO - Sync 1 DAGs
[2025-11-30T10:39:24.303+0000] {logging_mixin.py:188} INFO - [2025-11-30T10:39:24.303+0000] {dag.py:3823} INFO - Setting next_dagrun for fetch_data to 2025-11-30 00:00:00+00:00, run_after=2025-12-01 00:00:00+00:00
[2025-11-30T10:39:24.351+0000] {processor.py:183} INFO - Processing /opt/airflow/dags/01_data_fetch_mkCHtbls.py took 4.507 seconds
[2025-11-30T10:39:54.537+0000] {processor.py:161} INFO - Started process (PID=31313) to work on /opt/airflow/dags/01_data_fetch_mkCHtbls.py
[2025-11-30T10:39:54.539+0000] {processor.py:830} INFO - Processing file /opt/airflow/dags/01_data_fetch_mkCHtbls.py for tasks to queue
[2025-11-30T10:39:54.542+0000] {logging_mixin.py:188} INFO - [2025-11-30T10:39:54.541+0000] {dagbag.py:538} INFO - Filling up the DagBag from /opt/airflow/dags/01_data_fetch_mkCHtbls.py
[2025-11-30T10:39:59.165+0000] {processor.py:840} INFO - DAG(s) 'fetch_data' retrieved from /opt/airflow/dags/01_data_fetch_mkCHtbls.py
[2025-11-30T10:39:59.253+0000] {logging_mixin.py:188} INFO - [2025-11-30T10:39:59.252+0000] {dag.py:3036} INFO - Sync 1 DAGs
[2025-11-30T10:39:59.315+0000] {logging_mixin.py:188} INFO - [2025-11-30T10:39:59.314+0000] {dag.py:3823} INFO - Setting next_dagrun for fetch_data to 2025-11-30 00:00:00+00:00, run_after=2025-12-01 00:00:00+00:00
[2025-11-30T10:39:59.368+0000] {processor.py:183} INFO - Processing /opt/airflow/dags/01_data_fetch_mkCHtbls.py took 4.835 seconds
[2025-11-30T10:40:29.704+0000] {processor.py:161} INFO - Started process (PID=31378) to work on /opt/airflow/dags/01_data_fetch_mkCHtbls.py
[2025-11-30T10:40:29.706+0000] {processor.py:830} INFO - Processing file /opt/airflow/dags/01_data_fetch_mkCHtbls.py for tasks to queue
[2025-11-30T10:40:29.708+0000] {logging_mixin.py:188} INFO - [2025-11-30T10:40:29.707+0000] {dagbag.py:538} INFO - Filling up the DagBag from /opt/airflow/dags/01_data_fetch_mkCHtbls.py
[2025-11-30T10:40:34.182+0000] {processor.py:840} INFO - DAG(s) 'fetch_data' retrieved from /opt/airflow/dags/01_data_fetch_mkCHtbls.py
[2025-11-30T10:40:34.215+0000] {logging_mixin.py:188} INFO - [2025-11-30T10:40:34.215+0000] {dag.py:3036} INFO - Sync 1 DAGs
[2025-11-30T10:40:34.250+0000] {logging_mixin.py:188} INFO - [2025-11-30T10:40:34.249+0000] {dag.py:3823} INFO - Setting next_dagrun for fetch_data to 2025-11-30 00:00:00+00:00, run_after=2025-12-01 00:00:00+00:00
[2025-11-30T10:40:34.296+0000] {processor.py:183} INFO - Processing /opt/airflow/dags/01_data_fetch_mkCHtbls.py took 4.597 seconds
[2025-11-30T10:41:04.623+0000] {processor.py:161} INFO - Started process (PID=31443) to work on /opt/airflow/dags/01_data_fetch_mkCHtbls.py
[2025-11-30T10:41:04.626+0000] {processor.py:830} INFO - Processing file /opt/airflow/dags/01_data_fetch_mkCHtbls.py for tasks to queue
[2025-11-30T10:41:04.629+0000] {logging_mixin.py:188} INFO - [2025-11-30T10:41:04.628+0000] {dagbag.py:538} INFO - Filling up the DagBag from /opt/airflow/dags/01_data_fetch_mkCHtbls.py
[2025-11-30T10:41:09.607+0000] {processor.py:840} INFO - DAG(s) 'fetch_data' retrieved from /opt/airflow/dags/01_data_fetch_mkCHtbls.py
[2025-11-30T10:41:09.680+0000] {logging_mixin.py:188} INFO - [2025-11-30T10:41:09.679+0000] {dag.py:3036} INFO - Sync 1 DAGs
[2025-11-30T10:41:09.731+0000] {logging_mixin.py:188} INFO - [2025-11-30T10:41:09.730+0000] {dag.py:3823} INFO - Setting next_dagrun for fetch_data to 2025-11-30 00:00:00+00:00, run_after=2025-12-01 00:00:00+00:00
[2025-11-30T10:41:09.781+0000] {processor.py:183} INFO - Processing /opt/airflow/dags/01_data_fetch_mkCHtbls.py took 5.164 seconds
[2025-11-30T10:41:39.968+0000] {processor.py:161} INFO - Started process (PID=31528) to work on /opt/airflow/dags/01_data_fetch_mkCHtbls.py
[2025-11-30T10:41:39.971+0000] {processor.py:830} INFO - Processing file /opt/airflow/dags/01_data_fetch_mkCHtbls.py for tasks to queue
[2025-11-30T10:41:39.973+0000] {logging_mixin.py:188} INFO - [2025-11-30T10:41:39.972+0000] {dagbag.py:538} INFO - Filling up the DagBag from /opt/airflow/dags/01_data_fetch_mkCHtbls.py
[2025-11-30T10:41:44.300+0000] {processor.py:840} INFO - DAG(s) 'fetch_data' retrieved from /opt/airflow/dags/01_data_fetch_mkCHtbls.py
[2025-11-30T10:41:44.343+0000] {logging_mixin.py:188} INFO - [2025-11-30T10:41:44.342+0000] {dag.py:3036} INFO - Sync 1 DAGs
[2025-11-30T10:41:44.376+0000] {logging_mixin.py:188} INFO - [2025-11-30T10:41:44.376+0000] {dag.py:3823} INFO - Setting next_dagrun for fetch_data to 2025-11-30 00:00:00+00:00, run_after=2025-12-01 00:00:00+00:00
[2025-11-30T10:41:44.422+0000] {processor.py:183} INFO - Processing /opt/airflow/dags/01_data_fetch_mkCHtbls.py took 4.459 seconds
[2025-11-30T10:42:14.758+0000] {processor.py:161} INFO - Started process (PID=31593) to work on /opt/airflow/dags/01_data_fetch_mkCHtbls.py
[2025-11-30T10:42:14.760+0000] {processor.py:830} INFO - Processing file /opt/airflow/dags/01_data_fetch_mkCHtbls.py for tasks to queue
[2025-11-30T10:42:14.762+0000] {logging_mixin.py:188} INFO - [2025-11-30T10:42:14.761+0000] {dagbag.py:538} INFO - Filling up the DagBag from /opt/airflow/dags/01_data_fetch_mkCHtbls.py
[2025-11-30T10:42:19.550+0000] {processor.py:840} INFO - DAG(s) 'fetch_data' retrieved from /opt/airflow/dags/01_data_fetch_mkCHtbls.py
[2025-11-30T10:42:19.603+0000] {logging_mixin.py:188} INFO - [2025-11-30T10:42:19.602+0000] {dag.py:3036} INFO - Sync 1 DAGs
[2025-11-30T10:42:19.678+0000] {logging_mixin.py:188} INFO - [2025-11-30T10:42:19.677+0000] {dag.py:3823} INFO - Setting next_dagrun for fetch_data to 2025-11-30 00:00:00+00:00, run_after=2025-12-01 00:00:00+00:00
[2025-11-30T10:42:19.757+0000] {processor.py:183} INFO - Processing /opt/airflow/dags/01_data_fetch_mkCHtbls.py took 5.006 seconds
[2025-11-30T10:42:50.149+0000] {processor.py:161} INFO - Started process (PID=31658) to work on /opt/airflow/dags/01_data_fetch_mkCHtbls.py
[2025-11-30T10:42:50.152+0000] {processor.py:830} INFO - Processing file /opt/airflow/dags/01_data_fetch_mkCHtbls.py for tasks to queue
[2025-11-30T10:42:50.155+0000] {logging_mixin.py:188} INFO - [2025-11-30T10:42:50.154+0000] {dagbag.py:538} INFO - Filling up the DagBag from /opt/airflow/dags/01_data_fetch_mkCHtbls.py
[2025-11-30T10:42:54.512+0000] {processor.py:840} INFO - DAG(s) 'fetch_data' retrieved from /opt/airflow/dags/01_data_fetch_mkCHtbls.py
[2025-11-30T10:42:54.550+0000] {logging_mixin.py:188} INFO - [2025-11-30T10:42:54.549+0000] {dag.py:3036} INFO - Sync 1 DAGs
[2025-11-30T10:42:54.585+0000] {logging_mixin.py:188} INFO - [2025-11-30T10:42:54.585+0000] {dag.py:3823} INFO - Setting next_dagrun for fetch_data to 2025-11-30 00:00:00+00:00, run_after=2025-12-01 00:00:00+00:00
[2025-11-30T10:42:54.632+0000] {processor.py:183} INFO - Processing /opt/airflow/dags/01_data_fetch_mkCHtbls.py took 4.489 seconds
[2025-11-30T10:43:25.263+0000] {processor.py:161} INFO - Started process (PID=31744) to work on /opt/airflow/dags/01_data_fetch_mkCHtbls.py
[2025-11-30T10:43:25.265+0000] {processor.py:830} INFO - Processing file /opt/airflow/dags/01_data_fetch_mkCHtbls.py for tasks to queue
[2025-11-30T10:43:25.267+0000] {logging_mixin.py:188} INFO - [2025-11-30T10:43:25.267+0000] {dagbag.py:538} INFO - Filling up the DagBag from /opt/airflow/dags/01_data_fetch_mkCHtbls.py
[2025-11-30T10:43:30.488+0000] {processor.py:840} INFO - DAG(s) 'fetch_data' retrieved from /opt/airflow/dags/01_data_fetch_mkCHtbls.py
[2025-11-30T10:43:30.530+0000] {logging_mixin.py:188} INFO - [2025-11-30T10:43:30.530+0000] {dag.py:3036} INFO - Sync 1 DAGs
[2025-11-30T10:43:30.576+0000] {logging_mixin.py:188} INFO - [2025-11-30T10:43:30.575+0000] {dag.py:3823} INFO - Setting next_dagrun for fetch_data to 2025-11-30 00:00:00+00:00, run_after=2025-12-01 00:00:00+00:00
[2025-11-30T10:43:30.624+0000] {processor.py:183} INFO - Processing /opt/airflow/dags/01_data_fetch_mkCHtbls.py took 5.369 seconds
[2025-11-30T10:44:00.943+0000] {processor.py:161} INFO - Started process (PID=31809) to work on /opt/airflow/dags/01_data_fetch_mkCHtbls.py
[2025-11-30T10:44:00.944+0000] {processor.py:830} INFO - Processing file /opt/airflow/dags/01_data_fetch_mkCHtbls.py for tasks to queue
[2025-11-30T10:44:00.946+0000] {logging_mixin.py:188} INFO - [2025-11-30T10:44:00.946+0000] {dagbag.py:538} INFO - Filling up the DagBag from /opt/airflow/dags/01_data_fetch_mkCHtbls.py
[2025-11-30T10:44:05.326+0000] {processor.py:840} INFO - DAG(s) 'fetch_data' retrieved from /opt/airflow/dags/01_data_fetch_mkCHtbls.py
[2025-11-30T10:44:05.364+0000] {logging_mixin.py:188} INFO - [2025-11-30T10:44:05.364+0000] {dag.py:3036} INFO - Sync 1 DAGs
[2025-11-30T10:44:05.397+0000] {logging_mixin.py:188} INFO - [2025-11-30T10:44:05.397+0000] {dag.py:3823} INFO - Setting next_dagrun for fetch_data to 2025-11-30 00:00:00+00:00, run_after=2025-12-01 00:00:00+00:00
[2025-11-30T10:44:05.437+0000] {processor.py:183} INFO - Processing /opt/airflow/dags/01_data_fetch_mkCHtbls.py took 4.502 seconds
[2025-11-30T10:44:35.667+0000] {processor.py:161} INFO - Started process (PID=31874) to work on /opt/airflow/dags/01_data_fetch_mkCHtbls.py
[2025-11-30T10:44:35.669+0000] {processor.py:830} INFO - Processing file /opt/airflow/dags/01_data_fetch_mkCHtbls.py for tasks to queue
[2025-11-30T10:44:35.671+0000] {logging_mixin.py:188} INFO - [2025-11-30T10:44:35.670+0000] {dagbag.py:538} INFO - Filling up the DagBag from /opt/airflow/dags/01_data_fetch_mkCHtbls.py
[2025-11-30T10:44:40.353+0000] {processor.py:840} INFO - DAG(s) 'fetch_data' retrieved from /opt/airflow/dags/01_data_fetch_mkCHtbls.py
[2025-11-30T10:44:40.402+0000] {logging_mixin.py:188} INFO - [2025-11-30T10:44:40.402+0000] {dag.py:3036} INFO - Sync 1 DAGs
[2025-11-30T10:44:40.442+0000] {logging_mixin.py:188} INFO - [2025-11-30T10:44:40.442+0000] {dag.py:3823} INFO - Setting next_dagrun for fetch_data to 2025-11-30 00:00:00+00:00, run_after=2025-12-01 00:00:00+00:00
[2025-11-30T10:44:40.491+0000] {processor.py:183} INFO - Processing /opt/airflow/dags/01_data_fetch_mkCHtbls.py took 4.829 seconds
[2025-11-30T10:45:10.717+0000] {processor.py:161} INFO - Started process (PID=31939) to work on /opt/airflow/dags/01_data_fetch_mkCHtbls.py
[2025-11-30T10:45:10.719+0000] {processor.py:830} INFO - Processing file /opt/airflow/dags/01_data_fetch_mkCHtbls.py for tasks to queue
[2025-11-30T10:45:10.721+0000] {logging_mixin.py:188} INFO - [2025-11-30T10:45:10.720+0000] {dagbag.py:538} INFO - Filling up the DagBag from /opt/airflow/dags/01_data_fetch_mkCHtbls.py
[2025-11-30T10:45:15.151+0000] {processor.py:840} INFO - DAG(s) 'fetch_data' retrieved from /opt/airflow/dags/01_data_fetch_mkCHtbls.py
[2025-11-30T10:45:15.188+0000] {logging_mixin.py:188} INFO - [2025-11-30T10:45:15.188+0000] {dag.py:3036} INFO - Sync 1 DAGs
[2025-11-30T10:45:15.233+0000] {logging_mixin.py:188} INFO - [2025-11-30T10:45:15.232+0000] {dag.py:3823} INFO - Setting next_dagrun for fetch_data to 2025-11-30 00:00:00+00:00, run_after=2025-12-01 00:00:00+00:00
[2025-11-30T10:45:15.278+0000] {processor.py:183} INFO - Processing /opt/airflow/dags/01_data_fetch_mkCHtbls.py took 4.566 seconds
[2025-11-30T10:45:45.631+0000] {processor.py:161} INFO - Started process (PID=32004) to work on /opt/airflow/dags/01_data_fetch_mkCHtbls.py
[2025-11-30T10:45:45.633+0000] {processor.py:830} INFO - Processing file /opt/airflow/dags/01_data_fetch_mkCHtbls.py for tasks to queue
[2025-11-30T10:45:45.636+0000] {logging_mixin.py:188} INFO - [2025-11-30T10:45:45.635+0000] {dagbag.py:538} INFO - Filling up the DagBag from /opt/airflow/dags/01_data_fetch_mkCHtbls.py
[2025-11-30T10:45:50.483+0000] {processor.py:840} INFO - DAG(s) 'fetch_data' retrieved from /opt/airflow/dags/01_data_fetch_mkCHtbls.py
[2025-11-30T10:45:50.524+0000] {logging_mixin.py:188} INFO - [2025-11-30T10:45:50.523+0000] {dag.py:3036} INFO - Sync 1 DAGs
[2025-11-30T10:45:50.564+0000] {logging_mixin.py:188} INFO - [2025-11-30T10:45:50.564+0000] {dag.py:3823} INFO - Setting next_dagrun for fetch_data to 2025-11-30 00:00:00+00:00, run_after=2025-12-01 00:00:00+00:00
[2025-11-30T10:45:50.616+0000] {processor.py:183} INFO - Processing /opt/airflow/dags/01_data_fetch_mkCHtbls.py took 4.991 seconds
[2025-11-30T10:46:20.945+0000] {processor.py:161} INFO - Started process (PID=32089) to work on /opt/airflow/dags/01_data_fetch_mkCHtbls.py
[2025-11-30T10:46:20.947+0000] {processor.py:830} INFO - Processing file /opt/airflow/dags/01_data_fetch_mkCHtbls.py for tasks to queue
[2025-11-30T10:46:20.949+0000] {logging_mixin.py:188} INFO - [2025-11-30T10:46:20.949+0000] {dagbag.py:538} INFO - Filling up the DagBag from /opt/airflow/dags/01_data_fetch_mkCHtbls.py
[2025-11-30T10:46:25.255+0000] {processor.py:840} INFO - DAG(s) 'fetch_data' retrieved from /opt/airflow/dags/01_data_fetch_mkCHtbls.py
[2025-11-30T10:46:25.300+0000] {logging_mixin.py:188} INFO - [2025-11-30T10:46:25.300+0000] {dag.py:3036} INFO - Sync 1 DAGs
[2025-11-30T10:46:25.337+0000] {logging_mixin.py:188} INFO - [2025-11-30T10:46:25.337+0000] {dag.py:3823} INFO - Setting next_dagrun for fetch_data to 2025-11-30 00:00:00+00:00, run_after=2025-12-01 00:00:00+00:00
[2025-11-30T10:46:25.381+0000] {processor.py:183} INFO - Processing /opt/airflow/dags/01_data_fetch_mkCHtbls.py took 4.442 seconds
[2025-11-30T10:46:55.719+0000] {processor.py:161} INFO - Started process (PID=32154) to work on /opt/airflow/dags/01_data_fetch_mkCHtbls.py
[2025-11-30T10:46:55.724+0000] {processor.py:830} INFO - Processing file /opt/airflow/dags/01_data_fetch_mkCHtbls.py for tasks to queue
[2025-11-30T10:46:55.727+0000] {logging_mixin.py:188} INFO - [2025-11-30T10:46:55.726+0000] {dagbag.py:538} INFO - Filling up the DagBag from /opt/airflow/dags/01_data_fetch_mkCHtbls.py
[2025-11-30T10:47:00.512+0000] {processor.py:840} INFO - DAG(s) 'fetch_data' retrieved from /opt/airflow/dags/01_data_fetch_mkCHtbls.py
[2025-11-30T10:47:00.557+0000] {logging_mixin.py:188} INFO - [2025-11-30T10:47:00.557+0000] {dag.py:3036} INFO - Sync 1 DAGs
[2025-11-30T10:47:00.600+0000] {logging_mixin.py:188} INFO - [2025-11-30T10:47:00.599+0000] {dag.py:3823} INFO - Setting next_dagrun for fetch_data to 2025-11-30 00:00:00+00:00, run_after=2025-12-01 00:00:00+00:00
[2025-11-30T10:47:00.650+0000] {processor.py:183} INFO - Processing /opt/airflow/dags/01_data_fetch_mkCHtbls.py took 4.943 seconds
[2025-11-30T10:47:30.988+0000] {processor.py:161} INFO - Started process (PID=32238) to work on /opt/airflow/dags/01_data_fetch_mkCHtbls.py
[2025-11-30T10:47:30.990+0000] {processor.py:830} INFO - Processing file /opt/airflow/dags/01_data_fetch_mkCHtbls.py for tasks to queue
[2025-11-30T10:47:30.993+0000] {logging_mixin.py:188} INFO - [2025-11-30T10:47:30.992+0000] {dagbag.py:538} INFO - Filling up the DagBag from /opt/airflow/dags/01_data_fetch_mkCHtbls.py
[2025-11-30T10:47:35.526+0000] {processor.py:840} INFO - DAG(s) 'fetch_data' retrieved from /opt/airflow/dags/01_data_fetch_mkCHtbls.py
[2025-11-30T10:47:35.574+0000] {logging_mixin.py:188} INFO - [2025-11-30T10:47:35.574+0000] {dag.py:3036} INFO - Sync 1 DAGs
[2025-11-30T10:47:35.620+0000] {logging_mixin.py:188} INFO - [2025-11-30T10:47:35.619+0000] {dag.py:3823} INFO - Setting next_dagrun for fetch_data to 2025-11-30 00:00:00+00:00, run_after=2025-12-01 00:00:00+00:00
[2025-11-30T10:47:35.668+0000] {processor.py:183} INFO - Processing /opt/airflow/dags/01_data_fetch_mkCHtbls.py took 4.684 seconds
[2025-11-30T10:48:05.898+0000] {processor.py:161} INFO - Started process (PID=32305) to work on /opt/airflow/dags/01_data_fetch_mkCHtbls.py
[2025-11-30T10:48:05.899+0000] {processor.py:830} INFO - Processing file /opt/airflow/dags/01_data_fetch_mkCHtbls.py for tasks to queue
[2025-11-30T10:48:05.901+0000] {logging_mixin.py:188} INFO - [2025-11-30T10:48:05.901+0000] {dagbag.py:538} INFO - Filling up the DagBag from /opt/airflow/dags/01_data_fetch_mkCHtbls.py
[2025-11-30T10:48:10.802+0000] {processor.py:840} INFO - DAG(s) 'fetch_data' retrieved from /opt/airflow/dags/01_data_fetch_mkCHtbls.py
[2025-11-30T10:48:10.845+0000] {logging_mixin.py:188} INFO - [2025-11-30T10:48:10.845+0000] {dag.py:3036} INFO - Sync 1 DAGs
[2025-11-30T10:48:10.888+0000] {logging_mixin.py:188} INFO - [2025-11-30T10:48:10.888+0000] {dag.py:3823} INFO - Setting next_dagrun for fetch_data to 2025-11-30 00:00:00+00:00, run_after=2025-12-01 00:00:00+00:00
[2025-11-30T10:48:10.971+0000] {processor.py:183} INFO - Processing /opt/airflow/dags/01_data_fetch_mkCHtbls.py took 5.078 seconds
[2025-11-30T10:48:41.165+0000] {processor.py:161} INFO - Started process (PID=32370) to work on /opt/airflow/dags/01_data_fetch_mkCHtbls.py
[2025-11-30T10:48:41.167+0000] {processor.py:830} INFO - Processing file /opt/airflow/dags/01_data_fetch_mkCHtbls.py for tasks to queue
[2025-11-30T10:48:41.170+0000] {logging_mixin.py:188} INFO - [2025-11-30T10:48:41.169+0000] {dagbag.py:538} INFO - Filling up the DagBag from /opt/airflow/dags/01_data_fetch_mkCHtbls.py
[2025-11-30T10:48:45.472+0000] {processor.py:840} INFO - DAG(s) 'fetch_data' retrieved from /opt/airflow/dags/01_data_fetch_mkCHtbls.py
[2025-11-30T10:48:45.513+0000] {logging_mixin.py:188} INFO - [2025-11-30T10:48:45.512+0000] {dag.py:3036} INFO - Sync 1 DAGs
[2025-11-30T10:48:45.552+0000] {logging_mixin.py:188} INFO - [2025-11-30T10:48:45.552+0000] {dag.py:3823} INFO - Setting next_dagrun for fetch_data to 2025-11-30 00:00:00+00:00, run_after=2025-12-01 00:00:00+00:00
[2025-11-30T10:48:45.599+0000] {processor.py:183} INFO - Processing /opt/airflow/dags/01_data_fetch_mkCHtbls.py took 4.439 seconds
[2025-11-30T10:49:16.411+0000] {processor.py:161} INFO - Started process (PID=32435) to work on /opt/airflow/dags/01_data_fetch_mkCHtbls.py
[2025-11-30T10:49:16.414+0000] {processor.py:830} INFO - Processing file /opt/airflow/dags/01_data_fetch_mkCHtbls.py for tasks to queue
[2025-11-30T10:49:16.416+0000] {logging_mixin.py:188} INFO - [2025-11-30T10:49:16.415+0000] {dagbag.py:538} INFO - Filling up the DagBag from /opt/airflow/dags/01_data_fetch_mkCHtbls.py
[2025-11-30T10:49:21.213+0000] {processor.py:840} INFO - DAG(s) 'fetch_data' retrieved from /opt/airflow/dags/01_data_fetch_mkCHtbls.py
[2025-11-30T10:49:21.270+0000] {logging_mixin.py:188} INFO - [2025-11-30T10:49:21.270+0000] {dag.py:3036} INFO - Sync 1 DAGs
[2025-11-30T10:49:21.312+0000] {logging_mixin.py:188} INFO - [2025-11-30T10:49:21.311+0000] {dag.py:3823} INFO - Setting next_dagrun for fetch_data to 2025-11-30 00:00:00+00:00, run_after=2025-12-01 00:00:00+00:00
[2025-11-30T10:49:21.362+0000] {processor.py:183} INFO - Processing /opt/airflow/dags/01_data_fetch_mkCHtbls.py took 4.956 seconds
[2025-11-30T10:49:51.709+0000] {processor.py:161} INFO - Started process (PID=32500) to work on /opt/airflow/dags/01_data_fetch_mkCHtbls.py
[2025-11-30T10:49:51.711+0000] {processor.py:830} INFO - Processing file /opt/airflow/dags/01_data_fetch_mkCHtbls.py for tasks to queue
[2025-11-30T10:49:51.723+0000] {logging_mixin.py:188} INFO - [2025-11-30T10:49:51.722+0000] {dagbag.py:538} INFO - Filling up the DagBag from /opt/airflow/dags/01_data_fetch_mkCHtbls.py
[2025-11-30T10:49:56.045+0000] {processor.py:840} INFO - DAG(s) 'fetch_data' retrieved from /opt/airflow/dags/01_data_fetch_mkCHtbls.py
[2025-11-30T10:49:56.088+0000] {logging_mixin.py:188} INFO - [2025-11-30T10:49:56.088+0000] {dag.py:3036} INFO - Sync 1 DAGs
[2025-11-30T10:49:56.122+0000] {logging_mixin.py:188} INFO - [2025-11-30T10:49:56.122+0000] {dag.py:3823} INFO - Setting next_dagrun for fetch_data to 2025-11-30 00:00:00+00:00, run_after=2025-12-01 00:00:00+00:00
[2025-11-30T10:49:56.168+0000] {processor.py:183} INFO - Processing /opt/airflow/dags/01_data_fetch_mkCHtbls.py took 4.464 seconds
[2025-11-30T10:50:26.494+0000] {processor.py:161} INFO - Started process (PID=32585) to work on /opt/airflow/dags/01_data_fetch_mkCHtbls.py
[2025-11-30T10:50:26.496+0000] {processor.py:830} INFO - Processing file /opt/airflow/dags/01_data_fetch_mkCHtbls.py for tasks to queue
[2025-11-30T10:50:26.498+0000] {logging_mixin.py:188} INFO - [2025-11-30T10:50:26.497+0000] {dagbag.py:538} INFO - Filling up the DagBag from /opt/airflow/dags/01_data_fetch_mkCHtbls.py
[2025-11-30T10:50:31.399+0000] {processor.py:840} INFO - DAG(s) 'fetch_data' retrieved from /opt/airflow/dags/01_data_fetch_mkCHtbls.py
[2025-11-30T10:50:31.490+0000] {logging_mixin.py:188} INFO - [2025-11-30T10:50:31.489+0000] {dag.py:3036} INFO - Sync 1 DAGs
[2025-11-30T10:50:31.534+0000] {logging_mixin.py:188} INFO - [2025-11-30T10:50:31.534+0000] {dag.py:3823} INFO - Setting next_dagrun for fetch_data to 2025-11-30 00:00:00+00:00, run_after=2025-12-01 00:00:00+00:00
[2025-11-30T10:50:31.577+0000] {processor.py:183} INFO - Processing /opt/airflow/dags/01_data_fetch_mkCHtbls.py took 5.088 seconds
[2025-11-30T10:51:01.896+0000] {processor.py:161} INFO - Started process (PID=32650) to work on /opt/airflow/dags/01_data_fetch_mkCHtbls.py
[2025-11-30T10:51:01.898+0000] {processor.py:830} INFO - Processing file /opt/airflow/dags/01_data_fetch_mkCHtbls.py for tasks to queue
[2025-11-30T10:51:01.900+0000] {logging_mixin.py:188} INFO - [2025-11-30T10:51:01.899+0000] {dagbag.py:538} INFO - Filling up the DagBag from /opt/airflow/dags/01_data_fetch_mkCHtbls.py
[2025-11-30T10:51:06.280+0000] {processor.py:840} INFO - DAG(s) 'fetch_data' retrieved from /opt/airflow/dags/01_data_fetch_mkCHtbls.py
[2025-11-30T10:51:06.326+0000] {logging_mixin.py:188} INFO - [2025-11-30T10:51:06.326+0000] {dag.py:3036} INFO - Sync 1 DAGs
[2025-11-30T10:51:06.359+0000] {logging_mixin.py:188} INFO - [2025-11-30T10:51:06.359+0000] {dag.py:3823} INFO - Setting next_dagrun for fetch_data to 2025-11-30 00:00:00+00:00, run_after=2025-12-01 00:00:00+00:00
[2025-11-30T10:51:06.391+0000] {processor.py:183} INFO - Processing /opt/airflow/dags/01_data_fetch_mkCHtbls.py took 4.501 seconds
[2025-11-30T10:51:36.497+0000] {processor.py:161} INFO - Started process (PID=32715) to work on /opt/airflow/dags/01_data_fetch_mkCHtbls.py
[2025-11-30T10:51:36.498+0000] {processor.py:830} INFO - Processing file /opt/airflow/dags/01_data_fetch_mkCHtbls.py for tasks to queue
[2025-11-30T10:51:36.501+0000] {logging_mixin.py:188} INFO - [2025-11-30T10:51:36.500+0000] {dagbag.py:538} INFO - Filling up the DagBag from /opt/airflow/dags/01_data_fetch_mkCHtbls.py
[2025-11-30T10:51:41.427+0000] {processor.py:840} INFO - DAG(s) 'fetch_data' retrieved from /opt/airflow/dags/01_data_fetch_mkCHtbls.py
[2025-11-30T10:51:41.478+0000] {logging_mixin.py:188} INFO - [2025-11-30T10:51:41.478+0000] {dag.py:3036} INFO - Sync 1 DAGs
[2025-11-30T10:51:41.513+0000] {logging_mixin.py:188} INFO - [2025-11-30T10:51:41.512+0000] {dag.py:3823} INFO - Setting next_dagrun for fetch_data to 2025-11-30 00:00:00+00:00, run_after=2025-12-01 00:00:00+00:00
[2025-11-30T10:51:41.566+0000] {processor.py:183} INFO - Processing /opt/airflow/dags/01_data_fetch_mkCHtbls.py took 5.074 seconds
[2025-11-30T10:52:12.262+0000] {processor.py:161} INFO - Started process (PID=32780) to work on /opt/airflow/dags/01_data_fetch_mkCHtbls.py
[2025-11-30T10:52:12.265+0000] {processor.py:830} INFO - Processing file /opt/airflow/dags/01_data_fetch_mkCHtbls.py for tasks to queue
[2025-11-30T10:52:12.268+0000] {logging_mixin.py:188} INFO - [2025-11-30T10:52:12.267+0000] {dagbag.py:538} INFO - Filling up the DagBag from /opt/airflow/dags/01_data_fetch_mkCHtbls.py
[2025-11-30T10:52:16.829+0000] {processor.py:840} INFO - DAG(s) 'fetch_data' retrieved from /opt/airflow/dags/01_data_fetch_mkCHtbls.py
[2025-11-30T10:52:16.866+0000] {logging_mixin.py:188} INFO - [2025-11-30T10:52:16.866+0000] {dag.py:3036} INFO - Sync 1 DAGs
[2025-11-30T10:52:16.904+0000] {logging_mixin.py:188} INFO - [2025-11-30T10:52:16.904+0000] {dag.py:3823} INFO - Setting next_dagrun for fetch_data to 2025-11-30 00:00:00+00:00, run_after=2025-12-01 00:00:00+00:00
[2025-11-30T10:52:16.988+0000] {processor.py:183} INFO - Processing /opt/airflow/dags/01_data_fetch_mkCHtbls.py took 4.736 seconds
[2025-11-30T10:52:47.253+0000] {processor.py:161} INFO - Started process (PID=32866) to work on /opt/airflow/dags/01_data_fetch_mkCHtbls.py
[2025-11-30T10:52:47.255+0000] {processor.py:830} INFO - Processing file /opt/airflow/dags/01_data_fetch_mkCHtbls.py for tasks to queue
[2025-11-30T10:52:47.258+0000] {logging_mixin.py:188} INFO - [2025-11-30T10:52:47.257+0000] {dagbag.py:538} INFO - Filling up the DagBag from /opt/airflow/dags/01_data_fetch_mkCHtbls.py
[2025-11-30T10:52:51.778+0000] {processor.py:840} INFO - DAG(s) 'fetch_data' retrieved from /opt/airflow/dags/01_data_fetch_mkCHtbls.py
[2025-11-30T10:52:51.815+0000] {logging_mixin.py:188} INFO - [2025-11-30T10:52:51.815+0000] {dag.py:3036} INFO - Sync 1 DAGs
[2025-11-30T10:52:51.854+0000] {logging_mixin.py:188} INFO - [2025-11-30T10:52:51.854+0000] {dag.py:3823} INFO - Setting next_dagrun for fetch_data to 2025-11-30 00:00:00+00:00, run_after=2025-12-01 00:00:00+00:00
[2025-11-30T10:52:51.897+0000] {processor.py:183} INFO - Processing /opt/airflow/dags/01_data_fetch_mkCHtbls.py took 4.649 seconds
[2025-11-30T10:53:22.261+0000] {processor.py:161} INFO - Started process (PID=32931) to work on /opt/airflow/dags/01_data_fetch_mkCHtbls.py
[2025-11-30T10:53:22.263+0000] {processor.py:830} INFO - Processing file /opt/airflow/dags/01_data_fetch_mkCHtbls.py for tasks to queue
[2025-11-30T10:53:22.266+0000] {logging_mixin.py:188} INFO - [2025-11-30T10:53:22.265+0000] {dagbag.py:538} INFO - Filling up the DagBag from /opt/airflow/dags/01_data_fetch_mkCHtbls.py
[2025-11-30T10:53:26.615+0000] {processor.py:840} INFO - DAG(s) 'fetch_data' retrieved from /opt/airflow/dags/01_data_fetch_mkCHtbls.py
[2025-11-30T10:53:26.655+0000] {logging_mixin.py:188} INFO - [2025-11-30T10:53:26.654+0000] {dag.py:3036} INFO - Sync 1 DAGs
[2025-11-30T10:53:26.690+0000] {logging_mixin.py:188} INFO - [2025-11-30T10:53:26.689+0000] {dag.py:3823} INFO - Setting next_dagrun for fetch_data to 2025-11-30 00:00:00+00:00, run_after=2025-12-01 00:00:00+00:00
[2025-11-30T10:53:26.726+0000] {processor.py:183} INFO - Processing /opt/airflow/dags/01_data_fetch_mkCHtbls.py took 4.469 seconds
[2025-11-30T10:53:57.184+0000] {processor.py:161} INFO - Started process (PID=32996) to work on /opt/airflow/dags/01_data_fetch_mkCHtbls.py
[2025-11-30T10:53:57.188+0000] {processor.py:830} INFO - Processing file /opt/airflow/dags/01_data_fetch_mkCHtbls.py for tasks to queue
[2025-11-30T10:53:57.194+0000] {logging_mixin.py:188} INFO - [2025-11-30T10:53:57.192+0000] {dagbag.py:538} INFO - Filling up the DagBag from /opt/airflow/dags/01_data_fetch_mkCHtbls.py
[2025-11-30T10:54:01.757+0000] {processor.py:840} INFO - DAG(s) 'fetch_data' retrieved from /opt/airflow/dags/01_data_fetch_mkCHtbls.py
[2025-11-30T10:54:01.807+0000] {logging_mixin.py:188} INFO - [2025-11-30T10:54:01.807+0000] {dag.py:3036} INFO - Sync 1 DAGs
[2025-11-30T10:54:01.846+0000] {logging_mixin.py:188} INFO - [2025-11-30T10:54:01.846+0000] {dag.py:3823} INFO - Setting next_dagrun for fetch_data to 2025-11-30 00:00:00+00:00, run_after=2025-12-01 00:00:00+00:00
[2025-11-30T10:54:01.894+0000] {processor.py:183} INFO - Processing /opt/airflow/dags/01_data_fetch_mkCHtbls.py took 4.722 seconds
[2025-11-30T10:54:31.954+0000] {processor.py:161} INFO - Started process (PID=33061) to work on /opt/airflow/dags/01_data_fetch_mkCHtbls.py
[2025-11-30T10:54:31.957+0000] {processor.py:830} INFO - Processing file /opt/airflow/dags/01_data_fetch_mkCHtbls.py for tasks to queue
[2025-11-30T10:54:31.960+0000] {logging_mixin.py:188} INFO - [2025-11-30T10:54:31.959+0000] {dagbag.py:538} INFO - Filling up the DagBag from /opt/airflow/dags/01_data_fetch_mkCHtbls.py
[2025-11-30T10:54:36.352+0000] {processor.py:840} INFO - DAG(s) 'fetch_data' retrieved from /opt/airflow/dags/01_data_fetch_mkCHtbls.py
[2025-11-30T10:54:36.385+0000] {logging_mixin.py:188} INFO - [2025-11-30T10:54:36.385+0000] {dag.py:3036} INFO - Sync 1 DAGs
[2025-11-30T10:54:36.421+0000] {logging_mixin.py:188} INFO - [2025-11-30T10:54:36.421+0000] {dag.py:3823} INFO - Setting next_dagrun for fetch_data to 2025-11-30 00:00:00+00:00, run_after=2025-12-01 00:00:00+00:00
[2025-11-30T10:54:36.470+0000] {processor.py:183} INFO - Processing /opt/airflow/dags/01_data_fetch_mkCHtbls.py took 4.522 seconds
[2025-11-30T10:55:07.049+0000] {processor.py:161} INFO - Started process (PID=33146) to work on /opt/airflow/dags/01_data_fetch_mkCHtbls.py
[2025-11-30T10:55:07.051+0000] {processor.py:830} INFO - Processing file /opt/airflow/dags/01_data_fetch_mkCHtbls.py for tasks to queue
[2025-11-30T10:55:07.053+0000] {logging_mixin.py:188} INFO - [2025-11-30T10:55:07.052+0000] {dagbag.py:538} INFO - Filling up the DagBag from /opt/airflow/dags/01_data_fetch_mkCHtbls.py
[2025-11-30T10:55:11.614+0000] {processor.py:840} INFO - DAG(s) 'fetch_data' retrieved from /opt/airflow/dags/01_data_fetch_mkCHtbls.py
[2025-11-30T10:55:11.651+0000] {logging_mixin.py:188} INFO - [2025-11-30T10:55:11.651+0000] {dag.py:3036} INFO - Sync 1 DAGs
[2025-11-30T10:55:11.686+0000] {logging_mixin.py:188} INFO - [2025-11-30T10:55:11.685+0000] {dag.py:3823} INFO - Setting next_dagrun for fetch_data to 2025-11-30 00:00:00+00:00, run_after=2025-12-01 00:00:00+00:00
[2025-11-30T10:55:11.731+0000] {processor.py:183} INFO - Processing /opt/airflow/dags/01_data_fetch_mkCHtbls.py took 4.687 seconds
[2025-11-30T10:55:42.060+0000] {processor.py:161} INFO - Started process (PID=33211) to work on /opt/airflow/dags/01_data_fetch_mkCHtbls.py
[2025-11-30T10:55:42.061+0000] {processor.py:830} INFO - Processing file /opt/airflow/dags/01_data_fetch_mkCHtbls.py for tasks to queue
[2025-11-30T10:55:42.064+0000] {logging_mixin.py:188} INFO - [2025-11-30T10:55:42.063+0000] {dagbag.py:538} INFO - Filling up the DagBag from /opt/airflow/dags/01_data_fetch_mkCHtbls.py
[2025-11-30T10:55:46.290+0000] {processor.py:840} INFO - DAG(s) 'fetch_data' retrieved from /opt/airflow/dags/01_data_fetch_mkCHtbls.py
[2025-11-30T10:55:46.337+0000] {logging_mixin.py:188} INFO - [2025-11-30T10:55:46.336+0000] {dag.py:3036} INFO - Sync 1 DAGs
[2025-11-30T10:55:46.378+0000] {logging_mixin.py:188} INFO - [2025-11-30T10:55:46.377+0000] {dag.py:3823} INFO - Setting next_dagrun for fetch_data to 2025-11-30 00:00:00+00:00, run_after=2025-12-01 00:00:00+00:00
[2025-11-30T10:55:46.425+0000] {processor.py:183} INFO - Processing /opt/airflow/dags/01_data_fetch_mkCHtbls.py took 4.370 seconds
[2025-11-30T10:56:16.621+0000] {processor.py:161} INFO - Started process (PID=33276) to work on /opt/airflow/dags/01_data_fetch_mkCHtbls.py
[2025-11-30T10:56:16.623+0000] {processor.py:830} INFO - Processing file /opt/airflow/dags/01_data_fetch_mkCHtbls.py for tasks to queue
[2025-11-30T10:56:16.624+0000] {logging_mixin.py:188} INFO - [2025-11-30T10:56:16.624+0000] {dagbag.py:538} INFO - Filling up the DagBag from /opt/airflow/dags/01_data_fetch_mkCHtbls.py
[2025-11-30T10:56:21.708+0000] {processor.py:840} INFO - DAG(s) 'fetch_data' retrieved from /opt/airflow/dags/01_data_fetch_mkCHtbls.py
[2025-11-30T10:56:21.754+0000] {logging_mixin.py:188} INFO - [2025-11-30T10:56:21.753+0000] {dag.py:3036} INFO - Sync 1 DAGs
[2025-11-30T10:56:21.792+0000] {logging_mixin.py:188} INFO - [2025-11-30T10:56:21.791+0000] {dag.py:3823} INFO - Setting next_dagrun for fetch_data to 2025-11-30 00:00:00+00:00, run_after=2025-12-01 00:00:00+00:00
[2025-11-30T10:56:21.838+0000] {processor.py:183} INFO - Processing /opt/airflow/dags/01_data_fetch_mkCHtbls.py took 5.221 seconds
[2025-11-30T10:56:52.151+0000] {processor.py:161} INFO - Started process (PID=33341) to work on /opt/airflow/dags/01_data_fetch_mkCHtbls.py
[2025-11-30T10:56:52.152+0000] {processor.py:830} INFO - Processing file /opt/airflow/dags/01_data_fetch_mkCHtbls.py for tasks to queue
[2025-11-30T10:56:52.154+0000] {logging_mixin.py:188} INFO - [2025-11-30T10:56:52.153+0000] {dagbag.py:538} INFO - Filling up the DagBag from /opt/airflow/dags/01_data_fetch_mkCHtbls.py
[2025-11-30T10:56:56.349+0000] {processor.py:840} INFO - DAG(s) 'fetch_data' retrieved from /opt/airflow/dags/01_data_fetch_mkCHtbls.py
[2025-11-30T10:56:56.391+0000] {logging_mixin.py:188} INFO - [2025-11-30T10:56:56.391+0000] {dag.py:3036} INFO - Sync 1 DAGs
[2025-11-30T10:56:56.432+0000] {logging_mixin.py:188} INFO - [2025-11-30T10:56:56.432+0000] {dag.py:3823} INFO - Setting next_dagrun for fetch_data to 2025-11-30 00:00:00+00:00, run_after=2025-12-01 00:00:00+00:00
[2025-11-30T10:56:56.472+0000] {processor.py:183} INFO - Processing /opt/airflow/dags/01_data_fetch_mkCHtbls.py took 4.326 seconds
[2025-11-30T10:57:26.916+0000] {processor.py:161} INFO - Started process (PID=33427) to work on /opt/airflow/dags/01_data_fetch_mkCHtbls.py
[2025-11-30T10:57:26.918+0000] {processor.py:830} INFO - Processing file /opt/airflow/dags/01_data_fetch_mkCHtbls.py for tasks to queue
[2025-11-30T10:57:26.921+0000] {logging_mixin.py:188} INFO - [2025-11-30T10:57:26.920+0000] {dagbag.py:538} INFO - Filling up the DagBag from /opt/airflow/dags/01_data_fetch_mkCHtbls.py
[2025-11-30T10:57:31.788+0000] {processor.py:840} INFO - DAG(s) 'fetch_data' retrieved from /opt/airflow/dags/01_data_fetch_mkCHtbls.py
[2025-11-30T10:57:31.827+0000] {logging_mixin.py:188} INFO - [2025-11-30T10:57:31.827+0000] {dag.py:3036} INFO - Sync 1 DAGs
[2025-11-30T10:57:31.864+0000] {logging_mixin.py:188} INFO - [2025-11-30T10:57:31.863+0000] {dag.py:3823} INFO - Setting next_dagrun for fetch_data to 2025-11-30 00:00:00+00:00, run_after=2025-12-01 00:00:00+00:00
[2025-11-30T10:57:31.905+0000] {processor.py:183} INFO - Processing /opt/airflow/dags/01_data_fetch_mkCHtbls.py took 4.999 seconds
[2025-11-30T11:56:42.573+0000] {processor.py:161} INFO - Started process (PID=174) to work on /opt/airflow/dags/01_data_fetch_mkCHtbls.py
[2025-11-30T11:56:42.575+0000] {processor.py:830} INFO - Processing file /opt/airflow/dags/01_data_fetch_mkCHtbls.py for tasks to queue
[2025-11-30T11:56:42.576+0000] {logging_mixin.py:188} INFO - [2025-11-30T11:56:42.576+0000] {dagbag.py:538} INFO - Filling up the DagBag from /opt/airflow/dags/01_data_fetch_mkCHtbls.py
[2025-11-30T11:56:51.292+0000] {processor.py:840} INFO - DAG(s) 'fetch_data' retrieved from /opt/airflow/dags/01_data_fetch_mkCHtbls.py
[2025-11-30T11:56:51.356+0000] {logging_mixin.py:188} INFO - [2025-11-30T11:56:51.356+0000] {dag.py:3036} INFO - Sync 1 DAGs
[2025-11-30T11:56:51.408+0000] {logging_mixin.py:188} INFO - [2025-11-30T11:56:51.407+0000] {dag.py:3823} INFO - Setting next_dagrun for fetch_data to 2025-11-30 00:00:00+00:00, run_after=2025-12-01 00:00:00+00:00
[2025-11-30T11:56:51.464+0000] {processor.py:183} INFO - Processing /opt/airflow/dags/01_data_fetch_mkCHtbls.py took 8.895 seconds
[2025-11-30T11:57:21.770+0000] {processor.py:161} INFO - Started process (PID=280) to work on /opt/airflow/dags/01_data_fetch_mkCHtbls.py
[2025-11-30T11:57:21.772+0000] {processor.py:830} INFO - Processing file /opt/airflow/dags/01_data_fetch_mkCHtbls.py for tasks to queue
[2025-11-30T11:57:21.775+0000] {logging_mixin.py:188} INFO - [2025-11-30T11:57:21.773+0000] {dagbag.py:538} INFO - Filling up the DagBag from /opt/airflow/dags/01_data_fetch_mkCHtbls.py
[2025-11-30T11:57:29.962+0000] {processor.py:840} INFO - DAG(s) 'fetch_data' retrieved from /opt/airflow/dags/01_data_fetch_mkCHtbls.py
[2025-11-30T11:57:30.333+0000] {logging_mixin.py:188} INFO - [2025-11-30T11:57:30.332+0000] {dag.py:3036} INFO - Sync 1 DAGs
[2025-11-30T11:57:33.450+0000] {logging_mixin.py:188} INFO - [2025-11-30T11:57:33.449+0000] {dag.py:3823} INFO - Setting next_dagrun for fetch_data to 2025-11-30 00:00:00+00:00, run_after=2025-12-01 00:00:00+00:00
[2025-11-30T11:57:33.492+0000] {processor.py:183} INFO - Processing /opt/airflow/dags/01_data_fetch_mkCHtbls.py took 11.727 seconds
[2025-11-30T11:58:03.709+0000] {processor.py:161} INFO - Started process (PID=345) to work on /opt/airflow/dags/01_data_fetch_mkCHtbls.py
[2025-11-30T11:58:03.710+0000] {processor.py:830} INFO - Processing file /opt/airflow/dags/01_data_fetch_mkCHtbls.py for tasks to queue
[2025-11-30T11:58:03.712+0000] {logging_mixin.py:188} INFO - [2025-11-30T11:58:03.711+0000] {dagbag.py:538} INFO - Filling up the DagBag from /opt/airflow/dags/01_data_fetch_mkCHtbls.py
[2025-11-30T11:58:09.349+0000] {processor.py:840} INFO - DAG(s) 'fetch_data' retrieved from /opt/airflow/dags/01_data_fetch_mkCHtbls.py
[2025-11-30T11:58:09.419+0000] {logging_mixin.py:188} INFO - [2025-11-30T11:58:09.419+0000] {dag.py:3036} INFO - Sync 1 DAGs
[2025-11-30T11:58:09.463+0000] {logging_mixin.py:188} INFO - [2025-11-30T11:58:09.462+0000] {dag.py:3823} INFO - Setting next_dagrun for fetch_data to 2025-11-30 00:00:00+00:00, run_after=2025-12-01 00:00:00+00:00
[2025-11-30T11:58:09.496+0000] {processor.py:183} INFO - Processing /opt/airflow/dags/01_data_fetch_mkCHtbls.py took 5.793 seconds
[2025-11-30T11:58:43.532+0000] {processor.py:161} INFO - Started process (PID=392) to work on /opt/airflow/dags/01_data_fetch_mkCHtbls.py
[2025-11-30T11:58:43.540+0000] {processor.py:830} INFO - Processing file /opt/airflow/dags/01_data_fetch_mkCHtbls.py for tasks to queue
[2025-11-30T11:58:43.544+0000] {logging_mixin.py:188} INFO - [2025-11-30T11:58:43.542+0000] {dagbag.py:538} INFO - Filling up the DagBag from /opt/airflow/dags/01_data_fetch_mkCHtbls.py
[2025-11-30T11:58:50.879+0000] {processor.py:840} INFO - DAG(s) 'fetch_data' retrieved from /opt/airflow/dags/01_data_fetch_mkCHtbls.py
[2025-11-30T11:58:51.003+0000] {logging_mixin.py:188} INFO - [2025-11-30T11:58:51.003+0000] {dag.py:3036} INFO - Sync 1 DAGs
[2025-11-30T11:58:51.073+0000] {logging_mixin.py:188} INFO - [2025-11-30T11:58:51.072+0000] {dag.py:3823} INFO - Setting next_dagrun for fetch_data to 2025-11-30 00:00:00+00:00, run_after=2025-12-01 00:00:00+00:00
[2025-11-30T11:58:51.138+0000] {processor.py:183} INFO - Processing /opt/airflow/dags/01_data_fetch_mkCHtbls.py took 7.605 seconds
[2025-11-30T11:59:23.213+0000] {processor.py:161} INFO - Started process (PID=478) to work on /opt/airflow/dags/01_data_fetch_mkCHtbls.py
[2025-11-30T11:59:23.222+0000] {processor.py:830} INFO - Processing file /opt/airflow/dags/01_data_fetch_mkCHtbls.py for tasks to queue
[2025-11-30T11:59:23.228+0000] {logging_mixin.py:188} INFO - [2025-11-30T11:59:23.227+0000] {dagbag.py:538} INFO - Filling up the DagBag from /opt/airflow/dags/01_data_fetch_mkCHtbls.py
[2025-11-30T11:59:49.082+0000] {processor.py:840} INFO - DAG(s) 'fetch_data' retrieved from /opt/airflow/dags/01_data_fetch_mkCHtbls.py
[2025-11-30T11:59:49.675+0000] {logging_mixin.py:188} INFO - [2025-11-30T11:59:49.669+0000] {dag.py:3036} INFO - Sync 1 DAGs
[2025-11-30T11:59:50.108+0000] {logging_mixin.py:188} INFO - [2025-11-30T11:59:50.107+0000] {dag.py:3823} INFO - Setting next_dagrun for fetch_data to 2025-11-30 00:00:00+00:00, run_after=2025-12-01 00:00:00+00:00
[2025-11-30T11:59:50.213+0000] {processor.py:183} INFO - Processing /opt/airflow/dags/01_data_fetch_mkCHtbls.py took 27.017 seconds
[2025-11-30T12:00:20.370+0000] {processor.py:161} INFO - Started process (PID=560) to work on /opt/airflow/dags/01_data_fetch_mkCHtbls.py
[2025-11-30T12:00:20.373+0000] {processor.py:830} INFO - Processing file /opt/airflow/dags/01_data_fetch_mkCHtbls.py for tasks to queue
[2025-11-30T12:00:20.375+0000] {logging_mixin.py:188} INFO - [2025-11-30T12:00:20.374+0000] {dagbag.py:538} INFO - Filling up the DagBag from /opt/airflow/dags/01_data_fetch_mkCHtbls.py
[2025-11-30T12:00:25.875+0000] {processor.py:840} INFO - DAG(s) 'fetch_data' retrieved from /opt/airflow/dags/01_data_fetch_mkCHtbls.py
[2025-11-30T12:00:25.953+0000] {logging_mixin.py:188} INFO - [2025-11-30T12:00:25.952+0000] {dag.py:3036} INFO - Sync 1 DAGs
[2025-11-30T12:00:25.991+0000] {logging_mixin.py:188} INFO - [2025-11-30T12:00:25.991+0000] {dag.py:3823} INFO - Setting next_dagrun for fetch_data to 2025-11-30 00:00:00+00:00, run_after=2025-12-01 00:00:00+00:00
[2025-11-30T12:00:26.025+0000] {processor.py:183} INFO - Processing /opt/airflow/dags/01_data_fetch_mkCHtbls.py took 5.663 seconds
[2025-11-30T12:00:56.348+0000] {processor.py:161} INFO - Started process (PID=625) to work on /opt/airflow/dags/01_data_fetch_mkCHtbls.py
[2025-11-30T12:00:56.351+0000] {processor.py:830} INFO - Processing file /opt/airflow/dags/01_data_fetch_mkCHtbls.py for tasks to queue
[2025-11-30T12:00:56.353+0000] {logging_mixin.py:188} INFO - [2025-11-30T12:00:56.352+0000] {dagbag.py:538} INFO - Filling up the DagBag from /opt/airflow/dags/01_data_fetch_mkCHtbls.py
[2025-11-30T12:01:02.236+0000] {processor.py:840} INFO - DAG(s) 'fetch_data' retrieved from /opt/airflow/dags/01_data_fetch_mkCHtbls.py
[2025-11-30T12:01:02.299+0000] {logging_mixin.py:188} INFO - [2025-11-30T12:01:02.298+0000] {dag.py:3036} INFO - Sync 1 DAGs
[2025-11-30T12:01:02.353+0000] {logging_mixin.py:188} INFO - [2025-11-30T12:01:02.353+0000] {dag.py:3823} INFO - Setting next_dagrun for fetch_data to 2025-11-30 00:00:00+00:00, run_after=2025-12-01 00:00:00+00:00
[2025-11-30T12:01:02.404+0000] {processor.py:183} INFO - Processing /opt/airflow/dags/01_data_fetch_mkCHtbls.py took 6.063 seconds
[2025-11-30T12:01:33.255+0000] {processor.py:161} INFO - Started process (PID=711) to work on /opt/airflow/dags/01_data_fetch_mkCHtbls.py
[2025-11-30T12:01:33.258+0000] {processor.py:830} INFO - Processing file /opt/airflow/dags/01_data_fetch_mkCHtbls.py for tasks to queue
[2025-11-30T12:01:33.263+0000] {logging_mixin.py:188} INFO - [2025-11-30T12:01:33.262+0000] {dagbag.py:538} INFO - Filling up the DagBag from /opt/airflow/dags/01_data_fetch_mkCHtbls.py
[2025-11-30T12:01:38.477+0000] {processor.py:840} INFO - DAG(s) 'fetch_data' retrieved from /opt/airflow/dags/01_data_fetch_mkCHtbls.py
[2025-11-30T12:01:38.656+0000] {logging_mixin.py:188} INFO - [2025-11-30T12:01:38.655+0000] {dag.py:3036} INFO - Sync 1 DAGs
[2025-11-30T12:01:38.729+0000] {logging_mixin.py:188} INFO - [2025-11-30T12:01:38.729+0000] {dag.py:3823} INFO - Setting next_dagrun for fetch_data to 2025-11-30 00:00:00+00:00, run_after=2025-12-01 00:00:00+00:00
[2025-11-30T12:01:38.805+0000] {processor.py:183} INFO - Processing /opt/airflow/dags/01_data_fetch_mkCHtbls.py took 5.564 seconds
[2025-11-30T12:02:08.966+0000] {processor.py:161} INFO - Started process (PID=776) to work on /opt/airflow/dags/01_data_fetch_mkCHtbls.py
[2025-11-30T12:02:08.970+0000] {processor.py:830} INFO - Processing file /opt/airflow/dags/01_data_fetch_mkCHtbls.py for tasks to queue
[2025-11-30T12:02:08.973+0000] {logging_mixin.py:188} INFO - [2025-11-30T12:02:08.972+0000] {dagbag.py:538} INFO - Filling up the DagBag from /opt/airflow/dags/01_data_fetch_mkCHtbls.py
[2025-11-30T12:02:16.414+0000] {processor.py:840} INFO - DAG(s) 'fetch_data' retrieved from /opt/airflow/dags/01_data_fetch_mkCHtbls.py
[2025-11-30T12:02:16.559+0000] {logging_mixin.py:188} INFO - [2025-11-30T12:02:16.559+0000] {dag.py:3036} INFO - Sync 1 DAGs
[2025-11-30T12:02:16.615+0000] {logging_mixin.py:188} INFO - [2025-11-30T12:02:16.614+0000] {dag.py:3823} INFO - Setting next_dagrun for fetch_data to 2025-11-30 00:00:00+00:00, run_after=2025-12-01 00:00:00+00:00
[2025-11-30T12:02:16.659+0000] {processor.py:183} INFO - Processing /opt/airflow/dags/01_data_fetch_mkCHtbls.py took 7.705 seconds
[2025-11-30T12:02:47.194+0000] {processor.py:161} INFO - Started process (PID=861) to work on /opt/airflow/dags/01_data_fetch_mkCHtbls.py
[2025-11-30T12:02:47.196+0000] {processor.py:830} INFO - Processing file /opt/airflow/dags/01_data_fetch_mkCHtbls.py for tasks to queue
[2025-11-30T12:02:47.201+0000] {logging_mixin.py:188} INFO - [2025-11-30T12:02:47.199+0000] {dagbag.py:538} INFO - Filling up the DagBag from /opt/airflow/dags/01_data_fetch_mkCHtbls.py
[2025-11-30T12:02:54.100+0000] {processor.py:840} INFO - DAG(s) 'fetch_data' retrieved from /opt/airflow/dags/01_data_fetch_mkCHtbls.py
[2025-11-30T12:02:54.203+0000] {logging_mixin.py:188} INFO - [2025-11-30T12:02:54.201+0000] {dag.py:3036} INFO - Sync 1 DAGs
[2025-11-30T12:02:54.446+0000] {logging_mixin.py:188} INFO - [2025-11-30T12:02:54.445+0000] {dag.py:3823} INFO - Setting next_dagrun for fetch_data to 2025-11-30 00:00:00+00:00, run_after=2025-12-01 00:00:00+00:00
[2025-11-30T12:02:54.485+0000] {processor.py:183} INFO - Processing /opt/airflow/dags/01_data_fetch_mkCHtbls.py took 7.296 seconds
[2025-11-30T12:03:24.846+0000] {processor.py:161} INFO - Started process (PID=926) to work on /opt/airflow/dags/01_data_fetch_mkCHtbls.py
[2025-11-30T12:03:24.848+0000] {processor.py:830} INFO - Processing file /opt/airflow/dags/01_data_fetch_mkCHtbls.py for tasks to queue
[2025-11-30T12:03:24.851+0000] {logging_mixin.py:188} INFO - [2025-11-30T12:03:24.850+0000] {dagbag.py:538} INFO - Filling up the DagBag from /opt/airflow/dags/01_data_fetch_mkCHtbls.py
[2025-11-30T12:03:31.899+0000] {processor.py:840} INFO - DAG(s) 'fetch_data' retrieved from /opt/airflow/dags/01_data_fetch_mkCHtbls.py
[2025-11-30T12:03:31.976+0000] {logging_mixin.py:188} INFO - [2025-11-30T12:03:31.973+0000] {dag.py:3036} INFO - Sync 1 DAGs
[2025-11-30T12:03:32.024+0000] {logging_mixin.py:188} INFO - [2025-11-30T12:03:32.024+0000] {dag.py:3823} INFO - Setting next_dagrun for fetch_data to 2025-11-30 00:00:00+00:00, run_after=2025-12-01 00:00:00+00:00
[2025-11-30T12:03:32.089+0000] {processor.py:183} INFO - Processing /opt/airflow/dags/01_data_fetch_mkCHtbls.py took 7.251 seconds
[2025-11-30T12:04:02.359+0000] {processor.py:161} INFO - Started process (PID=991) to work on /opt/airflow/dags/01_data_fetch_mkCHtbls.py
[2025-11-30T12:04:02.362+0000] {processor.py:830} INFO - Processing file /opt/airflow/dags/01_data_fetch_mkCHtbls.py for tasks to queue
[2025-11-30T12:04:02.365+0000] {logging_mixin.py:188} INFO - [2025-11-30T12:04:02.363+0000] {dagbag.py:538} INFO - Filling up the DagBag from /opt/airflow/dags/01_data_fetch_mkCHtbls.py
[2025-11-30T12:04:08.497+0000] {processor.py:840} INFO - DAG(s) 'fetch_data' retrieved from /opt/airflow/dags/01_data_fetch_mkCHtbls.py
[2025-11-30T12:04:08.896+0000] {logging_mixin.py:188} INFO - [2025-11-30T12:04:08.889+0000] {dag.py:3036} INFO - Sync 1 DAGs
[2025-11-30T12:04:08.972+0000] {logging_mixin.py:188} INFO - [2025-11-30T12:04:08.972+0000] {dag.py:3823} INFO - Setting next_dagrun for fetch_data to 2025-11-30 00:00:00+00:00, run_after=2025-12-01 00:00:00+00:00
[2025-11-30T12:04:09.022+0000] {processor.py:183} INFO - Processing /opt/airflow/dags/01_data_fetch_mkCHtbls.py took 6.672 seconds
[2025-11-30T12:04:39.420+0000] {processor.py:161} INFO - Started process (PID=1056) to work on /opt/airflow/dags/01_data_fetch_mkCHtbls.py
[2025-11-30T12:04:39.423+0000] {processor.py:830} INFO - Processing file /opt/airflow/dags/01_data_fetch_mkCHtbls.py for tasks to queue
[2025-11-30T12:04:39.426+0000] {logging_mixin.py:188} INFO - [2025-11-30T12:04:39.424+0000] {dagbag.py:538} INFO - Filling up the DagBag from /opt/airflow/dags/01_data_fetch_mkCHtbls.py
[2025-11-30T12:04:45.543+0000] {processor.py:840} INFO - DAG(s) 'fetch_data' retrieved from /opt/airflow/dags/01_data_fetch_mkCHtbls.py
[2025-11-30T12:04:45.686+0000] {logging_mixin.py:188} INFO - [2025-11-30T12:04:45.684+0000] {dag.py:3036} INFO - Sync 1 DAGs
[2025-11-30T12:04:45.729+0000] {logging_mixin.py:188} INFO - [2025-11-30T12:04:45.728+0000] {dag.py:3823} INFO - Setting next_dagrun for fetch_data to 2025-11-30 00:00:00+00:00, run_after=2025-12-01 00:00:00+00:00
[2025-11-30T12:04:45.782+0000] {processor.py:183} INFO - Processing /opt/airflow/dags/01_data_fetch_mkCHtbls.py took 6.371 seconds
[2025-11-30T12:05:16.044+0000] {processor.py:161} INFO - Started process (PID=1142) to work on /opt/airflow/dags/01_data_fetch_mkCHtbls.py
[2025-11-30T12:05:16.047+0000] {processor.py:830} INFO - Processing file /opt/airflow/dags/01_data_fetch_mkCHtbls.py for tasks to queue
[2025-11-30T12:05:16.050+0000] {logging_mixin.py:188} INFO - [2025-11-30T12:05:16.049+0000] {dagbag.py:538} INFO - Filling up the DagBag from /opt/airflow/dags/01_data_fetch_mkCHtbls.py
[2025-11-30T12:05:23.233+0000] {processor.py:840} INFO - DAG(s) 'fetch_data' retrieved from /opt/airflow/dags/01_data_fetch_mkCHtbls.py
[2025-11-30T12:05:23.398+0000] {logging_mixin.py:188} INFO - [2025-11-30T12:05:23.397+0000] {dag.py:3036} INFO - Sync 1 DAGs
[2025-11-30T12:05:23.452+0000] {logging_mixin.py:188} INFO - [2025-11-30T12:05:23.451+0000] {dag.py:3823} INFO - Setting next_dagrun for fetch_data to 2025-11-30 00:00:00+00:00, run_after=2025-12-01 00:00:00+00:00
[2025-11-30T12:05:23.493+0000] {processor.py:183} INFO - Processing /opt/airflow/dags/01_data_fetch_mkCHtbls.py took 7.454 seconds
[2025-11-30T12:05:53.660+0000] {processor.py:161} INFO - Started process (PID=1227) to work on /opt/airflow/dags/01_data_fetch_mkCHtbls.py
[2025-11-30T12:05:53.665+0000] {processor.py:830} INFO - Processing file /opt/airflow/dags/01_data_fetch_mkCHtbls.py for tasks to queue
[2025-11-30T12:05:53.673+0000] {logging_mixin.py:188} INFO - [2025-11-30T12:05:53.669+0000] {dagbag.py:538} INFO - Filling up the DagBag from /opt/airflow/dags/01_data_fetch_mkCHtbls.py
[2025-11-30T12:06:00.127+0000] {processor.py:840} INFO - DAG(s) 'fetch_data' retrieved from /opt/airflow/dags/01_data_fetch_mkCHtbls.py
[2025-11-30T12:06:00.371+0000] {logging_mixin.py:188} INFO - [2025-11-30T12:06:00.369+0000] {dag.py:3036} INFO - Sync 1 DAGs
[2025-11-30T12:06:00.761+0000] {logging_mixin.py:188} INFO - [2025-11-30T12:06:00.760+0000] {dag.py:3823} INFO - Setting next_dagrun for fetch_data to 2025-11-30 00:00:00+00:00, run_after=2025-12-01 00:00:00+00:00
[2025-11-30T12:06:00.835+0000] {processor.py:183} INFO - Processing /opt/airflow/dags/01_data_fetch_mkCHtbls.py took 7.204 seconds
[2025-11-30T12:06:31.022+0000] {processor.py:161} INFO - Started process (PID=1292) to work on /opt/airflow/dags/01_data_fetch_mkCHtbls.py
[2025-11-30T12:06:31.024+0000] {processor.py:830} INFO - Processing file /opt/airflow/dags/01_data_fetch_mkCHtbls.py for tasks to queue
[2025-11-30T12:06:31.028+0000] {logging_mixin.py:188} INFO - [2025-11-30T12:06:31.025+0000] {dagbag.py:538} INFO - Filling up the DagBag from /opt/airflow/dags/01_data_fetch_mkCHtbls.py
[2025-11-30T12:06:36.502+0000] {processor.py:840} INFO - DAG(s) 'fetch_data' retrieved from /opt/airflow/dags/01_data_fetch_mkCHtbls.py
[2025-11-30T12:06:36.576+0000] {logging_mixin.py:188} INFO - [2025-11-30T12:06:36.575+0000] {dag.py:3036} INFO - Sync 1 DAGs
[2025-11-30T12:06:36.612+0000] {logging_mixin.py:188} INFO - [2025-11-30T12:06:36.612+0000] {dag.py:3823} INFO - Setting next_dagrun for fetch_data to 2025-11-30 00:00:00+00:00, run_after=2025-12-01 00:00:00+00:00
[2025-11-30T12:06:36.652+0000] {processor.py:183} INFO - Processing /opt/airflow/dags/01_data_fetch_mkCHtbls.py took 5.641 seconds
[2025-11-30T12:07:07.029+0000] {processor.py:161} INFO - Started process (PID=1357) to work on /opt/airflow/dags/01_data_fetch_mkCHtbls.py
[2025-11-30T12:07:07.032+0000] {processor.py:830} INFO - Processing file /opt/airflow/dags/01_data_fetch_mkCHtbls.py for tasks to queue
[2025-11-30T12:07:07.037+0000] {logging_mixin.py:188} INFO - [2025-11-30T12:07:07.035+0000] {dagbag.py:538} INFO - Filling up the DagBag from /opt/airflow/dags/01_data_fetch_mkCHtbls.py
[2025-11-30T12:07:14.466+0000] {processor.py:840} INFO - DAG(s) 'fetch_data' retrieved from /opt/airflow/dags/01_data_fetch_mkCHtbls.py
[2025-11-30T12:07:14.602+0000] {logging_mixin.py:188} INFO - [2025-11-30T12:07:14.598+0000] {dag.py:3036} INFO - Sync 1 DAGs
[2025-11-30T12:07:14.672+0000] {logging_mixin.py:188} INFO - [2025-11-30T12:07:14.672+0000] {dag.py:3823} INFO - Setting next_dagrun for fetch_data to 2025-11-30 00:00:00+00:00, run_after=2025-12-01 00:00:00+00:00
[2025-11-30T12:07:15.121+0000] {processor.py:183} INFO - Processing /opt/airflow/dags/01_data_fetch_mkCHtbls.py took 8.100 seconds
[2025-11-30T12:07:45.550+0000] {processor.py:161} INFO - Started process (PID=1422) to work on /opt/airflow/dags/01_data_fetch_mkCHtbls.py
[2025-11-30T12:07:45.569+0000] {processor.py:830} INFO - Processing file /opt/airflow/dags/01_data_fetch_mkCHtbls.py for tasks to queue
[2025-11-30T12:07:45.579+0000] {logging_mixin.py:188} INFO - [2025-11-30T12:07:45.576+0000] {dagbag.py:538} INFO - Filling up the DagBag from /opt/airflow/dags/01_data_fetch_mkCHtbls.py
[2025-11-30T12:07:51.767+0000] {processor.py:840} INFO - DAG(s) 'fetch_data' retrieved from /opt/airflow/dags/01_data_fetch_mkCHtbls.py
[2025-11-30T12:07:51.865+0000] {logging_mixin.py:188} INFO - [2025-11-30T12:07:51.862+0000] {dag.py:3036} INFO - Sync 1 DAGs
[2025-11-30T12:07:52.374+0000] {logging_mixin.py:188} INFO - [2025-11-30T12:07:52.372+0000] {dag.py:3823} INFO - Setting next_dagrun for fetch_data to 2025-11-30 00:00:00+00:00, run_after=2025-12-01 00:00:00+00:00
[2025-11-30T12:07:52.459+0000] {processor.py:183} INFO - Processing /opt/airflow/dags/01_data_fetch_mkCHtbls.py took 6.918 seconds
[2025-11-30T12:08:23.157+0000] {processor.py:161} INFO - Started process (PID=1487) to work on /opt/airflow/dags/01_data_fetch_mkCHtbls.py
[2025-11-30T12:08:23.160+0000] {processor.py:830} INFO - Processing file /opt/airflow/dags/01_data_fetch_mkCHtbls.py for tasks to queue
[2025-11-30T12:08:23.164+0000] {logging_mixin.py:188} INFO - [2025-11-30T12:08:23.162+0000] {dagbag.py:538} INFO - Filling up the DagBag from /opt/airflow/dags/01_data_fetch_mkCHtbls.py
[2025-11-30T12:08:31.938+0000] {processor.py:840} INFO - DAG(s) 'fetch_data' retrieved from /opt/airflow/dags/01_data_fetch_mkCHtbls.py
[2025-11-30T12:08:32.031+0000] {logging_mixin.py:188} INFO - [2025-11-30T12:08:32.030+0000] {dag.py:3036} INFO - Sync 1 DAGs
[2025-11-30T12:08:32.126+0000] {logging_mixin.py:188} INFO - [2025-11-30T12:08:32.124+0000] {dag.py:3823} INFO - Setting next_dagrun for fetch_data to 2025-11-30 00:00:00+00:00, run_after=2025-12-01 00:00:00+00:00
[2025-11-30T12:08:32.202+0000] {processor.py:183} INFO - Processing /opt/airflow/dags/01_data_fetch_mkCHtbls.py took 9.057 seconds
[2025-11-30T12:09:02.270+0000] {processor.py:161} INFO - Started process (PID=1593) to work on /opt/airflow/dags/01_data_fetch_mkCHtbls.py
[2025-11-30T12:09:02.272+0000] {processor.py:830} INFO - Processing file /opt/airflow/dags/01_data_fetch_mkCHtbls.py for tasks to queue
[2025-11-30T12:09:02.274+0000] {logging_mixin.py:188} INFO - [2025-11-30T12:09:02.273+0000] {dagbag.py:538} INFO - Filling up the DagBag from /opt/airflow/dags/01_data_fetch_mkCHtbls.py
[2025-11-30T12:09:08.014+0000] {processor.py:840} INFO - DAG(s) 'fetch_data' retrieved from /opt/airflow/dags/01_data_fetch_mkCHtbls.py
[2025-11-30T12:09:08.100+0000] {logging_mixin.py:188} INFO - [2025-11-30T12:09:08.098+0000] {dag.py:3036} INFO - Sync 1 DAGs
[2025-11-30T12:09:08.586+0000] {logging_mixin.py:188} INFO - [2025-11-30T12:09:08.584+0000] {dag.py:3823} INFO - Setting next_dagrun for fetch_data to 2025-11-30 00:00:00+00:00, run_after=2025-12-01 00:00:00+00:00
[2025-11-30T12:09:08.692+0000] {processor.py:183} INFO - Processing /opt/airflow/dags/01_data_fetch_mkCHtbls.py took 6.428 seconds
[2025-11-30T12:09:39.104+0000] {processor.py:161} INFO - Started process (PID=1658) to work on /opt/airflow/dags/01_data_fetch_mkCHtbls.py
[2025-11-30T12:09:39.107+0000] {processor.py:830} INFO - Processing file /opt/airflow/dags/01_data_fetch_mkCHtbls.py for tasks to queue
[2025-11-30T12:09:39.115+0000] {logging_mixin.py:188} INFO - [2025-11-30T12:09:39.111+0000] {dagbag.py:538} INFO - Filling up the DagBag from /opt/airflow/dags/01_data_fetch_mkCHtbls.py
[2025-11-30T12:09:45.173+0000] {processor.py:840} INFO - DAG(s) 'fetch_data' retrieved from /opt/airflow/dags/01_data_fetch_mkCHtbls.py
[2025-11-30T12:09:45.258+0000] {logging_mixin.py:188} INFO - [2025-11-30T12:09:45.258+0000] {dag.py:3036} INFO - Sync 1 DAGs
[2025-11-30T12:09:45.324+0000] {logging_mixin.py:188} INFO - [2025-11-30T12:09:45.323+0000] {dag.py:3823} INFO - Setting next_dagrun for fetch_data to 2025-11-30 00:00:00+00:00, run_after=2025-12-01 00:00:00+00:00
[2025-11-30T12:09:45.361+0000] {processor.py:183} INFO - Processing /opt/airflow/dags/01_data_fetch_mkCHtbls.py took 6.270 seconds
[2025-11-30T12:10:15.700+0000] {processor.py:161} INFO - Started process (PID=1723) to work on /opt/airflow/dags/01_data_fetch_mkCHtbls.py
[2025-11-30T12:10:15.703+0000] {processor.py:830} INFO - Processing file /opt/airflow/dags/01_data_fetch_mkCHtbls.py for tasks to queue
[2025-11-30T12:10:15.712+0000] {logging_mixin.py:188} INFO - [2025-11-30T12:10:15.709+0000] {dagbag.py:538} INFO - Filling up the DagBag from /opt/airflow/dags/01_data_fetch_mkCHtbls.py
[2025-11-30T12:10:22.134+0000] {processor.py:840} INFO - DAG(s) 'fetch_data' retrieved from /opt/airflow/dags/01_data_fetch_mkCHtbls.py
[2025-11-30T12:10:22.245+0000] {logging_mixin.py:188} INFO - [2025-11-30T12:10:22.242+0000] {dag.py:3036} INFO - Sync 1 DAGs
[2025-11-30T12:10:22.604+0000] {logging_mixin.py:188} INFO - [2025-11-30T12:10:22.603+0000] {dag.py:3823} INFO - Setting next_dagrun for fetch_data to 2025-11-30 00:00:00+00:00, run_after=2025-12-01 00:00:00+00:00
[2025-11-30T12:10:22.706+0000] {processor.py:183} INFO - Processing /opt/airflow/dags/01_data_fetch_mkCHtbls.py took 7.012 seconds
[2025-11-30T12:10:53.264+0000] {processor.py:161} INFO - Started process (PID=1788) to work on /opt/airflow/dags/01_data_fetch_mkCHtbls.py
[2025-11-30T12:10:53.267+0000] {processor.py:830} INFO - Processing file /opt/airflow/dags/01_data_fetch_mkCHtbls.py for tasks to queue
[2025-11-30T12:10:53.270+0000] {logging_mixin.py:188} INFO - [2025-11-30T12:10:53.268+0000] {dagbag.py:538} INFO - Filling up the DagBag from /opt/airflow/dags/01_data_fetch_mkCHtbls.py
[2025-11-30T12:10:59.061+0000] {processor.py:840} INFO - DAG(s) 'fetch_data' retrieved from /opt/airflow/dags/01_data_fetch_mkCHtbls.py
[2025-11-30T12:10:59.470+0000] {logging_mixin.py:188} INFO - [2025-11-30T12:10:59.467+0000] {dag.py:3036} INFO - Sync 1 DAGs
[2025-11-30T12:10:59.518+0000] {logging_mixin.py:188} INFO - [2025-11-30T12:10:59.517+0000] {dag.py:3823} INFO - Setting next_dagrun for fetch_data to 2025-11-30 00:00:00+00:00, run_after=2025-12-01 00:00:00+00:00
[2025-11-30T12:10:59.610+0000] {processor.py:183} INFO - Processing /opt/airflow/dags/01_data_fetch_mkCHtbls.py took 6.359 seconds
[2025-11-30T12:11:30.415+0000] {processor.py:161} INFO - Started process (PID=1853) to work on /opt/airflow/dags/01_data_fetch_mkCHtbls.py
[2025-11-30T12:11:30.417+0000] {processor.py:830} INFO - Processing file /opt/airflow/dags/01_data_fetch_mkCHtbls.py for tasks to queue
[2025-11-30T12:11:30.420+0000] {logging_mixin.py:188} INFO - [2025-11-30T12:11:30.418+0000] {dagbag.py:538} INFO - Filling up the DagBag from /opt/airflow/dags/01_data_fetch_mkCHtbls.py
[2025-11-30T12:11:36.657+0000] {processor.py:840} INFO - DAG(s) 'fetch_data' retrieved from /opt/airflow/dags/01_data_fetch_mkCHtbls.py
[2025-11-30T12:11:36.695+0000] {logging_mixin.py:188} INFO - [2025-11-30T12:11:36.694+0000] {dag.py:3036} INFO - Sync 1 DAGs
[2025-11-30T12:11:36.727+0000] {logging_mixin.py:188} INFO - [2025-11-30T12:11:36.727+0000] {dag.py:3823} INFO - Setting next_dagrun for fetch_data to 2025-11-30 00:00:00+00:00, run_after=2025-12-01 00:00:00+00:00
[2025-11-30T12:11:36.761+0000] {processor.py:183} INFO - Processing /opt/airflow/dags/01_data_fetch_mkCHtbls.py took 6.356 seconds
[2025-11-30T12:12:06.874+0000] {processor.py:161} INFO - Started process (PID=1918) to work on /opt/airflow/dags/01_data_fetch_mkCHtbls.py
[2025-11-30T12:12:06.877+0000] {processor.py:830} INFO - Processing file /opt/airflow/dags/01_data_fetch_mkCHtbls.py for tasks to queue
[2025-11-30T12:12:06.882+0000] {logging_mixin.py:188} INFO - [2025-11-30T12:12:06.880+0000] {dagbag.py:538} INFO - Filling up the DagBag from /opt/airflow/dags/01_data_fetch_mkCHtbls.py
[2025-11-30T12:12:13.518+0000] {processor.py:840} INFO - DAG(s) 'fetch_data' retrieved from /opt/airflow/dags/01_data_fetch_mkCHtbls.py
[2025-11-30T12:12:13.593+0000] {logging_mixin.py:188} INFO - [2025-11-30T12:12:13.590+0000] {dag.py:3036} INFO - Sync 1 DAGs
[2025-11-30T12:12:13.856+0000] {logging_mixin.py:188} INFO - [2025-11-30T12:12:13.856+0000] {dag.py:3823} INFO - Setting next_dagrun for fetch_data to 2025-11-30 00:00:00+00:00, run_after=2025-12-01 00:00:00+00:00
[2025-11-30T12:12:13.905+0000] {processor.py:183} INFO - Processing /opt/airflow/dags/01_data_fetch_mkCHtbls.py took 7.043 seconds
[2025-11-30T12:12:44.058+0000] {processor.py:161} INFO - Started process (PID=2024) to work on /opt/airflow/dags/01_data_fetch_mkCHtbls.py
[2025-11-30T12:12:44.060+0000] {processor.py:830} INFO - Processing file /opt/airflow/dags/01_data_fetch_mkCHtbls.py for tasks to queue
[2025-11-30T12:12:44.062+0000] {logging_mixin.py:188} INFO - [2025-11-30T12:12:44.061+0000] {dagbag.py:538} INFO - Filling up the DagBag from /opt/airflow/dags/01_data_fetch_mkCHtbls.py
[2025-11-30T12:12:50.466+0000] {processor.py:840} INFO - DAG(s) 'fetch_data' retrieved from /opt/airflow/dags/01_data_fetch_mkCHtbls.py
[2025-11-30T12:12:50.562+0000] {logging_mixin.py:188} INFO - [2025-11-30T12:12:50.558+0000] {dag.py:3036} INFO - Sync 1 DAGs
[2025-11-30T12:12:50.614+0000] {logging_mixin.py:188} INFO - [2025-11-30T12:12:50.613+0000] {dag.py:3823} INFO - Setting next_dagrun for fetch_data to 2025-11-30 00:00:00+00:00, run_after=2025-12-01 00:00:00+00:00
[2025-11-30T12:12:50.666+0000] {processor.py:183} INFO - Processing /opt/airflow/dags/01_data_fetch_mkCHtbls.py took 6.616 seconds
[2025-11-30T12:13:21.214+0000] {processor.py:161} INFO - Started process (PID=2089) to work on /opt/airflow/dags/01_data_fetch_mkCHtbls.py
[2025-11-30T12:13:21.216+0000] {processor.py:830} INFO - Processing file /opt/airflow/dags/01_data_fetch_mkCHtbls.py for tasks to queue
[2025-11-30T12:13:21.218+0000] {logging_mixin.py:188} INFO - [2025-11-30T12:13:21.217+0000] {dagbag.py:538} INFO - Filling up the DagBag from /opt/airflow/dags/01_data_fetch_mkCHtbls.py
[2025-11-30T12:13:26.468+0000] {processor.py:840} INFO - DAG(s) 'fetch_data' retrieved from /opt/airflow/dags/01_data_fetch_mkCHtbls.py
[2025-11-30T12:13:26.535+0000] {logging_mixin.py:188} INFO - [2025-11-30T12:13:26.535+0000] {dag.py:3036} INFO - Sync 1 DAGs
[2025-11-30T12:13:26.764+0000] {logging_mixin.py:188} INFO - [2025-11-30T12:13:26.764+0000] {dag.py:3823} INFO - Setting next_dagrun for fetch_data to 2025-11-30 00:00:00+00:00, run_after=2025-12-01 00:00:00+00:00
[2025-11-30T12:13:26.815+0000] {processor.py:183} INFO - Processing /opt/airflow/dags/01_data_fetch_mkCHtbls.py took 5.999 seconds
[2025-11-30T12:13:57.061+0000] {processor.py:161} INFO - Started process (PID=2154) to work on /opt/airflow/dags/01_data_fetch_mkCHtbls.py
[2025-11-30T12:13:57.063+0000] {processor.py:830} INFO - Processing file /opt/airflow/dags/01_data_fetch_mkCHtbls.py for tasks to queue
[2025-11-30T12:13:57.066+0000] {logging_mixin.py:188} INFO - [2025-11-30T12:13:57.064+0000] {dagbag.py:538} INFO - Filling up the DagBag from /opt/airflow/dags/01_data_fetch_mkCHtbls.py
[2025-11-30T12:14:06.756+0000] {processor.py:840} INFO - DAG(s) 'fetch_data' retrieved from /opt/airflow/dags/01_data_fetch_mkCHtbls.py
[2025-11-30T12:14:06.843+0000] {logging_mixin.py:188} INFO - [2025-11-30T12:14:06.841+0000] {dag.py:3036} INFO - Sync 1 DAGs
[2025-11-30T12:14:07.125+0000] {logging_mixin.py:188} INFO - [2025-11-30T12:14:07.125+0000] {dag.py:3823} INFO - Setting next_dagrun for fetch_data to 2025-11-30 00:00:00+00:00, run_after=2025-12-01 00:00:00+00:00
[2025-11-30T12:14:07.159+0000] {processor.py:183} INFO - Processing /opt/airflow/dags/01_data_fetch_mkCHtbls.py took 10.108 seconds
[2025-11-30T12:14:37.610+0000] {processor.py:161} INFO - Started process (PID=2219) to work on /opt/airflow/dags/01_data_fetch_mkCHtbls.py
[2025-11-30T12:14:37.613+0000] {processor.py:830} INFO - Processing file /opt/airflow/dags/01_data_fetch_mkCHtbls.py for tasks to queue
[2025-11-30T12:14:37.617+0000] {logging_mixin.py:188} INFO - [2025-11-30T12:14:37.615+0000] {dagbag.py:538} INFO - Filling up the DagBag from /opt/airflow/dags/01_data_fetch_mkCHtbls.py
[2025-11-30T12:14:46.164+0000] {processor.py:840} INFO - DAG(s) 'fetch_data' retrieved from /opt/airflow/dags/01_data_fetch_mkCHtbls.py
[2025-11-30T12:14:46.316+0000] {logging_mixin.py:188} INFO - [2025-11-30T12:14:46.313+0000] {dag.py:3036} INFO - Sync 1 DAGs
[2025-11-30T12:14:46.372+0000] {logging_mixin.py:188} INFO - [2025-11-30T12:14:46.372+0000] {dag.py:3823} INFO - Setting next_dagrun for fetch_data to 2025-11-30 00:00:00+00:00, run_after=2025-12-01 00:00:00+00:00
[2025-11-30T12:14:46.428+0000] {processor.py:183} INFO - Processing /opt/airflow/dags/01_data_fetch_mkCHtbls.py took 8.827 seconds
[2025-11-30T12:15:16.796+0000] {processor.py:161} INFO - Started process (PID=2304) to work on /opt/airflow/dags/01_data_fetch_mkCHtbls.py
[2025-11-30T12:15:16.800+0000] {processor.py:830} INFO - Processing file /opt/airflow/dags/01_data_fetch_mkCHtbls.py for tasks to queue
[2025-11-30T12:15:16.803+0000] {logging_mixin.py:188} INFO - [2025-11-30T12:15:16.802+0000] {dagbag.py:538} INFO - Filling up the DagBag from /opt/airflow/dags/01_data_fetch_mkCHtbls.py
[2025-11-30T12:15:25.058+0000] {processor.py:840} INFO - DAG(s) 'fetch_data' retrieved from /opt/airflow/dags/01_data_fetch_mkCHtbls.py
[2025-11-30T12:15:25.127+0000] {logging_mixin.py:188} INFO - [2025-11-30T12:15:25.124+0000] {dag.py:3036} INFO - Sync 1 DAGs
[2025-11-30T12:15:25.407+0000] {logging_mixin.py:188} INFO - [2025-11-30T12:15:25.407+0000] {dag.py:3823} INFO - Setting next_dagrun for fetch_data to 2025-11-30 00:00:00+00:00, run_after=2025-12-01 00:00:00+00:00
[2025-11-30T12:15:25.447+0000] {processor.py:183} INFO - Processing /opt/airflow/dags/01_data_fetch_mkCHtbls.py took 8.659 seconds
[2025-11-30T12:15:56.180+0000] {processor.py:161} INFO - Started process (PID=2390) to work on /opt/airflow/dags/01_data_fetch_mkCHtbls.py
[2025-11-30T12:15:56.182+0000] {processor.py:830} INFO - Processing file /opt/airflow/dags/01_data_fetch_mkCHtbls.py for tasks to queue
[2025-11-30T12:15:56.184+0000] {logging_mixin.py:188} INFO - [2025-11-30T12:15:56.184+0000] {dagbag.py:538} INFO - Filling up the DagBag from /opt/airflow/dags/01_data_fetch_mkCHtbls.py
[2025-11-30T12:16:05.071+0000] {processor.py:840} INFO - DAG(s) 'fetch_data' retrieved from /opt/airflow/dags/01_data_fetch_mkCHtbls.py
[2025-11-30T12:16:05.392+0000] {logging_mixin.py:188} INFO - [2025-11-30T12:16:05.390+0000] {dag.py:3036} INFO - Sync 1 DAGs
[2025-11-30T12:16:05.431+0000] {logging_mixin.py:188} INFO - [2025-11-30T12:16:05.430+0000] {dag.py:3823} INFO - Setting next_dagrun for fetch_data to 2025-11-30 00:00:00+00:00, run_after=2025-12-01 00:00:00+00:00
[2025-11-30T12:16:05.478+0000] {processor.py:183} INFO - Processing /opt/airflow/dags/01_data_fetch_mkCHtbls.py took 9.305 seconds
[2025-11-30T12:16:35.586+0000] {processor.py:161} INFO - Started process (PID=2455) to work on /opt/airflow/dags/01_data_fetch_mkCHtbls.py
[2025-11-30T12:16:35.589+0000] {processor.py:830} INFO - Processing file /opt/airflow/dags/01_data_fetch_mkCHtbls.py for tasks to queue
[2025-11-30T12:16:35.592+0000] {logging_mixin.py:188} INFO - [2025-11-30T12:16:35.591+0000] {dagbag.py:538} INFO - Filling up the DagBag from /opt/airflow/dags/01_data_fetch_mkCHtbls.py
[2025-11-30T12:16:44.985+0000] {processor.py:840} INFO - DAG(s) 'fetch_data' retrieved from /opt/airflow/dags/01_data_fetch_mkCHtbls.py
[2025-11-30T12:16:45.087+0000] {logging_mixin.py:188} INFO - [2025-11-30T12:16:45.084+0000] {dag.py:3036} INFO - Sync 1 DAGs
[2025-11-30T12:16:45.372+0000] {logging_mixin.py:188} INFO - [2025-11-30T12:16:45.371+0000] {dag.py:3823} INFO - Setting next_dagrun for fetch_data to 2025-11-30 00:00:00+00:00, run_after=2025-12-01 00:00:00+00:00
[2025-11-30T12:16:45.417+0000] {processor.py:183} INFO - Processing /opt/airflow/dags/01_data_fetch_mkCHtbls.py took 9.841 seconds
[2025-11-30T12:17:15.960+0000] {processor.py:161} INFO - Started process (PID=2520) to work on /opt/airflow/dags/01_data_fetch_mkCHtbls.py
[2025-11-30T12:17:15.964+0000] {processor.py:830} INFO - Processing file /opt/airflow/dags/01_data_fetch_mkCHtbls.py for tasks to queue
[2025-11-30T12:17:15.970+0000] {logging_mixin.py:188} INFO - [2025-11-30T12:17:15.967+0000] {dagbag.py:538} INFO - Filling up the DagBag from /opt/airflow/dags/01_data_fetch_mkCHtbls.py
[2025-11-30T12:17:25.580+0000] {processor.py:840} INFO - DAG(s) 'fetch_data' retrieved from /opt/airflow/dags/01_data_fetch_mkCHtbls.py
[2025-11-30T12:17:25.914+0000] {logging_mixin.py:188} INFO - [2025-11-30T12:17:25.911+0000] {dag.py:3036} INFO - Sync 1 DAGs
[2025-11-30T12:17:25.957+0000] {logging_mixin.py:188} INFO - [2025-11-30T12:17:25.956+0000] {dag.py:3823} INFO - Setting next_dagrun for fetch_data to 2025-11-30 00:00:00+00:00, run_after=2025-12-01 00:00:00+00:00
[2025-11-30T12:17:26.004+0000] {processor.py:183} INFO - Processing /opt/airflow/dags/01_data_fetch_mkCHtbls.py took 10.063 seconds
[2025-11-30T12:17:56.565+0000] {processor.py:161} INFO - Started process (PID=2605) to work on /opt/airflow/dags/01_data_fetch_mkCHtbls.py
[2025-11-30T12:17:56.568+0000] {processor.py:830} INFO - Processing file /opt/airflow/dags/01_data_fetch_mkCHtbls.py for tasks to queue
[2025-11-30T12:17:56.571+0000] {logging_mixin.py:188} INFO - [2025-11-30T12:17:56.569+0000] {dagbag.py:538} INFO - Filling up the DagBag from /opt/airflow/dags/01_data_fetch_mkCHtbls.py
[2025-11-30T12:56:21.680+0000] {processor.py:161} INFO - Started process (PID=174) to work on /opt/airflow/dags/01_data_fetch_mkCHtbls.py
[2025-11-30T12:56:21.681+0000] {processor.py:830} INFO - Processing file /opt/airflow/dags/01_data_fetch_mkCHtbls.py for tasks to queue
[2025-11-30T12:56:21.682+0000] {logging_mixin.py:188} INFO - [2025-11-30T12:56:21.682+0000] {dagbag.py:538} INFO - Filling up the DagBag from /opt/airflow/dags/01_data_fetch_mkCHtbls.py
[2025-11-30T12:56:28.072+0000] {processor.py:840} INFO - DAG(s) 'fetch_data' retrieved from /opt/airflow/dags/01_data_fetch_mkCHtbls.py
[2025-11-30T12:56:28.112+0000] {logging_mixin.py:188} INFO - [2025-11-30T12:56:28.112+0000] {dag.py:3036} INFO - Sync 1 DAGs
[2025-11-30T12:56:28.140+0000] {logging_mixin.py:188} INFO - [2025-11-30T12:56:28.139+0000] {dag.py:3823} INFO - Setting next_dagrun for fetch_data to 2025-11-30 00:00:00+00:00, run_after=2025-12-01 00:00:00+00:00
[2025-11-30T12:56:28.165+0000] {processor.py:183} INFO - Processing /opt/airflow/dags/01_data_fetch_mkCHtbls.py took 6.489 seconds
[2025-11-30T12:56:58.999+0000] {processor.py:161} INFO - Started process (PID=281) to work on /opt/airflow/dags/01_data_fetch_mkCHtbls.py
[2025-11-30T12:56:59.000+0000] {processor.py:830} INFO - Processing file /opt/airflow/dags/01_data_fetch_mkCHtbls.py for tasks to queue
[2025-11-30T12:56:59.004+0000] {logging_mixin.py:188} INFO - [2025-11-30T12:56:59.002+0000] {dagbag.py:538} INFO - Filling up the DagBag from /opt/airflow/dags/01_data_fetch_mkCHtbls.py
[2025-11-30T12:57:02.903+0000] {processor.py:840} INFO - DAG(s) 'fetch_data' retrieved from /opt/airflow/dags/01_data_fetch_mkCHtbls.py
[2025-11-30T12:57:03.141+0000] {logging_mixin.py:188} INFO - [2025-11-30T12:57:03.140+0000] {dag.py:3036} INFO - Sync 1 DAGs
[2025-11-30T12:57:04.139+0000] {logging_mixin.py:188} INFO - [2025-11-30T12:57:04.139+0000] {dag.py:3823} INFO - Setting next_dagrun for fetch_data to 2025-11-30 00:00:00+00:00, run_after=2025-12-01 00:00:00+00:00
[2025-11-30T12:57:04.161+0000] {processor.py:183} INFO - Processing /opt/airflow/dags/01_data_fetch_mkCHtbls.py took 5.168 seconds
[2025-11-30T12:57:34.712+0000] {processor.py:161} INFO - Started process (PID=346) to work on /opt/airflow/dags/01_data_fetch_mkCHtbls.py
[2025-11-30T12:57:34.714+0000] {processor.py:830} INFO - Processing file /opt/airflow/dags/01_data_fetch_mkCHtbls.py for tasks to queue
[2025-11-30T12:57:34.715+0000] {logging_mixin.py:188} INFO - [2025-11-30T12:57:34.715+0000] {dagbag.py:538} INFO - Filling up the DagBag from /opt/airflow/dags/01_data_fetch_mkCHtbls.py
[2025-11-30T12:57:37.319+0000] {processor.py:840} INFO - DAG(s) 'fetch_data' retrieved from /opt/airflow/dags/01_data_fetch_mkCHtbls.py
[2025-11-30T12:57:37.340+0000] {logging_mixin.py:188} INFO - [2025-11-30T12:57:37.339+0000] {dag.py:3036} INFO - Sync 1 DAGs
[2025-11-30T12:57:37.361+0000] {logging_mixin.py:188} INFO - [2025-11-30T12:57:37.361+0000] {dag.py:3823} INFO - Setting next_dagrun for fetch_data to 2025-11-30 00:00:00+00:00, run_after=2025-12-01 00:00:00+00:00
[2025-11-30T12:57:37.384+0000] {processor.py:183} INFO - Processing /opt/airflow/dags/01_data_fetch_mkCHtbls.py took 2.677 seconds
[2025-11-30T12:58:07.821+0000] {processor.py:161} INFO - Started process (PID=411) to work on /opt/airflow/dags/01_data_fetch_mkCHtbls.py
[2025-11-30T12:58:07.822+0000] {processor.py:830} INFO - Processing file /opt/airflow/dags/01_data_fetch_mkCHtbls.py for tasks to queue
[2025-11-30T12:58:07.823+0000] {logging_mixin.py:188} INFO - [2025-11-30T12:58:07.823+0000] {dagbag.py:538} INFO - Filling up the DagBag from /opt/airflow/dags/01_data_fetch_mkCHtbls.py
[2025-11-30T12:58:10.304+0000] {processor.py:840} INFO - DAG(s) 'fetch_data' retrieved from /opt/airflow/dags/01_data_fetch_mkCHtbls.py
[2025-11-30T12:58:10.331+0000] {logging_mixin.py:188} INFO - [2025-11-30T12:58:10.331+0000] {dag.py:3036} INFO - Sync 1 DAGs
[2025-11-30T12:58:10.350+0000] {logging_mixin.py:188} INFO - [2025-11-30T12:58:10.349+0000] {dag.py:3823} INFO - Setting next_dagrun for fetch_data to 2025-11-30 00:00:00+00:00, run_after=2025-12-01 00:00:00+00:00
[2025-11-30T12:58:10.379+0000] {processor.py:183} INFO - Processing /opt/airflow/dags/01_data_fetch_mkCHtbls.py took 2.563 seconds
[2025-11-30T12:58:40.659+0000] {processor.py:161} INFO - Started process (PID=476) to work on /opt/airflow/dags/01_data_fetch_mkCHtbls.py
[2025-11-30T12:58:40.660+0000] {processor.py:830} INFO - Processing file /opt/airflow/dags/01_data_fetch_mkCHtbls.py for tasks to queue
[2025-11-30T12:58:40.662+0000] {logging_mixin.py:188} INFO - [2025-11-30T12:58:40.661+0000] {dagbag.py:538} INFO - Filling up the DagBag from /opt/airflow/dags/01_data_fetch_mkCHtbls.py
[2025-11-30T12:58:43.076+0000] {processor.py:840} INFO - DAG(s) 'fetch_data' retrieved from /opt/airflow/dags/01_data_fetch_mkCHtbls.py
[2025-11-30T12:58:43.106+0000] {logging_mixin.py:188} INFO - [2025-11-30T12:58:43.106+0000] {dag.py:3036} INFO - Sync 1 DAGs
[2025-11-30T12:58:43.124+0000] {logging_mixin.py:188} INFO - [2025-11-30T12:58:43.124+0000] {dag.py:3823} INFO - Setting next_dagrun for fetch_data to 2025-11-30 00:00:00+00:00, run_after=2025-12-01 00:00:00+00:00
[2025-11-30T12:58:43.148+0000] {processor.py:183} INFO - Processing /opt/airflow/dags/01_data_fetch_mkCHtbls.py took 2.496 seconds
[2025-11-30T12:59:13.528+0000] {processor.py:161} INFO - Started process (PID=541) to work on /opt/airflow/dags/01_data_fetch_mkCHtbls.py
[2025-11-30T12:59:13.529+0000] {processor.py:830} INFO - Processing file /opt/airflow/dags/01_data_fetch_mkCHtbls.py for tasks to queue
[2025-11-30T12:59:13.530+0000] {logging_mixin.py:188} INFO - [2025-11-30T12:59:13.530+0000] {dagbag.py:538} INFO - Filling up the DagBag from /opt/airflow/dags/01_data_fetch_mkCHtbls.py
[2025-11-30T12:59:16.064+0000] {processor.py:840} INFO - DAG(s) 'fetch_data' retrieved from /opt/airflow/dags/01_data_fetch_mkCHtbls.py
[2025-11-30T12:59:16.088+0000] {logging_mixin.py:188} INFO - [2025-11-30T12:59:16.088+0000] {dag.py:3036} INFO - Sync 1 DAGs
[2025-11-30T12:59:16.106+0000] {logging_mixin.py:188} INFO - [2025-11-30T12:59:16.106+0000] {dag.py:3823} INFO - Setting next_dagrun for fetch_data to 2025-11-30 00:00:00+00:00, run_after=2025-12-01 00:00:00+00:00
[2025-11-30T12:59:16.139+0000] {processor.py:183} INFO - Processing /opt/airflow/dags/01_data_fetch_mkCHtbls.py took 2.617 seconds
[2025-11-30T12:59:46.382+0000] {processor.py:161} INFO - Started process (PID=606) to work on /opt/airflow/dags/01_data_fetch_mkCHtbls.py
[2025-11-30T12:59:46.383+0000] {processor.py:830} INFO - Processing file /opt/airflow/dags/01_data_fetch_mkCHtbls.py for tasks to queue
[2025-11-30T12:59:46.385+0000] {logging_mixin.py:188} INFO - [2025-11-30T12:59:46.384+0000] {dagbag.py:538} INFO - Filling up the DagBag from /opt/airflow/dags/01_data_fetch_mkCHtbls.py
[2025-11-30T12:59:48.923+0000] {processor.py:840} INFO - DAG(s) 'fetch_data' retrieved from /opt/airflow/dags/01_data_fetch_mkCHtbls.py
[2025-11-30T12:59:48.948+0000] {logging_mixin.py:188} INFO - [2025-11-30T12:59:48.948+0000] {dag.py:3036} INFO - Sync 1 DAGs
[2025-11-30T12:59:48.967+0000] {logging_mixin.py:188} INFO - [2025-11-30T12:59:48.967+0000] {dag.py:3823} INFO - Setting next_dagrun for fetch_data to 2025-11-30 00:00:00+00:00, run_after=2025-12-01 00:00:00+00:00
[2025-11-30T12:59:48.982+0000] {processor.py:183} INFO - Processing /opt/airflow/dags/01_data_fetch_mkCHtbls.py took 2.606 seconds
[2025-11-30T13:00:19.050+0000] {processor.py:161} INFO - Started process (PID=671) to work on /opt/airflow/dags/01_data_fetch_mkCHtbls.py
[2025-11-30T13:00:19.051+0000] {processor.py:830} INFO - Processing file /opt/airflow/dags/01_data_fetch_mkCHtbls.py for tasks to queue
[2025-11-30T13:00:19.054+0000] {logging_mixin.py:188} INFO - [2025-11-30T13:00:19.053+0000] {dagbag.py:538} INFO - Filling up the DagBag from /opt/airflow/dags/01_data_fetch_mkCHtbls.py
[2025-11-30T13:00:21.377+0000] {processor.py:840} INFO - DAG(s) 'fetch_data' retrieved from /opt/airflow/dags/01_data_fetch_mkCHtbls.py
[2025-11-30T13:00:21.398+0000] {logging_mixin.py:188} INFO - [2025-11-30T13:00:21.398+0000] {dag.py:3036} INFO - Sync 1 DAGs
[2025-11-30T13:00:21.416+0000] {logging_mixin.py:188} INFO - [2025-11-30T13:00:21.416+0000] {dag.py:3823} INFO - Setting next_dagrun for fetch_data to 2025-11-30 00:00:00+00:00, run_after=2025-12-01 00:00:00+00:00
[2025-11-30T13:00:21.447+0000] {processor.py:183} INFO - Processing /opt/airflow/dags/01_data_fetch_mkCHtbls.py took 2.404 seconds
[2025-11-30T13:00:51.784+0000] {processor.py:161} INFO - Started process (PID=736) to work on /opt/airflow/dags/01_data_fetch_mkCHtbls.py
[2025-11-30T13:00:51.789+0000] {processor.py:830} INFO - Processing file /opt/airflow/dags/01_data_fetch_mkCHtbls.py for tasks to queue
[2025-11-30T13:00:51.791+0000] {logging_mixin.py:188} INFO - [2025-11-30T13:00:51.790+0000] {dagbag.py:538} INFO - Filling up the DagBag from /opt/airflow/dags/01_data_fetch_mkCHtbls.py
[2025-11-30T13:00:54.462+0000] {processor.py:840} INFO - DAG(s) 'fetch_data' retrieved from /opt/airflow/dags/01_data_fetch_mkCHtbls.py
[2025-11-30T13:00:54.484+0000] {logging_mixin.py:188} INFO - [2025-11-30T13:00:54.484+0000] {dag.py:3036} INFO - Sync 1 DAGs
[2025-11-30T13:00:54.618+0000] {logging_mixin.py:188} INFO - [2025-11-30T13:00:54.618+0000] {dag.py:3823} INFO - Setting next_dagrun for fetch_data to 2025-11-30 00:00:00+00:00, run_after=2025-12-01 00:00:00+00:00
[2025-11-30T13:00:54.633+0000] {processor.py:183} INFO - Processing /opt/airflow/dags/01_data_fetch_mkCHtbls.py took 2.856 seconds
[2025-11-30T13:01:25.173+0000] {processor.py:161} INFO - Started process (PID=801) to work on /opt/airflow/dags/01_data_fetch_mkCHtbls.py
[2025-11-30T13:01:25.174+0000] {processor.py:830} INFO - Processing file /opt/airflow/dags/01_data_fetch_mkCHtbls.py for tasks to queue
[2025-11-30T13:01:25.176+0000] {logging_mixin.py:188} INFO - [2025-11-30T13:01:25.175+0000] {dagbag.py:538} INFO - Filling up the DagBag from /opt/airflow/dags/01_data_fetch_mkCHtbls.py
[2025-11-30T13:01:28.912+0000] {processor.py:840} INFO - DAG(s) 'fetch_data' retrieved from /opt/airflow/dags/01_data_fetch_mkCHtbls.py
[2025-11-30T13:01:28.964+0000] {logging_mixin.py:188} INFO - [2025-11-30T13:01:28.963+0000] {dag.py:3036} INFO - Sync 1 DAGs
[2025-11-30T13:01:28.989+0000] {logging_mixin.py:188} INFO - [2025-11-30T13:01:28.988+0000] {dag.py:3823} INFO - Setting next_dagrun for fetch_data to 2025-11-30 00:00:00+00:00, run_after=2025-12-01 00:00:00+00:00
[2025-11-30T13:01:29.019+0000] {processor.py:183} INFO - Processing /opt/airflow/dags/01_data_fetch_mkCHtbls.py took 3.853 seconds
[2025-11-30T13:01:59.972+0000] {processor.py:161} INFO - Started process (PID=866) to work on /opt/airflow/dags/01_data_fetch_mkCHtbls.py
[2025-11-30T13:01:59.973+0000] {processor.py:830} INFO - Processing file /opt/airflow/dags/01_data_fetch_mkCHtbls.py for tasks to queue
[2025-11-30T13:01:59.975+0000] {logging_mixin.py:188} INFO - [2025-11-30T13:01:59.974+0000] {dagbag.py:538} INFO - Filling up the DagBag from /opt/airflow/dags/01_data_fetch_mkCHtbls.py
[2025-11-30T13:02:08.756+0000] {processor.py:840} INFO - DAG(s) 'fetch_data' retrieved from /opt/airflow/dags/01_data_fetch_mkCHtbls.py
[2025-11-30T13:02:08.812+0000] {logging_mixin.py:188} INFO - [2025-11-30T13:02:08.810+0000] {dag.py:3036} INFO - Sync 1 DAGs
[2025-11-30T13:02:08.850+0000] {logging_mixin.py:188} INFO - [2025-11-30T13:02:08.849+0000] {dag.py:3823} INFO - Setting next_dagrun for fetch_data to 2025-11-30 00:00:00+00:00, run_after=2025-12-01 00:00:00+00:00
[2025-11-30T13:02:08.918+0000] {processor.py:183} INFO - Processing /opt/airflow/dags/01_data_fetch_mkCHtbls.py took 8.952 seconds
[2025-11-30T13:03:16.375+0000] {processor.py:161} INFO - Started process (PID=931) to work on /opt/airflow/dags/01_data_fetch_mkCHtbls.py
[2025-11-30T13:03:16.379+0000] {processor.py:830} INFO - Processing file /opt/airflow/dags/01_data_fetch_mkCHtbls.py for tasks to queue
[2025-11-30T13:03:16.381+0000] {logging_mixin.py:188} INFO - [2025-11-30T13:03:16.381+0000] {dagbag.py:538} INFO - Filling up the DagBag from /opt/airflow/dags/01_data_fetch_mkCHtbls.py
[2025-11-30T13:03:22.028+0000] {processor.py:840} INFO - DAG(s) 'fetch_data' retrieved from /opt/airflow/dags/01_data_fetch_mkCHtbls.py
[2025-11-30T13:03:22.132+0000] {logging_mixin.py:188} INFO - [2025-11-30T13:03:22.131+0000] {dag.py:3036} INFO - Sync 1 DAGs
[2025-11-30T13:03:22.309+0000] {logging_mixin.py:188} INFO - [2025-11-30T13:03:22.309+0000] {dag.py:3823} INFO - Setting next_dagrun for fetch_data to 2025-11-30 00:00:00+00:00, run_after=2025-12-01 00:00:00+00:00
[2025-11-30T13:03:22.400+0000] {processor.py:183} INFO - Processing /opt/airflow/dags/01_data_fetch_mkCHtbls.py took 6.034 seconds
[2025-11-30T13:03:52.569+0000] {processor.py:161} INFO - Started process (PID=1037) to work on /opt/airflow/dags/01_data_fetch_mkCHtbls.py
[2025-11-30T13:03:52.570+0000] {processor.py:830} INFO - Processing file /opt/airflow/dags/01_data_fetch_mkCHtbls.py for tasks to queue
[2025-11-30T13:03:52.571+0000] {logging_mixin.py:188} INFO - [2025-11-30T13:03:52.571+0000] {dagbag.py:538} INFO - Filling up the DagBag from /opt/airflow/dags/01_data_fetch_mkCHtbls.py
[2025-11-30T13:03:55.258+0000] {processor.py:840} INFO - DAG(s) 'fetch_data' retrieved from /opt/airflow/dags/01_data_fetch_mkCHtbls.py
[2025-11-30T13:03:55.291+0000] {logging_mixin.py:188} INFO - [2025-11-30T13:03:55.291+0000] {dag.py:3036} INFO - Sync 1 DAGs
[2025-11-30T13:03:55.312+0000] {logging_mixin.py:188} INFO - [2025-11-30T13:03:55.312+0000] {dag.py:3823} INFO - Setting next_dagrun for fetch_data to 2025-11-30 00:00:00+00:00, run_after=2025-12-01 00:00:00+00:00
[2025-11-30T13:03:55.342+0000] {processor.py:183} INFO - Processing /opt/airflow/dags/01_data_fetch_mkCHtbls.py took 2.776 seconds
[2025-11-30T13:04:25.725+0000] {processor.py:161} INFO - Started process (PID=1102) to work on /opt/airflow/dags/01_data_fetch_mkCHtbls.py
[2025-11-30T13:04:25.726+0000] {processor.py:830} INFO - Processing file /opt/airflow/dags/01_data_fetch_mkCHtbls.py for tasks to queue
[2025-11-30T13:04:25.728+0000] {logging_mixin.py:188} INFO - [2025-11-30T13:04:25.727+0000] {dagbag.py:538} INFO - Filling up the DagBag from /opt/airflow/dags/01_data_fetch_mkCHtbls.py
[2025-11-30T13:04:28.441+0000] {processor.py:840} INFO - DAG(s) 'fetch_data' retrieved from /opt/airflow/dags/01_data_fetch_mkCHtbls.py
[2025-11-30T13:04:28.469+0000] {logging_mixin.py:188} INFO - [2025-11-30T13:04:28.469+0000] {dag.py:3036} INFO - Sync 1 DAGs
[2025-11-30T13:04:28.490+0000] {logging_mixin.py:188} INFO - [2025-11-30T13:04:28.489+0000] {dag.py:3823} INFO - Setting next_dagrun for fetch_data to 2025-11-30 00:00:00+00:00, run_after=2025-12-01 00:00:00+00:00
[2025-11-30T13:04:28.634+0000] {processor.py:183} INFO - Processing /opt/airflow/dags/01_data_fetch_mkCHtbls.py took 2.912 seconds
[2025-11-30T13:04:59.068+0000] {processor.py:161} INFO - Started process (PID=1167) to work on /opt/airflow/dags/01_data_fetch_mkCHtbls.py
[2025-11-30T13:04:59.070+0000] {processor.py:830} INFO - Processing file /opt/airflow/dags/01_data_fetch_mkCHtbls.py for tasks to queue
[2025-11-30T13:04:59.071+0000] {logging_mixin.py:188} INFO - [2025-11-30T13:04:59.071+0000] {dagbag.py:538} INFO - Filling up the DagBag from /opt/airflow/dags/01_data_fetch_mkCHtbls.py
[2025-11-30T13:05:01.698+0000] {processor.py:840} INFO - DAG(s) 'fetch_data' retrieved from /opt/airflow/dags/01_data_fetch_mkCHtbls.py
[2025-11-30T13:05:01.732+0000] {logging_mixin.py:188} INFO - [2025-11-30T13:05:01.732+0000] {dag.py:3036} INFO - Sync 1 DAGs
[2025-11-30T13:05:01.900+0000] {logging_mixin.py:188} INFO - [2025-11-30T13:05:01.900+0000] {dag.py:3823} INFO - Setting next_dagrun for fetch_data to 2025-11-30 00:00:00+00:00, run_after=2025-12-01 00:00:00+00:00
[2025-11-30T13:05:01.933+0000] {processor.py:183} INFO - Processing /opt/airflow/dags/01_data_fetch_mkCHtbls.py took 2.871 seconds
[2025-11-30T13:05:32.371+0000] {processor.py:161} INFO - Started process (PID=1232) to work on /opt/airflow/dags/01_data_fetch_mkCHtbls.py
[2025-11-30T13:05:32.372+0000] {processor.py:830} INFO - Processing file /opt/airflow/dags/01_data_fetch_mkCHtbls.py for tasks to queue
[2025-11-30T13:05:32.373+0000] {logging_mixin.py:188} INFO - [2025-11-30T13:05:32.373+0000] {dagbag.py:538} INFO - Filling up the DagBag from /opt/airflow/dags/01_data_fetch_mkCHtbls.py
[2025-11-30T13:05:35.165+0000] {processor.py:840} INFO - DAG(s) 'fetch_data' retrieved from /opt/airflow/dags/01_data_fetch_mkCHtbls.py
[2025-11-30T13:05:35.206+0000] {logging_mixin.py:188} INFO - [2025-11-30T13:05:35.206+0000] {dag.py:3036} INFO - Sync 1 DAGs
[2025-11-30T13:05:35.229+0000] {logging_mixin.py:188} INFO - [2025-11-30T13:05:35.228+0000] {dag.py:3823} INFO - Setting next_dagrun for fetch_data to 2025-11-30 00:00:00+00:00, run_after=2025-12-01 00:00:00+00:00
[2025-11-30T13:05:35.259+0000] {processor.py:183} INFO - Processing /opt/airflow/dags/01_data_fetch_mkCHtbls.py took 2.891 seconds
[2025-11-30T13:06:05.722+0000] {processor.py:161} INFO - Started process (PID=1297) to work on /opt/airflow/dags/01_data_fetch_mkCHtbls.py
[2025-11-30T13:06:05.723+0000] {processor.py:830} INFO - Processing file /opt/airflow/dags/01_data_fetch_mkCHtbls.py for tasks to queue
[2025-11-30T13:06:05.724+0000] {logging_mixin.py:188} INFO - [2025-11-30T13:06:05.724+0000] {dagbag.py:538} INFO - Filling up the DagBag from /opt/airflow/dags/01_data_fetch_mkCHtbls.py
[2025-11-30T13:06:08.587+0000] {processor.py:840} INFO - DAG(s) 'fetch_data' retrieved from /opt/airflow/dags/01_data_fetch_mkCHtbls.py
[2025-11-30T13:06:08.615+0000] {logging_mixin.py:188} INFO - [2025-11-30T13:06:08.615+0000] {dag.py:3036} INFO - Sync 1 DAGs
[2025-11-30T13:06:08.635+0000] {logging_mixin.py:188} INFO - [2025-11-30T13:06:08.634+0000] {dag.py:3823} INFO - Setting next_dagrun for fetch_data to 2025-11-30 00:00:00+00:00, run_after=2025-12-01 00:00:00+00:00
[2025-11-30T13:06:08.659+0000] {processor.py:183} INFO - Processing /opt/airflow/dags/01_data_fetch_mkCHtbls.py took 2.940 seconds
[2025-11-30T13:06:39.116+0000] {processor.py:161} INFO - Started process (PID=1362) to work on /opt/airflow/dags/01_data_fetch_mkCHtbls.py
[2025-11-30T13:06:39.117+0000] {processor.py:830} INFO - Processing file /opt/airflow/dags/01_data_fetch_mkCHtbls.py for tasks to queue
[2025-11-30T13:06:39.119+0000] {logging_mixin.py:188} INFO - [2025-11-30T13:06:39.118+0000] {dagbag.py:538} INFO - Filling up the DagBag from /opt/airflow/dags/01_data_fetch_mkCHtbls.py
[2025-11-30T13:06:41.719+0000] {processor.py:840} INFO - DAG(s) 'fetch_data' retrieved from /opt/airflow/dags/01_data_fetch_mkCHtbls.py
[2025-11-30T13:06:41.749+0000] {logging_mixin.py:188} INFO - [2025-11-30T13:06:41.749+0000] {dag.py:3036} INFO - Sync 1 DAGs
[2025-11-30T13:06:41.892+0000] {logging_mixin.py:188} INFO - [2025-11-30T13:06:41.892+0000] {dag.py:3823} INFO - Setting next_dagrun for fetch_data to 2025-11-30 00:00:00+00:00, run_after=2025-12-01 00:00:00+00:00
[2025-11-30T13:06:41.918+0000] {processor.py:183} INFO - Processing /opt/airflow/dags/01_data_fetch_mkCHtbls.py took 2.810 seconds
[2025-11-30T13:07:12.333+0000] {processor.py:161} INFO - Started process (PID=1427) to work on /opt/airflow/dags/01_data_fetch_mkCHtbls.py
[2025-11-30T13:07:12.335+0000] {processor.py:830} INFO - Processing file /opt/airflow/dags/01_data_fetch_mkCHtbls.py for tasks to queue
[2025-11-30T13:07:12.338+0000] {logging_mixin.py:188} INFO - [2025-11-30T13:07:12.336+0000] {dagbag.py:538} INFO - Filling up the DagBag from /opt/airflow/dags/01_data_fetch_mkCHtbls.py
[2025-11-30T13:07:14.991+0000] {processor.py:840} INFO - DAG(s) 'fetch_data' retrieved from /opt/airflow/dags/01_data_fetch_mkCHtbls.py
[2025-11-30T13:07:15.024+0000] {logging_mixin.py:188} INFO - [2025-11-30T13:07:15.024+0000] {dag.py:3036} INFO - Sync 1 DAGs
[2025-11-30T13:07:15.046+0000] {logging_mixin.py:188} INFO - [2025-11-30T13:07:15.046+0000] {dag.py:3823} INFO - Setting next_dagrun for fetch_data to 2025-11-30 00:00:00+00:00, run_after=2025-12-01 00:00:00+00:00
[2025-11-30T13:07:15.076+0000] {processor.py:183} INFO - Processing /opt/airflow/dags/01_data_fetch_mkCHtbls.py took 2.750 seconds
[2025-11-30T13:07:45.221+0000] {processor.py:161} INFO - Started process (PID=1492) to work on /opt/airflow/dags/01_data_fetch_mkCHtbls.py
[2025-11-30T13:07:45.222+0000] {processor.py:830} INFO - Processing file /opt/airflow/dags/01_data_fetch_mkCHtbls.py for tasks to queue
[2025-11-30T13:07:45.224+0000] {logging_mixin.py:188} INFO - [2025-11-30T13:07:45.223+0000] {dagbag.py:538} INFO - Filling up the DagBag from /opt/airflow/dags/01_data_fetch_mkCHtbls.py
[2025-11-30T13:07:47.809+0000] {processor.py:840} INFO - DAG(s) 'fetch_data' retrieved from /opt/airflow/dags/01_data_fetch_mkCHtbls.py
[2025-11-30T13:07:47.836+0000] {logging_mixin.py:188} INFO - [2025-11-30T13:07:47.836+0000] {dag.py:3036} INFO - Sync 1 DAGs
[2025-11-30T13:07:47.855+0000] {logging_mixin.py:188} INFO - [2025-11-30T13:07:47.854+0000] {dag.py:3823} INFO - Setting next_dagrun for fetch_data to 2025-11-30 00:00:00+00:00, run_after=2025-12-01 00:00:00+00:00
[2025-11-30T13:07:47.890+0000] {processor.py:183} INFO - Processing /opt/airflow/dags/01_data_fetch_mkCHtbls.py took 2.677 seconds
[2025-11-30T13:08:18.063+0000] {processor.py:161} INFO - Started process (PID=1557) to work on /opt/airflow/dags/01_data_fetch_mkCHtbls.py
[2025-11-30T13:08:18.064+0000] {processor.py:830} INFO - Processing file /opt/airflow/dags/01_data_fetch_mkCHtbls.py for tasks to queue
[2025-11-30T13:08:18.065+0000] {logging_mixin.py:188} INFO - [2025-11-30T13:08:18.065+0000] {dagbag.py:538} INFO - Filling up the DagBag from /opt/airflow/dags/01_data_fetch_mkCHtbls.py
[2025-11-30T13:08:20.938+0000] {processor.py:840} INFO - DAG(s) 'fetch_data' retrieved from /opt/airflow/dags/01_data_fetch_mkCHtbls.py
[2025-11-30T13:08:20.976+0000] {logging_mixin.py:188} INFO - [2025-11-30T13:08:20.975+0000] {dag.py:3036} INFO - Sync 1 DAGs
[2025-11-30T13:08:21.129+0000] {logging_mixin.py:188} INFO - [2025-11-30T13:08:21.128+0000] {dag.py:3823} INFO - Setting next_dagrun for fetch_data to 2025-11-30 00:00:00+00:00, run_after=2025-12-01 00:00:00+00:00
[2025-11-30T13:08:21.145+0000] {processor.py:183} INFO - Processing /opt/airflow/dags/01_data_fetch_mkCHtbls.py took 3.085 seconds
[2025-11-30T13:08:51.533+0000] {processor.py:161} INFO - Started process (PID=1622) to work on /opt/airflow/dags/01_data_fetch_mkCHtbls.py
[2025-11-30T13:08:51.535+0000] {processor.py:830} INFO - Processing file /opt/airflow/dags/01_data_fetch_mkCHtbls.py for tasks to queue
[2025-11-30T13:08:51.537+0000] {logging_mixin.py:188} INFO - [2025-11-30T13:08:51.536+0000] {dagbag.py:538} INFO - Filling up the DagBag from /opt/airflow/dags/01_data_fetch_mkCHtbls.py
[2025-11-30T13:08:54.148+0000] {processor.py:840} INFO - DAG(s) 'fetch_data' retrieved from /opt/airflow/dags/01_data_fetch_mkCHtbls.py
[2025-11-30T13:08:54.181+0000] {logging_mixin.py:188} INFO - [2025-11-30T13:08:54.181+0000] {dag.py:3036} INFO - Sync 1 DAGs
[2025-11-30T13:08:54.202+0000] {logging_mixin.py:188} INFO - [2025-11-30T13:08:54.202+0000] {dag.py:3823} INFO - Setting next_dagrun for fetch_data to 2025-11-30 00:00:00+00:00, run_after=2025-12-01 00:00:00+00:00
[2025-11-30T13:08:54.222+0000] {processor.py:183} INFO - Processing /opt/airflow/dags/01_data_fetch_mkCHtbls.py took 2.697 seconds
[2025-11-30T13:09:24.468+0000] {processor.py:161} INFO - Started process (PID=1687) to work on /opt/airflow/dags/01_data_fetch_mkCHtbls.py
[2025-11-30T13:09:24.469+0000] {processor.py:830} INFO - Processing file /opt/airflow/dags/01_data_fetch_mkCHtbls.py for tasks to queue
[2025-11-30T13:09:24.472+0000] {logging_mixin.py:188} INFO - [2025-11-30T13:09:24.470+0000] {dagbag.py:538} INFO - Filling up the DagBag from /opt/airflow/dags/01_data_fetch_mkCHtbls.py
[2025-11-30T13:09:27.118+0000] {processor.py:840} INFO - DAG(s) 'fetch_data' retrieved from /opt/airflow/dags/01_data_fetch_mkCHtbls.py
[2025-11-30T13:09:27.146+0000] {logging_mixin.py:188} INFO - [2025-11-30T13:09:27.145+0000] {dag.py:3036} INFO - Sync 1 DAGs
[2025-11-30T13:09:27.353+0000] {logging_mixin.py:188} INFO - [2025-11-30T13:09:27.353+0000] {dag.py:3823} INFO - Setting next_dagrun for fetch_data to 2025-11-30 00:00:00+00:00, run_after=2025-12-01 00:00:00+00:00
[2025-11-30T13:09:27.403+0000] {processor.py:183} INFO - Processing /opt/airflow/dags/01_data_fetch_mkCHtbls.py took 2.940 seconds
[2025-11-30T13:09:57.924+0000] {processor.py:161} INFO - Started process (PID=1772) to work on /opt/airflow/dags/01_data_fetch_mkCHtbls.py
[2025-11-30T13:09:57.926+0000] {processor.py:830} INFO - Processing file /opt/airflow/dags/01_data_fetch_mkCHtbls.py for tasks to queue
[2025-11-30T13:09:57.927+0000] {logging_mixin.py:188} INFO - [2025-11-30T13:09:57.926+0000] {dagbag.py:538} INFO - Filling up the DagBag from /opt/airflow/dags/01_data_fetch_mkCHtbls.py
[2025-11-30T13:10:00.558+0000] {processor.py:840} INFO - DAG(s) 'fetch_data' retrieved from /opt/airflow/dags/01_data_fetch_mkCHtbls.py
[2025-11-30T13:10:00.714+0000] {logging_mixin.py:188} INFO - [2025-11-30T13:10:00.714+0000] {dag.py:3036} INFO - Sync 1 DAGs
[2025-11-30T13:10:00.743+0000] {logging_mixin.py:188} INFO - [2025-11-30T13:10:00.742+0000] {dag.py:3823} INFO - Setting next_dagrun for fetch_data to 2025-11-30 00:00:00+00:00, run_after=2025-12-01 00:00:00+00:00
[2025-11-30T13:10:00.767+0000] {processor.py:183} INFO - Processing /opt/airflow/dags/01_data_fetch_mkCHtbls.py took 2.849 seconds
[2025-11-30T13:10:31.421+0000] {processor.py:161} INFO - Started process (PID=1837) to work on /opt/airflow/dags/01_data_fetch_mkCHtbls.py
[2025-11-30T13:10:31.423+0000] {processor.py:830} INFO - Processing file /opt/airflow/dags/01_data_fetch_mkCHtbls.py for tasks to queue
[2025-11-30T13:10:31.426+0000] {logging_mixin.py:188} INFO - [2025-11-30T13:10:31.424+0000] {dagbag.py:538} INFO - Filling up the DagBag from /opt/airflow/dags/01_data_fetch_mkCHtbls.py
[2025-11-30T13:10:34.124+0000] {processor.py:840} INFO - DAG(s) 'fetch_data' retrieved from /opt/airflow/dags/01_data_fetch_mkCHtbls.py
[2025-11-30T13:10:34.148+0000] {logging_mixin.py:188} INFO - [2025-11-30T13:10:34.148+0000] {dag.py:3036} INFO - Sync 1 DAGs
[2025-11-30T13:10:34.166+0000] {logging_mixin.py:188} INFO - [2025-11-30T13:10:34.166+0000] {dag.py:3823} INFO - Setting next_dagrun for fetch_data to 2025-11-30 00:00:00+00:00, run_after=2025-12-01 00:00:00+00:00
[2025-11-30T13:10:34.185+0000] {processor.py:183} INFO - Processing /opt/airflow/dags/01_data_fetch_mkCHtbls.py took 2.771 seconds
[2025-11-30T13:11:04.687+0000] {processor.py:161} INFO - Started process (PID=1923) to work on /opt/airflow/dags/01_data_fetch_mkCHtbls.py
[2025-11-30T13:11:04.689+0000] {processor.py:830} INFO - Processing file /opt/airflow/dags/01_data_fetch_mkCHtbls.py for tasks to queue
[2025-11-30T13:11:04.691+0000] {logging_mixin.py:188} INFO - [2025-11-30T13:11:04.690+0000] {dagbag.py:538} INFO - Filling up the DagBag from /opt/airflow/dags/01_data_fetch_mkCHtbls.py
[2025-11-30T13:11:07.431+0000] {processor.py:840} INFO - DAG(s) 'fetch_data' retrieved from /opt/airflow/dags/01_data_fetch_mkCHtbls.py
[2025-11-30T13:11:07.514+0000] {logging_mixin.py:188} INFO - [2025-11-30T13:11:07.514+0000] {dag.py:3036} INFO - Sync 1 DAGs
[2025-11-30T13:11:07.679+0000] {logging_mixin.py:188} INFO - [2025-11-30T13:11:07.679+0000] {dag.py:3823} INFO - Setting next_dagrun for fetch_data to 2025-11-30 00:00:00+00:00, run_after=2025-12-01 00:00:00+00:00
[2025-11-30T13:11:07.693+0000] {processor.py:183} INFO - Processing /opt/airflow/dags/01_data_fetch_mkCHtbls.py took 3.012 seconds
[2025-11-30T13:11:38.208+0000] {processor.py:161} INFO - Started process (PID=1988) to work on /opt/airflow/dags/01_data_fetch_mkCHtbls.py
[2025-11-30T13:11:38.209+0000] {processor.py:830} INFO - Processing file /opt/airflow/dags/01_data_fetch_mkCHtbls.py for tasks to queue
[2025-11-30T13:11:38.211+0000] {logging_mixin.py:188} INFO - [2025-11-30T13:11:38.210+0000] {dagbag.py:538} INFO - Filling up the DagBag from /opt/airflow/dags/01_data_fetch_mkCHtbls.py
[2025-11-30T13:11:41.023+0000] {processor.py:840} INFO - DAG(s) 'fetch_data' retrieved from /opt/airflow/dags/01_data_fetch_mkCHtbls.py
[2025-11-30T13:11:41.055+0000] {logging_mixin.py:188} INFO - [2025-11-30T13:11:41.055+0000] {dag.py:3036} INFO - Sync 1 DAGs
[2025-11-30T13:11:41.077+0000] {logging_mixin.py:188} INFO - [2025-11-30T13:11:41.077+0000] {dag.py:3823} INFO - Setting next_dagrun for fetch_data to 2025-11-30 00:00:00+00:00, run_after=2025-12-01 00:00:00+00:00
[2025-11-30T13:11:41.110+0000] {processor.py:183} INFO - Processing /opt/airflow/dags/01_data_fetch_mkCHtbls.py took 2.907 seconds
[2025-11-30T13:12:11.625+0000] {processor.py:161} INFO - Started process (PID=2053) to work on /opt/airflow/dags/01_data_fetch_mkCHtbls.py
[2025-11-30T13:12:11.627+0000] {processor.py:830} INFO - Processing file /opt/airflow/dags/01_data_fetch_mkCHtbls.py for tasks to queue
[2025-11-30T13:12:11.629+0000] {logging_mixin.py:188} INFO - [2025-11-30T13:12:11.628+0000] {dagbag.py:538} INFO - Filling up the DagBag from /opt/airflow/dags/01_data_fetch_mkCHtbls.py
[2025-11-30T13:12:14.220+0000] {processor.py:840} INFO - DAG(s) 'fetch_data' retrieved from /opt/airflow/dags/01_data_fetch_mkCHtbls.py
[2025-11-30T13:12:14.247+0000] {logging_mixin.py:188} INFO - [2025-11-30T13:12:14.247+0000] {dag.py:3036} INFO - Sync 1 DAGs
[2025-11-30T13:12:14.400+0000] {logging_mixin.py:188} INFO - [2025-11-30T13:12:14.399+0000] {dag.py:3823} INFO - Setting next_dagrun for fetch_data to 2025-11-30 00:00:00+00:00, run_after=2025-12-01 00:00:00+00:00
[2025-11-30T13:12:14.424+0000] {processor.py:183} INFO - Processing /opt/airflow/dags/01_data_fetch_mkCHtbls.py took 2.806 seconds
[2025-11-30T13:12:44.896+0000] {processor.py:161} INFO - Started process (PID=2118) to work on /opt/airflow/dags/01_data_fetch_mkCHtbls.py
[2025-11-30T13:12:44.897+0000] {processor.py:830} INFO - Processing file /opt/airflow/dags/01_data_fetch_mkCHtbls.py for tasks to queue
[2025-11-30T13:12:44.898+0000] {logging_mixin.py:188} INFO - [2025-11-30T13:12:44.898+0000] {dagbag.py:538} INFO - Filling up the DagBag from /opt/airflow/dags/01_data_fetch_mkCHtbls.py
[2025-11-30T13:12:47.733+0000] {processor.py:840} INFO - DAG(s) 'fetch_data' retrieved from /opt/airflow/dags/01_data_fetch_mkCHtbls.py
[2025-11-30T13:12:47.886+0000] {logging_mixin.py:188} INFO - [2025-11-30T13:12:47.885+0000] {dag.py:3036} INFO - Sync 1 DAGs
[2025-11-30T13:12:47.914+0000] {logging_mixin.py:188} INFO - [2025-11-30T13:12:47.913+0000] {dag.py:3823} INFO - Setting next_dagrun for fetch_data to 2025-11-30 00:00:00+00:00, run_after=2025-12-01 00:00:00+00:00
[2025-11-30T13:12:47.935+0000] {processor.py:183} INFO - Processing /opt/airflow/dags/01_data_fetch_mkCHtbls.py took 3.044 seconds
[2025-11-30T13:13:18.350+0000] {processor.py:161} INFO - Started process (PID=2183) to work on /opt/airflow/dags/01_data_fetch_mkCHtbls.py
[2025-11-30T13:13:18.351+0000] {processor.py:830} INFO - Processing file /opt/airflow/dags/01_data_fetch_mkCHtbls.py for tasks to queue
[2025-11-30T13:13:18.352+0000] {logging_mixin.py:188} INFO - [2025-11-30T13:13:18.352+0000] {dagbag.py:538} INFO - Filling up the DagBag from /opt/airflow/dags/01_data_fetch_mkCHtbls.py
[2025-11-30T13:13:21.004+0000] {processor.py:840} INFO - DAG(s) 'fetch_data' retrieved from /opt/airflow/dags/01_data_fetch_mkCHtbls.py
[2025-11-30T13:13:21.034+0000] {logging_mixin.py:188} INFO - [2025-11-30T13:13:21.034+0000] {dag.py:3036} INFO - Sync 1 DAGs
[2025-11-30T13:13:21.181+0000] {logging_mixin.py:188} INFO - [2025-11-30T13:13:21.181+0000] {dag.py:3823} INFO - Setting next_dagrun for fetch_data to 2025-11-30 00:00:00+00:00, run_after=2025-12-01 00:00:00+00:00
[2025-11-30T13:13:21.200+0000] {processor.py:183} INFO - Processing /opt/airflow/dags/01_data_fetch_mkCHtbls.py took 2.854 seconds
[2025-11-30T13:13:51.707+0000] {processor.py:161} INFO - Started process (PID=2248) to work on /opt/airflow/dags/01_data_fetch_mkCHtbls.py
[2025-11-30T13:13:51.709+0000] {processor.py:830} INFO - Processing file /opt/airflow/dags/01_data_fetch_mkCHtbls.py for tasks to queue
[2025-11-30T13:13:51.711+0000] {logging_mixin.py:188} INFO - [2025-11-30T13:13:51.710+0000] {dagbag.py:538} INFO - Filling up the DagBag from /opt/airflow/dags/01_data_fetch_mkCHtbls.py
[2025-11-30T13:13:54.307+0000] {processor.py:840} INFO - DAG(s) 'fetch_data' retrieved from /opt/airflow/dags/01_data_fetch_mkCHtbls.py
[2025-11-30T13:13:54.339+0000] {logging_mixin.py:188} INFO - [2025-11-30T13:13:54.339+0000] {dag.py:3036} INFO - Sync 1 DAGs
[2025-11-30T13:13:54.488+0000] {logging_mixin.py:188} INFO - [2025-11-30T13:13:54.487+0000] {dag.py:3823} INFO - Setting next_dagrun for fetch_data to 2025-11-30 00:00:00+00:00, run_after=2025-12-01 00:00:00+00:00
[2025-11-30T13:13:54.500+0000] {processor.py:183} INFO - Processing /opt/airflow/dags/01_data_fetch_mkCHtbls.py took 2.801 seconds
[2025-11-30T13:14:25.046+0000] {processor.py:161} INFO - Started process (PID=2313) to work on /opt/airflow/dags/01_data_fetch_mkCHtbls.py
[2025-11-30T13:14:25.047+0000] {processor.py:830} INFO - Processing file /opt/airflow/dags/01_data_fetch_mkCHtbls.py for tasks to queue
[2025-11-30T13:14:25.048+0000] {logging_mixin.py:188} INFO - [2025-11-30T13:14:25.048+0000] {dagbag.py:538} INFO - Filling up the DagBag from /opt/airflow/dags/01_data_fetch_mkCHtbls.py
[2025-11-30T13:14:27.898+0000] {processor.py:840} INFO - DAG(s) 'fetch_data' retrieved from /opt/airflow/dags/01_data_fetch_mkCHtbls.py
[2025-11-30T13:14:27.927+0000] {logging_mixin.py:188} INFO - [2025-11-30T13:14:27.927+0000] {dag.py:3036} INFO - Sync 1 DAGs
[2025-11-30T13:14:27.954+0000] {logging_mixin.py:188} INFO - [2025-11-30T13:14:27.954+0000] {dag.py:3823} INFO - Setting next_dagrun for fetch_data to 2025-11-30 00:00:00+00:00, run_after=2025-12-01 00:00:00+00:00
[2025-11-30T13:14:27.992+0000] {processor.py:183} INFO - Processing /opt/airflow/dags/01_data_fetch_mkCHtbls.py took 2.952 seconds
[2025-11-30T13:28:42.518+0000] {processor.py:161} INFO - Started process (PID=175) to work on /opt/airflow/dags/01_data_fetch_mkCHtbls.py
[2025-11-30T13:28:42.519+0000] {processor.py:830} INFO - Processing file /opt/airflow/dags/01_data_fetch_mkCHtbls.py for tasks to queue
[2025-11-30T13:28:42.520+0000] {logging_mixin.py:188} INFO - [2025-11-30T13:28:42.519+0000] {dagbag.py:538} INFO - Filling up the DagBag from /opt/airflow/dags/01_data_fetch_mkCHtbls.py
[2025-11-30T13:28:49.375+0000] {processor.py:840} INFO - DAG(s) 'fetch_data' retrieved from /opt/airflow/dags/01_data_fetch_mkCHtbls.py
[2025-11-30T13:28:49.414+0000] {logging_mixin.py:188} INFO - [2025-11-30T13:28:49.413+0000] {dag.py:3036} INFO - Sync 1 DAGs
[2025-11-30T13:28:49.455+0000] {logging_mixin.py:188} INFO - [2025-11-30T13:28:49.455+0000] {dag.py:3823} INFO - Setting next_dagrun for fetch_data to 2025-11-30 00:00:00+00:00, run_after=2025-12-01 00:00:00+00:00
[2025-11-30T13:28:49.486+0000] {processor.py:183} INFO - Processing /opt/airflow/dags/01_data_fetch_mkCHtbls.py took 6.971 seconds
[2025-11-30T13:29:19.988+0000] {processor.py:161} INFO - Started process (PID=281) to work on /opt/airflow/dags/01_data_fetch_mkCHtbls.py
[2025-11-30T13:29:19.990+0000] {processor.py:830} INFO - Processing file /opt/airflow/dags/01_data_fetch_mkCHtbls.py for tasks to queue
[2025-11-30T13:29:19.996+0000] {logging_mixin.py:188} INFO - [2025-11-30T13:29:19.994+0000] {dagbag.py:538} INFO - Filling up the DagBag from /opt/airflow/dags/01_data_fetch_mkCHtbls.py
[2025-11-30T13:29:24.140+0000] {processor.py:840} INFO - DAG(s) 'fetch_data' retrieved from /opt/airflow/dags/01_data_fetch_mkCHtbls.py
[2025-11-30T13:29:24.283+0000] {logging_mixin.py:188} INFO - [2025-11-30T13:29:24.282+0000] {dag.py:3036} INFO - Sync 1 DAGs
[2025-11-30T13:29:24.599+0000] {logging_mixin.py:188} INFO - [2025-11-30T13:29:24.598+0000] {dag.py:3823} INFO - Setting next_dagrun for fetch_data to 2025-11-30 00:00:00+00:00, run_after=2025-12-01 00:00:00+00:00
[2025-11-30T13:29:24.632+0000] {processor.py:183} INFO - Processing /opt/airflow/dags/01_data_fetch_mkCHtbls.py took 4.662 seconds
[2025-11-30T13:29:55.553+0000] {processor.py:161} INFO - Started process (PID=346) to work on /opt/airflow/dags/01_data_fetch_mkCHtbls.py
[2025-11-30T13:29:55.672+0000] {processor.py:830} INFO - Processing file /opt/airflow/dags/01_data_fetch_mkCHtbls.py for tasks to queue
[2025-11-30T13:29:56.102+0000] {logging_mixin.py:188} INFO - [2025-11-30T13:29:55.843+0000] {dagbag.py:538} INFO - Filling up the DagBag from /opt/airflow/dags/01_data_fetch_mkCHtbls.py
[2025-11-30T13:30:01.302+0000] {processor.py:840} INFO - DAG(s) 'fetch_data' retrieved from /opt/airflow/dags/01_data_fetch_mkCHtbls.py
[2025-11-30T13:30:01.344+0000] {logging_mixin.py:188} INFO - [2025-11-30T13:30:01.343+0000] {dag.py:3036} INFO - Sync 1 DAGs
[2025-11-30T13:30:01.371+0000] {logging_mixin.py:188} INFO - [2025-11-30T13:30:01.371+0000] {dag.py:3823} INFO - Setting next_dagrun for fetch_data to 2025-11-30 00:00:00+00:00, run_after=2025-12-01 00:00:00+00:00
[2025-11-30T13:30:01.393+0000] {processor.py:183} INFO - Processing /opt/airflow/dags/01_data_fetch_mkCHtbls.py took 5.956 seconds
[2025-11-30T13:30:31.762+0000] {processor.py:161} INFO - Started process (PID=411) to work on /opt/airflow/dags/01_data_fetch_mkCHtbls.py
[2025-11-30T13:30:31.763+0000] {processor.py:830} INFO - Processing file /opt/airflow/dags/01_data_fetch_mkCHtbls.py for tasks to queue
[2025-11-30T13:30:31.764+0000] {logging_mixin.py:188} INFO - [2025-11-30T13:30:31.763+0000] {dagbag.py:538} INFO - Filling up the DagBag from /opt/airflow/dags/01_data_fetch_mkCHtbls.py
[2025-11-30T13:30:34.157+0000] {processor.py:840} INFO - DAG(s) 'fetch_data' retrieved from /opt/airflow/dags/01_data_fetch_mkCHtbls.py
[2025-11-30T13:30:34.184+0000] {logging_mixin.py:188} INFO - [2025-11-30T13:30:34.184+0000] {dag.py:3036} INFO - Sync 1 DAGs
[2025-11-30T13:30:34.205+0000] {logging_mixin.py:188} INFO - [2025-11-30T13:30:34.205+0000] {dag.py:3823} INFO - Setting next_dagrun for fetch_data to 2025-11-30 00:00:00+00:00, run_after=2025-12-01 00:00:00+00:00
[2025-11-30T13:30:34.229+0000] {processor.py:183} INFO - Processing /opt/airflow/dags/01_data_fetch_mkCHtbls.py took 2.470 seconds
[2025-11-30T13:31:04.471+0000] {processor.py:161} INFO - Started process (PID=476) to work on /opt/airflow/dags/01_data_fetch_mkCHtbls.py
[2025-11-30T13:31:04.472+0000] {processor.py:830} INFO - Processing file /opt/airflow/dags/01_data_fetch_mkCHtbls.py for tasks to queue
[2025-11-30T13:31:04.473+0000] {logging_mixin.py:188} INFO - [2025-11-30T13:31:04.472+0000] {dagbag.py:538} INFO - Filling up the DagBag from /opt/airflow/dags/01_data_fetch_mkCHtbls.py
[2025-11-30T13:31:06.803+0000] {processor.py:840} INFO - DAG(s) 'fetch_data' retrieved from /opt/airflow/dags/01_data_fetch_mkCHtbls.py
[2025-11-30T13:31:06.829+0000] {logging_mixin.py:188} INFO - [2025-11-30T13:31:06.829+0000] {dag.py:3036} INFO - Sync 1 DAGs
[2025-11-30T13:31:06.863+0000] {logging_mixin.py:188} INFO - [2025-11-30T13:31:06.863+0000] {dag.py:3823} INFO - Setting next_dagrun for fetch_data to 2025-11-30 00:00:00+00:00, run_after=2025-12-01 00:00:00+00:00
[2025-11-30T13:31:06.881+0000] {processor.py:183} INFO - Processing /opt/airflow/dags/01_data_fetch_mkCHtbls.py took 2.413 seconds
[2025-11-30T13:31:37.104+0000] {processor.py:161} INFO - Started process (PID=541) to work on /opt/airflow/dags/01_data_fetch_mkCHtbls.py
[2025-11-30T13:31:37.105+0000] {processor.py:830} INFO - Processing file /opt/airflow/dags/01_data_fetch_mkCHtbls.py for tasks to queue
[2025-11-30T13:31:37.106+0000] {logging_mixin.py:188} INFO - [2025-11-30T13:31:37.106+0000] {dagbag.py:538} INFO - Filling up the DagBag from /opt/airflow/dags/01_data_fetch_mkCHtbls.py
[2025-11-30T13:31:40.122+0000] {processor.py:840} INFO - DAG(s) 'fetch_data' retrieved from /opt/airflow/dags/01_data_fetch_mkCHtbls.py
[2025-11-30T13:31:40.150+0000] {logging_mixin.py:188} INFO - [2025-11-30T13:31:40.150+0000] {dag.py:3036} INFO - Sync 1 DAGs
[2025-11-30T13:31:40.170+0000] {logging_mixin.py:188} INFO - [2025-11-30T13:31:40.169+0000] {dag.py:3823} INFO - Setting next_dagrun for fetch_data to 2025-11-30 00:00:00+00:00, run_after=2025-12-01 00:00:00+00:00
[2025-11-30T13:31:40.184+0000] {processor.py:183} INFO - Processing /opt/airflow/dags/01_data_fetch_mkCHtbls.py took 3.086 seconds
[2025-11-30T13:31:49.248+0000] {processor.py:161} INFO - Started process (PID=585) to work on /opt/airflow/dags/01_data_fetch_mkCHtbls.py
[2025-11-30T13:31:49.248+0000] {processor.py:830} INFO - Processing file /opt/airflow/dags/01_data_fetch_mkCHtbls.py for tasks to queue
[2025-11-30T13:31:49.249+0000] {logging_mixin.py:188} INFO - [2025-11-30T13:31:49.249+0000] {dagbag.py:538} INFO - Filling up the DagBag from /opt/airflow/dags/01_data_fetch_mkCHtbls.py
[2025-11-30T13:31:52.021+0000] {processor.py:840} INFO - DAG(s) 'fetch_data' retrieved from /opt/airflow/dags/01_data_fetch_mkCHtbls.py
[2025-11-30T13:31:52.050+0000] {logging_mixin.py:188} INFO - [2025-11-30T13:31:52.050+0000] {dag.py:3036} INFO - Sync 1 DAGs
[2025-11-30T13:31:52.069+0000] {logging_mixin.py:188} INFO - [2025-11-30T13:31:52.069+0000] {dag.py:3823} INFO - Setting next_dagrun for fetch_data to 2025-11-30 00:00:00+00:00, run_after=2025-12-01 00:00:00+00:00
[2025-11-30T13:31:52.086+0000] {processor.py:183} INFO - Processing /opt/airflow/dags/01_data_fetch_mkCHtbls.py took 2.842 seconds
[2025-11-30T13:32:22.311+0000] {processor.py:161} INFO - Started process (PID=650) to work on /opt/airflow/dags/01_data_fetch_mkCHtbls.py
[2025-11-30T13:32:22.312+0000] {processor.py:830} INFO - Processing file /opt/airflow/dags/01_data_fetch_mkCHtbls.py for tasks to queue
[2025-11-30T13:32:22.313+0000] {logging_mixin.py:188} INFO - [2025-11-30T13:32:22.312+0000] {dagbag.py:538} INFO - Filling up the DagBag from /opt/airflow/dags/01_data_fetch_mkCHtbls.py
[2025-11-30T13:32:24.841+0000] {processor.py:840} INFO - DAG(s) 'fetch_data' retrieved from /opt/airflow/dags/01_data_fetch_mkCHtbls.py
[2025-11-30T13:32:24.863+0000] {logging_mixin.py:188} INFO - [2025-11-30T13:32:24.863+0000] {dag.py:3036} INFO - Sync 1 DAGs
[2025-11-30T13:32:24.880+0000] {logging_mixin.py:188} INFO - [2025-11-30T13:32:24.880+0000] {dag.py:3823} INFO - Setting next_dagrun for fetch_data to 2025-11-30 00:00:00+00:00, run_after=2025-12-01 00:00:00+00:00
[2025-11-30T13:32:24.903+0000] {processor.py:183} INFO - Processing /opt/airflow/dags/01_data_fetch_mkCHtbls.py took 2.597 seconds
[2025-11-30T13:32:55.250+0000] {processor.py:161} INFO - Started process (PID=736) to work on /opt/airflow/dags/01_data_fetch_mkCHtbls.py
[2025-11-30T13:32:55.252+0000] {processor.py:830} INFO - Processing file /opt/airflow/dags/01_data_fetch_mkCHtbls.py for tasks to queue
[2025-11-30T13:32:55.253+0000] {logging_mixin.py:188} INFO - [2025-11-30T13:32:55.252+0000] {dagbag.py:538} INFO - Filling up the DagBag from /opt/airflow/dags/01_data_fetch_mkCHtbls.py
[2025-11-30T13:32:57.822+0000] {processor.py:840} INFO - DAG(s) 'fetch_data' retrieved from /opt/airflow/dags/01_data_fetch_mkCHtbls.py
[2025-11-30T13:32:57.843+0000] {logging_mixin.py:188} INFO - [2025-11-30T13:32:57.842+0000] {dag.py:3036} INFO - Sync 1 DAGs
[2025-11-30T13:32:57.861+0000] {logging_mixin.py:188} INFO - [2025-11-30T13:32:57.861+0000] {dag.py:3823} INFO - Setting next_dagrun for fetch_data to 2025-11-30 00:00:00+00:00, run_after=2025-12-01 00:00:00+00:00
[2025-11-30T13:32:57.875+0000] {processor.py:183} INFO - Processing /opt/airflow/dags/01_data_fetch_mkCHtbls.py took 2.631 seconds
[2025-11-30T13:33:12.001+0000] {processor.py:161} INFO - Started process (PID=760) to work on /opt/airflow/dags/01_data_fetch_mkCHtbls.py
[2025-11-30T13:33:12.002+0000] {processor.py:830} INFO - Processing file /opt/airflow/dags/01_data_fetch_mkCHtbls.py for tasks to queue
[2025-11-30T13:33:12.004+0000] {logging_mixin.py:188} INFO - [2025-11-30T13:33:12.004+0000] {dagbag.py:538} INFO - Filling up the DagBag from /opt/airflow/dags/01_data_fetch_mkCHtbls.py
[2025-11-30T13:33:14.267+0000] {processor.py:840} INFO - DAG(s) 'fetch_data' retrieved from /opt/airflow/dags/01_data_fetch_mkCHtbls.py
[2025-11-30T13:33:14.477+0000] {logging_mixin.py:188} INFO - [2025-11-30T13:33:14.477+0000] {dag.py:3036} INFO - Sync 1 DAGs
[2025-11-30T13:33:14.492+0000] {logging_mixin.py:188} INFO - [2025-11-30T13:33:14.491+0000] {dag.py:3823} INFO - Setting next_dagrun for fetch_data to 2025-11-30 00:00:00+00:00, run_after=2025-12-01 00:00:00+00:00
[2025-11-30T13:33:14.517+0000] {processor.py:183} INFO - Processing /opt/airflow/dags/01_data_fetch_mkCHtbls.py took 2.522 seconds
[2025-11-30T13:33:45.007+0000] {processor.py:161} INFO - Started process (PID=825) to work on /opt/airflow/dags/01_data_fetch_mkCHtbls.py
[2025-11-30T13:33:45.009+0000] {processor.py:830} INFO - Processing file /opt/airflow/dags/01_data_fetch_mkCHtbls.py for tasks to queue
[2025-11-30T13:33:45.010+0000] {logging_mixin.py:188} INFO - [2025-11-30T13:33:45.010+0000] {dagbag.py:538} INFO - Filling up the DagBag from /opt/airflow/dags/01_data_fetch_mkCHtbls.py
[2025-11-30T13:33:47.531+0000] {processor.py:840} INFO - DAG(s) 'fetch_data' retrieved from /opt/airflow/dags/01_data_fetch_mkCHtbls.py
[2025-11-30T13:33:47.583+0000] {logging_mixin.py:188} INFO - [2025-11-30T13:33:47.582+0000] {dag.py:3036} INFO - Sync 1 DAGs
[2025-11-30T13:33:47.620+0000] {logging_mixin.py:188} INFO - [2025-11-30T13:33:47.620+0000] {dag.py:3823} INFO - Setting next_dagrun for fetch_data to 2025-11-30 00:00:00+00:00, run_after=2025-12-01 00:00:00+00:00
[2025-11-30T13:33:47.640+0000] {processor.py:183} INFO - Processing /opt/airflow/dags/01_data_fetch_mkCHtbls.py took 2.638 seconds
[2025-11-30T13:34:17.922+0000] {processor.py:161} INFO - Started process (PID=890) to work on /opt/airflow/dags/01_data_fetch_mkCHtbls.py
[2025-11-30T13:34:17.923+0000] {processor.py:830} INFO - Processing file /opt/airflow/dags/01_data_fetch_mkCHtbls.py for tasks to queue
[2025-11-30T13:34:17.925+0000] {logging_mixin.py:188} INFO - [2025-11-30T13:34:17.924+0000] {dagbag.py:538} INFO - Filling up the DagBag from /opt/airflow/dags/01_data_fetch_mkCHtbls.py
[2025-11-30T13:34:20.795+0000] {processor.py:840} INFO - DAG(s) 'fetch_data' retrieved from /opt/airflow/dags/01_data_fetch_mkCHtbls.py
[2025-11-30T13:34:20.833+0000] {logging_mixin.py:188} INFO - [2025-11-30T13:34:20.832+0000] {dag.py:3036} INFO - Sync 1 DAGs
[2025-11-30T13:34:21.041+0000] {logging_mixin.py:188} INFO - [2025-11-30T13:34:21.040+0000] {dag.py:3823} INFO - Setting next_dagrun for fetch_data to 2025-11-30 00:00:00+00:00, run_after=2025-12-01 00:00:00+00:00
[2025-11-30T13:34:21.091+0000] {processor.py:183} INFO - Processing /opt/airflow/dags/01_data_fetch_mkCHtbls.py took 3.176 seconds
[2025-11-30T13:34:51.354+0000] {processor.py:161} INFO - Started process (PID=955) to work on /opt/airflow/dags/01_data_fetch_mkCHtbls.py
[2025-11-30T13:34:51.355+0000] {processor.py:830} INFO - Processing file /opt/airflow/dags/01_data_fetch_mkCHtbls.py for tasks to queue
[2025-11-30T13:34:51.356+0000] {logging_mixin.py:188} INFO - [2025-11-30T13:34:51.356+0000] {dagbag.py:538} INFO - Filling up the DagBag from /opt/airflow/dags/01_data_fetch_mkCHtbls.py
[2025-11-30T13:34:53.860+0000] {processor.py:840} INFO - DAG(s) 'fetch_data' retrieved from /opt/airflow/dags/01_data_fetch_mkCHtbls.py
[2025-11-30T13:34:53.883+0000] {logging_mixin.py:188} INFO - [2025-11-30T13:34:53.883+0000] {dag.py:3036} INFO - Sync 1 DAGs
[2025-11-30T13:34:53.901+0000] {logging_mixin.py:188} INFO - [2025-11-30T13:34:53.901+0000] {dag.py:3823} INFO - Setting next_dagrun for fetch_data to 2025-11-30 00:00:00+00:00, run_after=2025-12-01 00:00:00+00:00
[2025-11-30T13:34:53.924+0000] {processor.py:183} INFO - Processing /opt/airflow/dags/01_data_fetch_mkCHtbls.py took 2.580 seconds
[2025-11-30T13:36:18.381+0000] {processor.py:161} INFO - Started process (PID=1023) to work on /opt/airflow/dags/01_data_fetch_mkCHtbls.py
[2025-11-30T13:36:18.383+0000] {processor.py:830} INFO - Processing file /opt/airflow/dags/01_data_fetch_mkCHtbls.py for tasks to queue
[2025-11-30T13:36:18.385+0000] {logging_mixin.py:188} INFO - [2025-11-30T13:36:18.384+0000] {dagbag.py:538} INFO - Filling up the DagBag from /opt/airflow/dags/01_data_fetch_mkCHtbls.py
[2025-11-30T13:36:25.408+0000] {processor.py:840} INFO - DAG(s) 'fetch_data' retrieved from /opt/airflow/dags/01_data_fetch_mkCHtbls.py
[2025-11-30T13:36:25.461+0000] {logging_mixin.py:188} INFO - [2025-11-30T13:36:25.460+0000] {dag.py:3036} INFO - Sync 1 DAGs
[2025-11-30T13:36:25.494+0000] {logging_mixin.py:188} INFO - [2025-11-30T13:36:25.494+0000] {dag.py:3823} INFO - Setting next_dagrun for fetch_data to 2025-11-30 00:00:00+00:00, run_after=2025-12-01 00:00:00+00:00
[2025-11-30T13:36:25.534+0000] {processor.py:183} INFO - Processing /opt/airflow/dags/01_data_fetch_mkCHtbls.py took 7.164 seconds
[2025-11-30T13:37:06.790+0000] {processor.py:161} INFO - Started process (PID=1071) to work on /opt/airflow/dags/01_data_fetch_mkCHtbls.py
[2025-11-30T13:37:06.794+0000] {processor.py:830} INFO - Processing file /opt/airflow/dags/01_data_fetch_mkCHtbls.py for tasks to queue
[2025-11-30T13:37:06.811+0000] {logging_mixin.py:188} INFO - [2025-11-30T13:37:06.804+0000] {dagbag.py:538} INFO - Filling up the DagBag from /opt/airflow/dags/01_data_fetch_mkCHtbls.py
[2025-11-30T13:37:15.778+0000] {processor.py:840} INFO - DAG(s) 'fetch_data' retrieved from /opt/airflow/dags/01_data_fetch_mkCHtbls.py
[2025-11-30T13:37:15.872+0000] {logging_mixin.py:188} INFO - [2025-11-30T13:37:15.869+0000] {dag.py:3036} INFO - Sync 1 DAGs
[2025-11-30T13:37:16.187+0000] {logging_mixin.py:188} INFO - [2025-11-30T13:37:16.185+0000] {dag.py:3823} INFO - Setting next_dagrun for fetch_data to 2025-11-30 00:00:00+00:00, run_after=2025-12-01 00:00:00+00:00
[2025-11-30T13:37:16.227+0000] {processor.py:183} INFO - Processing /opt/airflow/dags/01_data_fetch_mkCHtbls.py took 9.451 seconds
[2025-11-30T13:37:46.896+0000] {processor.py:161} INFO - Started process (PID=1174) to work on /opt/airflow/dags/01_data_fetch_mkCHtbls.py
[2025-11-30T13:37:46.898+0000] {processor.py:830} INFO - Processing file /opt/airflow/dags/01_data_fetch_mkCHtbls.py for tasks to queue
[2025-11-30T13:37:46.899+0000] {logging_mixin.py:188} INFO - [2025-11-30T13:37:46.898+0000] {dagbag.py:538} INFO - Filling up the DagBag from /opt/airflow/dags/01_data_fetch_mkCHtbls.py
[2025-11-30T13:37:50.806+0000] {processor.py:840} INFO - DAG(s) 'fetch_data' retrieved from /opt/airflow/dags/01_data_fetch_mkCHtbls.py
[2025-11-30T13:37:50.842+0000] {logging_mixin.py:188} INFO - [2025-11-30T13:37:50.841+0000] {dag.py:3036} INFO - Sync 1 DAGs
[2025-11-30T13:37:50.862+0000] {logging_mixin.py:188} INFO - [2025-11-30T13:37:50.861+0000] {dag.py:3823} INFO - Setting next_dagrun for fetch_data to 2025-11-30 00:00:00+00:00, run_after=2025-12-01 00:00:00+00:00
[2025-11-30T13:37:50.885+0000] {processor.py:183} INFO - Processing /opt/airflow/dags/01_data_fetch_mkCHtbls.py took 3.998 seconds
[2025-11-30T13:38:21.471+0000] {processor.py:161} INFO - Started process (PID=1239) to work on /opt/airflow/dags/01_data_fetch_mkCHtbls.py
[2025-11-30T13:38:21.472+0000] {processor.py:830} INFO - Processing file /opt/airflow/dags/01_data_fetch_mkCHtbls.py for tasks to queue
[2025-11-30T13:38:21.474+0000] {logging_mixin.py:188} INFO - [2025-11-30T13:38:21.473+0000] {dagbag.py:538} INFO - Filling up the DagBag from /opt/airflow/dags/01_data_fetch_mkCHtbls.py
[2025-11-30T13:38:24.073+0000] {processor.py:840} INFO - DAG(s) 'fetch_data' retrieved from /opt/airflow/dags/01_data_fetch_mkCHtbls.py
[2025-11-30T13:38:24.099+0000] {logging_mixin.py:188} INFO - [2025-11-30T13:38:24.099+0000] {dag.py:3036} INFO - Sync 1 DAGs
[2025-11-30T13:38:24.117+0000] {logging_mixin.py:188} INFO - [2025-11-30T13:38:24.117+0000] {dag.py:3823} INFO - Setting next_dagrun for fetch_data to 2025-11-30 00:00:00+00:00, run_after=2025-12-01 00:00:00+00:00
[2025-11-30T13:38:24.141+0000] {processor.py:183} INFO - Processing /opt/airflow/dags/01_data_fetch_mkCHtbls.py took 2.677 seconds
[2025-11-30T13:38:54.478+0000] {processor.py:161} INFO - Started process (PID=1304) to work on /opt/airflow/dags/01_data_fetch_mkCHtbls.py
[2025-11-30T13:38:54.480+0000] {processor.py:830} INFO - Processing file /opt/airflow/dags/01_data_fetch_mkCHtbls.py for tasks to queue
[2025-11-30T13:38:54.481+0000] {logging_mixin.py:188} INFO - [2025-11-30T13:38:54.480+0000] {dagbag.py:538} INFO - Filling up the DagBag from /opt/airflow/dags/01_data_fetch_mkCHtbls.py
[2025-11-30T13:38:57.239+0000] {processor.py:840} INFO - DAG(s) 'fetch_data' retrieved from /opt/airflow/dags/01_data_fetch_mkCHtbls.py
[2025-11-30T13:38:57.282+0000] {logging_mixin.py:188} INFO - [2025-11-30T13:38:57.282+0000] {dag.py:3036} INFO - Sync 1 DAGs
[2025-11-30T13:38:57.430+0000] {logging_mixin.py:188} INFO - [2025-11-30T13:38:57.430+0000] {dag.py:3823} INFO - Setting next_dagrun for fetch_data to 2025-11-30 00:00:00+00:00, run_after=2025-12-01 00:00:00+00:00
[2025-11-30T13:38:57.445+0000] {processor.py:183} INFO - Processing /opt/airflow/dags/01_data_fetch_mkCHtbls.py took 2.973 seconds
[2025-11-30T13:39:28.011+0000] {processor.py:161} INFO - Started process (PID=1369) to work on /opt/airflow/dags/01_data_fetch_mkCHtbls.py
[2025-11-30T13:39:28.013+0000] {processor.py:830} INFO - Processing file /opt/airflow/dags/01_data_fetch_mkCHtbls.py for tasks to queue
[2025-11-30T13:39:28.015+0000] {logging_mixin.py:188} INFO - [2025-11-30T13:39:28.014+0000] {dagbag.py:538} INFO - Filling up the DagBag from /opt/airflow/dags/01_data_fetch_mkCHtbls.py
[2025-11-30T13:39:30.664+0000] {processor.py:840} INFO - DAG(s) 'fetch_data' retrieved from /opt/airflow/dags/01_data_fetch_mkCHtbls.py
[2025-11-30T13:39:30.690+0000] {logging_mixin.py:188} INFO - [2025-11-30T13:39:30.690+0000] {dag.py:3036} INFO - Sync 1 DAGs
[2025-11-30T13:39:30.708+0000] {logging_mixin.py:188} INFO - [2025-11-30T13:39:30.708+0000] {dag.py:3823} INFO - Setting next_dagrun for fetch_data to 2025-11-30 00:00:00+00:00, run_after=2025-12-01 00:00:00+00:00
[2025-11-30T13:39:30.731+0000] {processor.py:183} INFO - Processing /opt/airflow/dags/01_data_fetch_mkCHtbls.py took 2.726 seconds
[2025-11-30T13:40:00.820+0000] {processor.py:161} INFO - Started process (PID=1434) to work on /opt/airflow/dags/01_data_fetch_mkCHtbls.py
[2025-11-30T13:40:00.822+0000] {processor.py:830} INFO - Processing file /opt/airflow/dags/01_data_fetch_mkCHtbls.py for tasks to queue
[2025-11-30T13:40:00.824+0000] {logging_mixin.py:188} INFO - [2025-11-30T13:40:00.824+0000] {dagbag.py:538} INFO - Filling up the DagBag from /opt/airflow/dags/01_data_fetch_mkCHtbls.py
[2025-11-30T13:40:03.447+0000] {processor.py:840} INFO - DAG(s) 'fetch_data' retrieved from /opt/airflow/dags/01_data_fetch_mkCHtbls.py
[2025-11-30T13:40:03.481+0000] {logging_mixin.py:188} INFO - [2025-11-30T13:40:03.481+0000] {dag.py:3036} INFO - Sync 1 DAGs
[2025-11-30T13:40:03.501+0000] {logging_mixin.py:188} INFO - [2025-11-30T13:40:03.500+0000] {dag.py:3823} INFO - Setting next_dagrun for fetch_data to 2025-11-30 00:00:00+00:00, run_after=2025-12-01 00:00:00+00:00
[2025-11-30T13:40:03.531+0000] {processor.py:183} INFO - Processing /opt/airflow/dags/01_data_fetch_mkCHtbls.py took 2.716 seconds
[2025-11-30T13:40:33.715+0000] {processor.py:161} INFO - Started process (PID=1499) to work on /opt/airflow/dags/01_data_fetch_mkCHtbls.py
[2025-11-30T13:40:33.717+0000] {processor.py:830} INFO - Processing file /opt/airflow/dags/01_data_fetch_mkCHtbls.py for tasks to queue
[2025-11-30T13:40:33.719+0000] {logging_mixin.py:188} INFO - [2025-11-30T13:40:33.718+0000] {dagbag.py:538} INFO - Filling up the DagBag from /opt/airflow/dags/01_data_fetch_mkCHtbls.py
[2025-11-30T13:40:36.379+0000] {processor.py:840} INFO - DAG(s) 'fetch_data' retrieved from /opt/airflow/dags/01_data_fetch_mkCHtbls.py
[2025-11-30T13:40:36.429+0000] {logging_mixin.py:188} INFO - [2025-11-30T13:40:36.429+0000] {dag.py:3036} INFO - Sync 1 DAGs
[2025-11-30T13:40:36.614+0000] {logging_mixin.py:188} INFO - [2025-11-30T13:40:36.614+0000] {dag.py:3823} INFO - Setting next_dagrun for fetch_data to 2025-11-30 00:00:00+00:00, run_after=2025-12-01 00:00:00+00:00
[2025-11-30T13:40:36.639+0000] {processor.py:183} INFO - Processing /opt/airflow/dags/01_data_fetch_mkCHtbls.py took 2.929 seconds
[2025-11-30T13:41:06.889+0000] {processor.py:161} INFO - Started process (PID=1564) to work on /opt/airflow/dags/01_data_fetch_mkCHtbls.py
[2025-11-30T13:41:06.891+0000] {processor.py:830} INFO - Processing file /opt/airflow/dags/01_data_fetch_mkCHtbls.py for tasks to queue
[2025-11-30T13:41:06.892+0000] {logging_mixin.py:188} INFO - [2025-11-30T13:41:06.891+0000] {dagbag.py:538} INFO - Filling up the DagBag from /opt/airflow/dags/01_data_fetch_mkCHtbls.py
[2025-11-30T13:41:09.595+0000] {processor.py:840} INFO - DAG(s) 'fetch_data' retrieved from /opt/airflow/dags/01_data_fetch_mkCHtbls.py
[2025-11-30T13:41:09.625+0000] {logging_mixin.py:188} INFO - [2025-11-30T13:41:09.625+0000] {dag.py:3036} INFO - Sync 1 DAGs
[2025-11-30T13:41:09.784+0000] {logging_mixin.py:188} INFO - [2025-11-30T13:41:09.784+0000] {dag.py:3823} INFO - Setting next_dagrun for fetch_data to 2025-11-30 00:00:00+00:00, run_after=2025-12-01 00:00:00+00:00
[2025-11-30T13:41:09.797+0000] {processor.py:183} INFO - Processing /opt/airflow/dags/01_data_fetch_mkCHtbls.py took 2.914 seconds
[2025-11-30T13:41:40.833+0000] {processor.py:161} INFO - Started process (PID=1629) to work on /opt/airflow/dags/01_data_fetch_mkCHtbls.py
[2025-11-30T13:41:40.834+0000] {processor.py:830} INFO - Processing file /opt/airflow/dags/01_data_fetch_mkCHtbls.py for tasks to queue
[2025-11-30T13:41:40.835+0000] {logging_mixin.py:188} INFO - [2025-11-30T13:41:40.835+0000] {dagbag.py:538} INFO - Filling up the DagBag from /opt/airflow/dags/01_data_fetch_mkCHtbls.py
[2025-11-30T13:41:43.562+0000] {processor.py:840} INFO - DAG(s) 'fetch_data' retrieved from /opt/airflow/dags/01_data_fetch_mkCHtbls.py
[2025-11-30T13:41:43.592+0000] {logging_mixin.py:188} INFO - [2025-11-30T13:41:43.592+0000] {dag.py:3036} INFO - Sync 1 DAGs
[2025-11-30T13:41:43.611+0000] {logging_mixin.py:188} INFO - [2025-11-30T13:41:43.611+0000] {dag.py:3823} INFO - Setting next_dagrun for fetch_data to 2025-11-30 00:00:00+00:00, run_after=2025-12-01 00:00:00+00:00
[2025-11-30T13:41:43.634+0000] {processor.py:183} INFO - Processing /opt/airflow/dags/01_data_fetch_mkCHtbls.py took 2.807 seconds
[2025-11-30T13:42:14.099+0000] {processor.py:161} INFO - Started process (PID=1694) to work on /opt/airflow/dags/01_data_fetch_mkCHtbls.py
[2025-11-30T13:42:14.100+0000] {processor.py:830} INFO - Processing file /opt/airflow/dags/01_data_fetch_mkCHtbls.py for tasks to queue
[2025-11-30T13:42:14.101+0000] {logging_mixin.py:188} INFO - [2025-11-30T13:42:14.101+0000] {dagbag.py:538} INFO - Filling up the DagBag from /opt/airflow/dags/01_data_fetch_mkCHtbls.py
[2025-11-30T13:42:16.930+0000] {processor.py:840} INFO - DAG(s) 'fetch_data' retrieved from /opt/airflow/dags/01_data_fetch_mkCHtbls.py
[2025-11-30T13:42:16.963+0000] {logging_mixin.py:188} INFO - [2025-11-30T13:42:16.963+0000] {dag.py:3036} INFO - Sync 1 DAGs
[2025-11-30T13:42:17.116+0000] {logging_mixin.py:188} INFO - [2025-11-30T13:42:17.116+0000] {dag.py:3823} INFO - Setting next_dagrun for fetch_data to 2025-11-30 00:00:00+00:00, run_after=2025-12-01 00:00:00+00:00
[2025-11-30T13:42:17.149+0000] {processor.py:183} INFO - Processing /opt/airflow/dags/01_data_fetch_mkCHtbls.py took 3.056 seconds
[2025-11-30T13:42:30.426+0000] {processor.py:161} INFO - Started process (PID=1759) to work on /opt/airflow/dags/01_data_fetch_mkCHtbls.py
[2025-11-30T13:42:30.429+0000] {processor.py:830} INFO - Processing file /opt/airflow/dags/01_data_fetch_mkCHtbls.py for tasks to queue
[2025-11-30T13:42:30.432+0000] {logging_mixin.py:188} INFO - [2025-11-30T13:42:30.431+0000] {dagbag.py:538} INFO - Filling up the DagBag from /opt/airflow/dags/01_data_fetch_mkCHtbls.py
[2025-11-30T13:42:33.335+0000] {processor.py:840} INFO - DAG(s) 'fetch_data' retrieved from /opt/airflow/dags/01_data_fetch_mkCHtbls.py
[2025-11-30T13:42:33.370+0000] {logging_mixin.py:188} INFO - [2025-11-30T13:42:33.370+0000] {dag.py:3036} INFO - Sync 1 DAGs
[2025-11-30T13:42:33.516+0000] {logging_mixin.py:188} INFO - [2025-11-30T13:42:33.516+0000] {dag.py:3823} INFO - Setting next_dagrun for fetch_data to 2025-11-30 00:00:00+00:00, run_after=2025-12-01 00:00:00+00:00
[2025-11-30T13:42:33.546+0000] {processor.py:183} INFO - Processing /opt/airflow/dags/01_data_fetch_mkCHtbls.py took 3.129 seconds
[2025-11-30T13:43:03.942+0000] {processor.py:161} INFO - Started process (PID=1824) to work on /opt/airflow/dags/01_data_fetch_mkCHtbls.py
[2025-11-30T13:43:03.944+0000] {processor.py:830} INFO - Processing file /opt/airflow/dags/01_data_fetch_mkCHtbls.py for tasks to queue
[2025-11-30T13:43:03.946+0000] {logging_mixin.py:188} INFO - [2025-11-30T13:43:03.945+0000] {dagbag.py:538} INFO - Filling up the DagBag from /opt/airflow/dags/01_data_fetch_mkCHtbls.py
[2025-11-30T13:43:06.693+0000] {processor.py:840} INFO - DAG(s) 'fetch_data' retrieved from /opt/airflow/dags/01_data_fetch_mkCHtbls.py
[2025-11-30T13:43:06.720+0000] {logging_mixin.py:188} INFO - [2025-11-30T13:43:06.720+0000] {dag.py:3036} INFO - Sync 1 DAGs
[2025-11-30T13:43:06.738+0000] {logging_mixin.py:188} INFO - [2025-11-30T13:43:06.738+0000] {dag.py:3823} INFO - Setting next_dagrun for fetch_data to 2025-11-30 00:00:00+00:00, run_after=2025-12-01 00:00:00+00:00
[2025-11-30T13:43:06.761+0000] {processor.py:183} INFO - Processing /opt/airflow/dags/01_data_fetch_mkCHtbls.py took 2.828 seconds
[2025-11-30T13:43:37.392+0000] {processor.py:161} INFO - Started process (PID=1889) to work on /opt/airflow/dags/01_data_fetch_mkCHtbls.py
[2025-11-30T13:43:37.393+0000] {processor.py:830} INFO - Processing file /opt/airflow/dags/01_data_fetch_mkCHtbls.py for tasks to queue
[2025-11-30T13:43:37.394+0000] {logging_mixin.py:188} INFO - [2025-11-30T13:43:37.393+0000] {dagbag.py:538} INFO - Filling up the DagBag from /opt/airflow/dags/01_data_fetch_mkCHtbls.py
[2025-11-30T13:43:40.146+0000] {processor.py:840} INFO - DAG(s) 'fetch_data' retrieved from /opt/airflow/dags/01_data_fetch_mkCHtbls.py
[2025-11-30T13:43:40.173+0000] {logging_mixin.py:188} INFO - [2025-11-30T13:43:40.173+0000] {dag.py:3036} INFO - Sync 1 DAGs
[2025-11-30T13:43:40.316+0000] {logging_mixin.py:188} INFO - [2025-11-30T13:43:40.316+0000] {dag.py:3823} INFO - Setting next_dagrun for fetch_data to 2025-11-30 00:00:00+00:00, run_after=2025-12-01 00:00:00+00:00
[2025-11-30T13:43:40.350+0000] {processor.py:183} INFO - Processing /opt/airflow/dags/01_data_fetch_mkCHtbls.py took 2.962 seconds
[2025-11-30T13:44:10.931+0000] {processor.py:161} INFO - Started process (PID=1954) to work on /opt/airflow/dags/01_data_fetch_mkCHtbls.py
[2025-11-30T13:44:10.932+0000] {processor.py:830} INFO - Processing file /opt/airflow/dags/01_data_fetch_mkCHtbls.py for tasks to queue
[2025-11-30T13:44:10.934+0000] {logging_mixin.py:188} INFO - [2025-11-30T13:44:10.933+0000] {dagbag.py:538} INFO - Filling up the DagBag from /opt/airflow/dags/01_data_fetch_mkCHtbls.py
[2025-11-30T13:44:13.672+0000] {processor.py:840} INFO - DAG(s) 'fetch_data' retrieved from /opt/airflow/dags/01_data_fetch_mkCHtbls.py
[2025-11-30T13:44:13.827+0000] {logging_mixin.py:188} INFO - [2025-11-30T13:44:13.826+0000] {dag.py:3036} INFO - Sync 1 DAGs
[2025-11-30T13:44:13.845+0000] {logging_mixin.py:188} INFO - [2025-11-30T13:44:13.845+0000] {dag.py:3823} INFO - Setting next_dagrun for fetch_data to 2025-11-30 00:00:00+00:00, run_after=2025-12-01 00:00:00+00:00
[2025-11-30T13:44:13.871+0000] {processor.py:183} INFO - Processing /opt/airflow/dags/01_data_fetch_mkCHtbls.py took 2.946 seconds
[2025-11-30T13:44:44.376+0000] {processor.py:161} INFO - Started process (PID=2019) to work on /opt/airflow/dags/01_data_fetch_mkCHtbls.py
[2025-11-30T13:44:44.378+0000] {processor.py:830} INFO - Processing file /opt/airflow/dags/01_data_fetch_mkCHtbls.py for tasks to queue
[2025-11-30T13:44:44.379+0000] {logging_mixin.py:188} INFO - [2025-11-30T13:44:44.378+0000] {dagbag.py:538} INFO - Filling up the DagBag from /opt/airflow/dags/01_data_fetch_mkCHtbls.py
[2025-11-30T13:44:47.136+0000] {processor.py:840} INFO - DAG(s) 'fetch_data' retrieved from /opt/airflow/dags/01_data_fetch_mkCHtbls.py
[2025-11-30T13:44:47.170+0000] {logging_mixin.py:188} INFO - [2025-11-30T13:44:47.169+0000] {dag.py:3036} INFO - Sync 1 DAGs
[2025-11-30T13:44:47.187+0000] {logging_mixin.py:188} INFO - [2025-11-30T13:44:47.187+0000] {dag.py:3823} INFO - Setting next_dagrun for fetch_data to 2025-11-30 00:00:00+00:00, run_after=2025-12-01 00:00:00+00:00
[2025-11-30T13:44:47.210+0000] {processor.py:183} INFO - Processing /opt/airflow/dags/01_data_fetch_mkCHtbls.py took 2.839 seconds
[2025-11-30T13:45:17.643+0000] {processor.py:161} INFO - Started process (PID=2084) to work on /opt/airflow/dags/01_data_fetch_mkCHtbls.py
[2025-11-30T13:45:17.644+0000] {processor.py:830} INFO - Processing file /opt/airflow/dags/01_data_fetch_mkCHtbls.py for tasks to queue
[2025-11-30T13:45:17.645+0000] {logging_mixin.py:188} INFO - [2025-11-30T13:45:17.645+0000] {dagbag.py:538} INFO - Filling up the DagBag from /opt/airflow/dags/01_data_fetch_mkCHtbls.py
[2025-11-30T13:45:20.399+0000] {processor.py:840} INFO - DAG(s) 'fetch_data' retrieved from /opt/airflow/dags/01_data_fetch_mkCHtbls.py
[2025-11-30T13:45:20.431+0000] {logging_mixin.py:188} INFO - [2025-11-30T13:45:20.431+0000] {dag.py:3036} INFO - Sync 1 DAGs
[2025-11-30T13:45:20.585+0000] {logging_mixin.py:188} INFO - [2025-11-30T13:45:20.584+0000] {dag.py:3823} INFO - Setting next_dagrun for fetch_data to 2025-11-30 00:00:00+00:00, run_after=2025-12-01 00:00:00+00:00
[2025-11-30T13:45:20.620+0000] {processor.py:183} INFO - Processing /opt/airflow/dags/01_data_fetch_mkCHtbls.py took 2.980 seconds
[2025-11-30T13:45:50.875+0000] {processor.py:161} INFO - Started process (PID=2149) to work on /opt/airflow/dags/01_data_fetch_mkCHtbls.py
[2025-11-30T13:45:50.877+0000] {processor.py:830} INFO - Processing file /opt/airflow/dags/01_data_fetch_mkCHtbls.py for tasks to queue
[2025-11-30T13:45:50.879+0000] {logging_mixin.py:188} INFO - [2025-11-30T13:45:50.878+0000] {dagbag.py:538} INFO - Filling up the DagBag from /opt/airflow/dags/01_data_fetch_mkCHtbls.py
[2025-11-30T13:45:53.654+0000] {processor.py:840} INFO - DAG(s) 'fetch_data' retrieved from /opt/airflow/dags/01_data_fetch_mkCHtbls.py
[2025-11-30T13:45:53.678+0000] {logging_mixin.py:188} INFO - [2025-11-30T13:45:53.678+0000] {dag.py:3036} INFO - Sync 1 DAGs
[2025-11-30T13:45:53.697+0000] {logging_mixin.py:188} INFO - [2025-11-30T13:45:53.697+0000] {dag.py:3823} INFO - Setting next_dagrun for fetch_data to 2025-11-30 00:00:00+00:00, run_after=2025-12-01 00:00:00+00:00
[2025-11-30T13:45:53.713+0000] {processor.py:183} INFO - Processing /opt/airflow/dags/01_data_fetch_mkCHtbls.py took 2.843 seconds
[2025-11-30T13:46:24.577+0000] {processor.py:161} INFO - Started process (PID=2234) to work on /opt/airflow/dags/01_data_fetch_mkCHtbls.py
[2025-11-30T13:46:24.579+0000] {processor.py:830} INFO - Processing file /opt/airflow/dags/01_data_fetch_mkCHtbls.py for tasks to queue
[2025-11-30T13:46:24.580+0000] {logging_mixin.py:188} INFO - [2025-11-30T13:46:24.579+0000] {dagbag.py:538} INFO - Filling up the DagBag from /opt/airflow/dags/01_data_fetch_mkCHtbls.py
[2025-11-30T13:46:27.266+0000] {processor.py:840} INFO - DAG(s) 'fetch_data' retrieved from /opt/airflow/dags/01_data_fetch_mkCHtbls.py
[2025-11-30T13:46:27.302+0000] {logging_mixin.py:188} INFO - [2025-11-30T13:46:27.302+0000] {dag.py:3036} INFO - Sync 1 DAGs
[2025-11-30T13:46:27.468+0000] {logging_mixin.py:188} INFO - [2025-11-30T13:46:27.467+0000] {dag.py:3823} INFO - Setting next_dagrun for fetch_data to 2025-11-30 00:00:00+00:00, run_after=2025-12-01 00:00:00+00:00
[2025-11-30T13:46:27.498+0000] {processor.py:183} INFO - Processing /opt/airflow/dags/01_data_fetch_mkCHtbls.py took 2.926 seconds
[2025-11-30T13:46:57.851+0000] {processor.py:161} INFO - Started process (PID=2299) to work on /opt/airflow/dags/01_data_fetch_mkCHtbls.py
[2025-11-30T13:46:57.852+0000] {processor.py:830} INFO - Processing file /opt/airflow/dags/01_data_fetch_mkCHtbls.py for tasks to queue
[2025-11-30T13:46:57.853+0000] {logging_mixin.py:188} INFO - [2025-11-30T13:46:57.853+0000] {dagbag.py:538} INFO - Filling up the DagBag from /opt/airflow/dags/01_data_fetch_mkCHtbls.py
[2025-11-30T13:47:00.562+0000] {processor.py:840} INFO - DAG(s) 'fetch_data' retrieved from /opt/airflow/dags/01_data_fetch_mkCHtbls.py
[2025-11-30T13:47:00.705+0000] {logging_mixin.py:188} INFO - [2025-11-30T13:47:00.704+0000] {dag.py:3036} INFO - Sync 1 DAGs
[2025-11-30T13:47:00.722+0000] {logging_mixin.py:188} INFO - [2025-11-30T13:47:00.722+0000] {dag.py:3823} INFO - Setting next_dagrun for fetch_data to 2025-11-30 00:00:00+00:00, run_after=2025-12-01 00:00:00+00:00
[2025-11-30T13:47:00.742+0000] {processor.py:183} INFO - Processing /opt/airflow/dags/01_data_fetch_mkCHtbls.py took 2.895 seconds
[2025-11-30T13:47:31.303+0000] {processor.py:161} INFO - Started process (PID=2385) to work on /opt/airflow/dags/01_data_fetch_mkCHtbls.py
[2025-11-30T13:47:31.305+0000] {processor.py:830} INFO - Processing file /opt/airflow/dags/01_data_fetch_mkCHtbls.py for tasks to queue
[2025-11-30T13:47:31.306+0000] {logging_mixin.py:188} INFO - [2025-11-30T13:47:31.306+0000] {dagbag.py:538} INFO - Filling up the DagBag from /opt/airflow/dags/01_data_fetch_mkCHtbls.py
[2025-11-30T13:47:33.989+0000] {processor.py:840} INFO - DAG(s) 'fetch_data' retrieved from /opt/airflow/dags/01_data_fetch_mkCHtbls.py
[2025-11-30T13:47:34.018+0000] {logging_mixin.py:188} INFO - [2025-11-30T13:47:34.017+0000] {dag.py:3036} INFO - Sync 1 DAGs
[2025-11-30T13:47:34.036+0000] {logging_mixin.py:188} INFO - [2025-11-30T13:47:34.036+0000] {dag.py:3823} INFO - Setting next_dagrun for fetch_data to 2025-11-30 00:00:00+00:00, run_after=2025-12-01 00:00:00+00:00
[2025-11-30T13:47:34.197+0000] {processor.py:183} INFO - Processing /opt/airflow/dags/01_data_fetch_mkCHtbls.py took 2.899 seconds
[2025-11-30T13:48:04.299+0000] {processor.py:161} INFO - Started process (PID=2450) to work on /opt/airflow/dags/01_data_fetch_mkCHtbls.py
[2025-11-30T13:48:04.300+0000] {processor.py:830} INFO - Processing file /opt/airflow/dags/01_data_fetch_mkCHtbls.py for tasks to queue
[2025-11-30T13:48:04.302+0000] {logging_mixin.py:188} INFO - [2025-11-30T13:48:04.301+0000] {dagbag.py:538} INFO - Filling up the DagBag from /opt/airflow/dags/01_data_fetch_mkCHtbls.py
[2025-11-30T13:48:06.971+0000] {processor.py:840} INFO - DAG(s) 'fetch_data' retrieved from /opt/airflow/dags/01_data_fetch_mkCHtbls.py
[2025-11-30T13:48:06.997+0000] {logging_mixin.py:188} INFO - [2025-11-30T13:48:06.997+0000] {dag.py:3036} INFO - Sync 1 DAGs
[2025-11-30T13:48:07.134+0000] {logging_mixin.py:188} INFO - [2025-11-30T13:48:07.134+0000] {dag.py:3823} INFO - Setting next_dagrun for fetch_data to 2025-11-30 00:00:00+00:00, run_after=2025-12-01 00:00:00+00:00
[2025-11-30T13:48:07.158+0000] {processor.py:183} INFO - Processing /opt/airflow/dags/01_data_fetch_mkCHtbls.py took 2.864 seconds
[2025-11-30T13:48:37.638+0000] {processor.py:161} INFO - Started process (PID=2515) to work on /opt/airflow/dags/01_data_fetch_mkCHtbls.py
[2025-11-30T13:48:37.640+0000] {processor.py:830} INFO - Processing file /opt/airflow/dags/01_data_fetch_mkCHtbls.py for tasks to queue
[2025-11-30T13:48:37.643+0000] {logging_mixin.py:188} INFO - [2025-11-30T13:48:37.641+0000] {dagbag.py:538} INFO - Filling up the DagBag from /opt/airflow/dags/01_data_fetch_mkCHtbls.py
[2025-11-30T13:48:40.627+0000] {processor.py:840} INFO - DAG(s) 'fetch_data' retrieved from /opt/airflow/dags/01_data_fetch_mkCHtbls.py
[2025-11-30T13:48:40.713+0000] {logging_mixin.py:188} INFO - [2025-11-30T13:48:40.712+0000] {dag.py:3036} INFO - Sync 1 DAGs
[2025-11-30T13:48:40.730+0000] {logging_mixin.py:188} INFO - [2025-11-30T13:48:40.730+0000] {dag.py:3823} INFO - Setting next_dagrun for fetch_data to 2025-11-30 00:00:00+00:00, run_after=2025-12-01 00:00:00+00:00
[2025-11-30T13:48:40.747+0000] {processor.py:183} INFO - Processing /opt/airflow/dags/01_data_fetch_mkCHtbls.py took 3.116 seconds
[2025-11-30T13:49:11.138+0000] {processor.py:161} INFO - Started process (PID=2580) to work on /opt/airflow/dags/01_data_fetch_mkCHtbls.py
[2025-11-30T13:49:11.144+0000] {processor.py:830} INFO - Processing file /opt/airflow/dags/01_data_fetch_mkCHtbls.py for tasks to queue
[2025-11-30T13:49:11.154+0000] {logging_mixin.py:188} INFO - [2025-11-30T13:49:11.152+0000] {dagbag.py:538} INFO - Filling up the DagBag from /opt/airflow/dags/01_data_fetch_mkCHtbls.py
[2025-11-30T13:49:13.880+0000] {processor.py:840} INFO - DAG(s) 'fetch_data' retrieved from /opt/airflow/dags/01_data_fetch_mkCHtbls.py
[2025-11-30T13:49:13.914+0000] {logging_mixin.py:188} INFO - [2025-11-30T13:49:13.914+0000] {dag.py:3036} INFO - Sync 1 DAGs
[2025-11-30T13:49:14.053+0000] {logging_mixin.py:188} INFO - [2025-11-30T13:49:14.053+0000] {dag.py:3823} INFO - Setting next_dagrun for fetch_data to 2025-11-30 00:00:00+00:00, run_after=2025-12-01 00:00:00+00:00
[2025-11-30T13:49:14.079+0000] {processor.py:183} INFO - Processing /opt/airflow/dags/01_data_fetch_mkCHtbls.py took 2.948 seconds
[2025-11-30T13:49:44.237+0000] {processor.py:161} INFO - Started process (PID=2645) to work on /opt/airflow/dags/01_data_fetch_mkCHtbls.py
[2025-11-30T13:49:44.239+0000] {processor.py:830} INFO - Processing file /opt/airflow/dags/01_data_fetch_mkCHtbls.py for tasks to queue
[2025-11-30T13:49:44.241+0000] {logging_mixin.py:188} INFO - [2025-11-30T13:49:44.240+0000] {dagbag.py:538} INFO - Filling up the DagBag from /opt/airflow/dags/01_data_fetch_mkCHtbls.py
[2025-11-30T13:49:47.282+0000] {processor.py:840} INFO - DAG(s) 'fetch_data' retrieved from /opt/airflow/dags/01_data_fetch_mkCHtbls.py
[2025-11-30T13:49:47.457+0000] {logging_mixin.py:188} INFO - [2025-11-30T13:49:47.455+0000] {dag.py:3036} INFO - Sync 1 DAGs
[2025-11-30T13:49:47.484+0000] {logging_mixin.py:188} INFO - [2025-11-30T13:49:47.484+0000] {dag.py:3823} INFO - Setting next_dagrun for fetch_data to 2025-11-30 00:00:00+00:00, run_after=2025-12-01 00:00:00+00:00
[2025-11-30T13:49:47.535+0000] {processor.py:183} INFO - Processing /opt/airflow/dags/01_data_fetch_mkCHtbls.py took 3.306 seconds
[2025-11-30T13:51:27.459+0000] {processor.py:161} INFO - Started process (PID=174) to work on /opt/airflow/dags/01_data_fetch_mkCHtbls.py
[2025-11-30T13:51:27.460+0000] {processor.py:830} INFO - Processing file /opt/airflow/dags/01_data_fetch_mkCHtbls.py for tasks to queue
[2025-11-30T13:51:27.461+0000] {logging_mixin.py:188} INFO - [2025-11-30T13:51:27.460+0000] {dagbag.py:538} INFO - Filling up the DagBag from /opt/airflow/dags/01_data_fetch_mkCHtbls.py
[2025-11-30T13:51:34.967+0000] {processor.py:840} INFO - DAG(s) 'fetch_data' retrieved from /opt/airflow/dags/01_data_fetch_mkCHtbls.py
[2025-11-30T13:51:35.004+0000] {logging_mixin.py:188} INFO - [2025-11-30T13:51:35.003+0000] {dag.py:3036} INFO - Sync 1 DAGs
[2025-11-30T13:51:35.036+0000] {logging_mixin.py:188} INFO - [2025-11-30T13:51:35.036+0000] {dag.py:3823} INFO - Setting next_dagrun for fetch_data to 2025-11-30 00:00:00+00:00, run_after=2025-12-01 00:00:00+00:00
[2025-11-30T13:51:35.059+0000] {processor.py:183} INFO - Processing /opt/airflow/dags/01_data_fetch_mkCHtbls.py took 7.603 seconds
[2025-11-30T13:52:05.320+0000] {processor.py:161} INFO - Started process (PID=281) to work on /opt/airflow/dags/01_data_fetch_mkCHtbls.py
[2025-11-30T13:52:05.322+0000] {processor.py:830} INFO - Processing file /opt/airflow/dags/01_data_fetch_mkCHtbls.py for tasks to queue
[2025-11-30T13:52:05.323+0000] {logging_mixin.py:188} INFO - [2025-11-30T13:52:05.323+0000] {dagbag.py:538} INFO - Filling up the DagBag from /opt/airflow/dags/01_data_fetch_mkCHtbls.py
[2025-11-30T13:52:09.853+0000] {processor.py:840} INFO - DAG(s) 'fetch_data' retrieved from /opt/airflow/dags/01_data_fetch_mkCHtbls.py
[2025-11-30T13:52:10.100+0000] {logging_mixin.py:188} INFO - [2025-11-30T13:52:10.100+0000] {dag.py:3036} INFO - Sync 1 DAGs
[2025-11-30T13:52:10.267+0000] {logging_mixin.py:188} INFO - [2025-11-30T13:52:10.266+0000] {dag.py:3823} INFO - Setting next_dagrun for fetch_data to 2025-11-30 00:00:00+00:00, run_after=2025-12-01 00:00:00+00:00
[2025-11-30T13:52:10.297+0000] {processor.py:183} INFO - Processing /opt/airflow/dags/01_data_fetch_mkCHtbls.py took 4.981 seconds
[2025-11-30T13:52:40.599+0000] {processor.py:161} INFO - Started process (PID=346) to work on /opt/airflow/dags/01_data_fetch_mkCHtbls.py
[2025-11-30T13:52:40.604+0000] {processor.py:830} INFO - Processing file /opt/airflow/dags/01_data_fetch_mkCHtbls.py for tasks to queue
[2025-11-30T13:52:40.608+0000] {logging_mixin.py:188} INFO - [2025-11-30T13:52:40.606+0000] {dagbag.py:538} INFO - Filling up the DagBag from /opt/airflow/dags/01_data_fetch_mkCHtbls.py
[2025-11-30T13:53:14.937+0000] {logging_mixin.py:188} INFO - [2025-11-30T13:53:14.469+0000] {timeout.py:68} ERROR - Process timed out, PID: 346
[2025-11-30T13:53:15.221+0000] {logging_mixin.py:188} INFO - [2025-11-30T13:53:15.210+0000] {dagbag.py:348} ERROR - Failed to import: /opt/airflow/dags/01_data_fetch_mkCHtbls.py
Traceback (most recent call last):
  File "/home/airflow/.local/lib/python3.8/site-packages/airflow/models/dagbag.py", line 344, in parse
    loader.exec_module(new_module)
  File "<frozen importlib._bootstrap_external>", line 843, in exec_module
  File "<frozen importlib._bootstrap>", line 219, in _call_with_frames_removed
  File "/opt/airflow/dags/01_data_fetch_mkCHtbls.py", line 9, in <module>
    subprocess.check_call([sys.executable, '-m', 'pip', 'install', 'meteostat'])
  File "/usr/local/lib/python3.8/subprocess.py", line 359, in check_call
    retcode = call(*popenargs, **kwargs)
  File "/usr/local/lib/python3.8/subprocess.py", line 342, in call
    return p.wait(timeout=timeout)
  File "/usr/local/lib/python3.8/subprocess.py", line 1083, in wait
    return self._wait(timeout=timeout)
  File "/usr/local/lib/python3.8/subprocess.py", line 1822, in _wait
    (pid, sts) = self._try_wait(0)
  File "/usr/local/lib/python3.8/subprocess.py", line 1780, in _try_wait
    (pid, sts) = os.waitpid(self.pid, wait_flags)
  File "/home/airflow/.local/lib/python3.8/site-packages/airflow/utils/timeout.py", line 69, in handle_timeout
    raise AirflowTaskTimeout(self.error_message)
airflow.exceptions.AirflowTaskTimeout: DagBag import timeout for /opt/airflow/dags/01_data_fetch_mkCHtbls.py after 30.0s.
Please take a look at these docs to improve your DAG import time:
* https://airflow.apache.org/docs/apache-airflow/2.8.1/best-practices.html#top-level-python-code
* https://airflow.apache.org/docs/apache-airflow/2.8.1/best-practices.html#reducing-dag-complexity, PID: 346
[2025-11-30T13:53:15.228+0000] {processor.py:842} WARNING - No viable dags retrieved from /opt/airflow/dags/01_data_fetch_mkCHtbls.py
[2025-11-30T13:53:15.360+0000] {processor.py:183} INFO - Processing /opt/airflow/dags/01_data_fetch_mkCHtbls.py took 34.774 seconds
[2025-11-30T13:53:45.557+0000] {processor.py:161} INFO - Started process (PID=410) to work on /opt/airflow/dags/01_data_fetch_mkCHtbls.py
[2025-11-30T13:53:45.559+0000] {processor.py:830} INFO - Processing file /opt/airflow/dags/01_data_fetch_mkCHtbls.py for tasks to queue
[2025-11-30T13:53:45.560+0000] {logging_mixin.py:188} INFO - [2025-11-30T13:53:45.560+0000] {dagbag.py:538} INFO - Filling up the DagBag from /opt/airflow/dags/01_data_fetch_mkCHtbls.py
[2025-11-30T13:53:48.557+0000] {processor.py:840} INFO - DAG(s) 'fetch_data' retrieved from /opt/airflow/dags/01_data_fetch_mkCHtbls.py
[2025-11-30T13:53:48.784+0000] {logging_mixin.py:188} INFO - [2025-11-30T13:53:48.784+0000] {dag.py:3036} INFO - Sync 1 DAGs
[2025-11-30T13:53:48.824+0000] {logging_mixin.py:188} INFO - [2025-11-30T13:53:48.823+0000] {dag.py:3823} INFO - Setting next_dagrun for fetch_data to 2025-11-30 00:00:00+00:00, run_after=2025-12-01 00:00:00+00:00
[2025-11-30T13:53:48.847+0000] {processor.py:183} INFO - Processing /opt/airflow/dags/01_data_fetch_mkCHtbls.py took 3.294 seconds
[2025-11-30T13:54:19.228+0000] {processor.py:161} INFO - Started process (PID=516) to work on /opt/airflow/dags/01_data_fetch_mkCHtbls.py
[2025-11-30T13:54:19.229+0000] {processor.py:830} INFO - Processing file /opt/airflow/dags/01_data_fetch_mkCHtbls.py for tasks to queue
[2025-11-30T13:54:19.230+0000] {logging_mixin.py:188} INFO - [2025-11-30T13:54:19.230+0000] {dagbag.py:538} INFO - Filling up the DagBag from /opt/airflow/dags/01_data_fetch_mkCHtbls.py
[2025-11-30T13:54:21.761+0000] {processor.py:840} INFO - DAG(s) 'fetch_data' retrieved from /opt/airflow/dags/01_data_fetch_mkCHtbls.py
[2025-11-30T13:54:21.801+0000] {logging_mixin.py:188} INFO - [2025-11-30T13:54:21.801+0000] {dag.py:3036} INFO - Sync 1 DAGs
[2025-11-30T13:54:21.825+0000] {logging_mixin.py:188} INFO - [2025-11-30T13:54:21.825+0000] {dag.py:3823} INFO - Setting next_dagrun for fetch_data to 2025-11-30 00:00:00+00:00, run_after=2025-12-01 00:00:00+00:00
[2025-11-30T13:54:21.846+0000] {processor.py:183} INFO - Processing /opt/airflow/dags/01_data_fetch_mkCHtbls.py took 2.623 seconds
[2025-11-30T13:54:52.096+0000] {processor.py:161} INFO - Started process (PID=581) to work on /opt/airflow/dags/01_data_fetch_mkCHtbls.py
[2025-11-30T13:54:52.097+0000] {processor.py:830} INFO - Processing file /opt/airflow/dags/01_data_fetch_mkCHtbls.py for tasks to queue
[2025-11-30T13:54:52.098+0000] {logging_mixin.py:188} INFO - [2025-11-30T13:54:52.097+0000] {dagbag.py:538} INFO - Filling up the DagBag from /opt/airflow/dags/01_data_fetch_mkCHtbls.py
[2025-11-30T13:54:54.455+0000] {processor.py:840} INFO - DAG(s) 'fetch_data' retrieved from /opt/airflow/dags/01_data_fetch_mkCHtbls.py
[2025-11-30T13:54:54.480+0000] {logging_mixin.py:188} INFO - [2025-11-30T13:54:54.480+0000] {dag.py:3036} INFO - Sync 1 DAGs
[2025-11-30T13:54:54.499+0000] {logging_mixin.py:188} INFO - [2025-11-30T13:54:54.499+0000] {dag.py:3823} INFO - Setting next_dagrun for fetch_data to 2025-11-30 00:00:00+00:00, run_after=2025-12-01 00:00:00+00:00
[2025-11-30T13:54:54.523+0000] {processor.py:183} INFO - Processing /opt/airflow/dags/01_data_fetch_mkCHtbls.py took 2.430 seconds
[2025-11-30T13:55:24.857+0000] {processor.py:161} INFO - Started process (PID=646) to work on /opt/airflow/dags/01_data_fetch_mkCHtbls.py
[2025-11-30T13:55:24.858+0000] {processor.py:830} INFO - Processing file /opt/airflow/dags/01_data_fetch_mkCHtbls.py for tasks to queue
[2025-11-30T13:55:24.859+0000] {logging_mixin.py:188} INFO - [2025-11-30T13:55:24.859+0000] {dagbag.py:538} INFO - Filling up the DagBag from /opt/airflow/dags/01_data_fetch_mkCHtbls.py
[2025-11-30T13:55:27.474+0000] {processor.py:840} INFO - DAG(s) 'fetch_data' retrieved from /opt/airflow/dags/01_data_fetch_mkCHtbls.py
[2025-11-30T13:55:27.497+0000] {logging_mixin.py:188} INFO - [2025-11-30T13:55:27.497+0000] {dag.py:3036} INFO - Sync 1 DAGs
[2025-11-30T13:55:27.515+0000] {logging_mixin.py:188} INFO - [2025-11-30T13:55:27.514+0000] {dag.py:3823} INFO - Setting next_dagrun for fetch_data to 2025-11-30 00:00:00+00:00, run_after=2025-12-01 00:00:00+00:00
[2025-11-30T13:55:27.540+0000] {processor.py:183} INFO - Processing /opt/airflow/dags/01_data_fetch_mkCHtbls.py took 2.689 seconds
[2025-11-30T13:55:57.908+0000] {processor.py:161} INFO - Started process (PID=711) to work on /opt/airflow/dags/01_data_fetch_mkCHtbls.py
[2025-11-30T13:55:57.910+0000] {processor.py:830} INFO - Processing file /opt/airflow/dags/01_data_fetch_mkCHtbls.py for tasks to queue
[2025-11-30T13:55:57.911+0000] {logging_mixin.py:188} INFO - [2025-11-30T13:55:57.911+0000] {dagbag.py:538} INFO - Filling up the DagBag from /opt/airflow/dags/01_data_fetch_mkCHtbls.py
[2025-11-30T13:56:00.423+0000] {processor.py:840} INFO - DAG(s) 'fetch_data' retrieved from /opt/airflow/dags/01_data_fetch_mkCHtbls.py
[2025-11-30T13:56:00.450+0000] {logging_mixin.py:188} INFO - [2025-11-30T13:56:00.450+0000] {dag.py:3036} INFO - Sync 1 DAGs
[2025-11-30T13:56:00.469+0000] {logging_mixin.py:188} INFO - [2025-11-30T13:56:00.468+0000] {dag.py:3823} INFO - Setting next_dagrun for fetch_data to 2025-11-30 00:00:00+00:00, run_after=2025-12-01 00:00:00+00:00
[2025-11-30T13:56:00.483+0000] {processor.py:183} INFO - Processing /opt/airflow/dags/01_data_fetch_mkCHtbls.py took 2.580 seconds
[2025-11-30T13:56:30.802+0000] {processor.py:161} INFO - Started process (PID=776) to work on /opt/airflow/dags/01_data_fetch_mkCHtbls.py
[2025-11-30T13:56:30.803+0000] {processor.py:830} INFO - Processing file /opt/airflow/dags/01_data_fetch_mkCHtbls.py for tasks to queue
[2025-11-30T13:56:30.804+0000] {logging_mixin.py:188} INFO - [2025-11-30T13:56:30.803+0000] {dagbag.py:538} INFO - Filling up the DagBag from /opt/airflow/dags/01_data_fetch_mkCHtbls.py
[2025-11-30T13:56:33.331+0000] {processor.py:840} INFO - DAG(s) 'fetch_data' retrieved from /opt/airflow/dags/01_data_fetch_mkCHtbls.py
[2025-11-30T13:56:33.358+0000] {logging_mixin.py:188} INFO - [2025-11-30T13:56:33.358+0000] {dag.py:3036} INFO - Sync 1 DAGs
[2025-11-30T13:56:33.377+0000] {logging_mixin.py:188} INFO - [2025-11-30T13:56:33.377+0000] {dag.py:3823} INFO - Setting next_dagrun for fetch_data to 2025-11-30 00:00:00+00:00, run_after=2025-12-01 00:00:00+00:00
[2025-11-30T13:56:33.402+0000] {processor.py:183} INFO - Processing /opt/airflow/dags/01_data_fetch_mkCHtbls.py took 2.605 seconds
[2025-11-30T13:57:03.593+0000] {processor.py:161} INFO - Started process (PID=841) to work on /opt/airflow/dags/01_data_fetch_mkCHtbls.py
[2025-11-30T13:57:03.593+0000] {processor.py:830} INFO - Processing file /opt/airflow/dags/01_data_fetch_mkCHtbls.py for tasks to queue
[2025-11-30T13:57:03.594+0000] {logging_mixin.py:188} INFO - [2025-11-30T13:57:03.594+0000] {dagbag.py:538} INFO - Filling up the DagBag from /opt/airflow/dags/01_data_fetch_mkCHtbls.py
[2025-11-30T13:57:05.991+0000] {processor.py:840} INFO - DAG(s) 'fetch_data' retrieved from /opt/airflow/dags/01_data_fetch_mkCHtbls.py
[2025-11-30T13:57:06.031+0000] {logging_mixin.py:188} INFO - [2025-11-30T13:57:06.030+0000] {dag.py:3036} INFO - Sync 1 DAGs
[2025-11-30T13:57:06.061+0000] {logging_mixin.py:188} INFO - [2025-11-30T13:57:06.060+0000] {dag.py:3823} INFO - Setting next_dagrun for fetch_data to 2025-11-30 00:00:00+00:00, run_after=2025-12-01 00:00:00+00:00
[2025-11-30T13:57:06.099+0000] {processor.py:183} INFO - Processing /opt/airflow/dags/01_data_fetch_mkCHtbls.py took 2.509 seconds
[2025-11-30T13:57:36.286+0000] {processor.py:161} INFO - Started process (PID=906) to work on /opt/airflow/dags/01_data_fetch_mkCHtbls.py
[2025-11-30T13:57:36.287+0000] {processor.py:830} INFO - Processing file /opt/airflow/dags/01_data_fetch_mkCHtbls.py for tasks to queue
[2025-11-30T13:57:36.287+0000] {logging_mixin.py:188} INFO - [2025-11-30T13:57:36.287+0000] {dagbag.py:538} INFO - Filling up the DagBag from /opt/airflow/dags/01_data_fetch_mkCHtbls.py
[2025-11-30T13:57:38.932+0000] {processor.py:840} INFO - DAG(s) 'fetch_data' retrieved from /opt/airflow/dags/01_data_fetch_mkCHtbls.py
[2025-11-30T13:57:38.965+0000] {logging_mixin.py:188} INFO - [2025-11-30T13:57:38.965+0000] {dag.py:3036} INFO - Sync 1 DAGs
[2025-11-30T13:57:38.991+0000] {logging_mixin.py:188} INFO - [2025-11-30T13:57:38.991+0000] {dag.py:3823} INFO - Setting next_dagrun for fetch_data to 2025-11-30 00:00:00+00:00, run_after=2025-12-01 00:00:00+00:00
[2025-11-30T13:57:39.010+0000] {processor.py:183} INFO - Processing /opt/airflow/dags/01_data_fetch_mkCHtbls.py took 2.727 seconds
[2025-11-30T13:58:09.223+0000] {processor.py:161} INFO - Started process (PID=971) to work on /opt/airflow/dags/01_data_fetch_mkCHtbls.py
[2025-11-30T13:58:09.225+0000] {processor.py:830} INFO - Processing file /opt/airflow/dags/01_data_fetch_mkCHtbls.py for tasks to queue
[2025-11-30T13:58:09.229+0000] {logging_mixin.py:188} INFO - [2025-11-30T13:58:09.228+0000] {dagbag.py:538} INFO - Filling up the DagBag from /opt/airflow/dags/01_data_fetch_mkCHtbls.py
[2025-11-30T13:58:11.741+0000] {processor.py:840} INFO - DAG(s) 'fetch_data' retrieved from /opt/airflow/dags/01_data_fetch_mkCHtbls.py
[2025-11-30T13:58:11.771+0000] {logging_mixin.py:188} INFO - [2025-11-30T13:58:11.771+0000] {dag.py:3036} INFO - Sync 1 DAGs
[2025-11-30T13:58:11.799+0000] {logging_mixin.py:188} INFO - [2025-11-30T13:58:11.799+0000] {dag.py:3823} INFO - Setting next_dagrun for fetch_data to 2025-11-30 00:00:00+00:00, run_after=2025-12-01 00:00:00+00:00
[2025-11-30T13:58:11.828+0000] {processor.py:183} INFO - Processing /opt/airflow/dags/01_data_fetch_mkCHtbls.py took 2.614 seconds
[2025-11-30T13:58:42.083+0000] {processor.py:161} INFO - Started process (PID=1036) to work on /opt/airflow/dags/01_data_fetch_mkCHtbls.py
[2025-11-30T13:58:42.085+0000] {processor.py:830} INFO - Processing file /opt/airflow/dags/01_data_fetch_mkCHtbls.py for tasks to queue
[2025-11-30T13:58:42.086+0000] {logging_mixin.py:188} INFO - [2025-11-30T13:58:42.086+0000] {dagbag.py:538} INFO - Filling up the DagBag from /opt/airflow/dags/01_data_fetch_mkCHtbls.py
[2025-11-30T13:58:44.815+0000] {processor.py:840} INFO - DAG(s) 'fetch_data' retrieved from /opt/airflow/dags/01_data_fetch_mkCHtbls.py
[2025-11-30T13:58:44.845+0000] {logging_mixin.py:188} INFO - [2025-11-30T13:58:44.845+0000] {dag.py:3036} INFO - Sync 1 DAGs
[2025-11-30T13:58:44.874+0000] {logging_mixin.py:188} INFO - [2025-11-30T13:58:44.874+0000] {dag.py:3823} INFO - Setting next_dagrun for fetch_data to 2025-11-30 00:00:00+00:00, run_after=2025-12-01 00:00:00+00:00
[2025-11-30T13:58:44.897+0000] {processor.py:183} INFO - Processing /opt/airflow/dags/01_data_fetch_mkCHtbls.py took 2.819 seconds
[2025-11-30T13:59:16.702+0000] {processor.py:161} INFO - Started process (PID=1099) to work on /opt/airflow/dags/01_data_fetch_mkCHtbls.py
[2025-11-30T13:59:16.708+0000] {processor.py:830} INFO - Processing file /opt/airflow/dags/01_data_fetch_mkCHtbls.py for tasks to queue
[2025-11-30T13:59:16.723+0000] {logging_mixin.py:188} INFO - [2025-11-30T13:59:16.714+0000] {dagbag.py:538} INFO - Filling up the DagBag from /opt/airflow/dags/01_data_fetch_mkCHtbls.py
[2025-11-30T13:59:25.125+0000] {processor.py:840} INFO - DAG(s) 'fetch_data' retrieved from /opt/airflow/dags/01_data_fetch_mkCHtbls.py
[2025-11-30T13:59:25.192+0000] {logging_mixin.py:188} INFO - [2025-11-30T13:59:25.192+0000] {dag.py:3036} INFO - Sync 1 DAGs
[2025-11-30T13:59:25.291+0000] {logging_mixin.py:188} INFO - [2025-11-30T13:59:25.291+0000] {dag.py:3823} INFO - Setting next_dagrun for fetch_data to 2025-11-30 00:00:00+00:00, run_after=2025-12-01 00:00:00+00:00
[2025-11-30T13:59:25.350+0000] {processor.py:183} INFO - Processing /opt/airflow/dags/01_data_fetch_mkCHtbls.py took 8.678 seconds
[2025-11-30T13:59:55.552+0000] {processor.py:161} INFO - Started process (PID=1186) to work on /opt/airflow/dags/01_data_fetch_mkCHtbls.py
[2025-11-30T13:59:55.554+0000] {processor.py:830} INFO - Processing file /opt/airflow/dags/01_data_fetch_mkCHtbls.py for tasks to queue
[2025-11-30T13:59:55.555+0000] {logging_mixin.py:188} INFO - [2025-11-30T13:59:55.555+0000] {dagbag.py:538} INFO - Filling up the DagBag from /opt/airflow/dags/01_data_fetch_mkCHtbls.py
[2025-11-30T13:59:58.184+0000] {processor.py:840} INFO - DAG(s) 'fetch_data' retrieved from /opt/airflow/dags/01_data_fetch_mkCHtbls.py
[2025-11-30T13:59:58.212+0000] {logging_mixin.py:188} INFO - [2025-11-30T13:59:58.211+0000] {dag.py:3036} INFO - Sync 1 DAGs
[2025-11-30T13:59:58.234+0000] {logging_mixin.py:188} INFO - [2025-11-30T13:59:58.234+0000] {dag.py:3823} INFO - Setting next_dagrun for fetch_data to 2025-11-30 00:00:00+00:00, run_after=2025-12-01 00:00:00+00:00
[2025-11-30T13:59:58.251+0000] {processor.py:183} INFO - Processing /opt/airflow/dags/01_data_fetch_mkCHtbls.py took 2.705 seconds
[2025-11-30T14:00:29.132+0000] {processor.py:161} INFO - Started process (PID=1251) to work on /opt/airflow/dags/01_data_fetch_mkCHtbls.py
[2025-11-30T14:00:29.133+0000] {processor.py:830} INFO - Processing file /opt/airflow/dags/01_data_fetch_mkCHtbls.py for tasks to queue
[2025-11-30T14:00:29.134+0000] {logging_mixin.py:188} INFO - [2025-11-30T14:00:29.134+0000] {dagbag.py:538} INFO - Filling up the DagBag from /opt/airflow/dags/01_data_fetch_mkCHtbls.py
[2025-11-30T14:00:32.058+0000] {processor.py:840} INFO - DAG(s) 'fetch_data' retrieved from /opt/airflow/dags/01_data_fetch_mkCHtbls.py
[2025-11-30T14:00:32.089+0000] {logging_mixin.py:188} INFO - [2025-11-30T14:00:32.088+0000] {dag.py:3036} INFO - Sync 1 DAGs
[2025-11-30T14:00:32.107+0000] {logging_mixin.py:188} INFO - [2025-11-30T14:00:32.107+0000] {dag.py:3823} INFO - Setting next_dagrun for fetch_data to 2025-11-30 00:00:00+00:00, run_after=2025-12-01 00:00:00+00:00
[2025-11-30T14:00:32.126+0000] {processor.py:183} INFO - Processing /opt/airflow/dags/01_data_fetch_mkCHtbls.py took 3.000 seconds
[2025-11-30T14:01:02.388+0000] {processor.py:161} INFO - Started process (PID=1316) to work on /opt/airflow/dags/01_data_fetch_mkCHtbls.py
[2025-11-30T14:01:02.389+0000] {processor.py:830} INFO - Processing file /opt/airflow/dags/01_data_fetch_mkCHtbls.py for tasks to queue
[2025-11-30T14:01:02.391+0000] {logging_mixin.py:188} INFO - [2025-11-30T14:01:02.390+0000] {dagbag.py:538} INFO - Filling up the DagBag from /opt/airflow/dags/01_data_fetch_mkCHtbls.py
[2025-11-30T14:01:05.185+0000] {processor.py:840} INFO - DAG(s) 'fetch_data' retrieved from /opt/airflow/dags/01_data_fetch_mkCHtbls.py
[2025-11-30T14:01:05.214+0000] {logging_mixin.py:188} INFO - [2025-11-30T14:01:05.214+0000] {dag.py:3036} INFO - Sync 1 DAGs
[2025-11-30T14:01:05.234+0000] {logging_mixin.py:188} INFO - [2025-11-30T14:01:05.233+0000] {dag.py:3823} INFO - Setting next_dagrun for fetch_data to 2025-11-30 00:00:00+00:00, run_after=2025-12-01 00:00:00+00:00
[2025-11-30T14:01:05.257+0000] {processor.py:183} INFO - Processing /opt/airflow/dags/01_data_fetch_mkCHtbls.py took 2.876 seconds
[2025-11-30T14:01:35.870+0000] {processor.py:161} INFO - Started process (PID=1381) to work on /opt/airflow/dags/01_data_fetch_mkCHtbls.py
[2025-11-30T14:01:35.872+0000] {processor.py:830} INFO - Processing file /opt/airflow/dags/01_data_fetch_mkCHtbls.py for tasks to queue
[2025-11-30T14:01:35.873+0000] {logging_mixin.py:188} INFO - [2025-11-30T14:01:35.872+0000] {dagbag.py:538} INFO - Filling up the DagBag from /opt/airflow/dags/01_data_fetch_mkCHtbls.py
[2025-11-30T14:01:38.570+0000] {processor.py:840} INFO - DAG(s) 'fetch_data' retrieved from /opt/airflow/dags/01_data_fetch_mkCHtbls.py
[2025-11-30T14:01:38.599+0000] {logging_mixin.py:188} INFO - [2025-11-30T14:01:38.599+0000] {dag.py:3036} INFO - Sync 1 DAGs
[2025-11-30T14:01:38.617+0000] {logging_mixin.py:188} INFO - [2025-11-30T14:01:38.617+0000] {dag.py:3823} INFO - Setting next_dagrun for fetch_data to 2025-11-30 00:00:00+00:00, run_after=2025-12-01 00:00:00+00:00
[2025-11-30T14:01:38.630+0000] {processor.py:183} INFO - Processing /opt/airflow/dags/01_data_fetch_mkCHtbls.py took 2.766 seconds
[2025-11-30T14:02:09.296+0000] {processor.py:161} INFO - Started process (PID=1446) to work on /opt/airflow/dags/01_data_fetch_mkCHtbls.py
[2025-11-30T14:02:09.297+0000] {processor.py:830} INFO - Processing file /opt/airflow/dags/01_data_fetch_mkCHtbls.py for tasks to queue
[2025-11-30T14:02:09.298+0000] {logging_mixin.py:188} INFO - [2025-11-30T14:02:09.297+0000] {dagbag.py:538} INFO - Filling up the DagBag from /opt/airflow/dags/01_data_fetch_mkCHtbls.py
[2025-11-30T14:02:12.087+0000] {processor.py:840} INFO - DAG(s) 'fetch_data' retrieved from /opt/airflow/dags/01_data_fetch_mkCHtbls.py
[2025-11-30T14:02:12.114+0000] {logging_mixin.py:188} INFO - [2025-11-30T14:02:12.114+0000] {dag.py:3036} INFO - Sync 1 DAGs
[2025-11-30T14:02:12.134+0000] {logging_mixin.py:188} INFO - [2025-11-30T14:02:12.133+0000] {dag.py:3823} INFO - Setting next_dagrun for fetch_data to 2025-11-30 00:00:00+00:00, run_after=2025-12-01 00:00:00+00:00
[2025-11-30T14:02:12.294+0000] {processor.py:183} INFO - Processing /opt/airflow/dags/01_data_fetch_mkCHtbls.py took 3.005 seconds
[2025-11-30T14:02:42.608+0000] {processor.py:161} INFO - Started process (PID=1511) to work on /opt/airflow/dags/01_data_fetch_mkCHtbls.py
[2025-11-30T14:02:42.613+0000] {processor.py:830} INFO - Processing file /opt/airflow/dags/01_data_fetch_mkCHtbls.py for tasks to queue
[2025-11-30T14:02:42.617+0000] {logging_mixin.py:188} INFO - [2025-11-30T14:02:42.615+0000] {dagbag.py:538} INFO - Filling up the DagBag from /opt/airflow/dags/01_data_fetch_mkCHtbls.py
[2025-11-30T14:02:45.456+0000] {processor.py:840} INFO - DAG(s) 'fetch_data' retrieved from /opt/airflow/dags/01_data_fetch_mkCHtbls.py
[2025-11-30T14:02:45.507+0000] {logging_mixin.py:188} INFO - [2025-11-30T14:02:45.506+0000] {dag.py:3036} INFO - Sync 1 DAGs
[2025-11-30T14:02:45.696+0000] {logging_mixin.py:188} INFO - [2025-11-30T14:02:45.696+0000] {dag.py:3823} INFO - Setting next_dagrun for fetch_data to 2025-11-30 00:00:00+00:00, run_after=2025-12-01 00:00:00+00:00
[2025-11-30T14:02:45.711+0000] {processor.py:183} INFO - Processing /opt/airflow/dags/01_data_fetch_mkCHtbls.py took 3.116 seconds
[2025-11-30T14:03:15.985+0000] {processor.py:161} INFO - Started process (PID=1576) to work on /opt/airflow/dags/01_data_fetch_mkCHtbls.py
[2025-11-30T14:03:15.987+0000] {processor.py:830} INFO - Processing file /opt/airflow/dags/01_data_fetch_mkCHtbls.py for tasks to queue
[2025-11-30T14:03:15.988+0000] {logging_mixin.py:188} INFO - [2025-11-30T14:03:15.987+0000] {dagbag.py:538} INFO - Filling up the DagBag from /opt/airflow/dags/01_data_fetch_mkCHtbls.py
[2025-11-30T14:03:18.769+0000] {processor.py:840} INFO - DAG(s) 'fetch_data' retrieved from /opt/airflow/dags/01_data_fetch_mkCHtbls.py
[2025-11-30T14:03:18.804+0000] {logging_mixin.py:188} INFO - [2025-11-30T14:03:18.803+0000] {dag.py:3036} INFO - Sync 1 DAGs
[2025-11-30T14:03:18.832+0000] {logging_mixin.py:188} INFO - [2025-11-30T14:03:18.832+0000] {dag.py:3823} INFO - Setting next_dagrun for fetch_data to 2025-11-30 00:00:00+00:00, run_after=2025-12-01 00:00:00+00:00
[2025-11-30T14:03:18.865+0000] {processor.py:183} INFO - Processing /opt/airflow/dags/01_data_fetch_mkCHtbls.py took 2.884 seconds
[2025-11-30T14:03:49.034+0000] {processor.py:161} INFO - Started process (PID=1641) to work on /opt/airflow/dags/01_data_fetch_mkCHtbls.py
[2025-11-30T14:03:49.036+0000] {processor.py:830} INFO - Processing file /opt/airflow/dags/01_data_fetch_mkCHtbls.py for tasks to queue
[2025-11-30T14:03:49.040+0000] {logging_mixin.py:188} INFO - [2025-11-30T14:03:49.038+0000] {dagbag.py:538} INFO - Filling up the DagBag from /opt/airflow/dags/01_data_fetch_mkCHtbls.py
[2025-11-30T14:03:51.880+0000] {processor.py:840} INFO - DAG(s) 'fetch_data' retrieved from /opt/airflow/dags/01_data_fetch_mkCHtbls.py
[2025-11-30T14:03:51.925+0000] {logging_mixin.py:188} INFO - [2025-11-30T14:03:51.924+0000] {dag.py:3036} INFO - Sync 1 DAGs
[2025-11-30T14:03:51.944+0000] {logging_mixin.py:188} INFO - [2025-11-30T14:03:51.944+0000] {dag.py:3823} INFO - Setting next_dagrun for fetch_data to 2025-11-30 00:00:00+00:00, run_after=2025-12-01 00:00:00+00:00
[2025-11-30T14:03:52.092+0000] {processor.py:183} INFO - Processing /opt/airflow/dags/01_data_fetch_mkCHtbls.py took 3.062 seconds
[2025-11-30T14:04:22.508+0000] {processor.py:161} INFO - Started process (PID=1706) to work on /opt/airflow/dags/01_data_fetch_mkCHtbls.py
[2025-11-30T14:04:22.510+0000] {processor.py:830} INFO - Processing file /opt/airflow/dags/01_data_fetch_mkCHtbls.py for tasks to queue
[2025-11-30T14:04:22.512+0000] {logging_mixin.py:188} INFO - [2025-11-30T14:04:22.511+0000] {dagbag.py:538} INFO - Filling up the DagBag from /opt/airflow/dags/01_data_fetch_mkCHtbls.py
[2025-11-30T14:04:25.610+0000] {processor.py:840} INFO - DAG(s) 'fetch_data' retrieved from /opt/airflow/dags/01_data_fetch_mkCHtbls.py
[2025-11-30T14:04:25.640+0000] {logging_mixin.py:188} INFO - [2025-11-30T14:04:25.640+0000] {dag.py:3036} INFO - Sync 1 DAGs
[2025-11-30T14:04:25.792+0000] {logging_mixin.py:188} INFO - [2025-11-30T14:04:25.791+0000] {dag.py:3823} INFO - Setting next_dagrun for fetch_data to 2025-11-30 00:00:00+00:00, run_after=2025-12-01 00:00:00+00:00
[2025-11-30T14:04:25.837+0000] {processor.py:183} INFO - Processing /opt/airflow/dags/01_data_fetch_mkCHtbls.py took 3.336 seconds
[2025-11-30T14:04:56.140+0000] {processor.py:161} INFO - Started process (PID=1791) to work on /opt/airflow/dags/01_data_fetch_mkCHtbls.py
[2025-11-30T14:04:56.141+0000] {processor.py:830} INFO - Processing file /opt/airflow/dags/01_data_fetch_mkCHtbls.py for tasks to queue
[2025-11-30T14:04:56.142+0000] {logging_mixin.py:188} INFO - [2025-11-30T14:04:56.141+0000] {dagbag.py:538} INFO - Filling up the DagBag from /opt/airflow/dags/01_data_fetch_mkCHtbls.py
[2025-11-30T14:04:58.854+0000] {processor.py:840} INFO - DAG(s) 'fetch_data' retrieved from /opt/airflow/dags/01_data_fetch_mkCHtbls.py
[2025-11-30T14:04:58.889+0000] {logging_mixin.py:188} INFO - [2025-11-30T14:04:58.888+0000] {dag.py:3036} INFO - Sync 1 DAGs
[2025-11-30T14:04:58.937+0000] {logging_mixin.py:188} INFO - [2025-11-30T14:04:58.936+0000] {dag.py:3823} INFO - Setting next_dagrun for fetch_data to 2025-11-30 00:00:00+00:00, run_after=2025-12-01 00:00:00+00:00
[2025-11-30T14:04:58.951+0000] {processor.py:183} INFO - Processing /opt/airflow/dags/01_data_fetch_mkCHtbls.py took 2.815 seconds
[2025-11-30T14:05:29.060+0000] {processor.py:161} INFO - Started process (PID=1877) to work on /opt/airflow/dags/01_data_fetch_mkCHtbls.py
[2025-11-30T14:05:29.061+0000] {processor.py:830} INFO - Processing file /opt/airflow/dags/01_data_fetch_mkCHtbls.py for tasks to queue
[2025-11-30T14:05:29.062+0000] {logging_mixin.py:188} INFO - [2025-11-30T14:05:29.061+0000] {dagbag.py:538} INFO - Filling up the DagBag from /opt/airflow/dags/01_data_fetch_mkCHtbls.py
[2025-11-30T14:05:32.448+0000] {processor.py:840} INFO - DAG(s) 'fetch_data' retrieved from /opt/airflow/dags/01_data_fetch_mkCHtbls.py
[2025-11-30T14:05:32.517+0000] {logging_mixin.py:188} INFO - [2025-11-30T14:05:32.515+0000] {dag.py:3036} INFO - Sync 1 DAGs
[2025-11-30T14:05:32.729+0000] {logging_mixin.py:188} INFO - [2025-11-30T14:05:32.727+0000] {dag.py:3823} INFO - Setting next_dagrun for fetch_data to 2025-11-30 00:00:00+00:00, run_after=2025-12-01 00:00:00+00:00
[2025-11-30T14:05:32.788+0000] {processor.py:183} INFO - Processing /opt/airflow/dags/01_data_fetch_mkCHtbls.py took 3.732 seconds
[2025-11-30T14:06:02.942+0000] {processor.py:161} INFO - Started process (PID=2003) to work on /opt/airflow/dags/01_data_fetch_mkCHtbls.py
[2025-11-30T14:06:02.944+0000] {processor.py:830} INFO - Processing file /opt/airflow/dags/01_data_fetch_mkCHtbls.py for tasks to queue
[2025-11-30T14:06:02.945+0000] {logging_mixin.py:188} INFO - [2025-11-30T14:06:02.944+0000] {dagbag.py:538} INFO - Filling up the DagBag from /opt/airflow/dags/01_data_fetch_mkCHtbls.py
[2025-11-30T14:06:07.199+0000] {processor.py:840} INFO - DAG(s) 'fetch_data' retrieved from /opt/airflow/dags/01_data_fetch_mkCHtbls.py
[2025-11-30T14:06:07.478+0000] {logging_mixin.py:188} INFO - [2025-11-30T14:06:07.476+0000] {dag.py:3036} INFO - Sync 1 DAGs
[2025-11-30T14:06:07.502+0000] {logging_mixin.py:188} INFO - [2025-11-30T14:06:07.501+0000] {dag.py:3823} INFO - Setting next_dagrun for fetch_data to 2025-11-30 00:00:00+00:00, run_after=2025-12-01 00:00:00+00:00
[2025-11-30T14:06:07.534+0000] {processor.py:183} INFO - Processing /opt/airflow/dags/01_data_fetch_mkCHtbls.py took 4.595 seconds
[2025-11-30T14:06:37.910+0000] {processor.py:161} INFO - Started process (PID=2136) to work on /opt/airflow/dags/01_data_fetch_mkCHtbls.py
[2025-11-30T14:06:37.911+0000] {processor.py:830} INFO - Processing file /opt/airflow/dags/01_data_fetch_mkCHtbls.py for tasks to queue
[2025-11-30T14:06:37.913+0000] {logging_mixin.py:188} INFO - [2025-11-30T14:06:37.912+0000] {dagbag.py:538} INFO - Filling up the DagBag from /opt/airflow/dags/01_data_fetch_mkCHtbls.py
[2025-11-30T14:06:40.949+0000] {processor.py:840} INFO - DAG(s) 'fetch_data' retrieved from /opt/airflow/dags/01_data_fetch_mkCHtbls.py
[2025-11-30T14:06:40.998+0000] {logging_mixin.py:188} INFO - [2025-11-30T14:06:40.997+0000] {dag.py:3036} INFO - Sync 1 DAGs
[2025-11-30T14:06:41.019+0000] {logging_mixin.py:188} INFO - [2025-11-30T14:06:41.019+0000] {dag.py:3823} INFO - Setting next_dagrun for fetch_data to 2025-11-30 00:00:00+00:00, run_after=2025-12-01 00:00:00+00:00
[2025-11-30T14:06:41.034+0000] {processor.py:183} INFO - Processing /opt/airflow/dags/01_data_fetch_mkCHtbls.py took 3.127 seconds
[2025-11-30T14:07:11.539+0000] {processor.py:161} INFO - Started process (PID=2201) to work on /opt/airflow/dags/01_data_fetch_mkCHtbls.py
[2025-11-30T14:07:11.540+0000] {processor.py:830} INFO - Processing file /opt/airflow/dags/01_data_fetch_mkCHtbls.py for tasks to queue
[2025-11-30T14:07:11.541+0000] {logging_mixin.py:188} INFO - [2025-11-30T14:07:11.541+0000] {dagbag.py:538} INFO - Filling up the DagBag from /opt/airflow/dags/01_data_fetch_mkCHtbls.py
[2025-11-30T14:07:14.765+0000] {processor.py:840} INFO - DAG(s) 'fetch_data' retrieved from /opt/airflow/dags/01_data_fetch_mkCHtbls.py
[2025-11-30T14:07:14.810+0000] {logging_mixin.py:188} INFO - [2025-11-30T14:07:14.809+0000] {dag.py:3036} INFO - Sync 1 DAGs
[2025-11-30T14:07:14.950+0000] {logging_mixin.py:188} INFO - [2025-11-30T14:07:14.949+0000] {dag.py:3823} INFO - Setting next_dagrun for fetch_data to 2025-11-30 00:00:00+00:00, run_after=2025-12-01 00:00:00+00:00
[2025-11-30T14:07:14.968+0000] {processor.py:183} INFO - Processing /opt/airflow/dags/01_data_fetch_mkCHtbls.py took 3.436 seconds
[2025-11-30T14:07:45.863+0000] {processor.py:161} INFO - Started process (PID=2266) to work on /opt/airflow/dags/01_data_fetch_mkCHtbls.py
[2025-11-30T14:07:45.864+0000] {processor.py:830} INFO - Processing file /opt/airflow/dags/01_data_fetch_mkCHtbls.py for tasks to queue
[2025-11-30T14:07:45.865+0000] {logging_mixin.py:188} INFO - [2025-11-30T14:07:45.864+0000] {dagbag.py:538} INFO - Filling up the DagBag from /opt/airflow/dags/01_data_fetch_mkCHtbls.py
[2025-11-30T14:07:49.772+0000] {processor.py:840} INFO - DAG(s) 'fetch_data' retrieved from /opt/airflow/dags/01_data_fetch_mkCHtbls.py
[2025-11-30T14:07:49.945+0000] {logging_mixin.py:188} INFO - [2025-11-30T14:07:49.944+0000] {dag.py:3036} INFO - Sync 1 DAGs
[2025-11-30T14:07:49.961+0000] {logging_mixin.py:188} INFO - [2025-11-30T14:07:49.961+0000] {dag.py:3823} INFO - Setting next_dagrun for fetch_data to 2025-11-30 00:00:00+00:00, run_after=2025-12-01 00:00:00+00:00
[2025-11-30T14:07:49.985+0000] {processor.py:183} INFO - Processing /opt/airflow/dags/01_data_fetch_mkCHtbls.py took 4.127 seconds
[2025-11-30T14:08:20.388+0000] {processor.py:161} INFO - Started process (PID=2331) to work on /opt/airflow/dags/01_data_fetch_mkCHtbls.py
[2025-11-30T14:08:20.392+0000] {processor.py:830} INFO - Processing file /opt/airflow/dags/01_data_fetch_mkCHtbls.py for tasks to queue
[2025-11-30T14:08:20.399+0000] {logging_mixin.py:188} INFO - [2025-11-30T14:08:20.395+0000] {dagbag.py:538} INFO - Filling up the DagBag from /opt/airflow/dags/01_data_fetch_mkCHtbls.py
[2025-11-30T14:08:23.748+0000] {processor.py:840} INFO - DAG(s) 'fetch_data' retrieved from /opt/airflow/dags/01_data_fetch_mkCHtbls.py
[2025-11-30T14:08:23.793+0000] {logging_mixin.py:188} INFO - [2025-11-30T14:08:23.792+0000] {dag.py:3036} INFO - Sync 1 DAGs
[2025-11-30T14:08:23.822+0000] {logging_mixin.py:188} INFO - [2025-11-30T14:08:23.821+0000] {dag.py:3823} INFO - Setting next_dagrun for fetch_data to 2025-11-30 00:00:00+00:00, run_after=2025-12-01 00:00:00+00:00
[2025-11-30T14:08:24.020+0000] {processor.py:183} INFO - Processing /opt/airflow/dags/01_data_fetch_mkCHtbls.py took 3.638 seconds
[2025-11-30T14:08:54.514+0000] {processor.py:161} INFO - Started process (PID=2396) to work on /opt/airflow/dags/01_data_fetch_mkCHtbls.py
[2025-11-30T14:08:54.515+0000] {processor.py:830} INFO - Processing file /opt/airflow/dags/01_data_fetch_mkCHtbls.py for tasks to queue
[2025-11-30T14:08:54.516+0000] {logging_mixin.py:188} INFO - [2025-11-30T14:08:54.515+0000] {dagbag.py:538} INFO - Filling up the DagBag from /opt/airflow/dags/01_data_fetch_mkCHtbls.py
[2025-11-30T14:08:57.765+0000] {processor.py:840} INFO - DAG(s) 'fetch_data' retrieved from /opt/airflow/dags/01_data_fetch_mkCHtbls.py
[2025-11-30T14:08:57.802+0000] {logging_mixin.py:188} INFO - [2025-11-30T14:08:57.801+0000] {dag.py:3036} INFO - Sync 1 DAGs
[2025-11-30T14:08:57.956+0000] {logging_mixin.py:188} INFO - [2025-11-30T14:08:57.956+0000] {dag.py:3823} INFO - Setting next_dagrun for fetch_data to 2025-11-30 00:00:00+00:00, run_after=2025-12-01 00:00:00+00:00
[2025-11-30T14:08:57.973+0000] {processor.py:183} INFO - Processing /opt/airflow/dags/01_data_fetch_mkCHtbls.py took 3.464 seconds
[2025-11-30T14:09:28.034+0000] {processor.py:161} INFO - Started process (PID=2461) to work on /opt/airflow/dags/01_data_fetch_mkCHtbls.py
[2025-11-30T14:09:28.039+0000] {processor.py:830} INFO - Processing file /opt/airflow/dags/01_data_fetch_mkCHtbls.py for tasks to queue
[2025-11-30T14:09:28.044+0000] {logging_mixin.py:188} INFO - [2025-11-30T14:09:28.042+0000] {dagbag.py:538} INFO - Filling up the DagBag from /opt/airflow/dags/01_data_fetch_mkCHtbls.py
[2025-11-30T14:09:31.462+0000] {processor.py:840} INFO - DAG(s) 'fetch_data' retrieved from /opt/airflow/dags/01_data_fetch_mkCHtbls.py
[2025-11-30T14:09:31.501+0000] {logging_mixin.py:188} INFO - [2025-11-30T14:09:31.501+0000] {dag.py:3036} INFO - Sync 1 DAGs
[2025-11-30T14:09:31.518+0000] {logging_mixin.py:188} INFO - [2025-11-30T14:09:31.518+0000] {dag.py:3823} INFO - Setting next_dagrun for fetch_data to 2025-11-30 00:00:00+00:00, run_after=2025-12-01 00:00:00+00:00
[2025-11-30T14:09:31.549+0000] {processor.py:183} INFO - Processing /opt/airflow/dags/01_data_fetch_mkCHtbls.py took 3.528 seconds
[2025-11-30T14:10:02.249+0000] {processor.py:161} INFO - Started process (PID=2546) to work on /opt/airflow/dags/01_data_fetch_mkCHtbls.py
[2025-11-30T14:10:02.250+0000] {processor.py:830} INFO - Processing file /opt/airflow/dags/01_data_fetch_mkCHtbls.py for tasks to queue
[2025-11-30T14:10:02.252+0000] {logging_mixin.py:188} INFO - [2025-11-30T14:10:02.251+0000] {dagbag.py:538} INFO - Filling up the DagBag from /opt/airflow/dags/01_data_fetch_mkCHtbls.py
[2025-11-30T14:10:06.080+0000] {processor.py:840} INFO - DAG(s) 'fetch_data' retrieved from /opt/airflow/dags/01_data_fetch_mkCHtbls.py
[2025-11-30T14:10:06.130+0000] {logging_mixin.py:188} INFO - [2025-11-30T14:10:06.129+0000] {dag.py:3036} INFO - Sync 1 DAGs
[2025-11-30T14:10:06.340+0000] {logging_mixin.py:188} INFO - [2025-11-30T14:10:06.338+0000] {dag.py:3823} INFO - Setting next_dagrun for fetch_data to 2025-11-30 00:00:00+00:00, run_after=2025-12-01 00:00:00+00:00
[2025-11-30T14:10:06.368+0000] {processor.py:183} INFO - Processing /opt/airflow/dags/01_data_fetch_mkCHtbls.py took 4.123 seconds
[2025-11-30T14:10:36.510+0000] {processor.py:161} INFO - Started process (PID=2632) to work on /opt/airflow/dags/01_data_fetch_mkCHtbls.py
[2025-11-30T14:10:36.511+0000] {processor.py:830} INFO - Processing file /opt/airflow/dags/01_data_fetch_mkCHtbls.py for tasks to queue
[2025-11-30T14:10:36.512+0000] {logging_mixin.py:188} INFO - [2025-11-30T14:10:36.511+0000] {dagbag.py:538} INFO - Filling up the DagBag from /opt/airflow/dags/01_data_fetch_mkCHtbls.py
[2025-11-30T14:10:40.012+0000] {processor.py:840} INFO - DAG(s) 'fetch_data' retrieved from /opt/airflow/dags/01_data_fetch_mkCHtbls.py
[2025-11-30T14:10:40.308+0000] {logging_mixin.py:188} INFO - [2025-11-30T14:10:40.305+0000] {dag.py:3036} INFO - Sync 1 DAGs
[2025-11-30T14:10:40.407+0000] {logging_mixin.py:188} INFO - [2025-11-30T14:10:40.405+0000] {dag.py:3823} INFO - Setting next_dagrun for fetch_data to 2025-11-30 00:00:00+00:00, run_after=2025-12-01 00:00:00+00:00
[2025-11-30T14:10:40.456+0000] {processor.py:183} INFO - Processing /opt/airflow/dags/01_data_fetch_mkCHtbls.py took 3.950 seconds
[2025-11-30T14:11:11.457+0000] {processor.py:161} INFO - Started process (PID=2697) to work on /opt/airflow/dags/01_data_fetch_mkCHtbls.py
[2025-11-30T14:11:11.459+0000] {processor.py:830} INFO - Processing file /opt/airflow/dags/01_data_fetch_mkCHtbls.py for tasks to queue
[2025-11-30T14:11:11.460+0000] {logging_mixin.py:188} INFO - [2025-11-30T14:11:11.460+0000] {dagbag.py:538} INFO - Filling up the DagBag from /opt/airflow/dags/01_data_fetch_mkCHtbls.py
[2025-11-30T14:11:14.839+0000] {processor.py:840} INFO - DAG(s) 'fetch_data' retrieved from /opt/airflow/dags/01_data_fetch_mkCHtbls.py
[2025-11-30T14:11:14.873+0000] {logging_mixin.py:188} INFO - [2025-11-30T14:11:14.872+0000] {dag.py:3036} INFO - Sync 1 DAGs
[2025-11-30T14:11:14.891+0000] {logging_mixin.py:188} INFO - [2025-11-30T14:11:14.891+0000] {dag.py:3823} INFO - Setting next_dagrun for fetch_data to 2025-11-30 00:00:00+00:00, run_after=2025-12-01 00:00:00+00:00
[2025-11-30T14:11:14.906+0000] {processor.py:183} INFO - Processing /opt/airflow/dags/01_data_fetch_mkCHtbls.py took 3.455 seconds
[2025-11-30T14:11:45.381+0000] {processor.py:161} INFO - Started process (PID=2762) to work on /opt/airflow/dags/01_data_fetch_mkCHtbls.py
[2025-11-30T14:11:45.382+0000] {processor.py:830} INFO - Processing file /opt/airflow/dags/01_data_fetch_mkCHtbls.py for tasks to queue
[2025-11-30T14:11:45.383+0000] {logging_mixin.py:188} INFO - [2025-11-30T14:11:45.382+0000] {dagbag.py:538} INFO - Filling up the DagBag from /opt/airflow/dags/01_data_fetch_mkCHtbls.py
[2025-11-30T14:11:48.903+0000] {processor.py:840} INFO - DAG(s) 'fetch_data' retrieved from /opt/airflow/dags/01_data_fetch_mkCHtbls.py
[2025-11-30T14:11:48.950+0000] {logging_mixin.py:188} INFO - [2025-11-30T14:11:48.949+0000] {dag.py:3036} INFO - Sync 1 DAGs
[2025-11-30T14:11:48.988+0000] {logging_mixin.py:188} INFO - [2025-11-30T14:11:48.987+0000] {dag.py:3823} INFO - Setting next_dagrun for fetch_data to 2025-11-30 00:00:00+00:00, run_after=2025-12-01 00:00:00+00:00
[2025-11-30T14:11:49.015+0000] {processor.py:183} INFO - Processing /opt/airflow/dags/01_data_fetch_mkCHtbls.py took 3.636 seconds
[2025-11-30T14:12:19.528+0000] {processor.py:161} INFO - Started process (PID=2827) to work on /opt/airflow/dags/01_data_fetch_mkCHtbls.py
[2025-11-30T14:12:19.529+0000] {processor.py:830} INFO - Processing file /opt/airflow/dags/01_data_fetch_mkCHtbls.py for tasks to queue
[2025-11-30T14:12:19.530+0000] {logging_mixin.py:188} INFO - [2025-11-30T14:12:19.530+0000] {dagbag.py:538} INFO - Filling up the DagBag from /opt/airflow/dags/01_data_fetch_mkCHtbls.py
[2025-11-30T14:12:23.063+0000] {processor.py:840} INFO - DAG(s) 'fetch_data' retrieved from /opt/airflow/dags/01_data_fetch_mkCHtbls.py
[2025-11-30T14:12:23.235+0000] {logging_mixin.py:188} INFO - [2025-11-30T14:12:23.234+0000] {dag.py:3036} INFO - Sync 1 DAGs
[2025-11-30T14:12:23.256+0000] {logging_mixin.py:188} INFO - [2025-11-30T14:12:23.255+0000] {dag.py:3823} INFO - Setting next_dagrun for fetch_data to 2025-11-30 00:00:00+00:00, run_after=2025-12-01 00:00:00+00:00
[2025-11-30T14:12:23.274+0000] {processor.py:183} INFO - Processing /opt/airflow/dags/01_data_fetch_mkCHtbls.py took 3.750 seconds
[2025-11-30T14:12:53.939+0000] {processor.py:161} INFO - Started process (PID=2892) to work on /opt/airflow/dags/01_data_fetch_mkCHtbls.py
[2025-11-30T14:12:53.940+0000] {processor.py:830} INFO - Processing file /opt/airflow/dags/01_data_fetch_mkCHtbls.py for tasks to queue
[2025-11-30T14:12:53.942+0000] {logging_mixin.py:188} INFO - [2025-11-30T14:12:53.941+0000] {dagbag.py:538} INFO - Filling up the DagBag from /opt/airflow/dags/01_data_fetch_mkCHtbls.py
[2025-11-30T14:12:57.769+0000] {processor.py:840} INFO - DAG(s) 'fetch_data' retrieved from /opt/airflow/dags/01_data_fetch_mkCHtbls.py
[2025-11-30T14:12:57.818+0000] {logging_mixin.py:188} INFO - [2025-11-30T14:12:57.817+0000] {dag.py:3036} INFO - Sync 1 DAGs
[2025-11-30T14:12:57.845+0000] {logging_mixin.py:188} INFO - [2025-11-30T14:12:57.845+0000] {dag.py:3823} INFO - Setting next_dagrun for fetch_data to 2025-11-30 00:00:00+00:00, run_after=2025-12-01 00:00:00+00:00
[2025-11-30T14:12:57.875+0000] {processor.py:183} INFO - Processing /opt/airflow/dags/01_data_fetch_mkCHtbls.py took 3.943 seconds
[2025-11-30T14:13:28.195+0000] {processor.py:161} INFO - Started process (PID=2978) to work on /opt/airflow/dags/01_data_fetch_mkCHtbls.py
[2025-11-30T14:13:28.196+0000] {processor.py:830} INFO - Processing file /opt/airflow/dags/01_data_fetch_mkCHtbls.py for tasks to queue
[2025-11-30T14:13:28.199+0000] {logging_mixin.py:188} INFO - [2025-11-30T14:13:28.197+0000] {dagbag.py:538} INFO - Filling up the DagBag from /opt/airflow/dags/01_data_fetch_mkCHtbls.py
[2025-11-30T14:13:32.661+0000] {processor.py:840} INFO - DAG(s) 'fetch_data' retrieved from /opt/airflow/dags/01_data_fetch_mkCHtbls.py
[2025-11-30T14:13:32.704+0000] {logging_mixin.py:188} INFO - [2025-11-30T14:13:32.703+0000] {dag.py:3036} INFO - Sync 1 DAGs
[2025-11-30T14:13:32.721+0000] {logging_mixin.py:188} INFO - [2025-11-30T14:13:32.721+0000] {dag.py:3823} INFO - Setting next_dagrun for fetch_data to 2025-11-30 00:00:00+00:00, run_after=2025-12-01 00:00:00+00:00
[2025-11-30T14:13:32.746+0000] {processor.py:183} INFO - Processing /opt/airflow/dags/01_data_fetch_mkCHtbls.py took 4.559 seconds
[2025-11-30T14:14:02.877+0000] {processor.py:161} INFO - Started process (PID=3043) to work on /opt/airflow/dags/01_data_fetch_mkCHtbls.py
[2025-11-30T14:14:02.878+0000] {processor.py:830} INFO - Processing file /opt/airflow/dags/01_data_fetch_mkCHtbls.py for tasks to queue
[2025-11-30T14:14:02.879+0000] {logging_mixin.py:188} INFO - [2025-11-30T14:14:02.878+0000] {dagbag.py:538} INFO - Filling up the DagBag from /opt/airflow/dags/01_data_fetch_mkCHtbls.py
[2025-11-30T14:14:07.295+0000] {processor.py:840} INFO - DAG(s) 'fetch_data' retrieved from /opt/airflow/dags/01_data_fetch_mkCHtbls.py
[2025-11-30T14:14:07.353+0000] {logging_mixin.py:188} INFO - [2025-11-30T14:14:07.351+0000] {dag.py:3036} INFO - Sync 1 DAGs
[2025-11-30T14:14:07.371+0000] {logging_mixin.py:188} INFO - [2025-11-30T14:14:07.370+0000] {dag.py:3823} INFO - Setting next_dagrun for fetch_data to 2025-11-30 00:00:00+00:00, run_after=2025-12-01 00:00:00+00:00
[2025-11-30T14:14:07.397+0000] {processor.py:183} INFO - Processing /opt/airflow/dags/01_data_fetch_mkCHtbls.py took 4.524 seconds
[2025-11-30T14:14:37.823+0000] {processor.py:161} INFO - Started process (PID=3108) to work on /opt/airflow/dags/01_data_fetch_mkCHtbls.py
[2025-11-30T14:14:37.826+0000] {processor.py:830} INFO - Processing file /opt/airflow/dags/01_data_fetch_mkCHtbls.py for tasks to queue
[2025-11-30T14:14:37.829+0000] {logging_mixin.py:188} INFO - [2025-11-30T14:14:37.827+0000] {dagbag.py:538} INFO - Filling up the DagBag from /opt/airflow/dags/01_data_fetch_mkCHtbls.py
[2025-11-30T14:14:42.631+0000] {processor.py:840} INFO - DAG(s) 'fetch_data' retrieved from /opt/airflow/dags/01_data_fetch_mkCHtbls.py
[2025-11-30T14:14:42.681+0000] {logging_mixin.py:188} INFO - [2025-11-30T14:14:42.678+0000] {dag.py:3036} INFO - Sync 1 DAGs
[2025-11-30T14:14:42.709+0000] {logging_mixin.py:188} INFO - [2025-11-30T14:14:42.708+0000] {dag.py:3823} INFO - Setting next_dagrun for fetch_data to 2025-11-30 00:00:00+00:00, run_after=2025-12-01 00:00:00+00:00
[2025-11-30T14:14:42.733+0000] {processor.py:183} INFO - Processing /opt/airflow/dags/01_data_fetch_mkCHtbls.py took 4.919 seconds
[2025-11-30T14:15:12.992+0000] {processor.py:161} INFO - Started process (PID=3193) to work on /opt/airflow/dags/01_data_fetch_mkCHtbls.py
[2025-11-30T14:15:12.993+0000] {processor.py:830} INFO - Processing file /opt/airflow/dags/01_data_fetch_mkCHtbls.py for tasks to queue
[2025-11-30T14:15:12.995+0000] {logging_mixin.py:188} INFO - [2025-11-30T14:15:12.994+0000] {dagbag.py:538} INFO - Filling up the DagBag from /opt/airflow/dags/01_data_fetch_mkCHtbls.py
[2025-11-30T14:15:18.843+0000] {processor.py:840} INFO - DAG(s) 'fetch_data' retrieved from /opt/airflow/dags/01_data_fetch_mkCHtbls.py
[2025-11-30T14:15:18.892+0000] {logging_mixin.py:188} INFO - [2025-11-30T14:15:18.891+0000] {dag.py:3036} INFO - Sync 1 DAGs
[2025-11-30T14:15:18.908+0000] {logging_mixin.py:188} INFO - [2025-11-30T14:15:18.907+0000] {dag.py:3823} INFO - Setting next_dagrun for fetch_data to 2025-11-30 00:00:00+00:00, run_after=2025-12-01 00:00:00+00:00
[2025-11-30T14:15:18.922+0000] {processor.py:183} INFO - Processing /opt/airflow/dags/01_data_fetch_mkCHtbls.py took 5.936 seconds
[2025-11-30T14:15:49.297+0000] {processor.py:161} INFO - Started process (PID=3258) to work on /opt/airflow/dags/01_data_fetch_mkCHtbls.py
[2025-11-30T14:15:49.298+0000] {processor.py:830} INFO - Processing file /opt/airflow/dags/01_data_fetch_mkCHtbls.py for tasks to queue
[2025-11-30T14:15:49.299+0000] {logging_mixin.py:188} INFO - [2025-11-30T14:15:49.299+0000] {dagbag.py:538} INFO - Filling up the DagBag from /opt/airflow/dags/01_data_fetch_mkCHtbls.py
[2025-11-30T14:15:59.541+0000] {processor.py:840} INFO - DAG(s) 'fetch_data' retrieved from /opt/airflow/dags/01_data_fetch_mkCHtbls.py
[2025-11-30T14:15:59.584+0000] {logging_mixin.py:188} INFO - [2025-11-30T14:15:59.583+0000] {dag.py:3036} INFO - Sync 1 DAGs
[2025-11-30T14:15:59.612+0000] {logging_mixin.py:188} INFO - [2025-11-30T14:15:59.611+0000] {dag.py:3823} INFO - Setting next_dagrun for fetch_data to 2025-11-30 00:00:00+00:00, run_after=2025-12-01 00:00:00+00:00
[2025-11-30T14:15:59.649+0000] {processor.py:183} INFO - Processing /opt/airflow/dags/01_data_fetch_mkCHtbls.py took 10.356 seconds
[2025-11-30T14:16:29.848+0000] {processor.py:161} INFO - Started process (PID=3374) to work on /opt/airflow/dags/01_data_fetch_mkCHtbls.py
[2025-11-30T14:16:29.849+0000] {processor.py:830} INFO - Processing file /opt/airflow/dags/01_data_fetch_mkCHtbls.py for tasks to queue
[2025-11-30T14:16:29.850+0000] {logging_mixin.py:188} INFO - [2025-11-30T14:16:29.849+0000] {dagbag.py:538} INFO - Filling up the DagBag from /opt/airflow/dags/01_data_fetch_mkCHtbls.py
[2025-11-30T14:17:02.550+0000] {logging_mixin.py:188} INFO - [2025-11-30T14:17:01.154+0000] {timeout.py:68} ERROR - Process timed out, PID: 3374
[2025-11-30T14:17:02.596+0000] {logging_mixin.py:188} INFO - [2025-11-30T14:17:02.570+0000] {dagbag.py:348} ERROR - Failed to import: /opt/airflow/dags/01_data_fetch_mkCHtbls.py
Traceback (most recent call last):
  File "/home/airflow/.local/lib/python3.8/site-packages/airflow/models/dagbag.py", line 344, in parse
    loader.exec_module(new_module)
  File "<frozen importlib._bootstrap_external>", line 843, in exec_module
  File "<frozen importlib._bootstrap>", line 219, in _call_with_frames_removed
  File "/opt/airflow/dags/01_data_fetch_mkCHtbls.py", line 9, in <module>
    subprocess.check_call([sys.executable, '-m', 'pip', 'install', 'meteostat'])
  File "/usr/local/lib/python3.8/subprocess.py", line 359, in check_call
    retcode = call(*popenargs, **kwargs)
  File "/usr/local/lib/python3.8/subprocess.py", line 342, in call
    return p.wait(timeout=timeout)
  File "/usr/local/lib/python3.8/subprocess.py", line 1083, in wait
    return self._wait(timeout=timeout)
  File "/usr/local/lib/python3.8/subprocess.py", line 1822, in _wait
    (pid, sts) = self._try_wait(0)
  File "/usr/local/lib/python3.8/subprocess.py", line 1780, in _try_wait
    (pid, sts) = os.waitpid(self.pid, wait_flags)
  File "/home/airflow/.local/lib/python3.8/site-packages/airflow/utils/timeout.py", line 69, in handle_timeout
    raise AirflowTaskTimeout(self.error_message)
airflow.exceptions.AirflowTaskTimeout: DagBag import timeout for /opt/airflow/dags/01_data_fetch_mkCHtbls.py after 30.0s.
Please take a look at these docs to improve your DAG import time:
* https://airflow.apache.org/docs/apache-airflow/2.8.1/best-practices.html#top-level-python-code
* https://airflow.apache.org/docs/apache-airflow/2.8.1/best-practices.html#reducing-dag-complexity, PID: 3374
[2025-11-30T14:17:02.597+0000] {processor.py:842} WARNING - No viable dags retrieved from /opt/airflow/dags/01_data_fetch_mkCHtbls.py
[2025-11-30T14:17:03.226+0000] {processor.py:183} INFO - Processing /opt/airflow/dags/01_data_fetch_mkCHtbls.py took 33.386 seconds
[2025-11-30T14:17:33.554+0000] {processor.py:161} INFO - Started process (PID=3441) to work on /opt/airflow/dags/01_data_fetch_mkCHtbls.py
[2025-11-30T14:17:33.557+0000] {processor.py:830} INFO - Processing file /opt/airflow/dags/01_data_fetch_mkCHtbls.py for tasks to queue
[2025-11-30T14:17:33.559+0000] {logging_mixin.py:188} INFO - [2025-11-30T14:17:33.558+0000] {dagbag.py:538} INFO - Filling up the DagBag from /opt/airflow/dags/01_data_fetch_mkCHtbls.py
[2025-11-30T14:17:38.161+0000] {processor.py:840} INFO - DAG(s) 'fetch_data' retrieved from /opt/airflow/dags/01_data_fetch_mkCHtbls.py
[2025-11-30T14:17:38.229+0000] {logging_mixin.py:188} INFO - [2025-11-30T14:17:38.226+0000] {dag.py:3036} INFO - Sync 1 DAGs
[2025-11-30T14:17:38.289+0000] {logging_mixin.py:188} INFO - [2025-11-30T14:17:38.288+0000] {dag.py:3823} INFO - Setting next_dagrun for fetch_data to 2025-11-30 00:00:00+00:00, run_after=2025-12-01 00:00:00+00:00
[2025-11-30T14:17:38.405+0000] {processor.py:183} INFO - Processing /opt/airflow/dags/01_data_fetch_mkCHtbls.py took 4.856 seconds
[2025-11-30T14:18:08.748+0000] {processor.py:161} INFO - Started process (PID=3544) to work on /opt/airflow/dags/01_data_fetch_mkCHtbls.py
[2025-11-30T14:18:08.749+0000] {processor.py:830} INFO - Processing file /opt/airflow/dags/01_data_fetch_mkCHtbls.py for tasks to queue
[2025-11-30T14:18:08.751+0000] {logging_mixin.py:188} INFO - [2025-11-30T14:18:08.751+0000] {dagbag.py:538} INFO - Filling up the DagBag from /opt/airflow/dags/01_data_fetch_mkCHtbls.py
[2025-11-30T14:18:13.347+0000] {processor.py:840} INFO - DAG(s) 'fetch_data' retrieved from /opt/airflow/dags/01_data_fetch_mkCHtbls.py
[2025-11-30T14:18:13.454+0000] {logging_mixin.py:188} INFO - [2025-11-30T14:18:13.452+0000] {dag.py:3036} INFO - Sync 1 DAGs
[2025-11-30T14:18:13.558+0000] {logging_mixin.py:188} INFO - [2025-11-30T14:18:13.555+0000] {dag.py:3823} INFO - Setting next_dagrun for fetch_data to 2025-11-30 00:00:00+00:00, run_after=2025-12-01 00:00:00+00:00
[2025-11-30T14:18:13.625+0000] {processor.py:183} INFO - Processing /opt/airflow/dags/01_data_fetch_mkCHtbls.py took 4.886 seconds
[2025-11-30T14:18:43.839+0000] {processor.py:161} INFO - Started process (PID=3609) to work on /opt/airflow/dags/01_data_fetch_mkCHtbls.py
[2025-11-30T14:18:43.841+0000] {processor.py:830} INFO - Processing file /opt/airflow/dags/01_data_fetch_mkCHtbls.py for tasks to queue
[2025-11-30T14:18:43.843+0000] {logging_mixin.py:188} INFO - [2025-11-30T14:18:43.842+0000] {dagbag.py:538} INFO - Filling up the DagBag from /opt/airflow/dags/01_data_fetch_mkCHtbls.py
[2025-11-30T14:18:47.818+0000] {processor.py:840} INFO - DAG(s) 'fetch_data' retrieved from /opt/airflow/dags/01_data_fetch_mkCHtbls.py
[2025-11-30T14:18:47.984+0000] {logging_mixin.py:188} INFO - [2025-11-30T14:18:47.976+0000] {dag.py:3036} INFO - Sync 1 DAGs
[2025-11-30T14:18:48.072+0000] {logging_mixin.py:188} INFO - [2025-11-30T14:18:48.071+0000] {dag.py:3823} INFO - Setting next_dagrun for fetch_data to 2025-11-30 00:00:00+00:00, run_after=2025-12-01 00:00:00+00:00
[2025-11-30T14:18:48.214+0000] {processor.py:183} INFO - Processing /opt/airflow/dags/01_data_fetch_mkCHtbls.py took 4.381 seconds
[2025-11-30T14:19:42.932+0000] {processor.py:161} INFO - Started process (PID=3713) to work on /opt/airflow/dags/01_data_fetch_mkCHtbls.py
[2025-11-30T14:19:42.986+0000] {processor.py:830} INFO - Processing file /opt/airflow/dags/01_data_fetch_mkCHtbls.py for tasks to queue
[2025-11-30T14:19:43.076+0000] {logging_mixin.py:188} INFO - [2025-11-30T14:19:43.036+0000] {dagbag.py:538} INFO - Filling up the DagBag from /opt/airflow/dags/01_data_fetch_mkCHtbls.py
[2025-11-30T14:20:08.828+0000] {processor.py:840} INFO - DAG(s) 'fetch_data' retrieved from /opt/airflow/dags/01_data_fetch_mkCHtbls.py
[2025-11-30T14:20:08.988+0000] {logging_mixin.py:188} INFO - [2025-11-30T14:20:08.987+0000] {dag.py:3036} INFO - Sync 1 DAGs
[2025-11-30T14:20:09.015+0000] {logging_mixin.py:188} INFO - [2025-11-30T14:20:09.014+0000] {dag.py:3823} INFO - Setting next_dagrun for fetch_data to 2025-11-30 00:00:00+00:00, run_after=2025-12-01 00:00:00+00:00
[2025-11-30T14:20:09.043+0000] {processor.py:183} INFO - Processing /opt/airflow/dags/01_data_fetch_mkCHtbls.py took 44.195 seconds
[2025-11-30T14:20:39.845+0000] {processor.py:161} INFO - Started process (PID=3941) to work on /opt/airflow/dags/01_data_fetch_mkCHtbls.py
[2025-11-30T14:20:39.876+0000] {processor.py:830} INFO - Processing file /opt/airflow/dags/01_data_fetch_mkCHtbls.py for tasks to queue
[2025-11-30T14:20:39.898+0000] {logging_mixin.py:188} INFO - [2025-11-30T14:20:39.889+0000] {dagbag.py:538} INFO - Filling up the DagBag from /opt/airflow/dags/01_data_fetch_mkCHtbls.py
[2025-11-30T14:20:48.917+0000] {processor.py:840} INFO - DAG(s) 'fetch_data' retrieved from /opt/airflow/dags/01_data_fetch_mkCHtbls.py
[2025-11-30T14:20:48.954+0000] {logging_mixin.py:188} INFO - [2025-11-30T14:20:48.953+0000] {dag.py:3036} INFO - Sync 1 DAGs
[2025-11-30T14:20:48.972+0000] {logging_mixin.py:188} INFO - [2025-11-30T14:20:48.971+0000] {dag.py:3823} INFO - Setting next_dagrun for fetch_data to 2025-11-30 00:00:00+00:00, run_after=2025-12-01 00:00:00+00:00
[2025-11-30T14:20:49.011+0000] {processor.py:183} INFO - Processing /opt/airflow/dags/01_data_fetch_mkCHtbls.py took 9.216 seconds
[2025-11-30T14:21:19.090+0000] {processor.py:161} INFO - Started process (PID=4008) to work on /opt/airflow/dags/01_data_fetch_mkCHtbls.py
[2025-11-30T14:21:19.092+0000] {processor.py:830} INFO - Processing file /opt/airflow/dags/01_data_fetch_mkCHtbls.py for tasks to queue
[2025-11-30T14:21:19.093+0000] {logging_mixin.py:188} INFO - [2025-11-30T14:21:19.092+0000] {dagbag.py:538} INFO - Filling up the DagBag from /opt/airflow/dags/01_data_fetch_mkCHtbls.py
[2025-11-30T14:21:26.765+0000] {processor.py:840} INFO - DAG(s) 'fetch_data' retrieved from /opt/airflow/dags/01_data_fetch_mkCHtbls.py
[2025-11-30T14:21:26.804+0000] {logging_mixin.py:188} INFO - [2025-11-30T14:21:26.803+0000] {dag.py:3036} INFO - Sync 1 DAGs
[2025-11-30T14:21:26.827+0000] {logging_mixin.py:188} INFO - [2025-11-30T14:21:26.826+0000] {dag.py:3823} INFO - Setting next_dagrun for fetch_data to 2025-11-30 00:00:00+00:00, run_after=2025-12-01 00:00:00+00:00
[2025-11-30T14:21:26.855+0000] {processor.py:183} INFO - Processing /opt/airflow/dags/01_data_fetch_mkCHtbls.py took 7.768 seconds
[2025-11-30T14:21:57.190+0000] {processor.py:161} INFO - Started process (PID=4073) to work on /opt/airflow/dags/01_data_fetch_mkCHtbls.py
[2025-11-30T14:21:57.192+0000] {processor.py:830} INFO - Processing file /opt/airflow/dags/01_data_fetch_mkCHtbls.py for tasks to queue
[2025-11-30T14:21:57.194+0000] {logging_mixin.py:188} INFO - [2025-11-30T14:21:57.193+0000] {dagbag.py:538} INFO - Filling up the DagBag from /opt/airflow/dags/01_data_fetch_mkCHtbls.py
[2025-11-30T14:22:05.503+0000] {processor.py:840} INFO - DAG(s) 'fetch_data' retrieved from /opt/airflow/dags/01_data_fetch_mkCHtbls.py
[2025-11-30T14:22:05.564+0000] {logging_mixin.py:188} INFO - [2025-11-30T14:22:05.562+0000] {dag.py:3036} INFO - Sync 1 DAGs
[2025-11-30T14:22:05.587+0000] {logging_mixin.py:188} INFO - [2025-11-30T14:22:05.587+0000] {dag.py:3823} INFO - Setting next_dagrun for fetch_data to 2025-11-30 00:00:00+00:00, run_after=2025-12-01 00:00:00+00:00
[2025-11-30T14:22:05.618+0000] {processor.py:183} INFO - Processing /opt/airflow/dags/01_data_fetch_mkCHtbls.py took 8.433 seconds
[2025-11-30T14:22:35.685+0000] {processor.py:161} INFO - Started process (PID=4138) to work on /opt/airflow/dags/01_data_fetch_mkCHtbls.py
[2025-11-30T14:22:35.690+0000] {processor.py:830} INFO - Processing file /opt/airflow/dags/01_data_fetch_mkCHtbls.py for tasks to queue
[2025-11-30T14:22:35.693+0000] {logging_mixin.py:188} INFO - [2025-11-30T14:22:35.692+0000] {dagbag.py:538} INFO - Filling up the DagBag from /opt/airflow/dags/01_data_fetch_mkCHtbls.py
[2025-11-30T14:22:42.003+0000] {processor.py:840} INFO - DAG(s) 'fetch_data' retrieved from /opt/airflow/dags/01_data_fetch_mkCHtbls.py
[2025-11-30T14:22:42.052+0000] {logging_mixin.py:188} INFO - [2025-11-30T14:22:42.051+0000] {dag.py:3036} INFO - Sync 1 DAGs
[2025-11-30T14:22:42.080+0000] {logging_mixin.py:188} INFO - [2025-11-30T14:22:42.079+0000] {dag.py:3823} INFO - Setting next_dagrun for fetch_data to 2025-11-30 00:00:00+00:00, run_after=2025-12-01 00:00:00+00:00
[2025-11-30T14:22:42.110+0000] {processor.py:183} INFO - Processing /opt/airflow/dags/01_data_fetch_mkCHtbls.py took 6.436 seconds
[2025-11-30T14:23:12.218+0000] {processor.py:161} INFO - Started process (PID=4223) to work on /opt/airflow/dags/01_data_fetch_mkCHtbls.py
[2025-11-30T14:23:12.227+0000] {processor.py:830} INFO - Processing file /opt/airflow/dags/01_data_fetch_mkCHtbls.py for tasks to queue
[2025-11-30T14:23:12.229+0000] {logging_mixin.py:188} INFO - [2025-11-30T14:23:12.228+0000] {dagbag.py:538} INFO - Filling up the DagBag from /opt/airflow/dags/01_data_fetch_mkCHtbls.py
[2025-11-30T14:23:50.378+0000] {logging_mixin.py:188} INFO - [2025-11-30T14:23:43.864+0000] {timeout.py:68} ERROR - Process timed out, PID: 4223
[2025-11-30T14:24:43.771+0000] {processor.py:161} INFO - Started process (PID=4270) to work on /opt/airflow/dags/01_data_fetch_mkCHtbls.py
[2025-11-30T14:24:43.771+0000] {processor.py:830} INFO - Processing file /opt/airflow/dags/01_data_fetch_mkCHtbls.py for tasks to queue
[2025-11-30T14:24:43.773+0000] {logging_mixin.py:188} INFO - [2025-11-30T14:24:43.772+0000] {dagbag.py:538} INFO - Filling up the DagBag from /opt/airflow/dags/01_data_fetch_mkCHtbls.py
[2025-11-30T14:25:00.052+0000] {processor.py:840} INFO - DAG(s) 'fetch_data' retrieved from /opt/airflow/dags/01_data_fetch_mkCHtbls.py
[2025-11-30T14:25:00.089+0000] {logging_mixin.py:188} INFO - [2025-11-30T14:25:00.089+0000] {dag.py:3036} INFO - Sync 1 DAGs
[2025-11-30T14:25:00.111+0000] {logging_mixin.py:188} INFO - [2025-11-30T14:25:00.111+0000] {dag.py:3823} INFO - Setting next_dagrun for fetch_data to 2025-11-30 00:00:00+00:00, run_after=2025-12-01 00:00:00+00:00
[2025-11-30T14:25:00.137+0000] {processor.py:183} INFO - Processing /opt/airflow/dags/01_data_fetch_mkCHtbls.py took 16.370 seconds
[2025-11-30T14:25:32.561+0000] {processor.py:161} INFO - Started process (PID=4372) to work on /opt/airflow/dags/01_data_fetch_mkCHtbls.py
[2025-11-30T14:25:32.567+0000] {processor.py:830} INFO - Processing file /opt/airflow/dags/01_data_fetch_mkCHtbls.py for tasks to queue
[2025-11-30T14:25:32.576+0000] {logging_mixin.py:188} INFO - [2025-11-30T14:25:32.572+0000] {dagbag.py:538} INFO - Filling up the DagBag from /opt/airflow/dags/01_data_fetch_mkCHtbls.py
[2025-11-30T14:25:36.378+0000] {processor.py:840} INFO - DAG(s) 'fetch_data' retrieved from /opt/airflow/dags/01_data_fetch_mkCHtbls.py
[2025-11-30T14:25:36.420+0000] {logging_mixin.py:188} INFO - [2025-11-30T14:25:36.420+0000] {dag.py:3036} INFO - Sync 1 DAGs
[2025-11-30T14:25:36.456+0000] {logging_mixin.py:188} INFO - [2025-11-30T14:25:36.455+0000] {dag.py:3823} INFO - Setting next_dagrun for fetch_data to 2025-11-30 00:00:00+00:00, run_after=2025-12-01 00:00:00+00:00
[2025-11-30T14:25:36.492+0000] {processor.py:183} INFO - Processing /opt/airflow/dags/01_data_fetch_mkCHtbls.py took 3.983 seconds
[2025-11-30T14:26:07.105+0000] {processor.py:161} INFO - Started process (PID=4437) to work on /opt/airflow/dags/01_data_fetch_mkCHtbls.py
[2025-11-30T14:26:07.105+0000] {processor.py:830} INFO - Processing file /opt/airflow/dags/01_data_fetch_mkCHtbls.py for tasks to queue
[2025-11-30T14:26:07.107+0000] {logging_mixin.py:188} INFO - [2025-11-30T14:26:07.106+0000] {dagbag.py:538} INFO - Filling up the DagBag from /opt/airflow/dags/01_data_fetch_mkCHtbls.py
[2025-11-30T14:26:11.022+0000] {processor.py:840} INFO - DAG(s) 'fetch_data' retrieved from /opt/airflow/dags/01_data_fetch_mkCHtbls.py
[2025-11-30T14:26:11.072+0000] {logging_mixin.py:188} INFO - [2025-11-30T14:26:11.072+0000] {dag.py:3036} INFO - Sync 1 DAGs
[2025-11-30T14:26:11.099+0000] {logging_mixin.py:188} INFO - [2025-11-30T14:26:11.099+0000] {dag.py:3823} INFO - Setting next_dagrun for fetch_data to 2025-11-30 00:00:00+00:00, run_after=2025-12-01 00:00:00+00:00
[2025-11-30T14:26:11.123+0000] {processor.py:183} INFO - Processing /opt/airflow/dags/01_data_fetch_mkCHtbls.py took 4.022 seconds
[2025-11-30T14:26:41.782+0000] {processor.py:161} INFO - Started process (PID=4504) to work on /opt/airflow/dags/01_data_fetch_mkCHtbls.py
[2025-11-30T14:26:41.789+0000] {processor.py:830} INFO - Processing file /opt/airflow/dags/01_data_fetch_mkCHtbls.py for tasks to queue
[2025-11-30T14:26:41.864+0000] {logging_mixin.py:188} INFO - [2025-11-30T14:26:41.798+0000] {dagbag.py:538} INFO - Filling up the DagBag from /opt/airflow/dags/01_data_fetch_mkCHtbls.py
[2025-11-30T14:27:18.384+0000] {logging_mixin.py:188} INFO - [2025-11-30T14:27:12.990+0000] {timeout.py:68} ERROR - Process timed out, PID: 4504
[2025-11-30T14:27:27.618+0000] {logging_mixin.py:188} INFO - [2025-11-30T14:27:27.241+0000] {dagbag.py:348} ERROR - Failed to import: /opt/airflow/dags/01_data_fetch_mkCHtbls.py
Traceback (most recent call last):
  File "/home/airflow/.local/lib/python3.8/site-packages/airflow/models/dagbag.py", line 344, in parse
    loader.exec_module(new_module)
  File "<frozen importlib._bootstrap_external>", line 843, in exec_module
  File "<frozen importlib._bootstrap>", line 219, in _call_with_frames_removed
  File "/opt/airflow/dags/01_data_fetch_mkCHtbls.py", line 9, in <module>
    subprocess.check_call([sys.executable, '-m', 'pip', 'install', 'meteostat'])
  File "/usr/local/lib/python3.8/subprocess.py", line 359, in check_call
    retcode = call(*popenargs, **kwargs)
  File "/usr/local/lib/python3.8/subprocess.py", line 342, in call
    return p.wait(timeout=timeout)
  File "/usr/local/lib/python3.8/subprocess.py", line 1083, in wait
    return self._wait(timeout=timeout)
  File "/usr/local/lib/python3.8/subprocess.py", line 1822, in _wait
    (pid, sts) = self._try_wait(0)
  File "/usr/local/lib/python3.8/subprocess.py", line 1780, in _try_wait
    (pid, sts) = os.waitpid(self.pid, wait_flags)
  File "/home/airflow/.local/lib/python3.8/site-packages/airflow/utils/timeout.py", line 69, in handle_timeout
    raise AirflowTaskTimeout(self.error_message)
airflow.exceptions.AirflowTaskTimeout: DagBag import timeout for /opt/airflow/dags/01_data_fetch_mkCHtbls.py after 30.0s.
Please take a look at these docs to improve your DAG import time:
* https://airflow.apache.org/docs/apache-airflow/2.8.1/best-practices.html#top-level-python-code
* https://airflow.apache.org/docs/apache-airflow/2.8.1/best-practices.html#reducing-dag-complexity, PID: 4504
[2025-11-30T14:27:27.687+0000] {processor.py:842} WARNING - No viable dags retrieved from /opt/airflow/dags/01_data_fetch_mkCHtbls.py
[2025-11-30T14:28:13.647+0000] {processor.py:161} INFO - Started process (PID=4531) to work on /opt/airflow/dags/01_data_fetch_mkCHtbls.py
[2025-11-30T14:28:13.652+0000] {processor.py:830} INFO - Processing file /opt/airflow/dags/01_data_fetch_mkCHtbls.py for tasks to queue
[2025-11-30T14:28:13.654+0000] {logging_mixin.py:188} INFO - [2025-11-30T14:28:13.654+0000] {dagbag.py:538} INFO - Filling up the DagBag from /opt/airflow/dags/01_data_fetch_mkCHtbls.py
[2025-11-30T14:28:18.080+0000] {processor.py:840} INFO - DAG(s) 'fetch_data' retrieved from /opt/airflow/dags/01_data_fetch_mkCHtbls.py
[2025-11-30T14:28:18.111+0000] {logging_mixin.py:188} INFO - [2025-11-30T14:28:18.110+0000] {dag.py:3036} INFO - Sync 1 DAGs
[2025-11-30T14:28:18.149+0000] {logging_mixin.py:188} INFO - [2025-11-30T14:28:18.148+0000] {dag.py:3823} INFO - Setting next_dagrun for fetch_data to 2025-11-30 00:00:00+00:00, run_after=2025-12-01 00:00:00+00:00
[2025-11-30T14:28:18.184+0000] {processor.py:183} INFO - Processing /opt/airflow/dags/01_data_fetch_mkCHtbls.py took 4.543 seconds
[2025-11-30T14:28:48.606+0000] {processor.py:161} INFO - Started process (PID=4614) to work on /opt/airflow/dags/01_data_fetch_mkCHtbls.py
[2025-11-30T14:28:48.609+0000] {processor.py:830} INFO - Processing file /opt/airflow/dags/01_data_fetch_mkCHtbls.py for tasks to queue
[2025-11-30T14:28:48.611+0000] {logging_mixin.py:188} INFO - [2025-11-30T14:28:48.610+0000] {dagbag.py:538} INFO - Filling up the DagBag from /opt/airflow/dags/01_data_fetch_mkCHtbls.py
[2025-11-30T14:28:54.248+0000] {processor.py:840} INFO - DAG(s) 'fetch_data' retrieved from /opt/airflow/dags/01_data_fetch_mkCHtbls.py
[2025-11-30T14:28:54.305+0000] {logging_mixin.py:188} INFO - [2025-11-30T14:28:54.304+0000] {dag.py:3036} INFO - Sync 1 DAGs
[2025-11-30T14:28:54.333+0000] {logging_mixin.py:188} INFO - [2025-11-30T14:28:54.333+0000] {dag.py:3823} INFO - Setting next_dagrun for fetch_data to 2025-11-30 00:00:00+00:00, run_after=2025-12-01 00:00:00+00:00
[2025-11-30T14:28:54.363+0000] {processor.py:183} INFO - Processing /opt/airflow/dags/01_data_fetch_mkCHtbls.py took 5.767 seconds
[2025-11-30T14:29:25.070+0000] {processor.py:161} INFO - Started process (PID=4679) to work on /opt/airflow/dags/01_data_fetch_mkCHtbls.py
[2025-11-30T14:29:25.071+0000] {processor.py:830} INFO - Processing file /opt/airflow/dags/01_data_fetch_mkCHtbls.py for tasks to queue
[2025-11-30T14:29:25.073+0000] {logging_mixin.py:188} INFO - [2025-11-30T14:29:25.072+0000] {dagbag.py:538} INFO - Filling up the DagBag from /opt/airflow/dags/01_data_fetch_mkCHtbls.py
[2025-11-30T14:29:32.196+0000] {processor.py:840} INFO - DAG(s) 'fetch_data' retrieved from /opt/airflow/dags/01_data_fetch_mkCHtbls.py
[2025-11-30T14:29:32.254+0000] {logging_mixin.py:188} INFO - [2025-11-30T14:29:32.253+0000] {dag.py:3036} INFO - Sync 1 DAGs
[2025-11-30T14:29:32.287+0000] {logging_mixin.py:188} INFO - [2025-11-30T14:29:32.287+0000] {dag.py:3823} INFO - Setting next_dagrun for fetch_data to 2025-11-30 00:00:00+00:00, run_after=2025-12-01 00:00:00+00:00
[2025-11-30T14:29:32.308+0000] {processor.py:183} INFO - Processing /opt/airflow/dags/01_data_fetch_mkCHtbls.py took 7.245 seconds
[2025-11-30T14:30:02.797+0000] {processor.py:161} INFO - Started process (PID=4744) to work on /opt/airflow/dags/01_data_fetch_mkCHtbls.py
[2025-11-30T14:30:02.798+0000] {processor.py:830} INFO - Processing file /opt/airflow/dags/01_data_fetch_mkCHtbls.py for tasks to queue
[2025-11-30T14:30:02.800+0000] {logging_mixin.py:188} INFO - [2025-11-30T14:30:02.799+0000] {dagbag.py:538} INFO - Filling up the DagBag from /opt/airflow/dags/01_data_fetch_mkCHtbls.py
[2025-11-30T14:30:35.323+0000] {logging_mixin.py:188} INFO - [2025-11-30T14:30:33.262+0000] {timeout.py:68} ERROR - Process timed out, PID: 4744
[2025-11-30T14:30:34.396+0000] {logging_mixin.py:188} INFO - [2025-11-30T14:30:34.366+0000] {dagbag.py:348} ERROR - Failed to import: /opt/airflow/dags/01_data_fetch_mkCHtbls.py
Traceback (most recent call last):
  File "/home/airflow/.local/lib/python3.8/site-packages/airflow/models/dagbag.py", line 344, in parse
    loader.exec_module(new_module)
  File "<frozen importlib._bootstrap_external>", line 843, in exec_module
  File "<frozen importlib._bootstrap>", line 219, in _call_with_frames_removed
  File "/opt/airflow/dags/01_data_fetch_mkCHtbls.py", line 9, in <module>
    subprocess.check_call([sys.executable, '-m', 'pip', 'install', 'meteostat'])
  File "/usr/local/lib/python3.8/subprocess.py", line 359, in check_call
    retcode = call(*popenargs, **kwargs)
  File "/usr/local/lib/python3.8/subprocess.py", line 342, in call
    return p.wait(timeout=timeout)
  File "/usr/local/lib/python3.8/subprocess.py", line 1083, in wait
    return self._wait(timeout=timeout)
  File "/usr/local/lib/python3.8/subprocess.py", line 1822, in _wait
    (pid, sts) = self._try_wait(0)
  File "/usr/local/lib/python3.8/subprocess.py", line 1780, in _try_wait
    (pid, sts) = os.waitpid(self.pid, wait_flags)
  File "/home/airflow/.local/lib/python3.8/site-packages/airflow/utils/timeout.py", line 69, in handle_timeout
    raise AirflowTaskTimeout(self.error_message)
airflow.exceptions.AirflowTaskTimeout: DagBag import timeout for /opt/airflow/dags/01_data_fetch_mkCHtbls.py after 30.0s.
Please take a look at these docs to improve your DAG import time:
* https://airflow.apache.org/docs/apache-airflow/2.8.1/best-practices.html#top-level-python-code
* https://airflow.apache.org/docs/apache-airflow/2.8.1/best-practices.html#reducing-dag-complexity, PID: 4744
[2025-11-30T14:30:34.401+0000] {processor.py:842} WARNING - No viable dags retrieved from /opt/airflow/dags/01_data_fetch_mkCHtbls.py
[2025-11-30T14:30:34.496+0000] {processor.py:183} INFO - Processing /opt/airflow/dags/01_data_fetch_mkCHtbls.py took 32.674 seconds
[2025-11-30T14:31:06.205+0000] {processor.py:161} INFO - Started process (PID=4847) to work on /opt/airflow/dags/01_data_fetch_mkCHtbls.py
[2025-11-30T14:31:06.211+0000] {processor.py:830} INFO - Processing file /opt/airflow/dags/01_data_fetch_mkCHtbls.py for tasks to queue
[2025-11-30T14:31:06.997+0000] {logging_mixin.py:188} INFO - [2025-11-30T14:31:06.990+0000] {dagbag.py:538} INFO - Filling up the DagBag from /opt/airflow/dags/01_data_fetch_mkCHtbls.py
[2025-11-30T14:31:11.092+0000] {processor.py:840} INFO - DAG(s) 'fetch_data' retrieved from /opt/airflow/dags/01_data_fetch_mkCHtbls.py
[2025-11-30T14:31:11.131+0000] {logging_mixin.py:188} INFO - [2025-11-30T14:31:11.130+0000] {dag.py:3036} INFO - Sync 1 DAGs
[2025-11-30T14:31:11.154+0000] {logging_mixin.py:188} INFO - [2025-11-30T14:31:11.154+0000] {dag.py:3823} INFO - Setting next_dagrun for fetch_data to 2025-11-30 00:00:00+00:00, run_after=2025-12-01 00:00:00+00:00
[2025-11-30T14:31:11.192+0000] {processor.py:183} INFO - Processing /opt/airflow/dags/01_data_fetch_mkCHtbls.py took 4.998 seconds
[2025-11-30T14:31:41.904+0000] {processor.py:161} INFO - Started process (PID=4914) to work on /opt/airflow/dags/01_data_fetch_mkCHtbls.py
[2025-11-30T14:31:41.905+0000] {processor.py:830} INFO - Processing file /opt/airflow/dags/01_data_fetch_mkCHtbls.py for tasks to queue
[2025-11-30T14:31:41.908+0000] {logging_mixin.py:188} INFO - [2025-11-30T14:31:41.907+0000] {dagbag.py:538} INFO - Filling up the DagBag from /opt/airflow/dags/01_data_fetch_mkCHtbls.py
[2025-11-30T14:32:13.191+0000] {logging_mixin.py:188} INFO - [2025-11-30T14:32:12.233+0000] {timeout.py:68} ERROR - Process timed out, PID: 4914
[2025-11-30T14:32:13.674+0000] {logging_mixin.py:188} INFO - [2025-11-30T14:32:13.572+0000] {dagbag.py:348} ERROR - Failed to import: /opt/airflow/dags/01_data_fetch_mkCHtbls.py
Traceback (most recent call last):
  File "/home/airflow/.local/lib/python3.8/site-packages/airflow/models/dagbag.py", line 344, in parse
    loader.exec_module(new_module)
  File "<frozen importlib._bootstrap_external>", line 843, in exec_module
  File "<frozen importlib._bootstrap>", line 219, in _call_with_frames_removed
  File "/opt/airflow/dags/01_data_fetch_mkCHtbls.py", line 9, in <module>
    subprocess.check_call([sys.executable, '-m', 'pip', 'install', 'meteostat'])
  File "/usr/local/lib/python3.8/subprocess.py", line 359, in check_call
    retcode = call(*popenargs, **kwargs)
  File "/usr/local/lib/python3.8/subprocess.py", line 342, in call
    return p.wait(timeout=timeout)
  File "/usr/local/lib/python3.8/subprocess.py", line 1083, in wait
    return self._wait(timeout=timeout)
  File "/usr/local/lib/python3.8/subprocess.py", line 1822, in _wait
    (pid, sts) = self._try_wait(0)
  File "/usr/local/lib/python3.8/subprocess.py", line 1780, in _try_wait
    (pid, sts) = os.waitpid(self.pid, wait_flags)
  File "/home/airflow/.local/lib/python3.8/site-packages/airflow/utils/timeout.py", line 69, in handle_timeout
    raise AirflowTaskTimeout(self.error_message)
airflow.exceptions.AirflowTaskTimeout: DagBag import timeout for /opt/airflow/dags/01_data_fetch_mkCHtbls.py after 30.0s.
Please take a look at these docs to improve your DAG import time:
* https://airflow.apache.org/docs/apache-airflow/2.8.1/best-practices.html#top-level-python-code
* https://airflow.apache.org/docs/apache-airflow/2.8.1/best-practices.html#reducing-dag-complexity, PID: 4914
[2025-11-30T14:32:13.804+0000] {processor.py:842} WARNING - No viable dags retrieved from /opt/airflow/dags/01_data_fetch_mkCHtbls.py
[2025-11-30T14:33:04.806+0000] {processor.py:161} INFO - Started process (PID=4979) to work on /opt/airflow/dags/01_data_fetch_mkCHtbls.py
[2025-11-30T14:33:04.811+0000] {processor.py:830} INFO - Processing file /opt/airflow/dags/01_data_fetch_mkCHtbls.py for tasks to queue
[2025-11-30T14:33:04.812+0000] {logging_mixin.py:188} INFO - [2025-11-30T14:33:04.812+0000] {dagbag.py:538} INFO - Filling up the DagBag from /opt/airflow/dags/01_data_fetch_mkCHtbls.py
[2025-11-30T14:33:11.628+0000] {processor.py:840} INFO - DAG(s) 'fetch_data' retrieved from /opt/airflow/dags/01_data_fetch_mkCHtbls.py
[2025-11-30T14:33:11.762+0000] {logging_mixin.py:188} INFO - [2025-11-30T14:33:11.761+0000] {dag.py:3036} INFO - Sync 1 DAGs
[2025-11-30T14:33:11.785+0000] {logging_mixin.py:188} INFO - [2025-11-30T14:33:11.785+0000] {dag.py:3823} INFO - Setting next_dagrun for fetch_data to 2025-11-30 00:00:00+00:00, run_after=2025-12-01 00:00:00+00:00
[2025-11-30T14:33:11.813+0000] {processor.py:183} INFO - Processing /opt/airflow/dags/01_data_fetch_mkCHtbls.py took 7.014 seconds
[2025-11-30T14:33:42.818+0000] {processor.py:161} INFO - Started process (PID=5082) to work on /opt/airflow/dags/01_data_fetch_mkCHtbls.py
[2025-11-30T14:33:42.819+0000] {processor.py:830} INFO - Processing file /opt/airflow/dags/01_data_fetch_mkCHtbls.py for tasks to queue
[2025-11-30T14:33:42.822+0000] {logging_mixin.py:188} INFO - [2025-11-30T14:33:42.820+0000] {dagbag.py:538} INFO - Filling up the DagBag from /opt/airflow/dags/01_data_fetch_mkCHtbls.py
[2025-11-30T14:33:53.457+0000] {processor.py:840} INFO - DAG(s) 'fetch_data' retrieved from /opt/airflow/dags/01_data_fetch_mkCHtbls.py
[2025-11-30T14:33:53.505+0000] {logging_mixin.py:188} INFO - [2025-11-30T14:33:53.504+0000] {dag.py:3036} INFO - Sync 1 DAGs
[2025-11-30T14:33:53.536+0000] {logging_mixin.py:188} INFO - [2025-11-30T14:33:53.535+0000] {dag.py:3823} INFO - Setting next_dagrun for fetch_data to 2025-11-30 00:00:00+00:00, run_after=2025-12-01 00:00:00+00:00
[2025-11-30T14:33:53.572+0000] {processor.py:183} INFO - Processing /opt/airflow/dags/01_data_fetch_mkCHtbls.py took 10.762 seconds
[2025-11-30T14:34:24.445+0000] {processor.py:161} INFO - Started process (PID=5147) to work on /opt/airflow/dags/01_data_fetch_mkCHtbls.py
[2025-11-30T14:34:24.449+0000] {processor.py:830} INFO - Processing file /opt/airflow/dags/01_data_fetch_mkCHtbls.py for tasks to queue
[2025-11-30T14:34:24.459+0000] {logging_mixin.py:188} INFO - [2025-11-30T14:34:24.455+0000] {dagbag.py:538} INFO - Filling up the DagBag from /opt/airflow/dags/01_data_fetch_mkCHtbls.py
[2025-11-30T14:34:58.633+0000] {logging_mixin.py:188} INFO - [2025-11-30T14:34:54.938+0000] {timeout.py:68} ERROR - Process timed out, PID: 5147
[2025-11-30T14:34:57.606+0000] {logging_mixin.py:188} INFO - [2025-11-30T14:34:57.579+0000] {dagbag.py:348} ERROR - Failed to import: /opt/airflow/dags/01_data_fetch_mkCHtbls.py
Traceback (most recent call last):
  File "/home/airflow/.local/lib/python3.8/site-packages/airflow/models/dagbag.py", line 344, in parse
    loader.exec_module(new_module)
  File "<frozen importlib._bootstrap_external>", line 843, in exec_module
  File "<frozen importlib._bootstrap>", line 219, in _call_with_frames_removed
  File "/opt/airflow/dags/01_data_fetch_mkCHtbls.py", line 9, in <module>
    subprocess.check_call([sys.executable, '-m', 'pip', 'install', 'meteostat'])
  File "/usr/local/lib/python3.8/subprocess.py", line 359, in check_call
    retcode = call(*popenargs, **kwargs)
  File "/usr/local/lib/python3.8/subprocess.py", line 342, in call
    return p.wait(timeout=timeout)
  File "/usr/local/lib/python3.8/subprocess.py", line 1083, in wait
    return self._wait(timeout=timeout)
  File "/usr/local/lib/python3.8/subprocess.py", line 1822, in _wait
    (pid, sts) = self._try_wait(0)
  File "/usr/local/lib/python3.8/subprocess.py", line 1780, in _try_wait
    (pid, sts) = os.waitpid(self.pid, wait_flags)
  File "/home/airflow/.local/lib/python3.8/site-packages/airflow/utils/timeout.py", line 69, in handle_timeout
    raise AirflowTaskTimeout(self.error_message)
airflow.exceptions.AirflowTaskTimeout: DagBag import timeout for /opt/airflow/dags/01_data_fetch_mkCHtbls.py after 30.0s.
Please take a look at these docs to improve your DAG import time:
* https://airflow.apache.org/docs/apache-airflow/2.8.1/best-practices.html#top-level-python-code
* https://airflow.apache.org/docs/apache-airflow/2.8.1/best-practices.html#reducing-dag-complexity, PID: 5147
[2025-11-30T14:34:57.609+0000] {processor.py:842} WARNING - No viable dags retrieved from /opt/airflow/dags/01_data_fetch_mkCHtbls.py
[2025-11-30T14:34:57.704+0000] {processor.py:183} INFO - Processing /opt/airflow/dags/01_data_fetch_mkCHtbls.py took 44.636 seconds
[2025-11-30T14:35:39.420+0000] {processor.py:161} INFO - Started process (PID=5250) to work on /opt/airflow/dags/01_data_fetch_mkCHtbls.py
[2025-11-30T14:35:39.421+0000] {processor.py:830} INFO - Processing file /opt/airflow/dags/01_data_fetch_mkCHtbls.py for tasks to queue
[2025-11-30T14:35:39.422+0000] {logging_mixin.py:188} INFO - [2025-11-30T14:35:39.422+0000] {dagbag.py:538} INFO - Filling up the DagBag from /opt/airflow/dags/01_data_fetch_mkCHtbls.py
[2025-11-30T14:35:50.563+0000] {processor.py:840} INFO - DAG(s) 'fetch_data' retrieved from /opt/airflow/dags/01_data_fetch_mkCHtbls.py
[2025-11-30T14:35:50.700+0000] {logging_mixin.py:188} INFO - [2025-11-30T14:35:50.699+0000] {dag.py:3036} INFO - Sync 1 DAGs
[2025-11-30T14:35:50.720+0000] {logging_mixin.py:188} INFO - [2025-11-30T14:35:50.720+0000] {dag.py:3823} INFO - Setting next_dagrun for fetch_data to 2025-11-30 00:00:00+00:00, run_after=2025-12-01 00:00:00+00:00
[2025-11-30T14:35:50.759+0000] {processor.py:183} INFO - Processing /opt/airflow/dags/01_data_fetch_mkCHtbls.py took 11.342 seconds
[2025-11-30T14:36:20.840+0000] {processor.py:161} INFO - Started process (PID=5317) to work on /opt/airflow/dags/01_data_fetch_mkCHtbls.py
[2025-11-30T14:36:20.841+0000] {processor.py:830} INFO - Processing file /opt/airflow/dags/01_data_fetch_mkCHtbls.py for tasks to queue
[2025-11-30T14:36:20.843+0000] {logging_mixin.py:188} INFO - [2025-11-30T14:36:20.842+0000] {dagbag.py:538} INFO - Filling up the DagBag from /opt/airflow/dags/01_data_fetch_mkCHtbls.py
[2025-11-30T14:36:27.341+0000] {processor.py:840} INFO - DAG(s) 'fetch_data' retrieved from /opt/airflow/dags/01_data_fetch_mkCHtbls.py
[2025-11-30T14:36:27.396+0000] {logging_mixin.py:188} INFO - [2025-11-30T14:36:27.395+0000] {dag.py:3036} INFO - Sync 1 DAGs
[2025-11-30T14:36:27.435+0000] {logging_mixin.py:188} INFO - [2025-11-30T14:36:27.435+0000] {dag.py:3823} INFO - Setting next_dagrun for fetch_data to 2025-11-30 00:00:00+00:00, run_after=2025-12-01 00:00:00+00:00
[2025-11-30T14:36:27.475+0000] {processor.py:183} INFO - Processing /opt/airflow/dags/01_data_fetch_mkCHtbls.py took 6.641 seconds
[2025-11-30T14:36:57.743+0000] {processor.py:161} INFO - Started process (PID=5382) to work on /opt/airflow/dags/01_data_fetch_mkCHtbls.py
[2025-11-30T14:36:57.744+0000] {processor.py:830} INFO - Processing file /opt/airflow/dags/01_data_fetch_mkCHtbls.py for tasks to queue
[2025-11-30T14:36:57.746+0000] {logging_mixin.py:188} INFO - [2025-11-30T14:36:57.745+0000] {dagbag.py:538} INFO - Filling up the DagBag from /opt/airflow/dags/01_data_fetch_mkCHtbls.py
[2025-11-30T14:37:04.995+0000] {processor.py:840} INFO - DAG(s) 'fetch_data' retrieved from /opt/airflow/dags/01_data_fetch_mkCHtbls.py
[2025-11-30T14:37:05.070+0000] {logging_mixin.py:188} INFO - [2025-11-30T14:37:05.068+0000] {dag.py:3036} INFO - Sync 1 DAGs
[2025-11-30T14:37:05.108+0000] {logging_mixin.py:188} INFO - [2025-11-30T14:37:05.108+0000] {dag.py:3823} INFO - Setting next_dagrun for fetch_data to 2025-11-30 00:00:00+00:00, run_after=2025-12-01 00:00:00+00:00
[2025-11-30T14:37:05.142+0000] {processor.py:183} INFO - Processing /opt/airflow/dags/01_data_fetch_mkCHtbls.py took 7.405 seconds
[2025-11-30T14:37:35.434+0000] {processor.py:161} INFO - Started process (PID=5447) to work on /opt/airflow/dags/01_data_fetch_mkCHtbls.py
[2025-11-30T14:37:35.435+0000] {processor.py:830} INFO - Processing file /opt/airflow/dags/01_data_fetch_mkCHtbls.py for tasks to queue
[2025-11-30T14:37:35.436+0000] {logging_mixin.py:188} INFO - [2025-11-30T14:37:35.436+0000] {dagbag.py:538} INFO - Filling up the DagBag from /opt/airflow/dags/01_data_fetch_mkCHtbls.py
[2025-11-30T14:37:40.640+0000] {processor.py:840} INFO - DAG(s) 'fetch_data' retrieved from /opt/airflow/dags/01_data_fetch_mkCHtbls.py
[2025-11-30T14:37:40.693+0000] {logging_mixin.py:188} INFO - [2025-11-30T14:37:40.693+0000] {dag.py:3036} INFO - Sync 1 DAGs
[2025-11-30T14:37:40.718+0000] {logging_mixin.py:188} INFO - [2025-11-30T14:37:40.717+0000] {dag.py:3823} INFO - Setting next_dagrun for fetch_data to 2025-11-30 00:00:00+00:00, run_after=2025-12-01 00:00:00+00:00
[2025-11-30T14:37:40.738+0000] {processor.py:183} INFO - Processing /opt/airflow/dags/01_data_fetch_mkCHtbls.py took 5.309 seconds
[2025-11-30T14:38:11.296+0000] {processor.py:161} INFO - Started process (PID=5512) to work on /opt/airflow/dags/01_data_fetch_mkCHtbls.py
[2025-11-30T14:38:11.302+0000] {processor.py:830} INFO - Processing file /opt/airflow/dags/01_data_fetch_mkCHtbls.py for tasks to queue
[2025-11-30T14:38:11.307+0000] {logging_mixin.py:188} INFO - [2025-11-30T14:38:11.304+0000] {dagbag.py:538} INFO - Filling up the DagBag from /opt/airflow/dags/01_data_fetch_mkCHtbls.py
[2025-11-30T14:38:46.415+0000] {logging_mixin.py:188} INFO - [2025-11-30T14:38:43.542+0000] {timeout.py:68} ERROR - Process timed out, PID: 5512
[2025-11-30T14:38:46.473+0000] {logging_mixin.py:188} INFO - [2025-11-30T14:38:46.435+0000] {dagbag.py:348} ERROR - Failed to import: /opt/airflow/dags/01_data_fetch_mkCHtbls.py
Traceback (most recent call last):
  File "/home/airflow/.local/lib/python3.8/site-packages/airflow/models/dagbag.py", line 344, in parse
    loader.exec_module(new_module)
  File "<frozen importlib._bootstrap_external>", line 843, in exec_module
  File "<frozen importlib._bootstrap>", line 219, in _call_with_frames_removed
  File "/opt/airflow/dags/01_data_fetch_mkCHtbls.py", line 9, in <module>
    subprocess.check_call([sys.executable, '-m', 'pip', 'install', 'meteostat'])
  File "/usr/local/lib/python3.8/subprocess.py", line 359, in check_call
    retcode = call(*popenargs, **kwargs)
  File "/usr/local/lib/python3.8/subprocess.py", line 342, in call
    return p.wait(timeout=timeout)
  File "/usr/local/lib/python3.8/subprocess.py", line 1083, in wait
    return self._wait(timeout=timeout)
  File "/usr/local/lib/python3.8/subprocess.py", line 1822, in _wait
    (pid, sts) = self._try_wait(0)
  File "/usr/local/lib/python3.8/subprocess.py", line 1780, in _try_wait
    (pid, sts) = os.waitpid(self.pid, wait_flags)
  File "/home/airflow/.local/lib/python3.8/site-packages/airflow/utils/timeout.py", line 69, in handle_timeout
    raise AirflowTaskTimeout(self.error_message)
airflow.exceptions.AirflowTaskTimeout: DagBag import timeout for /opt/airflow/dags/01_data_fetch_mkCHtbls.py after 30.0s.
Please take a look at these docs to improve your DAG import time:
* https://airflow.apache.org/docs/apache-airflow/2.8.1/best-practices.html#top-level-python-code
* https://airflow.apache.org/docs/apache-airflow/2.8.1/best-practices.html#reducing-dag-complexity, PID: 5512
[2025-11-30T14:38:46.475+0000] {processor.py:842} WARNING - No viable dags retrieved from /opt/airflow/dags/01_data_fetch_mkCHtbls.py
[2025-11-30T14:38:46.734+0000] {processor.py:183} INFO - Processing /opt/airflow/dags/01_data_fetch_mkCHtbls.py took 35.443 seconds
[2025-11-30T14:39:16.874+0000] {processor.py:161} INFO - Started process (PID=5596) to work on /opt/airflow/dags/01_data_fetch_mkCHtbls.py
[2025-11-30T14:39:16.875+0000] {processor.py:830} INFO - Processing file /opt/airflow/dags/01_data_fetch_mkCHtbls.py for tasks to queue
[2025-11-30T14:39:16.877+0000] {logging_mixin.py:188} INFO - [2025-11-30T14:39:16.876+0000] {dagbag.py:538} INFO - Filling up the DagBag from /opt/airflow/dags/01_data_fetch_mkCHtbls.py
[2025-11-30T14:39:46.935+0000] {logging_mixin.py:188} INFO - [2025-11-30T14:39:46.899+0000] {timeout.py:68} ERROR - Process timed out, PID: 5596
[2025-11-30T14:39:47.024+0000] {logging_mixin.py:188} INFO - [2025-11-30T14:39:46.961+0000] {dagbag.py:348} ERROR - Failed to import: /opt/airflow/dags/01_data_fetch_mkCHtbls.py
Traceback (most recent call last):
  File "/home/airflow/.local/lib/python3.8/site-packages/airflow/models/dagbag.py", line 344, in parse
    loader.exec_module(new_module)
  File "<frozen importlib._bootstrap_external>", line 843, in exec_module
  File "<frozen importlib._bootstrap>", line 219, in _call_with_frames_removed
  File "/opt/airflow/dags/01_data_fetch_mkCHtbls.py", line 9, in <module>
    subprocess.check_call([sys.executable, '-m', 'pip', 'install', 'meteostat'])
  File "/usr/local/lib/python3.8/subprocess.py", line 359, in check_call
    retcode = call(*popenargs, **kwargs)
  File "/usr/local/lib/python3.8/subprocess.py", line 342, in call
    return p.wait(timeout=timeout)
  File "/usr/local/lib/python3.8/subprocess.py", line 1083, in wait
    return self._wait(timeout=timeout)
  File "/usr/local/lib/python3.8/subprocess.py", line 1822, in _wait
    (pid, sts) = self._try_wait(0)
  File "/usr/local/lib/python3.8/subprocess.py", line 1780, in _try_wait
    (pid, sts) = os.waitpid(self.pid, wait_flags)
  File "/home/airflow/.local/lib/python3.8/site-packages/airflow/utils/timeout.py", line 69, in handle_timeout
    raise AirflowTaskTimeout(self.error_message)
airflow.exceptions.AirflowTaskTimeout: DagBag import timeout for /opt/airflow/dags/01_data_fetch_mkCHtbls.py after 30.0s.
Please take a look at these docs to improve your DAG import time:
* https://airflow.apache.org/docs/apache-airflow/2.8.1/best-practices.html#top-level-python-code
* https://airflow.apache.org/docs/apache-airflow/2.8.1/best-practices.html#reducing-dag-complexity, PID: 5596
[2025-11-30T14:39:47.037+0000] {processor.py:842} WARNING - No viable dags retrieved from /opt/airflow/dags/01_data_fetch_mkCHtbls.py
[2025-11-30T14:39:47.522+0000] {processor.py:183} INFO - Processing /opt/airflow/dags/01_data_fetch_mkCHtbls.py took 30.648 seconds
[2025-11-30T14:40:29.907+0000] {processor.py:161} INFO - Started process (PID=5639) to work on /opt/airflow/dags/01_data_fetch_mkCHtbls.py
[2025-11-30T14:40:30.520+0000] {processor.py:830} INFO - Processing file /opt/airflow/dags/01_data_fetch_mkCHtbls.py for tasks to queue
[2025-11-30T14:40:31.319+0000] {logging_mixin.py:188} INFO - [2025-11-30T14:40:31.050+0000] {dagbag.py:538} INFO - Filling up the DagBag from /opt/airflow/dags/01_data_fetch_mkCHtbls.py
[2025-11-30T14:41:02.632+0000] {logging_mixin.py:188} INFO - [2025-11-30T14:41:02.120+0000] {timeout.py:68} ERROR - Process timed out, PID: 5639
[2025-11-30T14:41:04.476+0000] {logging_mixin.py:188} INFO - [2025-11-30T14:41:03.333+0000] {dagbag.py:348} ERROR - Failed to import: /opt/airflow/dags/01_data_fetch_mkCHtbls.py
Traceback (most recent call last):
  File "/home/airflow/.local/lib/python3.8/site-packages/airflow/models/dagbag.py", line 344, in parse
    loader.exec_module(new_module)
  File "<frozen importlib._bootstrap_external>", line 843, in exec_module
  File "<frozen importlib._bootstrap>", line 219, in _call_with_frames_removed
  File "/opt/airflow/dags/01_data_fetch_mkCHtbls.py", line 9, in <module>
    subprocess.check_call([sys.executable, '-m', 'pip', 'install', 'meteostat'])
  File "/usr/local/lib/python3.8/subprocess.py", line 359, in check_call
    retcode = call(*popenargs, **kwargs)
  File "/usr/local/lib/python3.8/subprocess.py", line 342, in call
    return p.wait(timeout=timeout)
  File "/usr/local/lib/python3.8/subprocess.py", line 1083, in wait
    return self._wait(timeout=timeout)
  File "/usr/local/lib/python3.8/subprocess.py", line 1822, in _wait
    (pid, sts) = self._try_wait(0)
  File "/usr/local/lib/python3.8/subprocess.py", line 1780, in _try_wait
    (pid, sts) = os.waitpid(self.pid, wait_flags)
  File "/home/airflow/.local/lib/python3.8/site-packages/airflow/utils/timeout.py", line 69, in handle_timeout
    raise AirflowTaskTimeout(self.error_message)
airflow.exceptions.AirflowTaskTimeout: DagBag import timeout for /opt/airflow/dags/01_data_fetch_mkCHtbls.py after 30.0s.
Please take a look at these docs to improve your DAG import time:
* https://airflow.apache.org/docs/apache-airflow/2.8.1/best-practices.html#top-level-python-code
* https://airflow.apache.org/docs/apache-airflow/2.8.1/best-practices.html#reducing-dag-complexity, PID: 5639
[2025-11-30T14:41:04.707+0000] {processor.py:842} WARNING - No viable dags retrieved from /opt/airflow/dags/01_data_fetch_mkCHtbls.py
[2025-11-30T14:41:09.088+0000] {processor.py:183} INFO - Processing /opt/airflow/dags/01_data_fetch_mkCHtbls.py took 39.345 seconds
[2025-11-30T14:41:39.473+0000] {processor.py:161} INFO - Started process (PID=5686) to work on /opt/airflow/dags/01_data_fetch_mkCHtbls.py
[2025-11-30T14:41:39.474+0000] {processor.py:830} INFO - Processing file /opt/airflow/dags/01_data_fetch_mkCHtbls.py for tasks to queue
[2025-11-30T14:41:39.475+0000] {logging_mixin.py:188} INFO - [2025-11-30T14:41:39.475+0000] {dagbag.py:538} INFO - Filling up the DagBag from /opt/airflow/dags/01_data_fetch_mkCHtbls.py
[2025-11-30T14:42:02.981+0000] {processor.py:840} INFO - DAG(s) 'fetch_data' retrieved from /opt/airflow/dags/01_data_fetch_mkCHtbls.py
[2025-11-30T14:42:03.114+0000] {logging_mixin.py:188} INFO - [2025-11-30T14:42:03.113+0000] {dag.py:3036} INFO - Sync 1 DAGs
[2025-11-30T14:42:03.158+0000] {logging_mixin.py:188} INFO - [2025-11-30T14:42:03.158+0000] {dag.py:3823} INFO - Setting next_dagrun for fetch_data to 2025-11-30 00:00:00+00:00, run_after=2025-12-01 00:00:00+00:00
[2025-11-30T14:42:03.180+0000] {processor.py:183} INFO - Processing /opt/airflow/dags/01_data_fetch_mkCHtbls.py took 23.715 seconds
[2025-11-30T14:42:33.688+0000] {processor.py:161} INFO - Started process (PID=5792) to work on /opt/airflow/dags/01_data_fetch_mkCHtbls.py
[2025-11-30T14:42:33.689+0000] {processor.py:830} INFO - Processing file /opt/airflow/dags/01_data_fetch_mkCHtbls.py for tasks to queue
[2025-11-30T14:42:33.691+0000] {logging_mixin.py:188} INFO - [2025-11-30T14:42:33.690+0000] {dagbag.py:538} INFO - Filling up the DagBag from /opt/airflow/dags/01_data_fetch_mkCHtbls.py
[2025-11-30T14:42:36.931+0000] {processor.py:840} INFO - DAG(s) 'fetch_data' retrieved from /opt/airflow/dags/01_data_fetch_mkCHtbls.py
[2025-11-30T14:42:36.976+0000] {logging_mixin.py:188} INFO - [2025-11-30T14:42:36.976+0000] {dag.py:3036} INFO - Sync 1 DAGs
[2025-11-30T14:42:37.058+0000] {logging_mixin.py:188} INFO - [2025-11-30T14:42:37.058+0000] {dag.py:3823} INFO - Setting next_dagrun for fetch_data to 2025-11-30 00:00:00+00:00, run_after=2025-12-01 00:00:00+00:00
[2025-11-30T14:42:37.087+0000] {processor.py:183} INFO - Processing /opt/airflow/dags/01_data_fetch_mkCHtbls.py took 3.403 seconds
[2025-11-30T14:43:15.673+0000] {processor.py:161} INFO - Started process (PID=5855) to work on /opt/airflow/dags/01_data_fetch_mkCHtbls.py
[2025-11-30T14:43:15.676+0000] {processor.py:830} INFO - Processing file /opt/airflow/dags/01_data_fetch_mkCHtbls.py for tasks to queue
[2025-11-30T14:43:15.679+0000] {logging_mixin.py:188} INFO - [2025-11-30T14:43:15.678+0000] {dagbag.py:538} INFO - Filling up the DagBag from /opt/airflow/dags/01_data_fetch_mkCHtbls.py
[2025-11-30T14:43:19.458+0000] {processor.py:840} INFO - DAG(s) 'fetch_data' retrieved from /opt/airflow/dags/01_data_fetch_mkCHtbls.py
[2025-11-30T14:43:19.495+0000] {logging_mixin.py:188} INFO - [2025-11-30T14:43:19.495+0000] {dag.py:3036} INFO - Sync 1 DAGs
[2025-11-30T14:43:19.548+0000] {logging_mixin.py:188} INFO - [2025-11-30T14:43:19.548+0000] {dag.py:3823} INFO - Setting next_dagrun for fetch_data to 2025-11-30 00:00:00+00:00, run_after=2025-12-01 00:00:00+00:00
[2025-11-30T14:43:19.571+0000] {processor.py:183} INFO - Processing /opt/airflow/dags/01_data_fetch_mkCHtbls.py took 3.911 seconds
[2025-11-30T14:43:50.274+0000] {processor.py:161} INFO - Started process (PID=5922) to work on /opt/airflow/dags/01_data_fetch_mkCHtbls.py
[2025-11-30T14:43:50.275+0000] {processor.py:830} INFO - Processing file /opt/airflow/dags/01_data_fetch_mkCHtbls.py for tasks to queue
[2025-11-30T14:43:50.277+0000] {logging_mixin.py:188} INFO - [2025-11-30T14:43:50.276+0000] {dagbag.py:538} INFO - Filling up the DagBag from /opt/airflow/dags/01_data_fetch_mkCHtbls.py
[2025-11-30T14:44:10.142+0000] {processor.py:840} INFO - DAG(s) 'fetch_data' retrieved from /opt/airflow/dags/01_data_fetch_mkCHtbls.py
[2025-11-30T14:44:10.179+0000] {logging_mixin.py:188} INFO - [2025-11-30T14:44:10.178+0000] {dag.py:3036} INFO - Sync 1 DAGs
[2025-11-30T14:44:10.213+0000] {logging_mixin.py:188} INFO - [2025-11-30T14:44:10.213+0000] {dag.py:3823} INFO - Setting next_dagrun for fetch_data to 2025-11-30 00:00:00+00:00, run_after=2025-12-01 00:00:00+00:00
[2025-11-30T14:44:10.244+0000] {processor.py:183} INFO - Processing /opt/airflow/dags/01_data_fetch_mkCHtbls.py took 19.972 seconds
[2025-11-30T14:44:40.652+0000] {processor.py:161} INFO - Started process (PID=5987) to work on /opt/airflow/dags/01_data_fetch_mkCHtbls.py
[2025-11-30T14:44:40.655+0000] {processor.py:830} INFO - Processing file /opt/airflow/dags/01_data_fetch_mkCHtbls.py for tasks to queue
[2025-11-30T14:44:40.658+0000] {logging_mixin.py:188} INFO - [2025-11-30T14:44:40.656+0000] {dagbag.py:538} INFO - Filling up the DagBag from /opt/airflow/dags/01_data_fetch_mkCHtbls.py
[2025-11-30T14:44:47.983+0000] {processor.py:840} INFO - DAG(s) 'fetch_data' retrieved from /opt/airflow/dags/01_data_fetch_mkCHtbls.py
[2025-11-30T14:44:48.028+0000] {logging_mixin.py:188} INFO - [2025-11-30T14:44:48.027+0000] {dag.py:3036} INFO - Sync 1 DAGs
[2025-11-30T14:44:48.047+0000] {logging_mixin.py:188} INFO - [2025-11-30T14:44:48.047+0000] {dag.py:3823} INFO - Setting next_dagrun for fetch_data to 2025-11-30 00:00:00+00:00, run_after=2025-12-01 00:00:00+00:00
[2025-11-30T14:44:48.072+0000] {processor.py:183} INFO - Processing /opt/airflow/dags/01_data_fetch_mkCHtbls.py took 7.429 seconds
[2025-11-30T14:45:18.870+0000] {processor.py:161} INFO - Started process (PID=6055) to work on /opt/airflow/dags/01_data_fetch_mkCHtbls.py
[2025-11-30T14:45:18.872+0000] {processor.py:830} INFO - Processing file /opt/airflow/dags/01_data_fetch_mkCHtbls.py for tasks to queue
[2025-11-30T14:45:18.875+0000] {logging_mixin.py:188} INFO - [2025-11-30T14:45:18.874+0000] {dagbag.py:538} INFO - Filling up the DagBag from /opt/airflow/dags/01_data_fetch_mkCHtbls.py
[2025-11-30T14:45:47.903+0000] {logging_mixin.py:188} INFO - [2025-11-30T14:45:47.700+0000] {timeout.py:68} ERROR - Process timed out, PID: 6055
[2025-11-30T14:45:48.523+0000] {logging_mixin.py:188} INFO - [2025-11-30T14:45:48.415+0000] {dagbag.py:348} ERROR - Failed to import: /opt/airflow/dags/01_data_fetch_mkCHtbls.py
Traceback (most recent call last):
  File "/home/airflow/.local/lib/python3.8/site-packages/airflow/models/dagbag.py", line 344, in parse
    loader.exec_module(new_module)
  File "<frozen importlib._bootstrap_external>", line 843, in exec_module
  File "<frozen importlib._bootstrap>", line 219, in _call_with_frames_removed
  File "/opt/airflow/dags/01_data_fetch_mkCHtbls.py", line 9, in <module>
    subprocess.check_call([sys.executable, '-m', 'pip', 'install', 'meteostat'])
  File "/usr/local/lib/python3.8/subprocess.py", line 359, in check_call
    retcode = call(*popenargs, **kwargs)
  File "/usr/local/lib/python3.8/subprocess.py", line 342, in call
    return p.wait(timeout=timeout)
  File "/usr/local/lib/python3.8/subprocess.py", line 1083, in wait
    return self._wait(timeout=timeout)
  File "/usr/local/lib/python3.8/subprocess.py", line 1822, in _wait
    (pid, sts) = self._try_wait(0)
  File "/usr/local/lib/python3.8/subprocess.py", line 1780, in _try_wait
    (pid, sts) = os.waitpid(self.pid, wait_flags)
  File "/home/airflow/.local/lib/python3.8/site-packages/airflow/utils/timeout.py", line 69, in handle_timeout
    raise AirflowTaskTimeout(self.error_message)
airflow.exceptions.AirflowTaskTimeout: DagBag import timeout for /opt/airflow/dags/01_data_fetch_mkCHtbls.py after 30.0s.
Please take a look at these docs to improve your DAG import time:
* https://airflow.apache.org/docs/apache-airflow/2.8.1/best-practices.html#top-level-python-code
* https://airflow.apache.org/docs/apache-airflow/2.8.1/best-practices.html#reducing-dag-complexity, PID: 6055
[2025-11-30T14:45:48.611+0000] {processor.py:842} WARNING - No viable dags retrieved from /opt/airflow/dags/01_data_fetch_mkCHtbls.py
[2025-11-30T14:45:59.220+0000] {processor.py:183} INFO - Processing /opt/airflow/dags/01_data_fetch_mkCHtbls.py took 41.552 seconds
[2025-11-30T14:46:43.111+0000] {processor.py:161} INFO - Started process (PID=6137) to work on /opt/airflow/dags/01_data_fetch_mkCHtbls.py
[2025-11-30T14:46:43.112+0000] {processor.py:830} INFO - Processing file /opt/airflow/dags/01_data_fetch_mkCHtbls.py for tasks to queue
[2025-11-30T14:46:43.113+0000] {logging_mixin.py:188} INFO - [2025-11-30T14:46:43.113+0000] {dagbag.py:538} INFO - Filling up the DagBag from /opt/airflow/dags/01_data_fetch_mkCHtbls.py
[2025-11-30T14:46:48.865+0000] {processor.py:840} INFO - DAG(s) 'fetch_data' retrieved from /opt/airflow/dags/01_data_fetch_mkCHtbls.py
[2025-11-30T14:46:48.986+0000] {logging_mixin.py:188} INFO - [2025-11-30T14:46:48.985+0000] {dag.py:3036} INFO - Sync 1 DAGs
[2025-11-30T14:46:49.007+0000] {logging_mixin.py:188} INFO - [2025-11-30T14:46:49.007+0000] {dag.py:3823} INFO - Setting next_dagrun for fetch_data to 2025-11-30 00:00:00+00:00, run_after=2025-12-01 00:00:00+00:00
[2025-11-30T14:46:49.029+0000] {processor.py:183} INFO - Processing /opt/airflow/dags/01_data_fetch_mkCHtbls.py took 5.920 seconds
[2025-11-30T14:47:35.667+0000] {processor.py:161} INFO - Started process (PID=6238) to work on /opt/airflow/dags/01_data_fetch_mkCHtbls.py
[2025-11-30T14:47:35.916+0000] {processor.py:830} INFO - Processing file /opt/airflow/dags/01_data_fetch_mkCHtbls.py for tasks to queue
[2025-11-30T14:47:35.936+0000] {logging_mixin.py:188} INFO - [2025-11-30T14:47:35.934+0000] {dagbag.py:538} INFO - Filling up the DagBag from /opt/airflow/dags/01_data_fetch_mkCHtbls.py
[2025-11-30T14:47:40.083+0000] {processor.py:840} INFO - DAG(s) 'fetch_data' retrieved from /opt/airflow/dags/01_data_fetch_mkCHtbls.py
[2025-11-30T14:47:40.127+0000] {logging_mixin.py:188} INFO - [2025-11-30T14:47:40.127+0000] {dag.py:3036} INFO - Sync 1 DAGs
[2025-11-30T14:47:40.161+0000] {logging_mixin.py:188} INFO - [2025-11-30T14:47:40.161+0000] {dag.py:3823} INFO - Setting next_dagrun for fetch_data to 2025-11-30 00:00:00+00:00, run_after=2025-12-01 00:00:00+00:00
[2025-11-30T14:47:40.189+0000] {processor.py:183} INFO - Processing /opt/airflow/dags/01_data_fetch_mkCHtbls.py took 4.948 seconds
[2025-11-30T14:48:11.081+0000] {processor.py:161} INFO - Started process (PID=6305) to work on /opt/airflow/dags/01_data_fetch_mkCHtbls.py
[2025-11-30T14:48:11.083+0000] {processor.py:830} INFO - Processing file /opt/airflow/dags/01_data_fetch_mkCHtbls.py for tasks to queue
[2025-11-30T14:48:11.084+0000] {logging_mixin.py:188} INFO - [2025-11-30T14:48:11.084+0000] {dagbag.py:538} INFO - Filling up the DagBag from /opt/airflow/dags/01_data_fetch_mkCHtbls.py
[2025-11-30T14:48:15.210+0000] {processor.py:840} INFO - DAG(s) 'fetch_data' retrieved from /opt/airflow/dags/01_data_fetch_mkCHtbls.py
[2025-11-30T14:48:15.255+0000] {logging_mixin.py:188} INFO - [2025-11-30T14:48:15.254+0000] {dag.py:3036} INFO - Sync 1 DAGs
[2025-11-30T14:48:15.281+0000] {logging_mixin.py:188} INFO - [2025-11-30T14:48:15.281+0000] {dag.py:3823} INFO - Setting next_dagrun for fetch_data to 2025-11-30 00:00:00+00:00, run_after=2025-12-01 00:00:00+00:00
[2025-11-30T14:48:15.313+0000] {processor.py:183} INFO - Processing /opt/airflow/dags/01_data_fetch_mkCHtbls.py took 4.238 seconds
[2025-11-30T14:48:45.784+0000] {processor.py:161} INFO - Started process (PID=6370) to work on /opt/airflow/dags/01_data_fetch_mkCHtbls.py
[2025-11-30T14:48:45.786+0000] {processor.py:830} INFO - Processing file /opt/airflow/dags/01_data_fetch_mkCHtbls.py for tasks to queue
[2025-11-30T14:48:45.789+0000] {logging_mixin.py:188} INFO - [2025-11-30T14:48:45.788+0000] {dagbag.py:538} INFO - Filling up the DagBag from /opt/airflow/dags/01_data_fetch_mkCHtbls.py
[2025-11-30T14:49:19.945+0000] {logging_mixin.py:188} INFO - [2025-11-30T14:49:16.377+0000] {timeout.py:68} ERROR - Process timed out, PID: 6370
[2025-11-30T14:49:24.426+0000] {logging_mixin.py:188} INFO - [2025-11-30T14:49:23.982+0000] {dagbag.py:348} ERROR - Failed to import: /opt/airflow/dags/01_data_fetch_mkCHtbls.py
Traceback (most recent call last):
  File "/home/airflow/.local/lib/python3.8/site-packages/airflow/models/dagbag.py", line 344, in parse
    loader.exec_module(new_module)
  File "<frozen importlib._bootstrap_external>", line 843, in exec_module
  File "<frozen importlib._bootstrap>", line 219, in _call_with_frames_removed
  File "/opt/airflow/dags/01_data_fetch_mkCHtbls.py", line 9, in <module>
    subprocess.check_call([sys.executable, '-m', 'pip', 'install', 'meteostat'])
  File "/usr/local/lib/python3.8/subprocess.py", line 359, in check_call
    retcode = call(*popenargs, **kwargs)
  File "/usr/local/lib/python3.8/subprocess.py", line 342, in call
    return p.wait(timeout=timeout)
  File "/usr/local/lib/python3.8/subprocess.py", line 1083, in wait
    return self._wait(timeout=timeout)
  File "/usr/local/lib/python3.8/subprocess.py", line 1822, in _wait
    (pid, sts) = self._try_wait(0)
  File "/usr/local/lib/python3.8/subprocess.py", line 1780, in _try_wait
    (pid, sts) = os.waitpid(self.pid, wait_flags)
  File "/home/airflow/.local/lib/python3.8/site-packages/airflow/utils/timeout.py", line 69, in handle_timeout
    raise AirflowTaskTimeout(self.error_message)
airflow.exceptions.AirflowTaskTimeout: DagBag import timeout for /opt/airflow/dags/01_data_fetch_mkCHtbls.py after 30.0s.
Please take a look at these docs to improve your DAG import time:
* https://airflow.apache.org/docs/apache-airflow/2.8.1/best-practices.html#top-level-python-code
* https://airflow.apache.org/docs/apache-airflow/2.8.1/best-practices.html#reducing-dag-complexity, PID: 6370
[2025-11-30T14:49:24.484+0000] {processor.py:842} WARNING - No viable dags retrieved from /opt/airflow/dags/01_data_fetch_mkCHtbls.py
[2025-11-30T14:50:17.815+0000] {processor.py:161} INFO - Started process (PID=6432) to work on /opt/airflow/dags/01_data_fetch_mkCHtbls.py
[2025-11-30T14:50:17.817+0000] {processor.py:830} INFO - Processing file /opt/airflow/dags/01_data_fetch_mkCHtbls.py for tasks to queue
[2025-11-30T14:50:17.818+0000] {logging_mixin.py:188} INFO - [2025-11-30T14:50:17.817+0000] {dagbag.py:538} INFO - Filling up the DagBag from /opt/airflow/dags/01_data_fetch_mkCHtbls.py
[2025-11-30T14:50:21.673+0000] {processor.py:840} INFO - DAG(s) 'fetch_data' retrieved from /opt/airflow/dags/01_data_fetch_mkCHtbls.py
[2025-11-30T14:50:21.807+0000] {logging_mixin.py:188} INFO - [2025-11-30T14:50:21.805+0000] {dag.py:3036} INFO - Sync 1 DAGs
[2025-11-30T14:50:21.877+0000] {logging_mixin.py:188} INFO - [2025-11-30T14:50:21.876+0000] {dag.py:3823} INFO - Setting next_dagrun for fetch_data to 2025-11-30 00:00:00+00:00, run_after=2025-12-01 00:00:00+00:00
[2025-11-30T14:50:21.977+0000] {processor.py:183} INFO - Processing /opt/airflow/dags/01_data_fetch_mkCHtbls.py took 4.166 seconds
[2025-11-30T14:50:55.028+0000] {processor.py:161} INFO - Started process (PID=6497) to work on /opt/airflow/dags/01_data_fetch_mkCHtbls.py
[2025-11-30T14:50:55.138+0000] {processor.py:830} INFO - Processing file /opt/airflow/dags/01_data_fetch_mkCHtbls.py for tasks to queue
[2025-11-30T14:50:55.587+0000] {logging_mixin.py:188} INFO - [2025-11-30T14:50:55.301+0000] {dagbag.py:538} INFO - Filling up the DagBag from /opt/airflow/dags/01_data_fetch_mkCHtbls.py
[2025-11-30T14:51:34.570+0000] {logging_mixin.py:188} INFO - [2025-11-30T14:51:26.070+0000] {timeout.py:68} ERROR - Process timed out, PID: 6497
[2025-11-30T14:51:34.598+0000] {logging_mixin.py:188} INFO - [2025-11-30T14:51:34.577+0000] {dagbag.py:348} ERROR - Failed to import: /opt/airflow/dags/01_data_fetch_mkCHtbls.py
Traceback (most recent call last):
  File "/home/airflow/.local/lib/python3.8/site-packages/airflow/models/dagbag.py", line 344, in parse
    loader.exec_module(new_module)
  File "<frozen importlib._bootstrap_external>", line 843, in exec_module
  File "<frozen importlib._bootstrap>", line 219, in _call_with_frames_removed
  File "/opt/airflow/dags/01_data_fetch_mkCHtbls.py", line 9, in <module>
    subprocess.check_call([sys.executable, '-m', 'pip', 'install', 'meteostat'])
  File "/usr/local/lib/python3.8/subprocess.py", line 359, in check_call
    retcode = call(*popenargs, **kwargs)
  File "/usr/local/lib/python3.8/subprocess.py", line 342, in call
    return p.wait(timeout=timeout)
  File "/usr/local/lib/python3.8/subprocess.py", line 1083, in wait
    return self._wait(timeout=timeout)
  File "/usr/local/lib/python3.8/subprocess.py", line 1822, in _wait
    (pid, sts) = self._try_wait(0)
  File "/usr/local/lib/python3.8/subprocess.py", line 1780, in _try_wait
    (pid, sts) = os.waitpid(self.pid, wait_flags)
  File "/home/airflow/.local/lib/python3.8/site-packages/airflow/utils/timeout.py", line 69, in handle_timeout
    raise AirflowTaskTimeout(self.error_message)
airflow.exceptions.AirflowTaskTimeout: DagBag import timeout for /opt/airflow/dags/01_data_fetch_mkCHtbls.py after 30.0s.
Please take a look at these docs to improve your DAG import time:
* https://airflow.apache.org/docs/apache-airflow/2.8.1/best-practices.html#top-level-python-code
* https://airflow.apache.org/docs/apache-airflow/2.8.1/best-practices.html#reducing-dag-complexity, PID: 6497
[2025-11-30T14:51:34.601+0000] {processor.py:842} WARNING - No viable dags retrieved from /opt/airflow/dags/01_data_fetch_mkCHtbls.py
[2025-11-30T14:51:34.730+0000] {processor.py:183} INFO - Processing /opt/airflow/dags/01_data_fetch_mkCHtbls.py took 40.916 seconds
[2025-11-30T14:52:05.343+0000] {processor.py:161} INFO - Started process (PID=6544) to work on /opt/airflow/dags/01_data_fetch_mkCHtbls.py
[2025-11-30T14:52:05.348+0000] {processor.py:830} INFO - Processing file /opt/airflow/dags/01_data_fetch_mkCHtbls.py for tasks to queue
[2025-11-30T14:52:05.351+0000] {logging_mixin.py:188} INFO - [2025-11-30T14:52:05.349+0000] {dagbag.py:538} INFO - Filling up the DagBag from /opt/airflow/dags/01_data_fetch_mkCHtbls.py
[2025-11-30T14:52:36.313+0000] {logging_mixin.py:188} INFO - [2025-11-30T14:52:35.518+0000] {timeout.py:68} ERROR - Process timed out, PID: 6544
[2025-11-30T14:52:36.846+0000] {logging_mixin.py:188} INFO - [2025-11-30T14:52:36.766+0000] {dagbag.py:348} ERROR - Failed to import: /opt/airflow/dags/01_data_fetch_mkCHtbls.py
Traceback (most recent call last):
  File "/home/airflow/.local/lib/python3.8/site-packages/airflow/models/dagbag.py", line 344, in parse
    loader.exec_module(new_module)
  File "<frozen importlib._bootstrap_external>", line 843, in exec_module
  File "<frozen importlib._bootstrap>", line 219, in _call_with_frames_removed
  File "/opt/airflow/dags/01_data_fetch_mkCHtbls.py", line 9, in <module>
    subprocess.check_call([sys.executable, '-m', 'pip', 'install', 'meteostat'])
  File "/usr/local/lib/python3.8/subprocess.py", line 359, in check_call
    retcode = call(*popenargs, **kwargs)
  File "/usr/local/lib/python3.8/subprocess.py", line 342, in call
    return p.wait(timeout=timeout)
  File "/usr/local/lib/python3.8/subprocess.py", line 1083, in wait
    return self._wait(timeout=timeout)
  File "/usr/local/lib/python3.8/subprocess.py", line 1822, in _wait
    (pid, sts) = self._try_wait(0)
  File "/usr/local/lib/python3.8/subprocess.py", line 1780, in _try_wait
    (pid, sts) = os.waitpid(self.pid, wait_flags)
  File "/home/airflow/.local/lib/python3.8/site-packages/airflow/utils/timeout.py", line 69, in handle_timeout
    raise AirflowTaskTimeout(self.error_message)
airflow.exceptions.AirflowTaskTimeout: DagBag import timeout for /opt/airflow/dags/01_data_fetch_mkCHtbls.py after 30.0s.
Please take a look at these docs to improve your DAG import time:
* https://airflow.apache.org/docs/apache-airflow/2.8.1/best-practices.html#top-level-python-code
* https://airflow.apache.org/docs/apache-airflow/2.8.1/best-practices.html#reducing-dag-complexity, PID: 6544
[2025-11-30T14:52:36.876+0000] {processor.py:842} WARNING - No viable dags retrieved from /opt/airflow/dags/01_data_fetch_mkCHtbls.py
[2025-11-30T14:53:42.339+0000] {processor.py:161} INFO - Started process (PID=6647) to work on /opt/airflow/dags/01_data_fetch_mkCHtbls.py
[2025-11-30T14:53:42.341+0000] {processor.py:830} INFO - Processing file /opt/airflow/dags/01_data_fetch_mkCHtbls.py for tasks to queue
[2025-11-30T14:53:42.345+0000] {logging_mixin.py:188} INFO - [2025-11-30T14:53:42.344+0000] {dagbag.py:538} INFO - Filling up the DagBag from /opt/airflow/dags/01_data_fetch_mkCHtbls.py
[2025-11-30T14:54:11.912+0000] {processor.py:840} INFO - DAG(s) 'fetch_data' retrieved from /opt/airflow/dags/01_data_fetch_mkCHtbls.py
[2025-11-30T14:54:12.035+0000] {logging_mixin.py:188} INFO - [2025-11-30T14:54:12.035+0000] {dag.py:3036} INFO - Sync 1 DAGs
[2025-11-30T14:54:12.072+0000] {logging_mixin.py:188} INFO - [2025-11-30T14:54:12.071+0000] {dag.py:3823} INFO - Setting next_dagrun for fetch_data to 2025-11-30 00:00:00+00:00, run_after=2025-12-01 00:00:00+00:00
[2025-11-30T14:54:12.105+0000] {processor.py:183} INFO - Processing /opt/airflow/dags/01_data_fetch_mkCHtbls.py took 29.778 seconds
[2025-11-30T14:55:10.109+0000] {processor.py:161} INFO - Started process (PID=6751) to work on /opt/airflow/dags/01_data_fetch_mkCHtbls.py
[2025-11-30T14:55:10.116+0000] {processor.py:830} INFO - Processing file /opt/airflow/dags/01_data_fetch_mkCHtbls.py for tasks to queue
[2025-11-30T14:55:10.119+0000] {logging_mixin.py:188} INFO - [2025-11-30T14:55:10.118+0000] {dagbag.py:538} INFO - Filling up the DagBag from /opt/airflow/dags/01_data_fetch_mkCHtbls.py
[2025-11-30T14:55:14.684+0000] {processor.py:840} INFO - DAG(s) 'fetch_data' retrieved from /opt/airflow/dags/01_data_fetch_mkCHtbls.py
[2025-11-30T14:55:14.723+0000] {logging_mixin.py:188} INFO - [2025-11-30T14:55:14.723+0000] {dag.py:3036} INFO - Sync 1 DAGs
[2025-11-30T14:55:14.754+0000] {logging_mixin.py:188} INFO - [2025-11-30T14:55:14.754+0000] {dag.py:3823} INFO - Setting next_dagrun for fetch_data to 2025-11-30 00:00:00+00:00, run_after=2025-12-01 00:00:00+00:00
[2025-11-30T14:55:14.779+0000] {processor.py:183} INFO - Processing /opt/airflow/dags/01_data_fetch_mkCHtbls.py took 4.660 seconds
[2025-11-30T14:55:45.041+0000] {processor.py:161} INFO - Started process (PID=6818) to work on /opt/airflow/dags/01_data_fetch_mkCHtbls.py
[2025-11-30T14:55:45.043+0000] {processor.py:830} INFO - Processing file /opt/airflow/dags/01_data_fetch_mkCHtbls.py for tasks to queue
[2025-11-30T14:55:45.044+0000] {logging_mixin.py:188} INFO - [2025-11-30T14:55:45.044+0000] {dagbag.py:538} INFO - Filling up the DagBag from /opt/airflow/dags/01_data_fetch_mkCHtbls.py
[2025-11-30T14:55:49.450+0000] {processor.py:840} INFO - DAG(s) 'fetch_data' retrieved from /opt/airflow/dags/01_data_fetch_mkCHtbls.py
[2025-11-30T14:55:49.486+0000] {logging_mixin.py:188} INFO - [2025-11-30T14:55:49.486+0000] {dag.py:3036} INFO - Sync 1 DAGs
[2025-11-30T14:55:49.510+0000] {logging_mixin.py:188} INFO - [2025-11-30T14:55:49.509+0000] {dag.py:3823} INFO - Setting next_dagrun for fetch_data to 2025-11-30 00:00:00+00:00, run_after=2025-12-01 00:00:00+00:00
[2025-11-30T14:55:49.546+0000] {processor.py:183} INFO - Processing /opt/airflow/dags/01_data_fetch_mkCHtbls.py took 4.510 seconds
[2025-11-30T14:56:20.020+0000] {processor.py:161} INFO - Started process (PID=6883) to work on /opt/airflow/dags/01_data_fetch_mkCHtbls.py
[2025-11-30T14:56:20.021+0000] {processor.py:830} INFO - Processing file /opt/airflow/dags/01_data_fetch_mkCHtbls.py for tasks to queue
[2025-11-30T14:56:20.022+0000] {logging_mixin.py:188} INFO - [2025-11-30T14:56:20.022+0000] {dagbag.py:538} INFO - Filling up the DagBag from /opt/airflow/dags/01_data_fetch_mkCHtbls.py
[2025-11-30T14:56:25.710+0000] {processor.py:840} INFO - DAG(s) 'fetch_data' retrieved from /opt/airflow/dags/01_data_fetch_mkCHtbls.py
[2025-11-30T14:56:25.776+0000] {logging_mixin.py:188} INFO - [2025-11-30T14:56:25.775+0000] {dag.py:3036} INFO - Sync 1 DAGs
[2025-11-30T14:56:25.837+0000] {logging_mixin.py:188} INFO - [2025-11-30T14:56:25.835+0000] {dag.py:3823} INFO - Setting next_dagrun for fetch_data to 2025-11-30 00:00:00+00:00, run_after=2025-12-01 00:00:00+00:00
[2025-11-30T14:56:25.879+0000] {processor.py:183} INFO - Processing /opt/airflow/dags/01_data_fetch_mkCHtbls.py took 5.863 seconds
[2025-11-30T14:56:56.051+0000] {processor.py:161} INFO - Started process (PID=6948) to work on /opt/airflow/dags/01_data_fetch_mkCHtbls.py
[2025-11-30T14:56:56.052+0000] {processor.py:830} INFO - Processing file /opt/airflow/dags/01_data_fetch_mkCHtbls.py for tasks to queue
[2025-11-30T14:56:56.053+0000] {logging_mixin.py:188} INFO - [2025-11-30T14:56:56.053+0000] {dagbag.py:538} INFO - Filling up the DagBag from /opt/airflow/dags/01_data_fetch_mkCHtbls.py
[2025-11-30T14:57:09.212+0000] {processor.py:840} INFO - DAG(s) 'fetch_data' retrieved from /opt/airflow/dags/01_data_fetch_mkCHtbls.py
[2025-11-30T14:57:09.358+0000] {logging_mixin.py:188} INFO - [2025-11-30T14:57:09.355+0000] {dag.py:3036} INFO - Sync 1 DAGs
[2025-11-30T14:57:09.437+0000] {logging_mixin.py:188} INFO - [2025-11-30T14:57:09.436+0000] {dag.py:3823} INFO - Setting next_dagrun for fetch_data to 2025-11-30 00:00:00+00:00, run_after=2025-12-01 00:00:00+00:00
[2025-11-30T14:57:09.478+0000] {processor.py:183} INFO - Processing /opt/airflow/dags/01_data_fetch_mkCHtbls.py took 13.430 seconds
[2025-11-30T14:57:39.927+0000] {processor.py:161} INFO - Started process (PID=7013) to work on /opt/airflow/dags/01_data_fetch_mkCHtbls.py
[2025-11-30T14:57:39.928+0000] {processor.py:830} INFO - Processing file /opt/airflow/dags/01_data_fetch_mkCHtbls.py for tasks to queue
[2025-11-30T14:57:39.929+0000] {logging_mixin.py:188} INFO - [2025-11-30T14:57:39.929+0000] {dagbag.py:538} INFO - Filling up the DagBag from /opt/airflow/dags/01_data_fetch_mkCHtbls.py
[2025-11-30T14:58:04.458+0000] {processor.py:840} INFO - DAG(s) 'fetch_data' retrieved from /opt/airflow/dags/01_data_fetch_mkCHtbls.py
[2025-11-30T14:58:04.502+0000] {logging_mixin.py:188} INFO - [2025-11-30T14:58:04.501+0000] {dag.py:3036} INFO - Sync 1 DAGs
[2025-11-30T14:58:04.528+0000] {logging_mixin.py:188} INFO - [2025-11-30T14:58:04.528+0000] {dag.py:3823} INFO - Setting next_dagrun for fetch_data to 2025-11-30 00:00:00+00:00, run_after=2025-12-01 00:00:00+00:00
[2025-11-30T14:58:04.549+0000] {processor.py:183} INFO - Processing /opt/airflow/dags/01_data_fetch_mkCHtbls.py took 24.631 seconds
[2025-11-30T14:58:42.190+0000] {processor.py:161} INFO - Started process (PID=7116) to work on /opt/airflow/dags/01_data_fetch_mkCHtbls.py
[2025-11-30T14:58:42.199+0000] {processor.py:830} INFO - Processing file /opt/airflow/dags/01_data_fetch_mkCHtbls.py for tasks to queue
[2025-11-30T14:58:42.206+0000] {logging_mixin.py:188} INFO - [2025-11-30T14:58:42.201+0000] {dagbag.py:538} INFO - Filling up the DagBag from /opt/airflow/dags/01_data_fetch_mkCHtbls.py
[2025-11-30T14:58:49.329+0000] {processor.py:840} INFO - DAG(s) 'fetch_data' retrieved from /opt/airflow/dags/01_data_fetch_mkCHtbls.py
[2025-11-30T14:58:49.371+0000] {logging_mixin.py:188} INFO - [2025-11-30T14:58:49.371+0000] {dag.py:3036} INFO - Sync 1 DAGs
[2025-11-30T14:58:49.395+0000] {logging_mixin.py:188} INFO - [2025-11-30T14:58:49.395+0000] {dag.py:3823} INFO - Setting next_dagrun for fetch_data to 2025-11-30 00:00:00+00:00, run_after=2025-12-01 00:00:00+00:00
[2025-11-30T14:58:49.432+0000] {processor.py:183} INFO - Processing /opt/airflow/dags/01_data_fetch_mkCHtbls.py took 7.266 seconds
[2025-11-30T14:59:19.892+0000] {processor.py:161} INFO - Started process (PID=7184) to work on /opt/airflow/dags/01_data_fetch_mkCHtbls.py
[2025-11-30T14:59:19.893+0000] {processor.py:830} INFO - Processing file /opt/airflow/dags/01_data_fetch_mkCHtbls.py for tasks to queue
[2025-11-30T14:59:19.895+0000] {logging_mixin.py:188} INFO - [2025-11-30T14:59:19.894+0000] {dagbag.py:538} INFO - Filling up the DagBag from /opt/airflow/dags/01_data_fetch_mkCHtbls.py
[2025-11-30T14:59:51.418+0000] {logging_mixin.py:188} INFO - [2025-11-30T14:59:50.047+0000] {timeout.py:68} ERROR - Process timed out, PID: 7184
[2025-11-30T14:59:52.852+0000] {logging_mixin.py:188} INFO - [2025-11-30T14:59:52.708+0000] {dagbag.py:348} ERROR - Failed to import: /opt/airflow/dags/01_data_fetch_mkCHtbls.py
Traceback (most recent call last):
  File "/home/airflow/.local/lib/python3.8/site-packages/airflow/models/dagbag.py", line 344, in parse
    loader.exec_module(new_module)
  File "<frozen importlib._bootstrap_external>", line 843, in exec_module
  File "<frozen importlib._bootstrap>", line 219, in _call_with_frames_removed
  File "/opt/airflow/dags/01_data_fetch_mkCHtbls.py", line 9, in <module>
    subprocess.check_call([sys.executable, '-m', 'pip', 'install', 'meteostat'])
  File "/usr/local/lib/python3.8/subprocess.py", line 359, in check_call
    retcode = call(*popenargs, **kwargs)
  File "/usr/local/lib/python3.8/subprocess.py", line 342, in call
    return p.wait(timeout=timeout)
  File "/usr/local/lib/python3.8/subprocess.py", line 1083, in wait
    return self._wait(timeout=timeout)
  File "/usr/local/lib/python3.8/subprocess.py", line 1822, in _wait
    (pid, sts) = self._try_wait(0)
  File "/usr/local/lib/python3.8/subprocess.py", line 1780, in _try_wait
    (pid, sts) = os.waitpid(self.pid, wait_flags)
  File "/home/airflow/.local/lib/python3.8/site-packages/airflow/utils/timeout.py", line 69, in handle_timeout
    raise AirflowTaskTimeout(self.error_message)
airflow.exceptions.AirflowTaskTimeout: DagBag import timeout for /opt/airflow/dags/01_data_fetch_mkCHtbls.py after 30.0s.
Please take a look at these docs to improve your DAG import time:
* https://airflow.apache.org/docs/apache-airflow/2.8.1/best-practices.html#top-level-python-code
* https://airflow.apache.org/docs/apache-airflow/2.8.1/best-practices.html#reducing-dag-complexity, PID: 7184
[2025-11-30T14:59:53.036+0000] {processor.py:842} WARNING - No viable dags retrieved from /opt/airflow/dags/01_data_fetch_mkCHtbls.py
[2025-11-30T15:00:48.178+0000] {processor.py:161} INFO - Started process (PID=7246) to work on /opt/airflow/dags/01_data_fetch_mkCHtbls.py
[2025-11-30T15:00:48.181+0000] {processor.py:830} INFO - Processing file /opt/airflow/dags/01_data_fetch_mkCHtbls.py for tasks to queue
[2025-11-30T15:00:48.184+0000] {logging_mixin.py:188} INFO - [2025-11-30T15:00:48.182+0000] {dagbag.py:538} INFO - Filling up the DagBag from /opt/airflow/dags/01_data_fetch_mkCHtbls.py
[2025-11-30T15:01:20.191+0000] {logging_mixin.py:188} INFO - [2025-11-30T15:01:17.439+0000] {timeout.py:68} ERROR - Process timed out, PID: 7246
[2025-11-30T15:01:23.495+0000] {logging_mixin.py:188} INFO - [2025-11-30T15:01:23.236+0000] {dagbag.py:348} ERROR - Failed to import: /opt/airflow/dags/01_data_fetch_mkCHtbls.py
Traceback (most recent call last):
  File "/home/airflow/.local/lib/python3.8/site-packages/airflow/models/dagbag.py", line 344, in parse
    loader.exec_module(new_module)
  File "<frozen importlib._bootstrap_external>", line 843, in exec_module
  File "<frozen importlib._bootstrap>", line 219, in _call_with_frames_removed
  File "/opt/airflow/dags/01_data_fetch_mkCHtbls.py", line 9, in <module>
    subprocess.check_call([sys.executable, '-m', 'pip', 'install', 'meteostat'])
  File "/usr/local/lib/python3.8/subprocess.py", line 359, in check_call
    retcode = call(*popenargs, **kwargs)
  File "/usr/local/lib/python3.8/subprocess.py", line 342, in call
    return p.wait(timeout=timeout)
  File "/usr/local/lib/python3.8/subprocess.py", line 1083, in wait
    return self._wait(timeout=timeout)
  File "/usr/local/lib/python3.8/subprocess.py", line 1822, in _wait
    (pid, sts) = self._try_wait(0)
  File "/usr/local/lib/python3.8/subprocess.py", line 1780, in _try_wait
    (pid, sts) = os.waitpid(self.pid, wait_flags)
  File "/home/airflow/.local/lib/python3.8/site-packages/airflow/utils/timeout.py", line 69, in handle_timeout
    raise AirflowTaskTimeout(self.error_message)
airflow.exceptions.AirflowTaskTimeout: DagBag import timeout for /opt/airflow/dags/01_data_fetch_mkCHtbls.py after 30.0s.
Please take a look at these docs to improve your DAG import time:
* https://airflow.apache.org/docs/apache-airflow/2.8.1/best-practices.html#top-level-python-code
* https://airflow.apache.org/docs/apache-airflow/2.8.1/best-practices.html#reducing-dag-complexity, PID: 7246
[2025-11-30T15:01:23.586+0000] {processor.py:842} WARNING - No viable dags retrieved from /opt/airflow/dags/01_data_fetch_mkCHtbls.py
[2025-11-30T15:01:36.455+0000] {processor.py:183} INFO - Processing /opt/airflow/dags/01_data_fetch_mkCHtbls.py took 48.805 seconds
[2025-11-30T15:02:35.694+0000] {processor.py:161} INFO - Started process (PID=7280) to work on /opt/airflow/dags/01_data_fetch_mkCHtbls.py
[2025-11-30T15:02:35.699+0000] {processor.py:830} INFO - Processing file /opt/airflow/dags/01_data_fetch_mkCHtbls.py for tasks to queue
[2025-11-30T15:02:35.705+0000] {logging_mixin.py:188} INFO - [2025-11-30T15:02:35.705+0000] {dagbag.py:538} INFO - Filling up the DagBag from /opt/airflow/dags/01_data_fetch_mkCHtbls.py
[2025-11-30T15:02:39.781+0000] {processor.py:840} INFO - DAG(s) 'fetch_data' retrieved from /opt/airflow/dags/01_data_fetch_mkCHtbls.py
[2025-11-30T15:02:39.890+0000] {logging_mixin.py:188} INFO - [2025-11-30T15:02:39.889+0000] {dag.py:3036} INFO - Sync 1 DAGs
[2025-11-30T15:02:39.912+0000] {logging_mixin.py:188} INFO - [2025-11-30T15:02:39.911+0000] {dag.py:3823} INFO - Setting next_dagrun for fetch_data to 2025-11-30 00:00:00+00:00, run_after=2025-12-01 00:00:00+00:00
[2025-11-30T15:02:39.943+0000] {processor.py:183} INFO - Processing /opt/airflow/dags/01_data_fetch_mkCHtbls.py took 4.258 seconds
[2025-11-30T15:03:10.968+0000] {processor.py:161} INFO - Started process (PID=7361) to work on /opt/airflow/dags/01_data_fetch_mkCHtbls.py
[2025-11-30T15:03:11.012+0000] {processor.py:830} INFO - Processing file /opt/airflow/dags/01_data_fetch_mkCHtbls.py for tasks to queue
[2025-11-30T15:03:11.192+0000] {logging_mixin.py:188} INFO - [2025-11-30T15:03:11.126+0000] {dagbag.py:538} INFO - Filling up the DagBag from /opt/airflow/dags/01_data_fetch_mkCHtbls.py
[2025-11-30T15:03:46.202+0000] {logging_mixin.py:188} INFO - [2025-11-30T15:03:41.259+0000] {timeout.py:68} ERROR - Process timed out, PID: 7361
[2025-11-30T15:03:46.376+0000] {logging_mixin.py:188} INFO - [2025-11-30T15:03:46.336+0000] {dagbag.py:348} ERROR - Failed to import: /opt/airflow/dags/01_data_fetch_mkCHtbls.py
Traceback (most recent call last):
  File "/home/airflow/.local/lib/python3.8/site-packages/airflow/models/dagbag.py", line 344, in parse
    loader.exec_module(new_module)
  File "<frozen importlib._bootstrap_external>", line 843, in exec_module
  File "<frozen importlib._bootstrap>", line 219, in _call_with_frames_removed
  File "/opt/airflow/dags/01_data_fetch_mkCHtbls.py", line 9, in <module>
    subprocess.check_call([sys.executable, '-m', 'pip', 'install', 'meteostat'])
  File "/usr/local/lib/python3.8/subprocess.py", line 359, in check_call
    retcode = call(*popenargs, **kwargs)
  File "/usr/local/lib/python3.8/subprocess.py", line 342, in call
    return p.wait(timeout=timeout)
  File "/usr/local/lib/python3.8/subprocess.py", line 1083, in wait
    return self._wait(timeout=timeout)
  File "/usr/local/lib/python3.8/subprocess.py", line 1822, in _wait
    (pid, sts) = self._try_wait(0)
  File "/usr/local/lib/python3.8/subprocess.py", line 1780, in _try_wait
    (pid, sts) = os.waitpid(self.pid, wait_flags)
  File "/home/airflow/.local/lib/python3.8/site-packages/airflow/utils/timeout.py", line 69, in handle_timeout
    raise AirflowTaskTimeout(self.error_message)
airflow.exceptions.AirflowTaskTimeout: DagBag import timeout for /opt/airflow/dags/01_data_fetch_mkCHtbls.py after 30.0s.
Please take a look at these docs to improve your DAG import time:
* https://airflow.apache.org/docs/apache-airflow/2.8.1/best-practices.html#top-level-python-code
* https://airflow.apache.org/docs/apache-airflow/2.8.1/best-practices.html#reducing-dag-complexity, PID: 7361
[2025-11-30T15:03:46.378+0000] {processor.py:842} WARNING - No viable dags retrieved from /opt/airflow/dags/01_data_fetch_mkCHtbls.py
[2025-11-30T15:03:46.466+0000] {processor.py:183} INFO - Processing /opt/airflow/dags/01_data_fetch_mkCHtbls.py took 36.075 seconds
[2025-11-30T15:04:17.198+0000] {processor.py:161} INFO - Started process (PID=7430) to work on /opt/airflow/dags/01_data_fetch_mkCHtbls.py
[2025-11-30T15:04:17.200+0000] {processor.py:830} INFO - Processing file /opt/airflow/dags/01_data_fetch_mkCHtbls.py for tasks to queue
[2025-11-30T15:04:17.202+0000] {logging_mixin.py:188} INFO - [2025-11-30T15:04:17.201+0000] {dagbag.py:538} INFO - Filling up the DagBag from /opt/airflow/dags/01_data_fetch_mkCHtbls.py
[2025-11-30T15:04:47.410+0000] {logging_mixin.py:188} INFO - [2025-11-30T15:04:46.636+0000] {timeout.py:68} ERROR - Process timed out, PID: 7430
[2025-11-30T15:04:53.311+0000] {logging_mixin.py:188} INFO - [2025-11-30T15:04:48.700+0000] {dagbag.py:348} ERROR - Failed to import: /opt/airflow/dags/01_data_fetch_mkCHtbls.py
Traceback (most recent call last):
  File "<frozen importlib._bootstrap_external>", line 148, in _path_is_mode_type
  File "<frozen importlib._bootstrap_external>", line 142, in _path_stat
FileNotFoundError: [Errno 2] No such file or directory: '/home/airflow/.local/lib/python3.8/site-packages/pandas/api/types/__init__.abi3.so'

During handling of the above exception, another exception occurred:

Traceback (most recent call last):
  File "/home/airflow/.local/lib/python3.8/site-packages/airflow/models/dagbag.py", line 344, in parse
    loader.exec_module(new_module)
  File "<frozen importlib._bootstrap_external>", line 843, in exec_module
  File "<frozen importlib._bootstrap>", line 219, in _call_with_frames_removed
  File "/opt/airflow/dags/01_data_fetch_mkCHtbls.py", line 11, in <module>
    from meteostat import Point, Hourly
  File "/home/airflow/.local/lib/python3.8/site-packages/meteostat/__init__.py", line 18, in <module>
    from .interface.timeseries import TimeSeries
  File "/home/airflow/.local/lib/python3.8/site-packages/meteostat/interface/timeseries.py", line 13, in <module>
    import pandas as pd
  File "/home/airflow/.local/lib/python3.8/site-packages/pandas/__init__.py", line 137, in <module>
    from pandas import api, arrays, errors, io, plotting, tseries
  File "/home/airflow/.local/lib/python3.8/site-packages/pandas/api/__init__.py", line 2, in <module>
    from pandas.api import (
  File "/home/airflow/.local/lib/python3.8/site-packages/pandas/api/interchange/__init__.py", line 6, in <module>
    from pandas.core.interchange.from_dataframe import from_dataframe
  File "/home/airflow/.local/lib/python3.8/site-packages/pandas/core/interchange/from_dataframe.py", line 19, in <module>
    from pandas.core.interchange.utils import (
  File "/home/airflow/.local/lib/python3.8/site-packages/pandas/core/interchange/utils.py", line 15, in <module>
    from pandas.api.types import is_datetime64_dtype
  File "<frozen importlib._bootstrap>", line 991, in _find_and_load
  File "<frozen importlib._bootstrap>", line 971, in _find_and_load_unlocked
  File "<frozen importlib._bootstrap>", line 914, in _find_spec
  File "<frozen importlib._bootstrap_external>", line 1407, in find_spec
  File "<frozen importlib._bootstrap_external>", line 1379, in _get_spec
  File "<frozen importlib._bootstrap_external>", line 1525, in find_spec
  File "<frozen importlib._bootstrap_external>", line 156, in _path_isfile
  File "<frozen importlib._bootstrap_external>", line 148, in _path_is_mode_type
  File "/home/airflow/.local/lib/python3.8/site-packages/airflow/utils/timeout.py", line 69, in handle_timeout
    raise AirflowTaskTimeout(self.error_message)
airflow.exceptions.AirflowTaskTimeout: DagBag import timeout for /opt/airflow/dags/01_data_fetch_mkCHtbls.py after 30.0s.
Please take a look at these docs to improve your DAG import time:
* https://airflow.apache.org/docs/apache-airflow/2.8.1/best-practices.html#top-level-python-code
* https://airflow.apache.org/docs/apache-airflow/2.8.1/best-practices.html#reducing-dag-complexity, PID: 7430
[2025-11-30T15:04:58.496+0000] {processor.py:842} WARNING - No viable dags retrieved from /opt/airflow/dags/01_data_fetch_mkCHtbls.py
[2025-11-30T17:46:47.828+0000] {processor.py:161} INFO - Started process (PID=213) to work on /opt/airflow/dags/01_data_fetch_mkCHtbls.py
[2025-11-30T17:46:47.830+0000] {processor.py:830} INFO - Processing file /opt/airflow/dags/01_data_fetch_mkCHtbls.py for tasks to queue
[2025-11-30T17:46:47.832+0000] {logging_mixin.py:188} INFO - [2025-11-30T17:46:47.831+0000] {dagbag.py:538} INFO - Filling up the DagBag from /opt/airflow/dags/01_data_fetch_mkCHtbls.py
[2025-11-30T17:46:53.049+0000] {processor.py:840} INFO - DAG(s) 'fetch_data' retrieved from /opt/airflow/dags/01_data_fetch_mkCHtbls.py
[2025-11-30T17:46:53.072+0000] {logging_mixin.py:188} INFO - [2025-11-30T17:46:53.072+0000] {dag.py:3036} INFO - Sync 1 DAGs
[2025-11-30T17:46:53.111+0000] {logging_mixin.py:188} INFO - [2025-11-30T17:46:53.110+0000] {dag.py:3823} INFO - Setting next_dagrun for fetch_data to 2025-11-30 00:00:00+00:00, run_after=2025-12-01 00:00:00+00:00
[2025-11-30T17:46:53.144+0000] {processor.py:183} INFO - Processing /opt/airflow/dags/01_data_fetch_mkCHtbls.py took 5.323 seconds
[2025-11-30T17:47:23.365+0000] {processor.py:161} INFO - Started process (PID=280) to work on /opt/airflow/dags/01_data_fetch_mkCHtbls.py
[2025-11-30T17:47:23.367+0000] {processor.py:830} INFO - Processing file /opt/airflow/dags/01_data_fetch_mkCHtbls.py for tasks to queue
[2025-11-30T17:47:23.374+0000] {logging_mixin.py:188} INFO - [2025-11-30T17:47:23.373+0000] {dagbag.py:538} INFO - Filling up the DagBag from /opt/airflow/dags/01_data_fetch_mkCHtbls.py
[2025-11-30T17:47:27.144+0000] {processor.py:840} INFO - DAG(s) 'fetch_data' retrieved from /opt/airflow/dags/01_data_fetch_mkCHtbls.py
[2025-11-30T17:47:27.461+0000] {logging_mixin.py:188} INFO - [2025-11-30T17:47:27.461+0000] {dag.py:3036} INFO - Sync 1 DAGs
[2025-11-30T17:47:27.823+0000] {logging_mixin.py:188} INFO - [2025-11-30T17:47:27.823+0000] {dag.py:3823} INFO - Setting next_dagrun for fetch_data to 2025-11-30 00:00:00+00:00, run_after=2025-12-01 00:00:00+00:00
[2025-11-30T17:47:27.847+0000] {processor.py:183} INFO - Processing /opt/airflow/dags/01_data_fetch_mkCHtbls.py took 4.485 seconds
[2025-11-30T17:48:01.050+0000] {processor.py:161} INFO - Started process (PID=345) to work on /opt/airflow/dags/01_data_fetch_mkCHtbls.py
[2025-11-30T17:48:01.054+0000] {processor.py:830} INFO - Processing file /opt/airflow/dags/01_data_fetch_mkCHtbls.py for tasks to queue
[2025-11-30T17:48:01.059+0000] {logging_mixin.py:188} INFO - [2025-11-30T17:48:01.056+0000] {dagbag.py:538} INFO - Filling up the DagBag from /opt/airflow/dags/01_data_fetch_mkCHtbls.py
[2025-11-30T17:48:04.458+0000] {processor.py:840} INFO - DAG(s) 'fetch_data' retrieved from /opt/airflow/dags/01_data_fetch_mkCHtbls.py
[2025-11-30T17:48:04.529+0000] {logging_mixin.py:188} INFO - [2025-11-30T17:48:04.528+0000] {dag.py:3036} INFO - Sync 1 DAGs
[2025-11-30T17:48:04.572+0000] {logging_mixin.py:188} INFO - [2025-11-30T17:48:04.571+0000] {dag.py:3823} INFO - Setting next_dagrun for fetch_data to 2025-11-30 00:00:00+00:00, run_after=2025-12-01 00:00:00+00:00
[2025-11-30T17:48:04.589+0000] {processor.py:183} INFO - Processing /opt/airflow/dags/01_data_fetch_mkCHtbls.py took 3.580 seconds
[2025-11-30T17:48:35.332+0000] {processor.py:161} INFO - Started process (PID=410) to work on /opt/airflow/dags/01_data_fetch_mkCHtbls.py
[2025-11-30T17:48:35.335+0000] {processor.py:830} INFO - Processing file /opt/airflow/dags/01_data_fetch_mkCHtbls.py for tasks to queue
[2025-11-30T17:48:35.336+0000] {logging_mixin.py:188} INFO - [2025-11-30T17:48:35.336+0000] {dagbag.py:538} INFO - Filling up the DagBag from /opt/airflow/dags/01_data_fetch_mkCHtbls.py
[2025-11-30T17:51:39.318+0000] {processor.py:161} INFO - Started process (PID=214) to work on /opt/airflow/dags/01_data_fetch_mkCHtbls.py
[2025-11-30T17:51:39.320+0000] {processor.py:830} INFO - Processing file /opt/airflow/dags/01_data_fetch_mkCHtbls.py for tasks to queue
[2025-11-30T17:51:39.322+0000] {logging_mixin.py:188} INFO - [2025-11-30T17:51:39.321+0000] {dagbag.py:538} INFO - Filling up the DagBag from /opt/airflow/dags/01_data_fetch_mkCHtbls.py
[2025-11-30T17:51:47.665+0000] {processor.py:840} INFO - DAG(s) 'fetch_data' retrieved from /opt/airflow/dags/01_data_fetch_mkCHtbls.py
[2025-11-30T17:51:47.716+0000] {logging_mixin.py:188} INFO - [2025-11-30T17:51:47.714+0000] {dag.py:3036} INFO - Sync 1 DAGs
[2025-11-30T17:51:47.787+0000] {logging_mixin.py:188} INFO - [2025-11-30T17:51:47.787+0000] {dag.py:3823} INFO - Setting next_dagrun for fetch_data to 2025-11-30 00:00:00+00:00, run_after=2025-12-01 00:00:00+00:00
[2025-11-30T17:51:47.837+0000] {processor.py:183} INFO - Processing /opt/airflow/dags/01_data_fetch_mkCHtbls.py took 8.525 seconds
[2025-11-30T17:52:17.948+0000] {processor.py:161} INFO - Started process (PID=281) to work on /opt/airflow/dags/01_data_fetch_mkCHtbls.py
[2025-11-30T17:52:17.954+0000] {processor.py:830} INFO - Processing file /opt/airflow/dags/01_data_fetch_mkCHtbls.py for tasks to queue
[2025-11-30T17:52:17.961+0000] {logging_mixin.py:188} INFO - [2025-11-30T17:52:17.960+0000] {dagbag.py:538} INFO - Filling up the DagBag from /opt/airflow/dags/01_data_fetch_mkCHtbls.py
[2025-11-30T17:52:20.896+0000] {processor.py:840} INFO - DAG(s) 'fetch_data' retrieved from /opt/airflow/dags/01_data_fetch_mkCHtbls.py
[2025-11-30T17:52:20.969+0000] {logging_mixin.py:188} INFO - [2025-11-30T17:52:20.969+0000] {dag.py:3036} INFO - Sync 1 DAGs
[2025-11-30T17:52:20.985+0000] {logging_mixin.py:188} INFO - [2025-11-30T17:52:20.985+0000] {dag.py:3823} INFO - Setting next_dagrun for fetch_data to 2025-11-30 00:00:00+00:00, run_after=2025-12-01 00:00:00+00:00
[2025-11-30T17:52:21.004+0000] {processor.py:183} INFO - Processing /opt/airflow/dags/01_data_fetch_mkCHtbls.py took 3.062 seconds
[2025-11-30T17:52:51.454+0000] {processor.py:161} INFO - Started process (PID=346) to work on /opt/airflow/dags/01_data_fetch_mkCHtbls.py
[2025-11-30T17:52:51.455+0000] {processor.py:830} INFO - Processing file /opt/airflow/dags/01_data_fetch_mkCHtbls.py for tasks to queue
[2025-11-30T17:52:51.457+0000] {logging_mixin.py:188} INFO - [2025-11-30T17:52:51.456+0000] {dagbag.py:538} INFO - Filling up the DagBag from /opt/airflow/dags/01_data_fetch_mkCHtbls.py
[2025-11-30T17:52:53.786+0000] {processor.py:840} INFO - DAG(s) 'fetch_data' retrieved from /opt/airflow/dags/01_data_fetch_mkCHtbls.py
[2025-11-30T17:52:53.808+0000] {logging_mixin.py:188} INFO - [2025-11-30T17:52:53.808+0000] {dag.py:3036} INFO - Sync 1 DAGs
[2025-11-30T17:52:53.842+0000] {logging_mixin.py:188} INFO - [2025-11-30T17:52:53.842+0000] {dag.py:3823} INFO - Setting next_dagrun for fetch_data to 2025-11-30 00:00:00+00:00, run_after=2025-12-01 00:00:00+00:00
[2025-11-30T17:52:53.855+0000] {processor.py:183} INFO - Processing /opt/airflow/dags/01_data_fetch_mkCHtbls.py took 2.406 seconds
[2025-11-30T17:53:24.192+0000] {processor.py:161} INFO - Started process (PID=411) to work on /opt/airflow/dags/01_data_fetch_mkCHtbls.py
[2025-11-30T17:53:24.193+0000] {processor.py:830} INFO - Processing file /opt/airflow/dags/01_data_fetch_mkCHtbls.py for tasks to queue
[2025-11-30T17:53:24.194+0000] {logging_mixin.py:188} INFO - [2025-11-30T17:53:24.194+0000] {dagbag.py:538} INFO - Filling up the DagBag from /opt/airflow/dags/01_data_fetch_mkCHtbls.py
[2025-11-30T17:53:26.539+0000] {processor.py:840} INFO - DAG(s) 'fetch_data' retrieved from /opt/airflow/dags/01_data_fetch_mkCHtbls.py
[2025-11-30T17:53:26.613+0000] {logging_mixin.py:188} INFO - [2025-11-30T17:53:26.612+0000] {dag.py:3036} INFO - Sync 1 DAGs
[2025-11-30T17:53:26.632+0000] {logging_mixin.py:188} INFO - [2025-11-30T17:53:26.632+0000] {dag.py:3823} INFO - Setting next_dagrun for fetch_data to 2025-11-30 00:00:00+00:00, run_after=2025-12-01 00:00:00+00:00
[2025-11-30T17:53:26.649+0000] {processor.py:183} INFO - Processing /opt/airflow/dags/01_data_fetch_mkCHtbls.py took 2.462 seconds
[2025-11-30T17:53:56.945+0000] {processor.py:161} INFO - Started process (PID=476) to work on /opt/airflow/dags/01_data_fetch_mkCHtbls.py
[2025-11-30T17:53:56.946+0000] {processor.py:830} INFO - Processing file /opt/airflow/dags/01_data_fetch_mkCHtbls.py for tasks to queue
[2025-11-30T17:53:56.947+0000] {logging_mixin.py:188} INFO - [2025-11-30T17:53:56.946+0000] {dagbag.py:538} INFO - Filling up the DagBag from /opt/airflow/dags/01_data_fetch_mkCHtbls.py
[2025-11-30T17:53:59.288+0000] {processor.py:840} INFO - DAG(s) 'fetch_data' retrieved from /opt/airflow/dags/01_data_fetch_mkCHtbls.py
[2025-11-30T17:53:59.309+0000] {logging_mixin.py:188} INFO - [2025-11-30T17:53:59.309+0000] {dag.py:3036} INFO - Sync 1 DAGs
[2025-11-30T17:53:59.326+0000] {logging_mixin.py:188} INFO - [2025-11-30T17:53:59.326+0000] {dag.py:3823} INFO - Setting next_dagrun for fetch_data to 2025-11-30 00:00:00+00:00, run_after=2025-12-01 00:00:00+00:00
[2025-11-30T17:53:59.349+0000] {processor.py:183} INFO - Processing /opt/airflow/dags/01_data_fetch_mkCHtbls.py took 2.408 seconds
[2025-11-30T17:54:29.723+0000] {processor.py:161} INFO - Started process (PID=541) to work on /opt/airflow/dags/01_data_fetch_mkCHtbls.py
[2025-11-30T17:54:29.724+0000] {processor.py:830} INFO - Processing file /opt/airflow/dags/01_data_fetch_mkCHtbls.py for tasks to queue
[2025-11-30T17:54:29.725+0000] {logging_mixin.py:188} INFO - [2025-11-30T17:54:29.725+0000] {dagbag.py:538} INFO - Filling up the DagBag from /opt/airflow/dags/01_data_fetch_mkCHtbls.py
[2025-11-30T17:54:32.034+0000] {processor.py:840} INFO - DAG(s) 'fetch_data' retrieved from /opt/airflow/dags/01_data_fetch_mkCHtbls.py
[2025-11-30T17:54:32.060+0000] {logging_mixin.py:188} INFO - [2025-11-30T17:54:32.060+0000] {dag.py:3036} INFO - Sync 1 DAGs
[2025-11-30T17:54:32.091+0000] {logging_mixin.py:188} INFO - [2025-11-30T17:54:32.090+0000] {dag.py:3823} INFO - Setting next_dagrun for fetch_data to 2025-11-30 00:00:00+00:00, run_after=2025-12-01 00:00:00+00:00
[2025-11-30T17:54:32.105+0000] {processor.py:183} INFO - Processing /opt/airflow/dags/01_data_fetch_mkCHtbls.py took 2.386 seconds
[2025-11-30T17:55:02.468+0000] {processor.py:161} INFO - Started process (PID=606) to work on /opt/airflow/dags/01_data_fetch_mkCHtbls.py
[2025-11-30T17:55:02.469+0000] {processor.py:830} INFO - Processing file /opt/airflow/dags/01_data_fetch_mkCHtbls.py for tasks to queue
[2025-11-30T17:55:02.470+0000] {logging_mixin.py:188} INFO - [2025-11-30T17:55:02.470+0000] {dagbag.py:538} INFO - Filling up the DagBag from /opt/airflow/dags/01_data_fetch_mkCHtbls.py
[2025-11-30T17:55:04.865+0000] {processor.py:840} INFO - DAG(s) 'fetch_data' retrieved from /opt/airflow/dags/01_data_fetch_mkCHtbls.py
[2025-11-30T17:55:04.898+0000] {logging_mixin.py:188} INFO - [2025-11-30T17:55:04.898+0000] {dag.py:3036} INFO - Sync 1 DAGs
[2025-11-30T17:55:04.921+0000] {logging_mixin.py:188} INFO - [2025-11-30T17:55:04.921+0000] {dag.py:3823} INFO - Setting next_dagrun for fetch_data to 2025-11-30 00:00:00+00:00, run_after=2025-12-01 00:00:00+00:00
[2025-11-30T17:55:04.953+0000] {processor.py:183} INFO - Processing /opt/airflow/dags/01_data_fetch_mkCHtbls.py took 2.488 seconds
[2025-11-30T17:55:35.224+0000] {processor.py:161} INFO - Started process (PID=671) to work on /opt/airflow/dags/01_data_fetch_mkCHtbls.py
[2025-11-30T17:55:35.226+0000] {processor.py:830} INFO - Processing file /opt/airflow/dags/01_data_fetch_mkCHtbls.py for tasks to queue
[2025-11-30T17:55:35.227+0000] {logging_mixin.py:188} INFO - [2025-11-30T17:55:35.226+0000] {dagbag.py:538} INFO - Filling up the DagBag from /opt/airflow/dags/01_data_fetch_mkCHtbls.py
[2025-11-30T17:55:37.503+0000] {processor.py:840} INFO - DAG(s) 'fetch_data' retrieved from /opt/airflow/dags/01_data_fetch_mkCHtbls.py
[2025-11-30T17:55:37.524+0000] {logging_mixin.py:188} INFO - [2025-11-30T17:55:37.524+0000] {dag.py:3036} INFO - Sync 1 DAGs
[2025-11-30T17:55:37.541+0000] {logging_mixin.py:188} INFO - [2025-11-30T17:55:37.541+0000] {dag.py:3823} INFO - Setting next_dagrun for fetch_data to 2025-11-30 00:00:00+00:00, run_after=2025-12-01 00:00:00+00:00
[2025-11-30T17:55:37.564+0000] {processor.py:183} INFO - Processing /opt/airflow/dags/01_data_fetch_mkCHtbls.py took 2.345 seconds
[2025-11-30T17:56:07.643+0000] {processor.py:161} INFO - Started process (PID=736) to work on /opt/airflow/dags/01_data_fetch_mkCHtbls.py
[2025-11-30T17:56:07.644+0000] {processor.py:830} INFO - Processing file /opt/airflow/dags/01_data_fetch_mkCHtbls.py for tasks to queue
[2025-11-30T17:56:07.646+0000] {logging_mixin.py:188} INFO - [2025-11-30T17:56:07.645+0000] {dagbag.py:538} INFO - Filling up the DagBag from /opt/airflow/dags/01_data_fetch_mkCHtbls.py
[2025-11-30T17:56:09.980+0000] {processor.py:840} INFO - DAG(s) 'fetch_data' retrieved from /opt/airflow/dags/01_data_fetch_mkCHtbls.py
[2025-11-30T17:56:10.015+0000] {logging_mixin.py:188} INFO - [2025-11-30T17:56:10.015+0000] {dag.py:3036} INFO - Sync 1 DAGs
[2025-11-30T17:56:10.033+0000] {logging_mixin.py:188} INFO - [2025-11-30T17:56:10.033+0000] {dag.py:3823} INFO - Setting next_dagrun for fetch_data to 2025-11-30 00:00:00+00:00, run_after=2025-12-01 00:00:00+00:00
[2025-11-30T17:56:10.046+0000] {processor.py:183} INFO - Processing /opt/airflow/dags/01_data_fetch_mkCHtbls.py took 2.410 seconds
[2025-11-30T17:56:40.325+0000] {processor.py:161} INFO - Started process (PID=801) to work on /opt/airflow/dags/01_data_fetch_mkCHtbls.py
[2025-11-30T17:56:40.326+0000] {processor.py:830} INFO - Processing file /opt/airflow/dags/01_data_fetch_mkCHtbls.py for tasks to queue
[2025-11-30T17:56:40.327+0000] {logging_mixin.py:188} INFO - [2025-11-30T17:56:40.327+0000] {dagbag.py:538} INFO - Filling up the DagBag from /opt/airflow/dags/01_data_fetch_mkCHtbls.py
[2025-11-30T17:56:42.791+0000] {processor.py:840} INFO - DAG(s) 'fetch_data' retrieved from /opt/airflow/dags/01_data_fetch_mkCHtbls.py
[2025-11-30T17:56:42.814+0000] {logging_mixin.py:188} INFO - [2025-11-30T17:56:42.814+0000] {dag.py:3036} INFO - Sync 1 DAGs
[2025-11-30T17:56:42.836+0000] {logging_mixin.py:188} INFO - [2025-11-30T17:56:42.836+0000] {dag.py:3823} INFO - Setting next_dagrun for fetch_data to 2025-11-30 00:00:00+00:00, run_after=2025-12-01 00:00:00+00:00
[2025-11-30T17:56:42.852+0000] {processor.py:183} INFO - Processing /opt/airflow/dags/01_data_fetch_mkCHtbls.py took 2.533 seconds
[2025-11-30T17:57:13.169+0000] {processor.py:161} INFO - Started process (PID=866) to work on /opt/airflow/dags/01_data_fetch_mkCHtbls.py
[2025-11-30T17:57:13.170+0000] {processor.py:830} INFO - Processing file /opt/airflow/dags/01_data_fetch_mkCHtbls.py for tasks to queue
[2025-11-30T17:57:13.171+0000] {logging_mixin.py:188} INFO - [2025-11-30T17:57:13.171+0000] {dagbag.py:538} INFO - Filling up the DagBag from /opt/airflow/dags/01_data_fetch_mkCHtbls.py
[2025-11-30T17:57:15.412+0000] {processor.py:840} INFO - DAG(s) 'fetch_data' retrieved from /opt/airflow/dags/01_data_fetch_mkCHtbls.py
[2025-11-30T17:57:15.434+0000] {logging_mixin.py:188} INFO - [2025-11-30T17:57:15.434+0000] {dag.py:3036} INFO - Sync 1 DAGs
[2025-11-30T17:57:15.453+0000] {logging_mixin.py:188} INFO - [2025-11-30T17:57:15.453+0000] {dag.py:3823} INFO - Setting next_dagrun for fetch_data to 2025-11-30 00:00:00+00:00, run_after=2025-12-01 00:00:00+00:00
[2025-11-30T17:57:15.477+0000] {processor.py:183} INFO - Processing /opt/airflow/dags/01_data_fetch_mkCHtbls.py took 2.313 seconds
[2025-11-30T17:57:45.565+0000] {processor.py:161} INFO - Started process (PID=931) to work on /opt/airflow/dags/01_data_fetch_mkCHtbls.py
[2025-11-30T17:57:45.581+0000] {processor.py:830} INFO - Processing file /opt/airflow/dags/01_data_fetch_mkCHtbls.py for tasks to queue
[2025-11-30T17:57:45.584+0000] {logging_mixin.py:188} INFO - [2025-11-30T17:57:45.583+0000] {dagbag.py:538} INFO - Filling up the DagBag from /opt/airflow/dags/01_data_fetch_mkCHtbls.py
[2025-11-30T17:57:47.999+0000] {processor.py:840} INFO - DAG(s) 'fetch_data' retrieved from /opt/airflow/dags/01_data_fetch_mkCHtbls.py
[2025-11-30T17:57:48.029+0000] {logging_mixin.py:188} INFO - [2025-11-30T17:57:48.029+0000] {dag.py:3036} INFO - Sync 1 DAGs
[2025-11-30T17:57:48.048+0000] {logging_mixin.py:188} INFO - [2025-11-30T17:57:48.048+0000] {dag.py:3823} INFO - Setting next_dagrun for fetch_data to 2025-11-30 00:00:00+00:00, run_after=2025-12-01 00:00:00+00:00
[2025-11-30T17:57:48.063+0000] {processor.py:183} INFO - Processing /opt/airflow/dags/01_data_fetch_mkCHtbls.py took 2.504 seconds
[2025-11-30T17:58:18.407+0000] {processor.py:161} INFO - Started process (PID=1016) to work on /opt/airflow/dags/01_data_fetch_mkCHtbls.py
[2025-11-30T17:58:18.408+0000] {processor.py:830} INFO - Processing file /opt/airflow/dags/01_data_fetch_mkCHtbls.py for tasks to queue
[2025-11-30T17:58:18.409+0000] {logging_mixin.py:188} INFO - [2025-11-30T17:58:18.409+0000] {dagbag.py:538} INFO - Filling up the DagBag from /opt/airflow/dags/01_data_fetch_mkCHtbls.py
[2025-11-30T17:58:20.743+0000] {processor.py:840} INFO - DAG(s) 'fetch_data' retrieved from /opt/airflow/dags/01_data_fetch_mkCHtbls.py
[2025-11-30T17:58:20.778+0000] {logging_mixin.py:188} INFO - [2025-11-30T17:58:20.778+0000] {dag.py:3036} INFO - Sync 1 DAGs
[2025-11-30T17:58:20.799+0000] {logging_mixin.py:188} INFO - [2025-11-30T17:58:20.799+0000] {dag.py:3823} INFO - Setting next_dagrun for fetch_data to 2025-11-30 00:00:00+00:00, run_after=2025-12-01 00:00:00+00:00
[2025-11-30T17:58:20.814+0000] {processor.py:183} INFO - Processing /opt/airflow/dags/01_data_fetch_mkCHtbls.py took 2.409 seconds
[2025-11-30T17:58:51.068+0000] {processor.py:161} INFO - Started process (PID=1084) to work on /opt/airflow/dags/01_data_fetch_mkCHtbls.py
[2025-11-30T17:58:51.069+0000] {processor.py:830} INFO - Processing file /opt/airflow/dags/01_data_fetch_mkCHtbls.py for tasks to queue
[2025-11-30T17:58:51.070+0000] {logging_mixin.py:188} INFO - [2025-11-30T17:58:51.070+0000] {dagbag.py:538} INFO - Filling up the DagBag from /opt/airflow/dags/01_data_fetch_mkCHtbls.py
[2025-11-30T17:58:53.477+0000] {processor.py:840} INFO - DAG(s) 'fetch_data' retrieved from /opt/airflow/dags/01_data_fetch_mkCHtbls.py
[2025-11-30T17:58:53.522+0000] {logging_mixin.py:188} INFO - [2025-11-30T17:58:53.521+0000] {dag.py:3036} INFO - Sync 1 DAGs
[2025-11-30T17:58:53.540+0000] {logging_mixin.py:188} INFO - [2025-11-30T17:58:53.540+0000] {dag.py:3823} INFO - Setting next_dagrun for fetch_data to 2025-11-30 00:00:00+00:00, run_after=2025-12-01 00:00:00+00:00
[2025-11-30T17:58:53.559+0000] {processor.py:183} INFO - Processing /opt/airflow/dags/01_data_fetch_mkCHtbls.py took 2.494 seconds
[2025-11-30T17:59:23.922+0000] {processor.py:161} INFO - Started process (PID=1167) to work on /opt/airflow/dags/01_data_fetch_mkCHtbls.py
[2025-11-30T17:59:23.923+0000] {processor.py:830} INFO - Processing file /opt/airflow/dags/01_data_fetch_mkCHtbls.py for tasks to queue
[2025-11-30T17:59:23.924+0000] {logging_mixin.py:188} INFO - [2025-11-30T17:59:23.924+0000] {dagbag.py:538} INFO - Filling up the DagBag from /opt/airflow/dags/01_data_fetch_mkCHtbls.py
[2025-11-30T17:59:26.858+0000] {processor.py:840} INFO - DAG(s) 'fetch_data' retrieved from /opt/airflow/dags/01_data_fetch_mkCHtbls.py
[2025-11-30T17:59:26.957+0000] {logging_mixin.py:188} INFO - [2025-11-30T17:59:26.957+0000] {dag.py:3036} INFO - Sync 1 DAGs
[2025-11-30T17:59:27.003+0000] {logging_mixin.py:188} INFO - [2025-11-30T17:59:27.003+0000] {dag.py:3823} INFO - Setting next_dagrun for fetch_data to 2025-11-30 00:00:00+00:00, run_after=2025-12-01 00:00:00+00:00
[2025-11-30T17:59:27.048+0000] {processor.py:183} INFO - Processing /opt/airflow/dags/01_data_fetch_mkCHtbls.py took 3.133 seconds
[2025-11-30T18:04:27.435+0000] {processor.py:161} INFO - Started process (PID=214) to work on /opt/airflow/dags/01_data_fetch_mkCHtbls.py
[2025-11-30T18:04:27.437+0000] {processor.py:830} INFO - Processing file /opt/airflow/dags/01_data_fetch_mkCHtbls.py for tasks to queue
[2025-11-30T18:04:27.438+0000] {logging_mixin.py:188} INFO - [2025-11-30T18:04:27.438+0000] {dagbag.py:538} INFO - Filling up the DagBag from /opt/airflow/dags/01_data_fetch_mkCHtbls.py
[2025-11-30T18:04:32.422+0000] {processor.py:840} INFO - DAG(s) 'fetch_data' retrieved from /opt/airflow/dags/01_data_fetch_mkCHtbls.py
[2025-11-30T18:04:32.447+0000] {logging_mixin.py:188} INFO - [2025-11-30T18:04:32.446+0000] {dag.py:3036} INFO - Sync 1 DAGs
[2025-11-30T18:04:32.466+0000] {logging_mixin.py:188} INFO - [2025-11-30T18:04:32.466+0000] {dag.py:3823} INFO - Setting next_dagrun for fetch_data to 2025-11-30 00:00:00+00:00, run_after=2025-12-01 00:00:00+00:00
[2025-11-30T18:04:32.482+0000] {processor.py:183} INFO - Processing /opt/airflow/dags/01_data_fetch_mkCHtbls.py took 5.050 seconds
[2025-11-30T18:05:03.300+0000] {processor.py:161} INFO - Started process (PID=281) to work on /opt/airflow/dags/01_data_fetch_mkCHtbls.py
[2025-11-30T18:05:03.302+0000] {processor.py:830} INFO - Processing file /opt/airflow/dags/01_data_fetch_mkCHtbls.py for tasks to queue
[2025-11-30T18:05:03.304+0000] {logging_mixin.py:188} INFO - [2025-11-30T18:05:03.303+0000] {dagbag.py:538} INFO - Filling up the DagBag from /opt/airflow/dags/01_data_fetch_mkCHtbls.py
[2025-11-30T18:05:07.783+0000] {processor.py:840} INFO - DAG(s) 'fetch_data' retrieved from /opt/airflow/dags/01_data_fetch_mkCHtbls.py
[2025-11-30T18:05:07.919+0000] {logging_mixin.py:188} INFO - [2025-11-30T18:05:07.918+0000] {dag.py:3036} INFO - Sync 1 DAGs
[2025-11-30T18:05:08.421+0000] {logging_mixin.py:188} INFO - [2025-11-30T18:05:08.420+0000] {dag.py:3823} INFO - Setting next_dagrun for fetch_data to 2025-11-30 00:00:00+00:00, run_after=2025-12-01 00:00:00+00:00
[2025-11-30T18:05:08.451+0000] {processor.py:183} INFO - Processing /opt/airflow/dags/01_data_fetch_mkCHtbls.py took 5.156 seconds
[2025-11-30T18:05:38.751+0000] {processor.py:161} INFO - Started process (PID=346) to work on /opt/airflow/dags/01_data_fetch_mkCHtbls.py
[2025-11-30T18:05:38.760+0000] {processor.py:830} INFO - Processing file /opt/airflow/dags/01_data_fetch_mkCHtbls.py for tasks to queue
[2025-11-30T18:05:38.761+0000] {logging_mixin.py:188} INFO - [2025-11-30T18:05:38.761+0000] {dagbag.py:538} INFO - Filling up the DagBag from /opt/airflow/dags/01_data_fetch_mkCHtbls.py
[2025-11-30T18:05:41.650+0000] {processor.py:840} INFO - DAG(s) 'fetch_data' retrieved from /opt/airflow/dags/01_data_fetch_mkCHtbls.py
[2025-11-30T18:05:41.687+0000] {logging_mixin.py:188} INFO - [2025-11-30T18:05:41.687+0000] {dag.py:3036} INFO - Sync 1 DAGs
[2025-11-30T18:05:41.718+0000] {logging_mixin.py:188} INFO - [2025-11-30T18:05:41.717+0000] {dag.py:3823} INFO - Setting next_dagrun for fetch_data to 2025-11-30 00:00:00+00:00, run_after=2025-12-01 00:00:00+00:00
[2025-11-30T18:05:41.731+0000] {processor.py:183} INFO - Processing /opt/airflow/dags/01_data_fetch_mkCHtbls.py took 2.983 seconds
[2025-11-30T18:06:11.848+0000] {processor.py:161} INFO - Started process (PID=411) to work on /opt/airflow/dags/01_data_fetch_mkCHtbls.py
[2025-11-30T18:06:11.849+0000] {processor.py:830} INFO - Processing file /opt/airflow/dags/01_data_fetch_mkCHtbls.py for tasks to queue
[2025-11-30T18:06:11.850+0000] {logging_mixin.py:188} INFO - [2025-11-30T18:06:11.849+0000] {dagbag.py:538} INFO - Filling up the DagBag from /opt/airflow/dags/01_data_fetch_mkCHtbls.py
[2025-11-30T18:06:14.405+0000] {processor.py:840} INFO - DAG(s) 'fetch_data' retrieved from /opt/airflow/dags/01_data_fetch_mkCHtbls.py
[2025-11-30T18:06:14.463+0000] {logging_mixin.py:188} INFO - [2025-11-30T18:06:14.463+0000] {dag.py:3036} INFO - Sync 1 DAGs
[2025-11-30T18:06:14.486+0000] {logging_mixin.py:188} INFO - [2025-11-30T18:06:14.486+0000] {dag.py:3823} INFO - Setting next_dagrun for fetch_data to 2025-11-30 00:00:00+00:00, run_after=2025-12-01 00:00:00+00:00
[2025-11-30T18:06:14.504+0000] {processor.py:183} INFO - Processing /opt/airflow/dags/01_data_fetch_mkCHtbls.py took 2.659 seconds
[2025-11-30T18:06:44.605+0000] {processor.py:161} INFO - Started process (PID=476) to work on /opt/airflow/dags/01_data_fetch_mkCHtbls.py
[2025-11-30T18:06:44.607+0000] {processor.py:830} INFO - Processing file /opt/airflow/dags/01_data_fetch_mkCHtbls.py for tasks to queue
[2025-11-30T18:06:44.609+0000] {logging_mixin.py:188} INFO - [2025-11-30T18:06:44.609+0000] {dagbag.py:538} INFO - Filling up the DagBag from /opt/airflow/dags/01_data_fetch_mkCHtbls.py
[2025-11-30T18:06:47.037+0000] {processor.py:840} INFO - DAG(s) 'fetch_data' retrieved from /opt/airflow/dags/01_data_fetch_mkCHtbls.py
[2025-11-30T18:06:47.058+0000] {logging_mixin.py:188} INFO - [2025-11-30T18:06:47.057+0000] {dag.py:3036} INFO - Sync 1 DAGs
[2025-11-30T18:06:47.075+0000] {logging_mixin.py:188} INFO - [2025-11-30T18:06:47.074+0000] {dag.py:3823} INFO - Setting next_dagrun for fetch_data to 2025-11-30 00:00:00+00:00, run_after=2025-12-01 00:00:00+00:00
[2025-11-30T18:06:47.099+0000] {processor.py:183} INFO - Processing /opt/airflow/dags/01_data_fetch_mkCHtbls.py took 2.501 seconds
[2025-11-30T18:07:17.310+0000] {processor.py:161} INFO - Started process (PID=541) to work on /opt/airflow/dags/01_data_fetch_mkCHtbls.py
[2025-11-30T18:07:17.310+0000] {processor.py:830} INFO - Processing file /opt/airflow/dags/01_data_fetch_mkCHtbls.py for tasks to queue
[2025-11-30T18:07:17.311+0000] {logging_mixin.py:188} INFO - [2025-11-30T18:07:17.311+0000] {dagbag.py:538} INFO - Filling up the DagBag from /opt/airflow/dags/01_data_fetch_mkCHtbls.py
[2025-11-30T18:07:19.957+0000] {processor.py:840} INFO - DAG(s) 'fetch_data' retrieved from /opt/airflow/dags/01_data_fetch_mkCHtbls.py
[2025-11-30T18:07:19.979+0000] {logging_mixin.py:188} INFO - [2025-11-30T18:07:19.979+0000] {dag.py:3036} INFO - Sync 1 DAGs
[2025-11-30T18:07:19.997+0000] {logging_mixin.py:188} INFO - [2025-11-30T18:07:19.997+0000] {dag.py:3823} INFO - Setting next_dagrun for fetch_data to 2025-11-30 00:00:00+00:00, run_after=2025-12-01 00:00:00+00:00
[2025-11-30T18:07:20.020+0000] {processor.py:183} INFO - Processing /opt/airflow/dags/01_data_fetch_mkCHtbls.py took 2.714 seconds
[2025-11-30T18:07:50.311+0000] {processor.py:161} INFO - Started process (PID=606) to work on /opt/airflow/dags/01_data_fetch_mkCHtbls.py
[2025-11-30T18:07:50.312+0000] {processor.py:830} INFO - Processing file /opt/airflow/dags/01_data_fetch_mkCHtbls.py for tasks to queue
[2025-11-30T18:07:50.314+0000] {logging_mixin.py:188} INFO - [2025-11-30T18:07:50.313+0000] {dagbag.py:538} INFO - Filling up the DagBag from /opt/airflow/dags/01_data_fetch_mkCHtbls.py
[2025-11-30T18:07:52.827+0000] {processor.py:840} INFO - DAG(s) 'fetch_data' retrieved from /opt/airflow/dags/01_data_fetch_mkCHtbls.py
[2025-11-30T18:07:52.849+0000] {logging_mixin.py:188} INFO - [2025-11-30T18:07:52.849+0000] {dag.py:3036} INFO - Sync 1 DAGs
[2025-11-30T18:07:52.870+0000] {logging_mixin.py:188} INFO - [2025-11-30T18:07:52.870+0000] {dag.py:3823} INFO - Setting next_dagrun for fetch_data to 2025-11-30 00:00:00+00:00, run_after=2025-12-01 00:00:00+00:00
[2025-11-30T18:07:52.894+0000] {processor.py:183} INFO - Processing /opt/airflow/dags/01_data_fetch_mkCHtbls.py took 2.589 seconds
[2025-11-30T18:08:23.324+0000] {processor.py:161} INFO - Started process (PID=671) to work on /opt/airflow/dags/01_data_fetch_mkCHtbls.py
[2025-11-30T18:08:23.325+0000] {processor.py:830} INFO - Processing file /opt/airflow/dags/01_data_fetch_mkCHtbls.py for tasks to queue
[2025-11-30T18:08:23.326+0000] {logging_mixin.py:188} INFO - [2025-11-30T18:08:23.325+0000] {dagbag.py:538} INFO - Filling up the DagBag from /opt/airflow/dags/01_data_fetch_mkCHtbls.py
[2025-11-30T18:08:25.782+0000] {processor.py:840} INFO - DAG(s) 'fetch_data' retrieved from /opt/airflow/dags/01_data_fetch_mkCHtbls.py
[2025-11-30T18:08:25.806+0000] {logging_mixin.py:188} INFO - [2025-11-30T18:08:25.806+0000] {dag.py:3036} INFO - Sync 1 DAGs
[2025-11-30T18:08:25.837+0000] {logging_mixin.py:188} INFO - [2025-11-30T18:08:25.837+0000] {dag.py:3823} INFO - Setting next_dagrun for fetch_data to 2025-11-30 00:00:00+00:00, run_after=2025-12-01 00:00:00+00:00
[2025-11-30T18:08:25.866+0000] {processor.py:183} INFO - Processing /opt/airflow/dags/01_data_fetch_mkCHtbls.py took 2.547 seconds
[2025-11-30T18:08:56.044+0000] {processor.py:161} INFO - Started process (PID=736) to work on /opt/airflow/dags/01_data_fetch_mkCHtbls.py
[2025-11-30T18:08:56.045+0000] {processor.py:830} INFO - Processing file /opt/airflow/dags/01_data_fetch_mkCHtbls.py for tasks to queue
[2025-11-30T18:08:56.047+0000] {logging_mixin.py:188} INFO - [2025-11-30T18:08:56.047+0000] {dagbag.py:538} INFO - Filling up the DagBag from /opt/airflow/dags/01_data_fetch_mkCHtbls.py
[2025-11-30T18:08:58.586+0000] {processor.py:840} INFO - DAG(s) 'fetch_data' retrieved from /opt/airflow/dags/01_data_fetch_mkCHtbls.py
[2025-11-30T18:08:58.637+0000] {logging_mixin.py:188} INFO - [2025-11-30T18:08:58.636+0000] {dag.py:3036} INFO - Sync 1 DAGs
[2025-11-30T18:08:58.656+0000] {logging_mixin.py:188} INFO - [2025-11-30T18:08:58.655+0000] {dag.py:3823} INFO - Setting next_dagrun for fetch_data to 2025-11-30 00:00:00+00:00, run_after=2025-12-01 00:00:00+00:00
[2025-11-30T18:08:58.670+0000] {processor.py:183} INFO - Processing /opt/airflow/dags/01_data_fetch_mkCHtbls.py took 2.632 seconds
[2025-11-30T18:09:28.841+0000] {processor.py:161} INFO - Started process (PID=801) to work on /opt/airflow/dags/01_data_fetch_mkCHtbls.py
[2025-11-30T18:09:28.842+0000] {processor.py:830} INFO - Processing file /opt/airflow/dags/01_data_fetch_mkCHtbls.py for tasks to queue
[2025-11-30T18:09:28.843+0000] {logging_mixin.py:188} INFO - [2025-11-30T18:09:28.842+0000] {dagbag.py:538} INFO - Filling up the DagBag from /opt/airflow/dags/01_data_fetch_mkCHtbls.py
[2025-11-30T18:09:31.310+0000] {processor.py:840} INFO - DAG(s) 'fetch_data' retrieved from /opt/airflow/dags/01_data_fetch_mkCHtbls.py
[2025-11-30T18:09:31.332+0000] {logging_mixin.py:188} INFO - [2025-11-30T18:09:31.332+0000] {dag.py:3036} INFO - Sync 1 DAGs
[2025-11-30T18:09:31.349+0000] {logging_mixin.py:188} INFO - [2025-11-30T18:09:31.349+0000] {dag.py:3823} INFO - Setting next_dagrun for fetch_data to 2025-11-30 00:00:00+00:00, run_after=2025-12-01 00:00:00+00:00
[2025-11-30T18:09:31.375+0000] {processor.py:183} INFO - Processing /opt/airflow/dags/01_data_fetch_mkCHtbls.py took 2.538 seconds
[2025-11-30T18:10:01.560+0000] {processor.py:161} INFO - Started process (PID=866) to work on /opt/airflow/dags/01_data_fetch_mkCHtbls.py
[2025-11-30T18:10:01.561+0000] {processor.py:830} INFO - Processing file /opt/airflow/dags/01_data_fetch_mkCHtbls.py for tasks to queue
[2025-11-30T18:10:01.561+0000] {logging_mixin.py:188} INFO - [2025-11-30T18:10:01.561+0000] {dagbag.py:538} INFO - Filling up the DagBag from /opt/airflow/dags/01_data_fetch_mkCHtbls.py
[2025-11-30T18:10:03.974+0000] {processor.py:840} INFO - DAG(s) 'fetch_data' retrieved from /opt/airflow/dags/01_data_fetch_mkCHtbls.py
[2025-11-30T18:10:03.999+0000] {logging_mixin.py:188} INFO - [2025-11-30T18:10:03.999+0000] {dag.py:3036} INFO - Sync 1 DAGs
[2025-11-30T18:10:04.159+0000] {logging_mixin.py:188} INFO - [2025-11-30T18:10:04.159+0000] {dag.py:3823} INFO - Setting next_dagrun for fetch_data to 2025-11-30 00:00:00+00:00, run_after=2025-12-01 00:00:00+00:00
[2025-11-30T18:10:04.176+0000] {processor.py:183} INFO - Processing /opt/airflow/dags/01_data_fetch_mkCHtbls.py took 2.618 seconds
[2025-11-30T18:10:34.451+0000] {processor.py:161} INFO - Started process (PID=934) to work on /opt/airflow/dags/01_data_fetch_mkCHtbls.py
[2025-11-30T18:10:34.453+0000] {processor.py:830} INFO - Processing file /opt/airflow/dags/01_data_fetch_mkCHtbls.py for tasks to queue
[2025-11-30T18:10:34.455+0000] {logging_mixin.py:188} INFO - [2025-11-30T18:10:34.454+0000] {dagbag.py:538} INFO - Filling up the DagBag from /opt/airflow/dags/01_data_fetch_mkCHtbls.py
[2025-11-30T18:10:36.811+0000] {processor.py:840} INFO - DAG(s) 'fetch_data' retrieved from /opt/airflow/dags/01_data_fetch_mkCHtbls.py
[2025-11-30T18:10:36.838+0000] {logging_mixin.py:188} INFO - [2025-11-30T18:10:36.838+0000] {dag.py:3036} INFO - Sync 1 DAGs
[2025-11-30T18:10:36.856+0000] {logging_mixin.py:188} INFO - [2025-11-30T18:10:36.856+0000] {dag.py:3823} INFO - Setting next_dagrun for fetch_data to 2025-11-30 00:00:00+00:00, run_after=2025-12-01 00:00:00+00:00
[2025-11-30T18:10:36.871+0000] {processor.py:183} INFO - Processing /opt/airflow/dags/01_data_fetch_mkCHtbls.py took 2.427 seconds
[2025-11-30T18:11:07.125+0000] {processor.py:161} INFO - Started process (PID=1016) to work on /opt/airflow/dags/01_data_fetch_mkCHtbls.py
[2025-11-30T18:11:07.126+0000] {processor.py:830} INFO - Processing file /opt/airflow/dags/01_data_fetch_mkCHtbls.py for tasks to queue
[2025-11-30T18:11:07.127+0000] {logging_mixin.py:188} INFO - [2025-11-30T18:11:07.127+0000] {dagbag.py:538} INFO - Filling up the DagBag from /opt/airflow/dags/01_data_fetch_mkCHtbls.py
[2025-11-30T18:11:09.667+0000] {processor.py:840} INFO - DAG(s) 'fetch_data' retrieved from /opt/airflow/dags/01_data_fetch_mkCHtbls.py
[2025-11-30T18:11:09.689+0000] {logging_mixin.py:188} INFO - [2025-11-30T18:11:09.688+0000] {dag.py:3036} INFO - Sync 1 DAGs
[2025-11-30T18:11:09.706+0000] {logging_mixin.py:188} INFO - [2025-11-30T18:11:09.705+0000] {dag.py:3823} INFO - Setting next_dagrun for fetch_data to 2025-11-30 00:00:00+00:00, run_after=2025-12-01 00:00:00+00:00
[2025-11-30T18:11:09.720+0000] {processor.py:183} INFO - Processing /opt/airflow/dags/01_data_fetch_mkCHtbls.py took 2.602 seconds
[2025-11-30T18:11:39.958+0000] {processor.py:161} INFO - Started process (PID=1084) to work on /opt/airflow/dags/01_data_fetch_mkCHtbls.py
[2025-11-30T18:11:39.959+0000] {processor.py:830} INFO - Processing file /opt/airflow/dags/01_data_fetch_mkCHtbls.py for tasks to queue
[2025-11-30T18:11:39.960+0000] {logging_mixin.py:188} INFO - [2025-11-30T18:11:39.960+0000] {dagbag.py:538} INFO - Filling up the DagBag from /opt/airflow/dags/01_data_fetch_mkCHtbls.py
[2025-11-30T18:11:42.625+0000] {processor.py:840} INFO - DAG(s) 'fetch_data' retrieved from /opt/airflow/dags/01_data_fetch_mkCHtbls.py
[2025-11-30T18:11:42.647+0000] {logging_mixin.py:188} INFO - [2025-11-30T18:11:42.646+0000] {dag.py:3036} INFO - Sync 1 DAGs
[2025-11-30T18:11:42.791+0000] {logging_mixin.py:188} INFO - [2025-11-30T18:11:42.790+0000] {dag.py:3823} INFO - Setting next_dagrun for fetch_data to 2025-11-30 00:00:00+00:00, run_after=2025-12-01 00:00:00+00:00
[2025-11-30T18:11:42.817+0000] {processor.py:183} INFO - Processing /opt/airflow/dags/01_data_fetch_mkCHtbls.py took 2.864 seconds
[2025-11-30T18:12:12.953+0000] {processor.py:161} INFO - Started process (PID=1167) to work on /opt/airflow/dags/01_data_fetch_mkCHtbls.py
[2025-11-30T18:12:12.955+0000] {processor.py:830} INFO - Processing file /opt/airflow/dags/01_data_fetch_mkCHtbls.py for tasks to queue
[2025-11-30T18:12:12.956+0000] {logging_mixin.py:188} INFO - [2025-11-30T18:12:12.956+0000] {dagbag.py:538} INFO - Filling up the DagBag from /opt/airflow/dags/01_data_fetch_mkCHtbls.py
[2025-11-30T18:12:15.328+0000] {processor.py:840} INFO - DAG(s) 'fetch_data' retrieved from /opt/airflow/dags/01_data_fetch_mkCHtbls.py
[2025-11-30T18:12:15.356+0000] {logging_mixin.py:188} INFO - [2025-11-30T18:12:15.356+0000] {dag.py:3036} INFO - Sync 1 DAGs
[2025-11-30T18:12:15.374+0000] {logging_mixin.py:188} INFO - [2025-11-30T18:12:15.374+0000] {dag.py:3823} INFO - Setting next_dagrun for fetch_data to 2025-11-30 00:00:00+00:00, run_after=2025-12-01 00:00:00+00:00
[2025-11-30T18:12:15.390+0000] {processor.py:183} INFO - Processing /opt/airflow/dags/01_data_fetch_mkCHtbls.py took 2.443 seconds
[2025-11-30T18:12:45.758+0000] {processor.py:161} INFO - Started process (PID=1232) to work on /opt/airflow/dags/01_data_fetch_mkCHtbls.py
[2025-11-30T18:12:45.760+0000] {processor.py:830} INFO - Processing file /opt/airflow/dags/01_data_fetch_mkCHtbls.py for tasks to queue
[2025-11-30T18:12:45.761+0000] {logging_mixin.py:188} INFO - [2025-11-30T18:12:45.761+0000] {dagbag.py:538} INFO - Filling up the DagBag from /opt/airflow/dags/01_data_fetch_mkCHtbls.py
[2025-11-30T18:12:48.218+0000] {processor.py:840} INFO - DAG(s) 'fetch_data' retrieved from /opt/airflow/dags/01_data_fetch_mkCHtbls.py
[2025-11-30T18:12:48.247+0000] {logging_mixin.py:188} INFO - [2025-11-30T18:12:48.247+0000] {dag.py:3036} INFO - Sync 1 DAGs
[2025-11-30T18:12:48.271+0000] {logging_mixin.py:188} INFO - [2025-11-30T18:12:48.271+0000] {dag.py:3823} INFO - Setting next_dagrun for fetch_data to 2025-11-30 00:00:00+00:00, run_after=2025-12-01 00:00:00+00:00
[2025-11-30T18:12:48.300+0000] {processor.py:183} INFO - Processing /opt/airflow/dags/01_data_fetch_mkCHtbls.py took 2.548 seconds
[2025-11-30T18:13:18.687+0000] {processor.py:161} INFO - Started process (PID=1297) to work on /opt/airflow/dags/01_data_fetch_mkCHtbls.py
[2025-11-30T18:13:18.689+0000] {processor.py:830} INFO - Processing file /opt/airflow/dags/01_data_fetch_mkCHtbls.py for tasks to queue
[2025-11-30T18:13:18.690+0000] {logging_mixin.py:188} INFO - [2025-11-30T18:13:18.690+0000] {dagbag.py:538} INFO - Filling up the DagBag from /opt/airflow/dags/01_data_fetch_mkCHtbls.py
[2025-11-30T18:13:21.067+0000] {processor.py:840} INFO - DAG(s) 'fetch_data' retrieved from /opt/airflow/dags/01_data_fetch_mkCHtbls.py
[2025-11-30T18:13:21.089+0000] {logging_mixin.py:188} INFO - [2025-11-30T18:13:21.089+0000] {dag.py:3036} INFO - Sync 1 DAGs
[2025-11-30T18:13:21.223+0000] {logging_mixin.py:188} INFO - [2025-11-30T18:13:21.223+0000] {dag.py:3823} INFO - Setting next_dagrun for fetch_data to 2025-11-30 00:00:00+00:00, run_after=2025-12-01 00:00:00+00:00
[2025-11-30T18:13:21.238+0000] {processor.py:183} INFO - Processing /opt/airflow/dags/01_data_fetch_mkCHtbls.py took 2.557 seconds
[2025-11-30T18:13:51.405+0000] {processor.py:161} INFO - Started process (PID=1362) to work on /opt/airflow/dags/01_data_fetch_mkCHtbls.py
[2025-11-30T18:13:51.407+0000] {processor.py:830} INFO - Processing file /opt/airflow/dags/01_data_fetch_mkCHtbls.py for tasks to queue
[2025-11-30T18:13:51.408+0000] {logging_mixin.py:188} INFO - [2025-11-30T18:13:51.408+0000] {dagbag.py:538} INFO - Filling up the DagBag from /opt/airflow/dags/01_data_fetch_mkCHtbls.py
[2025-11-30T18:13:53.988+0000] {processor.py:840} INFO - DAG(s) 'fetch_data' retrieved from /opt/airflow/dags/01_data_fetch_mkCHtbls.py
[2025-11-30T18:13:54.012+0000] {logging_mixin.py:188} INFO - [2025-11-30T18:13:54.012+0000] {dag.py:3036} INFO - Sync 1 DAGs
[2025-11-30T18:13:54.047+0000] {logging_mixin.py:188} INFO - [2025-11-30T18:13:54.046+0000] {dag.py:3823} INFO - Setting next_dagrun for fetch_data to 2025-11-30 00:00:00+00:00, run_after=2025-12-01 00:00:00+00:00
[2025-11-30T18:13:54.073+0000] {processor.py:183} INFO - Processing /opt/airflow/dags/01_data_fetch_mkCHtbls.py took 2.674 seconds
[2025-11-30T18:14:24.230+0000] {processor.py:161} INFO - Started process (PID=1427) to work on /opt/airflow/dags/01_data_fetch_mkCHtbls.py
[2025-11-30T18:14:24.231+0000] {processor.py:830} INFO - Processing file /opt/airflow/dags/01_data_fetch_mkCHtbls.py for tasks to queue
[2025-11-30T18:14:24.233+0000] {logging_mixin.py:188} INFO - [2025-11-30T18:14:24.232+0000] {dagbag.py:538} INFO - Filling up the DagBag from /opt/airflow/dags/01_data_fetch_mkCHtbls.py
[2025-11-30T18:14:26.881+0000] {processor.py:840} INFO - DAG(s) 'fetch_data' retrieved from /opt/airflow/dags/01_data_fetch_mkCHtbls.py
[2025-11-30T18:14:26.922+0000] {logging_mixin.py:188} INFO - [2025-11-30T18:14:26.922+0000] {dag.py:3036} INFO - Sync 1 DAGs
[2025-11-30T18:14:27.077+0000] {logging_mixin.py:188} INFO - [2025-11-30T18:14:27.077+0000] {dag.py:3823} INFO - Setting next_dagrun for fetch_data to 2025-11-30 00:00:00+00:00, run_after=2025-12-01 00:00:00+00:00
[2025-11-30T18:14:27.101+0000] {processor.py:183} INFO - Processing /opt/airflow/dags/01_data_fetch_mkCHtbls.py took 2.877 seconds
[2025-11-30T18:14:57.571+0000] {processor.py:161} INFO - Started process (PID=1492) to work on /opt/airflow/dags/01_data_fetch_mkCHtbls.py
[2025-11-30T18:14:57.572+0000] {processor.py:830} INFO - Processing file /opt/airflow/dags/01_data_fetch_mkCHtbls.py for tasks to queue
[2025-11-30T18:14:57.573+0000] {logging_mixin.py:188} INFO - [2025-11-30T18:14:57.573+0000] {dagbag.py:538} INFO - Filling up the DagBag from /opt/airflow/dags/01_data_fetch_mkCHtbls.py
[2025-11-30T18:14:59.967+0000] {processor.py:840} INFO - DAG(s) 'fetch_data' retrieved from /opt/airflow/dags/01_data_fetch_mkCHtbls.py
[2025-11-30T18:15:00.114+0000] {logging_mixin.py:188} INFO - [2025-11-30T18:15:00.114+0000] {dag.py:3036} INFO - Sync 1 DAGs
[2025-11-30T18:15:00.131+0000] {logging_mixin.py:188} INFO - [2025-11-30T18:15:00.130+0000] {dag.py:3823} INFO - Setting next_dagrun for fetch_data to 2025-11-30 00:00:00+00:00, run_after=2025-12-01 00:00:00+00:00
[2025-11-30T18:15:00.143+0000] {processor.py:183} INFO - Processing /opt/airflow/dags/01_data_fetch_mkCHtbls.py took 2.579 seconds
[2025-11-30T18:15:30.446+0000] {processor.py:161} INFO - Started process (PID=1557) to work on /opt/airflow/dags/01_data_fetch_mkCHtbls.py
[2025-11-30T18:15:30.447+0000] {processor.py:830} INFO - Processing file /opt/airflow/dags/01_data_fetch_mkCHtbls.py for tasks to queue
[2025-11-30T18:15:30.448+0000] {logging_mixin.py:188} INFO - [2025-11-30T18:15:30.448+0000] {dagbag.py:538} INFO - Filling up the DagBag from /opt/airflow/dags/01_data_fetch_mkCHtbls.py
[2025-11-30T18:15:33.019+0000] {processor.py:840} INFO - DAG(s) 'fetch_data' retrieved from /opt/airflow/dags/01_data_fetch_mkCHtbls.py
[2025-11-30T18:15:33.048+0000] {logging_mixin.py:188} INFO - [2025-11-30T18:15:33.048+0000] {dag.py:3036} INFO - Sync 1 DAGs
[2025-11-30T18:15:33.085+0000] {logging_mixin.py:188} INFO - [2025-11-30T18:15:33.084+0000] {dag.py:3823} INFO - Setting next_dagrun for fetch_data to 2025-11-30 00:00:00+00:00, run_after=2025-12-01 00:00:00+00:00
[2025-11-30T18:15:33.121+0000] {processor.py:183} INFO - Processing /opt/airflow/dags/01_data_fetch_mkCHtbls.py took 2.680 seconds
[2025-11-30T18:16:03.344+0000] {processor.py:161} INFO - Started process (PID=1622) to work on /opt/airflow/dags/01_data_fetch_mkCHtbls.py
[2025-11-30T18:16:03.346+0000] {processor.py:830} INFO - Processing file /opt/airflow/dags/01_data_fetch_mkCHtbls.py for tasks to queue
[2025-11-30T18:16:03.347+0000] {logging_mixin.py:188} INFO - [2025-11-30T18:16:03.347+0000] {dagbag.py:538} INFO - Filling up the DagBag from /opt/airflow/dags/01_data_fetch_mkCHtbls.py
[2025-11-30T18:16:06.050+0000] {processor.py:840} INFO - DAG(s) 'fetch_data' retrieved from /opt/airflow/dags/01_data_fetch_mkCHtbls.py
[2025-11-30T18:16:06.078+0000] {logging_mixin.py:188} INFO - [2025-11-30T18:16:06.078+0000] {dag.py:3036} INFO - Sync 1 DAGs
[2025-11-30T18:16:06.233+0000] {logging_mixin.py:188} INFO - [2025-11-30T18:16:06.233+0000] {dag.py:3823} INFO - Setting next_dagrun for fetch_data to 2025-11-30 00:00:00+00:00, run_after=2025-12-01 00:00:00+00:00
[2025-11-30T18:16:06.258+0000] {processor.py:183} INFO - Processing /opt/airflow/dags/01_data_fetch_mkCHtbls.py took 2.920 seconds
[2025-11-30T18:16:36.664+0000] {processor.py:161} INFO - Started process (PID=1687) to work on /opt/airflow/dags/01_data_fetch_mkCHtbls.py
[2025-11-30T18:16:36.665+0000] {processor.py:830} INFO - Processing file /opt/airflow/dags/01_data_fetch_mkCHtbls.py for tasks to queue
[2025-11-30T18:16:36.666+0000] {logging_mixin.py:188} INFO - [2025-11-30T18:16:36.666+0000] {dagbag.py:538} INFO - Filling up the DagBag from /opt/airflow/dags/01_data_fetch_mkCHtbls.py
[2025-11-30T18:16:39.169+0000] {processor.py:840} INFO - DAG(s) 'fetch_data' retrieved from /opt/airflow/dags/01_data_fetch_mkCHtbls.py
[2025-11-30T18:16:39.319+0000] {logging_mixin.py:188} INFO - [2025-11-30T18:16:39.318+0000] {dag.py:3036} INFO - Sync 1 DAGs
[2025-11-30T18:16:39.337+0000] {logging_mixin.py:188} INFO - [2025-11-30T18:16:39.337+0000] {dag.py:3823} INFO - Setting next_dagrun for fetch_data to 2025-11-30 00:00:00+00:00, run_after=2025-12-01 00:00:00+00:00
[2025-11-30T18:16:39.360+0000] {processor.py:183} INFO - Processing /opt/airflow/dags/01_data_fetch_mkCHtbls.py took 2.702 seconds
[2025-11-30T18:17:09.419+0000] {processor.py:161} INFO - Started process (PID=1752) to work on /opt/airflow/dags/01_data_fetch_mkCHtbls.py
[2025-11-30T18:17:09.419+0000] {processor.py:830} INFO - Processing file /opt/airflow/dags/01_data_fetch_mkCHtbls.py for tasks to queue
[2025-11-30T18:17:09.420+0000] {logging_mixin.py:188} INFO - [2025-11-30T18:17:09.420+0000] {dagbag.py:538} INFO - Filling up the DagBag from /opt/airflow/dags/01_data_fetch_mkCHtbls.py
[2025-11-30T18:17:12.144+0000] {processor.py:840} INFO - DAG(s) 'fetch_data' retrieved from /opt/airflow/dags/01_data_fetch_mkCHtbls.py
[2025-11-30T18:17:12.179+0000] {logging_mixin.py:188} INFO - [2025-11-30T18:17:12.179+0000] {dag.py:3036} INFO - Sync 1 DAGs
[2025-11-30T18:17:12.354+0000] {logging_mixin.py:188} INFO - [2025-11-30T18:17:12.354+0000] {dag.py:3823} INFO - Setting next_dagrun for fetch_data to 2025-11-30 00:00:00+00:00, run_after=2025-12-01 00:00:00+00:00
[2025-11-30T18:17:12.376+0000] {processor.py:183} INFO - Processing /opt/airflow/dags/01_data_fetch_mkCHtbls.py took 2.961 seconds
[2025-11-30T18:19:06.474+0000] {processor.py:161} INFO - Started process (PID=214) to work on /opt/airflow/dags/01_data_fetch_mkCHtbls.py
[2025-11-30T18:19:06.476+0000] {processor.py:830} INFO - Processing file /opt/airflow/dags/01_data_fetch_mkCHtbls.py for tasks to queue
[2025-11-30T18:19:06.477+0000] {logging_mixin.py:188} INFO - [2025-11-30T18:19:06.477+0000] {dagbag.py:538} INFO - Filling up the DagBag from /opt/airflow/dags/01_data_fetch_mkCHtbls.py
[2025-11-30T18:19:11.162+0000] {processor.py:840} INFO - DAG(s) 'fetch_data' retrieved from /opt/airflow/dags/01_data_fetch_mkCHtbls.py
[2025-11-30T18:19:11.179+0000] {logging_mixin.py:188} INFO - [2025-11-30T18:19:11.179+0000] {dag.py:3036} INFO - Sync 1 DAGs
[2025-11-30T18:19:11.210+0000] {logging_mixin.py:188} INFO - [2025-11-30T18:19:11.209+0000] {dag.py:3823} INFO - Setting next_dagrun for fetch_data to 2025-11-30 00:00:00+00:00, run_after=2025-12-01 00:00:00+00:00
[2025-11-30T18:19:11.230+0000] {processor.py:183} INFO - Processing /opt/airflow/dags/01_data_fetch_mkCHtbls.py took 4.762 seconds
[2025-11-30T18:19:41.387+0000] {processor.py:161} INFO - Started process (PID=281) to work on /opt/airflow/dags/01_data_fetch_mkCHtbls.py
[2025-11-30T18:19:41.388+0000] {processor.py:830} INFO - Processing file /opt/airflow/dags/01_data_fetch_mkCHtbls.py for tasks to queue
[2025-11-30T18:19:41.390+0000] {logging_mixin.py:188} INFO - [2025-11-30T18:19:41.390+0000] {dagbag.py:538} INFO - Filling up the DagBag from /opt/airflow/dags/01_data_fetch_mkCHtbls.py
[2025-11-30T18:19:45.775+0000] {processor.py:840} INFO - DAG(s) 'fetch_data' retrieved from /opt/airflow/dags/01_data_fetch_mkCHtbls.py
[2025-11-30T18:19:46.096+0000] {logging_mixin.py:188} INFO - [2025-11-30T18:19:46.095+0000] {dag.py:3036} INFO - Sync 1 DAGs
[2025-11-30T18:19:46.309+0000] {logging_mixin.py:188} INFO - [2025-11-30T18:19:46.308+0000] {dag.py:3823} INFO - Setting next_dagrun for fetch_data to 2025-11-30 00:00:00+00:00, run_after=2025-12-01 00:00:00+00:00
[2025-11-30T18:19:46.332+0000] {processor.py:183} INFO - Processing /opt/airflow/dags/01_data_fetch_mkCHtbls.py took 4.949 seconds
[2025-11-30T18:20:21.425+0000] {processor.py:161} INFO - Started process (PID=346) to work on /opt/airflow/dags/01_data_fetch_mkCHtbls.py
[2025-11-30T18:20:23.064+0000] {processor.py:830} INFO - Processing file /opt/airflow/dags/01_data_fetch_mkCHtbls.py for tasks to queue
[2025-11-30T18:20:25.151+0000] {logging_mixin.py:188} INFO - [2025-11-30T18:20:24.519+0000] {dagbag.py:538} INFO - Filling up the DagBag from /opt/airflow/dags/01_data_fetch_mkCHtbls.py
[2025-11-30T18:20:56.575+0000] {logging_mixin.py:188} INFO - [2025-11-30T18:20:56.551+0000] {timeout.py:68} ERROR - Process timed out, PID: 346
[2025-11-30T18:20:56.630+0000] {logging_mixin.py:188} INFO - [2025-11-30T18:20:56.590+0000] {dagbag.py:348} ERROR - Failed to import: /opt/airflow/dags/01_data_fetch_mkCHtbls.py
Traceback (most recent call last):
  File "/home/airflow/.local/lib/python3.8/site-packages/airflow/models/dagbag.py", line 344, in parse
    loader.exec_module(new_module)
  File "<frozen importlib._bootstrap_external>", line 843, in exec_module
  File "<frozen importlib._bootstrap>", line 219, in _call_with_frames_removed
  File "/opt/airflow/dags/01_data_fetch_mkCHtbls.py", line 9, in <module>
    subprocess.check_call([sys.executable, '-m', 'pip', 'install', 'meteostat'])
  File "/usr/local/lib/python3.8/subprocess.py", line 359, in check_call
    retcode = call(*popenargs, **kwargs)
  File "/usr/local/lib/python3.8/subprocess.py", line 342, in call
    return p.wait(timeout=timeout)
  File "/usr/local/lib/python3.8/subprocess.py", line 1083, in wait
    return self._wait(timeout=timeout)
  File "/usr/local/lib/python3.8/subprocess.py", line 1822, in _wait
    (pid, sts) = self._try_wait(0)
  File "/usr/local/lib/python3.8/subprocess.py", line 1780, in _try_wait
    (pid, sts) = os.waitpid(self.pid, wait_flags)
  File "/home/airflow/.local/lib/python3.8/site-packages/airflow/utils/timeout.py", line 69, in handle_timeout
    raise AirflowTaskTimeout(self.error_message)
airflow.exceptions.AirflowTaskTimeout: DagBag import timeout for /opt/airflow/dags/01_data_fetch_mkCHtbls.py after 30.0s.
Please take a look at these docs to improve your DAG import time:
* https://airflow.apache.org/docs/apache-airflow/2.8.1/best-practices.html#top-level-python-code
* https://airflow.apache.org/docs/apache-airflow/2.8.1/best-practices.html#reducing-dag-complexity, PID: 346
[2025-11-30T18:20:56.641+0000] {processor.py:842} WARNING - No viable dags retrieved from /opt/airflow/dags/01_data_fetch_mkCHtbls.py
[2025-11-30T18:20:56.823+0000] {processor.py:183} INFO - Processing /opt/airflow/dags/01_data_fetch_mkCHtbls.py took 38.362 seconds
[2025-11-30T18:21:27.095+0000] {processor.py:161} INFO - Started process (PID=393) to work on /opt/airflow/dags/01_data_fetch_mkCHtbls.py
[2025-11-30T18:21:27.097+0000] {processor.py:830} INFO - Processing file /opt/airflow/dags/01_data_fetch_mkCHtbls.py for tasks to queue
[2025-11-30T18:21:27.100+0000] {logging_mixin.py:188} INFO - [2025-11-30T18:21:27.098+0000] {dagbag.py:538} INFO - Filling up the DagBag from /opt/airflow/dags/01_data_fetch_mkCHtbls.py
[2025-11-30T18:21:30.452+0000] {processor.py:840} INFO - DAG(s) 'fetch_data' retrieved from /opt/airflow/dags/01_data_fetch_mkCHtbls.py
[2025-11-30T18:21:30.698+0000] {logging_mixin.py:188} INFO - [2025-11-30T18:21:30.698+0000] {dag.py:3036} INFO - Sync 1 DAGs
[2025-11-30T18:21:30.723+0000] {logging_mixin.py:188} INFO - [2025-11-30T18:21:30.722+0000] {dag.py:3823} INFO - Setting next_dagrun for fetch_data to 2025-11-30 00:00:00+00:00, run_after=2025-12-01 00:00:00+00:00
[2025-11-30T18:21:30.750+0000] {processor.py:183} INFO - Processing /opt/airflow/dags/01_data_fetch_mkCHtbls.py took 3.663 seconds
[2025-11-30T18:30:32.664+0000] {processor.py:161} INFO - Started process (PID=214) to work on /opt/airflow/dags/01_data_fetch_mkCHtbls.py
[2025-11-30T18:30:32.665+0000] {processor.py:830} INFO - Processing file /opt/airflow/dags/01_data_fetch_mkCHtbls.py for tasks to queue
[2025-11-30T18:30:32.667+0000] {logging_mixin.py:188} INFO - [2025-11-30T18:30:32.666+0000] {dagbag.py:538} INFO - Filling up the DagBag from /opt/airflow/dags/01_data_fetch_mkCHtbls.py
[2025-11-30T18:30:37.393+0000] {processor.py:840} INFO - DAG(s) 'fetch_data' retrieved from /opt/airflow/dags/01_data_fetch_mkCHtbls.py
[2025-11-30T18:30:37.417+0000] {logging_mixin.py:188} INFO - [2025-11-30T18:30:37.416+0000] {dag.py:3036} INFO - Sync 1 DAGs
[2025-11-30T18:30:37.440+0000] {logging_mixin.py:188} INFO - [2025-11-30T18:30:37.440+0000] {dag.py:3823} INFO - Setting next_dagrun for fetch_data to 2025-11-30 00:00:00+00:00, run_after=2025-12-01 00:00:00+00:00
[2025-11-30T18:30:37.469+0000] {processor.py:183} INFO - Processing /opt/airflow/dags/01_data_fetch_mkCHtbls.py took 4.808 seconds
[2025-11-30T18:31:07.991+0000] {processor.py:161} INFO - Started process (PID=281) to work on /opt/airflow/dags/01_data_fetch_mkCHtbls.py
[2025-11-30T18:31:07.994+0000] {processor.py:830} INFO - Processing file /opt/airflow/dags/01_data_fetch_mkCHtbls.py for tasks to queue
[2025-11-30T18:31:07.997+0000] {logging_mixin.py:188} INFO - [2025-11-30T18:31:07.996+0000] {dagbag.py:538} INFO - Filling up the DagBag from /opt/airflow/dags/01_data_fetch_mkCHtbls.py
[2025-11-30T18:31:12.506+0000] {processor.py:840} INFO - DAG(s) 'fetch_data' retrieved from /opt/airflow/dags/01_data_fetch_mkCHtbls.py
[2025-11-30T18:31:12.700+0000] {logging_mixin.py:188} INFO - [2025-11-30T18:31:12.700+0000] {dag.py:3036} INFO - Sync 1 DAGs
[2025-11-30T18:31:13.464+0000] {logging_mixin.py:188} INFO - [2025-11-30T18:31:13.464+0000] {dag.py:3823} INFO - Setting next_dagrun for fetch_data to 2025-11-30 00:00:00+00:00, run_after=2025-12-01 00:00:00+00:00
[2025-11-30T18:31:13.491+0000] {processor.py:183} INFO - Processing /opt/airflow/dags/01_data_fetch_mkCHtbls.py took 5.508 seconds
[2025-11-30T18:31:43.898+0000] {processor.py:161} INFO - Started process (PID=346) to work on /opt/airflow/dags/01_data_fetch_mkCHtbls.py
[2025-11-30T18:31:43.899+0000] {processor.py:830} INFO - Processing file /opt/airflow/dags/01_data_fetch_mkCHtbls.py for tasks to queue
[2025-11-30T18:31:43.899+0000] {logging_mixin.py:188} INFO - [2025-11-30T18:31:43.899+0000] {dagbag.py:538} INFO - Filling up the DagBag from /opt/airflow/dags/01_data_fetch_mkCHtbls.py
[2025-11-30T18:31:46.897+0000] {processor.py:840} INFO - DAG(s) 'fetch_data' retrieved from /opt/airflow/dags/01_data_fetch_mkCHtbls.py
[2025-11-30T18:31:46.925+0000] {logging_mixin.py:188} INFO - [2025-11-30T18:31:46.925+0000] {dag.py:3036} INFO - Sync 1 DAGs
[2025-11-30T18:31:46.956+0000] {logging_mixin.py:188} INFO - [2025-11-30T18:31:46.955+0000] {dag.py:3823} INFO - Setting next_dagrun for fetch_data to 2025-11-30 00:00:00+00:00, run_after=2025-12-01 00:00:00+00:00
[2025-11-30T18:31:46.971+0000] {processor.py:183} INFO - Processing /opt/airflow/dags/01_data_fetch_mkCHtbls.py took 3.076 seconds
[2025-11-30T18:32:17.370+0000] {processor.py:161} INFO - Started process (PID=411) to work on /opt/airflow/dags/01_data_fetch_mkCHtbls.py
[2025-11-30T18:32:17.372+0000] {processor.py:830} INFO - Processing file /opt/airflow/dags/01_data_fetch_mkCHtbls.py for tasks to queue
[2025-11-30T18:32:17.374+0000] {logging_mixin.py:188} INFO - [2025-11-30T18:32:17.373+0000] {dagbag.py:538} INFO - Filling up the DagBag from /opt/airflow/dags/01_data_fetch_mkCHtbls.py
[2025-11-30T18:32:19.880+0000] {processor.py:840} INFO - DAG(s) 'fetch_data' retrieved from /opt/airflow/dags/01_data_fetch_mkCHtbls.py
[2025-11-30T18:32:19.902+0000] {logging_mixin.py:188} INFO - [2025-11-30T18:32:19.902+0000] {dag.py:3036} INFO - Sync 1 DAGs
[2025-11-30T18:32:19.920+0000] {logging_mixin.py:188} INFO - [2025-11-30T18:32:19.920+0000] {dag.py:3823} INFO - Setting next_dagrun for fetch_data to 2025-11-30 00:00:00+00:00, run_after=2025-12-01 00:00:00+00:00
[2025-11-30T18:32:19.933+0000] {processor.py:183} INFO - Processing /opt/airflow/dags/01_data_fetch_mkCHtbls.py took 2.569 seconds
[2025-11-30T18:32:50.241+0000] {processor.py:161} INFO - Started process (PID=476) to work on /opt/airflow/dags/01_data_fetch_mkCHtbls.py
[2025-11-30T18:32:50.242+0000] {processor.py:830} INFO - Processing file /opt/airflow/dags/01_data_fetch_mkCHtbls.py for tasks to queue
[2025-11-30T18:32:50.249+0000] {logging_mixin.py:188} INFO - [2025-11-30T18:32:50.248+0000] {dagbag.py:538} INFO - Filling up the DagBag from /opt/airflow/dags/01_data_fetch_mkCHtbls.py
[2025-11-30T18:32:52.615+0000] {processor.py:840} INFO - DAG(s) 'fetch_data' retrieved from /opt/airflow/dags/01_data_fetch_mkCHtbls.py
[2025-11-30T18:32:52.643+0000] {logging_mixin.py:188} INFO - [2025-11-30T18:32:52.643+0000] {dag.py:3036} INFO - Sync 1 DAGs
[2025-11-30T18:32:52.798+0000] {logging_mixin.py:188} INFO - [2025-11-30T18:32:52.797+0000] {dag.py:3823} INFO - Setting next_dagrun for fetch_data to 2025-11-30 00:00:00+00:00, run_after=2025-12-01 00:00:00+00:00
[2025-11-30T18:32:52.824+0000] {processor.py:183} INFO - Processing /opt/airflow/dags/01_data_fetch_mkCHtbls.py took 2.589 seconds
[2025-11-30T18:33:22.926+0000] {processor.py:161} INFO - Started process (PID=541) to work on /opt/airflow/dags/01_data_fetch_mkCHtbls.py
[2025-11-30T18:33:22.927+0000] {processor.py:830} INFO - Processing file /opt/airflow/dags/01_data_fetch_mkCHtbls.py for tasks to queue
[2025-11-30T18:33:22.928+0000] {logging_mixin.py:188} INFO - [2025-11-30T18:33:22.927+0000] {dagbag.py:538} INFO - Filling up the DagBag from /opt/airflow/dags/01_data_fetch_mkCHtbls.py
[2025-11-30T18:33:25.366+0000] {processor.py:840} INFO - DAG(s) 'fetch_data' retrieved from /opt/airflow/dags/01_data_fetch_mkCHtbls.py
[2025-11-30T18:33:25.389+0000] {logging_mixin.py:188} INFO - [2025-11-30T18:33:25.389+0000] {dag.py:3036} INFO - Sync 1 DAGs
[2025-11-30T18:33:25.407+0000] {logging_mixin.py:188} INFO - [2025-11-30T18:33:25.407+0000] {dag.py:3823} INFO - Setting next_dagrun for fetch_data to 2025-11-30 00:00:00+00:00, run_after=2025-12-01 00:00:00+00:00
[2025-11-30T18:33:25.432+0000] {processor.py:183} INFO - Processing /opt/airflow/dags/01_data_fetch_mkCHtbls.py took 2.510 seconds
[2025-11-30T18:33:55.648+0000] {processor.py:161} INFO - Started process (PID=606) to work on /opt/airflow/dags/01_data_fetch_mkCHtbls.py
[2025-11-30T18:33:55.649+0000] {processor.py:830} INFO - Processing file /opt/airflow/dags/01_data_fetch_mkCHtbls.py for tasks to queue
[2025-11-30T18:33:55.650+0000] {logging_mixin.py:188} INFO - [2025-11-30T18:33:55.650+0000] {dagbag.py:538} INFO - Filling up the DagBag from /opt/airflow/dags/01_data_fetch_mkCHtbls.py
[2025-11-30T18:33:58.205+0000] {processor.py:840} INFO - DAG(s) 'fetch_data' retrieved from /opt/airflow/dags/01_data_fetch_mkCHtbls.py
[2025-11-30T18:33:58.227+0000] {logging_mixin.py:188} INFO - [2025-11-30T18:33:58.227+0000] {dag.py:3036} INFO - Sync 1 DAGs
[2025-11-30T18:33:58.248+0000] {logging_mixin.py:188} INFO - [2025-11-30T18:33:58.247+0000] {dag.py:3823} INFO - Setting next_dagrun for fetch_data to 2025-11-30 00:00:00+00:00, run_after=2025-12-01 00:00:00+00:00
[2025-11-30T18:33:58.275+0000] {processor.py:183} INFO - Processing /opt/airflow/dags/01_data_fetch_mkCHtbls.py took 2.632 seconds
[2025-11-30T18:34:28.359+0000] {processor.py:161} INFO - Started process (PID=671) to work on /opt/airflow/dags/01_data_fetch_mkCHtbls.py
[2025-11-30T18:34:28.361+0000] {processor.py:830} INFO - Processing file /opt/airflow/dags/01_data_fetch_mkCHtbls.py for tasks to queue
[2025-11-30T18:34:28.362+0000] {logging_mixin.py:188} INFO - [2025-11-30T18:34:28.362+0000] {dagbag.py:538} INFO - Filling up the DagBag from /opt/airflow/dags/01_data_fetch_mkCHtbls.py
[2025-11-30T18:34:30.767+0000] {processor.py:840} INFO - DAG(s) 'fetch_data' retrieved from /opt/airflow/dags/01_data_fetch_mkCHtbls.py
[2025-11-30T18:34:30.791+0000] {logging_mixin.py:188} INFO - [2025-11-30T18:34:30.791+0000] {dag.py:3036} INFO - Sync 1 DAGs
[2025-11-30T18:34:30.942+0000] {logging_mixin.py:188} INFO - [2025-11-30T18:34:30.942+0000] {dag.py:3823} INFO - Setting next_dagrun for fetch_data to 2025-11-30 00:00:00+00:00, run_after=2025-12-01 00:00:00+00:00
[2025-11-30T18:34:30.976+0000] {processor.py:183} INFO - Processing /opt/airflow/dags/01_data_fetch_mkCHtbls.py took 2.622 seconds
[2025-11-30T18:35:01.062+0000] {processor.py:161} INFO - Started process (PID=736) to work on /opt/airflow/dags/01_data_fetch_mkCHtbls.py
[2025-11-30T18:35:01.063+0000] {processor.py:830} INFO - Processing file /opt/airflow/dags/01_data_fetch_mkCHtbls.py for tasks to queue
[2025-11-30T18:35:01.064+0000] {logging_mixin.py:188} INFO - [2025-11-30T18:35:01.064+0000] {dagbag.py:538} INFO - Filling up the DagBag from /opt/airflow/dags/01_data_fetch_mkCHtbls.py
[2025-11-30T18:35:03.588+0000] {processor.py:840} INFO - DAG(s) 'fetch_data' retrieved from /opt/airflow/dags/01_data_fetch_mkCHtbls.py
[2025-11-30T18:35:03.610+0000] {logging_mixin.py:188} INFO - [2025-11-30T18:35:03.610+0000] {dag.py:3036} INFO - Sync 1 DAGs
[2025-11-30T18:35:03.631+0000] {logging_mixin.py:188} INFO - [2025-11-30T18:35:03.631+0000] {dag.py:3823} INFO - Setting next_dagrun for fetch_data to 2025-11-30 00:00:00+00:00, run_after=2025-12-01 00:00:00+00:00
[2025-11-30T18:35:03.654+0000] {processor.py:183} INFO - Processing /opt/airflow/dags/01_data_fetch_mkCHtbls.py took 2.595 seconds
[2025-11-30T18:35:33.852+0000] {processor.py:161} INFO - Started process (PID=801) to work on /opt/airflow/dags/01_data_fetch_mkCHtbls.py
[2025-11-30T18:35:33.854+0000] {processor.py:830} INFO - Processing file /opt/airflow/dags/01_data_fetch_mkCHtbls.py for tasks to queue
[2025-11-30T18:35:33.855+0000] {logging_mixin.py:188} INFO - [2025-11-30T18:35:33.855+0000] {dagbag.py:538} INFO - Filling up the DagBag from /opt/airflow/dags/01_data_fetch_mkCHtbls.py
[2025-11-30T18:35:36.372+0000] {processor.py:840} INFO - DAG(s) 'fetch_data' retrieved from /opt/airflow/dags/01_data_fetch_mkCHtbls.py
[2025-11-30T18:35:36.407+0000] {logging_mixin.py:188} INFO - [2025-11-30T18:35:36.407+0000] {dag.py:3036} INFO - Sync 1 DAGs
[2025-11-30T18:35:36.425+0000] {logging_mixin.py:188} INFO - [2025-11-30T18:35:36.425+0000] {dag.py:3823} INFO - Setting next_dagrun for fetch_data to 2025-11-30 00:00:00+00:00, run_after=2025-12-01 00:00:00+00:00
[2025-11-30T18:35:36.458+0000] {processor.py:183} INFO - Processing /opt/airflow/dags/01_data_fetch_mkCHtbls.py took 2.612 seconds
[2025-11-30T18:36:06.734+0000] {processor.py:161} INFO - Started process (PID=866) to work on /opt/airflow/dags/01_data_fetch_mkCHtbls.py
[2025-11-30T18:36:06.735+0000] {processor.py:830} INFO - Processing file /opt/airflow/dags/01_data_fetch_mkCHtbls.py for tasks to queue
[2025-11-30T18:36:06.736+0000] {logging_mixin.py:188} INFO - [2025-11-30T18:36:06.735+0000] {dagbag.py:538} INFO - Filling up the DagBag from /opt/airflow/dags/01_data_fetch_mkCHtbls.py
[2025-11-30T18:36:09.129+0000] {processor.py:840} INFO - DAG(s) 'fetch_data' retrieved from /opt/airflow/dags/01_data_fetch_mkCHtbls.py
[2025-11-30T18:36:09.152+0000] {logging_mixin.py:188} INFO - [2025-11-30T18:36:09.152+0000] {dag.py:3036} INFO - Sync 1 DAGs
[2025-11-30T18:36:09.301+0000] {logging_mixin.py:188} INFO - [2025-11-30T18:36:09.301+0000] {dag.py:3823} INFO - Setting next_dagrun for fetch_data to 2025-11-30 00:00:00+00:00, run_after=2025-12-01 00:00:00+00:00
[2025-11-30T18:36:09.319+0000] {processor.py:183} INFO - Processing /opt/airflow/dags/01_data_fetch_mkCHtbls.py took 2.589 seconds
[2025-11-30T18:36:40.005+0000] {processor.py:161} INFO - Started process (PID=931) to work on /opt/airflow/dags/01_data_fetch_mkCHtbls.py
[2025-11-30T18:36:40.007+0000] {processor.py:830} INFO - Processing file /opt/airflow/dags/01_data_fetch_mkCHtbls.py for tasks to queue
[2025-11-30T18:36:40.008+0000] {logging_mixin.py:188} INFO - [2025-11-30T18:36:40.008+0000] {dagbag.py:538} INFO - Filling up the DagBag from /opt/airflow/dags/01_data_fetch_mkCHtbls.py
[2025-11-30T18:36:42.428+0000] {processor.py:840} INFO - DAG(s) 'fetch_data' retrieved from /opt/airflow/dags/01_data_fetch_mkCHtbls.py
[2025-11-30T18:36:42.451+0000] {logging_mixin.py:188} INFO - [2025-11-30T18:36:42.451+0000] {dag.py:3036} INFO - Sync 1 DAGs
[2025-11-30T18:36:42.475+0000] {logging_mixin.py:188} INFO - [2025-11-30T18:36:42.475+0000] {dag.py:3823} INFO - Setting next_dagrun for fetch_data to 2025-11-30 00:00:00+00:00, run_after=2025-12-01 00:00:00+00:00
[2025-11-30T18:36:42.504+0000] {processor.py:183} INFO - Processing /opt/airflow/dags/01_data_fetch_mkCHtbls.py took 2.505 seconds
[2025-11-30T18:37:12.684+0000] {processor.py:161} INFO - Started process (PID=996) to work on /opt/airflow/dags/01_data_fetch_mkCHtbls.py
[2025-11-30T18:37:12.686+0000] {processor.py:830} INFO - Processing file /opt/airflow/dags/01_data_fetch_mkCHtbls.py for tasks to queue
[2025-11-30T18:37:12.687+0000] {logging_mixin.py:188} INFO - [2025-11-30T18:37:12.687+0000] {dagbag.py:538} INFO - Filling up the DagBag from /opt/airflow/dags/01_data_fetch_mkCHtbls.py
[2025-11-30T18:37:15.257+0000] {processor.py:840} INFO - DAG(s) 'fetch_data' retrieved from /opt/airflow/dags/01_data_fetch_mkCHtbls.py
[2025-11-30T18:37:15.283+0000] {logging_mixin.py:188} INFO - [2025-11-30T18:37:15.283+0000] {dag.py:3036} INFO - Sync 1 DAGs
[2025-11-30T18:37:15.319+0000] {logging_mixin.py:188} INFO - [2025-11-30T18:37:15.319+0000] {dag.py:3823} INFO - Setting next_dagrun for fetch_data to 2025-11-30 00:00:00+00:00, run_after=2025-12-01 00:00:00+00:00
[2025-11-30T18:37:15.486+0000] {processor.py:183} INFO - Processing /opt/airflow/dags/01_data_fetch_mkCHtbls.py took 2.807 seconds
[2025-11-30T18:37:46.063+0000] {processor.py:161} INFO - Started process (PID=1102) to work on /opt/airflow/dags/01_data_fetch_mkCHtbls.py
[2025-11-30T18:37:46.069+0000] {processor.py:830} INFO - Processing file /opt/airflow/dags/01_data_fetch_mkCHtbls.py for tasks to queue
[2025-11-30T18:37:46.072+0000] {logging_mixin.py:188} INFO - [2025-11-30T18:37:46.071+0000] {dagbag.py:538} INFO - Filling up the DagBag from /opt/airflow/dags/01_data_fetch_mkCHtbls.py
[2025-11-30T18:37:48.838+0000] {processor.py:840} INFO - DAG(s) 'fetch_data' retrieved from /opt/airflow/dags/01_data_fetch_mkCHtbls.py
[2025-11-30T18:37:48.861+0000] {logging_mixin.py:188} INFO - [2025-11-30T18:37:48.861+0000] {dag.py:3036} INFO - Sync 1 DAGs
[2025-11-30T18:37:48.880+0000] {logging_mixin.py:188} INFO - [2025-11-30T18:37:48.880+0000] {dag.py:3823} INFO - Setting next_dagrun for fetch_data to 2025-11-30 00:00:00+00:00, run_after=2025-12-01 00:00:00+00:00
[2025-11-30T18:37:48.902+0000] {processor.py:183} INFO - Processing /opt/airflow/dags/01_data_fetch_mkCHtbls.py took 2.849 seconds
[2025-11-30T18:38:19.365+0000] {processor.py:161} INFO - Started process (PID=1167) to work on /opt/airflow/dags/01_data_fetch_mkCHtbls.py
[2025-11-30T18:38:19.366+0000] {processor.py:830} INFO - Processing file /opt/airflow/dags/01_data_fetch_mkCHtbls.py for tasks to queue
[2025-11-30T18:38:19.367+0000] {logging_mixin.py:188} INFO - [2025-11-30T18:38:19.367+0000] {dagbag.py:538} INFO - Filling up the DagBag from /opt/airflow/dags/01_data_fetch_mkCHtbls.py
[2025-11-30T18:38:21.933+0000] {processor.py:840} INFO - DAG(s) 'fetch_data' retrieved from /opt/airflow/dags/01_data_fetch_mkCHtbls.py
[2025-11-30T18:38:21.959+0000] {logging_mixin.py:188} INFO - [2025-11-30T18:38:21.959+0000] {dag.py:3036} INFO - Sync 1 DAGs
[2025-11-30T18:38:21.976+0000] {logging_mixin.py:188} INFO - [2025-11-30T18:38:21.976+0000] {dag.py:3823} INFO - Setting next_dagrun for fetch_data to 2025-11-30 00:00:00+00:00, run_after=2025-12-01 00:00:00+00:00
[2025-11-30T18:38:22.001+0000] {processor.py:183} INFO - Processing /opt/airflow/dags/01_data_fetch_mkCHtbls.py took 2.640 seconds
[2025-11-30T18:38:52.218+0000] {processor.py:161} INFO - Started process (PID=1232) to work on /opt/airflow/dags/01_data_fetch_mkCHtbls.py
[2025-11-30T18:38:52.219+0000] {processor.py:830} INFO - Processing file /opt/airflow/dags/01_data_fetch_mkCHtbls.py for tasks to queue
[2025-11-30T18:38:52.220+0000] {logging_mixin.py:188} INFO - [2025-11-30T18:38:52.220+0000] {dagbag.py:538} INFO - Filling up the DagBag from /opt/airflow/dags/01_data_fetch_mkCHtbls.py
[2025-11-30T18:38:54.935+0000] {processor.py:840} INFO - DAG(s) 'fetch_data' retrieved from /opt/airflow/dags/01_data_fetch_mkCHtbls.py
[2025-11-30T18:38:54.958+0000] {logging_mixin.py:188} INFO - [2025-11-30T18:38:54.958+0000] {dag.py:3036} INFO - Sync 1 DAGs
[2025-11-30T18:38:55.111+0000] {logging_mixin.py:188} INFO - [2025-11-30T18:38:55.110+0000] {dag.py:3823} INFO - Setting next_dagrun for fetch_data to 2025-11-30 00:00:00+00:00, run_after=2025-12-01 00:00:00+00:00
[2025-11-30T18:38:55.136+0000] {processor.py:183} INFO - Processing /opt/airflow/dags/01_data_fetch_mkCHtbls.py took 2.923 seconds
[2025-11-30T18:39:25.187+0000] {processor.py:161} INFO - Started process (PID=1297) to work on /opt/airflow/dags/01_data_fetch_mkCHtbls.py
[2025-11-30T18:39:25.188+0000] {processor.py:830} INFO - Processing file /opt/airflow/dags/01_data_fetch_mkCHtbls.py for tasks to queue
[2025-11-30T18:39:25.189+0000] {logging_mixin.py:188} INFO - [2025-11-30T18:39:25.188+0000] {dagbag.py:538} INFO - Filling up the DagBag from /opt/airflow/dags/01_data_fetch_mkCHtbls.py
[2025-11-30T18:39:27.864+0000] {processor.py:840} INFO - DAG(s) 'fetch_data' retrieved from /opt/airflow/dags/01_data_fetch_mkCHtbls.py
[2025-11-30T18:39:27.893+0000] {logging_mixin.py:188} INFO - [2025-11-30T18:39:27.893+0000] {dag.py:3036} INFO - Sync 1 DAGs
[2025-11-30T18:39:27.914+0000] {logging_mixin.py:188} INFO - [2025-11-30T18:39:27.914+0000] {dag.py:3823} INFO - Setting next_dagrun for fetch_data to 2025-11-30 00:00:00+00:00, run_after=2025-12-01 00:00:00+00:00
[2025-11-30T18:39:27.941+0000] {processor.py:183} INFO - Processing /opt/airflow/dags/01_data_fetch_mkCHtbls.py took 2.757 seconds
[2025-11-30T18:39:58.125+0000] {processor.py:161} INFO - Started process (PID=1362) to work on /opt/airflow/dags/01_data_fetch_mkCHtbls.py
[2025-11-30T18:39:58.126+0000] {processor.py:830} INFO - Processing file /opt/airflow/dags/01_data_fetch_mkCHtbls.py for tasks to queue
[2025-11-30T18:39:58.127+0000] {logging_mixin.py:188} INFO - [2025-11-30T18:39:58.127+0000] {dagbag.py:538} INFO - Filling up the DagBag from /opt/airflow/dags/01_data_fetch_mkCHtbls.py
[2025-11-30T18:40:00.753+0000] {processor.py:840} INFO - DAG(s) 'fetch_data' retrieved from /opt/airflow/dags/01_data_fetch_mkCHtbls.py
[2025-11-30T18:40:00.784+0000] {logging_mixin.py:188} INFO - [2025-11-30T18:40:00.783+0000] {dag.py:3036} INFO - Sync 1 DAGs
[2025-11-30T18:40:00.801+0000] {logging_mixin.py:188} INFO - [2025-11-30T18:40:00.801+0000] {dag.py:3823} INFO - Setting next_dagrun for fetch_data to 2025-11-30 00:00:00+00:00, run_after=2025-12-01 00:00:00+00:00
[2025-11-30T18:40:00.815+0000] {processor.py:183} INFO - Processing /opt/airflow/dags/01_data_fetch_mkCHtbls.py took 2.696 seconds
[2025-11-30T18:40:30.965+0000] {processor.py:161} INFO - Started process (PID=1427) to work on /opt/airflow/dags/01_data_fetch_mkCHtbls.py
[2025-11-30T18:40:30.967+0000] {processor.py:830} INFO - Processing file /opt/airflow/dags/01_data_fetch_mkCHtbls.py for tasks to queue
[2025-11-30T18:40:30.968+0000] {logging_mixin.py:188} INFO - [2025-11-30T18:40:30.968+0000] {dagbag.py:538} INFO - Filling up the DagBag from /opt/airflow/dags/01_data_fetch_mkCHtbls.py
[2025-11-30T18:40:33.544+0000] {processor.py:840} INFO - DAG(s) 'fetch_data' retrieved from /opt/airflow/dags/01_data_fetch_mkCHtbls.py
[2025-11-30T18:40:33.568+0000] {logging_mixin.py:188} INFO - [2025-11-30T18:40:33.567+0000] {dag.py:3036} INFO - Sync 1 DAGs
[2025-11-30T18:40:33.716+0000] {logging_mixin.py:188} INFO - [2025-11-30T18:40:33.716+0000] {dag.py:3823} INFO - Setting next_dagrun for fetch_data to 2025-11-30 00:00:00+00:00, run_after=2025-12-01 00:00:00+00:00
[2025-11-30T18:40:33.729+0000] {processor.py:183} INFO - Processing /opt/airflow/dags/01_data_fetch_mkCHtbls.py took 2.770 seconds
[2025-11-30T18:41:04.304+0000] {processor.py:161} INFO - Started process (PID=1492) to work on /opt/airflow/dags/01_data_fetch_mkCHtbls.py
[2025-11-30T18:41:04.309+0000] {processor.py:830} INFO - Processing file /opt/airflow/dags/01_data_fetch_mkCHtbls.py for tasks to queue
[2025-11-30T18:41:04.318+0000] {logging_mixin.py:188} INFO - [2025-11-30T18:41:04.315+0000] {dagbag.py:538} INFO - Filling up the DagBag from /opt/airflow/dags/01_data_fetch_mkCHtbls.py
[2025-11-30T18:41:07.249+0000] {processor.py:840} INFO - DAG(s) 'fetch_data' retrieved from /opt/airflow/dags/01_data_fetch_mkCHtbls.py
[2025-11-30T18:41:07.429+0000] {logging_mixin.py:188} INFO - [2025-11-30T18:41:07.428+0000] {dag.py:3036} INFO - Sync 1 DAGs
[2025-11-30T18:41:07.447+0000] {logging_mixin.py:188} INFO - [2025-11-30T18:41:07.447+0000] {dag.py:3823} INFO - Setting next_dagrun for fetch_data to 2025-11-30 00:00:00+00:00, run_after=2025-12-01 00:00:00+00:00
[2025-11-30T18:41:07.476+0000] {processor.py:183} INFO - Processing /opt/airflow/dags/01_data_fetch_mkCHtbls.py took 3.184 seconds
[2025-11-30T18:41:37.741+0000] {processor.py:161} INFO - Started process (PID=1557) to work on /opt/airflow/dags/01_data_fetch_mkCHtbls.py
[2025-11-30T18:41:37.741+0000] {processor.py:830} INFO - Processing file /opt/airflow/dags/01_data_fetch_mkCHtbls.py for tasks to queue
[2025-11-30T18:41:37.742+0000] {logging_mixin.py:188} INFO - [2025-11-30T18:41:37.742+0000] {dagbag.py:538} INFO - Filling up the DagBag from /opt/airflow/dags/01_data_fetch_mkCHtbls.py
[2025-11-30T18:41:40.409+0000] {processor.py:840} INFO - DAG(s) 'fetch_data' retrieved from /opt/airflow/dags/01_data_fetch_mkCHtbls.py
[2025-11-30T18:41:40.442+0000] {logging_mixin.py:188} INFO - [2025-11-30T18:41:40.442+0000] {dag.py:3036} INFO - Sync 1 DAGs
[2025-11-30T18:41:40.463+0000] {logging_mixin.py:188} INFO - [2025-11-30T18:41:40.462+0000] {dag.py:3823} INFO - Setting next_dagrun for fetch_data to 2025-11-30 00:00:00+00:00, run_after=2025-12-01 00:00:00+00:00
[2025-11-30T18:41:40.483+0000] {processor.py:183} INFO - Processing /opt/airflow/dags/01_data_fetch_mkCHtbls.py took 2.746 seconds
[2025-11-30T18:42:10.751+0000] {processor.py:161} INFO - Started process (PID=1622) to work on /opt/airflow/dags/01_data_fetch_mkCHtbls.py
[2025-11-30T18:42:10.752+0000] {processor.py:830} INFO - Processing file /opt/airflow/dags/01_data_fetch_mkCHtbls.py for tasks to queue
[2025-11-30T18:42:10.755+0000] {logging_mixin.py:188} INFO - [2025-11-30T18:42:10.753+0000] {dagbag.py:538} INFO - Filling up the DagBag from /opt/airflow/dags/01_data_fetch_mkCHtbls.py
[2025-11-30T18:42:13.405+0000] {processor.py:840} INFO - DAG(s) 'fetch_data' retrieved from /opt/airflow/dags/01_data_fetch_mkCHtbls.py
[2025-11-30T18:42:13.431+0000] {logging_mixin.py:188} INFO - [2025-11-30T18:42:13.431+0000] {dag.py:3036} INFO - Sync 1 DAGs
[2025-11-30T18:42:13.457+0000] {logging_mixin.py:188} INFO - [2025-11-30T18:42:13.457+0000] {dag.py:3823} INFO - Setting next_dagrun for fetch_data to 2025-11-30 00:00:00+00:00, run_after=2025-12-01 00:00:00+00:00
[2025-11-30T18:42:13.612+0000] {processor.py:183} INFO - Processing /opt/airflow/dags/01_data_fetch_mkCHtbls.py took 2.868 seconds
[2025-11-30T18:42:44.082+0000] {processor.py:161} INFO - Started process (PID=1687) to work on /opt/airflow/dags/01_data_fetch_mkCHtbls.py
[2025-11-30T18:42:44.083+0000] {processor.py:830} INFO - Processing file /opt/airflow/dags/01_data_fetch_mkCHtbls.py for tasks to queue
[2025-11-30T18:42:44.084+0000] {logging_mixin.py:188} INFO - [2025-11-30T18:42:44.083+0000] {dagbag.py:538} INFO - Filling up the DagBag from /opt/airflow/dags/01_data_fetch_mkCHtbls.py
[2025-11-30T18:42:46.789+0000] {processor.py:840} INFO - DAG(s) 'fetch_data' retrieved from /opt/airflow/dags/01_data_fetch_mkCHtbls.py
[2025-11-30T18:42:46.822+0000] {logging_mixin.py:188} INFO - [2025-11-30T18:42:46.822+0000] {dag.py:3036} INFO - Sync 1 DAGs
[2025-11-30T18:42:46.987+0000] {logging_mixin.py:188} INFO - [2025-11-30T18:42:46.987+0000] {dag.py:3823} INFO - Setting next_dagrun for fetch_data to 2025-11-30 00:00:00+00:00, run_after=2025-12-01 00:00:00+00:00
[2025-11-30T18:42:47.002+0000] {processor.py:183} INFO - Processing /opt/airflow/dags/01_data_fetch_mkCHtbls.py took 2.926 seconds
[2025-11-30T18:43:17.482+0000] {processor.py:161} INFO - Started process (PID=1752) to work on /opt/airflow/dags/01_data_fetch_mkCHtbls.py
[2025-11-30T18:43:17.483+0000] {processor.py:830} INFO - Processing file /opt/airflow/dags/01_data_fetch_mkCHtbls.py for tasks to queue
[2025-11-30T18:43:17.485+0000] {logging_mixin.py:188} INFO - [2025-11-30T18:43:17.484+0000] {dagbag.py:538} INFO - Filling up the DagBag from /opt/airflow/dags/01_data_fetch_mkCHtbls.py
[2025-11-30T18:43:20.080+0000] {processor.py:840} INFO - DAG(s) 'fetch_data' retrieved from /opt/airflow/dags/01_data_fetch_mkCHtbls.py
[2025-11-30T18:43:20.114+0000] {logging_mixin.py:188} INFO - [2025-11-30T18:43:20.114+0000] {dag.py:3036} INFO - Sync 1 DAGs
[2025-11-30T18:43:20.143+0000] {logging_mixin.py:188} INFO - [2025-11-30T18:43:20.142+0000] {dag.py:3823} INFO - Setting next_dagrun for fetch_data to 2025-11-30 00:00:00+00:00, run_after=2025-12-01 00:00:00+00:00
[2025-11-30T18:43:20.182+0000] {processor.py:183} INFO - Processing /opt/airflow/dags/01_data_fetch_mkCHtbls.py took 2.706 seconds
[2025-11-30T18:43:50.452+0000] {processor.py:161} INFO - Started process (PID=1817) to work on /opt/airflow/dags/01_data_fetch_mkCHtbls.py
[2025-11-30T18:43:50.454+0000] {processor.py:830} INFO - Processing file /opt/airflow/dags/01_data_fetch_mkCHtbls.py for tasks to queue
[2025-11-30T18:43:50.456+0000] {logging_mixin.py:188} INFO - [2025-11-30T18:43:50.455+0000] {dagbag.py:538} INFO - Filling up the DagBag from /opt/airflow/dags/01_data_fetch_mkCHtbls.py
[2025-11-30T18:43:53.150+0000] {processor.py:840} INFO - DAG(s) 'fetch_data' retrieved from /opt/airflow/dags/01_data_fetch_mkCHtbls.py
[2025-11-30T18:43:53.181+0000] {logging_mixin.py:188} INFO - [2025-11-30T18:43:53.180+0000] {dag.py:3036} INFO - Sync 1 DAGs
[2025-11-30T18:43:53.326+0000] {logging_mixin.py:188} INFO - [2025-11-30T18:43:53.326+0000] {dag.py:3823} INFO - Setting next_dagrun for fetch_data to 2025-11-30 00:00:00+00:00, run_after=2025-12-01 00:00:00+00:00
[2025-11-30T18:43:53.352+0000] {processor.py:183} INFO - Processing /opt/airflow/dags/01_data_fetch_mkCHtbls.py took 2.907 seconds
[2025-11-30T18:44:24.119+0000] {processor.py:161} INFO - Started process (PID=1902) to work on /opt/airflow/dags/01_data_fetch_mkCHtbls.py
[2025-11-30T18:44:24.121+0000] {processor.py:830} INFO - Processing file /opt/airflow/dags/01_data_fetch_mkCHtbls.py for tasks to queue
[2025-11-30T18:44:24.122+0000] {logging_mixin.py:188} INFO - [2025-11-30T18:44:24.122+0000] {dagbag.py:538} INFO - Filling up the DagBag from /opt/airflow/dags/01_data_fetch_mkCHtbls.py
[2025-11-30T18:44:26.874+0000] {processor.py:840} INFO - DAG(s) 'fetch_data' retrieved from /opt/airflow/dags/01_data_fetch_mkCHtbls.py
[2025-11-30T18:44:26.901+0000] {logging_mixin.py:188} INFO - [2025-11-30T18:44:26.901+0000] {dag.py:3036} INFO - Sync 1 DAGs
[2025-11-30T18:44:26.924+0000] {logging_mixin.py:188} INFO - [2025-11-30T18:44:26.924+0000] {dag.py:3823} INFO - Setting next_dagrun for fetch_data to 2025-11-30 00:00:00+00:00, run_after=2025-12-01 00:00:00+00:00
[2025-11-30T18:44:26.950+0000] {processor.py:183} INFO - Processing /opt/airflow/dags/01_data_fetch_mkCHtbls.py took 2.835 seconds
[2025-11-30T18:44:57.364+0000] {processor.py:161} INFO - Started process (PID=1967) to work on /opt/airflow/dags/01_data_fetch_mkCHtbls.py
[2025-11-30T18:44:57.365+0000] {processor.py:830} INFO - Processing file /opt/airflow/dags/01_data_fetch_mkCHtbls.py for tasks to queue
[2025-11-30T18:44:57.366+0000] {logging_mixin.py:188} INFO - [2025-11-30T18:44:57.365+0000] {dagbag.py:538} INFO - Filling up the DagBag from /opt/airflow/dags/01_data_fetch_mkCHtbls.py
[2025-11-30T18:44:59.907+0000] {processor.py:840} INFO - DAG(s) 'fetch_data' retrieved from /opt/airflow/dags/01_data_fetch_mkCHtbls.py
[2025-11-30T18:44:59.932+0000] {logging_mixin.py:188} INFO - [2025-11-30T18:44:59.932+0000] {dag.py:3036} INFO - Sync 1 DAGs
[2025-11-30T18:45:00.069+0000] {logging_mixin.py:188} INFO - [2025-11-30T18:45:00.069+0000] {dag.py:3823} INFO - Setting next_dagrun for fetch_data to 2025-11-30 00:00:00+00:00, run_after=2025-12-01 00:00:00+00:00
[2025-11-30T18:45:00.096+0000] {processor.py:183} INFO - Processing /opt/airflow/dags/01_data_fetch_mkCHtbls.py took 2.737 seconds
[2025-11-30T18:45:30.518+0000] {processor.py:161} INFO - Started process (PID=2053) to work on /opt/airflow/dags/01_data_fetch_mkCHtbls.py
[2025-11-30T18:45:30.520+0000] {processor.py:830} INFO - Processing file /opt/airflow/dags/01_data_fetch_mkCHtbls.py for tasks to queue
[2025-11-30T18:45:30.522+0000] {logging_mixin.py:188} INFO - [2025-11-30T18:45:30.521+0000] {dagbag.py:538} INFO - Filling up the DagBag from /opt/airflow/dags/01_data_fetch_mkCHtbls.py
[2025-11-30T18:45:33.206+0000] {processor.py:840} INFO - DAG(s) 'fetch_data' retrieved from /opt/airflow/dags/01_data_fetch_mkCHtbls.py
[2025-11-30T18:45:33.354+0000] {logging_mixin.py:188} INFO - [2025-11-30T18:45:33.354+0000] {dag.py:3036} INFO - Sync 1 DAGs
[2025-11-30T18:45:33.372+0000] {logging_mixin.py:188} INFO - [2025-11-30T18:45:33.372+0000] {dag.py:3823} INFO - Setting next_dagrun for fetch_data to 2025-11-30 00:00:00+00:00, run_after=2025-12-01 00:00:00+00:00
[2025-11-30T18:45:33.403+0000] {processor.py:183} INFO - Processing /opt/airflow/dags/01_data_fetch_mkCHtbls.py took 2.893 seconds
[2025-11-30T18:46:03.460+0000] {processor.py:161} INFO - Started process (PID=2118) to work on /opt/airflow/dags/01_data_fetch_mkCHtbls.py
[2025-11-30T18:46:03.461+0000] {processor.py:830} INFO - Processing file /opt/airflow/dags/01_data_fetch_mkCHtbls.py for tasks to queue
[2025-11-30T18:46:03.462+0000] {logging_mixin.py:188} INFO - [2025-11-30T18:46:03.461+0000] {dagbag.py:538} INFO - Filling up the DagBag from /opt/airflow/dags/01_data_fetch_mkCHtbls.py
[2025-11-30T18:46:06.255+0000] {processor.py:840} INFO - DAG(s) 'fetch_data' retrieved from /opt/airflow/dags/01_data_fetch_mkCHtbls.py
[2025-11-30T18:46:06.280+0000] {logging_mixin.py:188} INFO - [2025-11-30T18:46:06.280+0000] {dag.py:3036} INFO - Sync 1 DAGs
[2025-11-30T18:46:06.296+0000] {logging_mixin.py:188} INFO - [2025-11-30T18:46:06.295+0000] {dag.py:3823} INFO - Setting next_dagrun for fetch_data to 2025-11-30 00:00:00+00:00, run_after=2025-12-01 00:00:00+00:00
[2025-11-30T18:46:06.318+0000] {processor.py:183} INFO - Processing /opt/airflow/dags/01_data_fetch_mkCHtbls.py took 2.863 seconds
[2025-11-30T18:46:36.417+0000] {processor.py:161} INFO - Started process (PID=2183) to work on /opt/airflow/dags/01_data_fetch_mkCHtbls.py
[2025-11-30T18:46:36.419+0000] {processor.py:830} INFO - Processing file /opt/airflow/dags/01_data_fetch_mkCHtbls.py for tasks to queue
[2025-11-30T18:46:36.423+0000] {logging_mixin.py:188} INFO - [2025-11-30T18:46:36.421+0000] {dagbag.py:538} INFO - Filling up the DagBag from /opt/airflow/dags/01_data_fetch_mkCHtbls.py
[2025-11-30T18:46:39.065+0000] {processor.py:840} INFO - DAG(s) 'fetch_data' retrieved from /opt/airflow/dags/01_data_fetch_mkCHtbls.py
[2025-11-30T18:46:39.088+0000] {logging_mixin.py:188} INFO - [2025-11-30T18:46:39.088+0000] {dag.py:3036} INFO - Sync 1 DAGs
[2025-11-30T18:46:39.225+0000] {logging_mixin.py:188} INFO - [2025-11-30T18:46:39.225+0000] {dag.py:3823} INFO - Setting next_dagrun for fetch_data to 2025-11-30 00:00:00+00:00, run_after=2025-12-01 00:00:00+00:00
[2025-11-30T18:46:39.240+0000] {processor.py:183} INFO - Processing /opt/airflow/dags/01_data_fetch_mkCHtbls.py took 2.831 seconds
[2025-11-30T18:47:09.760+0000] {processor.py:161} INFO - Started process (PID=2248) to work on /opt/airflow/dags/01_data_fetch_mkCHtbls.py
[2025-11-30T18:47:09.761+0000] {processor.py:830} INFO - Processing file /opt/airflow/dags/01_data_fetch_mkCHtbls.py for tasks to queue
[2025-11-30T18:47:09.762+0000] {logging_mixin.py:188} INFO - [2025-11-30T18:47:09.762+0000] {dagbag.py:538} INFO - Filling up the DagBag from /opt/airflow/dags/01_data_fetch_mkCHtbls.py
[2025-11-30T18:47:12.488+0000] {processor.py:840} INFO - DAG(s) 'fetch_data' retrieved from /opt/airflow/dags/01_data_fetch_mkCHtbls.py
[2025-11-30T18:47:12.517+0000] {logging_mixin.py:188} INFO - [2025-11-30T18:47:12.517+0000] {dag.py:3036} INFO - Sync 1 DAGs
[2025-11-30T18:47:12.534+0000] {logging_mixin.py:188} INFO - [2025-11-30T18:47:12.534+0000] {dag.py:3823} INFO - Setting next_dagrun for fetch_data to 2025-11-30 00:00:00+00:00, run_after=2025-12-01 00:00:00+00:00
[2025-11-30T18:47:12.547+0000] {processor.py:183} INFO - Processing /opt/airflow/dags/01_data_fetch_mkCHtbls.py took 2.792 seconds
[2025-11-30T18:47:43.149+0000] {processor.py:161} INFO - Started process (PID=2313) to work on /opt/airflow/dags/01_data_fetch_mkCHtbls.py
[2025-11-30T18:47:43.150+0000] {processor.py:830} INFO - Processing file /opt/airflow/dags/01_data_fetch_mkCHtbls.py for tasks to queue
[2025-11-30T18:47:43.150+0000] {logging_mixin.py:188} INFO - [2025-11-30T18:47:43.150+0000] {dagbag.py:538} INFO - Filling up the DagBag from /opt/airflow/dags/01_data_fetch_mkCHtbls.py
[2025-11-30T18:47:46.031+0000] {processor.py:840} INFO - DAG(s) 'fetch_data' retrieved from /opt/airflow/dags/01_data_fetch_mkCHtbls.py
[2025-11-30T18:47:46.067+0000] {logging_mixin.py:188} INFO - [2025-11-30T18:47:46.066+0000] {dag.py:3036} INFO - Sync 1 DAGs
[2025-11-30T18:47:46.238+0000] {logging_mixin.py:188} INFO - [2025-11-30T18:47:46.237+0000] {dag.py:3823} INFO - Setting next_dagrun for fetch_data to 2025-11-30 00:00:00+00:00, run_after=2025-12-01 00:00:00+00:00
[2025-11-30T18:47:46.255+0000] {processor.py:183} INFO - Processing /opt/airflow/dags/01_data_fetch_mkCHtbls.py took 3.110 seconds
[2025-11-30T18:48:16.651+0000] {processor.py:161} INFO - Started process (PID=2378) to work on /opt/airflow/dags/01_data_fetch_mkCHtbls.py
[2025-11-30T18:48:16.654+0000] {processor.py:830} INFO - Processing file /opt/airflow/dags/01_data_fetch_mkCHtbls.py for tasks to queue
[2025-11-30T18:48:16.657+0000] {logging_mixin.py:188} INFO - [2025-11-30T18:48:16.656+0000] {dagbag.py:538} INFO - Filling up the DagBag from /opt/airflow/dags/01_data_fetch_mkCHtbls.py
[2025-11-30T18:48:19.508+0000] {processor.py:840} INFO - DAG(s) 'fetch_data' retrieved from /opt/airflow/dags/01_data_fetch_mkCHtbls.py
[2025-11-30T18:48:19.673+0000] {logging_mixin.py:188} INFO - [2025-11-30T18:48:19.672+0000] {dag.py:3036} INFO - Sync 1 DAGs
[2025-11-30T18:48:19.704+0000] {logging_mixin.py:188} INFO - [2025-11-30T18:48:19.703+0000] {dag.py:3823} INFO - Setting next_dagrun for fetch_data to 2025-11-30 00:00:00+00:00, run_after=2025-12-01 00:00:00+00:00
[2025-11-30T18:48:19.727+0000] {processor.py:183} INFO - Processing /opt/airflow/dags/01_data_fetch_mkCHtbls.py took 3.084 seconds
[2025-11-30T18:48:50.115+0000] {processor.py:161} INFO - Started process (PID=2443) to work on /opt/airflow/dags/01_data_fetch_mkCHtbls.py
[2025-11-30T18:48:50.117+0000] {processor.py:830} INFO - Processing file /opt/airflow/dags/01_data_fetch_mkCHtbls.py for tasks to queue
[2025-11-30T18:48:50.118+0000] {logging_mixin.py:188} INFO - [2025-11-30T18:48:50.117+0000] {dagbag.py:538} INFO - Filling up the DagBag from /opt/airflow/dags/01_data_fetch_mkCHtbls.py
[2025-11-30T18:48:52.892+0000] {processor.py:840} INFO - DAG(s) 'fetch_data' retrieved from /opt/airflow/dags/01_data_fetch_mkCHtbls.py
[2025-11-30T18:48:52.926+0000] {logging_mixin.py:188} INFO - [2025-11-30T18:48:52.926+0000] {dag.py:3036} INFO - Sync 1 DAGs
[2025-11-30T18:48:52.944+0000] {logging_mixin.py:188} INFO - [2025-11-30T18:48:52.944+0000] {dag.py:3823} INFO - Setting next_dagrun for fetch_data to 2025-11-30 00:00:00+00:00, run_after=2025-12-01 00:00:00+00:00
[2025-11-30T18:48:52.972+0000] {processor.py:183} INFO - Processing /opt/airflow/dags/01_data_fetch_mkCHtbls.py took 2.864 seconds
[2025-11-30T18:49:23.411+0000] {processor.py:161} INFO - Started process (PID=2508) to work on /opt/airflow/dags/01_data_fetch_mkCHtbls.py
[2025-11-30T18:49:23.412+0000] {processor.py:830} INFO - Processing file /opt/airflow/dags/01_data_fetch_mkCHtbls.py for tasks to queue
[2025-11-30T18:49:23.414+0000] {logging_mixin.py:188} INFO - [2025-11-30T18:49:23.413+0000] {dagbag.py:538} INFO - Filling up the DagBag from /opt/airflow/dags/01_data_fetch_mkCHtbls.py
[2025-11-30T18:49:26.108+0000] {processor.py:840} INFO - DAG(s) 'fetch_data' retrieved from /opt/airflow/dags/01_data_fetch_mkCHtbls.py
[2025-11-30T18:49:26.138+0000] {logging_mixin.py:188} INFO - [2025-11-30T18:49:26.138+0000] {dag.py:3036} INFO - Sync 1 DAGs
[2025-11-30T18:49:26.327+0000] {logging_mixin.py:188} INFO - [2025-11-30T18:49:26.327+0000] {dag.py:3823} INFO - Setting next_dagrun for fetch_data to 2025-11-30 00:00:00+00:00, run_after=2025-12-01 00:00:00+00:00
[2025-11-30T18:49:26.340+0000] {processor.py:183} INFO - Processing /opt/airflow/dags/01_data_fetch_mkCHtbls.py took 2.937 seconds
[2025-11-30T18:49:56.771+0000] {processor.py:161} INFO - Started process (PID=2576) to work on /opt/airflow/dags/01_data_fetch_mkCHtbls.py
[2025-11-30T18:49:56.772+0000] {processor.py:830} INFO - Processing file /opt/airflow/dags/01_data_fetch_mkCHtbls.py for tasks to queue
[2025-11-30T18:49:56.772+0000] {logging_mixin.py:188} INFO - [2025-11-30T18:49:56.772+0000] {dagbag.py:538} INFO - Filling up the DagBag from /opt/airflow/dags/01_data_fetch_mkCHtbls.py
[2025-11-30T18:49:59.691+0000] {processor.py:840} INFO - DAG(s) 'fetch_data' retrieved from /opt/airflow/dags/01_data_fetch_mkCHtbls.py
[2025-11-30T18:49:59.843+0000] {logging_mixin.py:188} INFO - [2025-11-30T18:49:59.843+0000] {dag.py:3036} INFO - Sync 1 DAGs
[2025-11-30T18:49:59.862+0000] {logging_mixin.py:188} INFO - [2025-11-30T18:49:59.862+0000] {dag.py:3823} INFO - Setting next_dagrun for fetch_data to 2025-11-30 00:00:00+00:00, run_after=2025-12-01 00:00:00+00:00
[2025-11-30T18:49:59.875+0000] {processor.py:183} INFO - Processing /opt/airflow/dags/01_data_fetch_mkCHtbls.py took 3.108 seconds
[2025-11-30T18:50:30.409+0000] {processor.py:161} INFO - Started process (PID=2658) to work on /opt/airflow/dags/01_data_fetch_mkCHtbls.py
[2025-11-30T18:50:30.411+0000] {processor.py:830} INFO - Processing file /opt/airflow/dags/01_data_fetch_mkCHtbls.py for tasks to queue
[2025-11-30T18:50:30.413+0000] {logging_mixin.py:188} INFO - [2025-11-30T18:50:30.412+0000] {dagbag.py:538} INFO - Filling up the DagBag from /opt/airflow/dags/01_data_fetch_mkCHtbls.py
[2025-11-30T18:50:33.184+0000] {processor.py:840} INFO - DAG(s) 'fetch_data' retrieved from /opt/airflow/dags/01_data_fetch_mkCHtbls.py
[2025-11-30T18:50:33.215+0000] {logging_mixin.py:188} INFO - [2025-11-30T18:50:33.215+0000] {dag.py:3036} INFO - Sync 1 DAGs
[2025-11-30T18:50:33.231+0000] {logging_mixin.py:188} INFO - [2025-11-30T18:50:33.231+0000] {dag.py:3823} INFO - Setting next_dagrun for fetch_data to 2025-11-30 00:00:00+00:00, run_after=2025-12-01 00:00:00+00:00
[2025-11-30T18:50:33.245+0000] {processor.py:183} INFO - Processing /opt/airflow/dags/01_data_fetch_mkCHtbls.py took 2.842 seconds
[2025-11-30T18:51:03.978+0000] {processor.py:161} INFO - Started process (PID=2723) to work on /opt/airflow/dags/01_data_fetch_mkCHtbls.py
[2025-11-30T18:51:03.980+0000] {processor.py:830} INFO - Processing file /opt/airflow/dags/01_data_fetch_mkCHtbls.py for tasks to queue
[2025-11-30T18:51:03.981+0000] {logging_mixin.py:188} INFO - [2025-11-30T18:51:03.981+0000] {dagbag.py:538} INFO - Filling up the DagBag from /opt/airflow/dags/01_data_fetch_mkCHtbls.py
[2025-11-30T18:51:07.192+0000] {processor.py:840} INFO - DAG(s) 'fetch_data' retrieved from /opt/airflow/dags/01_data_fetch_mkCHtbls.py
[2025-11-30T18:51:07.219+0000] {logging_mixin.py:188} INFO - [2025-11-30T18:51:07.219+0000] {dag.py:3036} INFO - Sync 1 DAGs
[2025-11-30T18:51:07.236+0000] {logging_mixin.py:188} INFO - [2025-11-30T18:51:07.236+0000] {dag.py:3823} INFO - Setting next_dagrun for fetch_data to 2025-11-30 00:00:00+00:00, run_after=2025-12-01 00:00:00+00:00
[2025-11-30T18:51:07.249+0000] {processor.py:183} INFO - Processing /opt/airflow/dags/01_data_fetch_mkCHtbls.py took 3.277 seconds
[2025-11-30T18:51:37.496+0000] {processor.py:161} INFO - Started process (PID=2788) to work on /opt/airflow/dags/01_data_fetch_mkCHtbls.py
[2025-11-30T18:51:37.497+0000] {processor.py:830} INFO - Processing file /opt/airflow/dags/01_data_fetch_mkCHtbls.py for tasks to queue
[2025-11-30T18:51:37.498+0000] {logging_mixin.py:188} INFO - [2025-11-30T18:51:37.498+0000] {dagbag.py:538} INFO - Filling up the DagBag from /opt/airflow/dags/01_data_fetch_mkCHtbls.py
[2025-11-30T18:51:40.363+0000] {processor.py:840} INFO - DAG(s) 'fetch_data' retrieved from /opt/airflow/dags/01_data_fetch_mkCHtbls.py
[2025-11-30T18:51:40.386+0000] {logging_mixin.py:188} INFO - [2025-11-30T18:51:40.386+0000] {dag.py:3036} INFO - Sync 1 DAGs
[2025-11-30T18:51:40.404+0000] {logging_mixin.py:188} INFO - [2025-11-30T18:51:40.404+0000] {dag.py:3823} INFO - Setting next_dagrun for fetch_data to 2025-11-30 00:00:00+00:00, run_after=2025-12-01 00:00:00+00:00
[2025-11-30T18:51:40.451+0000] {processor.py:183} INFO - Processing /opt/airflow/dags/01_data_fetch_mkCHtbls.py took 2.956 seconds
[2025-11-30T18:52:10.537+0000] {processor.py:161} INFO - Started process (PID=2872) to work on /opt/airflow/dags/01_data_fetch_mkCHtbls.py
[2025-11-30T18:52:10.538+0000] {processor.py:830} INFO - Processing file /opt/airflow/dags/01_data_fetch_mkCHtbls.py for tasks to queue
[2025-11-30T18:52:10.539+0000] {logging_mixin.py:188} INFO - [2025-11-30T18:52:10.538+0000] {dagbag.py:538} INFO - Filling up the DagBag from /opt/airflow/dags/01_data_fetch_mkCHtbls.py
[2025-11-30T18:52:13.236+0000] {processor.py:840} INFO - DAG(s) 'fetch_data' retrieved from /opt/airflow/dags/01_data_fetch_mkCHtbls.py
[2025-11-30T18:52:13.261+0000] {logging_mixin.py:188} INFO - [2025-11-30T18:52:13.260+0000] {dag.py:3036} INFO - Sync 1 DAGs
[2025-11-30T18:52:13.278+0000] {logging_mixin.py:188} INFO - [2025-11-30T18:52:13.278+0000] {dag.py:3823} INFO - Setting next_dagrun for fetch_data to 2025-11-30 00:00:00+00:00, run_after=2025-12-01 00:00:00+00:00
[2025-11-30T18:52:13.302+0000] {processor.py:183} INFO - Processing /opt/airflow/dags/01_data_fetch_mkCHtbls.py took 2.768 seconds
[2025-11-30T18:52:43.565+0000] {processor.py:161} INFO - Started process (PID=2939) to work on /opt/airflow/dags/01_data_fetch_mkCHtbls.py
[2025-11-30T18:52:43.565+0000] {processor.py:830} INFO - Processing file /opt/airflow/dags/01_data_fetch_mkCHtbls.py for tasks to queue
[2025-11-30T18:52:43.566+0000] {logging_mixin.py:188} INFO - [2025-11-30T18:52:43.566+0000] {dagbag.py:538} INFO - Filling up the DagBag from /opt/airflow/dags/01_data_fetch_mkCHtbls.py
[2025-11-30T18:52:46.437+0000] {processor.py:840} INFO - DAG(s) 'fetch_data' retrieved from /opt/airflow/dags/01_data_fetch_mkCHtbls.py
[2025-11-30T18:52:46.462+0000] {logging_mixin.py:188} INFO - [2025-11-30T18:52:46.462+0000] {dag.py:3036} INFO - Sync 1 DAGs
[2025-11-30T18:52:46.480+0000] {logging_mixin.py:188} INFO - [2025-11-30T18:52:46.480+0000] {dag.py:3823} INFO - Setting next_dagrun for fetch_data to 2025-11-30 00:00:00+00:00, run_after=2025-12-01 00:00:00+00:00
[2025-11-30T18:52:46.532+0000] {processor.py:183} INFO - Processing /opt/airflow/dags/01_data_fetch_mkCHtbls.py took 2.971 seconds
[2025-11-30T18:53:16.746+0000] {processor.py:161} INFO - Started process (PID=3004) to work on /opt/airflow/dags/01_data_fetch_mkCHtbls.py
[2025-11-30T18:53:16.747+0000] {processor.py:830} INFO - Processing file /opt/airflow/dags/01_data_fetch_mkCHtbls.py for tasks to queue
[2025-11-30T18:53:16.749+0000] {logging_mixin.py:188} INFO - [2025-11-30T18:53:16.749+0000] {dagbag.py:538} INFO - Filling up the DagBag from /opt/airflow/dags/01_data_fetch_mkCHtbls.py
[2025-11-30T18:53:19.551+0000] {processor.py:840} INFO - DAG(s) 'fetch_data' retrieved from /opt/airflow/dags/01_data_fetch_mkCHtbls.py
[2025-11-30T18:53:19.575+0000] {logging_mixin.py:188} INFO - [2025-11-30T18:53:19.574+0000] {dag.py:3036} INFO - Sync 1 DAGs
[2025-11-30T18:53:19.591+0000] {logging_mixin.py:188} INFO - [2025-11-30T18:53:19.590+0000] {dag.py:3823} INFO - Setting next_dagrun for fetch_data to 2025-11-30 00:00:00+00:00, run_after=2025-12-01 00:00:00+00:00
[2025-11-30T18:53:19.605+0000] {processor.py:183} INFO - Processing /opt/airflow/dags/01_data_fetch_mkCHtbls.py took 2.865 seconds
[2025-11-30T18:53:50.193+0000] {processor.py:161} INFO - Started process (PID=3069) to work on /opt/airflow/dags/01_data_fetch_mkCHtbls.py
[2025-11-30T18:53:50.195+0000] {processor.py:830} INFO - Processing file /opt/airflow/dags/01_data_fetch_mkCHtbls.py for tasks to queue
[2025-11-30T18:53:50.196+0000] {logging_mixin.py:188} INFO - [2025-11-30T18:53:50.196+0000] {dagbag.py:538} INFO - Filling up the DagBag from /opt/airflow/dags/01_data_fetch_mkCHtbls.py
[2025-11-30T18:53:53.071+0000] {processor.py:840} INFO - DAG(s) 'fetch_data' retrieved from /opt/airflow/dags/01_data_fetch_mkCHtbls.py
[2025-11-30T18:53:53.098+0000] {logging_mixin.py:188} INFO - [2025-11-30T18:53:53.097+0000] {dag.py:3036} INFO - Sync 1 DAGs
[2025-11-30T18:53:53.116+0000] {logging_mixin.py:188} INFO - [2025-11-30T18:53:53.116+0000] {dag.py:3823} INFO - Setting next_dagrun for fetch_data to 2025-11-30 00:00:00+00:00, run_after=2025-12-01 00:00:00+00:00
[2025-11-30T18:53:53.136+0000] {processor.py:183} INFO - Processing /opt/airflow/dags/01_data_fetch_mkCHtbls.py took 2.951 seconds
[2025-11-30T18:54:23.246+0000] {processor.py:161} INFO - Started process (PID=3134) to work on /opt/airflow/dags/01_data_fetch_mkCHtbls.py
[2025-11-30T18:54:23.247+0000] {processor.py:830} INFO - Processing file /opt/airflow/dags/01_data_fetch_mkCHtbls.py for tasks to queue
[2025-11-30T18:54:23.249+0000] {logging_mixin.py:188} INFO - [2025-11-30T18:54:23.248+0000] {dagbag.py:538} INFO - Filling up the DagBag from /opt/airflow/dags/01_data_fetch_mkCHtbls.py
[2025-11-30T18:54:26.060+0000] {processor.py:840} INFO - DAG(s) 'fetch_data' retrieved from /opt/airflow/dags/01_data_fetch_mkCHtbls.py
[2025-11-30T18:54:26.085+0000] {logging_mixin.py:188} INFO - [2025-11-30T18:54:26.085+0000] {dag.py:3036} INFO - Sync 1 DAGs
[2025-11-30T18:54:26.104+0000] {logging_mixin.py:188} INFO - [2025-11-30T18:54:26.104+0000] {dag.py:3823} INFO - Setting next_dagrun for fetch_data to 2025-11-30 00:00:00+00:00, run_after=2025-12-01 00:00:00+00:00
[2025-11-30T18:54:26.117+0000] {processor.py:183} INFO - Processing /opt/airflow/dags/01_data_fetch_mkCHtbls.py took 2.876 seconds
[2025-11-30T18:54:56.571+0000] {processor.py:161} INFO - Started process (PID=3199) to work on /opt/airflow/dags/01_data_fetch_mkCHtbls.py
[2025-11-30T18:54:56.572+0000] {processor.py:830} INFO - Processing file /opt/airflow/dags/01_data_fetch_mkCHtbls.py for tasks to queue
[2025-11-30T18:54:56.574+0000] {logging_mixin.py:188} INFO - [2025-11-30T18:54:56.573+0000] {dagbag.py:538} INFO - Filling up the DagBag from /opt/airflow/dags/01_data_fetch_mkCHtbls.py
[2025-11-30T18:54:59.473+0000] {processor.py:840} INFO - DAG(s) 'fetch_data' retrieved from /opt/airflow/dags/01_data_fetch_mkCHtbls.py
[2025-11-30T18:54:59.504+0000] {logging_mixin.py:188} INFO - [2025-11-30T18:54:59.504+0000] {dag.py:3036} INFO - Sync 1 DAGs
[2025-11-30T18:54:59.523+0000] {logging_mixin.py:188} INFO - [2025-11-30T18:54:59.522+0000] {dag.py:3823} INFO - Setting next_dagrun for fetch_data to 2025-11-30 00:00:00+00:00, run_after=2025-12-01 00:00:00+00:00
[2025-11-30T18:54:59.539+0000] {processor.py:183} INFO - Processing /opt/airflow/dags/01_data_fetch_mkCHtbls.py took 2.975 seconds
[2025-11-30T18:55:29.903+0000] {processor.py:161} INFO - Started process (PID=3264) to work on /opt/airflow/dags/01_data_fetch_mkCHtbls.py
[2025-11-30T18:55:29.904+0000] {processor.py:830} INFO - Processing file /opt/airflow/dags/01_data_fetch_mkCHtbls.py for tasks to queue
[2025-11-30T18:55:29.906+0000] {logging_mixin.py:188} INFO - [2025-11-30T18:55:29.905+0000] {dagbag.py:538} INFO - Filling up the DagBag from /opt/airflow/dags/01_data_fetch_mkCHtbls.py
[2025-11-30T18:55:32.688+0000] {processor.py:840} INFO - DAG(s) 'fetch_data' retrieved from /opt/airflow/dags/01_data_fetch_mkCHtbls.py
[2025-11-30T18:55:32.706+0000] {logging_mixin.py:188} INFO - [2025-11-30T18:55:32.706+0000] {dag.py:3036} INFO - Sync 1 DAGs
[2025-11-30T18:55:32.725+0000] {logging_mixin.py:188} INFO - [2025-11-30T18:55:32.725+0000] {dag.py:3823} INFO - Setting next_dagrun for fetch_data to 2025-11-30 00:00:00+00:00, run_after=2025-12-01 00:00:00+00:00
[2025-11-30T18:55:32.744+0000] {processor.py:183} INFO - Processing /opt/airflow/dags/01_data_fetch_mkCHtbls.py took 2.848 seconds
[2025-11-30T18:56:03.034+0000] {processor.py:161} INFO - Started process (PID=3332) to work on /opt/airflow/dags/01_data_fetch_mkCHtbls.py
[2025-11-30T18:56:03.035+0000] {processor.py:830} INFO - Processing file /opt/airflow/dags/01_data_fetch_mkCHtbls.py for tasks to queue
[2025-11-30T18:56:03.037+0000] {logging_mixin.py:188} INFO - [2025-11-30T18:56:03.036+0000] {dagbag.py:538} INFO - Filling up the DagBag from /opt/airflow/dags/01_data_fetch_mkCHtbls.py
[2025-11-30T18:56:06.018+0000] {processor.py:840} INFO - DAG(s) 'fetch_data' retrieved from /opt/airflow/dags/01_data_fetch_mkCHtbls.py
[2025-11-30T18:56:06.047+0000] {logging_mixin.py:188} INFO - [2025-11-30T18:56:06.047+0000] {dag.py:3036} INFO - Sync 1 DAGs
[2025-11-30T18:56:06.064+0000] {logging_mixin.py:188} INFO - [2025-11-30T18:56:06.064+0000] {dag.py:3823} INFO - Setting next_dagrun for fetch_data to 2025-11-30 00:00:00+00:00, run_after=2025-12-01 00:00:00+00:00
[2025-11-30T18:56:06.087+0000] {processor.py:183} INFO - Processing /opt/airflow/dags/01_data_fetch_mkCHtbls.py took 3.059 seconds
[2025-11-30T18:56:36.318+0000] {processor.py:161} INFO - Started process (PID=3414) to work on /opt/airflow/dags/01_data_fetch_mkCHtbls.py
[2025-11-30T18:56:36.320+0000] {processor.py:830} INFO - Processing file /opt/airflow/dags/01_data_fetch_mkCHtbls.py for tasks to queue
[2025-11-30T18:56:36.321+0000] {logging_mixin.py:188} INFO - [2025-11-30T18:56:36.321+0000] {dagbag.py:538} INFO - Filling up the DagBag from /opt/airflow/dags/01_data_fetch_mkCHtbls.py
[2025-11-30T18:56:39.063+0000] {processor.py:840} INFO - DAG(s) 'fetch_data' retrieved from /opt/airflow/dags/01_data_fetch_mkCHtbls.py
[2025-11-30T18:56:39.092+0000] {logging_mixin.py:188} INFO - [2025-11-30T18:56:39.091+0000] {dag.py:3036} INFO - Sync 1 DAGs
[2025-11-30T18:56:39.113+0000] {logging_mixin.py:188} INFO - [2025-11-30T18:56:39.112+0000] {dag.py:3823} INFO - Setting next_dagrun for fetch_data to 2025-11-30 00:00:00+00:00, run_after=2025-12-01 00:00:00+00:00
[2025-11-30T18:56:39.138+0000] {processor.py:183} INFO - Processing /opt/airflow/dags/01_data_fetch_mkCHtbls.py took 2.825 seconds
[2025-11-30T18:57:10.002+0000] {processor.py:161} INFO - Started process (PID=3479) to work on /opt/airflow/dags/01_data_fetch_mkCHtbls.py
[2025-11-30T18:57:10.003+0000] {processor.py:830} INFO - Processing file /opt/airflow/dags/01_data_fetch_mkCHtbls.py for tasks to queue
[2025-11-30T18:57:10.004+0000] {logging_mixin.py:188} INFO - [2025-11-30T18:57:10.004+0000] {dagbag.py:538} INFO - Filling up the DagBag from /opt/airflow/dags/01_data_fetch_mkCHtbls.py
[2025-11-30T18:57:12.799+0000] {processor.py:840} INFO - DAG(s) 'fetch_data' retrieved from /opt/airflow/dags/01_data_fetch_mkCHtbls.py
[2025-11-30T18:57:12.831+0000] {logging_mixin.py:188} INFO - [2025-11-30T18:57:12.830+0000] {dag.py:3036} INFO - Sync 1 DAGs
[2025-11-30T18:57:12.850+0000] {logging_mixin.py:188} INFO - [2025-11-30T18:57:12.850+0000] {dag.py:3823} INFO - Setting next_dagrun for fetch_data to 2025-11-30 00:00:00+00:00, run_after=2025-12-01 00:00:00+00:00
[2025-11-30T18:57:12.873+0000] {processor.py:183} INFO - Processing /opt/airflow/dags/01_data_fetch_mkCHtbls.py took 2.876 seconds
[2025-11-30T18:57:43.277+0000] {processor.py:161} INFO - Started process (PID=3544) to work on /opt/airflow/dags/01_data_fetch_mkCHtbls.py
[2025-11-30T18:57:43.279+0000] {processor.py:830} INFO - Processing file /opt/airflow/dags/01_data_fetch_mkCHtbls.py for tasks to queue
[2025-11-30T18:57:43.280+0000] {logging_mixin.py:188} INFO - [2025-11-30T18:57:43.279+0000] {dagbag.py:538} INFO - Filling up the DagBag from /opt/airflow/dags/01_data_fetch_mkCHtbls.py
[2025-11-30T18:57:46.116+0000] {processor.py:840} INFO - DAG(s) 'fetch_data' retrieved from /opt/airflow/dags/01_data_fetch_mkCHtbls.py
[2025-11-30T18:57:46.147+0000] {logging_mixin.py:188} INFO - [2025-11-30T18:57:46.146+0000] {dag.py:3036} INFO - Sync 1 DAGs
[2025-11-30T18:57:46.165+0000] {logging_mixin.py:188} INFO - [2025-11-30T18:57:46.164+0000] {dag.py:3823} INFO - Setting next_dagrun for fetch_data to 2025-11-30 00:00:00+00:00, run_after=2025-12-01 00:00:00+00:00
[2025-11-30T18:57:46.181+0000] {processor.py:183} INFO - Processing /opt/airflow/dags/01_data_fetch_mkCHtbls.py took 2.909 seconds
[2025-11-30T18:58:16.755+0000] {processor.py:161} INFO - Started process (PID=3609) to work on /opt/airflow/dags/01_data_fetch_mkCHtbls.py
[2025-11-30T18:58:16.756+0000] {processor.py:830} INFO - Processing file /opt/airflow/dags/01_data_fetch_mkCHtbls.py for tasks to queue
[2025-11-30T18:58:16.759+0000] {logging_mixin.py:188} INFO - [2025-11-30T18:58:16.757+0000] {dagbag.py:538} INFO - Filling up the DagBag from /opt/airflow/dags/01_data_fetch_mkCHtbls.py
[2025-11-30T18:58:19.752+0000] {processor.py:840} INFO - DAG(s) 'fetch_data' retrieved from /opt/airflow/dags/01_data_fetch_mkCHtbls.py
[2025-11-30T18:58:19.783+0000] {logging_mixin.py:188} INFO - [2025-11-30T18:58:19.782+0000] {dag.py:3036} INFO - Sync 1 DAGs
[2025-11-30T18:58:19.806+0000] {logging_mixin.py:188} INFO - [2025-11-30T18:58:19.806+0000] {dag.py:3823} INFO - Setting next_dagrun for fetch_data to 2025-11-30 00:00:00+00:00, run_after=2025-12-01 00:00:00+00:00
[2025-11-30T18:58:19.853+0000] {processor.py:183} INFO - Processing /opt/airflow/dags/01_data_fetch_mkCHtbls.py took 3.106 seconds
[2025-11-30T18:58:50.502+0000] {processor.py:161} INFO - Started process (PID=3674) to work on /opt/airflow/dags/01_data_fetch_mkCHtbls.py
[2025-11-30T18:58:50.504+0000] {processor.py:830} INFO - Processing file /opt/airflow/dags/01_data_fetch_mkCHtbls.py for tasks to queue
[2025-11-30T18:58:50.505+0000] {logging_mixin.py:188} INFO - [2025-11-30T18:58:50.504+0000] {dagbag.py:538} INFO - Filling up the DagBag from /opt/airflow/dags/01_data_fetch_mkCHtbls.py
[2025-11-30T18:58:53.243+0000] {processor.py:840} INFO - DAG(s) 'fetch_data' retrieved from /opt/airflow/dags/01_data_fetch_mkCHtbls.py
[2025-11-30T18:58:53.269+0000] {logging_mixin.py:188} INFO - [2025-11-30T18:58:53.269+0000] {dag.py:3036} INFO - Sync 1 DAGs
[2025-11-30T18:58:53.288+0000] {logging_mixin.py:188} INFO - [2025-11-30T18:58:53.287+0000] {dag.py:3823} INFO - Setting next_dagrun for fetch_data to 2025-11-30 00:00:00+00:00, run_after=2025-12-01 00:00:00+00:00
[2025-11-30T18:58:53.320+0000] {processor.py:183} INFO - Processing /opt/airflow/dags/01_data_fetch_mkCHtbls.py took 2.826 seconds
[2025-11-30T18:59:23.420+0000] {processor.py:161} INFO - Started process (PID=3742) to work on /opt/airflow/dags/01_data_fetch_mkCHtbls.py
[2025-11-30T18:59:23.421+0000] {processor.py:830} INFO - Processing file /opt/airflow/dags/01_data_fetch_mkCHtbls.py for tasks to queue
[2025-11-30T18:59:23.421+0000] {logging_mixin.py:188} INFO - [2025-11-30T18:59:23.421+0000] {dagbag.py:538} INFO - Filling up the DagBag from /opt/airflow/dags/01_data_fetch_mkCHtbls.py
[2025-11-30T18:59:26.328+0000] {processor.py:840} INFO - DAG(s) 'fetch_data' retrieved from /opt/airflow/dags/01_data_fetch_mkCHtbls.py
[2025-11-30T18:59:26.349+0000] {logging_mixin.py:188} INFO - [2025-11-30T18:59:26.349+0000] {dag.py:3036} INFO - Sync 1 DAGs
[2025-11-30T18:59:26.365+0000] {logging_mixin.py:188} INFO - [2025-11-30T18:59:26.365+0000] {dag.py:3823} INFO - Setting next_dagrun for fetch_data to 2025-11-30 00:00:00+00:00, run_after=2025-12-01 00:00:00+00:00
[2025-11-30T18:59:26.388+0000] {processor.py:183} INFO - Processing /opt/airflow/dags/01_data_fetch_mkCHtbls.py took 2.972 seconds
[2025-11-30T18:59:56.500+0000] {processor.py:161} INFO - Started process (PID=3825) to work on /opt/airflow/dags/01_data_fetch_mkCHtbls.py
[2025-11-30T18:59:56.502+0000] {processor.py:830} INFO - Processing file /opt/airflow/dags/01_data_fetch_mkCHtbls.py for tasks to queue
[2025-11-30T18:59:56.503+0000] {logging_mixin.py:188} INFO - [2025-11-30T18:59:56.503+0000] {dagbag.py:538} INFO - Filling up the DagBag from /opt/airflow/dags/01_data_fetch_mkCHtbls.py
[2025-11-30T18:59:59.602+0000] {processor.py:840} INFO - DAG(s) 'fetch_data' retrieved from /opt/airflow/dags/01_data_fetch_mkCHtbls.py
[2025-11-30T18:59:59.632+0000] {logging_mixin.py:188} INFO - [2025-11-30T18:59:59.632+0000] {dag.py:3036} INFO - Sync 1 DAGs
[2025-11-30T18:59:59.650+0000] {logging_mixin.py:188} INFO - [2025-11-30T18:59:59.650+0000] {dag.py:3823} INFO - Setting next_dagrun for fetch_data to 2025-11-30 00:00:00+00:00, run_after=2025-12-01 00:00:00+00:00
[2025-11-30T18:59:59.673+0000] {processor.py:183} INFO - Processing /opt/airflow/dags/01_data_fetch_mkCHtbls.py took 3.179 seconds
[2025-11-30T19:00:30.162+0000] {processor.py:161} INFO - Started process (PID=3890) to work on /opt/airflow/dags/01_data_fetch_mkCHtbls.py
[2025-11-30T19:00:30.163+0000] {processor.py:830} INFO - Processing file /opt/airflow/dags/01_data_fetch_mkCHtbls.py for tasks to queue
[2025-11-30T19:00:30.165+0000] {logging_mixin.py:188} INFO - [2025-11-30T19:00:30.164+0000] {dagbag.py:538} INFO - Filling up the DagBag from /opt/airflow/dags/01_data_fetch_mkCHtbls.py
[2025-11-30T19:00:32.902+0000] {processor.py:840} INFO - DAG(s) 'fetch_data' retrieved from /opt/airflow/dags/01_data_fetch_mkCHtbls.py
[2025-11-30T19:00:32.923+0000] {logging_mixin.py:188} INFO - [2025-11-30T19:00:32.923+0000] {dag.py:3036} INFO - Sync 1 DAGs
[2025-11-30T19:00:32.940+0000] {logging_mixin.py:188} INFO - [2025-11-30T19:00:32.939+0000] {dag.py:3823} INFO - Setting next_dagrun for fetch_data to 2025-11-30 00:00:00+00:00, run_after=2025-12-01 00:00:00+00:00
[2025-11-30T19:00:32.953+0000] {processor.py:183} INFO - Processing /opt/airflow/dags/01_data_fetch_mkCHtbls.py took 2.798 seconds
[2025-11-30T19:01:03.547+0000] {processor.py:161} INFO - Started process (PID=3955) to work on /opt/airflow/dags/01_data_fetch_mkCHtbls.py
[2025-11-30T19:01:03.549+0000] {processor.py:830} INFO - Processing file /opt/airflow/dags/01_data_fetch_mkCHtbls.py for tasks to queue
[2025-11-30T19:01:03.551+0000] {logging_mixin.py:188} INFO - [2025-11-30T19:01:03.550+0000] {dagbag.py:538} INFO - Filling up the DagBag from /opt/airflow/dags/01_data_fetch_mkCHtbls.py
[2025-11-30T19:01:06.472+0000] {processor.py:840} INFO - DAG(s) 'fetch_data' retrieved from /opt/airflow/dags/01_data_fetch_mkCHtbls.py
[2025-11-30T19:01:06.504+0000] {logging_mixin.py:188} INFO - [2025-11-30T19:01:06.504+0000] {dag.py:3036} INFO - Sync 1 DAGs
[2025-11-30T19:01:06.520+0000] {logging_mixin.py:188} INFO - [2025-11-30T19:01:06.520+0000] {dag.py:3823} INFO - Setting next_dagrun for fetch_data to 2025-11-30 00:00:00+00:00, run_after=2025-12-01 00:00:00+00:00
[2025-11-30T19:01:06.534+0000] {processor.py:183} INFO - Processing /opt/airflow/dags/01_data_fetch_mkCHtbls.py took 2.994 seconds
[2025-11-30T19:01:36.983+0000] {processor.py:161} INFO - Started process (PID=4020) to work on /opt/airflow/dags/01_data_fetch_mkCHtbls.py
[2025-11-30T19:01:36.984+0000] {processor.py:830} INFO - Processing file /opt/airflow/dags/01_data_fetch_mkCHtbls.py for tasks to queue
[2025-11-30T19:01:36.985+0000] {logging_mixin.py:188} INFO - [2025-11-30T19:01:36.985+0000] {dagbag.py:538} INFO - Filling up the DagBag from /opt/airflow/dags/01_data_fetch_mkCHtbls.py
[2025-11-30T19:01:39.762+0000] {processor.py:840} INFO - DAG(s) 'fetch_data' retrieved from /opt/airflow/dags/01_data_fetch_mkCHtbls.py
[2025-11-30T19:01:39.789+0000] {logging_mixin.py:188} INFO - [2025-11-30T19:01:39.789+0000] {dag.py:3036} INFO - Sync 1 DAGs
[2025-11-30T19:01:39.809+0000] {logging_mixin.py:188} INFO - [2025-11-30T19:01:39.809+0000] {dag.py:3823} INFO - Setting next_dagrun for fetch_data to 2025-11-30 00:00:00+00:00, run_after=2025-12-01 00:00:00+00:00
[2025-11-30T19:01:39.833+0000] {processor.py:183} INFO - Processing /opt/airflow/dags/01_data_fetch_mkCHtbls.py took 2.857 seconds
[2025-11-30T19:02:10.396+0000] {processor.py:161} INFO - Started process (PID=4105) to work on /opt/airflow/dags/01_data_fetch_mkCHtbls.py
[2025-11-30T19:02:10.397+0000] {processor.py:830} INFO - Processing file /opt/airflow/dags/01_data_fetch_mkCHtbls.py for tasks to queue
[2025-11-30T19:02:10.398+0000] {logging_mixin.py:188} INFO - [2025-11-30T19:02:10.398+0000] {dagbag.py:538} INFO - Filling up the DagBag from /opt/airflow/dags/01_data_fetch_mkCHtbls.py
[2025-11-30T19:02:13.188+0000] {processor.py:840} INFO - DAG(s) 'fetch_data' retrieved from /opt/airflow/dags/01_data_fetch_mkCHtbls.py
[2025-11-30T19:02:13.214+0000] {logging_mixin.py:188} INFO - [2025-11-30T19:02:13.214+0000] {dag.py:3036} INFO - Sync 1 DAGs
[2025-11-30T19:02:13.232+0000] {logging_mixin.py:188} INFO - [2025-11-30T19:02:13.231+0000] {dag.py:3823} INFO - Setting next_dagrun for fetch_data to 2025-11-30 00:00:00+00:00, run_after=2025-12-01 00:00:00+00:00
[2025-11-30T19:02:13.250+0000] {processor.py:183} INFO - Processing /opt/airflow/dags/01_data_fetch_mkCHtbls.py took 2.858 seconds
[2025-11-30T19:02:43.858+0000] {processor.py:161} INFO - Started process (PID=4170) to work on /opt/airflow/dags/01_data_fetch_mkCHtbls.py
[2025-11-30T19:02:43.860+0000] {processor.py:830} INFO - Processing file /opt/airflow/dags/01_data_fetch_mkCHtbls.py for tasks to queue
[2025-11-30T19:02:43.861+0000] {logging_mixin.py:188} INFO - [2025-11-30T19:02:43.861+0000] {dagbag.py:538} INFO - Filling up the DagBag from /opt/airflow/dags/01_data_fetch_mkCHtbls.py
[2025-11-30T19:02:46.985+0000] {processor.py:840} INFO - DAG(s) 'fetch_data' retrieved from /opt/airflow/dags/01_data_fetch_mkCHtbls.py
[2025-11-30T19:02:47.015+0000] {logging_mixin.py:188} INFO - [2025-11-30T19:02:47.015+0000] {dag.py:3036} INFO - Sync 1 DAGs
[2025-11-30T19:02:47.034+0000] {logging_mixin.py:188} INFO - [2025-11-30T19:02:47.034+0000] {dag.py:3823} INFO - Setting next_dagrun for fetch_data to 2025-11-30 00:00:00+00:00, run_after=2025-12-01 00:00:00+00:00
[2025-11-30T19:02:47.063+0000] {processor.py:183} INFO - Processing /opt/airflow/dags/01_data_fetch_mkCHtbls.py took 3.211 seconds
[2025-11-30T19:03:17.312+0000] {processor.py:161} INFO - Started process (PID=4235) to work on /opt/airflow/dags/01_data_fetch_mkCHtbls.py
[2025-11-30T19:03:17.313+0000] {processor.py:830} INFO - Processing file /opt/airflow/dags/01_data_fetch_mkCHtbls.py for tasks to queue
[2025-11-30T19:03:17.314+0000] {logging_mixin.py:188} INFO - [2025-11-30T19:03:17.313+0000] {dagbag.py:538} INFO - Filling up the DagBag from /opt/airflow/dags/01_data_fetch_mkCHtbls.py
[2025-11-30T19:03:20.055+0000] {processor.py:840} INFO - DAG(s) 'fetch_data' retrieved from /opt/airflow/dags/01_data_fetch_mkCHtbls.py
[2025-11-30T19:03:20.088+0000] {logging_mixin.py:188} INFO - [2025-11-30T19:03:20.088+0000] {dag.py:3036} INFO - Sync 1 DAGs
[2025-11-30T19:03:20.104+0000] {logging_mixin.py:188} INFO - [2025-11-30T19:03:20.104+0000] {dag.py:3823} INFO - Setting next_dagrun for fetch_data to 2025-11-30 00:00:00+00:00, run_after=2025-12-01 00:00:00+00:00
[2025-11-30T19:03:20.129+0000] {processor.py:183} INFO - Processing /opt/airflow/dags/01_data_fetch_mkCHtbls.py took 2.820 seconds
[2025-11-30T19:03:50.776+0000] {processor.py:161} INFO - Started process (PID=4300) to work on /opt/airflow/dags/01_data_fetch_mkCHtbls.py
[2025-11-30T19:03:50.777+0000] {processor.py:830} INFO - Processing file /opt/airflow/dags/01_data_fetch_mkCHtbls.py for tasks to queue
[2025-11-30T19:03:50.778+0000] {logging_mixin.py:188} INFO - [2025-11-30T19:03:50.778+0000] {dagbag.py:538} INFO - Filling up the DagBag from /opt/airflow/dags/01_data_fetch_mkCHtbls.py
[2025-11-30T19:03:53.550+0000] {processor.py:840} INFO - DAG(s) 'fetch_data' retrieved from /opt/airflow/dags/01_data_fetch_mkCHtbls.py
[2025-11-30T19:03:53.574+0000] {logging_mixin.py:188} INFO - [2025-11-30T19:03:53.573+0000] {dag.py:3036} INFO - Sync 1 DAGs
[2025-11-30T19:03:53.589+0000] {logging_mixin.py:188} INFO - [2025-11-30T19:03:53.589+0000] {dag.py:3823} INFO - Setting next_dagrun for fetch_data to 2025-11-30 00:00:00+00:00, run_after=2025-12-01 00:00:00+00:00
[2025-11-30T19:03:53.613+0000] {processor.py:183} INFO - Processing /opt/airflow/dags/01_data_fetch_mkCHtbls.py took 2.842 seconds
[2025-11-30T19:04:24.254+0000] {processor.py:161} INFO - Started process (PID=4365) to work on /opt/airflow/dags/01_data_fetch_mkCHtbls.py
[2025-11-30T19:04:24.256+0000] {processor.py:830} INFO - Processing file /opt/airflow/dags/01_data_fetch_mkCHtbls.py for tasks to queue
[2025-11-30T19:04:24.258+0000] {logging_mixin.py:188} INFO - [2025-11-30T19:04:24.257+0000] {dagbag.py:538} INFO - Filling up the DagBag from /opt/airflow/dags/01_data_fetch_mkCHtbls.py
[2025-11-30T19:04:27.211+0000] {processor.py:840} INFO - DAG(s) 'fetch_data' retrieved from /opt/airflow/dags/01_data_fetch_mkCHtbls.py
[2025-11-30T19:04:27.244+0000] {logging_mixin.py:188} INFO - [2025-11-30T19:04:27.243+0000] {dag.py:3036} INFO - Sync 1 DAGs
[2025-11-30T19:04:27.262+0000] {logging_mixin.py:188} INFO - [2025-11-30T19:04:27.261+0000] {dag.py:3823} INFO - Setting next_dagrun for fetch_data to 2025-11-30 00:00:00+00:00, run_after=2025-12-01 00:00:00+00:00
[2025-11-30T19:04:27.274+0000] {processor.py:183} INFO - Processing /opt/airflow/dags/01_data_fetch_mkCHtbls.py took 3.028 seconds
[2025-11-30T19:04:57.545+0000] {processor.py:161} INFO - Started process (PID=4430) to work on /opt/airflow/dags/01_data_fetch_mkCHtbls.py
[2025-11-30T19:04:57.546+0000] {processor.py:830} INFO - Processing file /opt/airflow/dags/01_data_fetch_mkCHtbls.py for tasks to queue
[2025-11-30T19:04:57.548+0000] {logging_mixin.py:188} INFO - [2025-11-30T19:04:57.548+0000] {dagbag.py:538} INFO - Filling up the DagBag from /opt/airflow/dags/01_data_fetch_mkCHtbls.py
[2025-11-30T19:05:00.359+0000] {processor.py:840} INFO - DAG(s) 'fetch_data' retrieved from /opt/airflow/dags/01_data_fetch_mkCHtbls.py
[2025-11-30T19:05:00.387+0000] {logging_mixin.py:188} INFO - [2025-11-30T19:05:00.387+0000] {dag.py:3036} INFO - Sync 1 DAGs
[2025-11-30T19:05:00.404+0000] {logging_mixin.py:188} INFO - [2025-11-30T19:05:00.403+0000] {dag.py:3823} INFO - Setting next_dagrun for fetch_data to 2025-11-30 00:00:00+00:00, run_after=2025-12-01 00:00:00+00:00
[2025-11-30T19:05:00.439+0000] {processor.py:183} INFO - Processing /opt/airflow/dags/01_data_fetch_mkCHtbls.py took 2.901 seconds
[2025-11-30T19:05:31.030+0000] {processor.py:161} INFO - Started process (PID=4495) to work on /opt/airflow/dags/01_data_fetch_mkCHtbls.py
[2025-11-30T19:05:31.031+0000] {processor.py:830} INFO - Processing file /opt/airflow/dags/01_data_fetch_mkCHtbls.py for tasks to queue
[2025-11-30T19:05:31.034+0000] {logging_mixin.py:188} INFO - [2025-11-30T19:05:31.032+0000] {dagbag.py:538} INFO - Filling up the DagBag from /opt/airflow/dags/01_data_fetch_mkCHtbls.py
[2025-11-30T19:05:33.775+0000] {processor.py:840} INFO - DAG(s) 'fetch_data' retrieved from /opt/airflow/dags/01_data_fetch_mkCHtbls.py
[2025-11-30T19:05:33.803+0000] {logging_mixin.py:188} INFO - [2025-11-30T19:05:33.803+0000] {dag.py:3036} INFO - Sync 1 DAGs
[2025-11-30T19:05:33.819+0000] {logging_mixin.py:188} INFO - [2025-11-30T19:05:33.819+0000] {dag.py:3823} INFO - Setting next_dagrun for fetch_data to 2025-11-30 00:00:00+00:00, run_after=2025-12-01 00:00:00+00:00
[2025-11-30T19:05:33.845+0000] {processor.py:183} INFO - Processing /opt/airflow/dags/01_data_fetch_mkCHtbls.py took 2.823 seconds
