[2025-11-30T08:53:08.476+0000] {processor.py:161} INFO - Started process (PID=18333) to work on /opt/airflow/dags/02_minio_to_duckdb.py
[2025-11-30T08:53:08.478+0000] {processor.py:830} INFO - Processing file /opt/airflow/dags/02_minio_to_duckdb.py for tasks to queue
[2025-11-30T08:53:08.480+0000] {logging_mixin.py:188} INFO - [2025-11-30T08:53:08.479+0000] {dagbag.py:538} INFO - Filling up the DagBag from /opt/airflow/dags/02_minio_to_duckdb.py
[2025-11-30T08:53:08.742+0000] {processor.py:840} INFO - DAG(s) 'minio_to_duckdb_pipeline' retrieved from /opt/airflow/dags/02_minio_to_duckdb.py
[2025-11-30T08:53:08.808+0000] {logging_mixin.py:188} INFO - [2025-11-30T08:53:08.808+0000] {dag.py:3036} INFO - Sync 1 DAGs
[2025-11-30T08:53:08.836+0000] {logging_mixin.py:188} INFO - [2025-11-30T08:53:08.835+0000] {dag.py:3823} INFO - Setting next_dagrun for minio_to_duckdb_pipeline to None, run_after=None
[2025-11-30T08:53:08.890+0000] {processor.py:183} INFO - Processing /opt/airflow/dags/02_minio_to_duckdb.py took 0.425 seconds
[2025-11-30T08:53:39.159+0000] {processor.py:161} INFO - Started process (PID=18437) to work on /opt/airflow/dags/02_minio_to_duckdb.py
[2025-11-30T08:53:39.163+0000] {processor.py:830} INFO - Processing file /opt/airflow/dags/02_minio_to_duckdb.py for tasks to queue
[2025-11-30T08:53:39.167+0000] {logging_mixin.py:188} INFO - [2025-11-30T08:53:39.166+0000] {dagbag.py:538} INFO - Filling up the DagBag from /opt/airflow/dags/02_minio_to_duckdb.py
[2025-11-30T08:53:39.460+0000] {processor.py:840} INFO - DAG(s) 'minio_to_duckdb_pipeline' retrieved from /opt/airflow/dags/02_minio_to_duckdb.py
[2025-11-30T08:53:39.529+0000] {logging_mixin.py:188} INFO - [2025-11-30T08:53:39.528+0000] {dag.py:3036} INFO - Sync 1 DAGs
[2025-11-30T08:53:39.551+0000] {logging_mixin.py:188} INFO - [2025-11-30T08:53:39.550+0000] {dag.py:3823} INFO - Setting next_dagrun for minio_to_duckdb_pipeline to None, run_after=None
[2025-11-30T08:53:39.615+0000] {processor.py:183} INFO - Processing /opt/airflow/dags/02_minio_to_duckdb.py took 0.469 seconds
[2025-11-30T08:54:09.891+0000] {processor.py:161} INFO - Started process (PID=18590) to work on /opt/airflow/dags/02_minio_to_duckdb.py
[2025-11-30T08:54:09.893+0000] {processor.py:830} INFO - Processing file /opt/airflow/dags/02_minio_to_duckdb.py for tasks to queue
[2025-11-30T08:54:09.895+0000] {logging_mixin.py:188} INFO - [2025-11-30T08:54:09.894+0000] {dagbag.py:538} INFO - Filling up the DagBag from /opt/airflow/dags/02_minio_to_duckdb.py
[2025-11-30T08:54:10.084+0000] {processor.py:840} INFO - DAG(s) 'minio_to_duckdb_pipeline' retrieved from /opt/airflow/dags/02_minio_to_duckdb.py
[2025-11-30T08:54:10.140+0000] {logging_mixin.py:188} INFO - [2025-11-30T08:54:10.140+0000] {dag.py:3036} INFO - Sync 1 DAGs
[2025-11-30T08:54:10.163+0000] {logging_mixin.py:188} INFO - [2025-11-30T08:54:10.163+0000] {dag.py:3823} INFO - Setting next_dagrun for minio_to_duckdb_pipeline to None, run_after=None
[2025-11-30T08:54:10.214+0000] {processor.py:183} INFO - Processing /opt/airflow/dags/02_minio_to_duckdb.py took 0.331 seconds
[2025-11-30T08:54:40.540+0000] {processor.py:161} INFO - Started process (PID=18655) to work on /opt/airflow/dags/02_minio_to_duckdb.py
[2025-11-30T08:54:40.542+0000] {processor.py:830} INFO - Processing file /opt/airflow/dags/02_minio_to_duckdb.py for tasks to queue
[2025-11-30T08:54:40.545+0000] {logging_mixin.py:188} INFO - [2025-11-30T08:54:40.544+0000] {dagbag.py:538} INFO - Filling up the DagBag from /opt/airflow/dags/02_minio_to_duckdb.py
[2025-11-30T08:54:40.715+0000] {processor.py:840} INFO - DAG(s) 'minio_to_duckdb_pipeline' retrieved from /opt/airflow/dags/02_minio_to_duckdb.py
[2025-11-30T08:54:40.763+0000] {logging_mixin.py:188} INFO - [2025-11-30T08:54:40.762+0000] {dag.py:3036} INFO - Sync 1 DAGs
[2025-11-30T08:54:40.787+0000] {logging_mixin.py:188} INFO - [2025-11-30T08:54:40.787+0000] {dag.py:3823} INFO - Setting next_dagrun for minio_to_duckdb_pipeline to None, run_after=None
[2025-11-30T08:54:40.838+0000] {processor.py:183} INFO - Processing /opt/airflow/dags/02_minio_to_duckdb.py took 0.305 seconds
[2025-11-30T08:55:10.965+0000] {processor.py:161} INFO - Started process (PID=18720) to work on /opt/airflow/dags/02_minio_to_duckdb.py
[2025-11-30T08:55:10.968+0000] {processor.py:830} INFO - Processing file /opt/airflow/dags/02_minio_to_duckdb.py for tasks to queue
[2025-11-30T08:55:10.971+0000] {logging_mixin.py:188} INFO - [2025-11-30T08:55:10.970+0000] {dagbag.py:538} INFO - Filling up the DagBag from /opt/airflow/dags/02_minio_to_duckdb.py
[2025-11-30T08:55:11.158+0000] {processor.py:840} INFO - DAG(s) 'minio_to_duckdb_pipeline' retrieved from /opt/airflow/dags/02_minio_to_duckdb.py
[2025-11-30T08:55:11.215+0000] {logging_mixin.py:188} INFO - [2025-11-30T08:55:11.215+0000] {dag.py:3036} INFO - Sync 1 DAGs
[2025-11-30T08:55:11.256+0000] {logging_mixin.py:188} INFO - [2025-11-30T08:55:11.255+0000] {dag.py:3823} INFO - Setting next_dagrun for minio_to_duckdb_pipeline to None, run_after=None
[2025-11-30T08:55:11.313+0000] {processor.py:183} INFO - Processing /opt/airflow/dags/02_minio_to_duckdb.py took 0.357 seconds
[2025-11-30T08:55:41.394+0000] {processor.py:161} INFO - Started process (PID=18785) to work on /opt/airflow/dags/02_minio_to_duckdb.py
[2025-11-30T08:55:41.396+0000] {processor.py:830} INFO - Processing file /opt/airflow/dags/02_minio_to_duckdb.py for tasks to queue
[2025-11-30T08:55:41.398+0000] {logging_mixin.py:188} INFO - [2025-11-30T08:55:41.398+0000] {dagbag.py:538} INFO - Filling up the DagBag from /opt/airflow/dags/02_minio_to_duckdb.py
[2025-11-30T08:55:41.568+0000] {processor.py:840} INFO - DAG(s) 'minio_to_duckdb_pipeline' retrieved from /opt/airflow/dags/02_minio_to_duckdb.py
[2025-11-30T08:55:41.624+0000] {logging_mixin.py:188} INFO - [2025-11-30T08:55:41.623+0000] {dag.py:3036} INFO - Sync 1 DAGs
[2025-11-30T08:55:41.650+0000] {logging_mixin.py:188} INFO - [2025-11-30T08:55:41.650+0000] {dag.py:3823} INFO - Setting next_dagrun for minio_to_duckdb_pipeline to None, run_after=None
[2025-11-30T08:55:41.701+0000] {processor.py:183} INFO - Processing /opt/airflow/dags/02_minio_to_duckdb.py took 0.315 seconds
[2025-11-30T08:56:12.096+0000] {processor.py:161} INFO - Started process (PID=18850) to work on /opt/airflow/dags/02_minio_to_duckdb.py
[2025-11-30T08:56:12.098+0000] {processor.py:830} INFO - Processing file /opt/airflow/dags/02_minio_to_duckdb.py for tasks to queue
[2025-11-30T08:56:12.101+0000] {logging_mixin.py:188} INFO - [2025-11-30T08:56:12.100+0000] {dagbag.py:538} INFO - Filling up the DagBag from /opt/airflow/dags/02_minio_to_duckdb.py
[2025-11-30T08:56:12.269+0000] {processor.py:840} INFO - DAG(s) 'minio_to_duckdb_pipeline' retrieved from /opt/airflow/dags/02_minio_to_duckdb.py
[2025-11-30T08:56:12.323+0000] {logging_mixin.py:188} INFO - [2025-11-30T08:56:12.322+0000] {dag.py:3036} INFO - Sync 1 DAGs
[2025-11-30T08:56:12.346+0000] {logging_mixin.py:188} INFO - [2025-11-30T08:56:12.346+0000] {dag.py:3823} INFO - Setting next_dagrun for minio_to_duckdb_pipeline to None, run_after=None
[2025-11-30T08:56:12.397+0000] {processor.py:183} INFO - Processing /opt/airflow/dags/02_minio_to_duckdb.py took 0.307 seconds
[2025-11-30T08:56:42.711+0000] {processor.py:161} INFO - Started process (PID=18912) to work on /opt/airflow/dags/02_minio_to_duckdb.py
[2025-11-30T08:56:42.713+0000] {processor.py:830} INFO - Processing file /opt/airflow/dags/02_minio_to_duckdb.py for tasks to queue
[2025-11-30T08:56:42.715+0000] {logging_mixin.py:188} INFO - [2025-11-30T08:56:42.715+0000] {dagbag.py:538} INFO - Filling up the DagBag from /opt/airflow/dags/02_minio_to_duckdb.py
[2025-11-30T08:56:42.867+0000] {processor.py:840} INFO - DAG(s) 'minio_to_duckdb_pipeline' retrieved from /opt/airflow/dags/02_minio_to_duckdb.py
[2025-11-30T08:56:42.909+0000] {logging_mixin.py:188} INFO - [2025-11-30T08:56:42.908+0000] {dag.py:3036} INFO - Sync 1 DAGs
[2025-11-30T08:56:42.929+0000] {logging_mixin.py:188} INFO - [2025-11-30T08:56:42.929+0000] {dag.py:3823} INFO - Setting next_dagrun for minio_to_duckdb_pipeline to None, run_after=None
[2025-11-30T08:56:42.977+0000] {processor.py:183} INFO - Processing /opt/airflow/dags/02_minio_to_duckdb.py took 0.270 seconds
[2025-11-30T08:57:13.294+0000] {processor.py:161} INFO - Started process (PID=18956) to work on /opt/airflow/dags/02_minio_to_duckdb.py
[2025-11-30T08:57:13.295+0000] {processor.py:830} INFO - Processing file /opt/airflow/dags/02_minio_to_duckdb.py for tasks to queue
[2025-11-30T08:57:13.297+0000] {logging_mixin.py:188} INFO - [2025-11-30T08:57:13.297+0000] {dagbag.py:538} INFO - Filling up the DagBag from /opt/airflow/dags/02_minio_to_duckdb.py
[2025-11-30T08:57:13.511+0000] {processor.py:840} INFO - DAG(s) 'minio_to_duckdb_pipeline' retrieved from /opt/airflow/dags/02_minio_to_duckdb.py
[2025-11-30T08:57:13.586+0000] {logging_mixin.py:188} INFO - [2025-11-30T08:57:13.585+0000] {dag.py:3036} INFO - Sync 1 DAGs
[2025-11-30T08:57:13.616+0000] {logging_mixin.py:188} INFO - [2025-11-30T08:57:13.615+0000] {dag.py:3823} INFO - Setting next_dagrun for minio_to_duckdb_pipeline to None, run_after=None
[2025-11-30T08:57:13.679+0000] {processor.py:183} INFO - Processing /opt/airflow/dags/02_minio_to_duckdb.py took 0.390 seconds
[2025-11-30T08:57:43.796+0000] {processor.py:161} INFO - Started process (PID=19021) to work on /opt/airflow/dags/02_minio_to_duckdb.py
[2025-11-30T08:57:43.800+0000] {processor.py:830} INFO - Processing file /opt/airflow/dags/02_minio_to_duckdb.py for tasks to queue
[2025-11-30T08:57:43.804+0000] {logging_mixin.py:188} INFO - [2025-11-30T08:57:43.803+0000] {dagbag.py:538} INFO - Filling up the DagBag from /opt/airflow/dags/02_minio_to_duckdb.py
[2025-11-30T08:57:44.061+0000] {processor.py:840} INFO - DAG(s) 'minio_to_duckdb_pipeline' retrieved from /opt/airflow/dags/02_minio_to_duckdb.py
[2025-11-30T08:57:44.148+0000] {logging_mixin.py:188} INFO - [2025-11-30T08:57:44.147+0000] {dag.py:3036} INFO - Sync 1 DAGs
[2025-11-30T08:57:44.211+0000] {logging_mixin.py:188} INFO - [2025-11-30T08:57:44.210+0000] {dag.py:3823} INFO - Setting next_dagrun for minio_to_duckdb_pipeline to None, run_after=None
[2025-11-30T08:57:44.303+0000] {processor.py:183} INFO - Processing /opt/airflow/dags/02_minio_to_duckdb.py took 0.521 seconds
[2025-11-30T08:58:14.874+0000] {processor.py:161} INFO - Started process (PID=19086) to work on /opt/airflow/dags/02_minio_to_duckdb.py
[2025-11-30T08:58:14.878+0000] {processor.py:830} INFO - Processing file /opt/airflow/dags/02_minio_to_duckdb.py for tasks to queue
[2025-11-30T08:58:14.884+0000] {logging_mixin.py:188} INFO - [2025-11-30T08:58:14.882+0000] {dagbag.py:538} INFO - Filling up the DagBag from /opt/airflow/dags/02_minio_to_duckdb.py
[2025-11-30T08:58:15.105+0000] {processor.py:840} INFO - DAG(s) 'minio_to_duckdb_pipeline' retrieved from /opt/airflow/dags/02_minio_to_duckdb.py
[2025-11-30T08:58:15.169+0000] {logging_mixin.py:188} INFO - [2025-11-30T08:58:15.169+0000] {dag.py:3036} INFO - Sync 1 DAGs
[2025-11-30T08:58:15.197+0000] {logging_mixin.py:188} INFO - [2025-11-30T08:58:15.197+0000] {dag.py:3823} INFO - Setting next_dagrun for minio_to_duckdb_pipeline to None, run_after=None
[2025-11-30T08:58:15.250+0000] {processor.py:183} INFO - Processing /opt/airflow/dags/02_minio_to_duckdb.py took 0.391 seconds
[2025-11-30T08:58:46.218+0000] {processor.py:161} INFO - Started process (PID=19151) to work on /opt/airflow/dags/02_minio_to_duckdb.py
[2025-11-30T08:58:46.220+0000] {processor.py:830} INFO - Processing file /opt/airflow/dags/02_minio_to_duckdb.py for tasks to queue
[2025-11-30T08:58:46.223+0000] {logging_mixin.py:188} INFO - [2025-11-30T08:58:46.222+0000] {dagbag.py:538} INFO - Filling up the DagBag from /opt/airflow/dags/02_minio_to_duckdb.py
[2025-11-30T08:58:46.439+0000] {processor.py:840} INFO - DAG(s) 'minio_to_duckdb_pipeline' retrieved from /opt/airflow/dags/02_minio_to_duckdb.py
[2025-11-30T08:58:46.509+0000] {logging_mixin.py:188} INFO - [2025-11-30T08:58:46.509+0000] {dag.py:3036} INFO - Sync 1 DAGs
[2025-11-30T08:58:46.544+0000] {logging_mixin.py:188} INFO - [2025-11-30T08:58:46.544+0000] {dag.py:3823} INFO - Setting next_dagrun for minio_to_duckdb_pipeline to None, run_after=None
[2025-11-30T08:58:46.592+0000] {processor.py:183} INFO - Processing /opt/airflow/dags/02_minio_to_duckdb.py took 0.383 seconds
[2025-11-30T08:59:16.914+0000] {processor.py:161} INFO - Started process (PID=19216) to work on /opt/airflow/dags/02_minio_to_duckdb.py
[2025-11-30T08:59:16.916+0000] {processor.py:830} INFO - Processing file /opt/airflow/dags/02_minio_to_duckdb.py for tasks to queue
[2025-11-30T08:59:16.918+0000] {logging_mixin.py:188} INFO - [2025-11-30T08:59:16.918+0000] {dagbag.py:538} INFO - Filling up the DagBag from /opt/airflow/dags/02_minio_to_duckdb.py
[2025-11-30T08:59:17.122+0000] {processor.py:840} INFO - DAG(s) 'minio_to_duckdb_pipeline' retrieved from /opt/airflow/dags/02_minio_to_duckdb.py
[2025-11-30T08:59:17.171+0000] {logging_mixin.py:188} INFO - [2025-11-30T08:59:17.170+0000] {dag.py:3036} INFO - Sync 1 DAGs
[2025-11-30T08:59:17.196+0000] {logging_mixin.py:188} INFO - [2025-11-30T08:59:17.196+0000] {dag.py:3823} INFO - Setting next_dagrun for minio_to_duckdb_pipeline to None, run_after=None
[2025-11-30T08:59:17.248+0000] {processor.py:183} INFO - Processing /opt/airflow/dags/02_minio_to_duckdb.py took 0.340 seconds
[2025-11-30T08:59:47.528+0000] {processor.py:161} INFO - Started process (PID=19281) to work on /opt/airflow/dags/02_minio_to_duckdb.py
[2025-11-30T08:59:47.532+0000] {processor.py:830} INFO - Processing file /opt/airflow/dags/02_minio_to_duckdb.py for tasks to queue
[2025-11-30T08:59:47.536+0000] {logging_mixin.py:188} INFO - [2025-11-30T08:59:47.535+0000] {dagbag.py:538} INFO - Filling up the DagBag from /opt/airflow/dags/02_minio_to_duckdb.py
[2025-11-30T08:59:47.708+0000] {processor.py:840} INFO - DAG(s) 'minio_to_duckdb_pipeline' retrieved from /opt/airflow/dags/02_minio_to_duckdb.py
[2025-11-30T08:59:47.783+0000] {logging_mixin.py:188} INFO - [2025-11-30T08:59:47.782+0000] {dag.py:3036} INFO - Sync 1 DAGs
[2025-11-30T08:59:47.815+0000] {logging_mixin.py:188} INFO - [2025-11-30T08:59:47.814+0000] {dag.py:3823} INFO - Setting next_dagrun for minio_to_duckdb_pipeline to None, run_after=None
[2025-11-30T08:59:47.856+0000] {processor.py:183} INFO - Processing /opt/airflow/dags/02_minio_to_duckdb.py took 0.336 seconds
[2025-11-30T09:00:18.747+0000] {processor.py:161} INFO - Started process (PID=19346) to work on /opt/airflow/dags/02_minio_to_duckdb.py
[2025-11-30T09:00:18.749+0000] {processor.py:830} INFO - Processing file /opt/airflow/dags/02_minio_to_duckdb.py for tasks to queue
[2025-11-30T09:00:18.751+0000] {logging_mixin.py:188} INFO - [2025-11-30T09:00:18.750+0000] {dagbag.py:538} INFO - Filling up the DagBag from /opt/airflow/dags/02_minio_to_duckdb.py
[2025-11-30T09:00:18.925+0000] {processor.py:840} INFO - DAG(s) 'minio_to_duckdb_pipeline' retrieved from /opt/airflow/dags/02_minio_to_duckdb.py
[2025-11-30T09:00:18.976+0000] {logging_mixin.py:188} INFO - [2025-11-30T09:00:18.976+0000] {dag.py:3036} INFO - Sync 1 DAGs
[2025-11-30T09:00:19.001+0000] {logging_mixin.py:188} INFO - [2025-11-30T09:00:19.000+0000] {dag.py:3823} INFO - Setting next_dagrun for minio_to_duckdb_pipeline to None, run_after=None
[2025-11-30T09:00:19.053+0000] {processor.py:183} INFO - Processing /opt/airflow/dags/02_minio_to_duckdb.py took 0.313 seconds
[2025-11-30T09:00:49.443+0000] {processor.py:161} INFO - Started process (PID=19408) to work on /opt/airflow/dags/02_minio_to_duckdb.py
[2025-11-30T09:00:49.448+0000] {processor.py:830} INFO - Processing file /opt/airflow/dags/02_minio_to_duckdb.py for tasks to queue
[2025-11-30T09:00:49.454+0000] {logging_mixin.py:188} INFO - [2025-11-30T09:00:49.451+0000] {dagbag.py:538} INFO - Filling up the DagBag from /opt/airflow/dags/02_minio_to_duckdb.py
[2025-11-30T09:00:49.772+0000] {processor.py:840} INFO - DAG(s) 'minio_to_duckdb_pipeline' retrieved from /opt/airflow/dags/02_minio_to_duckdb.py
[2025-11-30T09:00:49.835+0000] {logging_mixin.py:188} INFO - [2025-11-30T09:00:49.835+0000] {dag.py:3036} INFO - Sync 1 DAGs
[2025-11-30T09:00:49.864+0000] {logging_mixin.py:188} INFO - [2025-11-30T09:00:49.863+0000] {dag.py:3823} INFO - Setting next_dagrun for minio_to_duckdb_pipeline to None, run_after=None
[2025-11-30T09:00:49.901+0000] {processor.py:183} INFO - Processing /opt/airflow/dags/02_minio_to_duckdb.py took 0.476 seconds
[2025-11-30T09:01:20.608+0000] {processor.py:161} INFO - Started process (PID=19455) to work on /opt/airflow/dags/02_minio_to_duckdb.py
[2025-11-30T09:01:20.611+0000] {processor.py:830} INFO - Processing file /opt/airflow/dags/02_minio_to_duckdb.py for tasks to queue
[2025-11-30T09:01:20.615+0000] {logging_mixin.py:188} INFO - [2025-11-30T09:01:20.614+0000] {dagbag.py:538} INFO - Filling up the DagBag from /opt/airflow/dags/02_minio_to_duckdb.py
[2025-11-30T09:01:20.793+0000] {processor.py:840} INFO - DAG(s) 'minio_to_duckdb_pipeline' retrieved from /opt/airflow/dags/02_minio_to_duckdb.py
[2025-11-30T09:01:20.834+0000] {logging_mixin.py:188} INFO - [2025-11-30T09:01:20.834+0000] {dag.py:3036} INFO - Sync 1 DAGs
[2025-11-30T09:01:20.852+0000] {logging_mixin.py:188} INFO - [2025-11-30T09:01:20.852+0000] {dag.py:3823} INFO - Setting next_dagrun for minio_to_duckdb_pipeline to None, run_after=None
[2025-11-30T09:01:20.891+0000] {processor.py:183} INFO - Processing /opt/airflow/dags/02_minio_to_duckdb.py took 0.293 seconds
[2025-11-30T09:01:51.181+0000] {processor.py:161} INFO - Started process (PID=19517) to work on /opt/airflow/dags/02_minio_to_duckdb.py
[2025-11-30T09:01:51.183+0000] {processor.py:830} INFO - Processing file /opt/airflow/dags/02_minio_to_duckdb.py for tasks to queue
[2025-11-30T09:01:51.185+0000] {logging_mixin.py:188} INFO - [2025-11-30T09:01:51.184+0000] {dagbag.py:538} INFO - Filling up the DagBag from /opt/airflow/dags/02_minio_to_duckdb.py
[2025-11-30T09:01:51.359+0000] {processor.py:840} INFO - DAG(s) 'minio_to_duckdb_pipeline' retrieved from /opt/airflow/dags/02_minio_to_duckdb.py
[2025-11-30T09:01:51.428+0000] {logging_mixin.py:188} INFO - [2025-11-30T09:01:51.428+0000] {dag.py:3036} INFO - Sync 1 DAGs
[2025-11-30T09:01:51.448+0000] {logging_mixin.py:188} INFO - [2025-11-30T09:01:51.448+0000] {dag.py:3823} INFO - Setting next_dagrun for minio_to_duckdb_pipeline to None, run_after=None
[2025-11-30T09:01:51.489+0000] {processor.py:183} INFO - Processing /opt/airflow/dags/02_minio_to_duckdb.py took 0.313 seconds
[2025-11-30T09:02:21.825+0000] {processor.py:161} INFO - Started process (PID=19582) to work on /opt/airflow/dags/02_minio_to_duckdb.py
[2025-11-30T09:02:21.828+0000] {processor.py:830} INFO - Processing file /opt/airflow/dags/02_minio_to_duckdb.py for tasks to queue
[2025-11-30T09:02:21.830+0000] {logging_mixin.py:188} INFO - [2025-11-30T09:02:21.829+0000] {dagbag.py:538} INFO - Filling up the DagBag from /opt/airflow/dags/02_minio_to_duckdb.py
[2025-11-30T09:02:22.007+0000] {processor.py:840} INFO - DAG(s) 'minio_to_duckdb_pipeline' retrieved from /opt/airflow/dags/02_minio_to_duckdb.py
[2025-11-30T09:02:22.058+0000] {logging_mixin.py:188} INFO - [2025-11-30T09:02:22.058+0000] {dag.py:3036} INFO - Sync 1 DAGs
[2025-11-30T09:02:22.079+0000] {logging_mixin.py:188} INFO - [2025-11-30T09:02:22.079+0000] {dag.py:3823} INFO - Setting next_dagrun for minio_to_duckdb_pipeline to None, run_after=None
[2025-11-30T09:02:22.121+0000] {processor.py:183} INFO - Processing /opt/airflow/dags/02_minio_to_duckdb.py took 0.302 seconds
[2025-11-30T09:02:52.243+0000] {processor.py:161} INFO - Started process (PID=19647) to work on /opt/airflow/dags/02_minio_to_duckdb.py
[2025-11-30T09:02:52.245+0000] {processor.py:830} INFO - Processing file /opt/airflow/dags/02_minio_to_duckdb.py for tasks to queue
[2025-11-30T09:02:52.247+0000] {logging_mixin.py:188} INFO - [2025-11-30T09:02:52.247+0000] {dagbag.py:538} INFO - Filling up the DagBag from /opt/airflow/dags/02_minio_to_duckdb.py
[2025-11-30T09:02:52.461+0000] {processor.py:840} INFO - DAG(s) 'minio_to_duckdb_pipeline' retrieved from /opt/airflow/dags/02_minio_to_duckdb.py
[2025-11-30T09:02:52.523+0000] {logging_mixin.py:188} INFO - [2025-11-30T09:02:52.523+0000] {dag.py:3036} INFO - Sync 1 DAGs
[2025-11-30T09:02:52.551+0000] {logging_mixin.py:188} INFO - [2025-11-30T09:02:52.550+0000] {dag.py:3823} INFO - Setting next_dagrun for minio_to_duckdb_pipeline to None, run_after=None
[2025-11-30T09:02:52.607+0000] {processor.py:183} INFO - Processing /opt/airflow/dags/02_minio_to_duckdb.py took 0.372 seconds
[2025-11-30T09:03:22.969+0000] {processor.py:161} INFO - Started process (PID=19712) to work on /opt/airflow/dags/02_minio_to_duckdb.py
[2025-11-30T09:03:22.970+0000] {processor.py:830} INFO - Processing file /opt/airflow/dags/02_minio_to_duckdb.py for tasks to queue
[2025-11-30T09:03:22.972+0000] {logging_mixin.py:188} INFO - [2025-11-30T09:03:22.972+0000] {dagbag.py:538} INFO - Filling up the DagBag from /opt/airflow/dags/02_minio_to_duckdb.py
[2025-11-30T09:03:23.154+0000] {processor.py:840} INFO - DAG(s) 'minio_to_duckdb_pipeline' retrieved from /opt/airflow/dags/02_minio_to_duckdb.py
[2025-11-30T09:03:23.205+0000] {logging_mixin.py:188} INFO - [2025-11-30T09:03:23.204+0000] {dag.py:3036} INFO - Sync 1 DAGs
[2025-11-30T09:03:23.236+0000] {logging_mixin.py:188} INFO - [2025-11-30T09:03:23.236+0000] {dag.py:3823} INFO - Setting next_dagrun for minio_to_duckdb_pipeline to None, run_after=None
[2025-11-30T09:03:23.288+0000] {processor.py:183} INFO - Processing /opt/airflow/dags/02_minio_to_duckdb.py took 0.326 seconds
[2025-11-30T09:03:53.496+0000] {processor.py:161} INFO - Started process (PID=19777) to work on /opt/airflow/dags/02_minio_to_duckdb.py
[2025-11-30T09:03:53.499+0000] {processor.py:830} INFO - Processing file /opt/airflow/dags/02_minio_to_duckdb.py for tasks to queue
[2025-11-30T09:03:53.505+0000] {logging_mixin.py:188} INFO - [2025-11-30T09:03:53.503+0000] {dagbag.py:538} INFO - Filling up the DagBag from /opt/airflow/dags/02_minio_to_duckdb.py
[2025-11-30T09:03:53.693+0000] {processor.py:840} INFO - DAG(s) 'minio_to_duckdb_pipeline' retrieved from /opt/airflow/dags/02_minio_to_duckdb.py
[2025-11-30T09:03:53.776+0000] {logging_mixin.py:188} INFO - [2025-11-30T09:03:53.775+0000] {dag.py:3036} INFO - Sync 1 DAGs
[2025-11-30T09:03:53.824+0000] {logging_mixin.py:188} INFO - [2025-11-30T09:03:53.823+0000] {dag.py:3823} INFO - Setting next_dagrun for minio_to_duckdb_pipeline to None, run_after=None
[2025-11-30T09:03:53.917+0000] {processor.py:183} INFO - Processing /opt/airflow/dags/02_minio_to_duckdb.py took 0.430 seconds
[2025-11-30T09:04:24.279+0000] {processor.py:161} INFO - Started process (PID=19842) to work on /opt/airflow/dags/02_minio_to_duckdb.py
[2025-11-30T09:04:24.280+0000] {processor.py:830} INFO - Processing file /opt/airflow/dags/02_minio_to_duckdb.py for tasks to queue
[2025-11-30T09:04:24.282+0000] {logging_mixin.py:188} INFO - [2025-11-30T09:04:24.282+0000] {dagbag.py:538} INFO - Filling up the DagBag from /opt/airflow/dags/02_minio_to_duckdb.py
[2025-11-30T09:04:24.478+0000] {processor.py:840} INFO - DAG(s) 'minio_to_duckdb_pipeline' retrieved from /opt/airflow/dags/02_minio_to_duckdb.py
[2025-11-30T09:04:24.545+0000] {logging_mixin.py:188} INFO - [2025-11-30T09:04:24.545+0000] {dag.py:3036} INFO - Sync 1 DAGs
[2025-11-30T09:04:24.572+0000] {logging_mixin.py:188} INFO - [2025-11-30T09:04:24.571+0000] {dag.py:3823} INFO - Setting next_dagrun for minio_to_duckdb_pipeline to None, run_after=None
[2025-11-30T09:04:24.624+0000] {processor.py:183} INFO - Processing /opt/airflow/dags/02_minio_to_duckdb.py took 0.351 seconds
[2025-11-30T09:04:54.896+0000] {processor.py:161} INFO - Started process (PID=19904) to work on /opt/airflow/dags/02_minio_to_duckdb.py
[2025-11-30T09:04:54.898+0000] {processor.py:830} INFO - Processing file /opt/airflow/dags/02_minio_to_duckdb.py for tasks to queue
[2025-11-30T09:04:54.900+0000] {logging_mixin.py:188} INFO - [2025-11-30T09:04:54.899+0000] {dagbag.py:538} INFO - Filling up the DagBag from /opt/airflow/dags/02_minio_to_duckdb.py
[2025-11-30T09:04:55.084+0000] {processor.py:840} INFO - DAG(s) 'minio_to_duckdb_pipeline' retrieved from /opt/airflow/dags/02_minio_to_duckdb.py
[2025-11-30T09:04:55.151+0000] {logging_mixin.py:188} INFO - [2025-11-30T09:04:55.151+0000] {dag.py:3036} INFO - Sync 1 DAGs
[2025-11-30T09:04:55.187+0000] {logging_mixin.py:188} INFO - [2025-11-30T09:04:55.187+0000] {dag.py:3823} INFO - Setting next_dagrun for minio_to_duckdb_pipeline to None, run_after=None
[2025-11-30T09:04:55.241+0000] {processor.py:183} INFO - Processing /opt/airflow/dags/02_minio_to_duckdb.py took 0.350 seconds
[2025-11-30T09:05:26.024+0000] {processor.py:161} INFO - Started process (PID=19951) to work on /opt/airflow/dags/02_minio_to_duckdb.py
[2025-11-30T09:05:26.026+0000] {processor.py:830} INFO - Processing file /opt/airflow/dags/02_minio_to_duckdb.py for tasks to queue
[2025-11-30T09:05:26.028+0000] {logging_mixin.py:188} INFO - [2025-11-30T09:05:26.027+0000] {dagbag.py:538} INFO - Filling up the DagBag from /opt/airflow/dags/02_minio_to_duckdb.py
[2025-11-30T09:05:26.240+0000] {processor.py:840} INFO - DAG(s) 'minio_to_duckdb_pipeline' retrieved from /opt/airflow/dags/02_minio_to_duckdb.py
[2025-11-30T09:05:26.307+0000] {logging_mixin.py:188} INFO - [2025-11-30T09:05:26.306+0000] {dag.py:3036} INFO - Sync 1 DAGs
[2025-11-30T09:05:26.337+0000] {logging_mixin.py:188} INFO - [2025-11-30T09:05:26.337+0000] {dag.py:3823} INFO - Setting next_dagrun for minio_to_duckdb_pipeline to None, run_after=None
[2025-11-30T09:05:26.376+0000] {processor.py:183} INFO - Processing /opt/airflow/dags/02_minio_to_duckdb.py took 0.358 seconds
[2025-11-30T09:05:56.696+0000] {processor.py:161} INFO - Started process (PID=20013) to work on /opt/airflow/dags/02_minio_to_duckdb.py
[2025-11-30T09:05:56.698+0000] {processor.py:830} INFO - Processing file /opt/airflow/dags/02_minio_to_duckdb.py for tasks to queue
[2025-11-30T09:05:56.699+0000] {logging_mixin.py:188} INFO - [2025-11-30T09:05:56.699+0000] {dagbag.py:538} INFO - Filling up the DagBag from /opt/airflow/dags/02_minio_to_duckdb.py
[2025-11-30T09:05:56.859+0000] {processor.py:840} INFO - DAG(s) 'minio_to_duckdb_pipeline' retrieved from /opt/airflow/dags/02_minio_to_duckdb.py
[2025-11-30T09:05:56.901+0000] {logging_mixin.py:188} INFO - [2025-11-30T09:05:56.901+0000] {dag.py:3036} INFO - Sync 1 DAGs
[2025-11-30T09:05:56.922+0000] {logging_mixin.py:188} INFO - [2025-11-30T09:05:56.921+0000] {dag.py:3823} INFO - Setting next_dagrun for minio_to_duckdb_pipeline to None, run_after=None
[2025-11-30T09:05:56.974+0000] {processor.py:183} INFO - Processing /opt/airflow/dags/02_minio_to_duckdb.py took 0.283 seconds
[2025-11-30T09:06:27.242+0000] {processor.py:161} INFO - Started process (PID=20078) to work on /opt/airflow/dags/02_minio_to_duckdb.py
[2025-11-30T09:06:27.244+0000] {processor.py:830} INFO - Processing file /opt/airflow/dags/02_minio_to_duckdb.py for tasks to queue
[2025-11-30T09:06:27.247+0000] {logging_mixin.py:188} INFO - [2025-11-30T09:06:27.246+0000] {dagbag.py:538} INFO - Filling up the DagBag from /opt/airflow/dags/02_minio_to_duckdb.py
[2025-11-30T09:06:27.414+0000] {processor.py:840} INFO - DAG(s) 'minio_to_duckdb_pipeline' retrieved from /opt/airflow/dags/02_minio_to_duckdb.py
[2025-11-30T09:06:27.466+0000] {logging_mixin.py:188} INFO - [2025-11-30T09:06:27.465+0000] {dag.py:3036} INFO - Sync 1 DAGs
[2025-11-30T09:06:27.485+0000] {logging_mixin.py:188} INFO - [2025-11-30T09:06:27.484+0000] {dag.py:3823} INFO - Setting next_dagrun for minio_to_duckdb_pipeline to None, run_after=None
[2025-11-30T09:06:27.524+0000] {processor.py:183} INFO - Processing /opt/airflow/dags/02_minio_to_duckdb.py took 0.289 seconds
[2025-11-30T09:06:57.780+0000] {processor.py:161} INFO - Started process (PID=20143) to work on /opt/airflow/dags/02_minio_to_duckdb.py
[2025-11-30T09:06:57.782+0000] {processor.py:830} INFO - Processing file /opt/airflow/dags/02_minio_to_duckdb.py for tasks to queue
[2025-11-30T09:06:57.785+0000] {logging_mixin.py:188} INFO - [2025-11-30T09:06:57.784+0000] {dagbag.py:538} INFO - Filling up the DagBag from /opt/airflow/dags/02_minio_to_duckdb.py
[2025-11-30T09:06:57.955+0000] {processor.py:840} INFO - DAG(s) 'minio_to_duckdb_pipeline' retrieved from /opt/airflow/dags/02_minio_to_duckdb.py
[2025-11-30T09:06:58.014+0000] {logging_mixin.py:188} INFO - [2025-11-30T09:06:58.014+0000] {dag.py:3036} INFO - Sync 1 DAGs
[2025-11-30T09:06:58.041+0000] {logging_mixin.py:188} INFO - [2025-11-30T09:06:58.040+0000] {dag.py:3823} INFO - Setting next_dagrun for minio_to_duckdb_pipeline to None, run_after=None
[2025-11-30T09:06:58.089+0000] {processor.py:183} INFO - Processing /opt/airflow/dags/02_minio_to_duckdb.py took 0.316 seconds
[2025-11-30T09:07:28.427+0000] {processor.py:161} INFO - Started process (PID=20208) to work on /opt/airflow/dags/02_minio_to_duckdb.py
[2025-11-30T09:07:28.429+0000] {processor.py:830} INFO - Processing file /opt/airflow/dags/02_minio_to_duckdb.py for tasks to queue
[2025-11-30T09:07:28.433+0000] {logging_mixin.py:188} INFO - [2025-11-30T09:07:28.432+0000] {dagbag.py:538} INFO - Filling up the DagBag from /opt/airflow/dags/02_minio_to_duckdb.py
[2025-11-30T09:07:28.691+0000] {processor.py:840} INFO - DAG(s) 'minio_to_duckdb_pipeline' retrieved from /opt/airflow/dags/02_minio_to_duckdb.py
[2025-11-30T09:07:28.745+0000] {logging_mixin.py:188} INFO - [2025-11-30T09:07:28.744+0000] {dag.py:3036} INFO - Sync 1 DAGs
[2025-11-30T09:07:28.773+0000] {logging_mixin.py:188} INFO - [2025-11-30T09:07:28.772+0000] {dag.py:3823} INFO - Setting next_dagrun for minio_to_duckdb_pipeline to None, run_after=None
[2025-11-30T09:07:28.827+0000] {processor.py:183} INFO - Processing /opt/airflow/dags/02_minio_to_duckdb.py took 0.411 seconds
[2025-11-30T09:07:59.025+0000] {processor.py:161} INFO - Started process (PID=20273) to work on /opt/airflow/dags/02_minio_to_duckdb.py
[2025-11-30T09:07:59.027+0000] {processor.py:830} INFO - Processing file /opt/airflow/dags/02_minio_to_duckdb.py for tasks to queue
[2025-11-30T09:07:59.030+0000] {logging_mixin.py:188} INFO - [2025-11-30T09:07:59.029+0000] {dagbag.py:538} INFO - Filling up the DagBag from /opt/airflow/dags/02_minio_to_duckdb.py
[2025-11-30T09:07:59.223+0000] {processor.py:840} INFO - DAG(s) 'minio_to_duckdb_pipeline' retrieved from /opt/airflow/dags/02_minio_to_duckdb.py
[2025-11-30T09:07:59.289+0000] {logging_mixin.py:188} INFO - [2025-11-30T09:07:59.288+0000] {dag.py:3036} INFO - Sync 1 DAGs
[2025-11-30T09:07:59.324+0000] {logging_mixin.py:188} INFO - [2025-11-30T09:07:59.323+0000] {dag.py:3823} INFO - Setting next_dagrun for minio_to_duckdb_pipeline to None, run_after=None
[2025-11-30T09:07:59.380+0000] {processor.py:183} INFO - Processing /opt/airflow/dags/02_minio_to_duckdb.py took 0.361 seconds
[2025-11-30T09:08:29.711+0000] {processor.py:161} INFO - Started process (PID=20338) to work on /opt/airflow/dags/02_minio_to_duckdb.py
[2025-11-30T09:08:29.713+0000] {processor.py:830} INFO - Processing file /opt/airflow/dags/02_minio_to_duckdb.py for tasks to queue
[2025-11-30T09:08:29.716+0000] {logging_mixin.py:188} INFO - [2025-11-30T09:08:29.715+0000] {dagbag.py:538} INFO - Filling up the DagBag from /opt/airflow/dags/02_minio_to_duckdb.py
[2025-11-30T09:08:29.885+0000] {processor.py:840} INFO - DAG(s) 'minio_to_duckdb_pipeline' retrieved from /opt/airflow/dags/02_minio_to_duckdb.py
[2025-11-30T09:08:29.936+0000] {logging_mixin.py:188} INFO - [2025-11-30T09:08:29.935+0000] {dag.py:3036} INFO - Sync 1 DAGs
[2025-11-30T09:08:29.963+0000] {logging_mixin.py:188} INFO - [2025-11-30T09:08:29.962+0000] {dag.py:3823} INFO - Setting next_dagrun for minio_to_duckdb_pipeline to None, run_after=None
[2025-11-30T09:08:30.015+0000] {processor.py:183} INFO - Processing /opt/airflow/dags/02_minio_to_duckdb.py took 0.311 seconds
[2025-11-30T09:09:00.997+0000] {processor.py:161} INFO - Started process (PID=20403) to work on /opt/airflow/dags/02_minio_to_duckdb.py
[2025-11-30T09:09:00.999+0000] {processor.py:830} INFO - Processing file /opt/airflow/dags/02_minio_to_duckdb.py for tasks to queue
[2025-11-30T09:09:01.002+0000] {logging_mixin.py:188} INFO - [2025-11-30T09:09:01.001+0000] {dagbag.py:538} INFO - Filling up the DagBag from /opt/airflow/dags/02_minio_to_duckdb.py
[2025-11-30T09:09:01.177+0000] {processor.py:840} INFO - DAG(s) 'minio_to_duckdb_pipeline' retrieved from /opt/airflow/dags/02_minio_to_duckdb.py
[2025-11-30T09:09:01.227+0000] {logging_mixin.py:188} INFO - [2025-11-30T09:09:01.227+0000] {dag.py:3036} INFO - Sync 1 DAGs
[2025-11-30T09:09:01.254+0000] {logging_mixin.py:188} INFO - [2025-11-30T09:09:01.253+0000] {dag.py:3823} INFO - Setting next_dagrun for minio_to_duckdb_pipeline to None, run_after=None
[2025-11-30T09:09:01.302+0000] {processor.py:183} INFO - Processing /opt/airflow/dags/02_minio_to_duckdb.py took 0.312 seconds
[2025-11-30T09:09:31.619+0000] {processor.py:161} INFO - Started process (PID=20465) to work on /opt/airflow/dags/02_minio_to_duckdb.py
[2025-11-30T09:09:31.621+0000] {processor.py:830} INFO - Processing file /opt/airflow/dags/02_minio_to_duckdb.py for tasks to queue
[2025-11-30T09:09:31.623+0000] {logging_mixin.py:188} INFO - [2025-11-30T09:09:31.622+0000] {dagbag.py:538} INFO - Filling up the DagBag from /opt/airflow/dags/02_minio_to_duckdb.py
[2025-11-30T09:09:31.778+0000] {processor.py:840} INFO - DAG(s) 'minio_to_duckdb_pipeline' retrieved from /opt/airflow/dags/02_minio_to_duckdb.py
[2025-11-30T09:09:31.823+0000] {logging_mixin.py:188} INFO - [2025-11-30T09:09:31.822+0000] {dag.py:3036} INFO - Sync 1 DAGs
[2025-11-30T09:09:31.841+0000] {logging_mixin.py:188} INFO - [2025-11-30T09:09:31.840+0000] {dag.py:3823} INFO - Setting next_dagrun for minio_to_duckdb_pipeline to None, run_after=None
[2025-11-30T09:09:31.884+0000] {processor.py:183} INFO - Processing /opt/airflow/dags/02_minio_to_duckdb.py took 0.270 seconds
[2025-11-30T09:10:02.159+0000] {processor.py:161} INFO - Started process (PID=20509) to work on /opt/airflow/dags/02_minio_to_duckdb.py
[2025-11-30T09:10:02.160+0000] {processor.py:830} INFO - Processing file /opt/airflow/dags/02_minio_to_duckdb.py for tasks to queue
[2025-11-30T09:10:02.162+0000] {logging_mixin.py:188} INFO - [2025-11-30T09:10:02.162+0000] {dagbag.py:538} INFO - Filling up the DagBag from /opt/airflow/dags/02_minio_to_duckdb.py
[2025-11-30T09:10:02.296+0000] {processor.py:840} INFO - DAG(s) 'minio_to_duckdb_pipeline' retrieved from /opt/airflow/dags/02_minio_to_duckdb.py
[2025-11-30T09:10:02.346+0000] {logging_mixin.py:188} INFO - [2025-11-30T09:10:02.346+0000] {dag.py:3036} INFO - Sync 1 DAGs
[2025-11-30T09:10:02.372+0000] {logging_mixin.py:188} INFO - [2025-11-30T09:10:02.372+0000] {dag.py:3823} INFO - Setting next_dagrun for minio_to_duckdb_pipeline to None, run_after=None
[2025-11-30T09:10:02.422+0000] {processor.py:183} INFO - Processing /opt/airflow/dags/02_minio_to_duckdb.py took 0.267 seconds
[2025-11-30T09:10:32.757+0000] {processor.py:161} INFO - Started process (PID=20574) to work on /opt/airflow/dags/02_minio_to_duckdb.py
[2025-11-30T09:10:32.759+0000] {processor.py:830} INFO - Processing file /opt/airflow/dags/02_minio_to_duckdb.py for tasks to queue
[2025-11-30T09:10:32.761+0000] {logging_mixin.py:188} INFO - [2025-11-30T09:10:32.760+0000] {dagbag.py:538} INFO - Filling up the DagBag from /opt/airflow/dags/02_minio_to_duckdb.py
[2025-11-30T09:10:32.932+0000] {processor.py:840} INFO - DAG(s) 'minio_to_duckdb_pipeline' retrieved from /opt/airflow/dags/02_minio_to_duckdb.py
[2025-11-30T09:10:32.974+0000] {logging_mixin.py:188} INFO - [2025-11-30T09:10:32.973+0000] {dag.py:3036} INFO - Sync 1 DAGs
[2025-11-30T09:10:32.998+0000] {logging_mixin.py:188} INFO - [2025-11-30T09:10:32.998+0000] {dag.py:3823} INFO - Setting next_dagrun for minio_to_duckdb_pipeline to None, run_after=None
[2025-11-30T09:10:33.041+0000] {processor.py:183} INFO - Processing /opt/airflow/dags/02_minio_to_duckdb.py took 0.290 seconds
[2025-11-30T09:11:03.357+0000] {processor.py:161} INFO - Started process (PID=20639) to work on /opt/airflow/dags/02_minio_to_duckdb.py
[2025-11-30T09:11:03.361+0000] {processor.py:830} INFO - Processing file /opt/airflow/dags/02_minio_to_duckdb.py for tasks to queue
[2025-11-30T09:11:03.364+0000] {logging_mixin.py:188} INFO - [2025-11-30T09:11:03.363+0000] {dagbag.py:538} INFO - Filling up the DagBag from /opt/airflow/dags/02_minio_to_duckdb.py
[2025-11-30T09:11:03.744+0000] {processor.py:840} INFO - DAG(s) 'minio_to_duckdb_pipeline' retrieved from /opt/airflow/dags/02_minio_to_duckdb.py
[2025-11-30T09:11:03.877+0000] {logging_mixin.py:188} INFO - [2025-11-30T09:11:03.875+0000] {dag.py:3036} INFO - Sync 1 DAGs
[2025-11-30T09:11:03.932+0000] {logging_mixin.py:188} INFO - [2025-11-30T09:11:03.931+0000] {dag.py:3823} INFO - Setting next_dagrun for minio_to_duckdb_pipeline to None, run_after=None
[2025-11-30T09:11:04.038+0000] {processor.py:183} INFO - Processing /opt/airflow/dags/02_minio_to_duckdb.py took 0.689 seconds
[2025-11-30T09:11:34.312+0000] {processor.py:161} INFO - Started process (PID=20704) to work on /opt/airflow/dags/02_minio_to_duckdb.py
[2025-11-30T09:11:34.314+0000] {processor.py:830} INFO - Processing file /opt/airflow/dags/02_minio_to_duckdb.py for tasks to queue
[2025-11-30T09:11:34.317+0000] {logging_mixin.py:188} INFO - [2025-11-30T09:11:34.316+0000] {dagbag.py:538} INFO - Filling up the DagBag from /opt/airflow/dags/02_minio_to_duckdb.py
[2025-11-30T09:11:34.474+0000] {processor.py:840} INFO - DAG(s) 'minio_to_duckdb_pipeline' retrieved from /opt/airflow/dags/02_minio_to_duckdb.py
[2025-11-30T09:11:34.533+0000] {logging_mixin.py:188} INFO - [2025-11-30T09:11:34.532+0000] {dag.py:3036} INFO - Sync 1 DAGs
[2025-11-30T09:11:34.555+0000] {logging_mixin.py:188} INFO - [2025-11-30T09:11:34.555+0000] {dag.py:3823} INFO - Setting next_dagrun for minio_to_duckdb_pipeline to None, run_after=None
[2025-11-30T09:11:34.637+0000] {processor.py:183} INFO - Processing /opt/airflow/dags/02_minio_to_duckdb.py took 0.331 seconds
[2025-11-30T09:12:04.837+0000] {processor.py:161} INFO - Started process (PID=20769) to work on /opt/airflow/dags/02_minio_to_duckdb.py
[2025-11-30T09:12:04.838+0000] {processor.py:830} INFO - Processing file /opt/airflow/dags/02_minio_to_duckdb.py for tasks to queue
[2025-11-30T09:12:04.840+0000] {logging_mixin.py:188} INFO - [2025-11-30T09:12:04.839+0000] {dagbag.py:538} INFO - Filling up the DagBag from /opt/airflow/dags/02_minio_to_duckdb.py
[2025-11-30T09:12:04.998+0000] {processor.py:840} INFO - DAG(s) 'minio_to_duckdb_pipeline' retrieved from /opt/airflow/dags/02_minio_to_duckdb.py
[2025-11-30T09:12:05.055+0000] {logging_mixin.py:188} INFO - [2025-11-30T09:12:05.055+0000] {dag.py:3036} INFO - Sync 1 DAGs
[2025-11-30T09:12:05.080+0000] {logging_mixin.py:188} INFO - [2025-11-30T09:12:05.079+0000] {dag.py:3823} INFO - Setting next_dagrun for minio_to_duckdb_pipeline to None, run_after=None
[2025-11-30T09:12:05.134+0000] {processor.py:183} INFO - Processing /opt/airflow/dags/02_minio_to_duckdb.py took 0.303 seconds
[2025-11-30T09:12:35.460+0000] {processor.py:161} INFO - Started process (PID=20834) to work on /opt/airflow/dags/02_minio_to_duckdb.py
[2025-11-30T09:12:35.463+0000] {processor.py:830} INFO - Processing file /opt/airflow/dags/02_minio_to_duckdb.py for tasks to queue
[2025-11-30T09:12:35.466+0000] {logging_mixin.py:188} INFO - [2025-11-30T09:12:35.465+0000] {dagbag.py:538} INFO - Filling up the DagBag from /opt/airflow/dags/02_minio_to_duckdb.py
[2025-11-30T09:12:35.682+0000] {processor.py:840} INFO - DAG(s) 'minio_to_duckdb_pipeline' retrieved from /opt/airflow/dags/02_minio_to_duckdb.py
[2025-11-30T09:12:35.873+0000] {logging_mixin.py:188} INFO - [2025-11-30T09:12:35.872+0000] {dag.py:3036} INFO - Sync 1 DAGs
[2025-11-30T09:12:35.913+0000] {logging_mixin.py:188} INFO - [2025-11-30T09:12:35.912+0000] {dag.py:3823} INFO - Setting next_dagrun for minio_to_duckdb_pipeline to None, run_after=None
[2025-11-30T09:12:35.979+0000] {processor.py:183} INFO - Processing /opt/airflow/dags/02_minio_to_duckdb.py took 0.527 seconds
[2025-11-30T09:13:06.255+0000] {processor.py:161} INFO - Started process (PID=20899) to work on /opt/airflow/dags/02_minio_to_duckdb.py
[2025-11-30T09:13:06.257+0000] {processor.py:830} INFO - Processing file /opt/airflow/dags/02_minio_to_duckdb.py for tasks to queue
[2025-11-30T09:13:06.262+0000] {logging_mixin.py:188} INFO - [2025-11-30T09:13:06.260+0000] {dagbag.py:538} INFO - Filling up the DagBag from /opt/airflow/dags/02_minio_to_duckdb.py
[2025-11-30T09:13:06.506+0000] {processor.py:840} INFO - DAG(s) 'minio_to_duckdb_pipeline' retrieved from /opt/airflow/dags/02_minio_to_duckdb.py
[2025-11-30T09:13:06.565+0000] {logging_mixin.py:188} INFO - [2025-11-30T09:13:06.564+0000] {dag.py:3036} INFO - Sync 1 DAGs
[2025-11-30T09:13:06.599+0000] {logging_mixin.py:188} INFO - [2025-11-30T09:13:06.598+0000] {dag.py:3823} INFO - Setting next_dagrun for minio_to_duckdb_pipeline to None, run_after=None
[2025-11-30T09:13:06.669+0000] {processor.py:183} INFO - Processing /opt/airflow/dags/02_minio_to_duckdb.py took 0.420 seconds
[2025-11-30T09:13:36.812+0000] {processor.py:161} INFO - Started process (PID=20961) to work on /opt/airflow/dags/02_minio_to_duckdb.py
[2025-11-30T09:13:36.813+0000] {processor.py:830} INFO - Processing file /opt/airflow/dags/02_minio_to_duckdb.py for tasks to queue
[2025-11-30T09:13:36.815+0000] {logging_mixin.py:188} INFO - [2025-11-30T09:13:36.814+0000] {dagbag.py:538} INFO - Filling up the DagBag from /opt/airflow/dags/02_minio_to_duckdb.py
[2025-11-30T09:13:36.963+0000] {processor.py:840} INFO - DAG(s) 'minio_to_duckdb_pipeline' retrieved from /opt/airflow/dags/02_minio_to_duckdb.py
[2025-11-30T09:13:37.014+0000] {logging_mixin.py:188} INFO - [2025-11-30T09:13:37.014+0000] {dag.py:3036} INFO - Sync 1 DAGs
[2025-11-30T09:13:37.038+0000] {logging_mixin.py:188} INFO - [2025-11-30T09:13:37.038+0000] {dag.py:3823} INFO - Setting next_dagrun for minio_to_duckdb_pipeline to None, run_after=None
[2025-11-30T09:13:37.093+0000] {processor.py:183} INFO - Processing /opt/airflow/dags/02_minio_to_duckdb.py took 0.288 seconds
[2025-11-30T09:14:07.488+0000] {processor.py:161} INFO - Started process (PID=21005) to work on /opt/airflow/dags/02_minio_to_duckdb.py
[2025-11-30T09:14:07.496+0000] {processor.py:830} INFO - Processing file /opt/airflow/dags/02_minio_to_duckdb.py for tasks to queue
[2025-11-30T09:14:07.500+0000] {logging_mixin.py:188} INFO - [2025-11-30T09:14:07.499+0000] {dagbag.py:538} INFO - Filling up the DagBag from /opt/airflow/dags/02_minio_to_duckdb.py
[2025-11-30T09:14:07.749+0000] {processor.py:840} INFO - DAG(s) 'minio_to_duckdb_pipeline' retrieved from /opt/airflow/dags/02_minio_to_duckdb.py
[2025-11-30T09:14:07.857+0000] {logging_mixin.py:188} INFO - [2025-11-30T09:14:07.856+0000] {dag.py:3036} INFO - Sync 1 DAGs
[2025-11-30T09:14:07.890+0000] {logging_mixin.py:188} INFO - [2025-11-30T09:14:07.889+0000] {dag.py:3823} INFO - Setting next_dagrun for minio_to_duckdb_pipeline to None, run_after=None
[2025-11-30T09:14:07.943+0000] {processor.py:183} INFO - Processing /opt/airflow/dags/02_minio_to_duckdb.py took 0.466 seconds
[2025-11-30T09:14:38.111+0000] {processor.py:161} INFO - Started process (PID=21070) to work on /opt/airflow/dags/02_minio_to_duckdb.py
[2025-11-30T09:14:38.113+0000] {processor.py:830} INFO - Processing file /opt/airflow/dags/02_minio_to_duckdb.py for tasks to queue
[2025-11-30T09:14:38.115+0000] {logging_mixin.py:188} INFO - [2025-11-30T09:14:38.114+0000] {dagbag.py:538} INFO - Filling up the DagBag from /opt/airflow/dags/02_minio_to_duckdb.py
[2025-11-30T09:14:38.279+0000] {processor.py:840} INFO - DAG(s) 'minio_to_duckdb_pipeline' retrieved from /opt/airflow/dags/02_minio_to_duckdb.py
[2025-11-30T09:14:38.326+0000] {logging_mixin.py:188} INFO - [2025-11-30T09:14:38.326+0000] {dag.py:3036} INFO - Sync 1 DAGs
[2025-11-30T09:14:38.352+0000] {logging_mixin.py:188} INFO - [2025-11-30T09:14:38.351+0000] {dag.py:3823} INFO - Setting next_dagrun for minio_to_duckdb_pipeline to None, run_after=None
[2025-11-30T09:14:38.406+0000] {processor.py:183} INFO - Processing /opt/airflow/dags/02_minio_to_duckdb.py took 0.300 seconds
[2025-11-30T09:15:08.654+0000] {processor.py:161} INFO - Started process (PID=21135) to work on /opt/airflow/dags/02_minio_to_duckdb.py
[2025-11-30T09:15:08.656+0000] {processor.py:830} INFO - Processing file /opt/airflow/dags/02_minio_to_duckdb.py for tasks to queue
[2025-11-30T09:15:08.659+0000] {logging_mixin.py:188} INFO - [2025-11-30T09:15:08.658+0000] {dagbag.py:538} INFO - Filling up the DagBag from /opt/airflow/dags/02_minio_to_duckdb.py
[2025-11-30T09:15:08.831+0000] {processor.py:840} INFO - DAG(s) 'minio_to_duckdb_pipeline' retrieved from /opt/airflow/dags/02_minio_to_duckdb.py
[2025-11-30T09:15:08.893+0000] {logging_mixin.py:188} INFO - [2025-11-30T09:15:08.893+0000] {dag.py:3036} INFO - Sync 1 DAGs
[2025-11-30T09:15:08.918+0000] {logging_mixin.py:188} INFO - [2025-11-30T09:15:08.918+0000] {dag.py:3823} INFO - Setting next_dagrun for minio_to_duckdb_pipeline to None, run_after=None
[2025-11-30T09:15:08.956+0000] {processor.py:183} INFO - Processing /opt/airflow/dags/02_minio_to_duckdb.py took 0.309 seconds
[2025-11-30T09:15:39.064+0000] {processor.py:161} INFO - Started process (PID=21200) to work on /opt/airflow/dags/02_minio_to_duckdb.py
[2025-11-30T09:15:39.067+0000] {processor.py:830} INFO - Processing file /opt/airflow/dags/02_minio_to_duckdb.py for tasks to queue
[2025-11-30T09:15:39.071+0000] {logging_mixin.py:188} INFO - [2025-11-30T09:15:39.069+0000] {dagbag.py:538} INFO - Filling up the DagBag from /opt/airflow/dags/02_minio_to_duckdb.py
[2025-11-30T09:15:39.278+0000] {processor.py:840} INFO - DAG(s) 'minio_to_duckdb_pipeline' retrieved from /opt/airflow/dags/02_minio_to_duckdb.py
[2025-11-30T09:15:39.342+0000] {logging_mixin.py:188} INFO - [2025-11-30T09:15:39.342+0000] {dag.py:3036} INFO - Sync 1 DAGs
[2025-11-30T09:15:39.366+0000] {logging_mixin.py:188} INFO - [2025-11-30T09:15:39.366+0000] {dag.py:3823} INFO - Setting next_dagrun for minio_to_duckdb_pipeline to None, run_after=None
[2025-11-30T09:15:39.446+0000] {processor.py:183} INFO - Processing /opt/airflow/dags/02_minio_to_duckdb.py took 0.388 seconds
[2025-11-30T09:16:09.727+0000] {processor.py:161} INFO - Started process (PID=21265) to work on /opt/airflow/dags/02_minio_to_duckdb.py
[2025-11-30T09:16:09.729+0000] {processor.py:830} INFO - Processing file /opt/airflow/dags/02_minio_to_duckdb.py for tasks to queue
[2025-11-30T09:16:09.732+0000] {logging_mixin.py:188} INFO - [2025-11-30T09:16:09.731+0000] {dagbag.py:538} INFO - Filling up the DagBag from /opt/airflow/dags/02_minio_to_duckdb.py
[2025-11-30T09:16:09.889+0000] {processor.py:840} INFO - DAG(s) 'minio_to_duckdb_pipeline' retrieved from /opt/airflow/dags/02_minio_to_duckdb.py
[2025-11-30T09:16:09.939+0000] {logging_mixin.py:188} INFO - [2025-11-30T09:16:09.938+0000] {dag.py:3036} INFO - Sync 1 DAGs
[2025-11-30T09:16:09.967+0000] {logging_mixin.py:188} INFO - [2025-11-30T09:16:09.966+0000] {dag.py:3823} INFO - Setting next_dagrun for minio_to_duckdb_pipeline to None, run_after=None
[2025-11-30T09:16:10.023+0000] {processor.py:183} INFO - Processing /opt/airflow/dags/02_minio_to_duckdb.py took 0.301 seconds
[2025-11-30T09:16:40.351+0000] {processor.py:161} INFO - Started process (PID=21330) to work on /opt/airflow/dags/02_minio_to_duckdb.py
[2025-11-30T09:16:40.354+0000] {processor.py:830} INFO - Processing file /opt/airflow/dags/02_minio_to_duckdb.py for tasks to queue
[2025-11-30T09:16:40.356+0000] {logging_mixin.py:188} INFO - [2025-11-30T09:16:40.355+0000] {dagbag.py:538} INFO - Filling up the DagBag from /opt/airflow/dags/02_minio_to_duckdb.py
[2025-11-30T09:16:40.523+0000] {processor.py:840} INFO - DAG(s) 'minio_to_duckdb_pipeline' retrieved from /opt/airflow/dags/02_minio_to_duckdb.py
[2025-11-30T09:16:40.591+0000] {logging_mixin.py:188} INFO - [2025-11-30T09:16:40.590+0000] {dag.py:3036} INFO - Sync 1 DAGs
[2025-11-30T09:16:40.621+0000] {logging_mixin.py:188} INFO - [2025-11-30T09:16:40.621+0000] {dag.py:3823} INFO - Setting next_dagrun for minio_to_duckdb_pipeline to None, run_after=None
[2025-11-30T09:16:40.670+0000] {processor.py:183} INFO - Processing /opt/airflow/dags/02_minio_to_duckdb.py took 0.325 seconds
[2025-11-30T09:17:10.997+0000] {processor.py:161} INFO - Started process (PID=21395) to work on /opt/airflow/dags/02_minio_to_duckdb.py
[2025-11-30T09:17:11.000+0000] {processor.py:830} INFO - Processing file /opt/airflow/dags/02_minio_to_duckdb.py for tasks to queue
[2025-11-30T09:17:11.002+0000] {logging_mixin.py:188} INFO - [2025-11-30T09:17:11.001+0000] {dagbag.py:538} INFO - Filling up the DagBag from /opt/airflow/dags/02_minio_to_duckdb.py
[2025-11-30T09:17:11.179+0000] {processor.py:840} INFO - DAG(s) 'minio_to_duckdb_pipeline' retrieved from /opt/airflow/dags/02_minio_to_duckdb.py
[2025-11-30T09:17:11.245+0000] {logging_mixin.py:188} INFO - [2025-11-30T09:17:11.244+0000] {dag.py:3036} INFO - Sync 1 DAGs
[2025-11-30T09:17:11.275+0000] {logging_mixin.py:188} INFO - [2025-11-30T09:17:11.274+0000] {dag.py:3823} INFO - Setting next_dagrun for minio_to_duckdb_pipeline to None, run_after=None
[2025-11-30T09:17:11.327+0000] {processor.py:183} INFO - Processing /opt/airflow/dags/02_minio_to_duckdb.py took 0.339 seconds
[2025-11-30T09:17:42.225+0000] {processor.py:161} INFO - Started process (PID=21457) to work on /opt/airflow/dags/02_minio_to_duckdb.py
[2025-11-30T09:17:42.227+0000] {processor.py:830} INFO - Processing file /opt/airflow/dags/02_minio_to_duckdb.py for tasks to queue
[2025-11-30T09:17:42.229+0000] {logging_mixin.py:188} INFO - [2025-11-30T09:17:42.228+0000] {dagbag.py:538} INFO - Filling up the DagBag from /opt/airflow/dags/02_minio_to_duckdb.py
[2025-11-30T09:17:42.380+0000] {processor.py:840} INFO - DAG(s) 'minio_to_duckdb_pipeline' retrieved from /opt/airflow/dags/02_minio_to_duckdb.py
[2025-11-30T09:17:42.429+0000] {logging_mixin.py:188} INFO - [2025-11-30T09:17:42.429+0000] {dag.py:3036} INFO - Sync 1 DAGs
[2025-11-30T09:17:42.447+0000] {logging_mixin.py:188} INFO - [2025-11-30T09:17:42.447+0000] {dag.py:3823} INFO - Setting next_dagrun for minio_to_duckdb_pipeline to None, run_after=None
[2025-11-30T09:17:42.486+0000] {processor.py:183} INFO - Processing /opt/airflow/dags/02_minio_to_duckdb.py took 0.270 seconds
[2025-11-30T09:18:12.583+0000] {processor.py:161} INFO - Started process (PID=21483) to work on /opt/airflow/dags/02_minio_to_duckdb.py
[2025-11-30T09:18:12.585+0000] {processor.py:830} INFO - Processing file /opt/airflow/dags/02_minio_to_duckdb.py for tasks to queue
[2025-11-30T09:18:12.588+0000] {logging_mixin.py:188} INFO - [2025-11-30T09:18:12.587+0000] {dagbag.py:538} INFO - Filling up the DagBag from /opt/airflow/dags/02_minio_to_duckdb.py
[2025-11-30T09:18:12.749+0000] {processor.py:840} INFO - DAG(s) 'minio_to_duckdb_pipeline' retrieved from /opt/airflow/dags/02_minio_to_duckdb.py
[2025-11-30T09:18:12.799+0000] {logging_mixin.py:188} INFO - [2025-11-30T09:18:12.798+0000] {dag.py:3036} INFO - Sync 1 DAGs
[2025-11-30T09:18:12.819+0000] {logging_mixin.py:188} INFO - [2025-11-30T09:18:12.818+0000] {dag.py:3823} INFO - Setting next_dagrun for minio_to_duckdb_pipeline to None, run_after=None
[2025-11-30T09:18:12.871+0000] {processor.py:183} INFO - Processing /opt/airflow/dags/02_minio_to_duckdb.py took 0.296 seconds
[2025-11-30T09:18:42.988+0000] {processor.py:161} INFO - Started process (PID=21545) to work on /opt/airflow/dags/02_minio_to_duckdb.py
[2025-11-30T09:18:42.990+0000] {processor.py:830} INFO - Processing file /opt/airflow/dags/02_minio_to_duckdb.py for tasks to queue
[2025-11-30T09:18:42.993+0000] {logging_mixin.py:188} INFO - [2025-11-30T09:18:42.992+0000] {dagbag.py:538} INFO - Filling up the DagBag from /opt/airflow/dags/02_minio_to_duckdb.py
[2025-11-30T09:18:43.152+0000] {processor.py:840} INFO - DAG(s) 'minio_to_duckdb_pipeline' retrieved from /opt/airflow/dags/02_minio_to_duckdb.py
[2025-11-30T09:18:43.220+0000] {logging_mixin.py:188} INFO - [2025-11-30T09:18:43.219+0000] {dag.py:3036} INFO - Sync 1 DAGs
[2025-11-30T09:18:43.244+0000] {logging_mixin.py:188} INFO - [2025-11-30T09:18:43.243+0000] {dag.py:3823} INFO - Setting next_dagrun for minio_to_duckdb_pipeline to None, run_after=None
[2025-11-30T09:18:43.292+0000] {processor.py:183} INFO - Processing /opt/airflow/dags/02_minio_to_duckdb.py took 0.310 seconds
[2025-11-30T09:19:13.481+0000] {processor.py:161} INFO - Started process (PID=21610) to work on /opt/airflow/dags/02_minio_to_duckdb.py
[2025-11-30T09:19:13.484+0000] {processor.py:830} INFO - Processing file /opt/airflow/dags/02_minio_to_duckdb.py for tasks to queue
[2025-11-30T09:19:13.487+0000] {logging_mixin.py:188} INFO - [2025-11-30T09:19:13.486+0000] {dagbag.py:538} INFO - Filling up the DagBag from /opt/airflow/dags/02_minio_to_duckdb.py
[2025-11-30T09:19:13.799+0000] {processor.py:840} INFO - DAG(s) 'minio_to_duckdb_pipeline' retrieved from /opt/airflow/dags/02_minio_to_duckdb.py
[2025-11-30T09:19:13.900+0000] {logging_mixin.py:188} INFO - [2025-11-30T09:19:13.899+0000] {dag.py:3036} INFO - Sync 1 DAGs
[2025-11-30T09:19:13.937+0000] {logging_mixin.py:188} INFO - [2025-11-30T09:19:13.936+0000] {dag.py:3823} INFO - Setting next_dagrun for minio_to_duckdb_pipeline to None, run_after=None
[2025-11-30T09:19:14.022+0000] {processor.py:183} INFO - Processing /opt/airflow/dags/02_minio_to_duckdb.py took 0.551 seconds
[2025-11-30T09:19:44.184+0000] {processor.py:161} INFO - Started process (PID=21675) to work on /opt/airflow/dags/02_minio_to_duckdb.py
[2025-11-30T09:19:44.186+0000] {processor.py:830} INFO - Processing file /opt/airflow/dags/02_minio_to_duckdb.py for tasks to queue
[2025-11-30T09:19:44.188+0000] {logging_mixin.py:188} INFO - [2025-11-30T09:19:44.188+0000] {dagbag.py:538} INFO - Filling up the DagBag from /opt/airflow/dags/02_minio_to_duckdb.py
[2025-11-30T09:19:44.367+0000] {processor.py:840} INFO - DAG(s) 'minio_to_duckdb_pipeline' retrieved from /opt/airflow/dags/02_minio_to_duckdb.py
[2025-11-30T09:19:44.421+0000] {logging_mixin.py:188} INFO - [2025-11-30T09:19:44.421+0000] {dag.py:3036} INFO - Sync 1 DAGs
[2025-11-30T09:19:44.445+0000] {logging_mixin.py:188} INFO - [2025-11-30T09:19:44.444+0000] {dag.py:3823} INFO - Setting next_dagrun for minio_to_duckdb_pipeline to None, run_after=None
[2025-11-30T09:19:44.481+0000] {processor.py:183} INFO - Processing /opt/airflow/dags/02_minio_to_duckdb.py took 0.304 seconds
[2025-11-30T09:20:14.811+0000] {processor.py:161} INFO - Started process (PID=21740) to work on /opt/airflow/dags/02_minio_to_duckdb.py
[2025-11-30T09:20:14.813+0000] {processor.py:830} INFO - Processing file /opt/airflow/dags/02_minio_to_duckdb.py for tasks to queue
[2025-11-30T09:20:14.815+0000] {logging_mixin.py:188} INFO - [2025-11-30T09:20:14.815+0000] {dagbag.py:538} INFO - Filling up the DagBag from /opt/airflow/dags/02_minio_to_duckdb.py
[2025-11-30T09:20:14.992+0000] {processor.py:840} INFO - DAG(s) 'minio_to_duckdb_pipeline' retrieved from /opt/airflow/dags/02_minio_to_duckdb.py
[2025-11-30T09:20:15.055+0000] {logging_mixin.py:188} INFO - [2025-11-30T09:20:15.055+0000] {dag.py:3036} INFO - Sync 1 DAGs
[2025-11-30T09:20:15.085+0000] {logging_mixin.py:188} INFO - [2025-11-30T09:20:15.084+0000] {dag.py:3823} INFO - Setting next_dagrun for minio_to_duckdb_pipeline to None, run_after=None
[2025-11-30T09:20:15.142+0000] {processor.py:183} INFO - Processing /opt/airflow/dags/02_minio_to_duckdb.py took 0.338 seconds
[2025-11-30T09:20:45.240+0000] {processor.py:161} INFO - Started process (PID=21805) to work on /opt/airflow/dags/02_minio_to_duckdb.py
[2025-11-30T09:20:45.243+0000] {processor.py:830} INFO - Processing file /opt/airflow/dags/02_minio_to_duckdb.py for tasks to queue
[2025-11-30T09:20:45.245+0000] {logging_mixin.py:188} INFO - [2025-11-30T09:20:45.245+0000] {dagbag.py:538} INFO - Filling up the DagBag from /opt/airflow/dags/02_minio_to_duckdb.py
[2025-11-30T09:20:45.426+0000] {processor.py:840} INFO - DAG(s) 'minio_to_duckdb_pipeline' retrieved from /opt/airflow/dags/02_minio_to_duckdb.py
[2025-11-30T09:20:45.488+0000] {logging_mixin.py:188} INFO - [2025-11-30T09:20:45.488+0000] {dag.py:3036} INFO - Sync 1 DAGs
[2025-11-30T09:20:45.521+0000] {logging_mixin.py:188} INFO - [2025-11-30T09:20:45.520+0000] {dag.py:3823} INFO - Setting next_dagrun for minio_to_duckdb_pipeline to None, run_after=None
[2025-11-30T09:20:45.582+0000] {processor.py:183} INFO - Processing /opt/airflow/dags/02_minio_to_duckdb.py took 0.348 seconds
[2025-11-30T09:21:15.867+0000] {processor.py:161} INFO - Started process (PID=21867) to work on /opt/airflow/dags/02_minio_to_duckdb.py
[2025-11-30T09:21:15.869+0000] {processor.py:830} INFO - Processing file /opt/airflow/dags/02_minio_to_duckdb.py for tasks to queue
[2025-11-30T09:21:15.873+0000] {logging_mixin.py:188} INFO - [2025-11-30T09:21:15.872+0000] {dagbag.py:538} INFO - Filling up the DagBag from /opt/airflow/dags/02_minio_to_duckdb.py
[2025-11-30T09:21:16.178+0000] {processor.py:840} INFO - DAG(s) 'minio_to_duckdb_pipeline' retrieved from /opt/airflow/dags/02_minio_to_duckdb.py
[2025-11-30T09:21:16.253+0000] {logging_mixin.py:188} INFO - [2025-11-30T09:21:16.253+0000] {dag.py:3036} INFO - Sync 1 DAGs
[2025-11-30T09:21:16.281+0000] {logging_mixin.py:188} INFO - [2025-11-30T09:21:16.280+0000] {dag.py:3823} INFO - Setting next_dagrun for minio_to_duckdb_pipeline to None, run_after=None
[2025-11-30T09:21:16.342+0000] {processor.py:183} INFO - Processing /opt/airflow/dags/02_minio_to_duckdb.py took 0.483 seconds
[2025-11-30T09:21:47.203+0000] {processor.py:161} INFO - Started process (PID=21911) to work on /opt/airflow/dags/02_minio_to_duckdb.py
[2025-11-30T09:21:47.205+0000] {processor.py:830} INFO - Processing file /opt/airflow/dags/02_minio_to_duckdb.py for tasks to queue
[2025-11-30T09:21:47.207+0000] {logging_mixin.py:188} INFO - [2025-11-30T09:21:47.207+0000] {dagbag.py:538} INFO - Filling up the DagBag from /opt/airflow/dags/02_minio_to_duckdb.py
[2025-11-30T09:21:47.374+0000] {processor.py:840} INFO - DAG(s) 'minio_to_duckdb_pipeline' retrieved from /opt/airflow/dags/02_minio_to_duckdb.py
[2025-11-30T09:21:47.431+0000] {logging_mixin.py:188} INFO - [2025-11-30T09:21:47.431+0000] {dag.py:3036} INFO - Sync 1 DAGs
[2025-11-30T09:21:47.458+0000] {logging_mixin.py:188} INFO - [2025-11-30T09:21:47.457+0000] {dag.py:3823} INFO - Setting next_dagrun for minio_to_duckdb_pipeline to None, run_after=None
[2025-11-30T09:21:47.499+0000] {processor.py:183} INFO - Processing /opt/airflow/dags/02_minio_to_duckdb.py took 0.302 seconds
[2025-11-30T09:22:17.856+0000] {processor.py:161} INFO - Started process (PID=21976) to work on /opt/airflow/dags/02_minio_to_duckdb.py
[2025-11-30T09:22:17.858+0000] {processor.py:830} INFO - Processing file /opt/airflow/dags/02_minio_to_duckdb.py for tasks to queue
[2025-11-30T09:22:17.863+0000] {logging_mixin.py:188} INFO - [2025-11-30T09:22:17.860+0000] {dagbag.py:538} INFO - Filling up the DagBag from /opt/airflow/dags/02_minio_to_duckdb.py
[2025-11-30T09:22:18.037+0000] {processor.py:840} INFO - DAG(s) 'minio_to_duckdb_pipeline' retrieved from /opt/airflow/dags/02_minio_to_duckdb.py
[2025-11-30T09:22:18.095+0000] {logging_mixin.py:188} INFO - [2025-11-30T09:22:18.095+0000] {dag.py:3036} INFO - Sync 1 DAGs
[2025-11-30T09:22:18.115+0000] {logging_mixin.py:188} INFO - [2025-11-30T09:22:18.115+0000] {dag.py:3823} INFO - Setting next_dagrun for minio_to_duckdb_pipeline to None, run_after=None
[2025-11-30T09:22:18.161+0000] {processor.py:183} INFO - Processing /opt/airflow/dags/02_minio_to_duckdb.py took 0.310 seconds
[2025-11-30T09:22:48.325+0000] {processor.py:161} INFO - Started process (PID=22041) to work on /opt/airflow/dags/02_minio_to_duckdb.py
[2025-11-30T09:22:48.328+0000] {processor.py:830} INFO - Processing file /opt/airflow/dags/02_minio_to_duckdb.py for tasks to queue
[2025-11-30T09:22:48.330+0000] {logging_mixin.py:188} INFO - [2025-11-30T09:22:48.329+0000] {dagbag.py:538} INFO - Filling up the DagBag from /opt/airflow/dags/02_minio_to_duckdb.py
[2025-11-30T09:22:48.517+0000] {processor.py:840} INFO - DAG(s) 'minio_to_duckdb_pipeline' retrieved from /opt/airflow/dags/02_minio_to_duckdb.py
[2025-11-30T09:22:48.570+0000] {logging_mixin.py:188} INFO - [2025-11-30T09:22:48.569+0000] {dag.py:3036} INFO - Sync 1 DAGs
[2025-11-30T09:22:48.593+0000] {logging_mixin.py:188} INFO - [2025-11-30T09:22:48.593+0000] {dag.py:3823} INFO - Setting next_dagrun for minio_to_duckdb_pipeline to None, run_after=None
[2025-11-30T09:22:48.638+0000] {processor.py:183} INFO - Processing /opt/airflow/dags/02_minio_to_duckdb.py took 0.319 seconds
[2025-11-30T09:23:18.961+0000] {processor.py:161} INFO - Started process (PID=22106) to work on /opt/airflow/dags/02_minio_to_duckdb.py
[2025-11-30T09:23:18.963+0000] {processor.py:830} INFO - Processing file /opt/airflow/dags/02_minio_to_duckdb.py for tasks to queue
[2025-11-30T09:23:18.966+0000] {logging_mixin.py:188} INFO - [2025-11-30T09:23:18.965+0000] {dagbag.py:538} INFO - Filling up the DagBag from /opt/airflow/dags/02_minio_to_duckdb.py
[2025-11-30T09:23:19.148+0000] {processor.py:840} INFO - DAG(s) 'minio_to_duckdb_pipeline' retrieved from /opt/airflow/dags/02_minio_to_duckdb.py
[2025-11-30T09:23:19.206+0000] {logging_mixin.py:188} INFO - [2025-11-30T09:23:19.205+0000] {dag.py:3036} INFO - Sync 1 DAGs
[2025-11-30T09:23:19.238+0000] {logging_mixin.py:188} INFO - [2025-11-30T09:23:19.237+0000] {dag.py:3823} INFO - Setting next_dagrun for minio_to_duckdb_pipeline to None, run_after=None
[2025-11-30T09:23:19.314+0000] {processor.py:183} INFO - Processing /opt/airflow/dags/02_minio_to_duckdb.py took 0.358 seconds
[2025-11-30T09:23:49.661+0000] {processor.py:161} INFO - Started process (PID=22171) to work on /opt/airflow/dags/02_minio_to_duckdb.py
[2025-11-30T09:23:49.663+0000] {processor.py:830} INFO - Processing file /opt/airflow/dags/02_minio_to_duckdb.py for tasks to queue
[2025-11-30T09:23:49.665+0000] {logging_mixin.py:188} INFO - [2025-11-30T09:23:49.665+0000] {dagbag.py:538} INFO - Filling up the DagBag from /opt/airflow/dags/02_minio_to_duckdb.py
[2025-11-30T09:23:49.832+0000] {processor.py:840} INFO - DAG(s) 'minio_to_duckdb_pipeline' retrieved from /opt/airflow/dags/02_minio_to_duckdb.py
[2025-11-30T09:23:49.890+0000] {logging_mixin.py:188} INFO - [2025-11-30T09:23:49.890+0000] {dag.py:3036} INFO - Sync 1 DAGs
[2025-11-30T09:23:49.927+0000] {logging_mixin.py:188} INFO - [2025-11-30T09:23:49.926+0000] {dag.py:3823} INFO - Setting next_dagrun for minio_to_duckdb_pipeline to None, run_after=None
[2025-11-30T09:23:49.987+0000] {processor.py:183} INFO - Processing /opt/airflow/dags/02_minio_to_duckdb.py took 0.332 seconds
[2025-11-30T09:24:20.293+0000] {processor.py:161} INFO - Started process (PID=22236) to work on /opt/airflow/dags/02_minio_to_duckdb.py
[2025-11-30T09:24:20.295+0000] {processor.py:830} INFO - Processing file /opt/airflow/dags/02_minio_to_duckdb.py for tasks to queue
[2025-11-30T09:24:20.298+0000] {logging_mixin.py:188} INFO - [2025-11-30T09:24:20.297+0000] {dagbag.py:538} INFO - Filling up the DagBag from /opt/airflow/dags/02_minio_to_duckdb.py
[2025-11-30T09:24:20.483+0000] {processor.py:840} INFO - DAG(s) 'minio_to_duckdb_pipeline' retrieved from /opt/airflow/dags/02_minio_to_duckdb.py
[2025-11-30T09:24:20.540+0000] {logging_mixin.py:188} INFO - [2025-11-30T09:24:20.539+0000] {dag.py:3036} INFO - Sync 1 DAGs
[2025-11-30T09:24:20.562+0000] {logging_mixin.py:188} INFO - [2025-11-30T09:24:20.561+0000] {dag.py:3823} INFO - Setting next_dagrun for minio_to_duckdb_pipeline to None, run_after=None
[2025-11-30T09:24:20.610+0000] {processor.py:183} INFO - Processing /opt/airflow/dags/02_minio_to_duckdb.py took 0.325 seconds
[2025-11-30T09:24:50.941+0000] {processor.py:161} INFO - Started process (PID=22301) to work on /opt/airflow/dags/02_minio_to_duckdb.py
[2025-11-30T09:24:50.943+0000] {processor.py:830} INFO - Processing file /opt/airflow/dags/02_minio_to_duckdb.py for tasks to queue
[2025-11-30T09:24:50.945+0000] {logging_mixin.py:188} INFO - [2025-11-30T09:24:50.945+0000] {dagbag.py:538} INFO - Filling up the DagBag from /opt/airflow/dags/02_minio_to_duckdb.py
[2025-11-30T09:24:51.113+0000] {processor.py:840} INFO - DAG(s) 'minio_to_duckdb_pipeline' retrieved from /opt/airflow/dags/02_minio_to_duckdb.py
[2025-11-30T09:24:51.163+0000] {logging_mixin.py:188} INFO - [2025-11-30T09:24:51.163+0000] {dag.py:3036} INFO - Sync 1 DAGs
[2025-11-30T09:24:51.189+0000] {logging_mixin.py:188} INFO - [2025-11-30T09:24:51.188+0000] {dag.py:3823} INFO - Setting next_dagrun for minio_to_duckdb_pipeline to None, run_after=None
[2025-11-30T09:24:51.242+0000] {processor.py:183} INFO - Processing /opt/airflow/dags/02_minio_to_duckdb.py took 0.308 seconds
[2025-11-30T09:25:21.547+0000] {processor.py:161} INFO - Started process (PID=22363) to work on /opt/airflow/dags/02_minio_to_duckdb.py
[2025-11-30T09:25:21.549+0000] {processor.py:830} INFO - Processing file /opt/airflow/dags/02_minio_to_duckdb.py for tasks to queue
[2025-11-30T09:25:21.551+0000] {logging_mixin.py:188} INFO - [2025-11-30T09:25:21.551+0000] {dagbag.py:538} INFO - Filling up the DagBag from /opt/airflow/dags/02_minio_to_duckdb.py
[2025-11-30T09:25:21.698+0000] {processor.py:840} INFO - DAG(s) 'minio_to_duckdb_pipeline' retrieved from /opt/airflow/dags/02_minio_to_duckdb.py
[2025-11-30T09:25:21.741+0000] {logging_mixin.py:188} INFO - [2025-11-30T09:25:21.741+0000] {dag.py:3036} INFO - Sync 1 DAGs
[2025-11-30T09:25:21.762+0000] {logging_mixin.py:188} INFO - [2025-11-30T09:25:21.762+0000] {dag.py:3823} INFO - Setting next_dagrun for minio_to_duckdb_pipeline to None, run_after=None
[2025-11-30T09:25:21.791+0000] {processor.py:183} INFO - Processing /opt/airflow/dags/02_minio_to_duckdb.py took 0.249 seconds
[2025-11-30T09:25:52.121+0000] {processor.py:161} INFO - Started process (PID=22407) to work on /opt/airflow/dags/02_minio_to_duckdb.py
[2025-11-30T09:25:52.122+0000] {processor.py:830} INFO - Processing file /opt/airflow/dags/02_minio_to_duckdb.py for tasks to queue
[2025-11-30T09:25:52.124+0000] {logging_mixin.py:188} INFO - [2025-11-30T09:25:52.123+0000] {dagbag.py:538} INFO - Filling up the DagBag from /opt/airflow/dags/02_minio_to_duckdb.py
[2025-11-30T09:25:52.280+0000] {processor.py:840} INFO - DAG(s) 'minio_to_duckdb_pipeline' retrieved from /opt/airflow/dags/02_minio_to_duckdb.py
[2025-11-30T09:25:52.330+0000] {logging_mixin.py:188} INFO - [2025-11-30T09:25:52.330+0000] {dag.py:3036} INFO - Sync 1 DAGs
[2025-11-30T09:25:52.354+0000] {logging_mixin.py:188} INFO - [2025-11-30T09:25:52.353+0000] {dag.py:3823} INFO - Setting next_dagrun for minio_to_duckdb_pipeline to None, run_after=None
[2025-11-30T09:25:52.399+0000] {processor.py:183} INFO - Processing /opt/airflow/dags/02_minio_to_duckdb.py took 0.284 seconds
[2025-11-30T09:26:22.458+0000] {processor.py:161} INFO - Started process (PID=22472) to work on /opt/airflow/dags/02_minio_to_duckdb.py
[2025-11-30T09:26:22.461+0000] {processor.py:830} INFO - Processing file /opt/airflow/dags/02_minio_to_duckdb.py for tasks to queue
[2025-11-30T09:26:22.464+0000] {logging_mixin.py:188} INFO - [2025-11-30T09:26:22.463+0000] {dagbag.py:538} INFO - Filling up the DagBag from /opt/airflow/dags/02_minio_to_duckdb.py
[2025-11-30T09:26:22.607+0000] {processor.py:840} INFO - DAG(s) 'minio_to_duckdb_pipeline' retrieved from /opt/airflow/dags/02_minio_to_duckdb.py
[2025-11-30T09:26:22.662+0000] {logging_mixin.py:188} INFO - [2025-11-30T09:26:22.661+0000] {dag.py:3036} INFO - Sync 1 DAGs
[2025-11-30T09:26:22.692+0000] {logging_mixin.py:188} INFO - [2025-11-30T09:26:22.692+0000] {dag.py:3823} INFO - Setting next_dagrun for minio_to_duckdb_pipeline to None, run_after=None
[2025-11-30T09:26:22.754+0000] {processor.py:183} INFO - Processing /opt/airflow/dags/02_minio_to_duckdb.py took 0.304 seconds
[2025-11-30T09:26:53.739+0000] {processor.py:161} INFO - Started process (PID=22537) to work on /opt/airflow/dags/02_minio_to_duckdb.py
[2025-11-30T09:26:53.744+0000] {processor.py:830} INFO - Processing file /opt/airflow/dags/02_minio_to_duckdb.py for tasks to queue
[2025-11-30T09:26:53.751+0000] {logging_mixin.py:188} INFO - [2025-11-30T09:26:53.748+0000] {dagbag.py:538} INFO - Filling up the DagBag from /opt/airflow/dags/02_minio_to_duckdb.py
[2025-11-30T09:26:53.982+0000] {processor.py:840} INFO - DAG(s) 'minio_to_duckdb_pipeline' retrieved from /opt/airflow/dags/02_minio_to_duckdb.py
[2025-11-30T09:26:54.042+0000] {logging_mixin.py:188} INFO - [2025-11-30T09:26:54.042+0000] {dag.py:3036} INFO - Sync 1 DAGs
[2025-11-30T09:26:54.081+0000] {logging_mixin.py:188} INFO - [2025-11-30T09:26:54.080+0000] {dag.py:3823} INFO - Setting next_dagrun for minio_to_duckdb_pipeline to None, run_after=None
[2025-11-30T09:26:54.126+0000] {processor.py:183} INFO - Processing /opt/airflow/dags/02_minio_to_duckdb.py took 0.405 seconds
[2025-11-30T09:27:24.943+0000] {processor.py:161} INFO - Started process (PID=22602) to work on /opt/airflow/dags/02_minio_to_duckdb.py
[2025-11-30T09:27:24.947+0000] {processor.py:830} INFO - Processing file /opt/airflow/dags/02_minio_to_duckdb.py for tasks to queue
[2025-11-30T09:27:24.952+0000] {logging_mixin.py:188} INFO - [2025-11-30T09:27:24.951+0000] {dagbag.py:538} INFO - Filling up the DagBag from /opt/airflow/dags/02_minio_to_duckdb.py
[2025-11-30T09:27:25.155+0000] {processor.py:840} INFO - DAG(s) 'minio_to_duckdb_pipeline' retrieved from /opt/airflow/dags/02_minio_to_duckdb.py
[2025-11-30T09:27:25.210+0000] {logging_mixin.py:188} INFO - [2025-11-30T09:27:25.210+0000] {dag.py:3036} INFO - Sync 1 DAGs
[2025-11-30T09:27:25.239+0000] {logging_mixin.py:188} INFO - [2025-11-30T09:27:25.238+0000] {dag.py:3823} INFO - Setting next_dagrun for minio_to_duckdb_pipeline to None, run_after=None
[2025-11-30T09:27:25.295+0000] {processor.py:183} INFO - Processing /opt/airflow/dags/02_minio_to_duckdb.py took 0.364 seconds
[2025-11-30T09:27:55.538+0000] {processor.py:161} INFO - Started process (PID=22667) to work on /opt/airflow/dags/02_minio_to_duckdb.py
[2025-11-30T09:27:55.540+0000] {processor.py:830} INFO - Processing file /opt/airflow/dags/02_minio_to_duckdb.py for tasks to queue
[2025-11-30T09:27:55.543+0000] {logging_mixin.py:188} INFO - [2025-11-30T09:27:55.542+0000] {dagbag.py:538} INFO - Filling up the DagBag from /opt/airflow/dags/02_minio_to_duckdb.py
[2025-11-30T09:27:55.726+0000] {processor.py:840} INFO - DAG(s) 'minio_to_duckdb_pipeline' retrieved from /opt/airflow/dags/02_minio_to_duckdb.py
[2025-11-30T09:27:55.791+0000] {logging_mixin.py:188} INFO - [2025-11-30T09:27:55.791+0000] {dag.py:3036} INFO - Sync 1 DAGs
[2025-11-30T09:27:55.817+0000] {logging_mixin.py:188} INFO - [2025-11-30T09:27:55.817+0000] {dag.py:3823} INFO - Setting next_dagrun for minio_to_duckdb_pipeline to None, run_after=None
[2025-11-30T09:27:55.871+0000] {processor.py:183} INFO - Processing /opt/airflow/dags/02_minio_to_duckdb.py took 0.339 seconds
[2025-11-30T09:28:26.164+0000] {processor.py:161} INFO - Started process (PID=22732) to work on /opt/airflow/dags/02_minio_to_duckdb.py
[2025-11-30T09:28:26.166+0000] {processor.py:830} INFO - Processing file /opt/airflow/dags/02_minio_to_duckdb.py for tasks to queue
[2025-11-30T09:28:26.168+0000] {logging_mixin.py:188} INFO - [2025-11-30T09:28:26.167+0000] {dagbag.py:538} INFO - Filling up the DagBag from /opt/airflow/dags/02_minio_to_duckdb.py
[2025-11-30T09:28:26.375+0000] {processor.py:840} INFO - DAG(s) 'minio_to_duckdb_pipeline' retrieved from /opt/airflow/dags/02_minio_to_duckdb.py
[2025-11-30T09:28:26.440+0000] {logging_mixin.py:188} INFO - [2025-11-30T09:28:26.439+0000] {dag.py:3036} INFO - Sync 1 DAGs
[2025-11-30T09:28:26.479+0000] {logging_mixin.py:188} INFO - [2025-11-30T09:28:26.478+0000] {dag.py:3823} INFO - Setting next_dagrun for minio_to_duckdb_pipeline to None, run_after=None
[2025-11-30T09:28:26.539+0000] {processor.py:183} INFO - Processing /opt/airflow/dags/02_minio_to_duckdb.py took 0.382 seconds
[2025-11-30T09:28:56.892+0000] {processor.py:161} INFO - Started process (PID=22795) to work on /opt/airflow/dags/02_minio_to_duckdb.py
[2025-11-30T09:28:56.896+0000] {processor.py:830} INFO - Processing file /opt/airflow/dags/02_minio_to_duckdb.py for tasks to queue
[2025-11-30T09:28:56.899+0000] {logging_mixin.py:188} INFO - [2025-11-30T09:28:56.898+0000] {dagbag.py:538} INFO - Filling up the DagBag from /opt/airflow/dags/02_minio_to_duckdb.py
[2025-11-30T09:28:57.224+0000] {processor.py:840} INFO - DAG(s) 'minio_to_duckdb_pipeline' retrieved from /opt/airflow/dags/02_minio_to_duckdb.py
[2025-11-30T09:28:57.294+0000] {logging_mixin.py:188} INFO - [2025-11-30T09:28:57.294+0000] {dag.py:3036} INFO - Sync 1 DAGs
[2025-11-30T09:28:57.315+0000] {logging_mixin.py:188} INFO - [2025-11-30T09:28:57.315+0000] {dag.py:3823} INFO - Setting next_dagrun for minio_to_duckdb_pipeline to None, run_after=None
[2025-11-30T09:28:57.357+0000] {processor.py:183} INFO - Processing /opt/airflow/dags/02_minio_to_duckdb.py took 0.480 seconds
[2025-11-30T09:29:27.536+0000] {processor.py:161} INFO - Started process (PID=22841) to work on /opt/airflow/dags/02_minio_to_duckdb.py
[2025-11-30T09:29:27.539+0000] {processor.py:830} INFO - Processing file /opt/airflow/dags/02_minio_to_duckdb.py for tasks to queue
[2025-11-30T09:29:27.542+0000] {logging_mixin.py:188} INFO - [2025-11-30T09:29:27.541+0000] {dagbag.py:538} INFO - Filling up the DagBag from /opt/airflow/dags/02_minio_to_duckdb.py
[2025-11-30T09:29:27.738+0000] {processor.py:840} INFO - DAG(s) 'minio_to_duckdb_pipeline' retrieved from /opt/airflow/dags/02_minio_to_duckdb.py
[2025-11-30T09:29:27.816+0000] {logging_mixin.py:188} INFO - [2025-11-30T09:29:27.816+0000] {dag.py:3036} INFO - Sync 1 DAGs
[2025-11-30T09:29:27.838+0000] {logging_mixin.py:188} INFO - [2025-11-30T09:29:27.837+0000] {dag.py:3823} INFO - Setting next_dagrun for minio_to_duckdb_pipeline to None, run_after=None
[2025-11-30T09:29:27.890+0000] {processor.py:183} INFO - Processing /opt/airflow/dags/02_minio_to_duckdb.py took 0.362 seconds
[2025-11-30T09:29:58.240+0000] {processor.py:161} INFO - Started process (PID=22903) to work on /opt/airflow/dags/02_minio_to_duckdb.py
[2025-11-30T09:29:58.242+0000] {processor.py:830} INFO - Processing file /opt/airflow/dags/02_minio_to_duckdb.py for tasks to queue
[2025-11-30T09:29:58.244+0000] {logging_mixin.py:188} INFO - [2025-11-30T09:29:58.243+0000] {dagbag.py:538} INFO - Filling up the DagBag from /opt/airflow/dags/02_minio_to_duckdb.py
[2025-11-30T09:29:58.422+0000] {processor.py:840} INFO - DAG(s) 'minio_to_duckdb_pipeline' retrieved from /opt/airflow/dags/02_minio_to_duckdb.py
[2025-11-30T09:29:58.471+0000] {logging_mixin.py:188} INFO - [2025-11-30T09:29:58.470+0000] {dag.py:3036} INFO - Sync 1 DAGs
[2025-11-30T09:29:58.494+0000] {logging_mixin.py:188} INFO - [2025-11-30T09:29:58.493+0000] {dag.py:3823} INFO - Setting next_dagrun for minio_to_duckdb_pipeline to None, run_after=None
[2025-11-30T09:29:58.550+0000] {processor.py:183} INFO - Processing /opt/airflow/dags/02_minio_to_duckdb.py took 0.317 seconds
[2025-11-30T09:30:28.645+0000] {processor.py:161} INFO - Started process (PID=22968) to work on /opt/airflow/dags/02_minio_to_duckdb.py
[2025-11-30T09:30:28.647+0000] {processor.py:830} INFO - Processing file /opt/airflow/dags/02_minio_to_duckdb.py for tasks to queue
[2025-11-30T09:30:28.649+0000] {logging_mixin.py:188} INFO - [2025-11-30T09:30:28.649+0000] {dagbag.py:538} INFO - Filling up the DagBag from /opt/airflow/dags/02_minio_to_duckdb.py
[2025-11-30T09:30:28.958+0000] {processor.py:840} INFO - DAG(s) 'minio_to_duckdb_pipeline' retrieved from /opt/airflow/dags/02_minio_to_duckdb.py
[2025-11-30T09:30:29.016+0000] {logging_mixin.py:188} INFO - [2025-11-30T09:30:29.015+0000] {dag.py:3036} INFO - Sync 1 DAGs
[2025-11-30T09:30:29.038+0000] {logging_mixin.py:188} INFO - [2025-11-30T09:30:29.037+0000] {dag.py:3823} INFO - Setting next_dagrun for minio_to_duckdb_pipeline to None, run_after=None
[2025-11-30T09:30:29.095+0000] {processor.py:183} INFO - Processing /opt/airflow/dags/02_minio_to_duckdb.py took 0.456 seconds
[2025-11-30T09:30:59.438+0000] {processor.py:161} INFO - Started process (PID=23033) to work on /opt/airflow/dags/02_minio_to_duckdb.py
[2025-11-30T09:30:59.441+0000] {processor.py:830} INFO - Processing file /opt/airflow/dags/02_minio_to_duckdb.py for tasks to queue
[2025-11-30T09:30:59.444+0000] {logging_mixin.py:188} INFO - [2025-11-30T09:30:59.443+0000] {dagbag.py:538} INFO - Filling up the DagBag from /opt/airflow/dags/02_minio_to_duckdb.py
[2025-11-30T09:30:59.646+0000] {processor.py:840} INFO - DAG(s) 'minio_to_duckdb_pipeline' retrieved from /opt/airflow/dags/02_minio_to_duckdb.py
[2025-11-30T09:30:59.707+0000] {logging_mixin.py:188} INFO - [2025-11-30T09:30:59.707+0000] {dag.py:3036} INFO - Sync 1 DAGs
[2025-11-30T09:30:59.732+0000] {logging_mixin.py:188} INFO - [2025-11-30T09:30:59.732+0000] {dag.py:3823} INFO - Setting next_dagrun for minio_to_duckdb_pipeline to None, run_after=None
[2025-11-30T09:30:59.783+0000] {processor.py:183} INFO - Processing /opt/airflow/dags/02_minio_to_duckdb.py took 0.355 seconds
[2025-11-30T09:31:30.080+0000] {processor.py:161} INFO - Started process (PID=23098) to work on /opt/airflow/dags/02_minio_to_duckdb.py
[2025-11-30T09:31:30.082+0000] {processor.py:830} INFO - Processing file /opt/airflow/dags/02_minio_to_duckdb.py for tasks to queue
[2025-11-30T09:31:30.085+0000] {logging_mixin.py:188} INFO - [2025-11-30T09:31:30.084+0000] {dagbag.py:538} INFO - Filling up the DagBag from /opt/airflow/dags/02_minio_to_duckdb.py
[2025-11-30T09:31:30.260+0000] {processor.py:840} INFO - DAG(s) 'minio_to_duckdb_pipeline' retrieved from /opt/airflow/dags/02_minio_to_duckdb.py
[2025-11-30T09:31:30.312+0000] {logging_mixin.py:188} INFO - [2025-11-30T09:31:30.311+0000] {dag.py:3036} INFO - Sync 1 DAGs
[2025-11-30T09:31:30.337+0000] {logging_mixin.py:188} INFO - [2025-11-30T09:31:30.336+0000] {dag.py:3823} INFO - Setting next_dagrun for minio_to_duckdb_pipeline to None, run_after=None
[2025-11-30T09:31:30.385+0000] {processor.py:183} INFO - Processing /opt/airflow/dags/02_minio_to_duckdb.py took 0.312 seconds
[2025-11-30T09:32:00.701+0000] {processor.py:161} INFO - Started process (PID=23163) to work on /opt/airflow/dags/02_minio_to_duckdb.py
[2025-11-30T09:32:00.703+0000] {processor.py:830} INFO - Processing file /opt/airflow/dags/02_minio_to_duckdb.py for tasks to queue
[2025-11-30T09:32:00.706+0000] {logging_mixin.py:188} INFO - [2025-11-30T09:32:00.705+0000] {dagbag.py:538} INFO - Filling up the DagBag from /opt/airflow/dags/02_minio_to_duckdb.py
[2025-11-30T09:32:00.873+0000] {processor.py:840} INFO - DAG(s) 'minio_to_duckdb_pipeline' retrieved from /opt/airflow/dags/02_minio_to_duckdb.py
[2025-11-30T09:32:00.928+0000] {logging_mixin.py:188} INFO - [2025-11-30T09:32:00.928+0000] {dag.py:3036} INFO - Sync 1 DAGs
[2025-11-30T09:32:00.953+0000] {logging_mixin.py:188} INFO - [2025-11-30T09:32:00.953+0000] {dag.py:3823} INFO - Setting next_dagrun for minio_to_duckdb_pipeline to None, run_after=None
[2025-11-30T09:32:01.001+0000] {processor.py:183} INFO - Processing /opt/airflow/dags/02_minio_to_duckdb.py took 0.307 seconds
[2025-11-30T09:32:31.271+0000] {processor.py:161} INFO - Started process (PID=23228) to work on /opt/airflow/dags/02_minio_to_duckdb.py
[2025-11-30T09:32:31.277+0000] {processor.py:830} INFO - Processing file /opt/airflow/dags/02_minio_to_duckdb.py for tasks to queue
[2025-11-30T09:32:31.282+0000] {logging_mixin.py:188} INFO - [2025-11-30T09:32:31.280+0000] {dagbag.py:538} INFO - Filling up the DagBag from /opt/airflow/dags/02_minio_to_duckdb.py
[2025-11-30T09:32:31.531+0000] {processor.py:840} INFO - DAG(s) 'minio_to_duckdb_pipeline' retrieved from /opt/airflow/dags/02_minio_to_duckdb.py
[2025-11-30T09:32:31.591+0000] {logging_mixin.py:188} INFO - [2025-11-30T09:32:31.590+0000] {dag.py:3036} INFO - Sync 1 DAGs
[2025-11-30T09:32:31.620+0000] {logging_mixin.py:188} INFO - [2025-11-30T09:32:31.619+0000] {dag.py:3823} INFO - Setting next_dagrun for minio_to_duckdb_pipeline to None, run_after=None
[2025-11-30T09:32:31.671+0000] {processor.py:183} INFO - Processing /opt/airflow/dags/02_minio_to_duckdb.py took 0.417 seconds
[2025-11-30T09:33:01.839+0000] {processor.py:161} INFO - Started process (PID=23290) to work on /opt/airflow/dags/02_minio_to_duckdb.py
[2025-11-30T09:33:01.841+0000] {processor.py:830} INFO - Processing file /opt/airflow/dags/02_minio_to_duckdb.py for tasks to queue
[2025-11-30T09:33:01.843+0000] {logging_mixin.py:188} INFO - [2025-11-30T09:33:01.842+0000] {dagbag.py:538} INFO - Filling up the DagBag from /opt/airflow/dags/02_minio_to_duckdb.py
[2025-11-30T09:33:02.020+0000] {processor.py:840} INFO - DAG(s) 'minio_to_duckdb_pipeline' retrieved from /opt/airflow/dags/02_minio_to_duckdb.py
[2025-11-30T09:33:02.081+0000] {logging_mixin.py:188} INFO - [2025-11-30T09:33:02.081+0000] {dag.py:3036} INFO - Sync 1 DAGs
[2025-11-30T09:33:02.100+0000] {logging_mixin.py:188} INFO - [2025-11-30T09:33:02.100+0000] {dag.py:3823} INFO - Setting next_dagrun for minio_to_duckdb_pipeline to None, run_after=None
[2025-11-30T09:33:02.140+0000] {processor.py:183} INFO - Processing /opt/airflow/dags/02_minio_to_duckdb.py took 0.305 seconds
[2025-11-30T09:33:33.118+0000] {processor.py:161} INFO - Started process (PID=23334) to work on /opt/airflow/dags/02_minio_to_duckdb.py
[2025-11-30T09:33:33.121+0000] {processor.py:830} INFO - Processing file /opt/airflow/dags/02_minio_to_duckdb.py for tasks to queue
[2025-11-30T09:33:33.123+0000] {logging_mixin.py:188} INFO - [2025-11-30T09:33:33.123+0000] {dagbag.py:538} INFO - Filling up the DagBag from /opt/airflow/dags/02_minio_to_duckdb.py
[2025-11-30T09:33:33.297+0000] {processor.py:840} INFO - DAG(s) 'minio_to_duckdb_pipeline' retrieved from /opt/airflow/dags/02_minio_to_duckdb.py
[2025-11-30T09:33:33.351+0000] {logging_mixin.py:188} INFO - [2025-11-30T09:33:33.350+0000] {dag.py:3036} INFO - Sync 1 DAGs
[2025-11-30T09:33:33.376+0000] {logging_mixin.py:188} INFO - [2025-11-30T09:33:33.375+0000] {dag.py:3823} INFO - Setting next_dagrun for minio_to_duckdb_pipeline to None, run_after=None
[2025-11-30T09:33:33.428+0000] {processor.py:183} INFO - Processing /opt/airflow/dags/02_minio_to_duckdb.py took 0.316 seconds
[2025-11-30T09:34:03.724+0000] {processor.py:161} INFO - Started process (PID=23399) to work on /opt/airflow/dags/02_minio_to_duckdb.py
[2025-11-30T09:34:03.727+0000] {processor.py:830} INFO - Processing file /opt/airflow/dags/02_minio_to_duckdb.py for tasks to queue
[2025-11-30T09:34:03.728+0000] {logging_mixin.py:188} INFO - [2025-11-30T09:34:03.728+0000] {dagbag.py:538} INFO - Filling up the DagBag from /opt/airflow/dags/02_minio_to_duckdb.py
[2025-11-30T09:34:03.889+0000] {processor.py:840} INFO - DAG(s) 'minio_to_duckdb_pipeline' retrieved from /opt/airflow/dags/02_minio_to_duckdb.py
[2025-11-30T09:34:03.949+0000] {logging_mixin.py:188} INFO - [2025-11-30T09:34:03.949+0000] {dag.py:3036} INFO - Sync 1 DAGs
[2025-11-30T09:34:03.972+0000] {logging_mixin.py:188} INFO - [2025-11-30T09:34:03.972+0000] {dag.py:3823} INFO - Setting next_dagrun for minio_to_duckdb_pipeline to None, run_after=None
[2025-11-30T09:34:04.023+0000] {processor.py:183} INFO - Processing /opt/airflow/dags/02_minio_to_duckdb.py took 0.305 seconds
[2025-11-30T09:34:34.185+0000] {processor.py:161} INFO - Started process (PID=23464) to work on /opt/airflow/dags/02_minio_to_duckdb.py
[2025-11-30T09:34:34.187+0000] {processor.py:830} INFO - Processing file /opt/airflow/dags/02_minio_to_duckdb.py for tasks to queue
[2025-11-30T09:34:34.190+0000] {logging_mixin.py:188} INFO - [2025-11-30T09:34:34.189+0000] {dagbag.py:538} INFO - Filling up the DagBag from /opt/airflow/dags/02_minio_to_duckdb.py
[2025-11-30T09:34:34.360+0000] {processor.py:840} INFO - DAG(s) 'minio_to_duckdb_pipeline' retrieved from /opt/airflow/dags/02_minio_to_duckdb.py
[2025-11-30T09:34:34.400+0000] {logging_mixin.py:188} INFO - [2025-11-30T09:34:34.400+0000] {dag.py:3036} INFO - Sync 1 DAGs
[2025-11-30T09:34:34.419+0000] {logging_mixin.py:188} INFO - [2025-11-30T09:34:34.419+0000] {dag.py:3823} INFO - Setting next_dagrun for minio_to_duckdb_pipeline to None, run_after=None
[2025-11-30T09:34:34.456+0000] {processor.py:183} INFO - Processing /opt/airflow/dags/02_minio_to_duckdb.py took 0.278 seconds
[2025-11-30T09:35:04.772+0000] {processor.py:161} INFO - Started process (PID=23529) to work on /opt/airflow/dags/02_minio_to_duckdb.py
[2025-11-30T09:35:04.775+0000] {processor.py:830} INFO - Processing file /opt/airflow/dags/02_minio_to_duckdb.py for tasks to queue
[2025-11-30T09:35:04.779+0000] {logging_mixin.py:188} INFO - [2025-11-30T09:35:04.778+0000] {dagbag.py:538} INFO - Filling up the DagBag from /opt/airflow/dags/02_minio_to_duckdb.py
[2025-11-30T09:35:05.012+0000] {processor.py:840} INFO - DAG(s) 'minio_to_duckdb_pipeline' retrieved from /opt/airflow/dags/02_minio_to_duckdb.py
[2025-11-30T09:35:05.067+0000] {logging_mixin.py:188} INFO - [2025-11-30T09:35:05.067+0000] {dag.py:3036} INFO - Sync 1 DAGs
[2025-11-30T09:35:05.092+0000] {logging_mixin.py:188} INFO - [2025-11-30T09:35:05.091+0000] {dag.py:3823} INFO - Setting next_dagrun for minio_to_duckdb_pipeline to None, run_after=None
[2025-11-30T09:35:05.143+0000] {processor.py:183} INFO - Processing /opt/airflow/dags/02_minio_to_duckdb.py took 0.379 seconds
[2025-11-30T09:35:35.518+0000] {processor.py:161} INFO - Started process (PID=23594) to work on /opt/airflow/dags/02_minio_to_duckdb.py
[2025-11-30T09:35:35.520+0000] {processor.py:830} INFO - Processing file /opt/airflow/dags/02_minio_to_duckdb.py for tasks to queue
[2025-11-30T09:35:35.523+0000] {logging_mixin.py:188} INFO - [2025-11-30T09:35:35.522+0000] {dagbag.py:538} INFO - Filling up the DagBag from /opt/airflow/dags/02_minio_to_duckdb.py
[2025-11-30T09:35:35.716+0000] {processor.py:840} INFO - DAG(s) 'minio_to_duckdb_pipeline' retrieved from /opt/airflow/dags/02_minio_to_duckdb.py
[2025-11-30T09:35:35.765+0000] {logging_mixin.py:188} INFO - [2025-11-30T09:35:35.764+0000] {dag.py:3036} INFO - Sync 1 DAGs
[2025-11-30T09:35:35.789+0000] {logging_mixin.py:188} INFO - [2025-11-30T09:35:35.789+0000] {dag.py:3823} INFO - Setting next_dagrun for minio_to_duckdb_pipeline to None, run_after=None
[2025-11-30T09:35:35.840+0000] {processor.py:183} INFO - Processing /opt/airflow/dags/02_minio_to_duckdb.py took 0.328 seconds
[2025-11-30T09:36:05.991+0000] {processor.py:161} INFO - Started process (PID=23659) to work on /opt/airflow/dags/02_minio_to_duckdb.py
[2025-11-30T09:36:05.994+0000] {processor.py:830} INFO - Processing file /opt/airflow/dags/02_minio_to_duckdb.py for tasks to queue
[2025-11-30T09:36:05.997+0000] {logging_mixin.py:188} INFO - [2025-11-30T09:36:05.996+0000] {dagbag.py:538} INFO - Filling up the DagBag from /opt/airflow/dags/02_minio_to_duckdb.py
[2025-11-30T09:36:06.180+0000] {processor.py:840} INFO - DAG(s) 'minio_to_duckdb_pipeline' retrieved from /opt/airflow/dags/02_minio_to_duckdb.py
[2025-11-30T09:36:06.250+0000] {logging_mixin.py:188} INFO - [2025-11-30T09:36:06.249+0000] {dag.py:3036} INFO - Sync 1 DAGs
[2025-11-30T09:36:06.287+0000] {logging_mixin.py:188} INFO - [2025-11-30T09:36:06.287+0000] {dag.py:3823} INFO - Setting next_dagrun for minio_to_duckdb_pipeline to None, run_after=None
[2025-11-30T09:36:06.354+0000] {processor.py:183} INFO - Processing /opt/airflow/dags/02_minio_to_duckdb.py took 0.371 seconds
[2025-11-30T09:36:36.739+0000] {processor.py:161} INFO - Started process (PID=23722) to work on /opt/airflow/dags/02_minio_to_duckdb.py
[2025-11-30T09:36:36.785+0000] {processor.py:830} INFO - Processing file /opt/airflow/dags/02_minio_to_duckdb.py for tasks to queue
[2025-11-30T09:36:36.791+0000] {logging_mixin.py:188} INFO - [2025-11-30T09:36:36.789+0000] {dagbag.py:538} INFO - Filling up the DagBag from /opt/airflow/dags/02_minio_to_duckdb.py
[2025-11-30T09:36:37.172+0000] {processor.py:840} INFO - DAG(s) 'minio_to_duckdb_pipeline' retrieved from /opt/airflow/dags/02_minio_to_duckdb.py
[2025-11-30T09:36:37.218+0000] {logging_mixin.py:188} INFO - [2025-11-30T09:36:37.217+0000] {dag.py:3036} INFO - Sync 1 DAGs
[2025-11-30T09:36:37.251+0000] {logging_mixin.py:188} INFO - [2025-11-30T09:36:37.250+0000] {dag.py:3823} INFO - Setting next_dagrun for minio_to_duckdb_pipeline to None, run_after=None
[2025-11-30T09:36:37.294+0000] {processor.py:183} INFO - Processing /opt/airflow/dags/02_minio_to_duckdb.py took 0.577 seconds
[2025-11-30T09:37:07.509+0000] {processor.py:161} INFO - Started process (PID=23768) to work on /opt/airflow/dags/02_minio_to_duckdb.py
[2025-11-30T09:37:07.511+0000] {processor.py:830} INFO - Processing file /opt/airflow/dags/02_minio_to_duckdb.py for tasks to queue
[2025-11-30T09:37:07.514+0000] {logging_mixin.py:188} INFO - [2025-11-30T09:37:07.513+0000] {dagbag.py:538} INFO - Filling up the DagBag from /opt/airflow/dags/02_minio_to_duckdb.py
[2025-11-30T09:37:07.689+0000] {processor.py:840} INFO - DAG(s) 'minio_to_duckdb_pipeline' retrieved from /opt/airflow/dags/02_minio_to_duckdb.py
[2025-11-30T09:37:07.751+0000] {logging_mixin.py:188} INFO - [2025-11-30T09:37:07.750+0000] {dag.py:3036} INFO - Sync 1 DAGs
[2025-11-30T09:37:07.791+0000] {logging_mixin.py:188} INFO - [2025-11-30T09:37:07.790+0000] {dag.py:3823} INFO - Setting next_dagrun for minio_to_duckdb_pipeline to None, run_after=None
[2025-11-30T09:37:07.842+0000] {processor.py:183} INFO - Processing /opt/airflow/dags/02_minio_to_duckdb.py took 0.341 seconds
[2025-11-30T09:37:38.502+0000] {processor.py:161} INFO - Started process (PID=23830) to work on /opt/airflow/dags/02_minio_to_duckdb.py
[2025-11-30T09:37:38.505+0000] {processor.py:830} INFO - Processing file /opt/airflow/dags/02_minio_to_duckdb.py for tasks to queue
[2025-11-30T09:37:38.508+0000] {logging_mixin.py:188} INFO - [2025-11-30T09:37:38.507+0000] {dagbag.py:538} INFO - Filling up the DagBag from /opt/airflow/dags/02_minio_to_duckdb.py
[2025-11-30T09:37:38.687+0000] {processor.py:840} INFO - DAG(s) 'minio_to_duckdb_pipeline' retrieved from /opt/airflow/dags/02_minio_to_duckdb.py
[2025-11-30T09:37:38.736+0000] {logging_mixin.py:188} INFO - [2025-11-30T09:37:38.736+0000] {dag.py:3036} INFO - Sync 1 DAGs
[2025-11-30T09:37:38.772+0000] {logging_mixin.py:188} INFO - [2025-11-30T09:37:38.772+0000] {dag.py:3823} INFO - Setting next_dagrun for minio_to_duckdb_pipeline to None, run_after=None
[2025-11-30T09:37:38.873+0000] {processor.py:183} INFO - Processing /opt/airflow/dags/02_minio_to_duckdb.py took 0.378 seconds
[2025-11-30T09:38:08.972+0000] {processor.py:161} INFO - Started process (PID=23895) to work on /opt/airflow/dags/02_minio_to_duckdb.py
[2025-11-30T09:38:08.976+0000] {processor.py:830} INFO - Processing file /opt/airflow/dags/02_minio_to_duckdb.py for tasks to queue
[2025-11-30T09:38:08.980+0000] {logging_mixin.py:188} INFO - [2025-11-30T09:38:08.979+0000] {dagbag.py:538} INFO - Filling up the DagBag from /opt/airflow/dags/02_minio_to_duckdb.py
[2025-11-30T09:38:09.199+0000] {processor.py:840} INFO - DAG(s) 'minio_to_duckdb_pipeline' retrieved from /opt/airflow/dags/02_minio_to_duckdb.py
[2025-11-30T09:38:09.268+0000] {logging_mixin.py:188} INFO - [2025-11-30T09:38:09.267+0000] {dag.py:3036} INFO - Sync 1 DAGs
[2025-11-30T09:38:09.311+0000] {logging_mixin.py:188} INFO - [2025-11-30T09:38:09.310+0000] {dag.py:3823} INFO - Setting next_dagrun for minio_to_duckdb_pipeline to None, run_after=None
[2025-11-30T09:38:09.391+0000] {processor.py:183} INFO - Processing /opt/airflow/dags/02_minio_to_duckdb.py took 0.430 seconds
[2025-11-30T09:38:39.757+0000] {processor.py:161} INFO - Started process (PID=23958) to work on /opt/airflow/dags/02_minio_to_duckdb.py
[2025-11-30T09:38:39.759+0000] {processor.py:830} INFO - Processing file /opt/airflow/dags/02_minio_to_duckdb.py for tasks to queue
[2025-11-30T09:38:39.760+0000] {logging_mixin.py:188} INFO - [2025-11-30T09:38:39.760+0000] {dagbag.py:538} INFO - Filling up the DagBag from /opt/airflow/dags/02_minio_to_duckdb.py
[2025-11-30T09:38:39.943+0000] {processor.py:840} INFO - DAG(s) 'minio_to_duckdb_pipeline' retrieved from /opt/airflow/dags/02_minio_to_duckdb.py
[2025-11-30T09:38:39.995+0000] {logging_mixin.py:188} INFO - [2025-11-30T09:38:39.995+0000] {dag.py:3036} INFO - Sync 1 DAGs
[2025-11-30T09:38:40.013+0000] {logging_mixin.py:188} INFO - [2025-11-30T09:38:40.013+0000] {dag.py:3823} INFO - Setting next_dagrun for minio_to_duckdb_pipeline to None, run_after=None
[2025-11-30T09:38:40.072+0000] {processor.py:183} INFO - Processing /opt/airflow/dags/02_minio_to_duckdb.py took 0.324 seconds
[2025-11-30T09:39:10.410+0000] {processor.py:161} INFO - Started process (PID=24004) to work on /opt/airflow/dags/02_minio_to_duckdb.py
[2025-11-30T09:39:10.412+0000] {processor.py:830} INFO - Processing file /opt/airflow/dags/02_minio_to_duckdb.py for tasks to queue
[2025-11-30T09:39:10.414+0000] {logging_mixin.py:188} INFO - [2025-11-30T09:39:10.414+0000] {dagbag.py:538} INFO - Filling up the DagBag from /opt/airflow/dags/02_minio_to_duckdb.py
[2025-11-30T09:39:10.593+0000] {processor.py:840} INFO - DAG(s) 'minio_to_duckdb_pipeline' retrieved from /opt/airflow/dags/02_minio_to_duckdb.py
[2025-11-30T09:39:10.655+0000] {logging_mixin.py:188} INFO - [2025-11-30T09:39:10.655+0000] {dag.py:3036} INFO - Sync 1 DAGs
[2025-11-30T09:39:10.676+0000] {logging_mixin.py:188} INFO - [2025-11-30T09:39:10.676+0000] {dag.py:3823} INFO - Setting next_dagrun for minio_to_duckdb_pipeline to None, run_after=None
[2025-11-30T09:39:10.734+0000] {processor.py:183} INFO - Processing /opt/airflow/dags/02_minio_to_duckdb.py took 0.331 seconds
[2025-11-30T09:39:41.061+0000] {processor.py:161} INFO - Started process (PID=24069) to work on /opt/airflow/dags/02_minio_to_duckdb.py
[2025-11-30T09:39:41.064+0000] {processor.py:830} INFO - Processing file /opt/airflow/dags/02_minio_to_duckdb.py for tasks to queue
[2025-11-30T09:39:41.066+0000] {logging_mixin.py:188} INFO - [2025-11-30T09:39:41.066+0000] {dagbag.py:538} INFO - Filling up the DagBag from /opt/airflow/dags/02_minio_to_duckdb.py
[2025-11-30T09:39:41.239+0000] {processor.py:840} INFO - DAG(s) 'minio_to_duckdb_pipeline' retrieved from /opt/airflow/dags/02_minio_to_duckdb.py
[2025-11-30T09:39:41.296+0000] {logging_mixin.py:188} INFO - [2025-11-30T09:39:41.296+0000] {dag.py:3036} INFO - Sync 1 DAGs
[2025-11-30T09:39:41.325+0000] {logging_mixin.py:188} INFO - [2025-11-30T09:39:41.324+0000] {dag.py:3823} INFO - Setting next_dagrun for minio_to_duckdb_pipeline to None, run_after=None
[2025-11-30T09:39:41.380+0000] {processor.py:183} INFO - Processing /opt/airflow/dags/02_minio_to_duckdb.py took 0.326 seconds
[2025-11-30T09:40:12.344+0000] {processor.py:161} INFO - Started process (PID=24134) to work on /opt/airflow/dags/02_minio_to_duckdb.py
[2025-11-30T09:40:12.346+0000] {processor.py:830} INFO - Processing file /opt/airflow/dags/02_minio_to_duckdb.py for tasks to queue
[2025-11-30T09:40:12.348+0000] {logging_mixin.py:188} INFO - [2025-11-30T09:40:12.347+0000] {dagbag.py:538} INFO - Filling up the DagBag from /opt/airflow/dags/02_minio_to_duckdb.py
[2025-11-30T09:40:12.522+0000] {processor.py:840} INFO - DAG(s) 'minio_to_duckdb_pipeline' retrieved from /opt/airflow/dags/02_minio_to_duckdb.py
[2025-11-30T09:40:12.566+0000] {logging_mixin.py:188} INFO - [2025-11-30T09:40:12.565+0000] {dag.py:3036} INFO - Sync 1 DAGs
[2025-11-30T09:40:12.586+0000] {logging_mixin.py:188} INFO - [2025-11-30T09:40:12.585+0000] {dag.py:3823} INFO - Setting next_dagrun for minio_to_duckdb_pipeline to None, run_after=None
[2025-11-30T09:40:12.619+0000] {processor.py:183} INFO - Processing /opt/airflow/dags/02_minio_to_duckdb.py took 0.282 seconds
[2025-11-30T09:40:42.952+0000] {processor.py:161} INFO - Started process (PID=24197) to work on /opt/airflow/dags/02_minio_to_duckdb.py
[2025-11-30T09:40:42.954+0000] {processor.py:830} INFO - Processing file /opt/airflow/dags/02_minio_to_duckdb.py for tasks to queue
[2025-11-30T09:40:42.955+0000] {logging_mixin.py:188} INFO - [2025-11-30T09:40:42.955+0000] {dagbag.py:538} INFO - Filling up the DagBag from /opt/airflow/dags/02_minio_to_duckdb.py
[2025-11-30T09:40:43.113+0000] {processor.py:840} INFO - DAG(s) 'minio_to_duckdb_pipeline' retrieved from /opt/airflow/dags/02_minio_to_duckdb.py
[2025-11-30T09:40:43.159+0000] {logging_mixin.py:188} INFO - [2025-11-30T09:40:43.159+0000] {dag.py:3036} INFO - Sync 1 DAGs
[2025-11-30T09:40:43.175+0000] {logging_mixin.py:188} INFO - [2025-11-30T09:40:43.174+0000] {dag.py:3823} INFO - Setting next_dagrun for minio_to_duckdb_pipeline to None, run_after=None
[2025-11-30T09:40:43.217+0000] {processor.py:183} INFO - Processing /opt/airflow/dags/02_minio_to_duckdb.py took 0.269 seconds
[2025-11-30T09:41:13.372+0000] {processor.py:161} INFO - Started process (PID=24243) to work on /opt/airflow/dags/02_minio_to_duckdb.py
[2025-11-30T09:41:13.375+0000] {processor.py:830} INFO - Processing file /opt/airflow/dags/02_minio_to_duckdb.py for tasks to queue
[2025-11-30T09:41:13.378+0000] {logging_mixin.py:188} INFO - [2025-11-30T09:41:13.377+0000] {dagbag.py:538} INFO - Filling up the DagBag from /opt/airflow/dags/02_minio_to_duckdb.py
[2025-11-30T09:41:13.564+0000] {processor.py:840} INFO - DAG(s) 'minio_to_duckdb_pipeline' retrieved from /opt/airflow/dags/02_minio_to_duckdb.py
[2025-11-30T09:41:13.616+0000] {logging_mixin.py:188} INFO - [2025-11-30T09:41:13.615+0000] {dag.py:3036} INFO - Sync 1 DAGs
[2025-11-30T09:41:13.640+0000] {logging_mixin.py:188} INFO - [2025-11-30T09:41:13.639+0000] {dag.py:3823} INFO - Setting next_dagrun for minio_to_duckdb_pipeline to None, run_after=None
[2025-11-30T09:41:13.685+0000] {processor.py:183} INFO - Processing /opt/airflow/dags/02_minio_to_duckdb.py took 0.325 seconds
[2025-11-30T09:41:44.642+0000] {processor.py:161} INFO - Started process (PID=24305) to work on /opt/airflow/dags/02_minio_to_duckdb.py
[2025-11-30T09:41:44.645+0000] {processor.py:830} INFO - Processing file /opt/airflow/dags/02_minio_to_duckdb.py for tasks to queue
[2025-11-30T09:41:44.647+0000] {logging_mixin.py:188} INFO - [2025-11-30T09:41:44.646+0000] {dagbag.py:538} INFO - Filling up the DagBag from /opt/airflow/dags/02_minio_to_duckdb.py
[2025-11-30T09:41:44.818+0000] {processor.py:840} INFO - DAG(s) 'minio_to_duckdb_pipeline' retrieved from /opt/airflow/dags/02_minio_to_duckdb.py
[2025-11-30T09:41:44.885+0000] {logging_mixin.py:188} INFO - [2025-11-30T09:41:44.885+0000] {dag.py:3036} INFO - Sync 1 DAGs
[2025-11-30T09:41:44.909+0000] {logging_mixin.py:188} INFO - [2025-11-30T09:41:44.909+0000] {dag.py:3823} INFO - Setting next_dagrun for minio_to_duckdb_pipeline to None, run_after=None
[2025-11-30T09:41:44.948+0000] {processor.py:183} INFO - Processing /opt/airflow/dags/02_minio_to_duckdb.py took 0.312 seconds
[2025-11-30T09:42:15.273+0000] {processor.py:161} INFO - Started process (PID=24370) to work on /opt/airflow/dags/02_minio_to_duckdb.py
[2025-11-30T09:42:15.276+0000] {processor.py:830} INFO - Processing file /opt/airflow/dags/02_minio_to_duckdb.py for tasks to queue
[2025-11-30T09:42:15.278+0000] {logging_mixin.py:188} INFO - [2025-11-30T09:42:15.277+0000] {dagbag.py:538} INFO - Filling up the DagBag from /opt/airflow/dags/02_minio_to_duckdb.py
[2025-11-30T09:42:15.449+0000] {processor.py:840} INFO - DAG(s) 'minio_to_duckdb_pipeline' retrieved from /opt/airflow/dags/02_minio_to_duckdb.py
[2025-11-30T09:42:15.500+0000] {logging_mixin.py:188} INFO - [2025-11-30T09:42:15.499+0000] {dag.py:3036} INFO - Sync 1 DAGs
[2025-11-30T09:42:15.525+0000] {logging_mixin.py:188} INFO - [2025-11-30T09:42:15.524+0000] {dag.py:3823} INFO - Setting next_dagrun for minio_to_duckdb_pipeline to None, run_after=None
[2025-11-30T09:42:15.579+0000] {processor.py:183} INFO - Processing /opt/airflow/dags/02_minio_to_duckdb.py took 0.312 seconds
[2025-11-30T09:42:45.969+0000] {processor.py:161} INFO - Started process (PID=24435) to work on /opt/airflow/dags/02_minio_to_duckdb.py
[2025-11-30T09:42:45.971+0000] {processor.py:830} INFO - Processing file /opt/airflow/dags/02_minio_to_duckdb.py for tasks to queue
[2025-11-30T09:42:45.973+0000] {logging_mixin.py:188} INFO - [2025-11-30T09:42:45.973+0000] {dagbag.py:538} INFO - Filling up the DagBag from /opt/airflow/dags/02_minio_to_duckdb.py
[2025-11-30T09:42:46.144+0000] {processor.py:840} INFO - DAG(s) 'minio_to_duckdb_pipeline' retrieved from /opt/airflow/dags/02_minio_to_duckdb.py
[2025-11-30T09:42:46.204+0000] {logging_mixin.py:188} INFO - [2025-11-30T09:42:46.203+0000] {dag.py:3036} INFO - Sync 1 DAGs
[2025-11-30T09:42:46.236+0000] {logging_mixin.py:188} INFO - [2025-11-30T09:42:46.235+0000] {dag.py:3823} INFO - Setting next_dagrun for minio_to_duckdb_pipeline to None, run_after=None
[2025-11-30T09:42:46.279+0000] {processor.py:183} INFO - Processing /opt/airflow/dags/02_minio_to_duckdb.py took 0.317 seconds
[2025-11-30T09:43:16.850+0000] {processor.py:161} INFO - Started process (PID=24500) to work on /opt/airflow/dags/02_minio_to_duckdb.py
[2025-11-30T09:43:16.852+0000] {processor.py:830} INFO - Processing file /opt/airflow/dags/02_minio_to_duckdb.py for tasks to queue
[2025-11-30T09:43:16.858+0000] {logging_mixin.py:188} INFO - [2025-11-30T09:43:16.856+0000] {dagbag.py:538} INFO - Filling up the DagBag from /opt/airflow/dags/02_minio_to_duckdb.py
[2025-11-30T09:43:17.241+0000] {processor.py:840} INFO - DAG(s) 'minio_to_duckdb_pipeline' retrieved from /opt/airflow/dags/02_minio_to_duckdb.py
[2025-11-30T09:43:17.288+0000] {logging_mixin.py:188} INFO - [2025-11-30T09:43:17.288+0000] {dag.py:3036} INFO - Sync 1 DAGs
[2025-11-30T09:43:17.330+0000] {logging_mixin.py:188} INFO - [2025-11-30T09:43:17.328+0000] {dag.py:3823} INFO - Setting next_dagrun for minio_to_duckdb_pipeline to None, run_after=None
[2025-11-30T09:43:17.417+0000] {processor.py:183} INFO - Processing /opt/airflow/dags/02_minio_to_duckdb.py took 0.578 seconds
[2025-11-30T09:43:47.535+0000] {processor.py:161} INFO - Started process (PID=24565) to work on /opt/airflow/dags/02_minio_to_duckdb.py
[2025-11-30T09:43:47.537+0000] {processor.py:830} INFO - Processing file /opt/airflow/dags/02_minio_to_duckdb.py for tasks to queue
[2025-11-30T09:43:47.540+0000] {logging_mixin.py:188} INFO - [2025-11-30T09:43:47.539+0000] {dagbag.py:538} INFO - Filling up the DagBag from /opt/airflow/dags/02_minio_to_duckdb.py
[2025-11-30T09:43:47.724+0000] {processor.py:840} INFO - DAG(s) 'minio_to_duckdb_pipeline' retrieved from /opt/airflow/dags/02_minio_to_duckdb.py
[2025-11-30T09:43:47.787+0000] {logging_mixin.py:188} INFO - [2025-11-30T09:43:47.786+0000] {dag.py:3036} INFO - Sync 1 DAGs
[2025-11-30T09:43:47.811+0000] {logging_mixin.py:188} INFO - [2025-11-30T09:43:47.810+0000] {dag.py:3823} INFO - Setting next_dagrun for minio_to_duckdb_pipeline to None, run_after=None
[2025-11-30T09:43:47.861+0000] {processor.py:183} INFO - Processing /opt/airflow/dags/02_minio_to_duckdb.py took 0.333 seconds
[2025-11-30T09:44:18.189+0000] {processor.py:161} INFO - Started process (PID=24630) to work on /opt/airflow/dags/02_minio_to_duckdb.py
[2025-11-30T09:44:18.191+0000] {processor.py:830} INFO - Processing file /opt/airflow/dags/02_minio_to_duckdb.py for tasks to queue
[2025-11-30T09:44:18.194+0000] {logging_mixin.py:188} INFO - [2025-11-30T09:44:18.193+0000] {dagbag.py:538} INFO - Filling up the DagBag from /opt/airflow/dags/02_minio_to_duckdb.py
[2025-11-30T09:44:18.374+0000] {processor.py:840} INFO - DAG(s) 'minio_to_duckdb_pipeline' retrieved from /opt/airflow/dags/02_minio_to_duckdb.py
[2025-11-30T09:44:18.423+0000] {logging_mixin.py:188} INFO - [2025-11-30T09:44:18.422+0000] {dag.py:3036} INFO - Sync 1 DAGs
[2025-11-30T09:44:18.445+0000] {logging_mixin.py:188} INFO - [2025-11-30T09:44:18.445+0000] {dag.py:3823} INFO - Setting next_dagrun for minio_to_duckdb_pipeline to None, run_after=None
[2025-11-30T09:44:18.498+0000] {processor.py:183} INFO - Processing /opt/airflow/dags/02_minio_to_duckdb.py took 0.316 seconds
[2025-11-30T09:44:48.775+0000] {processor.py:161} INFO - Started process (PID=24692) to work on /opt/airflow/dags/02_minio_to_duckdb.py
[2025-11-30T09:44:48.779+0000] {processor.py:830} INFO - Processing file /opt/airflow/dags/02_minio_to_duckdb.py for tasks to queue
[2025-11-30T09:44:48.784+0000] {logging_mixin.py:188} INFO - [2025-11-30T09:44:48.782+0000] {dagbag.py:538} INFO - Filling up the DagBag from /opt/airflow/dags/02_minio_to_duckdb.py
[2025-11-30T09:44:49.069+0000] {processor.py:840} INFO - DAG(s) 'minio_to_duckdb_pipeline' retrieved from /opt/airflow/dags/02_minio_to_duckdb.py
[2025-11-30T09:44:49.132+0000] {logging_mixin.py:188} INFO - [2025-11-30T09:44:49.131+0000] {dag.py:3036} INFO - Sync 1 DAGs
[2025-11-30T09:44:49.180+0000] {logging_mixin.py:188} INFO - [2025-11-30T09:44:49.179+0000] {dag.py:3823} INFO - Setting next_dagrun for minio_to_duckdb_pipeline to None, run_after=None
[2025-11-30T09:44:49.245+0000] {processor.py:183} INFO - Processing /opt/airflow/dags/02_minio_to_duckdb.py took 0.483 seconds
[2025-11-30T09:45:20.018+0000] {processor.py:161} INFO - Started process (PID=24736) to work on /opt/airflow/dags/02_minio_to_duckdb.py
[2025-11-30T09:45:20.020+0000] {processor.py:830} INFO - Processing file /opt/airflow/dags/02_minio_to_duckdb.py for tasks to queue
[2025-11-30T09:45:20.023+0000] {logging_mixin.py:188} INFO - [2025-11-30T09:45:20.022+0000] {dagbag.py:538} INFO - Filling up the DagBag from /opt/airflow/dags/02_minio_to_duckdb.py
[2025-11-30T09:45:20.193+0000] {processor.py:840} INFO - DAG(s) 'minio_to_duckdb_pipeline' retrieved from /opt/airflow/dags/02_minio_to_duckdb.py
[2025-11-30T09:45:20.241+0000] {logging_mixin.py:188} INFO - [2025-11-30T09:45:20.240+0000] {dag.py:3036} INFO - Sync 1 DAGs
[2025-11-30T09:45:20.273+0000] {logging_mixin.py:188} INFO - [2025-11-30T09:45:20.273+0000] {dag.py:3823} INFO - Setting next_dagrun for minio_to_duckdb_pipeline to None, run_after=None
[2025-11-30T09:45:20.332+0000] {processor.py:183} INFO - Processing /opt/airflow/dags/02_minio_to_duckdb.py took 0.323 seconds
[2025-11-30T09:45:50.671+0000] {processor.py:161} INFO - Started process (PID=24801) to work on /opt/airflow/dags/02_minio_to_duckdb.py
[2025-11-30T09:45:50.673+0000] {processor.py:830} INFO - Processing file /opt/airflow/dags/02_minio_to_duckdb.py for tasks to queue
[2025-11-30T09:45:50.676+0000] {logging_mixin.py:188} INFO - [2025-11-30T09:45:50.675+0000] {dagbag.py:538} INFO - Filling up the DagBag from /opt/airflow/dags/02_minio_to_duckdb.py
[2025-11-30T09:45:50.847+0000] {processor.py:840} INFO - DAG(s) 'minio_to_duckdb_pipeline' retrieved from /opt/airflow/dags/02_minio_to_duckdb.py
[2025-11-30T09:45:50.901+0000] {logging_mixin.py:188} INFO - [2025-11-30T09:45:50.900+0000] {dag.py:3036} INFO - Sync 1 DAGs
[2025-11-30T09:45:50.931+0000] {logging_mixin.py:188} INFO - [2025-11-30T09:45:50.930+0000] {dag.py:3823} INFO - Setting next_dagrun for minio_to_duckdb_pipeline to None, run_after=None
[2025-11-30T09:45:50.979+0000] {processor.py:183} INFO - Processing /opt/airflow/dags/02_minio_to_duckdb.py took 0.315 seconds
[2025-11-30T09:46:21.326+0000] {processor.py:161} INFO - Started process (PID=24866) to work on /opt/airflow/dags/02_minio_to_duckdb.py
[2025-11-30T09:46:21.328+0000] {processor.py:830} INFO - Processing file /opt/airflow/dags/02_minio_to_duckdb.py for tasks to queue
[2025-11-30T09:46:21.330+0000] {logging_mixin.py:188} INFO - [2025-11-30T09:46:21.330+0000] {dagbag.py:538} INFO - Filling up the DagBag from /opt/airflow/dags/02_minio_to_duckdb.py
[2025-11-30T09:46:21.497+0000] {processor.py:840} INFO - DAG(s) 'minio_to_duckdb_pipeline' retrieved from /opt/airflow/dags/02_minio_to_duckdb.py
[2025-11-30T09:46:21.545+0000] {logging_mixin.py:188} INFO - [2025-11-30T09:46:21.545+0000] {dag.py:3036} INFO - Sync 1 DAGs
[2025-11-30T09:46:21.568+0000] {logging_mixin.py:188} INFO - [2025-11-30T09:46:21.568+0000] {dag.py:3823} INFO - Setting next_dagrun for minio_to_duckdb_pipeline to None, run_after=None
[2025-11-30T09:46:21.617+0000] {processor.py:183} INFO - Processing /opt/airflow/dags/02_minio_to_duckdb.py took 0.297 seconds
[2025-11-30T09:46:52.593+0000] {processor.py:161} INFO - Started process (PID=24931) to work on /opt/airflow/dags/02_minio_to_duckdb.py
[2025-11-30T09:46:52.595+0000] {processor.py:830} INFO - Processing file /opt/airflow/dags/02_minio_to_duckdb.py for tasks to queue
[2025-11-30T09:46:52.597+0000] {logging_mixin.py:188} INFO - [2025-11-30T09:46:52.596+0000] {dagbag.py:538} INFO - Filling up the DagBag from /opt/airflow/dags/02_minio_to_duckdb.py
[2025-11-30T09:46:53.022+0000] {processor.py:840} INFO - DAG(s) 'minio_to_duckdb_pipeline' retrieved from /opt/airflow/dags/02_minio_to_duckdb.py
[2025-11-30T09:46:53.123+0000] {logging_mixin.py:188} INFO - [2025-11-30T09:46:53.123+0000] {dag.py:3036} INFO - Sync 1 DAGs
[2025-11-30T09:46:53.148+0000] {logging_mixin.py:188} INFO - [2025-11-30T09:46:53.148+0000] {dag.py:3823} INFO - Setting next_dagrun for minio_to_duckdb_pipeline to None, run_after=None
[2025-11-30T09:46:53.201+0000] {processor.py:183} INFO - Processing /opt/airflow/dags/02_minio_to_duckdb.py took 0.615 seconds
[2025-11-30T09:47:24.007+0000] {processor.py:161} INFO - Started process (PID=24996) to work on /opt/airflow/dags/02_minio_to_duckdb.py
[2025-11-30T09:47:24.008+0000] {processor.py:830} INFO - Processing file /opt/airflow/dags/02_minio_to_duckdb.py for tasks to queue
[2025-11-30T09:47:24.011+0000] {logging_mixin.py:188} INFO - [2025-11-30T09:47:24.010+0000] {dagbag.py:538} INFO - Filling up the DagBag from /opt/airflow/dags/02_minio_to_duckdb.py
[2025-11-30T09:47:24.186+0000] {processor.py:840} INFO - DAG(s) 'minio_to_duckdb_pipeline' retrieved from /opt/airflow/dags/02_minio_to_duckdb.py
[2025-11-30T09:47:24.249+0000] {logging_mixin.py:188} INFO - [2025-11-30T09:47:24.249+0000] {dag.py:3036} INFO - Sync 1 DAGs
[2025-11-30T09:47:24.278+0000] {logging_mixin.py:188} INFO - [2025-11-30T09:47:24.277+0000] {dag.py:3823} INFO - Setting next_dagrun for minio_to_duckdb_pipeline to None, run_after=None
[2025-11-30T09:47:24.327+0000] {processor.py:183} INFO - Processing /opt/airflow/dags/02_minio_to_duckdb.py took 0.327 seconds
[2025-11-30T09:47:54.712+0000] {processor.py:161} INFO - Started process (PID=25061) to work on /opt/airflow/dags/02_minio_to_duckdb.py
[2025-11-30T09:47:54.715+0000] {processor.py:830} INFO - Processing file /opt/airflow/dags/02_minio_to_duckdb.py for tasks to queue
[2025-11-30T09:47:54.719+0000] {logging_mixin.py:188} INFO - [2025-11-30T09:47:54.718+0000] {dagbag.py:538} INFO - Filling up the DagBag from /opt/airflow/dags/02_minio_to_duckdb.py
[2025-11-30T09:47:54.920+0000] {processor.py:840} INFO - DAG(s) 'minio_to_duckdb_pipeline' retrieved from /opt/airflow/dags/02_minio_to_duckdb.py
[2025-11-30T09:47:54.978+0000] {logging_mixin.py:188} INFO - [2025-11-30T09:47:54.977+0000] {dag.py:3036} INFO - Sync 1 DAGs
[2025-11-30T09:47:55.004+0000] {logging_mixin.py:188} INFO - [2025-11-30T09:47:55.003+0000] {dag.py:3823} INFO - Setting next_dagrun for minio_to_duckdb_pipeline to None, run_after=None
[2025-11-30T09:47:55.052+0000] {processor.py:183} INFO - Processing /opt/airflow/dags/02_minio_to_duckdb.py took 0.354 seconds
[2025-11-30T09:48:25.377+0000] {processor.py:161} INFO - Started process (PID=25126) to work on /opt/airflow/dags/02_minio_to_duckdb.py
[2025-11-30T09:48:25.379+0000] {processor.py:830} INFO - Processing file /opt/airflow/dags/02_minio_to_duckdb.py for tasks to queue
[2025-11-30T09:48:25.382+0000] {logging_mixin.py:188} INFO - [2025-11-30T09:48:25.381+0000] {dagbag.py:538} INFO - Filling up the DagBag from /opt/airflow/dags/02_minio_to_duckdb.py
[2025-11-30T09:48:25.549+0000] {processor.py:840} INFO - DAG(s) 'minio_to_duckdb_pipeline' retrieved from /opt/airflow/dags/02_minio_to_duckdb.py
[2025-11-30T09:48:25.597+0000] {logging_mixin.py:188} INFO - [2025-11-30T09:48:25.597+0000] {dag.py:3036} INFO - Sync 1 DAGs
[2025-11-30T09:48:25.623+0000] {logging_mixin.py:188} INFO - [2025-11-30T09:48:25.622+0000] {dag.py:3823} INFO - Setting next_dagrun for minio_to_duckdb_pipeline to None, run_after=None
[2025-11-30T09:48:25.676+0000] {processor.py:183} INFO - Processing /opt/airflow/dags/02_minio_to_duckdb.py took 0.306 seconds
[2025-11-30T09:48:55.991+0000] {processor.py:161} INFO - Started process (PID=25189) to work on /opt/airflow/dags/02_minio_to_duckdb.py
[2025-11-30T09:48:55.992+0000] {processor.py:830} INFO - Processing file /opt/airflow/dags/02_minio_to_duckdb.py for tasks to queue
[2025-11-30T09:48:56.003+0000] {logging_mixin.py:188} INFO - [2025-11-30T09:48:56.002+0000] {dagbag.py:538} INFO - Filling up the DagBag from /opt/airflow/dags/02_minio_to_duckdb.py
[2025-11-30T09:48:56.162+0000] {processor.py:840} INFO - DAG(s) 'minio_to_duckdb_pipeline' retrieved from /opt/airflow/dags/02_minio_to_duckdb.py
[2025-11-30T09:48:56.206+0000] {logging_mixin.py:188} INFO - [2025-11-30T09:48:56.205+0000] {dag.py:3036} INFO - Sync 1 DAGs
[2025-11-30T09:48:56.221+0000] {logging_mixin.py:188} INFO - [2025-11-30T09:48:56.221+0000] {dag.py:3823} INFO - Setting next_dagrun for minio_to_duckdb_pipeline to None, run_after=None
[2025-11-30T09:48:56.274+0000] {processor.py:183} INFO - Processing /opt/airflow/dags/02_minio_to_duckdb.py took 0.288 seconds
[2025-11-30T09:49:26.758+0000] {processor.py:161} INFO - Started process (PID=25235) to work on /opt/airflow/dags/02_minio_to_duckdb.py
[2025-11-30T09:49:26.762+0000] {processor.py:830} INFO - Processing file /opt/airflow/dags/02_minio_to_duckdb.py for tasks to queue
[2025-11-30T09:49:26.769+0000] {logging_mixin.py:188} INFO - [2025-11-30T09:49:26.767+0000] {dagbag.py:538} INFO - Filling up the DagBag from /opt/airflow/dags/02_minio_to_duckdb.py
[2025-11-30T09:49:27.044+0000] {processor.py:840} INFO - DAG(s) 'minio_to_duckdb_pipeline' retrieved from /opt/airflow/dags/02_minio_to_duckdb.py
[2025-11-30T09:49:27.103+0000] {logging_mixin.py:188} INFO - [2025-11-30T09:49:27.103+0000] {dag.py:3036} INFO - Sync 1 DAGs
[2025-11-30T09:49:27.136+0000] {logging_mixin.py:188} INFO - [2025-11-30T09:49:27.136+0000] {dag.py:3823} INFO - Setting next_dagrun for minio_to_duckdb_pipeline to None, run_after=None
[2025-11-30T09:49:27.185+0000] {processor.py:183} INFO - Processing /opt/airflow/dags/02_minio_to_duckdb.py took 0.437 seconds
[2025-11-30T09:49:57.241+0000] {processor.py:161} INFO - Started process (PID=25297) to work on /opt/airflow/dags/02_minio_to_duckdb.py
[2025-11-30T09:49:57.243+0000] {processor.py:830} INFO - Processing file /opt/airflow/dags/02_minio_to_duckdb.py for tasks to queue
[2025-11-30T09:49:57.245+0000] {logging_mixin.py:188} INFO - [2025-11-30T09:49:57.244+0000] {dagbag.py:538} INFO - Filling up the DagBag from /opt/airflow/dags/02_minio_to_duckdb.py
[2025-11-30T09:49:57.438+0000] {processor.py:840} INFO - DAG(s) 'minio_to_duckdb_pipeline' retrieved from /opt/airflow/dags/02_minio_to_duckdb.py
[2025-11-30T09:49:57.502+0000] {logging_mixin.py:188} INFO - [2025-11-30T09:49:57.502+0000] {dag.py:3036} INFO - Sync 1 DAGs
[2025-11-30T09:49:57.535+0000] {logging_mixin.py:188} INFO - [2025-11-30T09:49:57.535+0000] {dag.py:3823} INFO - Setting next_dagrun for minio_to_duckdb_pipeline to None, run_after=None
[2025-11-30T09:49:57.589+0000] {processor.py:183} INFO - Processing /opt/airflow/dags/02_minio_to_duckdb.py took 0.355 seconds
[2025-11-30T09:50:27.801+0000] {processor.py:161} INFO - Started process (PID=25362) to work on /opt/airflow/dags/02_minio_to_duckdb.py
[2025-11-30T09:50:27.803+0000] {processor.py:830} INFO - Processing file /opt/airflow/dags/02_minio_to_duckdb.py for tasks to queue
[2025-11-30T09:50:27.805+0000] {logging_mixin.py:188} INFO - [2025-11-30T09:50:27.805+0000] {dagbag.py:538} INFO - Filling up the DagBag from /opt/airflow/dags/02_minio_to_duckdb.py
[2025-11-30T09:50:27.971+0000] {processor.py:840} INFO - DAG(s) 'minio_to_duckdb_pipeline' retrieved from /opt/airflow/dags/02_minio_to_duckdb.py
[2025-11-30T09:50:28.022+0000] {logging_mixin.py:188} INFO - [2025-11-30T09:50:28.021+0000] {dag.py:3036} INFO - Sync 1 DAGs
[2025-11-30T09:50:28.046+0000] {logging_mixin.py:188} INFO - [2025-11-30T09:50:28.046+0000] {dag.py:3823} INFO - Setting next_dagrun for minio_to_duckdb_pipeline to None, run_after=None
[2025-11-30T09:50:28.085+0000] {processor.py:183} INFO - Processing /opt/airflow/dags/02_minio_to_duckdb.py took 0.291 seconds
[2025-11-30T09:50:58.359+0000] {processor.py:161} INFO - Started process (PID=25427) to work on /opt/airflow/dags/02_minio_to_duckdb.py
[2025-11-30T09:50:58.361+0000] {processor.py:830} INFO - Processing file /opt/airflow/dags/02_minio_to_duckdb.py for tasks to queue
[2025-11-30T09:50:58.363+0000] {logging_mixin.py:188} INFO - [2025-11-30T09:50:58.363+0000] {dagbag.py:538} INFO - Filling up the DagBag from /opt/airflow/dags/02_minio_to_duckdb.py
[2025-11-30T09:50:58.530+0000] {processor.py:840} INFO - DAG(s) 'minio_to_duckdb_pipeline' retrieved from /opt/airflow/dags/02_minio_to_duckdb.py
[2025-11-30T09:50:58.590+0000] {logging_mixin.py:188} INFO - [2025-11-30T09:50:58.590+0000] {dag.py:3036} INFO - Sync 1 DAGs
[2025-11-30T09:50:58.615+0000] {logging_mixin.py:188} INFO - [2025-11-30T09:50:58.614+0000] {dag.py:3823} INFO - Setting next_dagrun for minio_to_duckdb_pipeline to None, run_after=None
[2025-11-30T09:50:58.675+0000] {processor.py:183} INFO - Processing /opt/airflow/dags/02_minio_to_duckdb.py took 0.322 seconds
[2025-11-30T09:51:29.211+0000] {processor.py:161} INFO - Started process (PID=25492) to work on /opt/airflow/dags/02_minio_to_duckdb.py
[2025-11-30T09:51:29.214+0000] {processor.py:830} INFO - Processing file /opt/airflow/dags/02_minio_to_duckdb.py for tasks to queue
[2025-11-30T09:51:29.217+0000] {logging_mixin.py:188} INFO - [2025-11-30T09:51:29.216+0000] {dagbag.py:538} INFO - Filling up the DagBag from /opt/airflow/dags/02_minio_to_duckdb.py
[2025-11-30T09:51:29.397+0000] {processor.py:840} INFO - DAG(s) 'minio_to_duckdb_pipeline' retrieved from /opt/airflow/dags/02_minio_to_duckdb.py
[2025-11-30T09:51:29.450+0000] {logging_mixin.py:188} INFO - [2025-11-30T09:51:29.450+0000] {dag.py:3036} INFO - Sync 1 DAGs
[2025-11-30T09:51:29.482+0000] {logging_mixin.py:188} INFO - [2025-11-30T09:51:29.481+0000] {dag.py:3823} INFO - Setting next_dagrun for minio_to_duckdb_pipeline to None, run_after=None
[2025-11-30T09:51:29.520+0000] {processor.py:183} INFO - Processing /opt/airflow/dags/02_minio_to_duckdb.py took 0.316 seconds
[2025-11-30T09:51:59.735+0000] {processor.py:161} INFO - Started process (PID=25557) to work on /opt/airflow/dags/02_minio_to_duckdb.py
[2025-11-30T09:51:59.737+0000] {processor.py:830} INFO - Processing file /opt/airflow/dags/02_minio_to_duckdb.py for tasks to queue
[2025-11-30T09:51:59.740+0000] {logging_mixin.py:188} INFO - [2025-11-30T09:51:59.739+0000] {dagbag.py:538} INFO - Filling up the DagBag from /opt/airflow/dags/02_minio_to_duckdb.py
[2025-11-30T09:51:59.924+0000] {processor.py:840} INFO - DAG(s) 'minio_to_duckdb_pipeline' retrieved from /opt/airflow/dags/02_minio_to_duckdb.py
[2025-11-30T09:51:59.984+0000] {logging_mixin.py:188} INFO - [2025-11-30T09:51:59.983+0000] {dag.py:3036} INFO - Sync 1 DAGs
[2025-11-30T09:52:00.012+0000] {logging_mixin.py:188} INFO - [2025-11-30T09:52:00.011+0000] {dag.py:3823} INFO - Setting next_dagrun for minio_to_duckdb_pipeline to None, run_after=None
[2025-11-30T09:52:00.073+0000] {processor.py:183} INFO - Processing /opt/airflow/dags/02_minio_to_duckdb.py took 0.343 seconds
[2025-11-30T09:52:30.400+0000] {processor.py:161} INFO - Started process (PID=25622) to work on /opt/airflow/dags/02_minio_to_duckdb.py
[2025-11-30T09:52:30.402+0000] {processor.py:830} INFO - Processing file /opt/airflow/dags/02_minio_to_duckdb.py for tasks to queue
[2025-11-30T09:52:30.405+0000] {logging_mixin.py:188} INFO - [2025-11-30T09:52:30.404+0000] {dagbag.py:538} INFO - Filling up the DagBag from /opt/airflow/dags/02_minio_to_duckdb.py
[2025-11-30T09:52:30.597+0000] {processor.py:840} INFO - DAG(s) 'minio_to_duckdb_pipeline' retrieved from /opt/airflow/dags/02_minio_to_duckdb.py
[2025-11-30T09:52:30.649+0000] {logging_mixin.py:188} INFO - [2025-11-30T09:52:30.648+0000] {dag.py:3036} INFO - Sync 1 DAGs
[2025-11-30T09:52:30.680+0000] {logging_mixin.py:188} INFO - [2025-11-30T09:52:30.679+0000] {dag.py:3823} INFO - Setting next_dagrun for minio_to_duckdb_pipeline to None, run_after=None
[2025-11-30T09:52:30.735+0000] {processor.py:183} INFO - Processing /opt/airflow/dags/02_minio_to_duckdb.py took 0.342 seconds
[2025-11-30T09:53:01.114+0000] {processor.py:161} INFO - Started process (PID=25684) to work on /opt/airflow/dags/02_minio_to_duckdb.py
[2025-11-30T09:53:01.116+0000] {processor.py:830} INFO - Processing file /opt/airflow/dags/02_minio_to_duckdb.py for tasks to queue
[2025-11-30T09:53:01.119+0000] {logging_mixin.py:188} INFO - [2025-11-30T09:53:01.118+0000] {dagbag.py:538} INFO - Filling up the DagBag from /opt/airflow/dags/02_minio_to_duckdb.py
[2025-11-30T09:53:01.275+0000] {processor.py:840} INFO - DAG(s) 'minio_to_duckdb_pipeline' retrieved from /opt/airflow/dags/02_minio_to_duckdb.py
[2025-11-30T09:53:01.338+0000] {logging_mixin.py:188} INFO - [2025-11-30T09:53:01.337+0000] {dag.py:3036} INFO - Sync 1 DAGs
[2025-11-30T09:53:01.363+0000] {logging_mixin.py:188} INFO - [2025-11-30T09:53:01.363+0000] {dag.py:3823} INFO - Setting next_dagrun for minio_to_duckdb_pipeline to None, run_after=None
[2025-11-30T09:53:01.400+0000] {processor.py:183} INFO - Processing /opt/airflow/dags/02_minio_to_duckdb.py took 0.292 seconds
[2025-11-30T09:53:31.722+0000] {processor.py:161} INFO - Started process (PID=25728) to work on /opt/airflow/dags/02_minio_to_duckdb.py
[2025-11-30T09:53:31.724+0000] {processor.py:830} INFO - Processing file /opt/airflow/dags/02_minio_to_duckdb.py for tasks to queue
[2025-11-30T09:53:31.726+0000] {logging_mixin.py:188} INFO - [2025-11-30T09:53:31.725+0000] {dagbag.py:538} INFO - Filling up the DagBag from /opt/airflow/dags/02_minio_to_duckdb.py
[2025-11-30T09:53:31.890+0000] {processor.py:840} INFO - DAG(s) 'minio_to_duckdb_pipeline' retrieved from /opt/airflow/dags/02_minio_to_duckdb.py
[2025-11-30T09:53:31.946+0000] {logging_mixin.py:188} INFO - [2025-11-30T09:53:31.945+0000] {dag.py:3036} INFO - Sync 1 DAGs
[2025-11-30T09:53:31.970+0000] {logging_mixin.py:188} INFO - [2025-11-30T09:53:31.969+0000] {dag.py:3823} INFO - Setting next_dagrun for minio_to_duckdb_pipeline to None, run_after=None
[2025-11-30T09:53:32.018+0000] {processor.py:183} INFO - Processing /opt/airflow/dags/02_minio_to_duckdb.py took 0.303 seconds
[2025-11-30T09:54:02.363+0000] {processor.py:161} INFO - Started process (PID=25793) to work on /opt/airflow/dags/02_minio_to_duckdb.py
[2025-11-30T09:54:02.365+0000] {processor.py:830} INFO - Processing file /opt/airflow/dags/02_minio_to_duckdb.py for tasks to queue
[2025-11-30T09:54:02.367+0000] {logging_mixin.py:188} INFO - [2025-11-30T09:54:02.367+0000] {dagbag.py:538} INFO - Filling up the DagBag from /opt/airflow/dags/02_minio_to_duckdb.py
[2025-11-30T09:54:02.540+0000] {processor.py:840} INFO - DAG(s) 'minio_to_duckdb_pipeline' retrieved from /opt/airflow/dags/02_minio_to_duckdb.py
[2025-11-30T09:54:02.595+0000] {logging_mixin.py:188} INFO - [2025-11-30T09:54:02.594+0000] {dag.py:3036} INFO - Sync 1 DAGs
[2025-11-30T09:54:02.618+0000] {logging_mixin.py:188} INFO - [2025-11-30T09:54:02.618+0000] {dag.py:3823} INFO - Setting next_dagrun for minio_to_duckdb_pipeline to None, run_after=None
[2025-11-30T09:54:02.669+0000] {processor.py:183} INFO - Processing /opt/airflow/dags/02_minio_to_duckdb.py took 0.313 seconds
[2025-11-30T09:54:32.846+0000] {processor.py:161} INFO - Started process (PID=25858) to work on /opt/airflow/dags/02_minio_to_duckdb.py
[2025-11-30T09:54:32.848+0000] {processor.py:830} INFO - Processing file /opt/airflow/dags/02_minio_to_duckdb.py for tasks to queue
[2025-11-30T09:54:32.850+0000] {logging_mixin.py:188} INFO - [2025-11-30T09:54:32.850+0000] {dagbag.py:538} INFO - Filling up the DagBag from /opt/airflow/dags/02_minio_to_duckdb.py
[2025-11-30T09:54:33.032+0000] {processor.py:840} INFO - DAG(s) 'minio_to_duckdb_pipeline' retrieved from /opt/airflow/dags/02_minio_to_duckdb.py
[2025-11-30T09:54:33.081+0000] {logging_mixin.py:188} INFO - [2025-11-30T09:54:33.081+0000] {dag.py:3036} INFO - Sync 1 DAGs
[2025-11-30T09:54:33.111+0000] {logging_mixin.py:188} INFO - [2025-11-30T09:54:33.110+0000] {dag.py:3823} INFO - Setting next_dagrun for minio_to_duckdb_pipeline to None, run_after=None
[2025-11-30T09:54:33.152+0000] {processor.py:183} INFO - Processing /opt/airflow/dags/02_minio_to_duckdb.py took 0.313 seconds
[2025-11-30T09:55:04.198+0000] {processor.py:161} INFO - Started process (PID=25923) to work on /opt/airflow/dags/02_minio_to_duckdb.py
[2025-11-30T09:55:04.203+0000] {processor.py:830} INFO - Processing file /opt/airflow/dags/02_minio_to_duckdb.py for tasks to queue
[2025-11-30T09:55:04.206+0000] {logging_mixin.py:188} INFO - [2025-11-30T09:55:04.205+0000] {dagbag.py:538} INFO - Filling up the DagBag from /opt/airflow/dags/02_minio_to_duckdb.py
[2025-11-30T09:55:04.465+0000] {processor.py:840} INFO - DAG(s) 'minio_to_duckdb_pipeline' retrieved from /opt/airflow/dags/02_minio_to_duckdb.py
[2025-11-30T09:55:04.523+0000] {logging_mixin.py:188} INFO - [2025-11-30T09:55:04.522+0000] {dag.py:3036} INFO - Sync 1 DAGs
[2025-11-30T09:55:04.552+0000] {logging_mixin.py:188} INFO - [2025-11-30T09:55:04.551+0000] {dag.py:3823} INFO - Setting next_dagrun for minio_to_duckdb_pipeline to None, run_after=None
[2025-11-30T09:55:04.620+0000] {processor.py:183} INFO - Processing /opt/airflow/dags/02_minio_to_duckdb.py took 0.435 seconds
[2025-11-30T09:55:34.976+0000] {processor.py:161} INFO - Started process (PID=25988) to work on /opt/airflow/dags/02_minio_to_duckdb.py
[2025-11-30T09:55:34.978+0000] {processor.py:830} INFO - Processing file /opt/airflow/dags/02_minio_to_duckdb.py for tasks to queue
[2025-11-30T09:55:34.980+0000] {logging_mixin.py:188} INFO - [2025-11-30T09:55:34.980+0000] {dagbag.py:538} INFO - Filling up the DagBag from /opt/airflow/dags/02_minio_to_duckdb.py
[2025-11-30T09:55:35.149+0000] {processor.py:840} INFO - DAG(s) 'minio_to_duckdb_pipeline' retrieved from /opt/airflow/dags/02_minio_to_duckdb.py
[2025-11-30T09:55:35.200+0000] {logging_mixin.py:188} INFO - [2025-11-30T09:55:35.199+0000] {dag.py:3036} INFO - Sync 1 DAGs
[2025-11-30T09:55:35.223+0000] {logging_mixin.py:188} INFO - [2025-11-30T09:55:35.223+0000] {dag.py:3823} INFO - Setting next_dagrun for minio_to_duckdb_pipeline to None, run_after=None
[2025-11-30T09:55:35.262+0000] {processor.py:183} INFO - Processing /opt/airflow/dags/02_minio_to_duckdb.py took 0.293 seconds
[2025-11-30T09:56:05.552+0000] {processor.py:161} INFO - Started process (PID=26053) to work on /opt/airflow/dags/02_minio_to_duckdb.py
[2025-11-30T09:56:05.555+0000] {processor.py:830} INFO - Processing file /opt/airflow/dags/02_minio_to_duckdb.py for tasks to queue
[2025-11-30T09:56:05.558+0000] {logging_mixin.py:188} INFO - [2025-11-30T09:56:05.557+0000] {dagbag.py:538} INFO - Filling up the DagBag from /opt/airflow/dags/02_minio_to_duckdb.py
[2025-11-30T09:56:05.757+0000] {processor.py:840} INFO - DAG(s) 'minio_to_duckdb_pipeline' retrieved from /opt/airflow/dags/02_minio_to_duckdb.py
[2025-11-30T09:56:05.809+0000] {logging_mixin.py:188} INFO - [2025-11-30T09:56:05.808+0000] {dag.py:3036} INFO - Sync 1 DAGs
[2025-11-30T09:56:05.831+0000] {logging_mixin.py:188} INFO - [2025-11-30T09:56:05.830+0000] {dag.py:3823} INFO - Setting next_dagrun for minio_to_duckdb_pipeline to None, run_after=None
[2025-11-30T09:56:05.881+0000] {processor.py:183} INFO - Processing /opt/airflow/dags/02_minio_to_duckdb.py took 0.339 seconds
[2025-11-30T09:56:36.141+0000] {processor.py:161} INFO - Started process (PID=26116) to work on /opt/airflow/dags/02_minio_to_duckdb.py
[2025-11-30T09:56:36.142+0000] {processor.py:830} INFO - Processing file /opt/airflow/dags/02_minio_to_duckdb.py for tasks to queue
[2025-11-30T09:56:36.144+0000] {logging_mixin.py:188} INFO - [2025-11-30T09:56:36.143+0000] {dagbag.py:538} INFO - Filling up the DagBag from /opt/airflow/dags/02_minio_to_duckdb.py
[2025-11-30T09:56:36.286+0000] {processor.py:840} INFO - DAG(s) 'minio_to_duckdb_pipeline' retrieved from /opt/airflow/dags/02_minio_to_duckdb.py
[2025-11-30T09:56:36.336+0000] {logging_mixin.py:188} INFO - [2025-11-30T09:56:36.336+0000] {dag.py:3036} INFO - Sync 1 DAGs
[2025-11-30T09:56:36.357+0000] {logging_mixin.py:188} INFO - [2025-11-30T09:56:36.357+0000] {dag.py:3823} INFO - Setting next_dagrun for minio_to_duckdb_pipeline to None, run_after=None
[2025-11-30T09:56:36.413+0000] {processor.py:183} INFO - Processing /opt/airflow/dags/02_minio_to_duckdb.py took 0.277 seconds
[2025-11-30T09:57:06.758+0000] {processor.py:161} INFO - Started process (PID=26159) to work on /opt/airflow/dags/02_minio_to_duckdb.py
[2025-11-30T09:57:06.765+0000] {processor.py:830} INFO - Processing file /opt/airflow/dags/02_minio_to_duckdb.py for tasks to queue
[2025-11-30T09:57:06.772+0000] {logging_mixin.py:188} INFO - [2025-11-30T09:57:06.770+0000] {dagbag.py:538} INFO - Filling up the DagBag from /opt/airflow/dags/02_minio_to_duckdb.py
[2025-11-30T09:57:07.225+0000] {processor.py:840} INFO - DAG(s) 'minio_to_duckdb_pipeline' retrieved from /opt/airflow/dags/02_minio_to_duckdb.py
[2025-11-30T09:57:07.291+0000] {logging_mixin.py:188} INFO - [2025-11-30T09:57:07.290+0000] {dag.py:3036} INFO - Sync 1 DAGs
[2025-11-30T09:57:07.316+0000] {logging_mixin.py:188} INFO - [2025-11-30T09:57:07.315+0000] {dag.py:3823} INFO - Setting next_dagrun for minio_to_duckdb_pipeline to None, run_after=None
[2025-11-30T09:57:07.358+0000] {processor.py:183} INFO - Processing /opt/airflow/dags/02_minio_to_duckdb.py took 0.616 seconds
[2025-11-30T09:57:37.677+0000] {processor.py:161} INFO - Started process (PID=26224) to work on /opt/airflow/dags/02_minio_to_duckdb.py
[2025-11-30T09:57:37.679+0000] {processor.py:830} INFO - Processing file /opt/airflow/dags/02_minio_to_duckdb.py for tasks to queue
[2025-11-30T09:57:37.681+0000] {logging_mixin.py:188} INFO - [2025-11-30T09:57:37.681+0000] {dagbag.py:538} INFO - Filling up the DagBag from /opt/airflow/dags/02_minio_to_duckdb.py
[2025-11-30T09:57:37.853+0000] {processor.py:840} INFO - DAG(s) 'minio_to_duckdb_pipeline' retrieved from /opt/airflow/dags/02_minio_to_duckdb.py
[2025-11-30T09:57:37.916+0000] {logging_mixin.py:188} INFO - [2025-11-30T09:57:37.915+0000] {dag.py:3036} INFO - Sync 1 DAGs
[2025-11-30T09:57:37.961+0000] {logging_mixin.py:188} INFO - [2025-11-30T09:57:37.960+0000] {dag.py:3823} INFO - Setting next_dagrun for minio_to_duckdb_pipeline to None, run_after=None
[2025-11-30T09:57:38.030+0000] {processor.py:183} INFO - Processing /opt/airflow/dags/02_minio_to_duckdb.py took 0.360 seconds
[2025-11-30T09:58:08.134+0000] {processor.py:161} INFO - Started process (PID=26289) to work on /opt/airflow/dags/02_minio_to_duckdb.py
[2025-11-30T09:58:08.137+0000] {processor.py:830} INFO - Processing file /opt/airflow/dags/02_minio_to_duckdb.py for tasks to queue
[2025-11-30T09:58:08.139+0000] {logging_mixin.py:188} INFO - [2025-11-30T09:58:08.139+0000] {dagbag.py:538} INFO - Filling up the DagBag from /opt/airflow/dags/02_minio_to_duckdb.py
[2025-11-30T09:58:08.427+0000] {processor.py:840} INFO - DAG(s) 'minio_to_duckdb_pipeline' retrieved from /opt/airflow/dags/02_minio_to_duckdb.py
[2025-11-30T09:58:08.524+0000] {logging_mixin.py:188} INFO - [2025-11-30T09:58:08.523+0000] {dag.py:3036} INFO - Sync 1 DAGs
[2025-11-30T09:58:08.556+0000] {logging_mixin.py:188} INFO - [2025-11-30T09:58:08.556+0000] {dag.py:3823} INFO - Setting next_dagrun for minio_to_duckdb_pipeline to None, run_after=None
[2025-11-30T09:58:08.608+0000] {processor.py:183} INFO - Processing /opt/airflow/dags/02_minio_to_duckdb.py took 0.481 seconds
[2025-11-30T09:58:39.513+0000] {processor.py:161} INFO - Started process (PID=26354) to work on /opt/airflow/dags/02_minio_to_duckdb.py
[2025-11-30T09:58:39.516+0000] {processor.py:830} INFO - Processing file /opt/airflow/dags/02_minio_to_duckdb.py for tasks to queue
[2025-11-30T09:58:39.519+0000] {logging_mixin.py:188} INFO - [2025-11-30T09:58:39.518+0000] {dagbag.py:538} INFO - Filling up the DagBag from /opt/airflow/dags/02_minio_to_duckdb.py
[2025-11-30T09:58:39.687+0000] {processor.py:840} INFO - DAG(s) 'minio_to_duckdb_pipeline' retrieved from /opt/airflow/dags/02_minio_to_duckdb.py
[2025-11-30T09:58:39.751+0000] {logging_mixin.py:188} INFO - [2025-11-30T09:58:39.750+0000] {dag.py:3036} INFO - Sync 1 DAGs
[2025-11-30T09:58:39.777+0000] {logging_mixin.py:188} INFO - [2025-11-30T09:58:39.777+0000] {dag.py:3823} INFO - Setting next_dagrun for minio_to_duckdb_pipeline to None, run_after=None
[2025-11-30T09:58:39.819+0000] {processor.py:183} INFO - Processing /opt/airflow/dags/02_minio_to_duckdb.py took 0.313 seconds
[2025-11-30T09:59:10.057+0000] {processor.py:161} INFO - Started process (PID=26419) to work on /opt/airflow/dags/02_minio_to_duckdb.py
[2025-11-30T09:59:10.059+0000] {processor.py:830} INFO - Processing file /opt/airflow/dags/02_minio_to_duckdb.py for tasks to queue
[2025-11-30T09:59:10.062+0000] {logging_mixin.py:188} INFO - [2025-11-30T09:59:10.061+0000] {dagbag.py:538} INFO - Filling up the DagBag from /opt/airflow/dags/02_minio_to_duckdb.py
[2025-11-30T09:59:10.244+0000] {processor.py:840} INFO - DAG(s) 'minio_to_duckdb_pipeline' retrieved from /opt/airflow/dags/02_minio_to_duckdb.py
[2025-11-30T09:59:10.298+0000] {logging_mixin.py:188} INFO - [2025-11-30T09:59:10.298+0000] {dag.py:3036} INFO - Sync 1 DAGs
[2025-11-30T09:59:10.323+0000] {logging_mixin.py:188} INFO - [2025-11-30T09:59:10.323+0000] {dag.py:3823} INFO - Setting next_dagrun for minio_to_duckdb_pipeline to None, run_after=None
[2025-11-30T09:59:10.363+0000] {processor.py:183} INFO - Processing /opt/airflow/dags/02_minio_to_duckdb.py took 0.313 seconds
[2025-11-30T09:59:40.608+0000] {processor.py:161} INFO - Started process (PID=26484) to work on /opt/airflow/dags/02_minio_to_duckdb.py
[2025-11-30T09:59:40.612+0000] {processor.py:830} INFO - Processing file /opt/airflow/dags/02_minio_to_duckdb.py for tasks to queue
[2025-11-30T09:59:40.616+0000] {logging_mixin.py:188} INFO - [2025-11-30T09:59:40.614+0000] {dagbag.py:538} INFO - Filling up the DagBag from /opt/airflow/dags/02_minio_to_duckdb.py
[2025-11-30T09:59:40.839+0000] {processor.py:840} INFO - DAG(s) 'minio_to_duckdb_pipeline' retrieved from /opt/airflow/dags/02_minio_to_duckdb.py
[2025-11-30T09:59:40.925+0000] {logging_mixin.py:188} INFO - [2025-11-30T09:59:40.925+0000] {dag.py:3036} INFO - Sync 1 DAGs
[2025-11-30T09:59:40.960+0000] {logging_mixin.py:188} INFO - [2025-11-30T09:59:40.960+0000] {dag.py:3823} INFO - Setting next_dagrun for minio_to_duckdb_pipeline to None, run_after=None
[2025-11-30T09:59:41.010+0000] {processor.py:183} INFO - Processing /opt/airflow/dags/02_minio_to_duckdb.py took 0.414 seconds
[2025-11-30T10:00:11.292+0000] {processor.py:161} INFO - Started process (PID=26549) to work on /opt/airflow/dags/02_minio_to_duckdb.py
[2025-11-30T10:00:11.294+0000] {processor.py:830} INFO - Processing file /opt/airflow/dags/02_minio_to_duckdb.py for tasks to queue
[2025-11-30T10:00:11.296+0000] {logging_mixin.py:188} INFO - [2025-11-30T10:00:11.296+0000] {dagbag.py:538} INFO - Filling up the DagBag from /opt/airflow/dags/02_minio_to_duckdb.py
[2025-11-30T10:00:11.461+0000] {processor.py:840} INFO - DAG(s) 'minio_to_duckdb_pipeline' retrieved from /opt/airflow/dags/02_minio_to_duckdb.py
[2025-11-30T10:00:11.510+0000] {logging_mixin.py:188} INFO - [2025-11-30T10:00:11.509+0000] {dag.py:3036} INFO - Sync 1 DAGs
[2025-11-30T10:00:11.528+0000] {logging_mixin.py:188} INFO - [2025-11-30T10:00:11.528+0000] {dag.py:3823} INFO - Setting next_dagrun for minio_to_duckdb_pipeline to None, run_after=None
[2025-11-30T10:00:11.576+0000] {processor.py:183} INFO - Processing /opt/airflow/dags/02_minio_to_duckdb.py took 0.289 seconds
[2025-11-30T10:00:42.049+0000] {processor.py:161} INFO - Started process (PID=26611) to work on /opt/airflow/dags/02_minio_to_duckdb.py
[2025-11-30T10:00:42.051+0000] {processor.py:830} INFO - Processing file /opt/airflow/dags/02_minio_to_duckdb.py for tasks to queue
[2025-11-30T10:00:42.052+0000] {logging_mixin.py:188} INFO - [2025-11-30T10:00:42.051+0000] {dagbag.py:538} INFO - Filling up the DagBag from /opt/airflow/dags/02_minio_to_duckdb.py
[2025-11-30T10:00:42.186+0000] {processor.py:840} INFO - DAG(s) 'minio_to_duckdb_pipeline' retrieved from /opt/airflow/dags/02_minio_to_duckdb.py
[2025-11-30T10:00:42.237+0000] {logging_mixin.py:188} INFO - [2025-11-30T10:00:42.237+0000] {dag.py:3036} INFO - Sync 1 DAGs
[2025-11-30T10:00:42.255+0000] {logging_mixin.py:188} INFO - [2025-11-30T10:00:42.255+0000] {dag.py:3823} INFO - Setting next_dagrun for minio_to_duckdb_pipeline to None, run_after=None
[2025-11-30T10:00:42.294+0000] {processor.py:183} INFO - Processing /opt/airflow/dags/02_minio_to_duckdb.py took 0.249 seconds
[2025-11-30T10:01:12.472+0000] {processor.py:161} INFO - Started process (PID=26655) to work on /opt/airflow/dags/02_minio_to_duckdb.py
[2025-11-30T10:01:12.475+0000] {processor.py:830} INFO - Processing file /opt/airflow/dags/02_minio_to_duckdb.py for tasks to queue
[2025-11-30T10:01:12.477+0000] {logging_mixin.py:188} INFO - [2025-11-30T10:01:12.476+0000] {dagbag.py:538} INFO - Filling up the DagBag from /opt/airflow/dags/02_minio_to_duckdb.py
[2025-11-30T10:01:12.664+0000] {processor.py:840} INFO - DAG(s) 'minio_to_duckdb_pipeline' retrieved from /opt/airflow/dags/02_minio_to_duckdb.py
[2025-11-30T10:01:12.719+0000] {logging_mixin.py:188} INFO - [2025-11-30T10:01:12.719+0000] {dag.py:3036} INFO - Sync 1 DAGs
[2025-11-30T10:01:12.746+0000] {logging_mixin.py:188} INFO - [2025-11-30T10:01:12.745+0000] {dag.py:3823} INFO - Setting next_dagrun for minio_to_duckdb_pipeline to None, run_after=None
[2025-11-30T10:01:12.798+0000] {processor.py:183} INFO - Processing /opt/airflow/dags/02_minio_to_duckdb.py took 0.335 seconds
[2025-11-30T10:01:43.038+0000] {processor.py:161} INFO - Started process (PID=26720) to work on /opt/airflow/dags/02_minio_to_duckdb.py
[2025-11-30T10:01:43.041+0000] {processor.py:830} INFO - Processing file /opt/airflow/dags/02_minio_to_duckdb.py for tasks to queue
[2025-11-30T10:01:43.043+0000] {logging_mixin.py:188} INFO - [2025-11-30T10:01:43.043+0000] {dagbag.py:538} INFO - Filling up the DagBag from /opt/airflow/dags/02_minio_to_duckdb.py
[2025-11-30T10:01:43.254+0000] {processor.py:840} INFO - DAG(s) 'minio_to_duckdb_pipeline' retrieved from /opt/airflow/dags/02_minio_to_duckdb.py
[2025-11-30T10:01:43.340+0000] {logging_mixin.py:188} INFO - [2025-11-30T10:01:43.339+0000] {dag.py:3036} INFO - Sync 1 DAGs
[2025-11-30T10:01:43.381+0000] {logging_mixin.py:188} INFO - [2025-11-30T10:01:43.380+0000] {dag.py:3823} INFO - Setting next_dagrun for minio_to_duckdb_pipeline to None, run_after=None
[2025-11-30T10:01:43.440+0000] {processor.py:183} INFO - Processing /opt/airflow/dags/02_minio_to_duckdb.py took 0.408 seconds
[2025-11-30T10:02:13.839+0000] {processor.py:161} INFO - Started process (PID=26785) to work on /opt/airflow/dags/02_minio_to_duckdb.py
[2025-11-30T10:02:13.841+0000] {processor.py:830} INFO - Processing file /opt/airflow/dags/02_minio_to_duckdb.py for tasks to queue
[2025-11-30T10:02:13.844+0000] {logging_mixin.py:188} INFO - [2025-11-30T10:02:13.844+0000] {dagbag.py:538} INFO - Filling up the DagBag from /opt/airflow/dags/02_minio_to_duckdb.py
[2025-11-30T10:02:14.041+0000] {processor.py:840} INFO - DAG(s) 'minio_to_duckdb_pipeline' retrieved from /opt/airflow/dags/02_minio_to_duckdb.py
[2025-11-30T10:02:14.110+0000] {logging_mixin.py:188} INFO - [2025-11-30T10:02:14.109+0000] {dag.py:3036} INFO - Sync 1 DAGs
[2025-11-30T10:02:14.147+0000] {logging_mixin.py:188} INFO - [2025-11-30T10:02:14.146+0000] {dag.py:3823} INFO - Setting next_dagrun for minio_to_duckdb_pipeline to None, run_after=None
[2025-11-30T10:02:14.192+0000] {processor.py:183} INFO - Processing /opt/airflow/dags/02_minio_to_duckdb.py took 0.362 seconds
[2025-11-30T10:02:44.492+0000] {processor.py:161} INFO - Started process (PID=26850) to work on /opt/airflow/dags/02_minio_to_duckdb.py
[2025-11-30T10:02:44.494+0000] {processor.py:830} INFO - Processing file /opt/airflow/dags/02_minio_to_duckdb.py for tasks to queue
[2025-11-30T10:02:44.495+0000] {logging_mixin.py:188} INFO - [2025-11-30T10:02:44.495+0000] {dagbag.py:538} INFO - Filling up the DagBag from /opt/airflow/dags/02_minio_to_duckdb.py
[2025-11-30T10:02:44.682+0000] {processor.py:840} INFO - DAG(s) 'minio_to_duckdb_pipeline' retrieved from /opt/airflow/dags/02_minio_to_duckdb.py
[2025-11-30T10:02:44.740+0000] {logging_mixin.py:188} INFO - [2025-11-30T10:02:44.740+0000] {dag.py:3036} INFO - Sync 1 DAGs
[2025-11-30T10:02:44.770+0000] {logging_mixin.py:188} INFO - [2025-11-30T10:02:44.769+0000] {dag.py:3823} INFO - Setting next_dagrun for minio_to_duckdb_pipeline to None, run_after=None
[2025-11-30T10:02:44.823+0000] {processor.py:183} INFO - Processing /opt/airflow/dags/02_minio_to_duckdb.py took 0.336 seconds
[2025-11-30T10:03:15.375+0000] {processor.py:161} INFO - Started process (PID=26915) to work on /opt/airflow/dags/02_minio_to_duckdb.py
[2025-11-30T10:03:15.377+0000] {processor.py:830} INFO - Processing file /opt/airflow/dags/02_minio_to_duckdb.py for tasks to queue
[2025-11-30T10:03:15.380+0000] {logging_mixin.py:188} INFO - [2025-11-30T10:03:15.379+0000] {dagbag.py:538} INFO - Filling up the DagBag from /opt/airflow/dags/02_minio_to_duckdb.py
[2025-11-30T10:03:15.555+0000] {processor.py:840} INFO - DAG(s) 'minio_to_duckdb_pipeline' retrieved from /opt/airflow/dags/02_minio_to_duckdb.py
[2025-11-30T10:03:15.601+0000] {logging_mixin.py:188} INFO - [2025-11-30T10:03:15.600+0000] {dag.py:3036} INFO - Sync 1 DAGs
[2025-11-30T10:03:15.625+0000] {logging_mixin.py:188} INFO - [2025-11-30T10:03:15.624+0000] {dag.py:3823} INFO - Setting next_dagrun for minio_to_duckdb_pipeline to None, run_after=None
[2025-11-30T10:03:15.678+0000] {processor.py:183} INFO - Processing /opt/airflow/dags/02_minio_to_duckdb.py took 0.311 seconds
[2025-11-30T10:03:46.554+0000] {processor.py:161} INFO - Started process (PID=26980) to work on /opt/airflow/dags/02_minio_to_duckdb.py
[2025-11-30T10:03:46.556+0000] {processor.py:830} INFO - Processing file /opt/airflow/dags/02_minio_to_duckdb.py for tasks to queue
[2025-11-30T10:03:46.558+0000] {logging_mixin.py:188} INFO - [2025-11-30T10:03:46.558+0000] {dagbag.py:538} INFO - Filling up the DagBag from /opt/airflow/dags/02_minio_to_duckdb.py
[2025-11-30T10:03:46.832+0000] {processor.py:840} INFO - DAG(s) 'minio_to_duckdb_pipeline' retrieved from /opt/airflow/dags/02_minio_to_duckdb.py
[2025-11-30T10:03:46.956+0000] {logging_mixin.py:188} INFO - [2025-11-30T10:03:46.955+0000] {dag.py:3036} INFO - Sync 1 DAGs
[2025-11-30T10:03:46.994+0000] {logging_mixin.py:188} INFO - [2025-11-30T10:03:46.993+0000] {dag.py:3823} INFO - Setting next_dagrun for minio_to_duckdb_pipeline to None, run_after=None
[2025-11-30T10:03:47.060+0000] {processor.py:183} INFO - Processing /opt/airflow/dags/02_minio_to_duckdb.py took 0.512 seconds
[2025-11-30T10:04:17.394+0000] {processor.py:161} INFO - Started process (PID=27045) to work on /opt/airflow/dags/02_minio_to_duckdb.py
[2025-11-30T10:04:17.396+0000] {processor.py:830} INFO - Processing file /opt/airflow/dags/02_minio_to_duckdb.py for tasks to queue
[2025-11-30T10:04:17.397+0000] {logging_mixin.py:188} INFO - [2025-11-30T10:04:17.397+0000] {dagbag.py:538} INFO - Filling up the DagBag from /opt/airflow/dags/02_minio_to_duckdb.py
[2025-11-30T10:04:17.620+0000] {processor.py:840} INFO - DAG(s) 'minio_to_duckdb_pipeline' retrieved from /opt/airflow/dags/02_minio_to_duckdb.py
[2025-11-30T10:04:17.674+0000] {logging_mixin.py:188} INFO - [2025-11-30T10:04:17.674+0000] {dag.py:3036} INFO - Sync 1 DAGs
[2025-11-30T10:04:17.703+0000] {logging_mixin.py:188} INFO - [2025-11-30T10:04:17.702+0000] {dag.py:3823} INFO - Setting next_dagrun for minio_to_duckdb_pipeline to None, run_after=None
[2025-11-30T10:04:17.758+0000] {processor.py:183} INFO - Processing /opt/airflow/dags/02_minio_to_duckdb.py took 0.371 seconds
[2025-11-30T10:04:48.098+0000] {processor.py:161} INFO - Started process (PID=27107) to work on /opt/airflow/dags/02_minio_to_duckdb.py
[2025-11-30T10:04:48.100+0000] {processor.py:830} INFO - Processing file /opt/airflow/dags/02_minio_to_duckdb.py for tasks to queue
[2025-11-30T10:04:48.102+0000] {logging_mixin.py:188} INFO - [2025-11-30T10:04:48.102+0000] {dagbag.py:538} INFO - Filling up the DagBag from /opt/airflow/dags/02_minio_to_duckdb.py
[2025-11-30T10:04:48.263+0000] {processor.py:840} INFO - DAG(s) 'minio_to_duckdb_pipeline' retrieved from /opt/airflow/dags/02_minio_to_duckdb.py
[2025-11-30T10:04:48.318+0000] {logging_mixin.py:188} INFO - [2025-11-30T10:04:48.318+0000] {dag.py:3036} INFO - Sync 1 DAGs
[2025-11-30T10:04:48.352+0000] {logging_mixin.py:188} INFO - [2025-11-30T10:04:48.351+0000] {dag.py:3823} INFO - Setting next_dagrun for minio_to_duckdb_pipeline to None, run_after=None
[2025-11-30T10:04:48.401+0000] {processor.py:183} INFO - Processing /opt/airflow/dags/02_minio_to_duckdb.py took 0.311 seconds
[2025-11-30T10:05:18.685+0000] {processor.py:161} INFO - Started process (PID=27151) to work on /opt/airflow/dags/02_minio_to_duckdb.py
[2025-11-30T10:05:18.687+0000] {processor.py:830} INFO - Processing file /opt/airflow/dags/02_minio_to_duckdb.py for tasks to queue
[2025-11-30T10:05:18.690+0000] {logging_mixin.py:188} INFO - [2025-11-30T10:05:18.689+0000] {dagbag.py:538} INFO - Filling up the DagBag from /opt/airflow/dags/02_minio_to_duckdb.py
[2025-11-30T10:05:18.861+0000] {processor.py:840} INFO - DAG(s) 'minio_to_duckdb_pipeline' retrieved from /opt/airflow/dags/02_minio_to_duckdb.py
[2025-11-30T10:05:18.920+0000] {logging_mixin.py:188} INFO - [2025-11-30T10:05:18.919+0000] {dag.py:3036} INFO - Sync 1 DAGs
[2025-11-30T10:05:18.946+0000] {logging_mixin.py:188} INFO - [2025-11-30T10:05:18.945+0000] {dag.py:3823} INFO - Setting next_dagrun for minio_to_duckdb_pipeline to None, run_after=None
[2025-11-30T10:05:18.997+0000] {processor.py:183} INFO - Processing /opt/airflow/dags/02_minio_to_duckdb.py took 0.318 seconds
[2025-11-30T10:05:49.328+0000] {processor.py:161} INFO - Started process (PID=27216) to work on /opt/airflow/dags/02_minio_to_duckdb.py
[2025-11-30T10:05:49.331+0000] {processor.py:830} INFO - Processing file /opt/airflow/dags/02_minio_to_duckdb.py for tasks to queue
[2025-11-30T10:05:49.335+0000] {logging_mixin.py:188} INFO - [2025-11-30T10:05:49.333+0000] {dagbag.py:538} INFO - Filling up the DagBag from /opt/airflow/dags/02_minio_to_duckdb.py
[2025-11-30T10:05:49.545+0000] {processor.py:840} INFO - DAG(s) 'minio_to_duckdb_pipeline' retrieved from /opt/airflow/dags/02_minio_to_duckdb.py
[2025-11-30T10:05:49.599+0000] {logging_mixin.py:188} INFO - [2025-11-30T10:05:49.599+0000] {dag.py:3036} INFO - Sync 1 DAGs
[2025-11-30T10:05:49.626+0000] {logging_mixin.py:188} INFO - [2025-11-30T10:05:49.625+0000] {dag.py:3823} INFO - Setting next_dagrun for minio_to_duckdb_pipeline to None, run_after=None
[2025-11-30T10:05:49.670+0000] {processor.py:183} INFO - Processing /opt/airflow/dags/02_minio_to_duckdb.py took 0.349 seconds
[2025-11-30T10:06:20.054+0000] {processor.py:161} INFO - Started process (PID=27281) to work on /opt/airflow/dags/02_minio_to_duckdb.py
[2025-11-30T10:06:20.057+0000] {processor.py:830} INFO - Processing file /opt/airflow/dags/02_minio_to_duckdb.py for tasks to queue
[2025-11-30T10:06:20.059+0000] {logging_mixin.py:188} INFO - [2025-11-30T10:06:20.058+0000] {dagbag.py:538} INFO - Filling up the DagBag from /opt/airflow/dags/02_minio_to_duckdb.py
[2025-11-30T10:06:20.258+0000] {processor.py:840} INFO - DAG(s) 'minio_to_duckdb_pipeline' retrieved from /opt/airflow/dags/02_minio_to_duckdb.py
[2025-11-30T10:06:20.327+0000] {logging_mixin.py:188} INFO - [2025-11-30T10:06:20.326+0000] {dag.py:3036} INFO - Sync 1 DAGs
[2025-11-30T10:06:20.362+0000] {logging_mixin.py:188} INFO - [2025-11-30T10:06:20.361+0000] {dag.py:3823} INFO - Setting next_dagrun for minio_to_duckdb_pipeline to None, run_after=None
[2025-11-30T10:06:20.417+0000] {processor.py:183} INFO - Processing /opt/airflow/dags/02_minio_to_duckdb.py took 0.375 seconds
[2025-11-30T10:06:50.751+0000] {processor.py:161} INFO - Started process (PID=27344) to work on /opt/airflow/dags/02_minio_to_duckdb.py
[2025-11-30T10:06:50.752+0000] {processor.py:830} INFO - Processing file /opt/airflow/dags/02_minio_to_duckdb.py for tasks to queue
[2025-11-30T10:06:50.754+0000] {logging_mixin.py:188} INFO - [2025-11-30T10:06:50.753+0000] {dagbag.py:538} INFO - Filling up the DagBag from /opt/airflow/dags/02_minio_to_duckdb.py
[2025-11-30T10:06:50.912+0000] {processor.py:840} INFO - DAG(s) 'minio_to_duckdb_pipeline' retrieved from /opt/airflow/dags/02_minio_to_duckdb.py
[2025-11-30T10:06:50.961+0000] {logging_mixin.py:188} INFO - [2025-11-30T10:06:50.961+0000] {dag.py:3036} INFO - Sync 1 DAGs
[2025-11-30T10:06:50.986+0000] {logging_mixin.py:188} INFO - [2025-11-30T10:06:50.985+0000] {dag.py:3823} INFO - Setting next_dagrun for minio_to_duckdb_pipeline to None, run_after=None
[2025-11-30T10:06:51.036+0000] {processor.py:183} INFO - Processing /opt/airflow/dags/02_minio_to_duckdb.py took 0.290 seconds
[2025-11-30T10:07:21.415+0000] {processor.py:161} INFO - Started process (PID=27390) to work on /opt/airflow/dags/02_minio_to_duckdb.py
[2025-11-30T10:07:21.417+0000] {processor.py:830} INFO - Processing file /opt/airflow/dags/02_minio_to_duckdb.py for tasks to queue
[2025-11-30T10:07:21.420+0000] {logging_mixin.py:188} INFO - [2025-11-30T10:07:21.419+0000] {dagbag.py:538} INFO - Filling up the DagBag from /opt/airflow/dags/02_minio_to_duckdb.py
[2025-11-30T10:07:21.623+0000] {processor.py:840} INFO - DAG(s) 'minio_to_duckdb_pipeline' retrieved from /opt/airflow/dags/02_minio_to_duckdb.py
[2025-11-30T10:07:21.674+0000] {logging_mixin.py:188} INFO - [2025-11-30T10:07:21.674+0000] {dag.py:3036} INFO - Sync 1 DAGs
[2025-11-30T10:07:21.697+0000] {logging_mixin.py:188} INFO - [2025-11-30T10:07:21.697+0000] {dag.py:3823} INFO - Setting next_dagrun for minio_to_duckdb_pipeline to None, run_after=None
[2025-11-30T10:07:21.737+0000] {processor.py:183} INFO - Processing /opt/airflow/dags/02_minio_to_duckdb.py took 0.329 seconds
[2025-11-30T10:07:52.074+0000] {processor.py:161} INFO - Started process (PID=27455) to work on /opt/airflow/dags/02_minio_to_duckdb.py
[2025-11-30T10:07:52.078+0000] {processor.py:830} INFO - Processing file /opt/airflow/dags/02_minio_to_duckdb.py for tasks to queue
[2025-11-30T10:07:52.081+0000] {logging_mixin.py:188} INFO - [2025-11-30T10:07:52.080+0000] {dagbag.py:538} INFO - Filling up the DagBag from /opt/airflow/dags/02_minio_to_duckdb.py
[2025-11-30T10:07:52.276+0000] {processor.py:840} INFO - DAG(s) 'minio_to_duckdb_pipeline' retrieved from /opt/airflow/dags/02_minio_to_duckdb.py
[2025-11-30T10:07:52.338+0000] {logging_mixin.py:188} INFO - [2025-11-30T10:07:52.338+0000] {dag.py:3036} INFO - Sync 1 DAGs
[2025-11-30T10:07:52.363+0000] {logging_mixin.py:188} INFO - [2025-11-30T10:07:52.363+0000] {dag.py:3823} INFO - Setting next_dagrun for minio_to_duckdb_pipeline to None, run_after=None
[2025-11-30T10:07:52.412+0000] {processor.py:183} INFO - Processing /opt/airflow/dags/02_minio_to_duckdb.py took 0.347 seconds
[2025-11-30T10:08:22.689+0000] {processor.py:161} INFO - Started process (PID=27520) to work on /opt/airflow/dags/02_minio_to_duckdb.py
[2025-11-30T10:08:22.691+0000] {processor.py:830} INFO - Processing file /opt/airflow/dags/02_minio_to_duckdb.py for tasks to queue
[2025-11-30T10:08:22.693+0000] {logging_mixin.py:188} INFO - [2025-11-30T10:08:22.692+0000] {dagbag.py:538} INFO - Filling up the DagBag from /opt/airflow/dags/02_minio_to_duckdb.py
[2025-11-30T10:08:22.859+0000] {processor.py:840} INFO - DAG(s) 'minio_to_duckdb_pipeline' retrieved from /opt/airflow/dags/02_minio_to_duckdb.py
[2025-11-30T10:08:22.917+0000] {logging_mixin.py:188} INFO - [2025-11-30T10:08:22.916+0000] {dag.py:3036} INFO - Sync 1 DAGs
[2025-11-30T10:08:22.940+0000] {logging_mixin.py:188} INFO - [2025-11-30T10:08:22.940+0000] {dag.py:3823} INFO - Setting next_dagrun for minio_to_duckdb_pipeline to None, run_after=None
[2025-11-30T10:08:22.991+0000] {processor.py:183} INFO - Processing /opt/airflow/dags/02_minio_to_duckdb.py took 0.309 seconds
[2025-11-30T10:08:53.307+0000] {processor.py:161} INFO - Started process (PID=27582) to work on /opt/airflow/dags/02_minio_to_duckdb.py
[2025-11-30T10:08:53.309+0000] {processor.py:830} INFO - Processing file /opt/airflow/dags/02_minio_to_duckdb.py for tasks to queue
[2025-11-30T10:08:53.310+0000] {logging_mixin.py:188} INFO - [2025-11-30T10:08:53.310+0000] {dagbag.py:538} INFO - Filling up the DagBag from /opt/airflow/dags/02_minio_to_duckdb.py
[2025-11-30T10:08:53.448+0000] {processor.py:840} INFO - DAG(s) 'minio_to_duckdb_pipeline' retrieved from /opt/airflow/dags/02_minio_to_duckdb.py
[2025-11-30T10:08:53.496+0000] {logging_mixin.py:188} INFO - [2025-11-30T10:08:53.496+0000] {dag.py:3036} INFO - Sync 1 DAGs
[2025-11-30T10:08:53.513+0000] {logging_mixin.py:188} INFO - [2025-11-30T10:08:53.513+0000] {dag.py:3823} INFO - Setting next_dagrun for minio_to_duckdb_pipeline to None, run_after=None
[2025-11-30T10:08:53.552+0000] {processor.py:183} INFO - Processing /opt/airflow/dags/02_minio_to_duckdb.py took 0.250 seconds
[2025-11-30T10:09:23.683+0000] {processor.py:161} INFO - Started process (PID=27626) to work on /opt/airflow/dags/02_minio_to_duckdb.py
[2025-11-30T10:09:23.685+0000] {processor.py:830} INFO - Processing file /opt/airflow/dags/02_minio_to_duckdb.py for tasks to queue
[2025-11-30T10:09:23.687+0000] {logging_mixin.py:188} INFO - [2025-11-30T10:09:23.686+0000] {dagbag.py:538} INFO - Filling up the DagBag from /opt/airflow/dags/02_minio_to_duckdb.py
[2025-11-30T10:09:23.838+0000] {processor.py:840} INFO - DAG(s) 'minio_to_duckdb_pipeline' retrieved from /opt/airflow/dags/02_minio_to_duckdb.py
[2025-11-30T10:09:23.900+0000] {logging_mixin.py:188} INFO - [2025-11-30T10:09:23.899+0000] {dag.py:3036} INFO - Sync 1 DAGs
[2025-11-30T10:09:23.929+0000] {logging_mixin.py:188} INFO - [2025-11-30T10:09:23.929+0000] {dag.py:3823} INFO - Setting next_dagrun for minio_to_duckdb_pipeline to None, run_after=None
[2025-11-30T10:09:23.986+0000] {processor.py:183} INFO - Processing /opt/airflow/dags/02_minio_to_duckdb.py took 0.309 seconds
[2025-11-30T10:09:54.118+0000] {processor.py:161} INFO - Started process (PID=27691) to work on /opt/airflow/dags/02_minio_to_duckdb.py
[2025-11-30T10:09:54.120+0000] {processor.py:830} INFO - Processing file /opt/airflow/dags/02_minio_to_duckdb.py for tasks to queue
[2025-11-30T10:09:54.123+0000] {logging_mixin.py:188} INFO - [2025-11-30T10:09:54.122+0000] {dagbag.py:538} INFO - Filling up the DagBag from /opt/airflow/dags/02_minio_to_duckdb.py
[2025-11-30T10:09:54.307+0000] {processor.py:840} INFO - DAG(s) 'minio_to_duckdb_pipeline' retrieved from /opt/airflow/dags/02_minio_to_duckdb.py
[2025-11-30T10:09:54.373+0000] {logging_mixin.py:188} INFO - [2025-11-30T10:09:54.372+0000] {dag.py:3036} INFO - Sync 1 DAGs
[2025-11-30T10:09:54.402+0000] {logging_mixin.py:188} INFO - [2025-11-30T10:09:54.402+0000] {dag.py:3823} INFO - Setting next_dagrun for minio_to_duckdb_pipeline to None, run_after=None
[2025-11-30T10:09:54.452+0000] {processor.py:183} INFO - Processing /opt/airflow/dags/02_minio_to_duckdb.py took 0.342 seconds
[2025-11-30T10:10:24.795+0000] {processor.py:161} INFO - Started process (PID=27756) to work on /opt/airflow/dags/02_minio_to_duckdb.py
[2025-11-30T10:10:24.797+0000] {processor.py:830} INFO - Processing file /opt/airflow/dags/02_minio_to_duckdb.py for tasks to queue
[2025-11-30T10:10:24.799+0000] {logging_mixin.py:188} INFO - [2025-11-30T10:10:24.798+0000] {dagbag.py:538} INFO - Filling up the DagBag from /opt/airflow/dags/02_minio_to_duckdb.py
[2025-11-30T10:10:24.970+0000] {processor.py:840} INFO - DAG(s) 'minio_to_duckdb_pipeline' retrieved from /opt/airflow/dags/02_minio_to_duckdb.py
[2025-11-30T10:10:25.044+0000] {logging_mixin.py:188} INFO - [2025-11-30T10:10:25.044+0000] {dag.py:3036} INFO - Sync 1 DAGs
[2025-11-30T10:10:25.072+0000] {logging_mixin.py:188} INFO - [2025-11-30T10:10:25.071+0000] {dag.py:3823} INFO - Setting next_dagrun for minio_to_duckdb_pipeline to None, run_after=None
[2025-11-30T10:10:25.114+0000] {processor.py:183} INFO - Processing /opt/airflow/dags/02_minio_to_duckdb.py took 0.325 seconds
[2025-11-30T10:10:55.303+0000] {processor.py:161} INFO - Started process (PID=27821) to work on /opt/airflow/dags/02_minio_to_duckdb.py
[2025-11-30T10:10:55.306+0000] {processor.py:830} INFO - Processing file /opt/airflow/dags/02_minio_to_duckdb.py for tasks to queue
[2025-11-30T10:10:55.309+0000] {logging_mixin.py:188} INFO - [2025-11-30T10:10:55.308+0000] {dagbag.py:538} INFO - Filling up the DagBag from /opt/airflow/dags/02_minio_to_duckdb.py
[2025-11-30T10:10:55.483+0000] {processor.py:840} INFO - DAG(s) 'minio_to_duckdb_pipeline' retrieved from /opt/airflow/dags/02_minio_to_duckdb.py
[2025-11-30T10:10:55.540+0000] {logging_mixin.py:188} INFO - [2025-11-30T10:10:55.540+0000] {dag.py:3036} INFO - Sync 1 DAGs
[2025-11-30T10:10:55.574+0000] {logging_mixin.py:188} INFO - [2025-11-30T10:10:55.574+0000] {dag.py:3823} INFO - Setting next_dagrun for minio_to_duckdb_pipeline to None, run_after=None
[2025-11-30T10:10:55.629+0000] {processor.py:183} INFO - Processing /opt/airflow/dags/02_minio_to_duckdb.py took 0.336 seconds
[2025-11-30T10:11:25.689+0000] {processor.py:161} INFO - Started process (PID=27886) to work on /opt/airflow/dags/02_minio_to_duckdb.py
[2025-11-30T10:11:25.692+0000] {processor.py:830} INFO - Processing file /opt/airflow/dags/02_minio_to_duckdb.py for tasks to queue
[2025-11-30T10:11:25.694+0000] {logging_mixin.py:188} INFO - [2025-11-30T10:11:25.694+0000] {dagbag.py:538} INFO - Filling up the DagBag from /opt/airflow/dags/02_minio_to_duckdb.py
[2025-11-30T10:11:25.859+0000] {processor.py:840} INFO - DAG(s) 'minio_to_duckdb_pipeline' retrieved from /opt/airflow/dags/02_minio_to_duckdb.py
[2025-11-30T10:11:25.909+0000] {logging_mixin.py:188} INFO - [2025-11-30T10:11:25.909+0000] {dag.py:3036} INFO - Sync 1 DAGs
[2025-11-30T10:11:25.941+0000] {logging_mixin.py:188} INFO - [2025-11-30T10:11:25.940+0000] {dag.py:3823} INFO - Setting next_dagrun for minio_to_duckdb_pipeline to None, run_after=None
[2025-11-30T10:11:25.981+0000] {processor.py:183} INFO - Processing /opt/airflow/dags/02_minio_to_duckdb.py took 0.300 seconds
[2025-11-30T10:11:56.299+0000] {processor.py:161} INFO - Started process (PID=27951) to work on /opt/airflow/dags/02_minio_to_duckdb.py
[2025-11-30T10:11:56.301+0000] {processor.py:830} INFO - Processing file /opt/airflow/dags/02_minio_to_duckdb.py for tasks to queue
[2025-11-30T10:11:56.303+0000] {logging_mixin.py:188} INFO - [2025-11-30T10:11:56.302+0000] {dagbag.py:538} INFO - Filling up the DagBag from /opt/airflow/dags/02_minio_to_duckdb.py
[2025-11-30T10:11:56.468+0000] {processor.py:840} INFO - DAG(s) 'minio_to_duckdb_pipeline' retrieved from /opt/airflow/dags/02_minio_to_duckdb.py
[2025-11-30T10:11:56.518+0000] {logging_mixin.py:188} INFO - [2025-11-30T10:11:56.518+0000] {dag.py:3036} INFO - Sync 1 DAGs
[2025-11-30T10:11:56.541+0000] {logging_mixin.py:188} INFO - [2025-11-30T10:11:56.540+0000] {dag.py:3823} INFO - Setting next_dagrun for minio_to_duckdb_pipeline to None, run_after=None
[2025-11-30T10:11:56.602+0000] {processor.py:183} INFO - Processing /opt/airflow/dags/02_minio_to_duckdb.py took 0.310 seconds
[2025-11-30T10:12:27.640+0000] {processor.py:161} INFO - Started process (PID=28013) to work on /opt/airflow/dags/02_minio_to_duckdb.py
[2025-11-30T10:12:27.643+0000] {processor.py:830} INFO - Processing file /opt/airflow/dags/02_minio_to_duckdb.py for tasks to queue
[2025-11-30T10:12:27.646+0000] {logging_mixin.py:188} INFO - [2025-11-30T10:12:27.645+0000] {dagbag.py:538} INFO - Filling up the DagBag from /opt/airflow/dags/02_minio_to_duckdb.py
[2025-11-30T10:12:27.839+0000] {processor.py:840} INFO - DAG(s) 'minio_to_duckdb_pipeline' retrieved from /opt/airflow/dags/02_minio_to_duckdb.py
[2025-11-30T10:12:27.898+0000] {logging_mixin.py:188} INFO - [2025-11-30T10:12:27.897+0000] {dag.py:3036} INFO - Sync 1 DAGs
[2025-11-30T10:12:27.922+0000] {logging_mixin.py:188} INFO - [2025-11-30T10:12:27.921+0000] {dag.py:3823} INFO - Setting next_dagrun for minio_to_duckdb_pipeline to None, run_after=None
[2025-11-30T10:12:27.956+0000] {processor.py:183} INFO - Processing /opt/airflow/dags/02_minio_to_duckdb.py took 0.324 seconds
[2025-11-30T10:12:58.290+0000] {processor.py:161} INFO - Started process (PID=28057) to work on /opt/airflow/dags/02_minio_to_duckdb.py
[2025-11-30T10:12:58.292+0000] {processor.py:830} INFO - Processing file /opt/airflow/dags/02_minio_to_duckdb.py for tasks to queue
[2025-11-30T10:12:58.294+0000] {logging_mixin.py:188} INFO - [2025-11-30T10:12:58.294+0000] {dagbag.py:538} INFO - Filling up the DagBag from /opt/airflow/dags/02_minio_to_duckdb.py
[2025-11-30T10:12:58.523+0000] {processor.py:840} INFO - DAG(s) 'minio_to_duckdb_pipeline' retrieved from /opt/airflow/dags/02_minio_to_duckdb.py
[2025-11-30T10:12:58.575+0000] {logging_mixin.py:188} INFO - [2025-11-30T10:12:58.574+0000] {dag.py:3036} INFO - Sync 1 DAGs
[2025-11-30T10:12:58.602+0000] {logging_mixin.py:188} INFO - [2025-11-30T10:12:58.601+0000] {dag.py:3823} INFO - Setting next_dagrun for minio_to_duckdb_pipeline to None, run_after=None
[2025-11-30T10:12:58.661+0000] {processor.py:183} INFO - Processing /opt/airflow/dags/02_minio_to_duckdb.py took 0.379 seconds
[2025-11-30T10:13:29.066+0000] {processor.py:161} INFO - Started process (PID=28122) to work on /opt/airflow/dags/02_minio_to_duckdb.py
[2025-11-30T10:13:29.070+0000] {processor.py:830} INFO - Processing file /opt/airflow/dags/02_minio_to_duckdb.py for tasks to queue
[2025-11-30T10:13:29.076+0000] {logging_mixin.py:188} INFO - [2025-11-30T10:13:29.074+0000] {dagbag.py:538} INFO - Filling up the DagBag from /opt/airflow/dags/02_minio_to_duckdb.py
[2025-11-30T10:13:29.385+0000] {processor.py:840} INFO - DAG(s) 'minio_to_duckdb_pipeline' retrieved from /opt/airflow/dags/02_minio_to_duckdb.py
[2025-11-30T10:13:29.448+0000] {logging_mixin.py:188} INFO - [2025-11-30T10:13:29.448+0000] {dag.py:3036} INFO - Sync 1 DAGs
[2025-11-30T10:13:29.474+0000] {logging_mixin.py:188} INFO - [2025-11-30T10:13:29.473+0000] {dag.py:3823} INFO - Setting next_dagrun for minio_to_duckdb_pipeline to None, run_after=None
[2025-11-30T10:13:29.543+0000] {processor.py:183} INFO - Processing /opt/airflow/dags/02_minio_to_duckdb.py took 0.495 seconds
[2025-11-30T10:13:59.935+0000] {processor.py:161} INFO - Started process (PID=28187) to work on /opt/airflow/dags/02_minio_to_duckdb.py
[2025-11-30T10:13:59.938+0000] {processor.py:830} INFO - Processing file /opt/airflow/dags/02_minio_to_duckdb.py for tasks to queue
[2025-11-30T10:13:59.940+0000] {logging_mixin.py:188} INFO - [2025-11-30T10:13:59.940+0000] {dagbag.py:538} INFO - Filling up the DagBag from /opt/airflow/dags/02_minio_to_duckdb.py
[2025-11-30T10:14:00.121+0000] {processor.py:840} INFO - DAG(s) 'minio_to_duckdb_pipeline' retrieved from /opt/airflow/dags/02_minio_to_duckdb.py
[2025-11-30T10:14:00.167+0000] {logging_mixin.py:188} INFO - [2025-11-30T10:14:00.166+0000] {dag.py:3036} INFO - Sync 1 DAGs
[2025-11-30T10:14:00.195+0000] {logging_mixin.py:188} INFO - [2025-11-30T10:14:00.195+0000] {dag.py:3823} INFO - Setting next_dagrun for minio_to_duckdb_pipeline to None, run_after=None
[2025-11-30T10:14:00.246+0000] {processor.py:183} INFO - Processing /opt/airflow/dags/02_minio_to_duckdb.py took 0.317 seconds
[2025-11-30T10:14:30.555+0000] {processor.py:161} INFO - Started process (PID=28252) to work on /opt/airflow/dags/02_minio_to_duckdb.py
[2025-11-30T10:14:30.558+0000] {processor.py:830} INFO - Processing file /opt/airflow/dags/02_minio_to_duckdb.py for tasks to queue
[2025-11-30T10:14:30.560+0000] {logging_mixin.py:188} INFO - [2025-11-30T10:14:30.559+0000] {dagbag.py:538} INFO - Filling up the DagBag from /opt/airflow/dags/02_minio_to_duckdb.py
[2025-11-30T10:14:30.726+0000] {processor.py:840} INFO - DAG(s) 'minio_to_duckdb_pipeline' retrieved from /opt/airflow/dags/02_minio_to_duckdb.py
[2025-11-30T10:14:30.795+0000] {logging_mixin.py:188} INFO - [2025-11-30T10:14:30.794+0000] {dag.py:3036} INFO - Sync 1 DAGs
[2025-11-30T10:14:30.817+0000] {logging_mixin.py:188} INFO - [2025-11-30T10:14:30.816+0000] {dag.py:3823} INFO - Setting next_dagrun for minio_to_duckdb_pipeline to None, run_after=None
[2025-11-30T10:14:30.864+0000] {processor.py:183} INFO - Processing /opt/airflow/dags/02_minio_to_duckdb.py took 0.317 seconds
[2025-11-30T10:15:00.968+0000] {processor.py:161} INFO - Started process (PID=28317) to work on /opt/airflow/dags/02_minio_to_duckdb.py
[2025-11-30T10:15:00.970+0000] {processor.py:830} INFO - Processing file /opt/airflow/dags/02_minio_to_duckdb.py for tasks to queue
[2025-11-30T10:15:00.972+0000] {logging_mixin.py:188} INFO - [2025-11-30T10:15:00.971+0000] {dagbag.py:538} INFO - Filling up the DagBag from /opt/airflow/dags/02_minio_to_duckdb.py
[2025-11-30T10:15:01.130+0000] {processor.py:840} INFO - DAG(s) 'minio_to_duckdb_pipeline' retrieved from /opt/airflow/dags/02_minio_to_duckdb.py
[2025-11-30T10:15:01.180+0000] {logging_mixin.py:188} INFO - [2025-11-30T10:15:01.180+0000] {dag.py:3036} INFO - Sync 1 DAGs
[2025-11-30T10:15:01.202+0000] {logging_mixin.py:188} INFO - [2025-11-30T10:15:01.201+0000] {dag.py:3823} INFO - Setting next_dagrun for minio_to_duckdb_pipeline to None, run_after=None
[2025-11-30T10:15:01.253+0000] {processor.py:183} INFO - Processing /opt/airflow/dags/02_minio_to_duckdb.py took 0.290 seconds
[2025-11-30T10:15:31.571+0000] {processor.py:161} INFO - Started process (PID=28382) to work on /opt/airflow/dags/02_minio_to_duckdb.py
[2025-11-30T10:15:31.574+0000] {processor.py:830} INFO - Processing file /opt/airflow/dags/02_minio_to_duckdb.py for tasks to queue
[2025-11-30T10:15:31.578+0000] {logging_mixin.py:188} INFO - [2025-11-30T10:15:31.577+0000] {dagbag.py:538} INFO - Filling up the DagBag from /opt/airflow/dags/02_minio_to_duckdb.py
[2025-11-30T10:15:31.753+0000] {processor.py:840} INFO - DAG(s) 'minio_to_duckdb_pipeline' retrieved from /opt/airflow/dags/02_minio_to_duckdb.py
[2025-11-30T10:15:31.809+0000] {logging_mixin.py:188} INFO - [2025-11-30T10:15:31.808+0000] {dag.py:3036} INFO - Sync 1 DAGs
[2025-11-30T10:15:31.833+0000] {logging_mixin.py:188} INFO - [2025-11-30T10:15:31.833+0000] {dag.py:3823} INFO - Setting next_dagrun for minio_to_duckdb_pipeline to None, run_after=None
[2025-11-30T10:15:31.885+0000] {processor.py:183} INFO - Processing /opt/airflow/dags/02_minio_to_duckdb.py took 0.322 seconds
[2025-11-30T10:16:02.181+0000] {processor.py:161} INFO - Started process (PID=28447) to work on /opt/airflow/dags/02_minio_to_duckdb.py
[2025-11-30T10:16:02.183+0000] {processor.py:830} INFO - Processing file /opt/airflow/dags/02_minio_to_duckdb.py for tasks to queue
[2025-11-30T10:16:02.185+0000] {logging_mixin.py:188} INFO - [2025-11-30T10:16:02.185+0000] {dagbag.py:538} INFO - Filling up the DagBag from /opt/airflow/dags/02_minio_to_duckdb.py
[2025-11-30T10:16:02.354+0000] {processor.py:840} INFO - DAG(s) 'minio_to_duckdb_pipeline' retrieved from /opt/airflow/dags/02_minio_to_duckdb.py
[2025-11-30T10:16:02.407+0000] {logging_mixin.py:188} INFO - [2025-11-30T10:16:02.407+0000] {dag.py:3036} INFO - Sync 1 DAGs
[2025-11-30T10:16:02.434+0000] {logging_mixin.py:188} INFO - [2025-11-30T10:16:02.433+0000] {dag.py:3823} INFO - Setting next_dagrun for minio_to_duckdb_pipeline to None, run_after=None
[2025-11-30T10:16:02.472+0000] {processor.py:183} INFO - Processing /opt/airflow/dags/02_minio_to_duckdb.py took 0.299 seconds
[2025-11-30T10:16:32.736+0000] {processor.py:161} INFO - Started process (PID=28509) to work on /opt/airflow/dags/02_minio_to_duckdb.py
[2025-11-30T10:16:32.738+0000] {processor.py:830} INFO - Processing file /opt/airflow/dags/02_minio_to_duckdb.py for tasks to queue
[2025-11-30T10:16:32.747+0000] {logging_mixin.py:188} INFO - [2025-11-30T10:16:32.746+0000] {dagbag.py:538} INFO - Filling up the DagBag from /opt/airflow/dags/02_minio_to_duckdb.py
[2025-11-30T10:16:32.901+0000] {processor.py:840} INFO - DAG(s) 'minio_to_duckdb_pipeline' retrieved from /opt/airflow/dags/02_minio_to_duckdb.py
[2025-11-30T10:16:32.959+0000] {logging_mixin.py:188} INFO - [2025-11-30T10:16:32.958+0000] {dag.py:3036} INFO - Sync 1 DAGs
[2025-11-30T10:16:32.982+0000] {logging_mixin.py:188} INFO - [2025-11-30T10:16:32.981+0000] {dag.py:3823} INFO - Setting next_dagrun for minio_to_duckdb_pipeline to None, run_after=None
[2025-11-30T10:16:33.027+0000] {processor.py:183} INFO - Processing /opt/airflow/dags/02_minio_to_duckdb.py took 0.297 seconds
[2025-11-30T10:17:03.488+0000] {processor.py:161} INFO - Started process (PID=28553) to work on /opt/airflow/dags/02_minio_to_duckdb.py
[2025-11-30T10:17:03.490+0000] {processor.py:830} INFO - Processing file /opt/airflow/dags/02_minio_to_duckdb.py for tasks to queue
[2025-11-30T10:17:03.492+0000] {logging_mixin.py:188} INFO - [2025-11-30T10:17:03.492+0000] {dagbag.py:538} INFO - Filling up the DagBag from /opt/airflow/dags/02_minio_to_duckdb.py
[2025-11-30T10:17:03.666+0000] {processor.py:840} INFO - DAG(s) 'minio_to_duckdb_pipeline' retrieved from /opt/airflow/dags/02_minio_to_duckdb.py
[2025-11-30T10:17:03.716+0000] {logging_mixin.py:188} INFO - [2025-11-30T10:17:03.716+0000] {dag.py:3036} INFO - Sync 1 DAGs
[2025-11-30T10:17:03.741+0000] {logging_mixin.py:188} INFO - [2025-11-30T10:17:03.740+0000] {dag.py:3823} INFO - Setting next_dagrun for minio_to_duckdb_pipeline to None, run_after=None
[2025-11-30T10:17:03.795+0000] {processor.py:183} INFO - Processing /opt/airflow/dags/02_minio_to_duckdb.py took 0.313 seconds
[2025-11-30T10:17:34.116+0000] {processor.py:161} INFO - Started process (PID=28618) to work on /opt/airflow/dags/02_minio_to_duckdb.py
[2025-11-30T10:17:34.119+0000] {processor.py:830} INFO - Processing file /opt/airflow/dags/02_minio_to_duckdb.py for tasks to queue
[2025-11-30T10:17:34.121+0000] {logging_mixin.py:188} INFO - [2025-11-30T10:17:34.121+0000] {dagbag.py:538} INFO - Filling up the DagBag from /opt/airflow/dags/02_minio_to_duckdb.py
[2025-11-30T10:17:34.279+0000] {processor.py:840} INFO - DAG(s) 'minio_to_duckdb_pipeline' retrieved from /opt/airflow/dags/02_minio_to_duckdb.py
[2025-11-30T10:17:34.327+0000] {logging_mixin.py:188} INFO - [2025-11-30T10:17:34.326+0000] {dag.py:3036} INFO - Sync 1 DAGs
[2025-11-30T10:17:34.346+0000] {logging_mixin.py:188} INFO - [2025-11-30T10:17:34.346+0000] {dag.py:3823} INFO - Setting next_dagrun for minio_to_duckdb_pipeline to None, run_after=None
[2025-11-30T10:17:34.395+0000] {processor.py:183} INFO - Processing /opt/airflow/dags/02_minio_to_duckdb.py took 0.285 seconds
[2025-11-30T10:18:04.947+0000] {processor.py:161} INFO - Started process (PID=28683) to work on /opt/airflow/dags/02_minio_to_duckdb.py
[2025-11-30T10:18:04.950+0000] {processor.py:830} INFO - Processing file /opt/airflow/dags/02_minio_to_duckdb.py for tasks to queue
[2025-11-30T10:18:04.953+0000] {logging_mixin.py:188} INFO - [2025-11-30T10:18:04.952+0000] {dagbag.py:538} INFO - Filling up the DagBag from /opt/airflow/dags/02_minio_to_duckdb.py
[2025-11-30T10:18:05.148+0000] {processor.py:840} INFO - DAG(s) 'minio_to_duckdb_pipeline' retrieved from /opt/airflow/dags/02_minio_to_duckdb.py
[2025-11-30T10:18:05.203+0000] {logging_mixin.py:188} INFO - [2025-11-30T10:18:05.203+0000] {dag.py:3036} INFO - Sync 1 DAGs
[2025-11-30T10:18:05.228+0000] {logging_mixin.py:188} INFO - [2025-11-30T10:18:05.227+0000] {dag.py:3823} INFO - Setting next_dagrun for minio_to_duckdb_pipeline to None, run_after=None
[2025-11-30T10:18:05.280+0000] {processor.py:183} INFO - Processing /opt/airflow/dags/02_minio_to_duckdb.py took 0.339 seconds
[2025-11-30T10:18:35.382+0000] {processor.py:161} INFO - Started process (PID=28748) to work on /opt/airflow/dags/02_minio_to_duckdb.py
[2025-11-30T10:18:35.384+0000] {processor.py:830} INFO - Processing file /opt/airflow/dags/02_minio_to_duckdb.py for tasks to queue
[2025-11-30T10:18:35.386+0000] {logging_mixin.py:188} INFO - [2025-11-30T10:18:35.385+0000] {dagbag.py:538} INFO - Filling up the DagBag from /opt/airflow/dags/02_minio_to_duckdb.py
[2025-11-30T10:18:35.569+0000] {processor.py:840} INFO - DAG(s) 'minio_to_duckdb_pipeline' retrieved from /opt/airflow/dags/02_minio_to_duckdb.py
[2025-11-30T10:18:35.624+0000] {logging_mixin.py:188} INFO - [2025-11-30T10:18:35.624+0000] {dag.py:3036} INFO - Sync 1 DAGs
[2025-11-30T10:18:35.652+0000] {logging_mixin.py:188} INFO - [2025-11-30T10:18:35.651+0000] {dag.py:3823} INFO - Setting next_dagrun for minio_to_duckdb_pipeline to None, run_after=None
[2025-11-30T10:18:35.703+0000] {processor.py:183} INFO - Processing /opt/airflow/dags/02_minio_to_duckdb.py took 0.328 seconds
[2025-11-30T10:19:06.037+0000] {processor.py:161} INFO - Started process (PID=28813) to work on /opt/airflow/dags/02_minio_to_duckdb.py
[2025-11-30T10:19:06.039+0000] {processor.py:830} INFO - Processing file /opt/airflow/dags/02_minio_to_duckdb.py for tasks to queue
[2025-11-30T10:19:06.041+0000] {logging_mixin.py:188} INFO - [2025-11-30T10:19:06.041+0000] {dagbag.py:538} INFO - Filling up the DagBag from /opt/airflow/dags/02_minio_to_duckdb.py
[2025-11-30T10:19:06.210+0000] {processor.py:840} INFO - DAG(s) 'minio_to_duckdb_pipeline' retrieved from /opt/airflow/dags/02_minio_to_duckdb.py
[2025-11-30T10:19:06.268+0000] {logging_mixin.py:188} INFO - [2025-11-30T10:19:06.268+0000] {dag.py:3036} INFO - Sync 1 DAGs
[2025-11-30T10:19:06.292+0000] {logging_mixin.py:188} INFO - [2025-11-30T10:19:06.292+0000] {dag.py:3823} INFO - Setting next_dagrun for minio_to_duckdb_pipeline to None, run_after=None
[2025-11-30T10:19:06.349+0000] {processor.py:183} INFO - Processing /opt/airflow/dags/02_minio_to_duckdb.py took 0.320 seconds
[2025-11-30T10:19:36.563+0000] {processor.py:161} INFO - Started process (PID=28878) to work on /opt/airflow/dags/02_minio_to_duckdb.py
[2025-11-30T10:19:36.565+0000] {processor.py:830} INFO - Processing file /opt/airflow/dags/02_minio_to_duckdb.py for tasks to queue
[2025-11-30T10:19:36.567+0000] {logging_mixin.py:188} INFO - [2025-11-30T10:19:36.566+0000] {dagbag.py:538} INFO - Filling up the DagBag from /opt/airflow/dags/02_minio_to_duckdb.py
[2025-11-30T10:19:36.797+0000] {processor.py:840} INFO - DAG(s) 'minio_to_duckdb_pipeline' retrieved from /opt/airflow/dags/02_minio_to_duckdb.py
[2025-11-30T10:19:36.907+0000] {logging_mixin.py:188} INFO - [2025-11-30T10:19:36.906+0000] {dag.py:3036} INFO - Sync 1 DAGs
[2025-11-30T10:19:36.966+0000] {logging_mixin.py:188} INFO - [2025-11-30T10:19:36.965+0000] {dag.py:3823} INFO - Setting next_dagrun for minio_to_duckdb_pipeline to None, run_after=None
[2025-11-30T10:19:37.079+0000] {processor.py:183} INFO - Processing /opt/airflow/dags/02_minio_to_duckdb.py took 0.524 seconds
[2025-11-30T10:20:07.458+0000] {processor.py:161} INFO - Started process (PID=28940) to work on /opt/airflow/dags/02_minio_to_duckdb.py
[2025-11-30T10:20:07.460+0000] {processor.py:830} INFO - Processing file /opt/airflow/dags/02_minio_to_duckdb.py for tasks to queue
[2025-11-30T10:20:07.464+0000] {logging_mixin.py:188} INFO - [2025-11-30T10:20:07.462+0000] {dagbag.py:538} INFO - Filling up the DagBag from /opt/airflow/dags/02_minio_to_duckdb.py
[2025-11-30T10:20:07.716+0000] {processor.py:840} INFO - DAG(s) 'minio_to_duckdb_pipeline' retrieved from /opt/airflow/dags/02_minio_to_duckdb.py
[2025-11-30T10:20:07.770+0000] {logging_mixin.py:188} INFO - [2025-11-30T10:20:07.769+0000] {dag.py:3036} INFO - Sync 1 DAGs
[2025-11-30T10:20:07.808+0000] {logging_mixin.py:188} INFO - [2025-11-30T10:20:07.807+0000] {dag.py:3823} INFO - Setting next_dagrun for minio_to_duckdb_pipeline to None, run_after=None
[2025-11-30T10:20:07.864+0000] {processor.py:183} INFO - Processing /opt/airflow/dags/02_minio_to_duckdb.py took 0.412 seconds
[2025-11-30T10:20:38.077+0000] {processor.py:161} INFO - Started process (PID=28984) to work on /opt/airflow/dags/02_minio_to_duckdb.py
[2025-11-30T10:20:38.079+0000] {processor.py:830} INFO - Processing file /opt/airflow/dags/02_minio_to_duckdb.py for tasks to queue
[2025-11-30T10:20:38.083+0000] {logging_mixin.py:188} INFO - [2025-11-30T10:20:38.082+0000] {dagbag.py:538} INFO - Filling up the DagBag from /opt/airflow/dags/02_minio_to_duckdb.py
[2025-11-30T10:20:38.278+0000] {processor.py:840} INFO - DAG(s) 'minio_to_duckdb_pipeline' retrieved from /opt/airflow/dags/02_minio_to_duckdb.py
[2025-11-30T10:20:38.338+0000] {logging_mixin.py:188} INFO - [2025-11-30T10:20:38.337+0000] {dag.py:3036} INFO - Sync 1 DAGs
[2025-11-30T10:20:38.362+0000] {logging_mixin.py:188} INFO - [2025-11-30T10:20:38.362+0000] {dag.py:3823} INFO - Setting next_dagrun for minio_to_duckdb_pipeline to None, run_after=None
[2025-11-30T10:20:38.415+0000] {processor.py:183} INFO - Processing /opt/airflow/dags/02_minio_to_duckdb.py took 0.345 seconds
[2025-11-30T10:21:08.590+0000] {processor.py:161} INFO - Started process (PID=29049) to work on /opt/airflow/dags/02_minio_to_duckdb.py
[2025-11-30T10:21:08.592+0000] {processor.py:830} INFO - Processing file /opt/airflow/dags/02_minio_to_duckdb.py for tasks to queue
[2025-11-30T10:21:08.595+0000] {logging_mixin.py:188} INFO - [2025-11-30T10:21:08.594+0000] {dagbag.py:538} INFO - Filling up the DagBag from /opt/airflow/dags/02_minio_to_duckdb.py
[2025-11-30T10:21:08.796+0000] {processor.py:840} INFO - DAG(s) 'minio_to_duckdb_pipeline' retrieved from /opt/airflow/dags/02_minio_to_duckdb.py
[2025-11-30T10:21:08.849+0000] {logging_mixin.py:188} INFO - [2025-11-30T10:21:08.848+0000] {dag.py:3036} INFO - Sync 1 DAGs
[2025-11-30T10:21:08.875+0000] {logging_mixin.py:188} INFO - [2025-11-30T10:21:08.874+0000] {dag.py:3823} INFO - Setting next_dagrun for minio_to_duckdb_pipeline to None, run_after=None
[2025-11-30T10:21:08.927+0000] {processor.py:183} INFO - Processing /opt/airflow/dags/02_minio_to_duckdb.py took 0.345 seconds
[2025-11-30T10:21:39.094+0000] {processor.py:161} INFO - Started process (PID=29114) to work on /opt/airflow/dags/02_minio_to_duckdb.py
[2025-11-30T10:21:39.096+0000] {processor.py:830} INFO - Processing file /opt/airflow/dags/02_minio_to_duckdb.py for tasks to queue
[2025-11-30T10:21:39.099+0000] {logging_mixin.py:188} INFO - [2025-11-30T10:21:39.099+0000] {dagbag.py:538} INFO - Filling up the DagBag from /opt/airflow/dags/02_minio_to_duckdb.py
[2025-11-30T10:21:39.481+0000] {processor.py:840} INFO - DAG(s) 'minio_to_duckdb_pipeline' retrieved from /opt/airflow/dags/02_minio_to_duckdb.py
[2025-11-30T10:21:39.545+0000] {logging_mixin.py:188} INFO - [2025-11-30T10:21:39.544+0000] {dag.py:3036} INFO - Sync 1 DAGs
[2025-11-30T10:21:39.579+0000] {logging_mixin.py:188} INFO - [2025-11-30T10:21:39.578+0000] {dag.py:3823} INFO - Setting next_dagrun for minio_to_duckdb_pipeline to None, run_after=None
[2025-11-30T10:21:39.639+0000] {processor.py:183} INFO - Processing /opt/airflow/dags/02_minio_to_duckdb.py took 0.550 seconds
[2025-11-30T10:22:09.997+0000] {processor.py:161} INFO - Started process (PID=29179) to work on /opt/airflow/dags/02_minio_to_duckdb.py
[2025-11-30T10:22:09.999+0000] {processor.py:830} INFO - Processing file /opt/airflow/dags/02_minio_to_duckdb.py for tasks to queue
[2025-11-30T10:22:10.002+0000] {logging_mixin.py:188} INFO - [2025-11-30T10:22:10.001+0000] {dagbag.py:538} INFO - Filling up the DagBag from /opt/airflow/dags/02_minio_to_duckdb.py
[2025-11-30T10:22:10.178+0000] {processor.py:840} INFO - DAG(s) 'minio_to_duckdb_pipeline' retrieved from /opt/airflow/dags/02_minio_to_duckdb.py
[2025-11-30T10:22:10.242+0000] {logging_mixin.py:188} INFO - [2025-11-30T10:22:10.242+0000] {dag.py:3036} INFO - Sync 1 DAGs
[2025-11-30T10:22:10.268+0000] {logging_mixin.py:188} INFO - [2025-11-30T10:22:10.267+0000] {dag.py:3823} INFO - Setting next_dagrun for minio_to_duckdb_pipeline to None, run_after=None
[2025-11-30T10:22:10.298+0000] {processor.py:183} INFO - Processing /opt/airflow/dags/02_minio_to_duckdb.py took 0.309 seconds
[2025-11-30T10:22:40.619+0000] {processor.py:161} INFO - Started process (PID=29244) to work on /opt/airflow/dags/02_minio_to_duckdb.py
[2025-11-30T10:22:40.622+0000] {processor.py:830} INFO - Processing file /opt/airflow/dags/02_minio_to_duckdb.py for tasks to queue
[2025-11-30T10:22:40.625+0000] {logging_mixin.py:188} INFO - [2025-11-30T10:22:40.624+0000] {dagbag.py:538} INFO - Filling up the DagBag from /opt/airflow/dags/02_minio_to_duckdb.py
[2025-11-30T10:22:40.798+0000] {processor.py:840} INFO - DAG(s) 'minio_to_duckdb_pipeline' retrieved from /opt/airflow/dags/02_minio_to_duckdb.py
[2025-11-30T10:22:40.850+0000] {logging_mixin.py:188} INFO - [2025-11-30T10:22:40.849+0000] {dag.py:3036} INFO - Sync 1 DAGs
[2025-11-30T10:22:40.876+0000] {logging_mixin.py:188} INFO - [2025-11-30T10:22:40.875+0000] {dag.py:3823} INFO - Setting next_dagrun for minio_to_duckdb_pipeline to None, run_after=None
[2025-11-30T10:22:40.926+0000] {processor.py:183} INFO - Processing /opt/airflow/dags/02_minio_to_duckdb.py took 0.314 seconds
[2025-11-30T10:23:11.957+0000] {processor.py:161} INFO - Started process (PID=29309) to work on /opt/airflow/dags/02_minio_to_duckdb.py
[2025-11-30T10:23:11.959+0000] {processor.py:830} INFO - Processing file /opt/airflow/dags/02_minio_to_duckdb.py for tasks to queue
[2025-11-30T10:23:11.960+0000] {logging_mixin.py:188} INFO - [2025-11-30T10:23:11.960+0000] {dagbag.py:538} INFO - Filling up the DagBag from /opt/airflow/dags/02_minio_to_duckdb.py
[2025-11-30T10:23:12.111+0000] {processor.py:840} INFO - DAG(s) 'minio_to_duckdb_pipeline' retrieved from /opt/airflow/dags/02_minio_to_duckdb.py
[2025-11-30T10:23:12.153+0000] {logging_mixin.py:188} INFO - [2025-11-30T10:23:12.152+0000] {dag.py:3036} INFO - Sync 1 DAGs
[2025-11-30T10:23:12.172+0000] {logging_mixin.py:188} INFO - [2025-11-30T10:23:12.171+0000] {dag.py:3823} INFO - Setting next_dagrun for minio_to_duckdb_pipeline to None, run_after=None
[2025-11-30T10:23:12.212+0000] {processor.py:183} INFO - Processing /opt/airflow/dags/02_minio_to_duckdb.py took 0.259 seconds
[2025-11-30T10:23:42.532+0000] {processor.py:161} INFO - Started process (PID=29374) to work on /opt/airflow/dags/02_minio_to_duckdb.py
[2025-11-30T10:23:42.534+0000] {processor.py:830} INFO - Processing file /opt/airflow/dags/02_minio_to_duckdb.py for tasks to queue
[2025-11-30T10:23:42.537+0000] {logging_mixin.py:188} INFO - [2025-11-30T10:23:42.536+0000] {dagbag.py:538} INFO - Filling up the DagBag from /opt/airflow/dags/02_minio_to_duckdb.py
[2025-11-30T10:23:42.704+0000] {processor.py:840} INFO - DAG(s) 'minio_to_duckdb_pipeline' retrieved from /opt/airflow/dags/02_minio_to_duckdb.py
[2025-11-30T10:23:42.782+0000] {logging_mixin.py:188} INFO - [2025-11-30T10:23:42.781+0000] {dag.py:3036} INFO - Sync 1 DAGs
[2025-11-30T10:23:42.812+0000] {logging_mixin.py:188} INFO - [2025-11-30T10:23:42.812+0000] {dag.py:3823} INFO - Setting next_dagrun for minio_to_duckdb_pipeline to None, run_after=None
[2025-11-30T10:23:42.872+0000] {processor.py:183} INFO - Processing /opt/airflow/dags/02_minio_to_duckdb.py took 0.351 seconds
[2025-11-30T10:24:13.218+0000] {processor.py:161} INFO - Started process (PID=29436) to work on /opt/airflow/dags/02_minio_to_duckdb.py
[2025-11-30T10:24:13.221+0000] {processor.py:830} INFO - Processing file /opt/airflow/dags/02_minio_to_duckdb.py for tasks to queue
[2025-11-30T10:24:13.223+0000] {logging_mixin.py:188} INFO - [2025-11-30T10:24:13.222+0000] {dagbag.py:538} INFO - Filling up the DagBag from /opt/airflow/dags/02_minio_to_duckdb.py
[2025-11-30T10:24:13.377+0000] {processor.py:840} INFO - DAG(s) 'minio_to_duckdb_pipeline' retrieved from /opt/airflow/dags/02_minio_to_duckdb.py
[2025-11-30T10:24:13.418+0000] {logging_mixin.py:188} INFO - [2025-11-30T10:24:13.418+0000] {dag.py:3036} INFO - Sync 1 DAGs
[2025-11-30T10:24:13.435+0000] {logging_mixin.py:188} INFO - [2025-11-30T10:24:13.435+0000] {dag.py:3823} INFO - Setting next_dagrun for minio_to_duckdb_pipeline to None, run_after=None
[2025-11-30T10:24:13.477+0000] {processor.py:183} INFO - Processing /opt/airflow/dags/02_minio_to_duckdb.py took 0.265 seconds
[2025-11-30T10:24:44.122+0000] {processor.py:161} INFO - Started process (PID=29483) to work on /opt/airflow/dags/02_minio_to_duckdb.py
[2025-11-30T10:24:44.125+0000] {processor.py:830} INFO - Processing file /opt/airflow/dags/02_minio_to_duckdb.py for tasks to queue
[2025-11-30T10:24:44.128+0000] {logging_mixin.py:188} INFO - [2025-11-30T10:24:44.127+0000] {dagbag.py:538} INFO - Filling up the DagBag from /opt/airflow/dags/02_minio_to_duckdb.py
[2025-11-30T10:24:44.315+0000] {processor.py:840} INFO - DAG(s) 'minio_to_duckdb_pipeline' retrieved from /opt/airflow/dags/02_minio_to_duckdb.py
[2025-11-30T10:24:44.363+0000] {logging_mixin.py:188} INFO - [2025-11-30T10:24:44.362+0000] {dag.py:3036} INFO - Sync 1 DAGs
[2025-11-30T10:24:44.384+0000] {logging_mixin.py:188} INFO - [2025-11-30T10:24:44.384+0000] {dag.py:3823} INFO - Setting next_dagrun for minio_to_duckdb_pipeline to None, run_after=None
[2025-11-30T10:24:44.440+0000] {processor.py:183} INFO - Processing /opt/airflow/dags/02_minio_to_duckdb.py took 0.324 seconds
[2025-11-30T10:25:14.755+0000] {processor.py:161} INFO - Started process (PID=29545) to work on /opt/airflow/dags/02_minio_to_duckdb.py
[2025-11-30T10:25:14.757+0000] {processor.py:830} INFO - Processing file /opt/airflow/dags/02_minio_to_duckdb.py for tasks to queue
[2025-11-30T10:25:14.761+0000] {logging_mixin.py:188} INFO - [2025-11-30T10:25:14.760+0000] {dagbag.py:538} INFO - Filling up the DagBag from /opt/airflow/dags/02_minio_to_duckdb.py
[2025-11-30T10:25:14.946+0000] {processor.py:840} INFO - DAG(s) 'minio_to_duckdb_pipeline' retrieved from /opt/airflow/dags/02_minio_to_duckdb.py
[2025-11-30T10:25:15.003+0000] {logging_mixin.py:188} INFO - [2025-11-30T10:25:15.002+0000] {dag.py:3036} INFO - Sync 1 DAGs
[2025-11-30T10:25:15.029+0000] {logging_mixin.py:188} INFO - [2025-11-30T10:25:15.029+0000] {dag.py:3823} INFO - Setting next_dagrun for minio_to_duckdb_pipeline to None, run_after=None
[2025-11-30T10:25:15.077+0000] {processor.py:183} INFO - Processing /opt/airflow/dags/02_minio_to_duckdb.py took 0.329 seconds
[2025-11-30T10:25:45.329+0000] {processor.py:161} INFO - Started process (PID=29610) to work on /opt/airflow/dags/02_minio_to_duckdb.py
[2025-11-30T10:25:45.331+0000] {processor.py:830} INFO - Processing file /opt/airflow/dags/02_minio_to_duckdb.py for tasks to queue
[2025-11-30T10:25:45.333+0000] {logging_mixin.py:188} INFO - [2025-11-30T10:25:45.332+0000] {dagbag.py:538} INFO - Filling up the DagBag from /opt/airflow/dags/02_minio_to_duckdb.py
[2025-11-30T10:25:45.509+0000] {processor.py:840} INFO - DAG(s) 'minio_to_duckdb_pipeline' retrieved from /opt/airflow/dags/02_minio_to_duckdb.py
[2025-11-30T10:25:45.569+0000] {logging_mixin.py:188} INFO - [2025-11-30T10:25:45.568+0000] {dag.py:3036} INFO - Sync 1 DAGs
[2025-11-30T10:25:45.601+0000] {logging_mixin.py:188} INFO - [2025-11-30T10:25:45.600+0000] {dag.py:3823} INFO - Setting next_dagrun for minio_to_duckdb_pipeline to None, run_after=None
[2025-11-30T10:25:45.639+0000] {processor.py:183} INFO - Processing /opt/airflow/dags/02_minio_to_duckdb.py took 0.317 seconds
[2025-11-30T10:26:15.791+0000] {processor.py:161} INFO - Started process (PID=29675) to work on /opt/airflow/dags/02_minio_to_duckdb.py
[2025-11-30T10:26:15.793+0000] {processor.py:830} INFO - Processing file /opt/airflow/dags/02_minio_to_duckdb.py for tasks to queue
[2025-11-30T10:26:15.797+0000] {logging_mixin.py:188} INFO - [2025-11-30T10:26:15.796+0000] {dagbag.py:538} INFO - Filling up the DagBag from /opt/airflow/dags/02_minio_to_duckdb.py
[2025-11-30T10:26:16.016+0000] {processor.py:840} INFO - DAG(s) 'minio_to_duckdb_pipeline' retrieved from /opt/airflow/dags/02_minio_to_duckdb.py
[2025-11-30T10:26:16.080+0000] {logging_mixin.py:188} INFO - [2025-11-30T10:26:16.079+0000] {dag.py:3036} INFO - Sync 1 DAGs
[2025-11-30T10:26:16.102+0000] {logging_mixin.py:188} INFO - [2025-11-30T10:26:16.102+0000] {dag.py:3823} INFO - Setting next_dagrun for minio_to_duckdb_pipeline to None, run_after=None
[2025-11-30T10:26:16.133+0000] {processor.py:183} INFO - Processing /opt/airflow/dags/02_minio_to_duckdb.py took 0.347 seconds
[2025-11-30T10:26:46.466+0000] {processor.py:161} INFO - Started process (PID=29740) to work on /opt/airflow/dags/02_minio_to_duckdb.py
[2025-11-30T10:26:46.468+0000] {processor.py:830} INFO - Processing file /opt/airflow/dags/02_minio_to_duckdb.py for tasks to queue
[2025-11-30T10:26:46.470+0000] {logging_mixin.py:188} INFO - [2025-11-30T10:26:46.469+0000] {dagbag.py:538} INFO - Filling up the DagBag from /opt/airflow/dags/02_minio_to_duckdb.py
[2025-11-30T10:26:46.658+0000] {processor.py:840} INFO - DAG(s) 'minio_to_duckdb_pipeline' retrieved from /opt/airflow/dags/02_minio_to_duckdb.py
[2025-11-30T10:26:47.114+0000] {logging_mixin.py:188} INFO - [2025-11-30T10:26:47.113+0000] {dag.py:3036} INFO - Sync 1 DAGs
[2025-11-30T10:26:47.146+0000] {logging_mixin.py:188} INFO - [2025-11-30T10:26:47.145+0000] {dag.py:3823} INFO - Setting next_dagrun for minio_to_duckdb_pipeline to None, run_after=None
[2025-11-30T10:26:47.232+0000] {processor.py:183} INFO - Processing /opt/airflow/dags/02_minio_to_duckdb.py took 0.773 seconds
[2025-11-30T10:27:17.551+0000] {processor.py:161} INFO - Started process (PID=29805) to work on /opt/airflow/dags/02_minio_to_duckdb.py
[2025-11-30T10:27:17.553+0000] {processor.py:830} INFO - Processing file /opt/airflow/dags/02_minio_to_duckdb.py for tasks to queue
[2025-11-30T10:27:17.554+0000] {logging_mixin.py:188} INFO - [2025-11-30T10:27:17.554+0000] {dagbag.py:538} INFO - Filling up the DagBag from /opt/airflow/dags/02_minio_to_duckdb.py
[2025-11-30T10:27:17.738+0000] {processor.py:840} INFO - DAG(s) 'minio_to_duckdb_pipeline' retrieved from /opt/airflow/dags/02_minio_to_duckdb.py
[2025-11-30T10:27:17.791+0000] {logging_mixin.py:188} INFO - [2025-11-30T10:27:17.790+0000] {dag.py:3036} INFO - Sync 1 DAGs
[2025-11-30T10:27:17.810+0000] {logging_mixin.py:188} INFO - [2025-11-30T10:27:17.809+0000] {dag.py:3823} INFO - Setting next_dagrun for minio_to_duckdb_pipeline to None, run_after=None
[2025-11-30T10:27:17.849+0000] {processor.py:183} INFO - Processing /opt/airflow/dags/02_minio_to_duckdb.py took 0.303 seconds
[2025-11-30T10:27:48.002+0000] {processor.py:161} INFO - Started process (PID=29870) to work on /opt/airflow/dags/02_minio_to_duckdb.py
[2025-11-30T10:27:48.004+0000] {processor.py:830} INFO - Processing file /opt/airflow/dags/02_minio_to_duckdb.py for tasks to queue
[2025-11-30T10:27:48.007+0000] {logging_mixin.py:188} INFO - [2025-11-30T10:27:48.006+0000] {dagbag.py:538} INFO - Filling up the DagBag from /opt/airflow/dags/02_minio_to_duckdb.py
[2025-11-30T10:27:48.196+0000] {processor.py:840} INFO - DAG(s) 'minio_to_duckdb_pipeline' retrieved from /opt/airflow/dags/02_minio_to_duckdb.py
[2025-11-30T10:27:48.249+0000] {logging_mixin.py:188} INFO - [2025-11-30T10:27:48.249+0000] {dag.py:3036} INFO - Sync 1 DAGs
[2025-11-30T10:27:48.276+0000] {logging_mixin.py:188} INFO - [2025-11-30T10:27:48.275+0000] {dag.py:3823} INFO - Setting next_dagrun for minio_to_duckdb_pipeline to None, run_after=None
[2025-11-30T10:27:48.567+0000] {processor.py:183} INFO - Processing /opt/airflow/dags/02_minio_to_duckdb.py took 0.572 seconds
[2025-11-30T10:28:18.901+0000] {processor.py:161} INFO - Started process (PID=29935) to work on /opt/airflow/dags/02_minio_to_duckdb.py
[2025-11-30T10:28:18.903+0000] {processor.py:830} INFO - Processing file /opt/airflow/dags/02_minio_to_duckdb.py for tasks to queue
[2025-11-30T10:28:18.905+0000] {logging_mixin.py:188} INFO - [2025-11-30T10:28:18.904+0000] {dagbag.py:538} INFO - Filling up the DagBag from /opt/airflow/dags/02_minio_to_duckdb.py
[2025-11-30T10:28:19.100+0000] {processor.py:840} INFO - DAG(s) 'minio_to_duckdb_pipeline' retrieved from /opt/airflow/dags/02_minio_to_duckdb.py
[2025-11-30T10:28:19.168+0000] {logging_mixin.py:188} INFO - [2025-11-30T10:28:19.168+0000] {dag.py:3036} INFO - Sync 1 DAGs
[2025-11-30T10:28:19.206+0000] {logging_mixin.py:188} INFO - [2025-11-30T10:28:19.205+0000] {dag.py:3823} INFO - Setting next_dagrun for minio_to_duckdb_pipeline to None, run_after=None
[2025-11-30T10:28:19.264+0000] {processor.py:183} INFO - Processing /opt/airflow/dags/02_minio_to_duckdb.py took 0.368 seconds
[2025-11-30T10:28:49.618+0000] {processor.py:161} INFO - Started process (PID=29981) to work on /opt/airflow/dags/02_minio_to_duckdb.py
[2025-11-30T10:28:49.621+0000] {processor.py:830} INFO - Processing file /opt/airflow/dags/02_minio_to_duckdb.py for tasks to queue
[2025-11-30T10:28:49.622+0000] {logging_mixin.py:188} INFO - [2025-11-30T10:28:49.622+0000] {dagbag.py:538} INFO - Filling up the DagBag from /opt/airflow/dags/02_minio_to_duckdb.py
[2025-11-30T10:28:49.814+0000] {processor.py:840} INFO - DAG(s) 'minio_to_duckdb_pipeline' retrieved from /opt/airflow/dags/02_minio_to_duckdb.py
[2025-11-30T10:28:49.866+0000] {logging_mixin.py:188} INFO - [2025-11-30T10:28:49.866+0000] {dag.py:3036} INFO - Sync 1 DAGs
[2025-11-30T10:28:49.900+0000] {logging_mixin.py:188} INFO - [2025-11-30T10:28:49.899+0000] {dag.py:3823} INFO - Setting next_dagrun for minio_to_duckdb_pipeline to None, run_after=None
[2025-11-30T10:28:49.946+0000] {processor.py:183} INFO - Processing /opt/airflow/dags/02_minio_to_duckdb.py took 0.339 seconds
[2025-11-30T10:29:20.003+0000] {processor.py:161} INFO - Started process (PID=30041) to work on /opt/airflow/dags/02_minio_to_duckdb.py
[2025-11-30T10:29:20.005+0000] {processor.py:830} INFO - Processing file /opt/airflow/dags/02_minio_to_duckdb.py for tasks to queue
[2025-11-30T10:29:20.008+0000] {logging_mixin.py:188} INFO - [2025-11-30T10:29:20.007+0000] {dagbag.py:538} INFO - Filling up the DagBag from /opt/airflow/dags/02_minio_to_duckdb.py
[2025-11-30T10:29:20.184+0000] {processor.py:840} INFO - DAG(s) 'minio_to_duckdb_pipeline' retrieved from /opt/airflow/dags/02_minio_to_duckdb.py
[2025-11-30T10:29:20.235+0000] {logging_mixin.py:188} INFO - [2025-11-30T10:29:20.234+0000] {dag.py:3036} INFO - Sync 1 DAGs
[2025-11-30T10:29:20.485+0000] {logging_mixin.py:188} INFO - [2025-11-30T10:29:20.485+0000] {dag.py:3823} INFO - Setting next_dagrun for minio_to_duckdb_pipeline to None, run_after=None
[2025-11-30T10:29:20.540+0000] {processor.py:183} INFO - Processing /opt/airflow/dags/02_minio_to_duckdb.py took 0.544 seconds
[2025-11-30T10:29:50.875+0000] {processor.py:161} INFO - Started process (PID=30106) to work on /opt/airflow/dags/02_minio_to_duckdb.py
[2025-11-30T10:29:50.877+0000] {processor.py:830} INFO - Processing file /opt/airflow/dags/02_minio_to_duckdb.py for tasks to queue
[2025-11-30T10:29:50.880+0000] {logging_mixin.py:188} INFO - [2025-11-30T10:29:50.879+0000] {dagbag.py:538} INFO - Filling up the DagBag from /opt/airflow/dags/02_minio_to_duckdb.py
[2025-11-30T10:29:51.129+0000] {processor.py:840} INFO - DAG(s) 'minio_to_duckdb_pipeline' retrieved from /opt/airflow/dags/02_minio_to_duckdb.py
[2025-11-30T10:29:51.188+0000] {logging_mixin.py:188} INFO - [2025-11-30T10:29:51.187+0000] {dag.py:3036} INFO - Sync 1 DAGs
[2025-11-30T10:29:51.212+0000] {logging_mixin.py:188} INFO - [2025-11-30T10:29:51.212+0000] {dag.py:3823} INFO - Setting next_dagrun for minio_to_duckdb_pipeline to None, run_after=None
[2025-11-30T10:29:51.263+0000] {processor.py:183} INFO - Processing /opt/airflow/dags/02_minio_to_duckdb.py took 0.395 seconds
[2025-11-30T10:30:21.482+0000] {processor.py:161} INFO - Started process (PID=30171) to work on /opt/airflow/dags/02_minio_to_duckdb.py
[2025-11-30T10:30:21.484+0000] {processor.py:830} INFO - Processing file /opt/airflow/dags/02_minio_to_duckdb.py for tasks to queue
[2025-11-30T10:30:21.486+0000] {logging_mixin.py:188} INFO - [2025-11-30T10:30:21.485+0000] {dagbag.py:538} INFO - Filling up the DagBag from /opt/airflow/dags/02_minio_to_duckdb.py
[2025-11-30T10:30:21.656+0000] {processor.py:840} INFO - DAG(s) 'minio_to_duckdb_pipeline' retrieved from /opt/airflow/dags/02_minio_to_duckdb.py
[2025-11-30T10:30:21.714+0000] {logging_mixin.py:188} INFO - [2025-11-30T10:30:21.713+0000] {dag.py:3036} INFO - Sync 1 DAGs
[2025-11-30T10:30:21.740+0000] {logging_mixin.py:188} INFO - [2025-11-30T10:30:21.740+0000] {dag.py:3823} INFO - Setting next_dagrun for minio_to_duckdb_pipeline to None, run_after=None
[2025-11-30T10:30:21.793+0000] {processor.py:183} INFO - Processing /opt/airflow/dags/02_minio_to_duckdb.py took 0.318 seconds
[2025-11-30T10:30:51.980+0000] {processor.py:161} INFO - Started process (PID=30236) to work on /opt/airflow/dags/02_minio_to_duckdb.py
[2025-11-30T10:30:51.982+0000] {processor.py:830} INFO - Processing file /opt/airflow/dags/02_minio_to_duckdb.py for tasks to queue
[2025-11-30T10:30:51.984+0000] {logging_mixin.py:188} INFO - [2025-11-30T10:30:51.983+0000] {dagbag.py:538} INFO - Filling up the DagBag from /opt/airflow/dags/02_minio_to_duckdb.py
[2025-11-30T10:30:52.164+0000] {processor.py:840} INFO - DAG(s) 'minio_to_duckdb_pipeline' retrieved from /opt/airflow/dags/02_minio_to_duckdb.py
[2025-11-30T10:30:52.211+0000] {logging_mixin.py:188} INFO - [2025-11-30T10:30:52.210+0000] {dag.py:3036} INFO - Sync 1 DAGs
[2025-11-30T10:30:52.437+0000] {logging_mixin.py:188} INFO - [2025-11-30T10:30:52.436+0000] {dag.py:3823} INFO - Setting next_dagrun for minio_to_duckdb_pipeline to None, run_after=None
[2025-11-30T10:30:52.468+0000] {processor.py:183} INFO - Processing /opt/airflow/dags/02_minio_to_duckdb.py took 0.493 seconds
[2025-11-30T10:31:22.770+0000] {processor.py:161} INFO - Started process (PID=30299) to work on /opt/airflow/dags/02_minio_to_duckdb.py
[2025-11-30T10:31:22.772+0000] {processor.py:830} INFO - Processing file /opt/airflow/dags/02_minio_to_duckdb.py for tasks to queue
[2025-11-30T10:31:22.775+0000] {logging_mixin.py:188} INFO - [2025-11-30T10:31:22.774+0000] {dagbag.py:538} INFO - Filling up the DagBag from /opt/airflow/dags/02_minio_to_duckdb.py
[2025-11-30T10:31:22.969+0000] {processor.py:840} INFO - DAG(s) 'minio_to_duckdb_pipeline' retrieved from /opt/airflow/dags/02_minio_to_duckdb.py
[2025-11-30T10:31:23.018+0000] {logging_mixin.py:188} INFO - [2025-11-30T10:31:23.018+0000] {dag.py:3036} INFO - Sync 1 DAGs
[2025-11-30T10:31:23.050+0000] {logging_mixin.py:188} INFO - [2025-11-30T10:31:23.050+0000] {dag.py:3823} INFO - Setting next_dagrun for minio_to_duckdb_pipeline to None, run_after=None
[2025-11-30T10:31:23.099+0000] {processor.py:183} INFO - Processing /opt/airflow/dags/02_minio_to_duckdb.py took 0.334 seconds
[2025-11-30T10:31:53.315+0000] {processor.py:161} INFO - Started process (PID=30345) to work on /opt/airflow/dags/02_minio_to_duckdb.py
[2025-11-30T10:31:53.318+0000] {processor.py:830} INFO - Processing file /opt/airflow/dags/02_minio_to_duckdb.py for tasks to queue
[2025-11-30T10:31:53.320+0000] {logging_mixin.py:188} INFO - [2025-11-30T10:31:53.319+0000] {dagbag.py:538} INFO - Filling up the DagBag from /opt/airflow/dags/02_minio_to_duckdb.py
[2025-11-30T10:31:53.488+0000] {processor.py:840} INFO - DAG(s) 'minio_to_duckdb_pipeline' retrieved from /opt/airflow/dags/02_minio_to_duckdb.py
[2025-11-30T10:31:53.534+0000] {logging_mixin.py:188} INFO - [2025-11-30T10:31:53.534+0000] {dag.py:3036} INFO - Sync 1 DAGs
[2025-11-30T10:31:53.555+0000] {logging_mixin.py:188} INFO - [2025-11-30T10:31:53.555+0000] {dag.py:3823} INFO - Setting next_dagrun for minio_to_duckdb_pipeline to None, run_after=None
[2025-11-30T10:31:53.598+0000] {processor.py:183} INFO - Processing /opt/airflow/dags/02_minio_to_duckdb.py took 0.289 seconds
[2025-11-30T10:32:23.919+0000] {processor.py:161} INFO - Started process (PID=30408) to work on /opt/airflow/dags/02_minio_to_duckdb.py
[2025-11-30T10:32:23.922+0000] {processor.py:830} INFO - Processing file /opt/airflow/dags/02_minio_to_duckdb.py for tasks to queue
[2025-11-30T10:32:23.924+0000] {logging_mixin.py:188} INFO - [2025-11-30T10:32:23.923+0000] {dagbag.py:538} INFO - Filling up the DagBag from /opt/airflow/dags/02_minio_to_duckdb.py
[2025-11-30T10:32:24.086+0000] {processor.py:840} INFO - DAG(s) 'minio_to_duckdb_pipeline' retrieved from /opt/airflow/dags/02_minio_to_duckdb.py
[2025-11-30T10:32:24.128+0000] {logging_mixin.py:188} INFO - [2025-11-30T10:32:24.128+0000] {dag.py:3036} INFO - Sync 1 DAGs
[2025-11-30T10:32:24.332+0000] {logging_mixin.py:188} INFO - [2025-11-30T10:32:24.332+0000] {dag.py:3823} INFO - Setting next_dagrun for minio_to_duckdb_pipeline to None, run_after=None
[2025-11-30T10:32:24.380+0000] {processor.py:183} INFO - Processing /opt/airflow/dags/02_minio_to_duckdb.py took 0.470 seconds
[2025-11-30T10:32:54.443+0000] {processor.py:161} INFO - Started process (PID=30454) to work on /opt/airflow/dags/02_minio_to_duckdb.py
[2025-11-30T10:32:54.446+0000] {processor.py:830} INFO - Processing file /opt/airflow/dags/02_minio_to_duckdb.py for tasks to queue
[2025-11-30T10:32:54.449+0000] {logging_mixin.py:188} INFO - [2025-11-30T10:32:54.448+0000] {dagbag.py:538} INFO - Filling up the DagBag from /opt/airflow/dags/02_minio_to_duckdb.py
[2025-11-30T10:32:54.612+0000] {processor.py:840} INFO - DAG(s) 'minio_to_duckdb_pipeline' retrieved from /opt/airflow/dags/02_minio_to_duckdb.py
[2025-11-30T10:32:54.874+0000] {logging_mixin.py:188} INFO - [2025-11-30T10:32:54.873+0000] {dag.py:3036} INFO - Sync 1 DAGs
[2025-11-30T10:32:54.898+0000] {logging_mixin.py:188} INFO - [2025-11-30T10:32:54.897+0000] {dag.py:3823} INFO - Setting next_dagrun for minio_to_duckdb_pipeline to None, run_after=None
[2025-11-30T10:32:54.953+0000] {processor.py:183} INFO - Processing /opt/airflow/dags/02_minio_to_duckdb.py took 0.517 seconds
[2025-11-30T10:33:25.613+0000] {processor.py:161} INFO - Started process (PID=30516) to work on /opt/airflow/dags/02_minio_to_duckdb.py
[2025-11-30T10:33:25.615+0000] {processor.py:830} INFO - Processing file /opt/airflow/dags/02_minio_to_duckdb.py for tasks to queue
[2025-11-30T10:33:25.617+0000] {logging_mixin.py:188} INFO - [2025-11-30T10:33:25.616+0000] {dagbag.py:538} INFO - Filling up the DagBag from /opt/airflow/dags/02_minio_to_duckdb.py
[2025-11-30T10:33:25.782+0000] {processor.py:840} INFO - DAG(s) 'minio_to_duckdb_pipeline' retrieved from /opt/airflow/dags/02_minio_to_duckdb.py
[2025-11-30T10:33:25.832+0000] {logging_mixin.py:188} INFO - [2025-11-30T10:33:25.831+0000] {dag.py:3036} INFO - Sync 1 DAGs
[2025-11-30T10:33:25.857+0000] {logging_mixin.py:188} INFO - [2025-11-30T10:33:25.856+0000] {dag.py:3823} INFO - Setting next_dagrun for minio_to_duckdb_pipeline to None, run_after=None
[2025-11-30T10:33:25.909+0000] {processor.py:183} INFO - Processing /opt/airflow/dags/02_minio_to_duckdb.py took 0.304 seconds
[2025-11-30T10:33:56.188+0000] {processor.py:161} INFO - Started process (PID=30581) to work on /opt/airflow/dags/02_minio_to_duckdb.py
[2025-11-30T10:33:56.190+0000] {processor.py:830} INFO - Processing file /opt/airflow/dags/02_minio_to_duckdb.py for tasks to queue
[2025-11-30T10:33:56.193+0000] {logging_mixin.py:188} INFO - [2025-11-30T10:33:56.192+0000] {dagbag.py:538} INFO - Filling up the DagBag from /opt/airflow/dags/02_minio_to_duckdb.py
[2025-11-30T10:33:56.354+0000] {processor.py:840} INFO - DAG(s) 'minio_to_duckdb_pipeline' retrieved from /opt/airflow/dags/02_minio_to_duckdb.py
[2025-11-30T10:33:56.406+0000] {logging_mixin.py:188} INFO - [2025-11-30T10:33:56.406+0000] {dag.py:3036} INFO - Sync 1 DAGs
[2025-11-30T10:33:56.663+0000] {logging_mixin.py:188} INFO - [2025-11-30T10:33:56.662+0000] {dag.py:3823} INFO - Setting next_dagrun for minio_to_duckdb_pipeline to None, run_after=None
[2025-11-30T10:33:56.719+0000] {processor.py:183} INFO - Processing /opt/airflow/dags/02_minio_to_duckdb.py took 0.538 seconds
[2025-11-30T10:34:26.918+0000] {processor.py:161} INFO - Started process (PID=30646) to work on /opt/airflow/dags/02_minio_to_duckdb.py
[2025-11-30T10:34:26.924+0000] {processor.py:830} INFO - Processing file /opt/airflow/dags/02_minio_to_duckdb.py for tasks to queue
[2025-11-30T10:34:26.931+0000] {logging_mixin.py:188} INFO - [2025-11-30T10:34:26.928+0000] {dagbag.py:538} INFO - Filling up the DagBag from /opt/airflow/dags/02_minio_to_duckdb.py
[2025-11-30T10:34:27.452+0000] {processor.py:840} INFO - DAG(s) 'minio_to_duckdb_pipeline' retrieved from /opt/airflow/dags/02_minio_to_duckdb.py
[2025-11-30T10:34:27.764+0000] {logging_mixin.py:188} INFO - [2025-11-30T10:34:27.764+0000] {dag.py:3036} INFO - Sync 1 DAGs
[2025-11-30T10:34:27.787+0000] {logging_mixin.py:188} INFO - [2025-11-30T10:34:27.787+0000] {dag.py:3823} INFO - Setting next_dagrun for minio_to_duckdb_pipeline to None, run_after=None
[2025-11-30T10:34:27.836+0000] {processor.py:183} INFO - Processing /opt/airflow/dags/02_minio_to_duckdb.py took 0.935 seconds
[2025-11-30T10:34:58.271+0000] {processor.py:161} INFO - Started process (PID=30711) to work on /opt/airflow/dags/02_minio_to_duckdb.py
[2025-11-30T10:34:58.273+0000] {processor.py:830} INFO - Processing file /opt/airflow/dags/02_minio_to_duckdb.py for tasks to queue
[2025-11-30T10:34:58.276+0000] {logging_mixin.py:188} INFO - [2025-11-30T10:34:58.275+0000] {dagbag.py:538} INFO - Filling up the DagBag from /opt/airflow/dags/02_minio_to_duckdb.py
[2025-11-30T10:34:58.470+0000] {processor.py:840} INFO - DAG(s) 'minio_to_duckdb_pipeline' retrieved from /opt/airflow/dags/02_minio_to_duckdb.py
[2025-11-30T10:34:58.525+0000] {logging_mixin.py:188} INFO - [2025-11-30T10:34:58.524+0000] {dag.py:3036} INFO - Sync 1 DAGs
[2025-11-30T10:34:58.550+0000] {logging_mixin.py:188} INFO - [2025-11-30T10:34:58.549+0000] {dag.py:3823} INFO - Setting next_dagrun for minio_to_duckdb_pipeline to None, run_after=None
[2025-11-30T10:34:58.600+0000] {processor.py:183} INFO - Processing /opt/airflow/dags/02_minio_to_duckdb.py took 0.336 seconds
[2025-11-30T10:35:28.899+0000] {processor.py:161} INFO - Started process (PID=30776) to work on /opt/airflow/dags/02_minio_to_duckdb.py
[2025-11-30T10:35:28.901+0000] {processor.py:830} INFO - Processing file /opt/airflow/dags/02_minio_to_duckdb.py for tasks to queue
[2025-11-30T10:35:28.902+0000] {logging_mixin.py:188} INFO - [2025-11-30T10:35:28.902+0000] {dagbag.py:538} INFO - Filling up the DagBag from /opt/airflow/dags/02_minio_to_duckdb.py
[2025-11-30T10:35:29.052+0000] {processor.py:840} INFO - DAG(s) 'minio_to_duckdb_pipeline' retrieved from /opt/airflow/dags/02_minio_to_duckdb.py
[2025-11-30T10:35:29.105+0000] {logging_mixin.py:188} INFO - [2025-11-30T10:35:29.104+0000] {dag.py:3036} INFO - Sync 1 DAGs
[2025-11-30T10:35:29.128+0000] {logging_mixin.py:188} INFO - [2025-11-30T10:35:29.128+0000] {dag.py:3823} INFO - Setting next_dagrun for minio_to_duckdb_pipeline to None, run_after=None
[2025-11-30T10:35:29.410+0000] {processor.py:183} INFO - Processing /opt/airflow/dags/02_minio_to_duckdb.py took 0.516 seconds
[2025-11-30T10:35:59.547+0000] {processor.py:161} INFO - Started process (PID=30841) to work on /opt/airflow/dags/02_minio_to_duckdb.py
[2025-11-30T10:35:59.549+0000] {processor.py:830} INFO - Processing file /opt/airflow/dags/02_minio_to_duckdb.py for tasks to queue
[2025-11-30T10:35:59.550+0000] {logging_mixin.py:188} INFO - [2025-11-30T10:35:59.550+0000] {dagbag.py:538} INFO - Filling up the DagBag from /opt/airflow/dags/02_minio_to_duckdb.py
[2025-11-30T10:35:59.787+0000] {processor.py:840} INFO - DAG(s) 'minio_to_duckdb_pipeline' retrieved from /opt/airflow/dags/02_minio_to_duckdb.py
[2025-11-30T10:36:00.097+0000] {logging_mixin.py:188} INFO - [2025-11-30T10:36:00.097+0000] {dag.py:3036} INFO - Sync 1 DAGs
[2025-11-30T10:36:00.123+0000] {logging_mixin.py:188} INFO - [2025-11-30T10:36:00.123+0000] {dag.py:3823} INFO - Setting next_dagrun for minio_to_duckdb_pipeline to None, run_after=None
[2025-11-30T10:36:00.177+0000] {processor.py:183} INFO - Processing /opt/airflow/dags/02_minio_to_duckdb.py took 0.636 seconds
[2025-11-30T10:36:30.514+0000] {processor.py:161} INFO - Started process (PID=30906) to work on /opt/airflow/dags/02_minio_to_duckdb.py
[2025-11-30T10:36:30.516+0000] {processor.py:830} INFO - Processing file /opt/airflow/dags/02_minio_to_duckdb.py for tasks to queue
[2025-11-30T10:36:30.518+0000] {logging_mixin.py:188} INFO - [2025-11-30T10:36:30.518+0000] {dagbag.py:538} INFO - Filling up the DagBag from /opt/airflow/dags/02_minio_to_duckdb.py
[2025-11-30T10:36:30.685+0000] {processor.py:840} INFO - DAG(s) 'minio_to_duckdb_pipeline' retrieved from /opt/airflow/dags/02_minio_to_duckdb.py
[2025-11-30T10:36:30.734+0000] {logging_mixin.py:188} INFO - [2025-11-30T10:36:30.733+0000] {dag.py:3036} INFO - Sync 1 DAGs
[2025-11-30T10:36:30.760+0000] {logging_mixin.py:188} INFO - [2025-11-30T10:36:30.759+0000] {dag.py:3823} INFO - Setting next_dagrun for minio_to_duckdb_pipeline to None, run_after=None
[2025-11-30T10:36:30.808+0000] {processor.py:183} INFO - Processing /opt/airflow/dags/02_minio_to_duckdb.py took 0.301 seconds
[2025-11-30T10:37:00.934+0000] {processor.py:161} INFO - Started process (PID=30968) to work on /opt/airflow/dags/02_minio_to_duckdb.py
[2025-11-30T10:37:00.935+0000] {processor.py:830} INFO - Processing file /opt/airflow/dags/02_minio_to_duckdb.py for tasks to queue
[2025-11-30T10:37:00.937+0000] {logging_mixin.py:188} INFO - [2025-11-30T10:37:00.937+0000] {dagbag.py:538} INFO - Filling up the DagBag from /opt/airflow/dags/02_minio_to_duckdb.py
[2025-11-30T10:37:01.090+0000] {processor.py:840} INFO - DAG(s) 'minio_to_duckdb_pipeline' retrieved from /opt/airflow/dags/02_minio_to_duckdb.py
[2025-11-30T10:37:01.136+0000] {logging_mixin.py:188} INFO - [2025-11-30T10:37:01.135+0000] {dag.py:3036} INFO - Sync 1 DAGs
[2025-11-30T10:37:01.353+0000] {logging_mixin.py:188} INFO - [2025-11-30T10:37:01.352+0000] {dag.py:3823} INFO - Setting next_dagrun for minio_to_duckdb_pipeline to None, run_after=None
[2025-11-30T10:37:01.397+0000] {processor.py:183} INFO - Processing /opt/airflow/dags/02_minio_to_duckdb.py took 0.470 seconds
[2025-11-30T10:37:31.624+0000] {processor.py:161} INFO - Started process (PID=31012) to work on /opt/airflow/dags/02_minio_to_duckdb.py
[2025-11-30T10:37:31.626+0000] {processor.py:830} INFO - Processing file /opt/airflow/dags/02_minio_to_duckdb.py for tasks to queue
[2025-11-30T10:37:31.630+0000] {logging_mixin.py:188} INFO - [2025-11-30T10:37:31.629+0000] {dagbag.py:538} INFO - Filling up the DagBag from /opt/airflow/dags/02_minio_to_duckdb.py
[2025-11-30T10:37:31.807+0000] {processor.py:840} INFO - DAG(s) 'minio_to_duckdb_pipeline' retrieved from /opt/airflow/dags/02_minio_to_duckdb.py
[2025-11-30T10:37:32.086+0000] {logging_mixin.py:188} INFO - [2025-11-30T10:37:32.085+0000] {dag.py:3036} INFO - Sync 1 DAGs
[2025-11-30T10:37:32.107+0000] {logging_mixin.py:188} INFO - [2025-11-30T10:37:32.107+0000] {dag.py:3823} INFO - Setting next_dagrun for minio_to_duckdb_pipeline to None, run_after=None
[2025-11-30T10:37:32.152+0000] {processor.py:183} INFO - Processing /opt/airflow/dags/02_minio_to_duckdb.py took 0.537 seconds
[2025-11-30T10:38:02.507+0000] {processor.py:161} INFO - Started process (PID=31077) to work on /opt/airflow/dags/02_minio_to_duckdb.py
[2025-11-30T10:38:02.510+0000] {processor.py:830} INFO - Processing file /opt/airflow/dags/02_minio_to_duckdb.py for tasks to queue
[2025-11-30T10:38:02.512+0000] {logging_mixin.py:188} INFO - [2025-11-30T10:38:02.511+0000] {dagbag.py:538} INFO - Filling up the DagBag from /opt/airflow/dags/02_minio_to_duckdb.py
[2025-11-30T10:38:02.895+0000] {processor.py:840} INFO - DAG(s) 'minio_to_duckdb_pipeline' retrieved from /opt/airflow/dags/02_minio_to_duckdb.py
[2025-11-30T10:38:02.944+0000] {logging_mixin.py:188} INFO - [2025-11-30T10:38:02.944+0000] {dag.py:3036} INFO - Sync 1 DAGs
[2025-11-30T10:38:02.966+0000] {logging_mixin.py:188} INFO - [2025-11-30T10:38:02.965+0000] {dag.py:3823} INFO - Setting next_dagrun for minio_to_duckdb_pipeline to None, run_after=None
[2025-11-30T10:38:03.007+0000] {processor.py:183} INFO - Processing /opt/airflow/dags/02_minio_to_duckdb.py took 0.507 seconds
[2025-11-30T10:38:33.395+0000] {processor.py:161} INFO - Started process (PID=31142) to work on /opt/airflow/dags/02_minio_to_duckdb.py
[2025-11-30T10:38:33.397+0000] {processor.py:830} INFO - Processing file /opt/airflow/dags/02_minio_to_duckdb.py for tasks to queue
[2025-11-30T10:38:33.399+0000] {logging_mixin.py:188} INFO - [2025-11-30T10:38:33.399+0000] {dagbag.py:538} INFO - Filling up the DagBag from /opt/airflow/dags/02_minio_to_duckdb.py
[2025-11-30T10:38:33.564+0000] {processor.py:840} INFO - DAG(s) 'minio_to_duckdb_pipeline' retrieved from /opt/airflow/dags/02_minio_to_duckdb.py
[2025-11-30T10:38:33.621+0000] {logging_mixin.py:188} INFO - [2025-11-30T10:38:33.621+0000] {dag.py:3036} INFO - Sync 1 DAGs
[2025-11-30T10:38:33.892+0000] {logging_mixin.py:188} INFO - [2025-11-30T10:38:33.892+0000] {dag.py:3823} INFO - Setting next_dagrun for minio_to_duckdb_pipeline to None, run_after=None
[2025-11-30T10:38:33.944+0000] {processor.py:183} INFO - Processing /opt/airflow/dags/02_minio_to_duckdb.py took 0.556 seconds
[2025-11-30T10:39:04.121+0000] {processor.py:161} INFO - Started process (PID=31207) to work on /opt/airflow/dags/02_minio_to_duckdb.py
[2025-11-30T10:39:04.123+0000] {processor.py:830} INFO - Processing file /opt/airflow/dags/02_minio_to_duckdb.py for tasks to queue
[2025-11-30T10:39:04.126+0000] {logging_mixin.py:188} INFO - [2025-11-30T10:39:04.125+0000] {dagbag.py:538} INFO - Filling up the DagBag from /opt/airflow/dags/02_minio_to_duckdb.py
[2025-11-30T10:39:04.309+0000] {processor.py:840} INFO - DAG(s) 'minio_to_duckdb_pipeline' retrieved from /opt/airflow/dags/02_minio_to_duckdb.py
[2025-11-30T10:39:04.582+0000] {logging_mixin.py:188} INFO - [2025-11-30T10:39:04.582+0000] {dag.py:3036} INFO - Sync 1 DAGs
[2025-11-30T10:39:04.602+0000] {logging_mixin.py:188} INFO - [2025-11-30T10:39:04.601+0000] {dag.py:3823} INFO - Setting next_dagrun for minio_to_duckdb_pipeline to None, run_after=None
[2025-11-30T10:39:04.647+0000] {processor.py:183} INFO - Processing /opt/airflow/dags/02_minio_to_duckdb.py took 0.532 seconds
[2025-11-30T10:39:35.349+0000] {processor.py:161} INFO - Started process (PID=31272) to work on /opt/airflow/dags/02_minio_to_duckdb.py
[2025-11-30T10:39:35.351+0000] {processor.py:830} INFO - Processing file /opt/airflow/dags/02_minio_to_duckdb.py for tasks to queue
[2025-11-30T10:39:35.352+0000] {logging_mixin.py:188} INFO - [2025-11-30T10:39:35.352+0000] {dagbag.py:538} INFO - Filling up the DagBag from /opt/airflow/dags/02_minio_to_duckdb.py
[2025-11-30T10:39:35.658+0000] {processor.py:840} INFO - DAG(s) 'minio_to_duckdb_pipeline' retrieved from /opt/airflow/dags/02_minio_to_duckdb.py
[2025-11-30T10:39:35.703+0000] {logging_mixin.py:188} INFO - [2025-11-30T10:39:35.702+0000] {dag.py:3036} INFO - Sync 1 DAGs
[2025-11-30T10:39:35.722+0000] {logging_mixin.py:188} INFO - [2025-11-30T10:39:35.722+0000] {dag.py:3823} INFO - Setting next_dagrun for minio_to_duckdb_pipeline to None, run_after=None
[2025-11-30T10:39:35.771+0000] {processor.py:183} INFO - Processing /opt/airflow/dags/02_minio_to_duckdb.py took 0.428 seconds
[2025-11-30T10:40:06.087+0000] {processor.py:161} INFO - Started process (PID=31337) to work on /opt/airflow/dags/02_minio_to_duckdb.py
[2025-11-30T10:40:06.089+0000] {processor.py:830} INFO - Processing file /opt/airflow/dags/02_minio_to_duckdb.py for tasks to queue
[2025-11-30T10:40:06.091+0000] {logging_mixin.py:188} INFO - [2025-11-30T10:40:06.091+0000] {dagbag.py:538} INFO - Filling up the DagBag from /opt/airflow/dags/02_minio_to_duckdb.py
[2025-11-30T10:40:06.466+0000] {processor.py:840} INFO - DAG(s) 'minio_to_duckdb_pipeline' retrieved from /opt/airflow/dags/02_minio_to_duckdb.py
[2025-11-30T10:40:06.515+0000] {logging_mixin.py:188} INFO - [2025-11-30T10:40:06.515+0000] {dag.py:3036} INFO - Sync 1 DAGs
[2025-11-30T10:40:06.536+0000] {logging_mixin.py:188} INFO - [2025-11-30T10:40:06.536+0000] {dag.py:3823} INFO - Setting next_dagrun for minio_to_duckdb_pipeline to None, run_after=None
[2025-11-30T10:40:06.572+0000] {processor.py:183} INFO - Processing /opt/airflow/dags/02_minio_to_duckdb.py took 0.492 seconds
[2025-11-30T10:40:36.924+0000] {processor.py:161} INFO - Started process (PID=31402) to work on /opt/airflow/dags/02_minio_to_duckdb.py
[2025-11-30T10:40:36.929+0000] {processor.py:830} INFO - Processing file /opt/airflow/dags/02_minio_to_duckdb.py for tasks to queue
[2025-11-30T10:40:36.935+0000] {logging_mixin.py:188} INFO - [2025-11-30T10:40:36.933+0000] {dagbag.py:538} INFO - Filling up the DagBag from /opt/airflow/dags/02_minio_to_duckdb.py
[2025-11-30T10:40:37.521+0000] {processor.py:840} INFO - DAG(s) 'minio_to_duckdb_pipeline' retrieved from /opt/airflow/dags/02_minio_to_duckdb.py
[2025-11-30T10:40:37.578+0000] {logging_mixin.py:188} INFO - [2025-11-30T10:40:37.578+0000] {dag.py:3036} INFO - Sync 1 DAGs
[2025-11-30T10:40:37.594+0000] {logging_mixin.py:188} INFO - [2025-11-30T10:40:37.594+0000] {dag.py:3823} INFO - Setting next_dagrun for minio_to_duckdb_pipeline to None, run_after=None
[2025-11-30T10:40:37.622+0000] {processor.py:183} INFO - Processing /opt/airflow/dags/02_minio_to_duckdb.py took 0.715 seconds
[2025-11-30T10:41:07.860+0000] {processor.py:161} INFO - Started process (PID=31464) to work on /opt/airflow/dags/02_minio_to_duckdb.py
[2025-11-30T10:41:07.862+0000] {processor.py:830} INFO - Processing file /opt/airflow/dags/02_minio_to_duckdb.py for tasks to queue
[2025-11-30T10:41:07.864+0000] {logging_mixin.py:188} INFO - [2025-11-30T10:41:07.863+0000] {dagbag.py:538} INFO - Filling up the DagBag from /opt/airflow/dags/02_minio_to_duckdb.py
[2025-11-30T10:41:08.222+0000] {processor.py:840} INFO - DAG(s) 'minio_to_duckdb_pipeline' retrieved from /opt/airflow/dags/02_minio_to_duckdb.py
[2025-11-30T10:41:08.263+0000] {logging_mixin.py:188} INFO - [2025-11-30T10:41:08.263+0000] {dag.py:3036} INFO - Sync 1 DAGs
[2025-11-30T10:41:08.288+0000] {logging_mixin.py:188} INFO - [2025-11-30T10:41:08.288+0000] {dag.py:3823} INFO - Setting next_dagrun for minio_to_duckdb_pipeline to None, run_after=None
[2025-11-30T10:41:08.338+0000] {processor.py:183} INFO - Processing /opt/airflow/dags/02_minio_to_duckdb.py took 0.483 seconds
[2025-11-30T10:41:38.675+0000] {processor.py:161} INFO - Started process (PID=31508) to work on /opt/airflow/dags/02_minio_to_duckdb.py
[2025-11-30T10:41:38.676+0000] {processor.py:830} INFO - Processing file /opt/airflow/dags/02_minio_to_duckdb.py for tasks to queue
[2025-11-30T10:41:38.678+0000] {logging_mixin.py:188} INFO - [2025-11-30T10:41:38.678+0000] {dagbag.py:538} INFO - Filling up the DagBag from /opt/airflow/dags/02_minio_to_duckdb.py
[2025-11-30T10:41:39.069+0000] {processor.py:840} INFO - DAG(s) 'minio_to_duckdb_pipeline' retrieved from /opt/airflow/dags/02_minio_to_duckdb.py
[2025-11-30T10:41:39.124+0000] {logging_mixin.py:188} INFO - [2025-11-30T10:41:39.124+0000] {dag.py:3036} INFO - Sync 1 DAGs
[2025-11-30T10:41:39.149+0000] {logging_mixin.py:188} INFO - [2025-11-30T10:41:39.148+0000] {dag.py:3823} INFO - Setting next_dagrun for minio_to_duckdb_pipeline to None, run_after=None
[2025-11-30T10:41:39.184+0000] {processor.py:183} INFO - Processing /opt/airflow/dags/02_minio_to_duckdb.py took 0.515 seconds
[2025-11-30T10:42:09.364+0000] {processor.py:161} INFO - Started process (PID=31573) to work on /opt/airflow/dags/02_minio_to_duckdb.py
[2025-11-30T10:42:09.366+0000] {processor.py:830} INFO - Processing file /opt/airflow/dags/02_minio_to_duckdb.py for tasks to queue
[2025-11-30T10:42:09.377+0000] {logging_mixin.py:188} INFO - [2025-11-30T10:42:09.376+0000] {dagbag.py:538} INFO - Filling up the DagBag from /opt/airflow/dags/02_minio_to_duckdb.py
[2025-11-30T10:42:09.836+0000] {processor.py:840} INFO - DAG(s) 'minio_to_duckdb_pipeline' retrieved from /opt/airflow/dags/02_minio_to_duckdb.py
[2025-11-30T10:42:09.885+0000] {logging_mixin.py:188} INFO - [2025-11-30T10:42:09.884+0000] {dag.py:3036} INFO - Sync 1 DAGs
[2025-11-30T10:42:09.936+0000] {logging_mixin.py:188} INFO - [2025-11-30T10:42:09.935+0000] {dag.py:3823} INFO - Setting next_dagrun for minio_to_duckdb_pipeline to None, run_after=None
[2025-11-30T10:42:09.994+0000] {processor.py:183} INFO - Processing /opt/airflow/dags/02_minio_to_duckdb.py took 0.637 seconds
[2025-11-30T10:42:41.036+0000] {processor.py:161} INFO - Started process (PID=31638) to work on /opt/airflow/dags/02_minio_to_duckdb.py
[2025-11-30T10:42:41.039+0000] {processor.py:830} INFO - Processing file /opt/airflow/dags/02_minio_to_duckdb.py for tasks to queue
[2025-11-30T10:42:41.041+0000] {logging_mixin.py:188} INFO - [2025-11-30T10:42:41.040+0000] {dagbag.py:538} INFO - Filling up the DagBag from /opt/airflow/dags/02_minio_to_duckdb.py
[2025-11-30T10:42:41.450+0000] {processor.py:840} INFO - DAG(s) 'minio_to_duckdb_pipeline' retrieved from /opt/airflow/dags/02_minio_to_duckdb.py
[2025-11-30T10:42:41.506+0000] {logging_mixin.py:188} INFO - [2025-11-30T10:42:41.506+0000] {dag.py:3036} INFO - Sync 1 DAGs
[2025-11-30T10:42:41.535+0000] {logging_mixin.py:188} INFO - [2025-11-30T10:42:41.535+0000] {dag.py:3823} INFO - Setting next_dagrun for minio_to_duckdb_pipeline to None, run_after=None
[2025-11-30T10:42:41.584+0000] {processor.py:183} INFO - Processing /opt/airflow/dags/02_minio_to_duckdb.py took 0.554 seconds
[2025-11-30T10:43:11.827+0000] {processor.py:161} INFO - Started process (PID=31703) to work on /opt/airflow/dags/02_minio_to_duckdb.py
[2025-11-30T10:43:11.829+0000] {processor.py:830} INFO - Processing file /opt/airflow/dags/02_minio_to_duckdb.py for tasks to queue
[2025-11-30T10:43:11.831+0000] {logging_mixin.py:188} INFO - [2025-11-30T10:43:11.831+0000] {dagbag.py:538} INFO - Filling up the DagBag from /opt/airflow/dags/02_minio_to_duckdb.py
[2025-11-30T10:43:12.198+0000] {processor.py:840} INFO - DAG(s) 'minio_to_duckdb_pipeline' retrieved from /opt/airflow/dags/02_minio_to_duckdb.py
[2025-11-30T10:43:12.249+0000] {logging_mixin.py:188} INFO - [2025-11-30T10:43:12.248+0000] {dag.py:3036} INFO - Sync 1 DAGs
[2025-11-30T10:43:12.269+0000] {logging_mixin.py:188} INFO - [2025-11-30T10:43:12.269+0000] {dag.py:3823} INFO - Setting next_dagrun for minio_to_duckdb_pipeline to None, run_after=None
[2025-11-30T10:43:12.321+0000] {processor.py:183} INFO - Processing /opt/airflow/dags/02_minio_to_duckdb.py took 0.499 seconds
[2025-11-30T10:43:42.650+0000] {processor.py:161} INFO - Started process (PID=31768) to work on /opt/airflow/dags/02_minio_to_duckdb.py
[2025-11-30T10:43:42.653+0000] {processor.py:830} INFO - Processing file /opt/airflow/dags/02_minio_to_duckdb.py for tasks to queue
[2025-11-30T10:43:42.654+0000] {logging_mixin.py:188} INFO - [2025-11-30T10:43:42.654+0000] {dagbag.py:538} INFO - Filling up the DagBag from /opt/airflow/dags/02_minio_to_duckdb.py
[2025-11-30T10:43:43.059+0000] {processor.py:840} INFO - DAG(s) 'minio_to_duckdb_pipeline' retrieved from /opt/airflow/dags/02_minio_to_duckdb.py
[2025-11-30T10:43:43.106+0000] {logging_mixin.py:188} INFO - [2025-11-30T10:43:43.105+0000] {dag.py:3036} INFO - Sync 1 DAGs
[2025-11-30T10:43:43.122+0000] {logging_mixin.py:188} INFO - [2025-11-30T10:43:43.122+0000] {dag.py:3823} INFO - Setting next_dagrun for minio_to_duckdb_pipeline to None, run_after=None
[2025-11-30T10:43:43.169+0000] {processor.py:183} INFO - Processing /opt/airflow/dags/02_minio_to_duckdb.py took 0.524 seconds
[2025-11-30T10:44:13.362+0000] {processor.py:161} INFO - Started process (PID=31833) to work on /opt/airflow/dags/02_minio_to_duckdb.py
[2025-11-30T10:44:13.364+0000] {processor.py:830} INFO - Processing file /opt/airflow/dags/02_minio_to_duckdb.py for tasks to queue
[2025-11-30T10:44:13.366+0000] {logging_mixin.py:188} INFO - [2025-11-30T10:44:13.365+0000] {dagbag.py:538} INFO - Filling up the DagBag from /opt/airflow/dags/02_minio_to_duckdb.py
[2025-11-30T10:44:13.793+0000] {processor.py:840} INFO - DAG(s) 'minio_to_duckdb_pipeline' retrieved from /opt/airflow/dags/02_minio_to_duckdb.py
[2025-11-30T10:44:13.853+0000] {logging_mixin.py:188} INFO - [2025-11-30T10:44:13.852+0000] {dag.py:3036} INFO - Sync 1 DAGs
[2025-11-30T10:44:13.879+0000] {logging_mixin.py:188} INFO - [2025-11-30T10:44:13.878+0000] {dag.py:3823} INFO - Setting next_dagrun for minio_to_duckdb_pipeline to None, run_after=None
[2025-11-30T10:44:13.939+0000] {processor.py:183} INFO - Processing /opt/airflow/dags/02_minio_to_duckdb.py took 0.584 seconds
[2025-11-30T10:44:44.272+0000] {processor.py:161} INFO - Started process (PID=31898) to work on /opt/airflow/dags/02_minio_to_duckdb.py
[2025-11-30T10:44:44.275+0000] {processor.py:830} INFO - Processing file /opt/airflow/dags/02_minio_to_duckdb.py for tasks to queue
[2025-11-30T10:44:44.278+0000] {logging_mixin.py:188} INFO - [2025-11-30T10:44:44.277+0000] {dagbag.py:538} INFO - Filling up the DagBag from /opt/airflow/dags/02_minio_to_duckdb.py
[2025-11-30T10:44:44.631+0000] {processor.py:840} INFO - DAG(s) 'minio_to_duckdb_pipeline' retrieved from /opt/airflow/dags/02_minio_to_duckdb.py
[2025-11-30T10:44:44.671+0000] {logging_mixin.py:188} INFO - [2025-11-30T10:44:44.671+0000] {dag.py:3036} INFO - Sync 1 DAGs
[2025-11-30T10:44:44.692+0000] {logging_mixin.py:188} INFO - [2025-11-30T10:44:44.691+0000] {dag.py:3823} INFO - Setting next_dagrun for minio_to_duckdb_pipeline to None, run_after=None
[2025-11-30T10:44:44.745+0000] {processor.py:183} INFO - Processing /opt/airflow/dags/02_minio_to_duckdb.py took 0.482 seconds
[2025-11-30T10:45:15.047+0000] {processor.py:161} INFO - Started process (PID=31961) to work on /opt/airflow/dags/02_minio_to_duckdb.py
[2025-11-30T10:45:15.048+0000] {processor.py:830} INFO - Processing file /opt/airflow/dags/02_minio_to_duckdb.py for tasks to queue
[2025-11-30T10:45:15.050+0000] {logging_mixin.py:188} INFO - [2025-11-30T10:45:15.049+0000] {dagbag.py:538} INFO - Filling up the DagBag from /opt/airflow/dags/02_minio_to_duckdb.py
[2025-11-30T10:45:15.389+0000] {processor.py:840} INFO - DAG(s) 'minio_to_duckdb_pipeline' retrieved from /opt/airflow/dags/02_minio_to_duckdb.py
[2025-11-30T10:45:15.431+0000] {logging_mixin.py:188} INFO - [2025-11-30T10:45:15.431+0000] {dag.py:3036} INFO - Sync 1 DAGs
[2025-11-30T10:45:15.452+0000] {logging_mixin.py:188} INFO - [2025-11-30T10:45:15.451+0000] {dag.py:3823} INFO - Setting next_dagrun for minio_to_duckdb_pipeline to None, run_after=None
[2025-11-30T10:45:15.499+0000] {processor.py:183} INFO - Processing /opt/airflow/dags/02_minio_to_duckdb.py took 0.456 seconds
[2025-11-30T10:45:45.647+0000] {processor.py:161} INFO - Started process (PID=32007) to work on /opt/airflow/dags/02_minio_to_duckdb.py
[2025-11-30T10:45:45.649+0000] {processor.py:830} INFO - Processing file /opt/airflow/dags/02_minio_to_duckdb.py for tasks to queue
[2025-11-30T10:45:45.652+0000] {logging_mixin.py:188} INFO - [2025-11-30T10:45:45.651+0000] {dagbag.py:538} INFO - Filling up the DagBag from /opt/airflow/dags/02_minio_to_duckdb.py
[2025-11-30T10:45:46.019+0000] {processor.py:840} INFO - DAG(s) 'minio_to_duckdb_pipeline' retrieved from /opt/airflow/dags/02_minio_to_duckdb.py
[2025-11-30T10:45:46.069+0000] {logging_mixin.py:188} INFO - [2025-11-30T10:45:46.069+0000] {dag.py:3036} INFO - Sync 1 DAGs
[2025-11-30T10:45:46.091+0000] {logging_mixin.py:188} INFO - [2025-11-30T10:45:46.090+0000] {dag.py:3823} INFO - Setting next_dagrun for minio_to_duckdb_pipeline to None, run_after=None
[2025-11-30T10:45:46.134+0000] {processor.py:183} INFO - Processing /opt/airflow/dags/02_minio_to_duckdb.py took 0.492 seconds
[2025-11-30T10:46:16.477+0000] {processor.py:161} INFO - Started process (PID=32069) to work on /opt/airflow/dags/02_minio_to_duckdb.py
[2025-11-30T10:46:16.479+0000] {processor.py:830} INFO - Processing file /opt/airflow/dags/02_minio_to_duckdb.py for tasks to queue
[2025-11-30T10:46:16.481+0000] {logging_mixin.py:188} INFO - [2025-11-30T10:46:16.481+0000] {dagbag.py:538} INFO - Filling up the DagBag from /opt/airflow/dags/02_minio_to_duckdb.py
[2025-11-30T10:46:16.920+0000] {processor.py:840} INFO - DAG(s) 'minio_to_duckdb_pipeline' retrieved from /opt/airflow/dags/02_minio_to_duckdb.py
[2025-11-30T10:46:17.024+0000] {logging_mixin.py:188} INFO - [2025-11-30T10:46:17.023+0000] {dag.py:3036} INFO - Sync 1 DAGs
[2025-11-30T10:46:17.069+0000] {logging_mixin.py:188} INFO - [2025-11-30T10:46:17.068+0000] {dag.py:3823} INFO - Setting next_dagrun for minio_to_duckdb_pipeline to None, run_after=None
[2025-11-30T10:46:17.159+0000] {processor.py:183} INFO - Processing /opt/airflow/dags/02_minio_to_duckdb.py took 0.689 seconds
[2025-11-30T10:46:47.432+0000] {processor.py:161} INFO - Started process (PID=32134) to work on /opt/airflow/dags/02_minio_to_duckdb.py
[2025-11-30T10:46:47.434+0000] {processor.py:830} INFO - Processing file /opt/airflow/dags/02_minio_to_duckdb.py for tasks to queue
[2025-11-30T10:46:47.436+0000] {logging_mixin.py:188} INFO - [2025-11-30T10:46:47.435+0000] {dagbag.py:538} INFO - Filling up the DagBag from /opt/airflow/dags/02_minio_to_duckdb.py
[2025-11-30T10:46:47.886+0000] {processor.py:840} INFO - DAG(s) 'minio_to_duckdb_pipeline' retrieved from /opt/airflow/dags/02_minio_to_duckdb.py
[2025-11-30T10:46:47.934+0000] {logging_mixin.py:188} INFO - [2025-11-30T10:46:47.934+0000] {dag.py:3036} INFO - Sync 1 DAGs
[2025-11-30T10:46:47.955+0000] {logging_mixin.py:188} INFO - [2025-11-30T10:46:47.954+0000] {dag.py:3823} INFO - Setting next_dagrun for minio_to_duckdb_pipeline to None, run_after=None
[2025-11-30T10:46:48.001+0000] {processor.py:183} INFO - Processing /opt/airflow/dags/02_minio_to_duckdb.py took 0.577 seconds
[2025-11-30T10:47:18.823+0000] {processor.py:161} INFO - Started process (PID=32199) to work on /opt/airflow/dags/02_minio_to_duckdb.py
[2025-11-30T10:47:18.825+0000] {processor.py:830} INFO - Processing file /opt/airflow/dags/02_minio_to_duckdb.py for tasks to queue
[2025-11-30T10:47:18.827+0000] {logging_mixin.py:188} INFO - [2025-11-30T10:47:18.826+0000] {dagbag.py:538} INFO - Filling up the DagBag from /opt/airflow/dags/02_minio_to_duckdb.py
[2025-11-30T10:47:19.317+0000] {processor.py:840} INFO - DAG(s) 'minio_to_duckdb_pipeline' retrieved from /opt/airflow/dags/02_minio_to_duckdb.py
[2025-11-30T10:47:19.412+0000] {logging_mixin.py:188} INFO - [2025-11-30T10:47:19.411+0000] {dag.py:3036} INFO - Sync 1 DAGs
[2025-11-30T10:47:19.444+0000] {logging_mixin.py:188} INFO - [2025-11-30T10:47:19.444+0000] {dag.py:3823} INFO - Setting next_dagrun for minio_to_duckdb_pipeline to None, run_after=None
[2025-11-30T10:47:19.501+0000] {processor.py:183} INFO - Processing /opt/airflow/dags/02_minio_to_duckdb.py took 0.684 seconds
[2025-11-30T10:47:49.873+0000] {processor.py:161} INFO - Started process (PID=32264) to work on /opt/airflow/dags/02_minio_to_duckdb.py
[2025-11-30T10:47:49.876+0000] {processor.py:830} INFO - Processing file /opt/airflow/dags/02_minio_to_duckdb.py for tasks to queue
[2025-11-30T10:47:49.880+0000] {logging_mixin.py:188} INFO - [2025-11-30T10:47:49.879+0000] {dagbag.py:538} INFO - Filling up the DagBag from /opt/airflow/dags/02_minio_to_duckdb.py
[2025-11-30T10:47:50.352+0000] {processor.py:840} INFO - DAG(s) 'minio_to_duckdb_pipeline' retrieved from /opt/airflow/dags/02_minio_to_duckdb.py
[2025-11-30T10:47:50.399+0000] {logging_mixin.py:188} INFO - [2025-11-30T10:47:50.399+0000] {dag.py:3036} INFO - Sync 1 DAGs
[2025-11-30T10:47:50.437+0000] {logging_mixin.py:188} INFO - [2025-11-30T10:47:50.436+0000] {dag.py:3823} INFO - Setting next_dagrun for minio_to_duckdb_pipeline to None, run_after=None
[2025-11-30T10:47:50.481+0000] {processor.py:183} INFO - Processing /opt/airflow/dags/02_minio_to_duckdb.py took 0.616 seconds
[2025-11-30T10:48:21.076+0000] {processor.py:161} INFO - Started process (PID=32329) to work on /opt/airflow/dags/02_minio_to_duckdb.py
[2025-11-30T10:48:21.078+0000] {processor.py:830} INFO - Processing file /opt/airflow/dags/02_minio_to_duckdb.py for tasks to queue
[2025-11-30T10:48:21.081+0000] {logging_mixin.py:188} INFO - [2025-11-30T10:48:21.080+0000] {dagbag.py:538} INFO - Filling up the DagBag from /opt/airflow/dags/02_minio_to_duckdb.py
[2025-11-30T10:48:21.465+0000] {processor.py:840} INFO - DAG(s) 'minio_to_duckdb_pipeline' retrieved from /opt/airflow/dags/02_minio_to_duckdb.py
[2025-11-30T10:48:21.509+0000] {logging_mixin.py:188} INFO - [2025-11-30T10:48:21.508+0000] {dag.py:3036} INFO - Sync 1 DAGs
[2025-11-30T10:48:21.530+0000] {logging_mixin.py:188} INFO - [2025-11-30T10:48:21.529+0000] {dag.py:3823} INFO - Setting next_dagrun for minio_to_duckdb_pipeline to None, run_after=None
[2025-11-30T10:48:21.579+0000] {processor.py:183} INFO - Processing /opt/airflow/dags/02_minio_to_duckdb.py took 0.511 seconds
[2025-11-30T10:48:51.706+0000] {processor.py:161} INFO - Started process (PID=32394) to work on /opt/airflow/dags/02_minio_to_duckdb.py
[2025-11-30T10:48:51.709+0000] {processor.py:830} INFO - Processing file /opt/airflow/dags/02_minio_to_duckdb.py for tasks to queue
[2025-11-30T10:48:51.712+0000] {logging_mixin.py:188} INFO - [2025-11-30T10:48:51.711+0000] {dagbag.py:538} INFO - Filling up the DagBag from /opt/airflow/dags/02_minio_to_duckdb.py
[2025-11-30T10:48:52.099+0000] {processor.py:840} INFO - DAG(s) 'minio_to_duckdb_pipeline' retrieved from /opt/airflow/dags/02_minio_to_duckdb.py
[2025-11-30T10:48:52.144+0000] {logging_mixin.py:188} INFO - [2025-11-30T10:48:52.143+0000] {dag.py:3036} INFO - Sync 1 DAGs
[2025-11-30T10:48:52.166+0000] {logging_mixin.py:188} INFO - [2025-11-30T10:48:52.166+0000] {dag.py:3823} INFO - Setting next_dagrun for minio_to_duckdb_pipeline to None, run_after=None
[2025-11-30T10:48:52.215+0000] {processor.py:183} INFO - Processing /opt/airflow/dags/02_minio_to_duckdb.py took 0.517 seconds
[2025-11-30T10:49:22.432+0000] {processor.py:161} INFO - Started process (PID=32459) to work on /opt/airflow/dags/02_minio_to_duckdb.py
[2025-11-30T10:49:22.434+0000] {processor.py:830} INFO - Processing file /opt/airflow/dags/02_minio_to_duckdb.py for tasks to queue
[2025-11-30T10:49:22.436+0000] {logging_mixin.py:188} INFO - [2025-11-30T10:49:22.436+0000] {dagbag.py:538} INFO - Filling up the DagBag from /opt/airflow/dags/02_minio_to_duckdb.py
[2025-11-30T10:49:22.724+0000] {processor.py:840} INFO - DAG(s) 'minio_to_duckdb_pipeline' retrieved from /opt/airflow/dags/02_minio_to_duckdb.py
[2025-11-30T10:49:22.760+0000] {logging_mixin.py:188} INFO - [2025-11-30T10:49:22.760+0000] {dag.py:3036} INFO - Sync 1 DAGs
[2025-11-30T10:49:22.777+0000] {logging_mixin.py:188} INFO - [2025-11-30T10:49:22.777+0000] {dag.py:3823} INFO - Setting next_dagrun for minio_to_duckdb_pipeline to None, run_after=None
[2025-11-30T10:49:22.821+0000] {processor.py:183} INFO - Processing /opt/airflow/dags/02_minio_to_duckdb.py took 0.395 seconds
[2025-11-30T10:49:53.154+0000] {processor.py:161} INFO - Started process (PID=32521) to work on /opt/airflow/dags/02_minio_to_duckdb.py
[2025-11-30T10:49:53.156+0000] {processor.py:830} INFO - Processing file /opt/airflow/dags/02_minio_to_duckdb.py for tasks to queue
[2025-11-30T10:49:53.165+0000] {logging_mixin.py:188} INFO - [2025-11-30T10:49:53.165+0000] {dagbag.py:538} INFO - Filling up the DagBag from /opt/airflow/dags/02_minio_to_duckdb.py
[2025-11-30T10:49:53.525+0000] {processor.py:840} INFO - DAG(s) 'minio_to_duckdb_pipeline' retrieved from /opt/airflow/dags/02_minio_to_duckdb.py
[2025-11-30T10:49:53.565+0000] {logging_mixin.py:188} INFO - [2025-11-30T10:49:53.564+0000] {dag.py:3036} INFO - Sync 1 DAGs
[2025-11-30T10:49:53.581+0000] {logging_mixin.py:188} INFO - [2025-11-30T10:49:53.580+0000] {dag.py:3823} INFO - Setting next_dagrun for minio_to_duckdb_pipeline to None, run_after=None
[2025-11-30T10:49:53.621+0000] {processor.py:183} INFO - Processing /opt/airflow/dags/02_minio_to_duckdb.py took 0.473 seconds
[2025-11-30T10:50:24.410+0000] {processor.py:161} INFO - Started process (PID=32565) to work on /opt/airflow/dags/02_minio_to_duckdb.py
[2025-11-30T10:50:24.412+0000] {processor.py:830} INFO - Processing file /opt/airflow/dags/02_minio_to_duckdb.py for tasks to queue
[2025-11-30T10:50:24.413+0000] {logging_mixin.py:188} INFO - [2025-11-30T10:50:24.413+0000] {dagbag.py:538} INFO - Filling up the DagBag from /opt/airflow/dags/02_minio_to_duckdb.py
[2025-11-30T10:50:24.826+0000] {processor.py:840} INFO - DAG(s) 'minio_to_duckdb_pipeline' retrieved from /opt/airflow/dags/02_minio_to_duckdb.py
[2025-11-30T10:50:24.878+0000] {logging_mixin.py:188} INFO - [2025-11-30T10:50:24.877+0000] {dag.py:3036} INFO - Sync 1 DAGs
[2025-11-30T10:50:24.906+0000] {logging_mixin.py:188} INFO - [2025-11-30T10:50:24.905+0000] {dag.py:3823} INFO - Setting next_dagrun for minio_to_duckdb_pipeline to None, run_after=None
[2025-11-30T10:50:24.946+0000] {processor.py:183} INFO - Processing /opt/airflow/dags/02_minio_to_duckdb.py took 0.543 seconds
[2025-11-30T10:50:55.797+0000] {processor.py:161} INFO - Started process (PID=32630) to work on /opt/airflow/dags/02_minio_to_duckdb.py
[2025-11-30T10:50:55.799+0000] {processor.py:830} INFO - Processing file /opt/airflow/dags/02_minio_to_duckdb.py for tasks to queue
[2025-11-30T10:50:55.801+0000] {logging_mixin.py:188} INFO - [2025-11-30T10:50:55.800+0000] {dagbag.py:538} INFO - Filling up the DagBag from /opt/airflow/dags/02_minio_to_duckdb.py
[2025-11-30T10:50:56.192+0000] {processor.py:840} INFO - DAG(s) 'minio_to_duckdb_pipeline' retrieved from /opt/airflow/dags/02_minio_to_duckdb.py
[2025-11-30T10:50:56.243+0000] {logging_mixin.py:188} INFO - [2025-11-30T10:50:56.243+0000] {dag.py:3036} INFO - Sync 1 DAGs
[2025-11-30T10:50:56.269+0000] {logging_mixin.py:188} INFO - [2025-11-30T10:50:56.268+0000] {dag.py:3823} INFO - Setting next_dagrun for minio_to_duckdb_pipeline to None, run_after=None
[2025-11-30T10:50:56.317+0000] {processor.py:183} INFO - Processing /opt/airflow/dags/02_minio_to_duckdb.py took 0.527 seconds
[2025-11-30T10:51:26.627+0000] {processor.py:161} INFO - Started process (PID=32695) to work on /opt/airflow/dags/02_minio_to_duckdb.py
[2025-11-30T10:51:26.629+0000] {processor.py:830} INFO - Processing file /opt/airflow/dags/02_minio_to_duckdb.py for tasks to queue
[2025-11-30T10:51:26.631+0000] {logging_mixin.py:188} INFO - [2025-11-30T10:51:26.630+0000] {dagbag.py:538} INFO - Filling up the DagBag from /opt/airflow/dags/02_minio_to_duckdb.py
[2025-11-30T10:51:27.179+0000] {processor.py:840} INFO - DAG(s) 'minio_to_duckdb_pipeline' retrieved from /opt/airflow/dags/02_minio_to_duckdb.py
[2025-11-30T10:51:27.260+0000] {logging_mixin.py:188} INFO - [2025-11-30T10:51:27.259+0000] {dag.py:3036} INFO - Sync 1 DAGs
[2025-11-30T10:51:27.319+0000] {logging_mixin.py:188} INFO - [2025-11-30T10:51:27.318+0000] {dag.py:3823} INFO - Setting next_dagrun for minio_to_duckdb_pipeline to None, run_after=None
[2025-11-30T10:51:27.361+0000] {processor.py:183} INFO - Processing /opt/airflow/dags/02_minio_to_duckdb.py took 0.740 seconds
[2025-11-30T10:51:57.772+0000] {processor.py:161} INFO - Started process (PID=32760) to work on /opt/airflow/dags/02_minio_to_duckdb.py
[2025-11-30T10:51:57.774+0000] {processor.py:830} INFO - Processing file /opt/airflow/dags/02_minio_to_duckdb.py for tasks to queue
[2025-11-30T10:51:57.775+0000] {logging_mixin.py:188} INFO - [2025-11-30T10:51:57.775+0000] {dagbag.py:538} INFO - Filling up the DagBag from /opt/airflow/dags/02_minio_to_duckdb.py
[2025-11-30T10:51:58.144+0000] {processor.py:840} INFO - DAG(s) 'minio_to_duckdb_pipeline' retrieved from /opt/airflow/dags/02_minio_to_duckdb.py
[2025-11-30T10:51:58.190+0000] {logging_mixin.py:188} INFO - [2025-11-30T10:51:58.190+0000] {dag.py:3036} INFO - Sync 1 DAGs
[2025-11-30T10:51:58.212+0000] {logging_mixin.py:188} INFO - [2025-11-30T10:51:58.212+0000] {dag.py:3823} INFO - Setting next_dagrun for minio_to_duckdb_pipeline to None, run_after=None
[2025-11-30T10:51:58.269+0000] {processor.py:183} INFO - Processing /opt/airflow/dags/02_minio_to_duckdb.py took 0.502 seconds
[2025-11-30T10:52:28.595+0000] {processor.py:161} INFO - Started process (PID=32825) to work on /opt/airflow/dags/02_minio_to_duckdb.py
[2025-11-30T10:52:28.597+0000] {processor.py:830} INFO - Processing file /opt/airflow/dags/02_minio_to_duckdb.py for tasks to queue
[2025-11-30T10:52:28.600+0000] {logging_mixin.py:188} INFO - [2025-11-30T10:52:28.599+0000] {dagbag.py:538} INFO - Filling up the DagBag from /opt/airflow/dags/02_minio_to_duckdb.py
[2025-11-30T10:52:29.034+0000] {processor.py:840} INFO - DAG(s) 'minio_to_duckdb_pipeline' retrieved from /opt/airflow/dags/02_minio_to_duckdb.py
[2025-11-30T10:52:29.079+0000] {logging_mixin.py:188} INFO - [2025-11-30T10:52:29.078+0000] {dag.py:3036} INFO - Sync 1 DAGs
[2025-11-30T10:52:29.099+0000] {logging_mixin.py:188} INFO - [2025-11-30T10:52:29.099+0000] {dag.py:3823} INFO - Setting next_dagrun for minio_to_duckdb_pipeline to None, run_after=None
[2025-11-30T10:52:29.137+0000] {processor.py:183} INFO - Processing /opt/airflow/dags/02_minio_to_duckdb.py took 0.549 seconds
[2025-11-30T10:52:59.512+0000] {processor.py:161} INFO - Started process (PID=32890) to work on /opt/airflow/dags/02_minio_to_duckdb.py
[2025-11-30T10:52:59.515+0000] {processor.py:830} INFO - Processing file /opt/airflow/dags/02_minio_to_duckdb.py for tasks to queue
[2025-11-30T10:52:59.519+0000] {logging_mixin.py:188} INFO - [2025-11-30T10:52:59.518+0000] {dagbag.py:538} INFO - Filling up the DagBag from /opt/airflow/dags/02_minio_to_duckdb.py
[2025-11-30T10:52:59.913+0000] {processor.py:840} INFO - DAG(s) 'minio_to_duckdb_pipeline' retrieved from /opt/airflow/dags/02_minio_to_duckdb.py
[2025-11-30T10:52:59.962+0000] {logging_mixin.py:188} INFO - [2025-11-30T10:52:59.961+0000] {dag.py:3036} INFO - Sync 1 DAGs
[2025-11-30T10:52:59.980+0000] {logging_mixin.py:188} INFO - [2025-11-30T10:52:59.979+0000] {dag.py:3823} INFO - Setting next_dagrun for minio_to_duckdb_pipeline to None, run_after=None
[2025-11-30T10:53:00.023+0000] {processor.py:183} INFO - Processing /opt/airflow/dags/02_minio_to_duckdb.py took 0.525 seconds
[2025-11-30T10:53:30.343+0000] {processor.py:161} INFO - Started process (PID=32955) to work on /opt/airflow/dags/02_minio_to_duckdb.py
[2025-11-30T10:53:30.345+0000] {processor.py:830} INFO - Processing file /opt/airflow/dags/02_minio_to_duckdb.py for tasks to queue
[2025-11-30T10:53:30.347+0000] {logging_mixin.py:188} INFO - [2025-11-30T10:53:30.346+0000] {dagbag.py:538} INFO - Filling up the DagBag from /opt/airflow/dags/02_minio_to_duckdb.py
[2025-11-30T10:53:30.739+0000] {processor.py:840} INFO - DAG(s) 'minio_to_duckdb_pipeline' retrieved from /opt/airflow/dags/02_minio_to_duckdb.py
[2025-11-30T10:53:30.789+0000] {logging_mixin.py:188} INFO - [2025-11-30T10:53:30.788+0000] {dag.py:3036} INFO - Sync 1 DAGs
[2025-11-30T10:53:30.811+0000] {logging_mixin.py:188} INFO - [2025-11-30T10:53:30.810+0000] {dag.py:3823} INFO - Setting next_dagrun for minio_to_duckdb_pipeline to None, run_after=None
[2025-11-30T10:53:30.856+0000] {processor.py:183} INFO - Processing /opt/airflow/dags/02_minio_to_duckdb.py took 0.520 seconds
[2025-11-30T10:54:01.205+0000] {processor.py:161} INFO - Started process (PID=33017) to work on /opt/airflow/dags/02_minio_to_duckdb.py
[2025-11-30T10:54:01.207+0000] {processor.py:830} INFO - Processing file /opt/airflow/dags/02_minio_to_duckdb.py for tasks to queue
[2025-11-30T10:54:01.208+0000] {logging_mixin.py:188} INFO - [2025-11-30T10:54:01.208+0000] {dagbag.py:538} INFO - Filling up the DagBag from /opt/airflow/dags/02_minio_to_duckdb.py
[2025-11-30T10:54:01.533+0000] {processor.py:840} INFO - DAG(s) 'minio_to_duckdb_pipeline' retrieved from /opt/airflow/dags/02_minio_to_duckdb.py
[2025-11-30T10:54:01.568+0000] {logging_mixin.py:188} INFO - [2025-11-30T10:54:01.568+0000] {dag.py:3036} INFO - Sync 1 DAGs
[2025-11-30T10:54:01.584+0000] {logging_mixin.py:188} INFO - [2025-11-30T10:54:01.584+0000] {dag.py:3823} INFO - Setting next_dagrun for minio_to_duckdb_pipeline to None, run_after=None
[2025-11-30T10:54:01.619+0000] {processor.py:183} INFO - Processing /opt/airflow/dags/02_minio_to_duckdb.py took 0.419 seconds
[2025-11-30T10:54:31.969+0000] {processor.py:161} INFO - Started process (PID=33064) to work on /opt/airflow/dags/02_minio_to_duckdb.py
[2025-11-30T10:54:31.971+0000] {processor.py:830} INFO - Processing file /opt/airflow/dags/02_minio_to_duckdb.py for tasks to queue
[2025-11-30T10:54:31.974+0000] {logging_mixin.py:188} INFO - [2025-11-30T10:54:31.973+0000] {dagbag.py:538} INFO - Filling up the DagBag from /opt/airflow/dags/02_minio_to_duckdb.py
[2025-11-30T10:54:32.324+0000] {processor.py:840} INFO - DAG(s) 'minio_to_duckdb_pipeline' retrieved from /opt/airflow/dags/02_minio_to_duckdb.py
[2025-11-30T10:54:32.385+0000] {logging_mixin.py:188} INFO - [2025-11-30T10:54:32.384+0000] {dag.py:3036} INFO - Sync 1 DAGs
[2025-11-30T10:54:32.412+0000] {logging_mixin.py:188} INFO - [2025-11-30T10:54:32.412+0000] {dag.py:3823} INFO - Setting next_dagrun for minio_to_duckdb_pipeline to None, run_after=None
[2025-11-30T10:54:32.456+0000] {processor.py:183} INFO - Processing /opt/airflow/dags/02_minio_to_duckdb.py took 0.495 seconds
[2025-11-30T10:55:03.433+0000] {processor.py:161} INFO - Started process (PID=33126) to work on /opt/airflow/dags/02_minio_to_duckdb.py
[2025-11-30T10:55:03.436+0000] {processor.py:830} INFO - Processing file /opt/airflow/dags/02_minio_to_duckdb.py for tasks to queue
[2025-11-30T10:55:03.439+0000] {logging_mixin.py:188} INFO - [2025-11-30T10:55:03.438+0000] {dagbag.py:538} INFO - Filling up the DagBag from /opt/airflow/dags/02_minio_to_duckdb.py
[2025-11-30T10:55:03.851+0000] {processor.py:840} INFO - DAG(s) 'minio_to_duckdb_pipeline' retrieved from /opt/airflow/dags/02_minio_to_duckdb.py
[2025-11-30T10:55:03.899+0000] {logging_mixin.py:188} INFO - [2025-11-30T10:55:03.899+0000] {dag.py:3036} INFO - Sync 1 DAGs
[2025-11-30T10:55:03.920+0000] {logging_mixin.py:188} INFO - [2025-11-30T10:55:03.920+0000] {dag.py:3823} INFO - Setting next_dagrun for minio_to_duckdb_pipeline to None, run_after=None
[2025-11-30T10:55:03.966+0000] {processor.py:183} INFO - Processing /opt/airflow/dags/02_minio_to_duckdb.py took 0.541 seconds
[2025-11-30T10:55:34.647+0000] {processor.py:161} INFO - Started process (PID=33191) to work on /opt/airflow/dags/02_minio_to_duckdb.py
[2025-11-30T10:55:34.650+0000] {processor.py:830} INFO - Processing file /opt/airflow/dags/02_minio_to_duckdb.py for tasks to queue
[2025-11-30T10:55:34.652+0000] {logging_mixin.py:188} INFO - [2025-11-30T10:55:34.651+0000] {dagbag.py:538} INFO - Filling up the DagBag from /opt/airflow/dags/02_minio_to_duckdb.py
[2025-11-30T10:55:35.033+0000] {processor.py:840} INFO - DAG(s) 'minio_to_duckdb_pipeline' retrieved from /opt/airflow/dags/02_minio_to_duckdb.py
[2025-11-30T10:55:35.088+0000] {logging_mixin.py:188} INFO - [2025-11-30T10:55:35.087+0000] {dag.py:3036} INFO - Sync 1 DAGs
[2025-11-30T10:55:35.106+0000] {logging_mixin.py:188} INFO - [2025-11-30T10:55:35.106+0000] {dag.py:3823} INFO - Setting next_dagrun for minio_to_duckdb_pipeline to None, run_after=None
[2025-11-30T10:55:35.148+0000] {processor.py:183} INFO - Processing /opt/airflow/dags/02_minio_to_duckdb.py took 0.507 seconds
[2025-11-30T10:56:05.490+0000] {processor.py:161} INFO - Started process (PID=33256) to work on /opt/airflow/dags/02_minio_to_duckdb.py
[2025-11-30T10:56:05.492+0000] {processor.py:830} INFO - Processing file /opt/airflow/dags/02_minio_to_duckdb.py for tasks to queue
[2025-11-30T10:56:05.494+0000] {logging_mixin.py:188} INFO - [2025-11-30T10:56:05.493+0000] {dagbag.py:538} INFO - Filling up the DagBag from /opt/airflow/dags/02_minio_to_duckdb.py
[2025-11-30T10:56:05.939+0000] {processor.py:840} INFO - DAG(s) 'minio_to_duckdb_pipeline' retrieved from /opt/airflow/dags/02_minio_to_duckdb.py
[2025-11-30T10:56:05.985+0000] {logging_mixin.py:188} INFO - [2025-11-30T10:56:05.985+0000] {dag.py:3036} INFO - Sync 1 DAGs
[2025-11-30T10:56:06.006+0000] {logging_mixin.py:188} INFO - [2025-11-30T10:56:06.006+0000] {dag.py:3823} INFO - Setting next_dagrun for minio_to_duckdb_pipeline to None, run_after=None
[2025-11-30T10:56:06.059+0000] {processor.py:183} INFO - Processing /opt/airflow/dags/02_minio_to_duckdb.py took 0.575 seconds
[2025-11-30T10:56:36.711+0000] {processor.py:161} INFO - Started process (PID=33321) to work on /opt/airflow/dags/02_minio_to_duckdb.py
[2025-11-30T10:56:36.713+0000] {processor.py:830} INFO - Processing file /opt/airflow/dags/02_minio_to_duckdb.py for tasks to queue
[2025-11-30T10:56:36.714+0000] {logging_mixin.py:188} INFO - [2025-11-30T10:56:36.714+0000] {dagbag.py:538} INFO - Filling up the DagBag from /opt/airflow/dags/02_minio_to_duckdb.py
[2025-11-30T10:56:37.118+0000] {processor.py:840} INFO - DAG(s) 'minio_to_duckdb_pipeline' retrieved from /opt/airflow/dags/02_minio_to_duckdb.py
[2025-11-30T10:56:37.191+0000] {logging_mixin.py:188} INFO - [2025-11-30T10:56:37.190+0000] {dag.py:3036} INFO - Sync 1 DAGs
[2025-11-30T10:56:37.241+0000] {logging_mixin.py:188} INFO - [2025-11-30T10:56:37.240+0000] {dag.py:3823} INFO - Setting next_dagrun for minio_to_duckdb_pipeline to None, run_after=None
[2025-11-30T10:56:37.330+0000] {processor.py:183} INFO - Processing /opt/airflow/dags/02_minio_to_duckdb.py took 0.625 seconds
[2025-11-30T10:57:07.633+0000] {processor.py:161} INFO - Started process (PID=33386) to work on /opt/airflow/dags/02_minio_to_duckdb.py
[2025-11-30T10:57:07.635+0000] {processor.py:830} INFO - Processing file /opt/airflow/dags/02_minio_to_duckdb.py for tasks to queue
[2025-11-30T10:57:07.638+0000] {logging_mixin.py:188} INFO - [2025-11-30T10:57:07.637+0000] {dagbag.py:538} INFO - Filling up the DagBag from /opt/airflow/dags/02_minio_to_duckdb.py
[2025-11-30T10:57:08.098+0000] {processor.py:840} INFO - DAG(s) 'minio_to_duckdb_pipeline' retrieved from /opt/airflow/dags/02_minio_to_duckdb.py
[2025-11-30T10:57:08.170+0000] {logging_mixin.py:188} INFO - [2025-11-30T10:57:08.169+0000] {dag.py:3036} INFO - Sync 1 DAGs
[2025-11-30T10:57:08.206+0000] {logging_mixin.py:188} INFO - [2025-11-30T10:57:08.206+0000] {dag.py:3823} INFO - Setting next_dagrun for minio_to_duckdb_pipeline to None, run_after=None
[2025-11-30T10:57:08.269+0000] {processor.py:183} INFO - Processing /opt/airflow/dags/02_minio_to_duckdb.py took 0.643 seconds
[2025-11-30T10:57:39.027+0000] {processor.py:161} INFO - Started process (PID=33451) to work on /opt/airflow/dags/02_minio_to_duckdb.py
[2025-11-30T10:57:39.029+0000] {processor.py:830} INFO - Processing file /opt/airflow/dags/02_minio_to_duckdb.py for tasks to queue
[2025-11-30T10:57:39.032+0000] {logging_mixin.py:188} INFO - [2025-11-30T10:57:39.031+0000] {dagbag.py:538} INFO - Filling up the DagBag from /opt/airflow/dags/02_minio_to_duckdb.py
[2025-11-30T10:57:39.591+0000] {processor.py:840} INFO - DAG(s) 'minio_to_duckdb_pipeline' retrieved from /opt/airflow/dags/02_minio_to_duckdb.py
[2025-11-30T10:57:39.665+0000] {logging_mixin.py:188} INFO - [2025-11-30T10:57:39.665+0000] {dag.py:3036} INFO - Sync 1 DAGs
[2025-11-30T10:57:39.697+0000] {logging_mixin.py:188} INFO - [2025-11-30T10:57:39.697+0000] {dag.py:3823} INFO - Setting next_dagrun for minio_to_duckdb_pipeline to None, run_after=None
[2025-11-30T10:57:39.749+0000] {processor.py:183} INFO - Processing /opt/airflow/dags/02_minio_to_duckdb.py took 0.729 seconds
[2025-11-30T11:56:42.600+0000] {processor.py:161} INFO - Started process (PID=177) to work on /opt/airflow/dags/02_minio_to_duckdb.py
[2025-11-30T11:56:42.602+0000] {processor.py:830} INFO - Processing file /opt/airflow/dags/02_minio_to_duckdb.py for tasks to queue
[2025-11-30T11:56:42.603+0000] {logging_mixin.py:188} INFO - [2025-11-30T11:56:42.603+0000] {dagbag.py:538} INFO - Filling up the DagBag from /opt/airflow/dags/02_minio_to_duckdb.py
[2025-11-30T11:56:43.365+0000] {processor.py:840} INFO - DAG(s) 'minio_to_duckdb_pipeline' retrieved from /opt/airflow/dags/02_minio_to_duckdb.py
[2025-11-30T11:56:43.471+0000] {logging_mixin.py:188} INFO - [2025-11-30T11:56:43.470+0000] {dag.py:3036} INFO - Sync 1 DAGs
[2025-11-30T11:56:43.505+0000] {logging_mixin.py:188} INFO - [2025-11-30T11:56:43.505+0000] {dag.py:3823} INFO - Setting next_dagrun for minio_to_duckdb_pipeline to None, run_after=None
[2025-11-30T11:56:43.554+0000] {processor.py:183} INFO - Processing /opt/airflow/dags/02_minio_to_duckdb.py took 0.959 seconds
[2025-11-30T11:57:13.701+0000] {processor.py:161} INFO - Started process (PID=239) to work on /opt/airflow/dags/02_minio_to_duckdb.py
[2025-11-30T11:57:13.708+0000] {processor.py:830} INFO - Processing file /opt/airflow/dags/02_minio_to_duckdb.py for tasks to queue
[2025-11-30T11:57:13.718+0000] {logging_mixin.py:188} INFO - [2025-11-30T11:57:13.713+0000] {dagbag.py:538} INFO - Filling up the DagBag from /opt/airflow/dags/02_minio_to_duckdb.py
[2025-11-30T11:57:14.102+0000] {processor.py:840} INFO - DAG(s) 'minio_to_duckdb_pipeline' retrieved from /opt/airflow/dags/02_minio_to_duckdb.py
[2025-11-30T11:57:14.179+0000] {logging_mixin.py:188} INFO - [2025-11-30T11:57:14.178+0000] {dag.py:3036} INFO - Sync 1 DAGs
[2025-11-30T11:57:14.228+0000] {logging_mixin.py:188} INFO - [2025-11-30T11:57:14.227+0000] {dag.py:3823} INFO - Setting next_dagrun for minio_to_duckdb_pipeline to None, run_after=None
[2025-11-30T11:57:14.282+0000] {processor.py:183} INFO - Processing /opt/airflow/dags/02_minio_to_duckdb.py took 0.598 seconds
[2025-11-30T11:57:44.628+0000] {processor.py:161} INFO - Started process (PID=304) to work on /opt/airflow/dags/02_minio_to_duckdb.py
[2025-11-30T11:57:44.630+0000] {processor.py:830} INFO - Processing file /opt/airflow/dags/02_minio_to_duckdb.py for tasks to queue
[2025-11-30T11:57:44.634+0000] {logging_mixin.py:188} INFO - [2025-11-30T11:57:44.632+0000] {dagbag.py:538} INFO - Filling up the DagBag from /opt/airflow/dags/02_minio_to_duckdb.py
[2025-11-30T11:57:45.218+0000] {processor.py:840} INFO - DAG(s) 'minio_to_duckdb_pipeline' retrieved from /opt/airflow/dags/02_minio_to_duckdb.py
[2025-11-30T11:57:45.736+0000] {logging_mixin.py:188} INFO - [2025-11-30T11:57:45.735+0000] {dag.py:3036} INFO - Sync 1 DAGs
[2025-11-30T11:57:45.768+0000] {logging_mixin.py:188} INFO - [2025-11-30T11:57:45.767+0000] {dag.py:3823} INFO - Setting next_dagrun for minio_to_duckdb_pipeline to None, run_after=None
[2025-11-30T11:57:45.817+0000] {processor.py:183} INFO - Processing /opt/airflow/dags/02_minio_to_duckdb.py took 1.196 seconds
[2025-11-30T11:58:16.171+0000] {processor.py:161} INFO - Started process (PID=369) to work on /opt/airflow/dags/02_minio_to_duckdb.py
[2025-11-30T11:58:16.189+0000] {processor.py:830} INFO - Processing file /opt/airflow/dags/02_minio_to_duckdb.py for tasks to queue
[2025-11-30T11:58:16.200+0000] {logging_mixin.py:188} INFO - [2025-11-30T11:58:16.197+0000] {dagbag.py:538} INFO - Filling up the DagBag from /opt/airflow/dags/02_minio_to_duckdb.py
[2025-11-30T11:58:16.872+0000] {processor.py:840} INFO - DAG(s) 'minio_to_duckdb_pipeline' retrieved from /opt/airflow/dags/02_minio_to_duckdb.py
[2025-11-30T11:58:17.038+0000] {logging_mixin.py:188} INFO - [2025-11-30T11:58:17.034+0000] {dag.py:3036} INFO - Sync 1 DAGs
[2025-11-30T11:58:17.084+0000] {logging_mixin.py:188} INFO - [2025-11-30T11:58:17.083+0000] {dag.py:3823} INFO - Setting next_dagrun for minio_to_duckdb_pipeline to None, run_after=None
[2025-11-30T11:58:17.177+0000] {processor.py:183} INFO - Processing /opt/airflow/dags/02_minio_to_duckdb.py took 1.031 seconds
[2025-11-30T11:58:47.487+0000] {processor.py:161} INFO - Started process (PID=431) to work on /opt/airflow/dags/02_minio_to_duckdb.py
[2025-11-30T11:58:47.489+0000] {processor.py:830} INFO - Processing file /opt/airflow/dags/02_minio_to_duckdb.py for tasks to queue
[2025-11-30T11:58:47.493+0000] {logging_mixin.py:188} INFO - [2025-11-30T11:58:47.492+0000] {dagbag.py:538} INFO - Filling up the DagBag from /opt/airflow/dags/02_minio_to_duckdb.py
[2025-11-30T11:58:47.711+0000] {processor.py:840} INFO - DAG(s) 'minio_to_duckdb_pipeline' retrieved from /opt/airflow/dags/02_minio_to_duckdb.py
[2025-11-30T11:58:47.755+0000] {logging_mixin.py:188} INFO - [2025-11-30T11:58:47.754+0000] {dag.py:3036} INFO - Sync 1 DAGs
[2025-11-30T11:58:47.797+0000] {logging_mixin.py:188} INFO - [2025-11-30T11:58:47.797+0000] {dag.py:3823} INFO - Setting next_dagrun for minio_to_duckdb_pipeline to None, run_after=None
[2025-11-30T11:58:47.891+0000] {processor.py:183} INFO - Processing /opt/airflow/dags/02_minio_to_duckdb.py took 0.409 seconds
[2025-11-30T11:59:18.778+0000] {processor.py:161} INFO - Started process (PID=473) to work on /opt/airflow/dags/02_minio_to_duckdb.py
[2025-11-30T11:59:18.781+0000] {processor.py:830} INFO - Processing file /opt/airflow/dags/02_minio_to_duckdb.py for tasks to queue
[2025-11-30T11:59:18.785+0000] {logging_mixin.py:188} INFO - [2025-11-30T11:59:18.783+0000] {dagbag.py:538} INFO - Filling up the DagBag from /opt/airflow/dags/02_minio_to_duckdb.py
[2025-11-30T11:59:26.046+0000] {processor.py:840} INFO - DAG(s) 'minio_to_duckdb_pipeline' retrieved from /opt/airflow/dags/02_minio_to_duckdb.py
[2025-11-30T11:59:30.144+0000] {logging_mixin.py:188} INFO - [2025-11-30T11:59:30.081+0000] {dag.py:3036} INFO - Sync 1 DAGs
[2025-11-30T11:59:34.457+0000] {logging_mixin.py:188} INFO - [2025-11-30T11:59:34.339+0000] {dag.py:3823} INFO - Setting next_dagrun for minio_to_duckdb_pipeline to None, run_after=None
[2025-11-30T11:59:39.178+0000] {processor.py:183} INFO - Processing /opt/airflow/dags/02_minio_to_duckdb.py took 20.408 seconds
[2025-11-30T12:00:09.556+0000] {processor.py:161} INFO - Started process (PID=540) to work on /opt/airflow/dags/02_minio_to_duckdb.py
[2025-11-30T12:00:09.562+0000] {processor.py:830} INFO - Processing file /opt/airflow/dags/02_minio_to_duckdb.py for tasks to queue
[2025-11-30T12:00:09.569+0000] {logging_mixin.py:188} INFO - [2025-11-30T12:00:09.566+0000] {dagbag.py:538} INFO - Filling up the DagBag from /opt/airflow/dags/02_minio_to_duckdb.py
[2025-11-30T12:00:09.927+0000] {processor.py:840} INFO - DAG(s) 'minio_to_duckdb_pipeline' retrieved from /opt/airflow/dags/02_minio_to_duckdb.py
[2025-11-30T12:00:10.175+0000] {logging_mixin.py:188} INFO - [2025-11-30T12:00:10.175+0000] {dag.py:3036} INFO - Sync 1 DAGs
[2025-11-30T12:00:10.194+0000] {logging_mixin.py:188} INFO - [2025-11-30T12:00:10.194+0000] {dag.py:3823} INFO - Setting next_dagrun for minio_to_duckdb_pipeline to None, run_after=None
[2025-11-30T12:00:10.225+0000] {processor.py:183} INFO - Processing /opt/airflow/dags/02_minio_to_duckdb.py took 0.694 seconds
[2025-11-30T12:00:41.196+0000] {processor.py:161} INFO - Started process (PID=605) to work on /opt/airflow/dags/02_minio_to_duckdb.py
[2025-11-30T12:00:41.199+0000] {processor.py:830} INFO - Processing file /opt/airflow/dags/02_minio_to_duckdb.py for tasks to queue
[2025-11-30T12:00:41.201+0000] {logging_mixin.py:188} INFO - [2025-11-30T12:00:41.200+0000] {dagbag.py:538} INFO - Filling up the DagBag from /opt/airflow/dags/02_minio_to_duckdb.py
[2025-11-30T12:00:41.408+0000] {processor.py:840} INFO - DAG(s) 'minio_to_duckdb_pipeline' retrieved from /opt/airflow/dags/02_minio_to_duckdb.py
[2025-11-30T12:00:41.465+0000] {logging_mixin.py:188} INFO - [2025-11-30T12:00:41.464+0000] {dag.py:3036} INFO - Sync 1 DAGs
[2025-11-30T12:00:41.505+0000] {logging_mixin.py:188} INFO - [2025-11-30T12:00:41.505+0000] {dag.py:3823} INFO - Setting next_dagrun for minio_to_duckdb_pipeline to None, run_after=None
[2025-11-30T12:00:41.560+0000] {processor.py:183} INFO - Processing /opt/airflow/dags/02_minio_to_duckdb.py took 0.370 seconds
[2025-11-30T12:01:12.526+0000] {processor.py:161} INFO - Started process (PID=670) to work on /opt/airflow/dags/02_minio_to_duckdb.py
[2025-11-30T12:01:12.528+0000] {processor.py:830} INFO - Processing file /opt/airflow/dags/02_minio_to_duckdb.py for tasks to queue
[2025-11-30T12:01:12.529+0000] {logging_mixin.py:188} INFO - [2025-11-30T12:01:12.528+0000] {dagbag.py:538} INFO - Filling up the DagBag from /opt/airflow/dags/02_minio_to_duckdb.py
[2025-11-30T12:01:12.824+0000] {processor.py:840} INFO - DAG(s) 'minio_to_duckdb_pipeline' retrieved from /opt/airflow/dags/02_minio_to_duckdb.py
[2025-11-30T12:01:12.910+0000] {logging_mixin.py:188} INFO - [2025-11-30T12:01:12.909+0000] {dag.py:3036} INFO - Sync 1 DAGs
[2025-11-30T12:01:12.957+0000] {logging_mixin.py:188} INFO - [2025-11-30T12:01:12.957+0000] {dag.py:3823} INFO - Setting next_dagrun for minio_to_duckdb_pipeline to None, run_after=None
[2025-11-30T12:01:12.997+0000] {processor.py:183} INFO - Processing /opt/airflow/dags/02_minio_to_duckdb.py took 0.475 seconds
[2025-11-30T12:01:43.478+0000] {processor.py:161} INFO - Started process (PID=735) to work on /opt/airflow/dags/02_minio_to_duckdb.py
[2025-11-30T12:01:43.479+0000] {processor.py:830} INFO - Processing file /opt/airflow/dags/02_minio_to_duckdb.py for tasks to queue
[2025-11-30T12:01:43.481+0000] {logging_mixin.py:188} INFO - [2025-11-30T12:01:43.480+0000] {dagbag.py:538} INFO - Filling up the DagBag from /opt/airflow/dags/02_minio_to_duckdb.py
[2025-11-30T12:01:43.721+0000] {processor.py:840} INFO - DAG(s) 'minio_to_duckdb_pipeline' retrieved from /opt/airflow/dags/02_minio_to_duckdb.py
[2025-11-30T12:01:43.769+0000] {logging_mixin.py:188} INFO - [2025-11-30T12:01:43.768+0000] {dag.py:3036} INFO - Sync 1 DAGs
[2025-11-30T12:01:43.788+0000] {logging_mixin.py:188} INFO - [2025-11-30T12:01:43.788+0000] {dag.py:3823} INFO - Setting next_dagrun for minio_to_duckdb_pipeline to None, run_after=None
[2025-11-30T12:01:43.830+0000] {processor.py:183} INFO - Processing /opt/airflow/dags/02_minio_to_duckdb.py took 0.358 seconds
[2025-11-30T12:02:14.002+0000] {processor.py:161} INFO - Started process (PID=797) to work on /opt/airflow/dags/02_minio_to_duckdb.py
[2025-11-30T12:02:14.004+0000] {processor.py:830} INFO - Processing file /opt/airflow/dags/02_minio_to_duckdb.py for tasks to queue
[2025-11-30T12:02:14.005+0000] {logging_mixin.py:188} INFO - [2025-11-30T12:02:14.005+0000] {dagbag.py:538} INFO - Filling up the DagBag from /opt/airflow/dags/02_minio_to_duckdb.py
[2025-11-30T12:02:14.189+0000] {processor.py:840} INFO - DAG(s) 'minio_to_duckdb_pipeline' retrieved from /opt/airflow/dags/02_minio_to_duckdb.py
[2025-11-30T12:02:14.278+0000] {logging_mixin.py:188} INFO - [2025-11-30T12:02:14.278+0000] {dag.py:3036} INFO - Sync 1 DAGs
[2025-11-30T12:02:14.304+0000] {logging_mixin.py:188} INFO - [2025-11-30T12:02:14.304+0000] {dag.py:3823} INFO - Setting next_dagrun for minio_to_duckdb_pipeline to None, run_after=None
[2025-11-30T12:02:14.360+0000] {processor.py:183} INFO - Processing /opt/airflow/dags/02_minio_to_duckdb.py took 0.364 seconds
[2025-11-30T12:02:44.992+0000] {processor.py:161} INFO - Started process (PID=841) to work on /opt/airflow/dags/02_minio_to_duckdb.py
[2025-11-30T12:02:44.994+0000] {processor.py:830} INFO - Processing file /opt/airflow/dags/02_minio_to_duckdb.py for tasks to queue
[2025-11-30T12:02:44.996+0000] {logging_mixin.py:188} INFO - [2025-11-30T12:02:44.996+0000] {dagbag.py:538} INFO - Filling up the DagBag from /opt/airflow/dags/02_minio_to_duckdb.py
[2025-11-30T12:02:45.226+0000] {processor.py:840} INFO - DAG(s) 'minio_to_duckdb_pipeline' retrieved from /opt/airflow/dags/02_minio_to_duckdb.py
[2025-11-30T12:02:45.283+0000] {logging_mixin.py:188} INFO - [2025-11-30T12:02:45.283+0000] {dag.py:3036} INFO - Sync 1 DAGs
[2025-11-30T12:02:45.308+0000] {logging_mixin.py:188} INFO - [2025-11-30T12:02:45.308+0000] {dag.py:3823} INFO - Setting next_dagrun for minio_to_duckdb_pipeline to None, run_after=None
[2025-11-30T12:02:45.367+0000] {processor.py:183} INFO - Processing /opt/airflow/dags/02_minio_to_duckdb.py took 0.383 seconds
[2025-11-30T12:03:15.756+0000] {processor.py:161} INFO - Started process (PID=906) to work on /opt/airflow/dags/02_minio_to_duckdb.py
[2025-11-30T12:03:15.758+0000] {processor.py:830} INFO - Processing file /opt/airflow/dags/02_minio_to_duckdb.py for tasks to queue
[2025-11-30T12:03:15.761+0000] {logging_mixin.py:188} INFO - [2025-11-30T12:03:15.760+0000] {dagbag.py:538} INFO - Filling up the DagBag from /opt/airflow/dags/02_minio_to_duckdb.py
[2025-11-30T12:03:16.071+0000] {processor.py:840} INFO - DAG(s) 'minio_to_duckdb_pipeline' retrieved from /opt/airflow/dags/02_minio_to_duckdb.py
[2025-11-30T12:03:16.176+0000] {logging_mixin.py:188} INFO - [2025-11-30T12:03:16.176+0000] {dag.py:3036} INFO - Sync 1 DAGs
[2025-11-30T12:03:16.201+0000] {logging_mixin.py:188} INFO - [2025-11-30T12:03:16.200+0000] {dag.py:3823} INFO - Setting next_dagrun for minio_to_duckdb_pipeline to None, run_after=None
[2025-11-30T12:03:16.246+0000] {processor.py:183} INFO - Processing /opt/airflow/dags/02_minio_to_duckdb.py took 0.497 seconds
[2025-11-30T12:03:47.062+0000] {processor.py:161} INFO - Started process (PID=971) to work on /opt/airflow/dags/02_minio_to_duckdb.py
[2025-11-30T12:03:47.064+0000] {processor.py:830} INFO - Processing file /opt/airflow/dags/02_minio_to_duckdb.py for tasks to queue
[2025-11-30T12:03:47.065+0000] {logging_mixin.py:188} INFO - [2025-11-30T12:03:47.065+0000] {dagbag.py:538} INFO - Filling up the DagBag from /opt/airflow/dags/02_minio_to_duckdb.py
[2025-11-30T12:03:47.280+0000] {processor.py:840} INFO - DAG(s) 'minio_to_duckdb_pipeline' retrieved from /opt/airflow/dags/02_minio_to_duckdb.py
[2025-11-30T12:03:47.349+0000] {logging_mixin.py:188} INFO - [2025-11-30T12:03:47.348+0000] {dag.py:3036} INFO - Sync 1 DAGs
[2025-11-30T12:03:47.374+0000] {logging_mixin.py:188} INFO - [2025-11-30T12:03:47.374+0000] {dag.py:3823} INFO - Setting next_dagrun for minio_to_duckdb_pipeline to None, run_after=None
[2025-11-30T12:03:47.419+0000] {processor.py:183} INFO - Processing /opt/airflow/dags/02_minio_to_duckdb.py took 0.363 seconds
[2025-11-30T12:04:18.176+0000] {processor.py:161} INFO - Started process (PID=1036) to work on /opt/airflow/dags/02_minio_to_duckdb.py
[2025-11-30T12:04:18.178+0000] {processor.py:830} INFO - Processing file /opt/airflow/dags/02_minio_to_duckdb.py for tasks to queue
[2025-11-30T12:04:18.212+0000] {logging_mixin.py:188} INFO - [2025-11-30T12:04:18.202+0000] {dagbag.py:538} INFO - Filling up the DagBag from /opt/airflow/dags/02_minio_to_duckdb.py
[2025-11-30T12:04:19.067+0000] {processor.py:840} INFO - DAG(s) 'minio_to_duckdb_pipeline' retrieved from /opt/airflow/dags/02_minio_to_duckdb.py
[2025-11-30T12:04:19.180+0000] {logging_mixin.py:188} INFO - [2025-11-30T12:04:19.179+0000] {dag.py:3036} INFO - Sync 1 DAGs
[2025-11-30T12:04:19.227+0000] {logging_mixin.py:188} INFO - [2025-11-30T12:04:19.226+0000] {dag.py:3823} INFO - Setting next_dagrun for minio_to_duckdb_pipeline to None, run_after=None
[2025-11-30T12:04:19.302+0000] {processor.py:183} INFO - Processing /opt/airflow/dags/02_minio_to_duckdb.py took 1.137 seconds
[2025-11-30T12:04:49.734+0000] {processor.py:161} INFO - Started process (PID=1101) to work on /opt/airflow/dags/02_minio_to_duckdb.py
[2025-11-30T12:04:49.737+0000] {processor.py:830} INFO - Processing file /opt/airflow/dags/02_minio_to_duckdb.py for tasks to queue
[2025-11-30T12:04:49.739+0000] {logging_mixin.py:188} INFO - [2025-11-30T12:04:49.738+0000] {dagbag.py:538} INFO - Filling up the DagBag from /opt/airflow/dags/02_minio_to_duckdb.py
[2025-11-30T12:04:50.159+0000] {processor.py:840} INFO - DAG(s) 'minio_to_duckdb_pipeline' retrieved from /opt/airflow/dags/02_minio_to_duckdb.py
[2025-11-30T12:04:50.257+0000] {logging_mixin.py:188} INFO - [2025-11-30T12:04:50.256+0000] {dag.py:3036} INFO - Sync 1 DAGs
[2025-11-30T12:04:50.289+0000] {logging_mixin.py:188} INFO - [2025-11-30T12:04:50.288+0000] {dag.py:3823} INFO - Setting next_dagrun for minio_to_duckdb_pipeline to None, run_after=None
[2025-11-30T12:04:50.339+0000] {processor.py:183} INFO - Processing /opt/airflow/dags/02_minio_to_duckdb.py took 0.614 seconds
[2025-11-30T12:05:20.649+0000] {processor.py:161} INFO - Started process (PID=1163) to work on /opt/airflow/dags/02_minio_to_duckdb.py
[2025-11-30T12:05:20.650+0000] {processor.py:830} INFO - Processing file /opt/airflow/dags/02_minio_to_duckdb.py for tasks to queue
[2025-11-30T12:05:20.654+0000] {logging_mixin.py:188} INFO - [2025-11-30T12:05:20.652+0000] {dagbag.py:538} INFO - Filling up the DagBag from /opt/airflow/dags/02_minio_to_duckdb.py
[2025-11-30T12:05:21.160+0000] {processor.py:840} INFO - DAG(s) 'minio_to_duckdb_pipeline' retrieved from /opt/airflow/dags/02_minio_to_duckdb.py
[2025-11-30T12:05:21.271+0000] {logging_mixin.py:188} INFO - [2025-11-30T12:05:21.271+0000] {dag.py:3036} INFO - Sync 1 DAGs
[2025-11-30T12:05:21.298+0000] {logging_mixin.py:188} INFO - [2025-11-30T12:05:21.297+0000] {dag.py:3823} INFO - Setting next_dagrun for minio_to_duckdb_pipeline to None, run_after=None
[2025-11-30T12:05:21.393+0000] {processor.py:183} INFO - Processing /opt/airflow/dags/02_minio_to_duckdb.py took 0.751 seconds
[2025-11-30T12:05:51.828+0000] {processor.py:161} INFO - Started process (PID=1207) to work on /opt/airflow/dags/02_minio_to_duckdb.py
[2025-11-30T12:05:51.832+0000] {processor.py:830} INFO - Processing file /opt/airflow/dags/02_minio_to_duckdb.py for tasks to queue
[2025-11-30T12:05:51.837+0000] {logging_mixin.py:188} INFO - [2025-11-30T12:05:51.834+0000] {dagbag.py:538} INFO - Filling up the DagBag from /opt/airflow/dags/02_minio_to_duckdb.py
[2025-11-30T12:05:52.280+0000] {processor.py:840} INFO - DAG(s) 'minio_to_duckdb_pipeline' retrieved from /opt/airflow/dags/02_minio_to_duckdb.py
[2025-11-30T12:05:52.391+0000] {logging_mixin.py:188} INFO - [2025-11-30T12:05:52.390+0000] {dag.py:3036} INFO - Sync 1 DAGs
[2025-11-30T12:05:52.428+0000] {logging_mixin.py:188} INFO - [2025-11-30T12:05:52.427+0000] {dag.py:3823} INFO - Setting next_dagrun for minio_to_duckdb_pipeline to None, run_after=None
[2025-11-30T12:05:52.511+0000] {processor.py:183} INFO - Processing /opt/airflow/dags/02_minio_to_duckdb.py took 0.694 seconds
[2025-11-30T12:06:23.231+0000] {processor.py:161} INFO - Started process (PID=1272) to work on /opt/airflow/dags/02_minio_to_duckdb.py
[2025-11-30T12:06:23.234+0000] {processor.py:830} INFO - Processing file /opt/airflow/dags/02_minio_to_duckdb.py for tasks to queue
[2025-11-30T12:06:23.238+0000] {logging_mixin.py:188} INFO - [2025-11-30T12:06:23.236+0000] {dagbag.py:538} INFO - Filling up the DagBag from /opt/airflow/dags/02_minio_to_duckdb.py
[2025-11-30T12:06:23.712+0000] {processor.py:840} INFO - DAG(s) 'minio_to_duckdb_pipeline' retrieved from /opt/airflow/dags/02_minio_to_duckdb.py
[2025-11-30T12:06:23.805+0000] {logging_mixin.py:188} INFO - [2025-11-30T12:06:23.805+0000] {dag.py:3036} INFO - Sync 1 DAGs
[2025-11-30T12:06:23.830+0000] {logging_mixin.py:188} INFO - [2025-11-30T12:06:23.830+0000] {dag.py:3823} INFO - Setting next_dagrun for minio_to_duckdb_pipeline to None, run_after=None
[2025-11-30T12:06:23.887+0000] {processor.py:183} INFO - Processing /opt/airflow/dags/02_minio_to_duckdb.py took 0.669 seconds
[2025-11-30T12:06:54.874+0000] {processor.py:161} INFO - Started process (PID=1337) to work on /opt/airflow/dags/02_minio_to_duckdb.py
[2025-11-30T12:06:54.877+0000] {processor.py:830} INFO - Processing file /opt/airflow/dags/02_minio_to_duckdb.py for tasks to queue
[2025-11-30T12:06:54.879+0000] {logging_mixin.py:188} INFO - [2025-11-30T12:06:54.879+0000] {dagbag.py:538} INFO - Filling up the DagBag from /opt/airflow/dags/02_minio_to_duckdb.py
[2025-11-30T12:06:55.283+0000] {processor.py:840} INFO - DAG(s) 'minio_to_duckdb_pipeline' retrieved from /opt/airflow/dags/02_minio_to_duckdb.py
[2025-11-30T12:06:55.382+0000] {logging_mixin.py:188} INFO - [2025-11-30T12:06:55.381+0000] {dag.py:3036} INFO - Sync 1 DAGs
[2025-11-30T12:06:55.416+0000] {logging_mixin.py:188} INFO - [2025-11-30T12:06:55.416+0000] {dag.py:3823} INFO - Setting next_dagrun for minio_to_duckdb_pipeline to None, run_after=None
[2025-11-30T12:06:55.483+0000] {processor.py:183} INFO - Processing /opt/airflow/dags/02_minio_to_duckdb.py took 0.617 seconds
[2025-11-30T12:07:26.344+0000] {processor.py:161} INFO - Started process (PID=1402) to work on /opt/airflow/dags/02_minio_to_duckdb.py
[2025-11-30T12:07:26.347+0000] {processor.py:830} INFO - Processing file /opt/airflow/dags/02_minio_to_duckdb.py for tasks to queue
[2025-11-30T12:07:26.350+0000] {logging_mixin.py:188} INFO - [2025-11-30T12:07:26.348+0000] {dagbag.py:538} INFO - Filling up the DagBag from /opt/airflow/dags/02_minio_to_duckdb.py
[2025-11-30T12:07:26.794+0000] {processor.py:840} INFO - DAG(s) 'minio_to_duckdb_pipeline' retrieved from /opt/airflow/dags/02_minio_to_duckdb.py
[2025-11-30T12:07:26.878+0000] {logging_mixin.py:188} INFO - [2025-11-30T12:07:26.878+0000] {dag.py:3036} INFO - Sync 1 DAGs
[2025-11-30T12:07:26.903+0000] {logging_mixin.py:188} INFO - [2025-11-30T12:07:26.903+0000] {dag.py:3823} INFO - Setting next_dagrun for minio_to_duckdb_pipeline to None, run_after=None
[2025-11-30T12:07:26.954+0000] {processor.py:183} INFO - Processing /opt/airflow/dags/02_minio_to_duckdb.py took 0.625 seconds
[2025-11-30T12:07:57.616+0000] {processor.py:161} INFO - Started process (PID=1467) to work on /opt/airflow/dags/02_minio_to_duckdb.py
[2025-11-30T12:07:57.618+0000] {processor.py:830} INFO - Processing file /opt/airflow/dags/02_minio_to_duckdb.py for tasks to queue
[2025-11-30T12:07:57.621+0000] {logging_mixin.py:188} INFO - [2025-11-30T12:07:57.620+0000] {dagbag.py:538} INFO - Filling up the DagBag from /opt/airflow/dags/02_minio_to_duckdb.py
[2025-11-30T12:07:57.873+0000] {processor.py:840} INFO - DAG(s) 'minio_to_duckdb_pipeline' retrieved from /opt/airflow/dags/02_minio_to_duckdb.py
[2025-11-30T12:07:57.944+0000] {logging_mixin.py:188} INFO - [2025-11-30T12:07:57.942+0000] {dag.py:3036} INFO - Sync 1 DAGs
[2025-11-30T12:07:57.967+0000] {logging_mixin.py:188} INFO - [2025-11-30T12:07:57.966+0000] {dag.py:3823} INFO - Setting next_dagrun for minio_to_duckdb_pipeline to None, run_after=None
[2025-11-30T12:07:58.015+0000] {processor.py:183} INFO - Processing /opt/airflow/dags/02_minio_to_duckdb.py took 0.410 seconds
[2025-11-30T12:08:28.364+0000] {processor.py:161} INFO - Started process (PID=1529) to work on /opt/airflow/dags/02_minio_to_duckdb.py
[2025-11-30T12:08:28.367+0000] {processor.py:830} INFO - Processing file /opt/airflow/dags/02_minio_to_duckdb.py for tasks to queue
[2025-11-30T12:08:28.370+0000] {logging_mixin.py:188} INFO - [2025-11-30T12:08:28.370+0000] {dagbag.py:538} INFO - Filling up the DagBag from /opt/airflow/dags/02_minio_to_duckdb.py
[2025-11-30T12:08:28.960+0000] {processor.py:840} INFO - DAG(s) 'minio_to_duckdb_pipeline' retrieved from /opt/airflow/dags/02_minio_to_duckdb.py
[2025-11-30T12:08:29.074+0000] {logging_mixin.py:188} INFO - [2025-11-30T12:08:29.074+0000] {dag.py:3036} INFO - Sync 1 DAGs
[2025-11-30T12:08:29.096+0000] {logging_mixin.py:188} INFO - [2025-11-30T12:08:29.096+0000] {dag.py:3823} INFO - Setting next_dagrun for minio_to_duckdb_pipeline to None, run_after=None
[2025-11-30T12:08:29.149+0000] {processor.py:183} INFO - Processing /opt/airflow/dags/02_minio_to_duckdb.py took 0.799 seconds
[2025-11-30T12:08:59.542+0000] {processor.py:161} INFO - Started process (PID=1573) to work on /opt/airflow/dags/02_minio_to_duckdb.py
[2025-11-30T12:08:59.544+0000] {processor.py:830} INFO - Processing file /opt/airflow/dags/02_minio_to_duckdb.py for tasks to queue
[2025-11-30T12:08:59.546+0000] {logging_mixin.py:188} INFO - [2025-11-30T12:08:59.546+0000] {dagbag.py:538} INFO - Filling up the DagBag from /opt/airflow/dags/02_minio_to_duckdb.py
[2025-11-30T12:08:59.966+0000] {processor.py:840} INFO - DAG(s) 'minio_to_duckdb_pipeline' retrieved from /opt/airflow/dags/02_minio_to_duckdb.py
[2025-11-30T12:09:00.091+0000] {logging_mixin.py:188} INFO - [2025-11-30T12:09:00.090+0000] {dag.py:3036} INFO - Sync 1 DAGs
[2025-11-30T12:09:00.119+0000] {logging_mixin.py:188} INFO - [2025-11-30T12:09:00.119+0000] {dag.py:3823} INFO - Setting next_dagrun for minio_to_duckdb_pipeline to None, run_after=None
[2025-11-30T12:09:00.196+0000] {processor.py:183} INFO - Processing /opt/airflow/dags/02_minio_to_duckdb.py took 0.662 seconds
[2025-11-30T12:09:30.626+0000] {processor.py:161} INFO - Started process (PID=1638) to work on /opt/airflow/dags/02_minio_to_duckdb.py
[2025-11-30T12:09:30.628+0000] {processor.py:830} INFO - Processing file /opt/airflow/dags/02_minio_to_duckdb.py for tasks to queue
[2025-11-30T12:09:30.630+0000] {logging_mixin.py:188} INFO - [2025-11-30T12:09:30.630+0000] {dagbag.py:538} INFO - Filling up the DagBag from /opt/airflow/dags/02_minio_to_duckdb.py
[2025-11-30T12:09:30.873+0000] {processor.py:840} INFO - DAG(s) 'minio_to_duckdb_pipeline' retrieved from /opt/airflow/dags/02_minio_to_duckdb.py
[2025-11-30T12:09:30.951+0000] {logging_mixin.py:188} INFO - [2025-11-30T12:09:30.951+0000] {dag.py:3036} INFO - Sync 1 DAGs
[2025-11-30T12:09:30.990+0000] {logging_mixin.py:188} INFO - [2025-11-30T12:09:30.990+0000] {dag.py:3823} INFO - Setting next_dagrun for minio_to_duckdb_pipeline to None, run_after=None
[2025-11-30T12:09:31.079+0000] {processor.py:183} INFO - Processing /opt/airflow/dags/02_minio_to_duckdb.py took 0.460 seconds
[2025-11-30T12:10:01.476+0000] {processor.py:161} INFO - Started process (PID=1682) to work on /opt/airflow/dags/02_minio_to_duckdb.py
[2025-11-30T12:10:01.481+0000] {processor.py:830} INFO - Processing file /opt/airflow/dags/02_minio_to_duckdb.py for tasks to queue
[2025-11-30T12:10:01.486+0000] {logging_mixin.py:188} INFO - [2025-11-30T12:10:01.484+0000] {dagbag.py:538} INFO - Filling up the DagBag from /opt/airflow/dags/02_minio_to_duckdb.py
[2025-11-30T12:10:01.814+0000] {processor.py:840} INFO - DAG(s) 'minio_to_duckdb_pipeline' retrieved from /opt/airflow/dags/02_minio_to_duckdb.py
[2025-11-30T12:10:01.888+0000] {logging_mixin.py:188} INFO - [2025-11-30T12:10:01.887+0000] {dag.py:3036} INFO - Sync 1 DAGs
[2025-11-30T12:10:01.911+0000] {logging_mixin.py:188} INFO - [2025-11-30T12:10:01.910+0000] {dag.py:3823} INFO - Setting next_dagrun for minio_to_duckdb_pipeline to None, run_after=None
[2025-11-30T12:10:01.946+0000] {processor.py:183} INFO - Processing /opt/airflow/dags/02_minio_to_duckdb.py took 0.486 seconds
[2025-11-30T12:10:32.960+0000] {processor.py:161} INFO - Started process (PID=1747) to work on /opt/airflow/dags/02_minio_to_duckdb.py
[2025-11-30T12:10:32.965+0000] {processor.py:830} INFO - Processing file /opt/airflow/dags/02_minio_to_duckdb.py for tasks to queue
[2025-11-30T12:10:32.969+0000] {logging_mixin.py:188} INFO - [2025-11-30T12:10:32.966+0000] {dagbag.py:538} INFO - Filling up the DagBag from /opt/airflow/dags/02_minio_to_duckdb.py
[2025-11-30T12:10:33.669+0000] {processor.py:840} INFO - DAG(s) 'minio_to_duckdb_pipeline' retrieved from /opt/airflow/dags/02_minio_to_duckdb.py
[2025-11-30T12:10:33.883+0000] {logging_mixin.py:188} INFO - [2025-11-30T12:10:33.880+0000] {dag.py:3036} INFO - Sync 1 DAGs
[2025-11-30T12:10:33.922+0000] {logging_mixin.py:188} INFO - [2025-11-30T12:10:33.921+0000] {dag.py:3823} INFO - Setting next_dagrun for minio_to_duckdb_pipeline to None, run_after=None
[2025-11-30T12:10:33.990+0000] {processor.py:183} INFO - Processing /opt/airflow/dags/02_minio_to_duckdb.py took 1.042 seconds
[2025-11-30T12:11:04.421+0000] {processor.py:161} INFO - Started process (PID=1812) to work on /opt/airflow/dags/02_minio_to_duckdb.py
[2025-11-30T12:11:04.425+0000] {processor.py:830} INFO - Processing file /opt/airflow/dags/02_minio_to_duckdb.py for tasks to queue
[2025-11-30T12:11:04.430+0000] {logging_mixin.py:188} INFO - [2025-11-30T12:11:04.428+0000] {dagbag.py:538} INFO - Filling up the DagBag from /opt/airflow/dags/02_minio_to_duckdb.py
[2025-11-30T12:11:04.892+0000] {processor.py:840} INFO - DAG(s) 'minio_to_duckdb_pipeline' retrieved from /opt/airflow/dags/02_minio_to_duckdb.py
[2025-11-30T12:11:04.979+0000] {logging_mixin.py:188} INFO - [2025-11-30T12:11:04.979+0000] {dag.py:3036} INFO - Sync 1 DAGs
[2025-11-30T12:11:05.003+0000] {logging_mixin.py:188} INFO - [2025-11-30T12:11:05.003+0000] {dag.py:3823} INFO - Setting next_dagrun for minio_to_duckdb_pipeline to None, run_after=None
[2025-11-30T12:11:05.072+0000] {processor.py:183} INFO - Processing /opt/airflow/dags/02_minio_to_duckdb.py took 0.670 seconds
[2025-11-30T12:11:35.469+0000] {processor.py:161} INFO - Started process (PID=1874) to work on /opt/airflow/dags/02_minio_to_duckdb.py
[2025-11-30T12:11:35.471+0000] {processor.py:830} INFO - Processing file /opt/airflow/dags/02_minio_to_duckdb.py for tasks to queue
[2025-11-30T12:11:35.475+0000] {logging_mixin.py:188} INFO - [2025-11-30T12:11:35.473+0000] {dagbag.py:538} INFO - Filling up the DagBag from /opt/airflow/dags/02_minio_to_duckdb.py
[2025-11-30T12:11:35.743+0000] {processor.py:840} INFO - DAG(s) 'minio_to_duckdb_pipeline' retrieved from /opt/airflow/dags/02_minio_to_duckdb.py
[2025-11-30T12:11:35.840+0000] {logging_mixin.py:188} INFO - [2025-11-30T12:11:35.839+0000] {dag.py:3036} INFO - Sync 1 DAGs
[2025-11-30T12:11:35.869+0000] {logging_mixin.py:188} INFO - [2025-11-30T12:11:35.869+0000] {dag.py:3823} INFO - Setting next_dagrun for minio_to_duckdb_pipeline to None, run_after=None
[2025-11-30T12:11:35.918+0000] {processor.py:183} INFO - Processing /opt/airflow/dags/02_minio_to_duckdb.py took 0.455 seconds
[2025-11-30T12:12:06.882+0000] {processor.py:161} INFO - Started process (PID=1921) to work on /opt/airflow/dags/02_minio_to_duckdb.py
[2025-11-30T12:12:06.885+0000] {processor.py:830} INFO - Processing file /opt/airflow/dags/02_minio_to_duckdb.py for tasks to queue
[2025-11-30T12:12:06.888+0000] {logging_mixin.py:188} INFO - [2025-11-30T12:12:06.886+0000] {dagbag.py:538} INFO - Filling up the DagBag from /opt/airflow/dags/02_minio_to_duckdb.py
[2025-11-30T12:12:07.179+0000] {processor.py:840} INFO - DAG(s) 'minio_to_duckdb_pipeline' retrieved from /opt/airflow/dags/02_minio_to_duckdb.py
[2025-11-30T12:12:07.244+0000] {logging_mixin.py:188} INFO - [2025-11-30T12:12:07.244+0000] {dag.py:3036} INFO - Sync 1 DAGs
[2025-11-30T12:12:07.264+0000] {logging_mixin.py:188} INFO - [2025-11-30T12:12:07.263+0000] {dag.py:3823} INFO - Setting next_dagrun for minio_to_duckdb_pipeline to None, run_after=None
[2025-11-30T12:12:07.305+0000] {processor.py:183} INFO - Processing /opt/airflow/dags/02_minio_to_duckdb.py took 0.430 seconds
[2025-11-30T12:12:37.890+0000] {processor.py:161} INFO - Started process (PID=1983) to work on /opt/airflow/dags/02_minio_to_duckdb.py
[2025-11-30T12:12:37.893+0000] {processor.py:830} INFO - Processing file /opt/airflow/dags/02_minio_to_duckdb.py for tasks to queue
[2025-11-30T12:12:37.896+0000] {logging_mixin.py:188} INFO - [2025-11-30T12:12:37.894+0000] {dagbag.py:538} INFO - Filling up the DagBag from /opt/airflow/dags/02_minio_to_duckdb.py
[2025-11-30T12:12:38.317+0000] {processor.py:840} INFO - DAG(s) 'minio_to_duckdb_pipeline' retrieved from /opt/airflow/dags/02_minio_to_duckdb.py
[2025-11-30T12:12:38.522+0000] {logging_mixin.py:188} INFO - [2025-11-30T12:12:38.520+0000] {dag.py:3036} INFO - Sync 1 DAGs
[2025-11-30T12:12:38.590+0000] {logging_mixin.py:188} INFO - [2025-11-30T12:12:38.589+0000] {dag.py:3823} INFO - Setting next_dagrun for minio_to_duckdb_pipeline to None, run_after=None
[2025-11-30T12:12:38.694+0000] {processor.py:183} INFO - Processing /opt/airflow/dags/02_minio_to_duckdb.py took 0.816 seconds
[2025-11-30T12:13:08.933+0000] {processor.py:161} INFO - Started process (PID=2048) to work on /opt/airflow/dags/02_minio_to_duckdb.py
[2025-11-30T12:13:08.938+0000] {processor.py:830} INFO - Processing file /opt/airflow/dags/02_minio_to_duckdb.py for tasks to queue
[2025-11-30T12:13:08.945+0000] {logging_mixin.py:188} INFO - [2025-11-30T12:13:08.941+0000] {dagbag.py:538} INFO - Filling up the DagBag from /opt/airflow/dags/02_minio_to_duckdb.py
[2025-11-30T12:13:09.394+0000] {processor.py:840} INFO - DAG(s) 'minio_to_duckdb_pipeline' retrieved from /opt/airflow/dags/02_minio_to_duckdb.py
[2025-11-30T12:13:09.530+0000] {logging_mixin.py:188} INFO - [2025-11-30T12:13:09.528+0000] {dag.py:3036} INFO - Sync 1 DAGs
[2025-11-30T12:13:09.554+0000] {logging_mixin.py:188} INFO - [2025-11-30T12:13:09.553+0000] {dag.py:3823} INFO - Setting next_dagrun for minio_to_duckdb_pipeline to None, run_after=None
[2025-11-30T12:13:09.620+0000] {processor.py:183} INFO - Processing /opt/airflow/dags/02_minio_to_duckdb.py took 0.705 seconds
[2025-11-30T12:13:40.009+0000] {processor.py:161} INFO - Started process (PID=2113) to work on /opt/airflow/dags/02_minio_to_duckdb.py
[2025-11-30T12:13:40.013+0000] {processor.py:830} INFO - Processing file /opt/airflow/dags/02_minio_to_duckdb.py for tasks to queue
[2025-11-30T12:13:40.016+0000] {logging_mixin.py:188} INFO - [2025-11-30T12:13:40.014+0000] {dagbag.py:538} INFO - Filling up the DagBag from /opt/airflow/dags/02_minio_to_duckdb.py
[2025-11-30T12:13:40.414+0000] {processor.py:840} INFO - DAG(s) 'minio_to_duckdb_pipeline' retrieved from /opt/airflow/dags/02_minio_to_duckdb.py
[2025-11-30T12:13:40.507+0000] {logging_mixin.py:188} INFO - [2025-11-30T12:13:40.507+0000] {dag.py:3036} INFO - Sync 1 DAGs
[2025-11-30T12:13:40.543+0000] {logging_mixin.py:188} INFO - [2025-11-30T12:13:40.542+0000] {dag.py:3823} INFO - Setting next_dagrun for minio_to_duckdb_pipeline to None, run_after=None
[2025-11-30T12:13:40.590+0000] {processor.py:183} INFO - Processing /opt/airflow/dags/02_minio_to_duckdb.py took 0.594 seconds
[2025-11-30T12:14:11.330+0000] {processor.py:161} INFO - Started process (PID=2178) to work on /opt/airflow/dags/02_minio_to_duckdb.py
[2025-11-30T12:14:11.335+0000] {processor.py:830} INFO - Processing file /opt/airflow/dags/02_minio_to_duckdb.py for tasks to queue
[2025-11-30T12:14:11.340+0000] {logging_mixin.py:188} INFO - [2025-11-30T12:14:11.339+0000] {dagbag.py:538} INFO - Filling up the DagBag from /opt/airflow/dags/02_minio_to_duckdb.py
[2025-11-30T12:14:11.717+0000] {processor.py:840} INFO - DAG(s) 'minio_to_duckdb_pipeline' retrieved from /opt/airflow/dags/02_minio_to_duckdb.py
[2025-11-30T12:14:11.781+0000] {logging_mixin.py:188} INFO - [2025-11-30T12:14:11.781+0000] {dag.py:3036} INFO - Sync 1 DAGs
[2025-11-30T12:14:11.808+0000] {logging_mixin.py:188} INFO - [2025-11-30T12:14:11.808+0000] {dag.py:3823} INFO - Setting next_dagrun for minio_to_duckdb_pipeline to None, run_after=None
[2025-11-30T12:14:11.859+0000] {processor.py:183} INFO - Processing /opt/airflow/dags/02_minio_to_duckdb.py took 0.545 seconds
[2025-11-30T12:14:42.174+0000] {processor.py:161} INFO - Started process (PID=2240) to work on /opt/airflow/dags/02_minio_to_duckdb.py
[2025-11-30T12:14:42.178+0000] {processor.py:830} INFO - Processing file /opt/airflow/dags/02_minio_to_duckdb.py for tasks to queue
[2025-11-30T12:14:42.182+0000] {logging_mixin.py:188} INFO - [2025-11-30T12:14:42.180+0000] {dagbag.py:538} INFO - Filling up the DagBag from /opt/airflow/dags/02_minio_to_duckdb.py
[2025-11-30T12:14:42.574+0000] {processor.py:840} INFO - DAG(s) 'minio_to_duckdb_pipeline' retrieved from /opt/airflow/dags/02_minio_to_duckdb.py
[2025-11-30T12:14:42.671+0000] {logging_mixin.py:188} INFO - [2025-11-30T12:14:42.671+0000] {dag.py:3036} INFO - Sync 1 DAGs
[2025-11-30T12:14:42.700+0000] {logging_mixin.py:188} INFO - [2025-11-30T12:14:42.699+0000] {dag.py:3823} INFO - Setting next_dagrun for minio_to_duckdb_pipeline to None, run_after=None
[2025-11-30T12:14:42.757+0000] {processor.py:183} INFO - Processing /opt/airflow/dags/02_minio_to_duckdb.py took 0.594 seconds
[2025-11-30T12:15:13.145+0000] {processor.py:161} INFO - Started process (PID=2284) to work on /opt/airflow/dags/02_minio_to_duckdb.py
[2025-11-30T12:15:13.148+0000] {processor.py:830} INFO - Processing file /opt/airflow/dags/02_minio_to_duckdb.py for tasks to queue
[2025-11-30T12:15:13.153+0000] {logging_mixin.py:188} INFO - [2025-11-30T12:15:13.150+0000] {dagbag.py:538} INFO - Filling up the DagBag from /opt/airflow/dags/02_minio_to_duckdb.py
[2025-11-30T12:15:13.688+0000] {processor.py:840} INFO - DAG(s) 'minio_to_duckdb_pipeline' retrieved from /opt/airflow/dags/02_minio_to_duckdb.py
[2025-11-30T12:15:13.779+0000] {logging_mixin.py:188} INFO - [2025-11-30T12:15:13.778+0000] {dag.py:3036} INFO - Sync 1 DAGs
[2025-11-30T12:15:13.811+0000] {logging_mixin.py:188} INFO - [2025-11-30T12:15:13.810+0000] {dag.py:3823} INFO - Setting next_dagrun for minio_to_duckdb_pipeline to None, run_after=None
[2025-11-30T12:15:13.852+0000] {processor.py:183} INFO - Processing /opt/airflow/dags/02_minio_to_duckdb.py took 0.719 seconds
[2025-11-30T12:15:44.248+0000] {processor.py:161} INFO - Started process (PID=2349) to work on /opt/airflow/dags/02_minio_to_duckdb.py
[2025-11-30T12:15:44.250+0000] {processor.py:830} INFO - Processing file /opt/airflow/dags/02_minio_to_duckdb.py for tasks to queue
[2025-11-30T12:15:44.254+0000] {logging_mixin.py:188} INFO - [2025-11-30T12:15:44.252+0000] {dagbag.py:538} INFO - Filling up the DagBag from /opt/airflow/dags/02_minio_to_duckdb.py
[2025-11-30T12:15:44.906+0000] {processor.py:840} INFO - DAG(s) 'minio_to_duckdb_pipeline' retrieved from /opt/airflow/dags/02_minio_to_duckdb.py
[2025-11-30T12:15:45.128+0000] {logging_mixin.py:188} INFO - [2025-11-30T12:15:45.124+0000] {dag.py:3036} INFO - Sync 1 DAGs
[2025-11-30T12:15:45.194+0000] {logging_mixin.py:188} INFO - [2025-11-30T12:15:45.193+0000] {dag.py:3823} INFO - Setting next_dagrun for minio_to_duckdb_pipeline to None, run_after=None
[2025-11-30T12:15:45.289+0000] {processor.py:183} INFO - Processing /opt/airflow/dags/02_minio_to_duckdb.py took 1.053 seconds
[2025-11-30T12:16:15.407+0000] {processor.py:161} INFO - Started process (PID=2414) to work on /opt/airflow/dags/02_minio_to_duckdb.py
[2025-11-30T12:16:15.411+0000] {processor.py:830} INFO - Processing file /opt/airflow/dags/02_minio_to_duckdb.py for tasks to queue
[2025-11-30T12:16:15.414+0000] {logging_mixin.py:188} INFO - [2025-11-30T12:16:15.412+0000] {dagbag.py:538} INFO - Filling up the DagBag from /opt/airflow/dags/02_minio_to_duckdb.py
[2025-11-30T12:16:15.861+0000] {processor.py:840} INFO - DAG(s) 'minio_to_duckdb_pipeline' retrieved from /opt/airflow/dags/02_minio_to_duckdb.py
[2025-11-30T12:16:16.002+0000] {logging_mixin.py:188} INFO - [2025-11-30T12:16:16.001+0000] {dag.py:3036} INFO - Sync 1 DAGs
[2025-11-30T12:16:16.081+0000] {logging_mixin.py:188} INFO - [2025-11-30T12:16:16.080+0000] {dag.py:3823} INFO - Setting next_dagrun for minio_to_duckdb_pipeline to None, run_after=None
[2025-11-30T12:16:16.177+0000] {processor.py:183} INFO - Processing /opt/airflow/dags/02_minio_to_duckdb.py took 0.784 seconds
[2025-11-30T12:16:46.489+0000] {processor.py:161} INFO - Started process (PID=2479) to work on /opt/airflow/dags/02_minio_to_duckdb.py
[2025-11-30T12:16:46.491+0000] {processor.py:830} INFO - Processing file /opt/airflow/dags/02_minio_to_duckdb.py for tasks to queue
[2025-11-30T12:16:46.493+0000] {logging_mixin.py:188} INFO - [2025-11-30T12:16:46.492+0000] {dagbag.py:538} INFO - Filling up the DagBag from /opt/airflow/dags/02_minio_to_duckdb.py
[2025-11-30T12:16:46.886+0000] {processor.py:840} INFO - DAG(s) 'minio_to_duckdb_pipeline' retrieved from /opt/airflow/dags/02_minio_to_duckdb.py
[2025-11-30T12:16:46.983+0000] {logging_mixin.py:188} INFO - [2025-11-30T12:16:46.982+0000] {dag.py:3036} INFO - Sync 1 DAGs
[2025-11-30T12:16:47.011+0000] {logging_mixin.py:188} INFO - [2025-11-30T12:16:47.010+0000] {dag.py:3823} INFO - Setting next_dagrun for minio_to_duckdb_pipeline to None, run_after=None
[2025-11-30T12:16:47.064+0000] {processor.py:183} INFO - Processing /opt/airflow/dags/02_minio_to_duckdb.py took 0.583 seconds
[2025-11-30T12:17:18.059+0000] {processor.py:161} INFO - Started process (PID=2525) to work on /opt/airflow/dags/02_minio_to_duckdb.py
[2025-11-30T12:17:18.063+0000] {processor.py:830} INFO - Processing file /opt/airflow/dags/02_minio_to_duckdb.py for tasks to queue
[2025-11-30T12:17:18.070+0000] {logging_mixin.py:188} INFO - [2025-11-30T12:17:18.066+0000] {dagbag.py:538} INFO - Filling up the DagBag from /opt/airflow/dags/02_minio_to_duckdb.py
[2025-11-30T12:17:18.907+0000] {processor.py:840} INFO - DAG(s) 'minio_to_duckdb_pipeline' retrieved from /opt/airflow/dags/02_minio_to_duckdb.py
[2025-11-30T12:17:19.098+0000] {logging_mixin.py:188} INFO - [2025-11-30T12:17:19.097+0000] {dag.py:3036} INFO - Sync 1 DAGs
[2025-11-30T12:17:19.138+0000] {logging_mixin.py:188} INFO - [2025-11-30T12:17:19.137+0000] {dag.py:3823} INFO - Setting next_dagrun for minio_to_duckdb_pipeline to None, run_after=None
[2025-11-30T12:17:19.318+0000] {processor.py:183} INFO - Processing /opt/airflow/dags/02_minio_to_duckdb.py took 1.280 seconds
[2025-11-30T12:17:49.569+0000] {processor.py:161} INFO - Started process (PID=2585) to work on /opt/airflow/dags/02_minio_to_duckdb.py
[2025-11-30T12:17:49.573+0000] {processor.py:830} INFO - Processing file /opt/airflow/dags/02_minio_to_duckdb.py for tasks to queue
[2025-11-30T12:17:49.578+0000] {logging_mixin.py:188} INFO - [2025-11-30T12:17:49.576+0000] {dagbag.py:538} INFO - Filling up the DagBag from /opt/airflow/dags/02_minio_to_duckdb.py
[2025-11-30T12:17:50.102+0000] {processor.py:840} INFO - DAG(s) 'minio_to_duckdb_pipeline' retrieved from /opt/airflow/dags/02_minio_to_duckdb.py
[2025-11-30T12:17:50.261+0000] {logging_mixin.py:188} INFO - [2025-11-30T12:17:50.259+0000] {dag.py:3036} INFO - Sync 1 DAGs
[2025-11-30T12:17:50.315+0000] {logging_mixin.py:188} INFO - [2025-11-30T12:17:50.314+0000] {dag.py:3823} INFO - Setting next_dagrun for minio_to_duckdb_pipeline to None, run_after=None
[2025-11-30T12:17:50.393+0000] {processor.py:183} INFO - Processing /opt/airflow/dags/02_minio_to_duckdb.py took 0.840 seconds
[2025-11-30T12:56:21.691+0000] {processor.py:161} INFO - Started process (PID=177) to work on /opt/airflow/dags/02_minio_to_duckdb.py
[2025-11-30T12:56:21.693+0000] {processor.py:830} INFO - Processing file /opt/airflow/dags/02_minio_to_duckdb.py for tasks to queue
[2025-11-30T12:56:21.695+0000] {logging_mixin.py:188} INFO - [2025-11-30T12:56:21.694+0000] {dagbag.py:538} INFO - Filling up the DagBag from /opt/airflow/dags/02_minio_to_duckdb.py
[2025-11-30T12:56:22.121+0000] {processor.py:840} INFO - DAG(s) 'minio_to_duckdb_pipeline' retrieved from /opt/airflow/dags/02_minio_to_duckdb.py
[2025-11-30T12:56:22.228+0000] {logging_mixin.py:188} INFO - [2025-11-30T12:56:22.228+0000] {dag.py:3036} INFO - Sync 1 DAGs
[2025-11-30T12:56:22.250+0000] {logging_mixin.py:188} INFO - [2025-11-30T12:56:22.250+0000] {dag.py:3823} INFO - Setting next_dagrun for minio_to_duckdb_pipeline to None, run_after=None
[2025-11-30T12:56:22.286+0000] {processor.py:183} INFO - Processing /opt/airflow/dags/02_minio_to_duckdb.py took 0.598 seconds
[2025-11-30T12:56:52.924+0000] {processor.py:161} INFO - Started process (PID=240) to work on /opt/airflow/dags/02_minio_to_duckdb.py
[2025-11-30T12:56:52.926+0000] {processor.py:830} INFO - Processing file /opt/airflow/dags/02_minio_to_duckdb.py for tasks to queue
[2025-11-30T12:56:52.932+0000] {logging_mixin.py:188} INFO - [2025-11-30T12:56:52.931+0000] {dagbag.py:538} INFO - Filling up the DagBag from /opt/airflow/dags/02_minio_to_duckdb.py
[2025-11-30T12:56:53.091+0000] {processor.py:840} INFO - DAG(s) 'minio_to_duckdb_pipeline' retrieved from /opt/airflow/dags/02_minio_to_duckdb.py
[2025-11-30T12:56:53.114+0000] {logging_mixin.py:188} INFO - [2025-11-30T12:56:53.113+0000] {dag.py:3036} INFO - Sync 1 DAGs
[2025-11-30T12:56:53.135+0000] {logging_mixin.py:188} INFO - [2025-11-30T12:56:53.134+0000] {dag.py:3823} INFO - Setting next_dagrun for minio_to_duckdb_pipeline to None, run_after=None
[2025-11-30T12:56:53.162+0000] {processor.py:183} INFO - Processing /opt/airflow/dags/02_minio_to_duckdb.py took 0.244 seconds
[2025-11-30T12:57:23.633+0000] {processor.py:161} INFO - Started process (PID=305) to work on /opt/airflow/dags/02_minio_to_duckdb.py
[2025-11-30T12:57:23.635+0000] {processor.py:830} INFO - Processing file /opt/airflow/dags/02_minio_to_duckdb.py for tasks to queue
[2025-11-30T12:57:23.637+0000] {logging_mixin.py:188} INFO - [2025-11-30T12:57:23.636+0000] {dagbag.py:538} INFO - Filling up the DagBag from /opt/airflow/dags/02_minio_to_duckdb.py
[2025-11-30T12:57:23.886+0000] {processor.py:840} INFO - DAG(s) 'minio_to_duckdb_pipeline' retrieved from /opt/airflow/dags/02_minio_to_duckdb.py
[2025-11-30T12:57:24.023+0000] {logging_mixin.py:188} INFO - [2025-11-30T12:57:24.023+0000] {dag.py:3036} INFO - Sync 1 DAGs
[2025-11-30T12:57:24.035+0000] {logging_mixin.py:188} INFO - [2025-11-30T12:57:24.034+0000] {dag.py:3823} INFO - Setting next_dagrun for minio_to_duckdb_pipeline to None, run_after=None
[2025-11-30T12:57:24.063+0000] {processor.py:183} INFO - Processing /opt/airflow/dags/02_minio_to_duckdb.py took 0.435 seconds
[2025-11-30T12:57:54.537+0000] {processor.py:161} INFO - Started process (PID=370) to work on /opt/airflow/dags/02_minio_to_duckdb.py
[2025-11-30T12:57:54.538+0000] {processor.py:830} INFO - Processing file /opt/airflow/dags/02_minio_to_duckdb.py for tasks to queue
[2025-11-30T12:57:54.539+0000] {logging_mixin.py:188} INFO - [2025-11-30T12:57:54.539+0000] {dagbag.py:538} INFO - Filling up the DagBag from /opt/airflow/dags/02_minio_to_duckdb.py
[2025-11-30T12:57:54.632+0000] {processor.py:840} INFO - DAG(s) 'minio_to_duckdb_pipeline' retrieved from /opt/airflow/dags/02_minio_to_duckdb.py
[2025-11-30T12:57:54.662+0000] {logging_mixin.py:188} INFO - [2025-11-30T12:57:54.662+0000] {dag.py:3036} INFO - Sync 1 DAGs
[2025-11-30T12:57:54.679+0000] {logging_mixin.py:188} INFO - [2025-11-30T12:57:54.679+0000] {dag.py:3823} INFO - Setting next_dagrun for minio_to_duckdb_pipeline to None, run_after=None
[2025-11-30T12:57:54.695+0000] {processor.py:183} INFO - Processing /opt/airflow/dags/02_minio_to_duckdb.py took 0.162 seconds
[2025-11-30T12:58:25.315+0000] {processor.py:161} INFO - Started process (PID=435) to work on /opt/airflow/dags/02_minio_to_duckdb.py
[2025-11-30T12:58:25.317+0000] {processor.py:830} INFO - Processing file /opt/airflow/dags/02_minio_to_duckdb.py for tasks to queue
[2025-11-30T12:58:25.319+0000] {logging_mixin.py:188} INFO - [2025-11-30T12:58:25.319+0000] {dagbag.py:538} INFO - Filling up the DagBag from /opt/airflow/dags/02_minio_to_duckdb.py
[2025-11-30T12:58:25.427+0000] {processor.py:840} INFO - DAG(s) 'minio_to_duckdb_pipeline' retrieved from /opt/airflow/dags/02_minio_to_duckdb.py
[2025-11-30T12:58:25.454+0000] {logging_mixin.py:188} INFO - [2025-11-30T12:58:25.454+0000] {dag.py:3036} INFO - Sync 1 DAGs
[2025-11-30T12:58:25.468+0000] {logging_mixin.py:188} INFO - [2025-11-30T12:58:25.468+0000] {dag.py:3823} INFO - Setting next_dagrun for minio_to_duckdb_pipeline to None, run_after=None
[2025-11-30T12:58:25.504+0000] {processor.py:183} INFO - Processing /opt/airflow/dags/02_minio_to_duckdb.py took 0.195 seconds
[2025-11-30T12:58:56.239+0000] {processor.py:161} INFO - Started process (PID=500) to work on /opt/airflow/dags/02_minio_to_duckdb.py
[2025-11-30T12:58:56.240+0000] {processor.py:830} INFO - Processing file /opt/airflow/dags/02_minio_to_duckdb.py for tasks to queue
[2025-11-30T12:58:56.242+0000] {logging_mixin.py:188} INFO - [2025-11-30T12:58:56.241+0000] {dagbag.py:538} INFO - Filling up the DagBag from /opt/airflow/dags/02_minio_to_duckdb.py
[2025-11-30T12:58:56.324+0000] {processor.py:840} INFO - DAG(s) 'minio_to_duckdb_pipeline' retrieved from /opt/airflow/dags/02_minio_to_duckdb.py
[2025-11-30T12:58:56.345+0000] {logging_mixin.py:188} INFO - [2025-11-30T12:58:56.345+0000] {dag.py:3036} INFO - Sync 1 DAGs
[2025-11-30T12:58:56.355+0000] {logging_mixin.py:188} INFO - [2025-11-30T12:58:56.354+0000] {dag.py:3823} INFO - Setting next_dagrun for minio_to_duckdb_pipeline to None, run_after=None
[2025-11-30T12:58:56.379+0000] {processor.py:183} INFO - Processing /opt/airflow/dags/02_minio_to_duckdb.py took 0.146 seconds
[2025-11-30T12:59:26.985+0000] {processor.py:161} INFO - Started process (PID=565) to work on /opt/airflow/dags/02_minio_to_duckdb.py
[2025-11-30T12:59:26.987+0000] {processor.py:830} INFO - Processing file /opt/airflow/dags/02_minio_to_duckdb.py for tasks to queue
[2025-11-30T12:59:26.988+0000] {logging_mixin.py:188} INFO - [2025-11-30T12:59:26.987+0000] {dagbag.py:538} INFO - Filling up the DagBag from /opt/airflow/dags/02_minio_to_duckdb.py
[2025-11-30T12:59:27.095+0000] {processor.py:840} INFO - DAG(s) 'minio_to_duckdb_pipeline' retrieved from /opt/airflow/dags/02_minio_to_duckdb.py
[2025-11-30T12:59:27.122+0000] {logging_mixin.py:188} INFO - [2025-11-30T12:59:27.122+0000] {dag.py:3036} INFO - Sync 1 DAGs
[2025-11-30T12:59:27.133+0000] {logging_mixin.py:188} INFO - [2025-11-30T12:59:27.133+0000] {dag.py:3823} INFO - Setting next_dagrun for minio_to_duckdb_pipeline to None, run_after=None
[2025-11-30T12:59:27.162+0000] {processor.py:183} INFO - Processing /opt/airflow/dags/02_minio_to_duckdb.py took 0.184 seconds
[2025-11-30T12:59:57.699+0000] {processor.py:161} INFO - Started process (PID=630) to work on /opt/airflow/dags/02_minio_to_duckdb.py
[2025-11-30T12:59:57.700+0000] {processor.py:830} INFO - Processing file /opt/airflow/dags/02_minio_to_duckdb.py for tasks to queue
[2025-11-30T12:59:57.701+0000] {logging_mixin.py:188} INFO - [2025-11-30T12:59:57.701+0000] {dagbag.py:538} INFO - Filling up the DagBag from /opt/airflow/dags/02_minio_to_duckdb.py
[2025-11-30T12:59:57.811+0000] {processor.py:840} INFO - DAG(s) 'minio_to_duckdb_pipeline' retrieved from /opt/airflow/dags/02_minio_to_duckdb.py
[2025-11-30T12:59:57.833+0000] {logging_mixin.py:188} INFO - [2025-11-30T12:59:57.832+0000] {dag.py:3036} INFO - Sync 1 DAGs
[2025-11-30T12:59:57.843+0000] {logging_mixin.py:188} INFO - [2025-11-30T12:59:57.842+0000] {dag.py:3823} INFO - Setting next_dagrun for minio_to_duckdb_pipeline to None, run_after=None
[2025-11-30T12:59:57.857+0000] {processor.py:183} INFO - Processing /opt/airflow/dags/02_minio_to_duckdb.py took 0.164 seconds
[2025-11-30T13:00:28.437+0000] {processor.py:161} INFO - Started process (PID=695) to work on /opt/airflow/dags/02_minio_to_duckdb.py
[2025-11-30T13:00:28.439+0000] {processor.py:830} INFO - Processing file /opt/airflow/dags/02_minio_to_duckdb.py for tasks to queue
[2025-11-30T13:00:28.440+0000] {logging_mixin.py:188} INFO - [2025-11-30T13:00:28.440+0000] {dagbag.py:538} INFO - Filling up the DagBag from /opt/airflow/dags/02_minio_to_duckdb.py
[2025-11-30T13:00:28.523+0000] {processor.py:840} INFO - DAG(s) 'minio_to_duckdb_pipeline' retrieved from /opt/airflow/dags/02_minio_to_duckdb.py
[2025-11-30T13:00:28.544+0000] {logging_mixin.py:188} INFO - [2025-11-30T13:00:28.544+0000] {dag.py:3036} INFO - Sync 1 DAGs
[2025-11-30T13:00:28.554+0000] {logging_mixin.py:188} INFO - [2025-11-30T13:00:28.553+0000] {dag.py:3823} INFO - Setting next_dagrun for minio_to_duckdb_pipeline to None, run_after=None
[2025-11-30T13:00:28.576+0000] {processor.py:183} INFO - Processing /opt/airflow/dags/02_minio_to_duckdb.py took 0.145 seconds
[2025-11-30T13:00:58.722+0000] {processor.py:161} INFO - Started process (PID=760) to work on /opt/airflow/dags/02_minio_to_duckdb.py
[2025-11-30T13:00:58.723+0000] {processor.py:830} INFO - Processing file /opt/airflow/dags/02_minio_to_duckdb.py for tasks to queue
[2025-11-30T13:00:58.725+0000] {logging_mixin.py:188} INFO - [2025-11-30T13:00:58.724+0000] {dagbag.py:538} INFO - Filling up the DagBag from /opt/airflow/dags/02_minio_to_duckdb.py
[2025-11-30T13:00:58.811+0000] {processor.py:840} INFO - DAG(s) 'minio_to_duckdb_pipeline' retrieved from /opt/airflow/dags/02_minio_to_duckdb.py
[2025-11-30T13:00:58.833+0000] {logging_mixin.py:188} INFO - [2025-11-30T13:00:58.833+0000] {dag.py:3036} INFO - Sync 1 DAGs
[2025-11-30T13:00:58.843+0000] {logging_mixin.py:188} INFO - [2025-11-30T13:00:58.842+0000] {dag.py:3823} INFO - Setting next_dagrun for minio_to_duckdb_pipeline to None, run_after=None
[2025-11-30T13:00:58.871+0000] {processor.py:183} INFO - Processing /opt/airflow/dags/02_minio_to_duckdb.py took 0.156 seconds
[2025-11-30T13:01:29.044+0000] {processor.py:161} INFO - Started process (PID=825) to work on /opt/airflow/dags/02_minio_to_duckdb.py
[2025-11-30T13:01:29.046+0000] {processor.py:830} INFO - Processing file /opt/airflow/dags/02_minio_to_duckdb.py for tasks to queue
[2025-11-30T13:01:29.048+0000] {logging_mixin.py:188} INFO - [2025-11-30T13:01:29.047+0000] {dagbag.py:538} INFO - Filling up the DagBag from /opt/airflow/dags/02_minio_to_duckdb.py
[2025-11-30T13:01:29.191+0000] {processor.py:840} INFO - DAG(s) 'minio_to_duckdb_pipeline' retrieved from /opt/airflow/dags/02_minio_to_duckdb.py
[2025-11-30T13:01:29.220+0000] {logging_mixin.py:188} INFO - [2025-11-30T13:01:29.220+0000] {dag.py:3036} INFO - Sync 1 DAGs
[2025-11-30T13:01:29.239+0000] {logging_mixin.py:188} INFO - [2025-11-30T13:01:29.238+0000] {dag.py:3823} INFO - Setting next_dagrun for minio_to_duckdb_pipeline to None, run_after=None
[2025-11-30T13:01:29.268+0000] {processor.py:183} INFO - Processing /opt/airflow/dags/02_minio_to_duckdb.py took 0.229 seconds
[2025-11-30T13:01:59.980+0000] {processor.py:161} INFO - Started process (PID=869) to work on /opt/airflow/dags/02_minio_to_duckdb.py
[2025-11-30T13:01:59.981+0000] {processor.py:830} INFO - Processing file /opt/airflow/dags/02_minio_to_duckdb.py for tasks to queue
[2025-11-30T13:01:59.983+0000] {logging_mixin.py:188} INFO - [2025-11-30T13:01:59.982+0000] {dagbag.py:538} INFO - Filling up the DagBag from /opt/airflow/dags/02_minio_to_duckdb.py
[2025-11-30T13:02:00.230+0000] {processor.py:840} INFO - DAG(s) 'minio_to_duckdb_pipeline' retrieved from /opt/airflow/dags/02_minio_to_duckdb.py
[2025-11-30T13:02:00.260+0000] {logging_mixin.py:188} INFO - [2025-11-30T13:02:00.260+0000] {dag.py:3036} INFO - Sync 1 DAGs
[2025-11-30T13:02:00.285+0000] {logging_mixin.py:188} INFO - [2025-11-30T13:02:00.285+0000] {dag.py:3823} INFO - Setting next_dagrun for minio_to_duckdb_pipeline to None, run_after=None
[2025-11-30T13:02:00.346+0000] {processor.py:183} INFO - Processing /opt/airflow/dags/02_minio_to_duckdb.py took 0.370 seconds
[2025-11-30T13:03:16.374+0000] {processor.py:161} INFO - Started process (PID=933) to work on /opt/airflow/dags/02_minio_to_duckdb.py
[2025-11-30T13:03:16.379+0000] {processor.py:830} INFO - Processing file /opt/airflow/dags/02_minio_to_duckdb.py for tasks to queue
[2025-11-30T13:03:16.381+0000] {logging_mixin.py:188} INFO - [2025-11-30T13:03:16.380+0000] {dagbag.py:538} INFO - Filling up the DagBag from /opt/airflow/dags/02_minio_to_duckdb.py
[2025-11-30T13:03:16.759+0000] {processor.py:840} INFO - DAG(s) 'minio_to_duckdb_pipeline' retrieved from /opt/airflow/dags/02_minio_to_duckdb.py
[2025-11-30T13:03:16.962+0000] {logging_mixin.py:188} INFO - [2025-11-30T13:03:16.961+0000] {dag.py:3036} INFO - Sync 1 DAGs
[2025-11-30T13:03:16.976+0000] {logging_mixin.py:188} INFO - [2025-11-30T13:03:16.975+0000] {dag.py:3823} INFO - Setting next_dagrun for minio_to_duckdb_pipeline to None, run_after=None
[2025-11-30T13:03:17.008+0000] {processor.py:183} INFO - Processing /opt/airflow/dags/02_minio_to_duckdb.py took 0.640 seconds
[2025-11-30T13:03:49.956+0000] {processor.py:161} INFO - Started process (PID=996) to work on /opt/airflow/dags/02_minio_to_duckdb.py
[2025-11-30T13:03:49.956+0000] {processor.py:830} INFO - Processing file /opt/airflow/dags/02_minio_to_duckdb.py for tasks to queue
[2025-11-30T13:03:49.957+0000] {logging_mixin.py:188} INFO - [2025-11-30T13:03:49.957+0000] {dagbag.py:538} INFO - Filling up the DagBag from /opt/airflow/dags/02_minio_to_duckdb.py
[2025-11-30T13:03:50.132+0000] {processor.py:840} INFO - DAG(s) 'minio_to_duckdb_pipeline' retrieved from /opt/airflow/dags/02_minio_to_duckdb.py
[2025-11-30T13:03:50.180+0000] {logging_mixin.py:188} INFO - [2025-11-30T13:03:50.180+0000] {dag.py:3036} INFO - Sync 1 DAGs
[2025-11-30T13:03:50.206+0000] {logging_mixin.py:188} INFO - [2025-11-30T13:03:50.205+0000] {dag.py:3823} INFO - Setting next_dagrun for minio_to_duckdb_pipeline to None, run_after=None
[2025-11-30T13:03:50.240+0000] {processor.py:183} INFO - Processing /opt/airflow/dags/02_minio_to_duckdb.py took 0.288 seconds
[2025-11-30T13:04:20.482+0000] {processor.py:161} INFO - Started process (PID=1061) to work on /opt/airflow/dags/02_minio_to_duckdb.py
[2025-11-30T13:04:20.484+0000] {processor.py:830} INFO - Processing file /opt/airflow/dags/02_minio_to_duckdb.py for tasks to queue
[2025-11-30T13:04:20.486+0000] {logging_mixin.py:188} INFO - [2025-11-30T13:04:20.485+0000] {dagbag.py:538} INFO - Filling up the DagBag from /opt/airflow/dags/02_minio_to_duckdb.py
[2025-11-30T13:04:20.596+0000] {processor.py:840} INFO - DAG(s) 'minio_to_duckdb_pipeline' retrieved from /opt/airflow/dags/02_minio_to_duckdb.py
[2025-11-30T13:04:20.636+0000] {logging_mixin.py:188} INFO - [2025-11-30T13:04:20.635+0000] {dag.py:3036} INFO - Sync 1 DAGs
[2025-11-30T13:04:20.645+0000] {logging_mixin.py:188} INFO - [2025-11-30T13:04:20.645+0000] {dag.py:3823} INFO - Setting next_dagrun for minio_to_duckdb_pipeline to None, run_after=None
[2025-11-30T13:04:20.662+0000] {processor.py:183} INFO - Processing /opt/airflow/dags/02_minio_to_duckdb.py took 0.186 seconds
[2025-11-30T13:04:50.798+0000] {processor.py:161} INFO - Started process (PID=1126) to work on /opt/airflow/dags/02_minio_to_duckdb.py
[2025-11-30T13:04:50.799+0000] {processor.py:830} INFO - Processing file /opt/airflow/dags/02_minio_to_duckdb.py for tasks to queue
[2025-11-30T13:04:50.800+0000] {logging_mixin.py:188} INFO - [2025-11-30T13:04:50.800+0000] {dagbag.py:538} INFO - Filling up the DagBag from /opt/airflow/dags/02_minio_to_duckdb.py
[2025-11-30T13:04:50.906+0000] {processor.py:840} INFO - DAG(s) 'minio_to_duckdb_pipeline' retrieved from /opt/airflow/dags/02_minio_to_duckdb.py
[2025-11-30T13:04:50.953+0000] {logging_mixin.py:188} INFO - [2025-11-30T13:04:50.953+0000] {dag.py:3036} INFO - Sync 1 DAGs
[2025-11-30T13:04:50.963+0000] {logging_mixin.py:188} INFO - [2025-11-30T13:04:50.962+0000] {dag.py:3823} INFO - Setting next_dagrun for minio_to_duckdb_pipeline to None, run_after=None
[2025-11-30T13:04:50.983+0000] {processor.py:183} INFO - Processing /opt/airflow/dags/02_minio_to_duckdb.py took 0.189 seconds
[2025-11-30T13:05:21.107+0000] {processor.py:161} INFO - Started process (PID=1191) to work on /opt/airflow/dags/02_minio_to_duckdb.py
[2025-11-30T13:05:21.108+0000] {processor.py:830} INFO - Processing file /opt/airflow/dags/02_minio_to_duckdb.py for tasks to queue
[2025-11-30T13:05:21.109+0000] {logging_mixin.py:188} INFO - [2025-11-30T13:05:21.109+0000] {dagbag.py:538} INFO - Filling up the DagBag from /opt/airflow/dags/02_minio_to_duckdb.py
[2025-11-30T13:05:21.229+0000] {processor.py:840} INFO - DAG(s) 'minio_to_duckdb_pipeline' retrieved from /opt/airflow/dags/02_minio_to_duckdb.py
[2025-11-30T13:05:21.254+0000] {logging_mixin.py:188} INFO - [2025-11-30T13:05:21.254+0000] {dag.py:3036} INFO - Sync 1 DAGs
[2025-11-30T13:05:21.264+0000] {logging_mixin.py:188} INFO - [2025-11-30T13:05:21.264+0000] {dag.py:3823} INFO - Setting next_dagrun for minio_to_duckdb_pipeline to None, run_after=None
[2025-11-30T13:05:21.280+0000] {processor.py:183} INFO - Processing /opt/airflow/dags/02_minio_to_duckdb.py took 0.176 seconds
[2025-11-30T13:05:51.426+0000] {processor.py:161} INFO - Started process (PID=1256) to work on /opt/airflow/dags/02_minio_to_duckdb.py
[2025-11-30T13:05:51.427+0000] {processor.py:830} INFO - Processing file /opt/airflow/dags/02_minio_to_duckdb.py for tasks to queue
[2025-11-30T13:05:51.429+0000] {logging_mixin.py:188} INFO - [2025-11-30T13:05:51.428+0000] {dagbag.py:538} INFO - Filling up the DagBag from /opt/airflow/dags/02_minio_to_duckdb.py
[2025-11-30T13:05:51.559+0000] {processor.py:840} INFO - DAG(s) 'minio_to_duckdb_pipeline' retrieved from /opt/airflow/dags/02_minio_to_duckdb.py
[2025-11-30T13:05:51.586+0000] {logging_mixin.py:188} INFO - [2025-11-30T13:05:51.586+0000] {dag.py:3036} INFO - Sync 1 DAGs
[2025-11-30T13:05:51.597+0000] {logging_mixin.py:188} INFO - [2025-11-30T13:05:51.596+0000] {dag.py:3823} INFO - Setting next_dagrun for minio_to_duckdb_pipeline to None, run_after=None
[2025-11-30T13:05:51.621+0000] {processor.py:183} INFO - Processing /opt/airflow/dags/02_minio_to_duckdb.py took 0.203 seconds
[2025-11-30T13:06:21.787+0000] {processor.py:161} INFO - Started process (PID=1321) to work on /opt/airflow/dags/02_minio_to_duckdb.py
[2025-11-30T13:06:21.788+0000] {processor.py:830} INFO - Processing file /opt/airflow/dags/02_minio_to_duckdb.py for tasks to queue
[2025-11-30T13:06:21.789+0000] {logging_mixin.py:188} INFO - [2025-11-30T13:06:21.788+0000] {dagbag.py:538} INFO - Filling up the DagBag from /opt/airflow/dags/02_minio_to_duckdb.py
[2025-11-30T13:06:21.885+0000] {processor.py:840} INFO - DAG(s) 'minio_to_duckdb_pipeline' retrieved from /opt/airflow/dags/02_minio_to_duckdb.py
[2025-11-30T13:06:21.912+0000] {logging_mixin.py:188} INFO - [2025-11-30T13:06:21.911+0000] {dag.py:3036} INFO - Sync 1 DAGs
[2025-11-30T13:06:21.924+0000] {logging_mixin.py:188} INFO - [2025-11-30T13:06:21.924+0000] {dag.py:3823} INFO - Setting next_dagrun for minio_to_duckdb_pipeline to None, run_after=None
[2025-11-30T13:06:21.955+0000] {processor.py:183} INFO - Processing /opt/airflow/dags/02_minio_to_duckdb.py took 0.172 seconds
[2025-11-30T13:06:52.037+0000] {processor.py:161} INFO - Started process (PID=1386) to work on /opt/airflow/dags/02_minio_to_duckdb.py
[2025-11-30T13:06:52.038+0000] {processor.py:830} INFO - Processing file /opt/airflow/dags/02_minio_to_duckdb.py for tasks to queue
[2025-11-30T13:06:52.040+0000] {logging_mixin.py:188} INFO - [2025-11-30T13:06:52.039+0000] {dagbag.py:538} INFO - Filling up the DagBag from /opt/airflow/dags/02_minio_to_duckdb.py
[2025-11-30T13:06:52.134+0000] {processor.py:840} INFO - DAG(s) 'minio_to_duckdb_pipeline' retrieved from /opt/airflow/dags/02_minio_to_duckdb.py
[2025-11-30T13:06:52.156+0000] {logging_mixin.py:188} INFO - [2025-11-30T13:06:52.156+0000] {dag.py:3036} INFO - Sync 1 DAGs
[2025-11-30T13:06:52.165+0000] {logging_mixin.py:188} INFO - [2025-11-30T13:06:52.165+0000] {dag.py:3823} INFO - Setting next_dagrun for minio_to_duckdb_pipeline to None, run_after=None
[2025-11-30T13:06:52.181+0000] {processor.py:183} INFO - Processing /opt/airflow/dags/02_minio_to_duckdb.py took 0.150 seconds
[2025-11-30T13:07:22.819+0000] {processor.py:161} INFO - Started process (PID=1451) to work on /opt/airflow/dags/02_minio_to_duckdb.py
[2025-11-30T13:07:22.820+0000] {processor.py:830} INFO - Processing file /opt/airflow/dags/02_minio_to_duckdb.py for tasks to queue
[2025-11-30T13:07:22.821+0000] {logging_mixin.py:188} INFO - [2025-11-30T13:07:22.821+0000] {dagbag.py:538} INFO - Filling up the DagBag from /opt/airflow/dags/02_minio_to_duckdb.py
[2025-11-30T13:07:22.978+0000] {processor.py:840} INFO - DAG(s) 'minio_to_duckdb_pipeline' retrieved from /opt/airflow/dags/02_minio_to_duckdb.py
[2025-11-30T13:07:23.003+0000] {logging_mixin.py:188} INFO - [2025-11-30T13:07:23.003+0000] {dag.py:3036} INFO - Sync 1 DAGs
[2025-11-30T13:07:23.014+0000] {logging_mixin.py:188} INFO - [2025-11-30T13:07:23.013+0000] {dag.py:3823} INFO - Setting next_dagrun for minio_to_duckdb_pipeline to None, run_after=None
[2025-11-30T13:07:23.031+0000] {processor.py:183} INFO - Processing /opt/airflow/dags/02_minio_to_duckdb.py took 0.217 seconds
[2025-11-30T13:07:53.659+0000] {processor.py:161} INFO - Started process (PID=1516) to work on /opt/airflow/dags/02_minio_to_duckdb.py
[2025-11-30T13:07:53.660+0000] {processor.py:830} INFO - Processing file /opt/airflow/dags/02_minio_to_duckdb.py for tasks to queue
[2025-11-30T13:07:53.662+0000] {logging_mixin.py:188} INFO - [2025-11-30T13:07:53.662+0000] {dagbag.py:538} INFO - Filling up the DagBag from /opt/airflow/dags/02_minio_to_duckdb.py
[2025-11-30T13:07:53.773+0000] {processor.py:840} INFO - DAG(s) 'minio_to_duckdb_pipeline' retrieved from /opt/airflow/dags/02_minio_to_duckdb.py
[2025-11-30T13:07:53.833+0000] {logging_mixin.py:188} INFO - [2025-11-30T13:07:53.833+0000] {dag.py:3036} INFO - Sync 1 DAGs
[2025-11-30T13:07:53.855+0000] {logging_mixin.py:188} INFO - [2025-11-30T13:07:53.854+0000] {dag.py:3823} INFO - Setting next_dagrun for minio_to_duckdb_pipeline to None, run_after=None
[2025-11-30T13:07:53.885+0000] {processor.py:183} INFO - Processing /opt/airflow/dags/02_minio_to_duckdb.py took 0.232 seconds
[2025-11-30T13:08:24.131+0000] {processor.py:161} INFO - Started process (PID=1581) to work on /opt/airflow/dags/02_minio_to_duckdb.py
[2025-11-30T13:08:24.133+0000] {processor.py:830} INFO - Processing file /opt/airflow/dags/02_minio_to_duckdb.py for tasks to queue
[2025-11-30T13:08:24.134+0000] {logging_mixin.py:188} INFO - [2025-11-30T13:08:24.133+0000] {dagbag.py:538} INFO - Filling up the DagBag from /opt/airflow/dags/02_minio_to_duckdb.py
[2025-11-30T13:08:24.253+0000] {processor.py:840} INFO - DAG(s) 'minio_to_duckdb_pipeline' retrieved from /opt/airflow/dags/02_minio_to_duckdb.py
[2025-11-30T13:08:24.278+0000] {logging_mixin.py:188} INFO - [2025-11-30T13:08:24.277+0000] {dag.py:3036} INFO - Sync 1 DAGs
[2025-11-30T13:08:24.288+0000] {logging_mixin.py:188} INFO - [2025-11-30T13:08:24.288+0000] {dag.py:3823} INFO - Setting next_dagrun for minio_to_duckdb_pipeline to None, run_after=None
[2025-11-30T13:08:24.313+0000] {processor.py:183} INFO - Processing /opt/airflow/dags/02_minio_to_duckdb.py took 0.187 seconds
[2025-11-30T13:08:54.965+0000] {processor.py:161} INFO - Started process (PID=1646) to work on /opt/airflow/dags/02_minio_to_duckdb.py
[2025-11-30T13:08:54.966+0000] {processor.py:830} INFO - Processing file /opt/airflow/dags/02_minio_to_duckdb.py for tasks to queue
[2025-11-30T13:08:54.968+0000] {logging_mixin.py:188} INFO - [2025-11-30T13:08:54.967+0000] {dagbag.py:538} INFO - Filling up the DagBag from /opt/airflow/dags/02_minio_to_duckdb.py
[2025-11-30T13:08:55.095+0000] {processor.py:840} INFO - DAG(s) 'minio_to_duckdb_pipeline' retrieved from /opt/airflow/dags/02_minio_to_duckdb.py
[2025-11-30T13:08:55.134+0000] {logging_mixin.py:188} INFO - [2025-11-30T13:08:55.134+0000] {dag.py:3036} INFO - Sync 1 DAGs
[2025-11-30T13:08:55.175+0000] {logging_mixin.py:188} INFO - [2025-11-30T13:08:55.174+0000] {dag.py:3823} INFO - Setting next_dagrun for minio_to_duckdb_pipeline to None, run_after=None
[2025-11-30T13:08:55.216+0000] {processor.py:183} INFO - Processing /opt/airflow/dags/02_minio_to_duckdb.py took 0.256 seconds
[2025-11-30T13:09:25.486+0000] {processor.py:161} INFO - Started process (PID=1708) to work on /opt/airflow/dags/02_minio_to_duckdb.py
[2025-11-30T13:09:25.487+0000] {processor.py:830} INFO - Processing file /opt/airflow/dags/02_minio_to_duckdb.py for tasks to queue
[2025-11-30T13:09:25.488+0000] {logging_mixin.py:188} INFO - [2025-11-30T13:09:25.488+0000] {dagbag.py:538} INFO - Filling up the DagBag from /opt/airflow/dags/02_minio_to_duckdb.py
[2025-11-30T13:09:25.589+0000] {processor.py:840} INFO - DAG(s) 'minio_to_duckdb_pipeline' retrieved from /opt/airflow/dags/02_minio_to_duckdb.py
[2025-11-30T13:09:25.624+0000] {logging_mixin.py:188} INFO - [2025-11-30T13:09:25.624+0000] {dag.py:3036} INFO - Sync 1 DAGs
[2025-11-30T13:09:25.634+0000] {logging_mixin.py:188} INFO - [2025-11-30T13:09:25.634+0000] {dag.py:3823} INFO - Setting next_dagrun for minio_to_duckdb_pipeline to None, run_after=None
[2025-11-30T13:09:25.661+0000] {processor.py:183} INFO - Processing /opt/airflow/dags/02_minio_to_duckdb.py took 0.180 seconds
[2025-11-30T13:09:55.900+0000] {processor.py:161} INFO - Started process (PID=1752) to work on /opt/airflow/dags/02_minio_to_duckdb.py
[2025-11-30T13:09:55.901+0000] {processor.py:830} INFO - Processing file /opt/airflow/dags/02_minio_to_duckdb.py for tasks to queue
[2025-11-30T13:09:55.901+0000] {logging_mixin.py:188} INFO - [2025-11-30T13:09:55.901+0000] {dagbag.py:538} INFO - Filling up the DagBag from /opt/airflow/dags/02_minio_to_duckdb.py
[2025-11-30T13:09:56.036+0000] {processor.py:840} INFO - DAG(s) 'minio_to_duckdb_pipeline' retrieved from /opt/airflow/dags/02_minio_to_duckdb.py
[2025-11-30T13:09:56.076+0000] {logging_mixin.py:188} INFO - [2025-11-30T13:09:56.076+0000] {dag.py:3036} INFO - Sync 1 DAGs
[2025-11-30T13:09:56.086+0000] {logging_mixin.py:188} INFO - [2025-11-30T13:09:56.086+0000] {dag.py:3823} INFO - Setting next_dagrun for minio_to_duckdb_pipeline to None, run_after=None
[2025-11-30T13:09:56.112+0000] {processor.py:183} INFO - Processing /opt/airflow/dags/02_minio_to_duckdb.py took 0.215 seconds
[2025-11-30T13:10:26.370+0000] {processor.py:161} INFO - Started process (PID=1817) to work on /opt/airflow/dags/02_minio_to_duckdb.py
[2025-11-30T13:10:26.371+0000] {processor.py:830} INFO - Processing file /opt/airflow/dags/02_minio_to_duckdb.py for tasks to queue
[2025-11-30T13:10:26.372+0000] {logging_mixin.py:188} INFO - [2025-11-30T13:10:26.372+0000] {dagbag.py:538} INFO - Filling up the DagBag from /opt/airflow/dags/02_minio_to_duckdb.py
[2025-11-30T13:10:26.489+0000] {processor.py:840} INFO - DAG(s) 'minio_to_duckdb_pipeline' retrieved from /opt/airflow/dags/02_minio_to_duckdb.py
[2025-11-30T13:10:26.519+0000] {logging_mixin.py:188} INFO - [2025-11-30T13:10:26.519+0000] {dag.py:3036} INFO - Sync 1 DAGs
[2025-11-30T13:10:26.529+0000] {logging_mixin.py:188} INFO - [2025-11-30T13:10:26.529+0000] {dag.py:3823} INFO - Setting next_dagrun for minio_to_duckdb_pipeline to None, run_after=None
[2025-11-30T13:10:26.545+0000] {processor.py:183} INFO - Processing /opt/airflow/dags/02_minio_to_duckdb.py took 0.181 seconds
[2025-11-30T13:10:57.357+0000] {processor.py:161} INFO - Started process (PID=1882) to work on /opt/airflow/dags/02_minio_to_duckdb.py
[2025-11-30T13:10:57.358+0000] {processor.py:830} INFO - Processing file /opt/airflow/dags/02_minio_to_duckdb.py for tasks to queue
[2025-11-30T13:10:57.359+0000] {logging_mixin.py:188} INFO - [2025-11-30T13:10:57.359+0000] {dagbag.py:538} INFO - Filling up the DagBag from /opt/airflow/dags/02_minio_to_duckdb.py
[2025-11-30T13:10:57.534+0000] {processor.py:840} INFO - DAG(s) 'minio_to_duckdb_pipeline' retrieved from /opt/airflow/dags/02_minio_to_duckdb.py
[2025-11-30T13:10:57.564+0000] {logging_mixin.py:188} INFO - [2025-11-30T13:10:57.563+0000] {dag.py:3036} INFO - Sync 1 DAGs
[2025-11-30T13:10:57.573+0000] {logging_mixin.py:188} INFO - [2025-11-30T13:10:57.573+0000] {dag.py:3823} INFO - Setting next_dagrun for minio_to_duckdb_pipeline to None, run_after=None
[2025-11-30T13:10:57.596+0000] {processor.py:183} INFO - Processing /opt/airflow/dags/02_minio_to_duckdb.py took 0.244 seconds
[2025-11-30T13:11:27.851+0000] {processor.py:161} INFO - Started process (PID=1947) to work on /opt/airflow/dags/02_minio_to_duckdb.py
[2025-11-30T13:11:27.853+0000] {processor.py:830} INFO - Processing file /opt/airflow/dags/02_minio_to_duckdb.py for tasks to queue
[2025-11-30T13:11:27.855+0000] {logging_mixin.py:188} INFO - [2025-11-30T13:11:27.854+0000] {dagbag.py:538} INFO - Filling up the DagBag from /opt/airflow/dags/02_minio_to_duckdb.py
[2025-11-30T13:11:27.983+0000] {processor.py:840} INFO - DAG(s) 'minio_to_duckdb_pipeline' retrieved from /opt/airflow/dags/02_minio_to_duckdb.py
[2025-11-30T13:11:28.014+0000] {logging_mixin.py:188} INFO - [2025-11-30T13:11:28.013+0000] {dag.py:3036} INFO - Sync 1 DAGs
[2025-11-30T13:11:28.033+0000] {logging_mixin.py:188} INFO - [2025-11-30T13:11:28.033+0000] {dag.py:3823} INFO - Setting next_dagrun for minio_to_duckdb_pipeline to None, run_after=None
[2025-11-30T13:11:28.071+0000] {processor.py:183} INFO - Processing /opt/airflow/dags/02_minio_to_duckdb.py took 0.225 seconds
[2025-11-30T13:11:58.277+0000] {processor.py:161} INFO - Started process (PID=2012) to work on /opt/airflow/dags/02_minio_to_duckdb.py
[2025-11-30T13:11:58.278+0000] {processor.py:830} INFO - Processing file /opt/airflow/dags/02_minio_to_duckdb.py for tasks to queue
[2025-11-30T13:11:58.280+0000] {logging_mixin.py:188} INFO - [2025-11-30T13:11:58.279+0000] {dagbag.py:538} INFO - Filling up the DagBag from /opt/airflow/dags/02_minio_to_duckdb.py
[2025-11-30T13:11:58.410+0000] {processor.py:840} INFO - DAG(s) 'minio_to_duckdb_pipeline' retrieved from /opt/airflow/dags/02_minio_to_duckdb.py
[2025-11-30T13:11:58.476+0000] {logging_mixin.py:188} INFO - [2025-11-30T13:11:58.476+0000] {dag.py:3036} INFO - Sync 1 DAGs
[2025-11-30T13:11:58.486+0000] {logging_mixin.py:188} INFO - [2025-11-30T13:11:58.486+0000] {dag.py:3823} INFO - Setting next_dagrun for minio_to_duckdb_pipeline to None, run_after=None
[2025-11-30T13:11:58.500+0000] {processor.py:183} INFO - Processing /opt/airflow/dags/02_minio_to_duckdb.py took 0.229 seconds
[2025-11-30T13:12:28.580+0000] {processor.py:161} INFO - Started process (PID=2077) to work on /opt/airflow/dags/02_minio_to_duckdb.py
[2025-11-30T13:12:28.582+0000] {processor.py:830} INFO - Processing file /opt/airflow/dags/02_minio_to_duckdb.py for tasks to queue
[2025-11-30T13:12:28.584+0000] {logging_mixin.py:188} INFO - [2025-11-30T13:12:28.583+0000] {dagbag.py:538} INFO - Filling up the DagBag from /opt/airflow/dags/02_minio_to_duckdb.py
[2025-11-30T13:12:28.705+0000] {processor.py:840} INFO - DAG(s) 'minio_to_duckdb_pipeline' retrieved from /opt/airflow/dags/02_minio_to_duckdb.py
[2025-11-30T13:12:28.731+0000] {logging_mixin.py:188} INFO - [2025-11-30T13:12:28.731+0000] {dag.py:3036} INFO - Sync 1 DAGs
[2025-11-30T13:12:28.741+0000] {logging_mixin.py:188} INFO - [2025-11-30T13:12:28.741+0000] {dag.py:3823} INFO - Setting next_dagrun for minio_to_duckdb_pipeline to None, run_after=None
[2025-11-30T13:12:28.765+0000] {processor.py:183} INFO - Processing /opt/airflow/dags/02_minio_to_duckdb.py took 0.193 seconds
[2025-11-30T13:12:59.005+0000] {processor.py:161} INFO - Started process (PID=2142) to work on /opt/airflow/dags/02_minio_to_duckdb.py
[2025-11-30T13:12:59.007+0000] {processor.py:830} INFO - Processing file /opt/airflow/dags/02_minio_to_duckdb.py for tasks to queue
[2025-11-30T13:12:59.008+0000] {logging_mixin.py:188} INFO - [2025-11-30T13:12:59.008+0000] {dagbag.py:538} INFO - Filling up the DagBag from /opt/airflow/dags/02_minio_to_duckdb.py
[2025-11-30T13:12:59.132+0000] {processor.py:840} INFO - DAG(s) 'minio_to_duckdb_pipeline' retrieved from /opt/airflow/dags/02_minio_to_duckdb.py
[2025-11-30T13:12:59.159+0000] {logging_mixin.py:188} INFO - [2025-11-30T13:12:59.158+0000] {dag.py:3036} INFO - Sync 1 DAGs
[2025-11-30T13:12:59.168+0000] {logging_mixin.py:188} INFO - [2025-11-30T13:12:59.168+0000] {dag.py:3823} INFO - Setting next_dagrun for minio_to_duckdb_pipeline to None, run_after=None
[2025-11-30T13:12:59.182+0000] {processor.py:183} INFO - Processing /opt/airflow/dags/02_minio_to_duckdb.py took 0.183 seconds
[2025-11-30T13:13:29.295+0000] {processor.py:161} INFO - Started process (PID=2207) to work on /opt/airflow/dags/02_minio_to_duckdb.py
[2025-11-30T13:13:29.297+0000] {processor.py:830} INFO - Processing file /opt/airflow/dags/02_minio_to_duckdb.py for tasks to queue
[2025-11-30T13:13:29.298+0000] {logging_mixin.py:188} INFO - [2025-11-30T13:13:29.298+0000] {dagbag.py:538} INFO - Filling up the DagBag from /opt/airflow/dags/02_minio_to_duckdb.py
[2025-11-30T13:13:29.450+0000] {processor.py:840} INFO - DAG(s) 'minio_to_duckdb_pipeline' retrieved from /opt/airflow/dags/02_minio_to_duckdb.py
[2025-11-30T13:13:29.477+0000] {logging_mixin.py:188} INFO - [2025-11-30T13:13:29.476+0000] {dag.py:3036} INFO - Sync 1 DAGs
[2025-11-30T13:13:29.486+0000] {logging_mixin.py:188} INFO - [2025-11-30T13:13:29.486+0000] {dag.py:3823} INFO - Setting next_dagrun for minio_to_duckdb_pipeline to None, run_after=None
[2025-11-30T13:13:29.500+0000] {processor.py:183} INFO - Processing /opt/airflow/dags/02_minio_to_duckdb.py took 0.211 seconds
[2025-11-30T13:13:59.579+0000] {processor.py:161} INFO - Started process (PID=2272) to work on /opt/airflow/dags/02_minio_to_duckdb.py
[2025-11-30T13:13:59.580+0000] {processor.py:830} INFO - Processing file /opt/airflow/dags/02_minio_to_duckdb.py for tasks to queue
[2025-11-30T13:13:59.582+0000] {logging_mixin.py:188} INFO - [2025-11-30T13:13:59.581+0000] {dagbag.py:538} INFO - Filling up the DagBag from /opt/airflow/dags/02_minio_to_duckdb.py
[2025-11-30T13:13:59.760+0000] {processor.py:840} INFO - DAG(s) 'minio_to_duckdb_pipeline' retrieved from /opt/airflow/dags/02_minio_to_duckdb.py
[2025-11-30T13:13:59.798+0000] {logging_mixin.py:188} INFO - [2025-11-30T13:13:59.798+0000] {dag.py:3036} INFO - Sync 1 DAGs
[2025-11-30T13:13:59.810+0000] {logging_mixin.py:188} INFO - [2025-11-30T13:13:59.809+0000] {dag.py:3823} INFO - Setting next_dagrun for minio_to_duckdb_pipeline to None, run_after=None
[2025-11-30T13:13:59.829+0000] {processor.py:183} INFO - Processing /opt/airflow/dags/02_minio_to_duckdb.py took 0.256 seconds
[2025-11-30T13:14:30.046+0000] {processor.py:161} INFO - Started process (PID=2337) to work on /opt/airflow/dags/02_minio_to_duckdb.py
[2025-11-30T13:14:30.048+0000] {processor.py:830} INFO - Processing file /opt/airflow/dags/02_minio_to_duckdb.py for tasks to queue
[2025-11-30T13:14:30.049+0000] {logging_mixin.py:188} INFO - [2025-11-30T13:14:30.048+0000] {dagbag.py:538} INFO - Filling up the DagBag from /opt/airflow/dags/02_minio_to_duckdb.py
[2025-11-30T13:14:30.167+0000] {processor.py:840} INFO - DAG(s) 'minio_to_duckdb_pipeline' retrieved from /opt/airflow/dags/02_minio_to_duckdb.py
[2025-11-30T13:14:30.193+0000] {logging_mixin.py:188} INFO - [2025-11-30T13:14:30.193+0000] {dag.py:3036} INFO - Sync 1 DAGs
[2025-11-30T13:14:30.204+0000] {logging_mixin.py:188} INFO - [2025-11-30T13:14:30.203+0000] {dag.py:3823} INFO - Setting next_dagrun for minio_to_duckdb_pipeline to None, run_after=None
[2025-11-30T13:14:30.231+0000] {processor.py:183} INFO - Processing /opt/airflow/dags/02_minio_to_duckdb.py took 0.190 seconds
[2025-11-30T13:28:42.532+0000] {processor.py:161} INFO - Started process (PID=178) to work on /opt/airflow/dags/02_minio_to_duckdb.py
[2025-11-30T13:28:42.533+0000] {processor.py:830} INFO - Processing file /opt/airflow/dags/02_minio_to_duckdb.py for tasks to queue
[2025-11-30T13:28:42.535+0000] {logging_mixin.py:188} INFO - [2025-11-30T13:28:42.534+0000] {dagbag.py:538} INFO - Filling up the DagBag from /opt/airflow/dags/02_minio_to_duckdb.py
[2025-11-30T13:28:43.052+0000] {processor.py:840} INFO - DAG(s) 'minio_to_duckdb_pipeline' retrieved from /opt/airflow/dags/02_minio_to_duckdb.py
[2025-11-30T13:28:43.121+0000] {logging_mixin.py:188} INFO - [2025-11-30T13:28:43.120+0000] {dag.py:3036} INFO - Sync 1 DAGs
[2025-11-30T13:28:43.147+0000] {logging_mixin.py:188} INFO - [2025-11-30T13:28:43.146+0000] {dag.py:3823} INFO - Setting next_dagrun for minio_to_duckdb_pipeline to None, run_after=None
[2025-11-30T13:28:43.179+0000] {processor.py:183} INFO - Processing /opt/airflow/dags/02_minio_to_duckdb.py took 0.652 seconds
[2025-11-30T13:29:13.644+0000] {processor.py:161} INFO - Started process (PID=240) to work on /opt/airflow/dags/02_minio_to_duckdb.py
[2025-11-30T13:29:13.645+0000] {processor.py:830} INFO - Processing file /opt/airflow/dags/02_minio_to_duckdb.py for tasks to queue
[2025-11-30T13:29:13.646+0000] {logging_mixin.py:188} INFO - [2025-11-30T13:29:13.646+0000] {dagbag.py:538} INFO - Filling up the DagBag from /opt/airflow/dags/02_minio_to_duckdb.py
[2025-11-30T13:29:13.797+0000] {processor.py:840} INFO - DAG(s) 'minio_to_duckdb_pipeline' retrieved from /opt/airflow/dags/02_minio_to_duckdb.py
[2025-11-30T13:29:13.826+0000] {logging_mixin.py:188} INFO - [2025-11-30T13:29:13.825+0000] {dag.py:3036} INFO - Sync 1 DAGs
[2025-11-30T13:29:13.853+0000] {logging_mixin.py:188} INFO - [2025-11-30T13:29:13.852+0000] {dag.py:3823} INFO - Setting next_dagrun for minio_to_duckdb_pipeline to None, run_after=None
[2025-11-30T13:29:13.891+0000] {processor.py:183} INFO - Processing /opt/airflow/dags/02_minio_to_duckdb.py took 0.254 seconds
[2025-11-30T13:29:44.392+0000] {processor.py:161} INFO - Started process (PID=305) to work on /opt/airflow/dags/02_minio_to_duckdb.py
[2025-11-30T13:29:44.400+0000] {processor.py:830} INFO - Processing file /opt/airflow/dags/02_minio_to_duckdb.py for tasks to queue
[2025-11-30T13:29:44.403+0000] {logging_mixin.py:188} INFO - [2025-11-30T13:29:44.401+0000] {dagbag.py:538} INFO - Filling up the DagBag from /opt/airflow/dags/02_minio_to_duckdb.py
[2025-11-30T13:29:44.690+0000] {processor.py:840} INFO - DAG(s) 'minio_to_duckdb_pipeline' retrieved from /opt/airflow/dags/02_minio_to_duckdb.py
[2025-11-30T13:29:44.873+0000] {logging_mixin.py:188} INFO - [2025-11-30T13:29:44.872+0000] {dag.py:3036} INFO - Sync 1 DAGs
[2025-11-30T13:29:44.896+0000] {logging_mixin.py:188} INFO - [2025-11-30T13:29:44.895+0000] {dag.py:3823} INFO - Setting next_dagrun for minio_to_duckdb_pipeline to None, run_after=None
[2025-11-30T13:29:44.941+0000] {processor.py:183} INFO - Processing /opt/airflow/dags/02_minio_to_duckdb.py took 0.563 seconds
[2025-11-30T13:30:15.485+0000] {processor.py:161} INFO - Started process (PID=370) to work on /opt/airflow/dags/02_minio_to_duckdb.py
[2025-11-30T13:30:15.485+0000] {processor.py:830} INFO - Processing file /opt/airflow/dags/02_minio_to_duckdb.py for tasks to queue
[2025-11-30T13:30:15.486+0000] {logging_mixin.py:188} INFO - [2025-11-30T13:30:15.486+0000] {dagbag.py:538} INFO - Filling up the DagBag from /opt/airflow/dags/02_minio_to_duckdb.py
[2025-11-30T13:30:15.612+0000] {processor.py:840} INFO - DAG(s) 'minio_to_duckdb_pipeline' retrieved from /opt/airflow/dags/02_minio_to_duckdb.py
[2025-11-30T13:30:15.635+0000] {logging_mixin.py:188} INFO - [2025-11-30T13:30:15.635+0000] {dag.py:3036} INFO - Sync 1 DAGs
[2025-11-30T13:30:15.647+0000] {logging_mixin.py:188} INFO - [2025-11-30T13:30:15.647+0000] {dag.py:3823} INFO - Setting next_dagrun for minio_to_duckdb_pipeline to None, run_after=None
[2025-11-30T13:30:15.665+0000] {processor.py:183} INFO - Processing /opt/airflow/dags/02_minio_to_duckdb.py took 0.183 seconds
[2025-11-30T13:30:46.193+0000] {processor.py:161} INFO - Started process (PID=435) to work on /opt/airflow/dags/02_minio_to_duckdb.py
[2025-11-30T13:30:46.195+0000] {processor.py:830} INFO - Processing file /opt/airflow/dags/02_minio_to_duckdb.py for tasks to queue
[2025-11-30T13:30:46.197+0000] {logging_mixin.py:188} INFO - [2025-11-30T13:30:46.196+0000] {dagbag.py:538} INFO - Filling up the DagBag from /opt/airflow/dags/02_minio_to_duckdb.py
[2025-11-30T13:30:46.290+0000] {processor.py:840} INFO - DAG(s) 'minio_to_duckdb_pipeline' retrieved from /opt/airflow/dags/02_minio_to_duckdb.py
[2025-11-30T13:30:46.317+0000] {logging_mixin.py:188} INFO - [2025-11-30T13:30:46.317+0000] {dag.py:3036} INFO - Sync 1 DAGs
[2025-11-30T13:30:46.329+0000] {logging_mixin.py:188} INFO - [2025-11-30T13:30:46.329+0000] {dag.py:3823} INFO - Setting next_dagrun for minio_to_duckdb_pipeline to None, run_after=None
[2025-11-30T13:30:46.362+0000] {processor.py:183} INFO - Processing /opt/airflow/dags/02_minio_to_duckdb.py took 0.174 seconds
[2025-11-30T13:31:16.537+0000] {processor.py:161} INFO - Started process (PID=500) to work on /opt/airflow/dags/02_minio_to_duckdb.py
[2025-11-30T13:31:16.538+0000] {processor.py:830} INFO - Processing file /opt/airflow/dags/02_minio_to_duckdb.py for tasks to queue
[2025-11-30T13:31:16.539+0000] {logging_mixin.py:188} INFO - [2025-11-30T13:31:16.539+0000] {dagbag.py:538} INFO - Filling up the DagBag from /opt/airflow/dags/02_minio_to_duckdb.py
[2025-11-30T13:31:16.627+0000] {processor.py:840} INFO - DAG(s) 'minio_to_duckdb_pipeline' retrieved from /opt/airflow/dags/02_minio_to_duckdb.py
[2025-11-30T13:31:16.655+0000] {logging_mixin.py:188} INFO - [2025-11-30T13:31:16.655+0000] {dag.py:3036} INFO - Sync 1 DAGs
[2025-11-30T13:31:16.664+0000] {logging_mixin.py:188} INFO - [2025-11-30T13:31:16.664+0000] {dag.py:3823} INFO - Setting next_dagrun for minio_to_duckdb_pipeline to None, run_after=None
[2025-11-30T13:31:16.679+0000] {processor.py:183} INFO - Processing /opt/airflow/dags/02_minio_to_duckdb.py took 0.147 seconds
[2025-11-30T13:31:47.149+0000] {processor.py:161} INFO - Started process (PID=565) to work on /opt/airflow/dags/02_minio_to_duckdb.py
[2025-11-30T13:31:47.150+0000] {processor.py:830} INFO - Processing file /opt/airflow/dags/02_minio_to_duckdb.py for tasks to queue
[2025-11-30T13:31:47.151+0000] {logging_mixin.py:188} INFO - [2025-11-30T13:31:47.151+0000] {dagbag.py:538} INFO - Filling up the DagBag from /opt/airflow/dags/02_minio_to_duckdb.py
[2025-11-30T13:31:47.264+0000] {processor.py:840} INFO - DAG(s) 'minio_to_duckdb_pipeline' retrieved from /opt/airflow/dags/02_minio_to_duckdb.py
[2025-11-30T13:31:47.288+0000] {logging_mixin.py:188} INFO - [2025-11-30T13:31:47.288+0000] {dag.py:3036} INFO - Sync 1 DAGs
[2025-11-30T13:31:47.300+0000] {logging_mixin.py:188} INFO - [2025-11-30T13:31:47.299+0000] {dag.py:3823} INFO - Setting next_dagrun for minio_to_duckdb_pipeline to None, run_after=None
[2025-11-30T13:31:47.324+0000] {processor.py:183} INFO - Processing /opt/airflow/dags/02_minio_to_duckdb.py took 0.178 seconds
[2025-11-30T13:32:17.981+0000] {processor.py:161} INFO - Started process (PID=630) to work on /opt/airflow/dags/02_minio_to_duckdb.py
[2025-11-30T13:32:17.983+0000] {processor.py:830} INFO - Processing file /opt/airflow/dags/02_minio_to_duckdb.py for tasks to queue
[2025-11-30T13:32:17.985+0000] {logging_mixin.py:188} INFO - [2025-11-30T13:32:17.984+0000] {dagbag.py:538} INFO - Filling up the DagBag from /opt/airflow/dags/02_minio_to_duckdb.py
[2025-11-30T13:32:18.206+0000] {processor.py:840} INFO - DAG(s) 'minio_to_duckdb_pipeline' retrieved from /opt/airflow/dags/02_minio_to_duckdb.py
[2025-11-30T13:32:18.256+0000] {logging_mixin.py:188} INFO - [2025-11-30T13:32:18.255+0000] {dag.py:3036} INFO - Sync 1 DAGs
[2025-11-30T13:32:18.273+0000] {logging_mixin.py:188} INFO - [2025-11-30T13:32:18.273+0000] {dag.py:3823} INFO - Setting next_dagrun for minio_to_duckdb_pipeline to None, run_after=None
[2025-11-30T13:32:18.301+0000] {processor.py:183} INFO - Processing /opt/airflow/dags/02_minio_to_duckdb.py took 0.328 seconds
[2025-11-30T13:32:49.030+0000] {processor.py:161} INFO - Started process (PID=695) to work on /opt/airflow/dags/02_minio_to_duckdb.py
[2025-11-30T13:32:49.033+0000] {processor.py:830} INFO - Processing file /opt/airflow/dags/02_minio_to_duckdb.py for tasks to queue
[2025-11-30T13:32:49.034+0000] {logging_mixin.py:188} INFO - [2025-11-30T13:32:49.033+0000] {dagbag.py:538} INFO - Filling up the DagBag from /opt/airflow/dags/02_minio_to_duckdb.py
[2025-11-30T13:32:49.125+0000] {processor.py:840} INFO - DAG(s) 'minio_to_duckdb_pipeline' retrieved from /opt/airflow/dags/02_minio_to_duckdb.py
[2025-11-30T13:32:49.148+0000] {logging_mixin.py:188} INFO - [2025-11-30T13:32:49.148+0000] {dag.py:3036} INFO - Sync 1 DAGs
[2025-11-30T13:32:49.157+0000] {logging_mixin.py:188} INFO - [2025-11-30T13:32:49.157+0000] {dag.py:3823} INFO - Setting next_dagrun for minio_to_duckdb_pipeline to None, run_after=None
[2025-11-30T13:32:49.183+0000] {processor.py:183} INFO - Processing /opt/airflow/dags/02_minio_to_duckdb.py took 0.156 seconds
[2025-11-30T13:33:19.592+0000] {processor.py:161} INFO - Started process (PID=784) to work on /opt/airflow/dags/02_minio_to_duckdb.py
[2025-11-30T13:33:19.593+0000] {processor.py:830} INFO - Processing file /opt/airflow/dags/02_minio_to_duckdb.py for tasks to queue
[2025-11-30T13:33:19.595+0000] {logging_mixin.py:188} INFO - [2025-11-30T13:33:19.594+0000] {dagbag.py:538} INFO - Filling up the DagBag from /opt/airflow/dags/02_minio_to_duckdb.py
[2025-11-30T13:33:19.679+0000] {processor.py:840} INFO - DAG(s) 'minio_to_duckdb_pipeline' retrieved from /opt/airflow/dags/02_minio_to_duckdb.py
[2025-11-30T13:33:19.726+0000] {logging_mixin.py:188} INFO - [2025-11-30T13:33:19.726+0000] {dag.py:3036} INFO - Sync 1 DAGs
[2025-11-30T13:33:19.736+0000] {logging_mixin.py:188} INFO - [2025-11-30T13:33:19.736+0000] {dag.py:3823} INFO - Setting next_dagrun for minio_to_duckdb_pipeline to None, run_after=None
[2025-11-30T13:33:19.766+0000] {processor.py:183} INFO - Processing /opt/airflow/dags/02_minio_to_duckdb.py took 0.180 seconds
[2025-11-30T13:33:50.273+0000] {processor.py:161} INFO - Started process (PID=849) to work on /opt/airflow/dags/02_minio_to_duckdb.py
[2025-11-30T13:33:50.275+0000] {processor.py:830} INFO - Processing file /opt/airflow/dags/02_minio_to_duckdb.py for tasks to queue
[2025-11-30T13:33:50.276+0000] {logging_mixin.py:188} INFO - [2025-11-30T13:33:50.276+0000] {dagbag.py:538} INFO - Filling up the DagBag from /opt/airflow/dags/02_minio_to_duckdb.py
[2025-11-30T13:33:50.373+0000] {processor.py:840} INFO - DAG(s) 'minio_to_duckdb_pipeline' retrieved from /opt/airflow/dags/02_minio_to_duckdb.py
[2025-11-30T13:33:50.395+0000] {logging_mixin.py:188} INFO - [2025-11-30T13:33:50.395+0000] {dag.py:3036} INFO - Sync 1 DAGs
[2025-11-30T13:33:50.405+0000] {logging_mixin.py:188} INFO - [2025-11-30T13:33:50.404+0000] {dag.py:3823} INFO - Setting next_dagrun for minio_to_duckdb_pipeline to None, run_after=None
[2025-11-30T13:33:50.429+0000] {processor.py:183} INFO - Processing /opt/airflow/dags/02_minio_to_duckdb.py took 0.165 seconds
[2025-11-30T13:34:20.667+0000] {processor.py:161} INFO - Started process (PID=912) to work on /opt/airflow/dags/02_minio_to_duckdb.py
[2025-11-30T13:34:20.668+0000] {processor.py:830} INFO - Processing file /opt/airflow/dags/02_minio_to_duckdb.py for tasks to queue
[2025-11-30T13:34:20.669+0000] {logging_mixin.py:188} INFO - [2025-11-30T13:34:20.669+0000] {dagbag.py:538} INFO - Filling up the DagBag from /opt/airflow/dags/02_minio_to_duckdb.py
[2025-11-30T13:34:20.786+0000] {processor.py:840} INFO - DAG(s) 'minio_to_duckdb_pipeline' retrieved from /opt/airflow/dags/02_minio_to_duckdb.py
[2025-11-30T13:34:20.817+0000] {logging_mixin.py:188} INFO - [2025-11-30T13:34:20.817+0000] {dag.py:3036} INFO - Sync 1 DAGs
[2025-11-30T13:34:20.834+0000] {logging_mixin.py:188} INFO - [2025-11-30T13:34:20.834+0000] {dag.py:3823} INFO - Setting next_dagrun for minio_to_duckdb_pipeline to None, run_after=None
[2025-11-30T13:34:20.855+0000] {processor.py:183} INFO - Processing /opt/airflow/dags/02_minio_to_duckdb.py took 0.192 seconds
[2025-11-30T13:34:51.354+0000] {processor.py:161} INFO - Started process (PID=958) to work on /opt/airflow/dags/02_minio_to_duckdb.py
[2025-11-30T13:34:51.355+0000] {processor.py:830} INFO - Processing file /opt/airflow/dags/02_minio_to_duckdb.py for tasks to queue
[2025-11-30T13:34:51.357+0000] {logging_mixin.py:188} INFO - [2025-11-30T13:34:51.356+0000] {dagbag.py:538} INFO - Filling up the DagBag from /opt/airflow/dags/02_minio_to_duckdb.py
[2025-11-30T13:34:51.484+0000] {processor.py:840} INFO - DAG(s) 'minio_to_duckdb_pipeline' retrieved from /opt/airflow/dags/02_minio_to_duckdb.py
[2025-11-30T13:34:51.513+0000] {logging_mixin.py:188} INFO - [2025-11-30T13:34:51.512+0000] {dag.py:3036} INFO - Sync 1 DAGs
[2025-11-30T13:34:51.523+0000] {logging_mixin.py:188} INFO - [2025-11-30T13:34:51.523+0000] {dag.py:3823} INFO - Setting next_dagrun for minio_to_duckdb_pipeline to None, run_after=None
[2025-11-30T13:34:51.549+0000] {processor.py:183} INFO - Processing /opt/airflow/dags/02_minio_to_duckdb.py took 0.201 seconds
[2025-11-30T13:35:42.267+0000] {processor.py:161} INFO - Started process (PID=1020) to work on /opt/airflow/dags/02_minio_to_duckdb.py
[2025-11-30T13:35:59.902+0000] {processor.py:830} INFO - Processing file /opt/airflow/dags/02_minio_to_duckdb.py for tasks to queue
[2025-11-30T13:36:18.336+0000] {logging_mixin.py:188} INFO - [2025-11-30T13:36:18.311+0000] {dagbag.py:538} INFO - Filling up the DagBag from /opt/airflow/dags/02_minio_to_duckdb.py
[2025-11-30T13:37:02.165+0000] {processor.py:161} INFO - Started process (PID=1068) to work on /opt/airflow/dags/02_minio_to_duckdb.py
[2025-11-30T13:37:06.643+0000] {processor.py:830} INFO - Processing file /opt/airflow/dags/02_minio_to_duckdb.py for tasks to queue
[2025-11-30T13:37:06.665+0000] {logging_mixin.py:188} INFO - [2025-11-30T13:37:06.659+0000] {dagbag.py:538} INFO - Filling up the DagBag from /opt/airflow/dags/02_minio_to_duckdb.py
[2025-11-30T13:37:10.459+0000] {processor.py:840} INFO - DAG(s) 'minio_to_duckdb_pipeline' retrieved from /opt/airflow/dags/02_minio_to_duckdb.py
[2025-11-30T13:37:10.523+0000] {logging_mixin.py:188} INFO - [2025-11-30T13:37:10.521+0000] {dag.py:3036} INFO - Sync 1 DAGs
[2025-11-30T13:37:10.551+0000] {logging_mixin.py:188} INFO - [2025-11-30T13:37:10.551+0000] {dag.py:3823} INFO - Setting next_dagrun for minio_to_duckdb_pipeline to None, run_after=None
[2025-11-30T13:37:10.593+0000] {processor.py:183} INFO - Processing /opt/airflow/dags/02_minio_to_duckdb.py took 24.442 seconds
[2025-11-30T13:37:40.845+0000] {processor.py:161} INFO - Started process (PID=1133) to work on /opt/airflow/dags/02_minio_to_duckdb.py
[2025-11-30T13:37:40.846+0000] {processor.py:830} INFO - Processing file /opt/airflow/dags/02_minio_to_duckdb.py for tasks to queue
[2025-11-30T13:37:40.848+0000] {logging_mixin.py:188} INFO - [2025-11-30T13:37:40.847+0000] {dagbag.py:538} INFO - Filling up the DagBag from /opt/airflow/dags/02_minio_to_duckdb.py
[2025-11-30T13:37:41.069+0000] {processor.py:840} INFO - DAG(s) 'minio_to_duckdb_pipeline' retrieved from /opt/airflow/dags/02_minio_to_duckdb.py
[2025-11-30T13:37:41.125+0000] {logging_mixin.py:188} INFO - [2025-11-30T13:37:41.124+0000] {dag.py:3036} INFO - Sync 1 DAGs
[2025-11-30T13:37:41.140+0000] {logging_mixin.py:188} INFO - [2025-11-30T13:37:41.140+0000] {dag.py:3823} INFO - Setting next_dagrun for minio_to_duckdb_pipeline to None, run_after=None
[2025-11-30T13:37:41.172+0000] {processor.py:183} INFO - Processing /opt/airflow/dags/02_minio_to_duckdb.py took 0.333 seconds
[2025-11-30T13:38:12.162+0000] {processor.py:161} INFO - Started process (PID=1198) to work on /opt/airflow/dags/02_minio_to_duckdb.py
[2025-11-30T13:38:12.163+0000] {processor.py:830} INFO - Processing file /opt/airflow/dags/02_minio_to_duckdb.py for tasks to queue
[2025-11-30T13:38:12.164+0000] {logging_mixin.py:188} INFO - [2025-11-30T13:38:12.164+0000] {dagbag.py:538} INFO - Filling up the DagBag from /opt/airflow/dags/02_minio_to_duckdb.py
[2025-11-30T13:38:12.307+0000] {processor.py:840} INFO - DAG(s) 'minio_to_duckdb_pipeline' retrieved from /opt/airflow/dags/02_minio_to_duckdb.py
[2025-11-30T13:38:12.336+0000] {logging_mixin.py:188} INFO - [2025-11-30T13:38:12.336+0000] {dag.py:3036} INFO - Sync 1 DAGs
[2025-11-30T13:38:12.348+0000] {logging_mixin.py:188} INFO - [2025-11-30T13:38:12.348+0000] {dag.py:3823} INFO - Setting next_dagrun for minio_to_duckdb_pipeline to None, run_after=None
[2025-11-30T13:38:12.365+0000] {processor.py:183} INFO - Processing /opt/airflow/dags/02_minio_to_duckdb.py took 0.207 seconds
[2025-11-30T13:38:43.070+0000] {processor.py:161} INFO - Started process (PID=1263) to work on /opt/airflow/dags/02_minio_to_duckdb.py
[2025-11-30T13:38:43.075+0000] {processor.py:830} INFO - Processing file /opt/airflow/dags/02_minio_to_duckdb.py for tasks to queue
[2025-11-30T13:38:43.081+0000] {logging_mixin.py:188} INFO - [2025-11-30T13:38:43.078+0000] {dagbag.py:538} INFO - Filling up the DagBag from /opt/airflow/dags/02_minio_to_duckdb.py
[2025-11-30T13:38:43.280+0000] {processor.py:840} INFO - DAG(s) 'minio_to_duckdb_pipeline' retrieved from /opt/airflow/dags/02_minio_to_duckdb.py
[2025-11-30T13:38:43.323+0000] {logging_mixin.py:188} INFO - [2025-11-30T13:38:43.323+0000] {dag.py:3036} INFO - Sync 1 DAGs
[2025-11-30T13:38:43.334+0000] {logging_mixin.py:188} INFO - [2025-11-30T13:38:43.334+0000] {dag.py:3823} INFO - Setting next_dagrun for minio_to_duckdb_pipeline to None, run_after=None
[2025-11-30T13:38:43.352+0000] {processor.py:183} INFO - Processing /opt/airflow/dags/02_minio_to_duckdb.py took 0.307 seconds
[2025-11-30T13:39:13.633+0000] {processor.py:161} INFO - Started process (PID=1328) to work on /opt/airflow/dags/02_minio_to_duckdb.py
[2025-11-30T13:39:13.638+0000] {processor.py:830} INFO - Processing file /opt/airflow/dags/02_minio_to_duckdb.py for tasks to queue
[2025-11-30T13:39:13.639+0000] {logging_mixin.py:188} INFO - [2025-11-30T13:39:13.639+0000] {dagbag.py:538} INFO - Filling up the DagBag from /opt/airflow/dags/02_minio_to_duckdb.py
[2025-11-30T13:39:13.801+0000] {processor.py:840} INFO - DAG(s) 'minio_to_duckdb_pipeline' retrieved from /opt/airflow/dags/02_minio_to_duckdb.py
[2025-11-30T13:39:13.840+0000] {logging_mixin.py:188} INFO - [2025-11-30T13:39:13.839+0000] {dag.py:3036} INFO - Sync 1 DAGs
[2025-11-30T13:39:13.850+0000] {logging_mixin.py:188} INFO - [2025-11-30T13:39:13.850+0000] {dag.py:3823} INFO - Setting next_dagrun for minio_to_duckdb_pipeline to None, run_after=None
[2025-11-30T13:39:13.868+0000] {processor.py:183} INFO - Processing /opt/airflow/dags/02_minio_to_duckdb.py took 0.241 seconds
[2025-11-30T13:39:44.309+0000] {processor.py:161} INFO - Started process (PID=1393) to work on /opt/airflow/dags/02_minio_to_duckdb.py
[2025-11-30T13:39:44.314+0000] {processor.py:830} INFO - Processing file /opt/airflow/dags/02_minio_to_duckdb.py for tasks to queue
[2025-11-30T13:39:44.316+0000] {logging_mixin.py:188} INFO - [2025-11-30T13:39:44.315+0000] {dagbag.py:538} INFO - Filling up the DagBag from /opt/airflow/dags/02_minio_to_duckdb.py
[2025-11-30T13:39:44.481+0000] {processor.py:840} INFO - DAG(s) 'minio_to_duckdb_pipeline' retrieved from /opt/airflow/dags/02_minio_to_duckdb.py
[2025-11-30T13:39:44.554+0000] {logging_mixin.py:188} INFO - [2025-11-30T13:39:44.554+0000] {dag.py:3036} INFO - Sync 1 DAGs
[2025-11-30T13:39:44.566+0000] {logging_mixin.py:188} INFO - [2025-11-30T13:39:44.566+0000] {dag.py:3823} INFO - Setting next_dagrun for minio_to_duckdb_pipeline to None, run_after=None
[2025-11-30T13:39:44.643+0000] {processor.py:183} INFO - Processing /opt/airflow/dags/02_minio_to_duckdb.py took 0.341 seconds
[2025-11-30T13:40:15.355+0000] {processor.py:161} INFO - Started process (PID=1458) to work on /opt/airflow/dags/02_minio_to_duckdb.py
[2025-11-30T13:40:15.356+0000] {processor.py:830} INFO - Processing file /opt/airflow/dags/02_minio_to_duckdb.py for tasks to queue
[2025-11-30T13:40:15.357+0000] {logging_mixin.py:188} INFO - [2025-11-30T13:40:15.357+0000] {dagbag.py:538} INFO - Filling up the DagBag from /opt/airflow/dags/02_minio_to_duckdb.py
[2025-11-30T13:40:15.490+0000] {processor.py:840} INFO - DAG(s) 'minio_to_duckdb_pipeline' retrieved from /opt/airflow/dags/02_minio_to_duckdb.py
[2025-11-30T13:40:15.521+0000] {logging_mixin.py:188} INFO - [2025-11-30T13:40:15.521+0000] {dag.py:3036} INFO - Sync 1 DAGs
[2025-11-30T13:40:15.531+0000] {logging_mixin.py:188} INFO - [2025-11-30T13:40:15.531+0000] {dag.py:3823} INFO - Setting next_dagrun for minio_to_duckdb_pipeline to None, run_after=None
[2025-11-30T13:40:15.555+0000] {processor.py:183} INFO - Processing /opt/airflow/dags/02_minio_to_duckdb.py took 0.204 seconds
[2025-11-30T13:40:45.724+0000] {processor.py:161} INFO - Started process (PID=1523) to work on /opt/airflow/dags/02_minio_to_duckdb.py
[2025-11-30T13:40:45.725+0000] {processor.py:830} INFO - Processing file /opt/airflow/dags/02_minio_to_duckdb.py for tasks to queue
[2025-11-30T13:40:45.726+0000] {logging_mixin.py:188} INFO - [2025-11-30T13:40:45.725+0000] {dagbag.py:538} INFO - Filling up the DagBag from /opt/airflow/dags/02_minio_to_duckdb.py
[2025-11-30T13:40:45.863+0000] {processor.py:840} INFO - DAG(s) 'minio_to_duckdb_pipeline' retrieved from /opt/airflow/dags/02_minio_to_duckdb.py
[2025-11-30T13:40:45.894+0000] {logging_mixin.py:188} INFO - [2025-11-30T13:40:45.894+0000] {dag.py:3036} INFO - Sync 1 DAGs
[2025-11-30T13:40:45.907+0000] {logging_mixin.py:188} INFO - [2025-11-30T13:40:45.906+0000] {dag.py:3823} INFO - Setting next_dagrun for minio_to_duckdb_pipeline to None, run_after=None
[2025-11-30T13:40:45.925+0000] {processor.py:183} INFO - Processing /opt/airflow/dags/02_minio_to_duckdb.py took 0.204 seconds
[2025-11-30T13:41:16.173+0000] {processor.py:161} INFO - Started process (PID=1588) to work on /opt/airflow/dags/02_minio_to_duckdb.py
[2025-11-30T13:41:16.177+0000] {processor.py:830} INFO - Processing file /opt/airflow/dags/02_minio_to_duckdb.py for tasks to queue
[2025-11-30T13:41:16.182+0000] {logging_mixin.py:188} INFO - [2025-11-30T13:41:16.180+0000] {dagbag.py:538} INFO - Filling up the DagBag from /opt/airflow/dags/02_minio_to_duckdb.py
[2025-11-30T13:41:16.504+0000] {processor.py:840} INFO - DAG(s) 'minio_to_duckdb_pipeline' retrieved from /opt/airflow/dags/02_minio_to_duckdb.py
[2025-11-30T13:41:16.559+0000] {logging_mixin.py:188} INFO - [2025-11-30T13:41:16.558+0000] {dag.py:3036} INFO - Sync 1 DAGs
[2025-11-30T13:41:16.582+0000] {logging_mixin.py:188} INFO - [2025-11-30T13:41:16.582+0000] {dag.py:3823} INFO - Setting next_dagrun for minio_to_duckdb_pipeline to None, run_after=None
[2025-11-30T13:41:16.603+0000] {processor.py:183} INFO - Processing /opt/airflow/dags/02_minio_to_duckdb.py took 0.439 seconds
[2025-11-30T13:41:46.695+0000] {processor.py:161} INFO - Started process (PID=1653) to work on /opt/airflow/dags/02_minio_to_duckdb.py
[2025-11-30T13:41:46.696+0000] {processor.py:830} INFO - Processing file /opt/airflow/dags/02_minio_to_duckdb.py for tasks to queue
[2025-11-30T13:41:46.697+0000] {logging_mixin.py:188} INFO - [2025-11-30T13:41:46.696+0000] {dagbag.py:538} INFO - Filling up the DagBag from /opt/airflow/dags/02_minio_to_duckdb.py
[2025-11-30T13:41:46.819+0000] {processor.py:840} INFO - DAG(s) 'minio_to_duckdb_pipeline' retrieved from /opt/airflow/dags/02_minio_to_duckdb.py
[2025-11-30T13:41:46.845+0000] {logging_mixin.py:188} INFO - [2025-11-30T13:41:46.845+0000] {dag.py:3036} INFO - Sync 1 DAGs
[2025-11-30T13:41:46.856+0000] {logging_mixin.py:188} INFO - [2025-11-30T13:41:46.856+0000] {dag.py:3823} INFO - Setting next_dagrun for minio_to_duckdb_pipeline to None, run_after=None
[2025-11-30T13:41:46.875+0000] {processor.py:183} INFO - Processing /opt/airflow/dags/02_minio_to_duckdb.py took 0.185 seconds
[2025-11-30T13:42:17.107+0000] {processor.py:161} INFO - Started process (PID=1716) to work on /opt/airflow/dags/02_minio_to_duckdb.py
[2025-11-30T13:42:17.107+0000] {processor.py:830} INFO - Processing file /opt/airflow/dags/02_minio_to_duckdb.py for tasks to queue
[2025-11-30T13:42:17.109+0000] {logging_mixin.py:188} INFO - [2025-11-30T13:42:17.108+0000] {dagbag.py:538} INFO - Filling up the DagBag from /opt/airflow/dags/02_minio_to_duckdb.py
[2025-11-30T13:42:17.230+0000] {processor.py:840} INFO - DAG(s) 'minio_to_duckdb_pipeline' retrieved from /opt/airflow/dags/02_minio_to_duckdb.py
[2025-11-30T13:42:17.251+0000] {logging_mixin.py:188} INFO - [2025-11-30T13:42:17.251+0000] {dag.py:3036} INFO - Sync 1 DAGs
[2025-11-30T13:42:17.261+0000] {logging_mixin.py:188} INFO - [2025-11-30T13:42:17.260+0000] {dag.py:3823} INFO - Setting next_dagrun for minio_to_duckdb_pipeline to None, run_after=None
[2025-11-30T13:42:17.288+0000] {processor.py:183} INFO - Processing /opt/airflow/dags/02_minio_to_duckdb.py took 0.185 seconds
[2025-11-30T13:42:47.525+0000] {processor.py:161} INFO - Started process (PID=1783) to work on /opt/airflow/dags/02_minio_to_duckdb.py
[2025-11-30T13:42:47.526+0000] {processor.py:830} INFO - Processing file /opt/airflow/dags/02_minio_to_duckdb.py for tasks to queue
[2025-11-30T13:42:47.527+0000] {logging_mixin.py:188} INFO - [2025-11-30T13:42:47.526+0000] {dagbag.py:538} INFO - Filling up the DagBag from /opt/airflow/dags/02_minio_to_duckdb.py
[2025-11-30T13:42:47.709+0000] {processor.py:840} INFO - DAG(s) 'minio_to_duckdb_pipeline' retrieved from /opt/airflow/dags/02_minio_to_duckdb.py
[2025-11-30T13:42:47.737+0000] {logging_mixin.py:188} INFO - [2025-11-30T13:42:47.737+0000] {dag.py:3036} INFO - Sync 1 DAGs
[2025-11-30T13:42:47.751+0000] {logging_mixin.py:188} INFO - [2025-11-30T13:42:47.751+0000] {dag.py:3823} INFO - Setting next_dagrun for minio_to_duckdb_pipeline to None, run_after=None
[2025-11-30T13:42:47.769+0000] {processor.py:183} INFO - Processing /opt/airflow/dags/02_minio_to_duckdb.py took 0.248 seconds
[2025-11-30T13:43:17.869+0000] {processor.py:161} INFO - Started process (PID=1848) to work on /opt/airflow/dags/02_minio_to_duckdb.py
[2025-11-30T13:43:17.871+0000] {processor.py:830} INFO - Processing file /opt/airflow/dags/02_minio_to_duckdb.py for tasks to queue
[2025-11-30T13:43:17.873+0000] {logging_mixin.py:188} INFO - [2025-11-30T13:43:17.872+0000] {dagbag.py:538} INFO - Filling up the DagBag from /opt/airflow/dags/02_minio_to_duckdb.py
[2025-11-30T13:43:18.072+0000] {processor.py:840} INFO - DAG(s) 'minio_to_duckdb_pipeline' retrieved from /opt/airflow/dags/02_minio_to_duckdb.py
[2025-11-30T13:43:18.122+0000] {logging_mixin.py:188} INFO - [2025-11-30T13:43:18.122+0000] {dag.py:3036} INFO - Sync 1 DAGs
[2025-11-30T13:43:18.145+0000] {logging_mixin.py:188} INFO - [2025-11-30T13:43:18.145+0000] {dag.py:3823} INFO - Setting next_dagrun for minio_to_duckdb_pipeline to None, run_after=None
[2025-11-30T13:43:18.189+0000] {processor.py:183} INFO - Processing /opt/airflow/dags/02_minio_to_duckdb.py took 0.325 seconds
[2025-11-30T13:43:48.487+0000] {processor.py:161} INFO - Started process (PID=1913) to work on /opt/airflow/dags/02_minio_to_duckdb.py
[2025-11-30T13:43:48.488+0000] {processor.py:830} INFO - Processing file /opt/airflow/dags/02_minio_to_duckdb.py for tasks to queue
[2025-11-30T13:43:48.490+0000] {logging_mixin.py:188} INFO - [2025-11-30T13:43:48.489+0000] {dagbag.py:538} INFO - Filling up the DagBag from /opt/airflow/dags/02_minio_to_duckdb.py
[2025-11-30T13:43:48.634+0000] {processor.py:840} INFO - DAG(s) 'minio_to_duckdb_pipeline' retrieved from /opt/airflow/dags/02_minio_to_duckdb.py
[2025-11-30T13:43:48.680+0000] {logging_mixin.py:188} INFO - [2025-11-30T13:43:48.680+0000] {dag.py:3036} INFO - Sync 1 DAGs
[2025-11-30T13:43:48.695+0000] {logging_mixin.py:188} INFO - [2025-11-30T13:43:48.695+0000] {dag.py:3823} INFO - Setting next_dagrun for minio_to_duckdb_pipeline to None, run_after=None
[2025-11-30T13:43:48.716+0000] {processor.py:183} INFO - Processing /opt/airflow/dags/02_minio_to_duckdb.py took 0.236 seconds
[2025-11-30T13:44:18.958+0000] {processor.py:161} INFO - Started process (PID=1978) to work on /opt/airflow/dags/02_minio_to_duckdb.py
[2025-11-30T13:44:18.960+0000] {processor.py:830} INFO - Processing file /opt/airflow/dags/02_minio_to_duckdb.py for tasks to queue
[2025-11-30T13:44:18.961+0000] {logging_mixin.py:188} INFO - [2025-11-30T13:44:18.961+0000] {dagbag.py:538} INFO - Filling up the DagBag from /opt/airflow/dags/02_minio_to_duckdb.py
[2025-11-30T13:44:19.081+0000] {processor.py:840} INFO - DAG(s) 'minio_to_duckdb_pipeline' retrieved from /opt/airflow/dags/02_minio_to_duckdb.py
[2025-11-30T13:44:19.107+0000] {logging_mixin.py:188} INFO - [2025-11-30T13:44:19.107+0000] {dag.py:3036} INFO - Sync 1 DAGs
[2025-11-30T13:44:19.116+0000] {logging_mixin.py:188} INFO - [2025-11-30T13:44:19.116+0000] {dag.py:3823} INFO - Setting next_dagrun for minio_to_duckdb_pipeline to None, run_after=None
[2025-11-30T13:44:19.145+0000] {processor.py:183} INFO - Processing /opt/airflow/dags/02_minio_to_duckdb.py took 0.191 seconds
[2025-11-30T13:44:49.257+0000] {processor.py:161} INFO - Started process (PID=2043) to work on /opt/airflow/dags/02_minio_to_duckdb.py
[2025-11-30T13:44:49.258+0000] {processor.py:830} INFO - Processing file /opt/airflow/dags/02_minio_to_duckdb.py for tasks to queue
[2025-11-30T13:44:49.259+0000] {logging_mixin.py:188} INFO - [2025-11-30T13:44:49.259+0000] {dagbag.py:538} INFO - Filling up the DagBag from /opt/airflow/dags/02_minio_to_duckdb.py
[2025-11-30T13:44:49.378+0000] {processor.py:840} INFO - DAG(s) 'minio_to_duckdb_pipeline' retrieved from /opt/airflow/dags/02_minio_to_duckdb.py
[2025-11-30T13:44:49.405+0000] {logging_mixin.py:188} INFO - [2025-11-30T13:44:49.405+0000] {dag.py:3036} INFO - Sync 1 DAGs
[2025-11-30T13:44:49.414+0000] {logging_mixin.py:188} INFO - [2025-11-30T13:44:49.414+0000] {dag.py:3823} INFO - Setting next_dagrun for minio_to_duckdb_pipeline to None, run_after=None
[2025-11-30T13:44:49.428+0000] {processor.py:183} INFO - Processing /opt/airflow/dags/02_minio_to_duckdb.py took 0.175 seconds
[2025-11-30T13:45:19.694+0000] {processor.py:161} INFO - Started process (PID=2105) to work on /opt/airflow/dags/02_minio_to_duckdb.py
[2025-11-30T13:45:19.694+0000] {processor.py:830} INFO - Processing file /opt/airflow/dags/02_minio_to_duckdb.py for tasks to queue
[2025-11-30T13:45:19.695+0000] {logging_mixin.py:188} INFO - [2025-11-30T13:45:19.695+0000] {dagbag.py:538} INFO - Filling up the DagBag from /opt/airflow/dags/02_minio_to_duckdb.py
[2025-11-30T13:45:19.821+0000] {processor.py:840} INFO - DAG(s) 'minio_to_duckdb_pipeline' retrieved from /opt/airflow/dags/02_minio_to_duckdb.py
[2025-11-30T13:45:19.860+0000] {logging_mixin.py:188} INFO - [2025-11-30T13:45:19.860+0000] {dag.py:3036} INFO - Sync 1 DAGs
[2025-11-30T13:45:19.871+0000] {logging_mixin.py:188} INFO - [2025-11-30T13:45:19.871+0000] {dag.py:3823} INFO - Setting next_dagrun for minio_to_duckdb_pipeline to None, run_after=None
[2025-11-30T13:45:19.896+0000] {processor.py:183} INFO - Processing /opt/airflow/dags/02_minio_to_duckdb.py took 0.205 seconds
[2025-11-30T13:45:50.877+0000] {processor.py:161} INFO - Started process (PID=2152) to work on /opt/airflow/dags/02_minio_to_duckdb.py
[2025-11-30T13:45:50.878+0000] {processor.py:830} INFO - Processing file /opt/airflow/dags/02_minio_to_duckdb.py for tasks to queue
[2025-11-30T13:45:50.879+0000] {logging_mixin.py:188} INFO - [2025-11-30T13:45:50.879+0000] {dagbag.py:538} INFO - Filling up the DagBag from /opt/airflow/dags/02_minio_to_duckdb.py
[2025-11-30T13:45:51.007+0000] {processor.py:840} INFO - DAG(s) 'minio_to_duckdb_pipeline' retrieved from /opt/airflow/dags/02_minio_to_duckdb.py
[2025-11-30T13:45:51.037+0000] {logging_mixin.py:188} INFO - [2025-11-30T13:45:51.037+0000] {dag.py:3036} INFO - Sync 1 DAGs
[2025-11-30T13:45:51.048+0000] {logging_mixin.py:188} INFO - [2025-11-30T13:45:51.048+0000] {dag.py:3823} INFO - Setting next_dagrun for minio_to_duckdb_pipeline to None, run_after=None
[2025-11-30T13:45:51.071+0000] {processor.py:183} INFO - Processing /opt/airflow/dags/02_minio_to_duckdb.py took 0.196 seconds
[2025-11-30T13:46:21.351+0000] {processor.py:161} INFO - Started process (PID=2214) to work on /opt/airflow/dags/02_minio_to_duckdb.py
[2025-11-30T13:46:21.352+0000] {processor.py:830} INFO - Processing file /opt/airflow/dags/02_minio_to_duckdb.py for tasks to queue
[2025-11-30T13:46:21.354+0000] {logging_mixin.py:188} INFO - [2025-11-30T13:46:21.353+0000] {dagbag.py:538} INFO - Filling up the DagBag from /opt/airflow/dags/02_minio_to_duckdb.py
[2025-11-30T13:46:21.513+0000] {processor.py:840} INFO - DAG(s) 'minio_to_duckdb_pipeline' retrieved from /opt/airflow/dags/02_minio_to_duckdb.py
[2025-11-30T13:46:21.546+0000] {logging_mixin.py:188} INFO - [2025-11-30T13:46:21.546+0000] {dag.py:3036} INFO - Sync 1 DAGs
[2025-11-30T13:46:21.556+0000] {logging_mixin.py:188} INFO - [2025-11-30T13:46:21.556+0000] {dag.py:3823} INFO - Setting next_dagrun for minio_to_duckdb_pipeline to None, run_after=None
[2025-11-30T13:46:21.590+0000] {processor.py:183} INFO - Processing /opt/airflow/dags/02_minio_to_duckdb.py took 0.245 seconds
[2025-11-30T13:46:51.811+0000] {processor.py:161} INFO - Started process (PID=2279) to work on /opt/airflow/dags/02_minio_to_duckdb.py
[2025-11-30T13:46:51.813+0000] {processor.py:830} INFO - Processing file /opt/airflow/dags/02_minio_to_duckdb.py for tasks to queue
[2025-11-30T13:46:51.815+0000] {logging_mixin.py:188} INFO - [2025-11-30T13:46:51.814+0000] {dagbag.py:538} INFO - Filling up the DagBag from /opt/airflow/dags/02_minio_to_duckdb.py
[2025-11-30T13:46:51.973+0000] {processor.py:840} INFO - DAG(s) 'minio_to_duckdb_pipeline' retrieved from /opt/airflow/dags/02_minio_to_duckdb.py
[2025-11-30T13:46:52.011+0000] {logging_mixin.py:188} INFO - [2025-11-30T13:46:52.011+0000] {dag.py:3036} INFO - Sync 1 DAGs
[2025-11-30T13:46:52.028+0000] {logging_mixin.py:188} INFO - [2025-11-30T13:46:52.027+0000] {dag.py:3823} INFO - Setting next_dagrun for minio_to_duckdb_pipeline to None, run_after=None
[2025-11-30T13:46:52.053+0000] {processor.py:183} INFO - Processing /opt/airflow/dags/02_minio_to_duckdb.py took 0.250 seconds
[2025-11-30T13:47:22.878+0000] {processor.py:161} INFO - Started process (PID=2344) to work on /opt/airflow/dags/02_minio_to_duckdb.py
[2025-11-30T13:47:22.879+0000] {processor.py:830} INFO - Processing file /opt/airflow/dags/02_minio_to_duckdb.py for tasks to queue
[2025-11-30T13:47:22.880+0000] {logging_mixin.py:188} INFO - [2025-11-30T13:47:22.879+0000] {dagbag.py:538} INFO - Filling up the DagBag from /opt/airflow/dags/02_minio_to_duckdb.py
[2025-11-30T13:47:23.084+0000] {processor.py:840} INFO - DAG(s) 'minio_to_duckdb_pipeline' retrieved from /opt/airflow/dags/02_minio_to_duckdb.py
[2025-11-30T13:47:23.161+0000] {logging_mixin.py:188} INFO - [2025-11-30T13:47:23.161+0000] {dag.py:3036} INFO - Sync 1 DAGs
[2025-11-30T13:47:23.178+0000] {logging_mixin.py:188} INFO - [2025-11-30T13:47:23.178+0000] {dag.py:3823} INFO - Setting next_dagrun for minio_to_duckdb_pipeline to None, run_after=None
[2025-11-30T13:47:23.211+0000] {processor.py:183} INFO - Processing /opt/airflow/dags/02_minio_to_duckdb.py took 0.337 seconds
[2025-11-30T13:47:53.388+0000] {processor.py:161} INFO - Started process (PID=2409) to work on /opt/airflow/dags/02_minio_to_duckdb.py
[2025-11-30T13:47:53.389+0000] {processor.py:830} INFO - Processing file /opt/airflow/dags/02_minio_to_duckdb.py for tasks to queue
[2025-11-30T13:47:53.390+0000] {logging_mixin.py:188} INFO - [2025-11-30T13:47:53.390+0000] {dagbag.py:538} INFO - Filling up the DagBag from /opt/airflow/dags/02_minio_to_duckdb.py
[2025-11-30T13:47:53.529+0000] {processor.py:840} INFO - DAG(s) 'minio_to_duckdb_pipeline' retrieved from /opt/airflow/dags/02_minio_to_duckdb.py
[2025-11-30T13:47:53.564+0000] {logging_mixin.py:188} INFO - [2025-11-30T13:47:53.564+0000] {dag.py:3036} INFO - Sync 1 DAGs
[2025-11-30T13:47:53.574+0000] {logging_mixin.py:188} INFO - [2025-11-30T13:47:53.573+0000] {dag.py:3823} INFO - Setting next_dagrun for minio_to_duckdb_pipeline to None, run_after=None
[2025-11-30T13:47:53.598+0000] {processor.py:183} INFO - Processing /opt/airflow/dags/02_minio_to_duckdb.py took 0.214 seconds
[2025-11-30T13:48:23.842+0000] {processor.py:161} INFO - Started process (PID=2474) to work on /opt/airflow/dags/02_minio_to_duckdb.py
[2025-11-30T13:48:23.843+0000] {processor.py:830} INFO - Processing file /opt/airflow/dags/02_minio_to_duckdb.py for tasks to queue
[2025-11-30T13:48:23.845+0000] {logging_mixin.py:188} INFO - [2025-11-30T13:48:23.844+0000] {dagbag.py:538} INFO - Filling up the DagBag from /opt/airflow/dags/02_minio_to_duckdb.py
[2025-11-30T13:48:24.003+0000] {processor.py:840} INFO - DAG(s) 'minio_to_duckdb_pipeline' retrieved from /opt/airflow/dags/02_minio_to_duckdb.py
[2025-11-30T13:48:24.035+0000] {logging_mixin.py:188} INFO - [2025-11-30T13:48:24.035+0000] {dag.py:3036} INFO - Sync 1 DAGs
[2025-11-30T13:48:24.045+0000] {logging_mixin.py:188} INFO - [2025-11-30T13:48:24.045+0000] {dag.py:3823} INFO - Setting next_dagrun for minio_to_duckdb_pipeline to None, run_after=None
[2025-11-30T13:48:24.059+0000] {processor.py:183} INFO - Processing /opt/airflow/dags/02_minio_to_duckdb.py took 0.225 seconds
[2025-11-30T13:48:54.775+0000] {processor.py:161} INFO - Started process (PID=2539) to work on /opt/airflow/dags/02_minio_to_duckdb.py
[2025-11-30T13:48:54.776+0000] {processor.py:830} INFO - Processing file /opt/airflow/dags/02_minio_to_duckdb.py for tasks to queue
[2025-11-30T13:48:54.777+0000] {logging_mixin.py:188} INFO - [2025-11-30T13:48:54.777+0000] {dagbag.py:538} INFO - Filling up the DagBag from /opt/airflow/dags/02_minio_to_duckdb.py
[2025-11-30T13:48:54.921+0000] {processor.py:840} INFO - DAG(s) 'minio_to_duckdb_pipeline' retrieved from /opt/airflow/dags/02_minio_to_duckdb.py
[2025-11-30T13:48:54.957+0000] {logging_mixin.py:188} INFO - [2025-11-30T13:48:54.956+0000] {dag.py:3036} INFO - Sync 1 DAGs
[2025-11-30T13:48:54.966+0000] {logging_mixin.py:188} INFO - [2025-11-30T13:48:54.966+0000] {dag.py:3823} INFO - Setting next_dagrun for minio_to_duckdb_pipeline to None, run_after=None
[2025-11-30T13:48:54.989+0000] {processor.py:183} INFO - Processing /opt/airflow/dags/02_minio_to_duckdb.py took 0.221 seconds
[2025-11-30T13:49:25.203+0000] {processor.py:161} INFO - Started process (PID=2604) to work on /opt/airflow/dags/02_minio_to_duckdb.py
[2025-11-30T13:49:25.205+0000] {processor.py:830} INFO - Processing file /opt/airflow/dags/02_minio_to_duckdb.py for tasks to queue
[2025-11-30T13:49:25.206+0000] {logging_mixin.py:188} INFO - [2025-11-30T13:49:25.206+0000] {dagbag.py:538} INFO - Filling up the DagBag from /opt/airflow/dags/02_minio_to_duckdb.py
[2025-11-30T13:49:25.385+0000] {processor.py:840} INFO - DAG(s) 'minio_to_duckdb_pipeline' retrieved from /opt/airflow/dags/02_minio_to_duckdb.py
[2025-11-30T13:49:25.421+0000] {logging_mixin.py:188} INFO - [2025-11-30T13:49:25.421+0000] {dag.py:3036} INFO - Sync 1 DAGs
[2025-11-30T13:49:25.432+0000] {logging_mixin.py:188} INFO - [2025-11-30T13:49:25.432+0000] {dag.py:3823} INFO - Setting next_dagrun for minio_to_duckdb_pipeline to None, run_after=None
[2025-11-30T13:49:25.456+0000] {processor.py:183} INFO - Processing /opt/airflow/dags/02_minio_to_duckdb.py took 0.259 seconds
[2025-11-30T13:49:55.645+0000] {processor.py:161} INFO - Started process (PID=2669) to work on /opt/airflow/dags/02_minio_to_duckdb.py
[2025-11-30T13:49:55.646+0000] {processor.py:830} INFO - Processing file /opt/airflow/dags/02_minio_to_duckdb.py for tasks to queue
[2025-11-30T13:49:55.647+0000] {logging_mixin.py:188} INFO - [2025-11-30T13:49:55.646+0000] {dagbag.py:538} INFO - Filling up the DagBag from /opt/airflow/dags/02_minio_to_duckdb.py
[2025-11-30T13:49:55.778+0000] {processor.py:840} INFO - DAG(s) 'minio_to_duckdb_pipeline' retrieved from /opt/airflow/dags/02_minio_to_duckdb.py
[2025-11-30T13:49:55.805+0000] {logging_mixin.py:188} INFO - [2025-11-30T13:49:55.805+0000] {dag.py:3036} INFO - Sync 1 DAGs
[2025-11-30T13:49:55.816+0000] {logging_mixin.py:188} INFO - [2025-11-30T13:49:55.816+0000] {dag.py:3823} INFO - Setting next_dagrun for minio_to_duckdb_pipeline to None, run_after=None
[2025-11-30T13:49:55.840+0000] {processor.py:183} INFO - Processing /opt/airflow/dags/02_minio_to_duckdb.py took 0.201 seconds
[2025-11-30T13:51:27.472+0000] {processor.py:161} INFO - Started process (PID=178) to work on /opt/airflow/dags/02_minio_to_duckdb.py
[2025-11-30T13:51:27.473+0000] {processor.py:830} INFO - Processing file /opt/airflow/dags/02_minio_to_duckdb.py for tasks to queue
[2025-11-30T13:51:27.474+0000] {logging_mixin.py:188} INFO - [2025-11-30T13:51:27.474+0000] {dagbag.py:538} INFO - Filling up the DagBag from /opt/airflow/dags/02_minio_to_duckdb.py
[2025-11-30T13:51:27.887+0000] {processor.py:840} INFO - DAG(s) 'minio_to_duckdb_pipeline' retrieved from /opt/airflow/dags/02_minio_to_duckdb.py
[2025-11-30T13:51:27.982+0000] {logging_mixin.py:188} INFO - [2025-11-30T13:51:27.981+0000] {dag.py:3036} INFO - Sync 1 DAGs
[2025-11-30T13:51:27.998+0000] {logging_mixin.py:188} INFO - [2025-11-30T13:51:27.997+0000] {dag.py:3823} INFO - Setting next_dagrun for minio_to_duckdb_pipeline to None, run_after=None
[2025-11-30T13:51:28.031+0000] {processor.py:183} INFO - Processing /opt/airflow/dags/02_minio_to_duckdb.py took 0.562 seconds
[2025-11-30T13:51:58.264+0000] {processor.py:161} INFO - Started process (PID=240) to work on /opt/airflow/dags/02_minio_to_duckdb.py
[2025-11-30T13:51:58.280+0000] {processor.py:830} INFO - Processing file /opt/airflow/dags/02_minio_to_duckdb.py for tasks to queue
[2025-11-30T13:51:58.282+0000] {logging_mixin.py:188} INFO - [2025-11-30T13:51:58.281+0000] {dagbag.py:538} INFO - Filling up the DagBag from /opt/airflow/dags/02_minio_to_duckdb.py
[2025-11-30T13:51:58.416+0000] {processor.py:840} INFO - DAG(s) 'minio_to_duckdb_pipeline' retrieved from /opt/airflow/dags/02_minio_to_duckdb.py
[2025-11-30T13:51:58.437+0000] {logging_mixin.py:188} INFO - [2025-11-30T13:51:58.437+0000] {dag.py:3036} INFO - Sync 1 DAGs
[2025-11-30T13:51:58.455+0000] {logging_mixin.py:188} INFO - [2025-11-30T13:51:58.455+0000] {dag.py:3823} INFO - Setting next_dagrun for minio_to_duckdb_pipeline to None, run_after=None
[2025-11-30T13:51:58.484+0000] {processor.py:183} INFO - Processing /opt/airflow/dags/02_minio_to_duckdb.py took 0.224 seconds
[2025-11-30T13:52:28.555+0000] {processor.py:161} INFO - Started process (PID=305) to work on /opt/airflow/dags/02_minio_to_duckdb.py
[2025-11-30T13:52:28.556+0000] {processor.py:830} INFO - Processing file /opt/airflow/dags/02_minio_to_duckdb.py for tasks to queue
[2025-11-30T13:52:28.558+0000] {logging_mixin.py:188} INFO - [2025-11-30T13:52:28.557+0000] {dagbag.py:538} INFO - Filling up the DagBag from /opt/airflow/dags/02_minio_to_duckdb.py
[2025-11-30T13:52:28.764+0000] {processor.py:840} INFO - DAG(s) 'minio_to_duckdb_pipeline' retrieved from /opt/airflow/dags/02_minio_to_duckdb.py
[2025-11-30T13:52:28.924+0000] {logging_mixin.py:188} INFO - [2025-11-30T13:52:28.924+0000] {dag.py:3036} INFO - Sync 1 DAGs
[2025-11-30T13:52:28.937+0000] {logging_mixin.py:188} INFO - [2025-11-30T13:52:28.936+0000] {dag.py:3823} INFO - Setting next_dagrun for minio_to_duckdb_pipeline to None, run_after=None
[2025-11-30T13:52:28.961+0000] {processor.py:183} INFO - Processing /opt/airflow/dags/02_minio_to_duckdb.py took 0.415 seconds
[2025-11-30T13:53:01.526+0000] {processor.py:161} INFO - Started process (PID=367) to work on /opt/airflow/dags/02_minio_to_duckdb.py
[2025-11-30T13:53:02.267+0000] {processor.py:830} INFO - Processing file /opt/airflow/dags/02_minio_to_duckdb.py for tasks to queue
[2025-11-30T13:53:14.937+0000] {logging_mixin.py:188} INFO - [2025-11-30T13:53:06.560+0000] {dagbag.py:538} INFO - Filling up the DagBag from /opt/airflow/dags/02_minio_to_duckdb.py
[2025-11-30T13:53:15.881+0000] {processor.py:840} INFO - DAG(s) 'minio_to_duckdb_pipeline' retrieved from /opt/airflow/dags/02_minio_to_duckdb.py
[2025-11-30T13:53:16.103+0000] {logging_mixin.py:188} INFO - [2025-11-30T13:53:16.103+0000] {dag.py:3036} INFO - Sync 1 DAGs
[2025-11-30T13:53:16.148+0000] {logging_mixin.py:188} INFO - [2025-11-30T13:53:16.148+0000] {dag.py:3823} INFO - Setting next_dagrun for minio_to_duckdb_pipeline to None, run_after=None
[2025-11-30T13:53:16.192+0000] {processor.py:183} INFO - Processing /opt/airflow/dags/02_minio_to_duckdb.py took 15.485 seconds
[2025-11-30T13:53:46.564+0000] {processor.py:161} INFO - Started process (PID=431) to work on /opt/airflow/dags/02_minio_to_duckdb.py
[2025-11-30T13:53:46.565+0000] {processor.py:830} INFO - Processing file /opt/airflow/dags/02_minio_to_duckdb.py for tasks to queue
[2025-11-30T13:53:46.566+0000] {logging_mixin.py:188} INFO - [2025-11-30T13:53:46.566+0000] {dagbag.py:538} INFO - Filling up the DagBag from /opt/airflow/dags/02_minio_to_duckdb.py
[2025-11-30T13:53:46.700+0000] {processor.py:840} INFO - DAG(s) 'minio_to_duckdb_pipeline' retrieved from /opt/airflow/dags/02_minio_to_duckdb.py
[2025-11-30T13:53:46.742+0000] {logging_mixin.py:188} INFO - [2025-11-30T13:53:46.742+0000] {dag.py:3036} INFO - Sync 1 DAGs
[2025-11-30T13:53:46.762+0000] {logging_mixin.py:188} INFO - [2025-11-30T13:53:46.761+0000] {dag.py:3823} INFO - Setting next_dagrun for minio_to_duckdb_pipeline to None, run_after=None
[2025-11-30T13:53:46.787+0000] {processor.py:183} INFO - Processing /opt/airflow/dags/02_minio_to_duckdb.py took 0.226 seconds
[2025-11-30T13:54:16.977+0000] {processor.py:161} INFO - Started process (PID=475) to work on /opt/airflow/dags/02_minio_to_duckdb.py
[2025-11-30T13:54:16.978+0000] {processor.py:830} INFO - Processing file /opt/airflow/dags/02_minio_to_duckdb.py for tasks to queue
[2025-11-30T13:54:16.979+0000] {logging_mixin.py:188} INFO - [2025-11-30T13:54:16.979+0000] {dagbag.py:538} INFO - Filling up the DagBag from /opt/airflow/dags/02_minio_to_duckdb.py
[2025-11-30T13:54:17.087+0000] {processor.py:840} INFO - DAG(s) 'minio_to_duckdb_pipeline' retrieved from /opt/airflow/dags/02_minio_to_duckdb.py
[2025-11-30T13:54:17.125+0000] {logging_mixin.py:188} INFO - [2025-11-30T13:54:17.124+0000] {dag.py:3036} INFO - Sync 1 DAGs
[2025-11-30T13:54:17.140+0000] {logging_mixin.py:188} INFO - [2025-11-30T13:54:17.139+0000] {dag.py:3823} INFO - Setting next_dagrun for minio_to_duckdb_pipeline to None, run_after=None
[2025-11-30T13:54:17.178+0000] {processor.py:183} INFO - Processing /opt/airflow/dags/02_minio_to_duckdb.py took 0.204 seconds
[2025-11-30T13:54:47.619+0000] {processor.py:161} INFO - Started process (PID=540) to work on /opt/airflow/dags/02_minio_to_duckdb.py
[2025-11-30T13:54:47.620+0000] {processor.py:830} INFO - Processing file /opt/airflow/dags/02_minio_to_duckdb.py for tasks to queue
[2025-11-30T13:54:47.621+0000] {logging_mixin.py:188} INFO - [2025-11-30T13:54:47.621+0000] {dagbag.py:538} INFO - Filling up the DagBag from /opt/airflow/dags/02_minio_to_duckdb.py
[2025-11-30T13:54:47.710+0000] {processor.py:840} INFO - DAG(s) 'minio_to_duckdb_pipeline' retrieved from /opt/airflow/dags/02_minio_to_duckdb.py
[2025-11-30T13:54:47.738+0000] {logging_mixin.py:188} INFO - [2025-11-30T13:54:47.738+0000] {dag.py:3036} INFO - Sync 1 DAGs
[2025-11-30T13:54:47.748+0000] {logging_mixin.py:188} INFO - [2025-11-30T13:54:47.748+0000] {dag.py:3823} INFO - Setting next_dagrun for minio_to_duckdb_pipeline to None, run_after=None
[2025-11-30T13:54:47.764+0000] {processor.py:183} INFO - Processing /opt/airflow/dags/02_minio_to_duckdb.py took 0.147 seconds
[2025-11-30T13:55:18.237+0000] {processor.py:161} INFO - Started process (PID=605) to work on /opt/airflow/dags/02_minio_to_duckdb.py
[2025-11-30T13:55:18.238+0000] {processor.py:830} INFO - Processing file /opt/airflow/dags/02_minio_to_duckdb.py for tasks to queue
[2025-11-30T13:55:18.239+0000] {logging_mixin.py:188} INFO - [2025-11-30T13:55:18.239+0000] {dagbag.py:538} INFO - Filling up the DagBag from /opt/airflow/dags/02_minio_to_duckdb.py
[2025-11-30T13:55:18.342+0000] {processor.py:840} INFO - DAG(s) 'minio_to_duckdb_pipeline' retrieved from /opt/airflow/dags/02_minio_to_duckdb.py
[2025-11-30T13:55:18.368+0000] {logging_mixin.py:188} INFO - [2025-11-30T13:55:18.368+0000] {dag.py:3036} INFO - Sync 1 DAGs
[2025-11-30T13:55:18.378+0000] {logging_mixin.py:188} INFO - [2025-11-30T13:55:18.377+0000] {dag.py:3823} INFO - Setting next_dagrun for minio_to_duckdb_pipeline to None, run_after=None
[2025-11-30T13:55:18.402+0000] {processor.py:183} INFO - Processing /opt/airflow/dags/02_minio_to_duckdb.py took 0.171 seconds
[2025-11-30T13:55:48.647+0000] {processor.py:161} INFO - Started process (PID=670) to work on /opt/airflow/dags/02_minio_to_duckdb.py
[2025-11-30T13:55:48.648+0000] {processor.py:830} INFO - Processing file /opt/airflow/dags/02_minio_to_duckdb.py for tasks to queue
[2025-11-30T13:55:48.649+0000] {logging_mixin.py:188} INFO - [2025-11-30T13:55:48.649+0000] {dagbag.py:538} INFO - Filling up the DagBag from /opt/airflow/dags/02_minio_to_duckdb.py
[2025-11-30T13:55:48.740+0000] {processor.py:840} INFO - DAG(s) 'minio_to_duckdb_pipeline' retrieved from /opt/airflow/dags/02_minio_to_duckdb.py
[2025-11-30T13:55:48.765+0000] {logging_mixin.py:188} INFO - [2025-11-30T13:55:48.765+0000] {dag.py:3036} INFO - Sync 1 DAGs
[2025-11-30T13:55:48.774+0000] {logging_mixin.py:188} INFO - [2025-11-30T13:55:48.774+0000] {dag.py:3823} INFO - Setting next_dagrun for minio_to_duckdb_pipeline to None, run_after=None
[2025-11-30T13:55:48.797+0000] {processor.py:183} INFO - Processing /opt/airflow/dags/02_minio_to_duckdb.py took 0.155 seconds
[2025-11-30T13:56:19.522+0000] {processor.py:161} INFO - Started process (PID=735) to work on /opt/airflow/dags/02_minio_to_duckdb.py
[2025-11-30T13:56:19.523+0000] {processor.py:830} INFO - Processing file /opt/airflow/dags/02_minio_to_duckdb.py for tasks to queue
[2025-11-30T13:56:19.524+0000] {logging_mixin.py:188} INFO - [2025-11-30T13:56:19.524+0000] {dagbag.py:538} INFO - Filling up the DagBag from /opt/airflow/dags/02_minio_to_duckdb.py
[2025-11-30T13:56:19.615+0000] {processor.py:840} INFO - DAG(s) 'minio_to_duckdb_pipeline' retrieved from /opt/airflow/dags/02_minio_to_duckdb.py
[2025-11-30T13:56:19.639+0000] {logging_mixin.py:188} INFO - [2025-11-30T13:56:19.639+0000] {dag.py:3036} INFO - Sync 1 DAGs
[2025-11-30T13:56:19.648+0000] {logging_mixin.py:188} INFO - [2025-11-30T13:56:19.648+0000] {dag.py:3823} INFO - Setting next_dagrun for minio_to_duckdb_pipeline to None, run_after=None
[2025-11-30T13:56:19.663+0000] {processor.py:183} INFO - Processing /opt/airflow/dags/02_minio_to_duckdb.py took 0.145 seconds
[2025-11-30T13:56:50.337+0000] {processor.py:161} INFO - Started process (PID=800) to work on /opt/airflow/dags/02_minio_to_duckdb.py
[2025-11-30T13:56:50.338+0000] {processor.py:830} INFO - Processing file /opt/airflow/dags/02_minio_to_duckdb.py for tasks to queue
[2025-11-30T13:56:50.339+0000] {logging_mixin.py:188} INFO - [2025-11-30T13:56:50.339+0000] {dagbag.py:538} INFO - Filling up the DagBag from /opt/airflow/dags/02_minio_to_duckdb.py
[2025-11-30T13:56:50.426+0000] {processor.py:840} INFO - DAG(s) 'minio_to_duckdb_pipeline' retrieved from /opt/airflow/dags/02_minio_to_duckdb.py
[2025-11-30T13:56:50.449+0000] {logging_mixin.py:188} INFO - [2025-11-30T13:56:50.449+0000] {dag.py:3036} INFO - Sync 1 DAGs
[2025-11-30T13:56:50.459+0000] {logging_mixin.py:188} INFO - [2025-11-30T13:56:50.459+0000] {dag.py:3823} INFO - Setting next_dagrun for minio_to_duckdb_pipeline to None, run_after=None
[2025-11-30T13:56:50.474+0000] {processor.py:183} INFO - Processing /opt/airflow/dags/02_minio_to_duckdb.py took 0.143 seconds
[2025-11-30T13:57:21.010+0000] {processor.py:161} INFO - Started process (PID=865) to work on /opt/airflow/dags/02_minio_to_duckdb.py
[2025-11-30T13:57:21.012+0000] {processor.py:830} INFO - Processing file /opt/airflow/dags/02_minio_to_duckdb.py for tasks to queue
[2025-11-30T13:57:21.014+0000] {logging_mixin.py:188} INFO - [2025-11-30T13:57:21.013+0000] {dagbag.py:538} INFO - Filling up the DagBag from /opt/airflow/dags/02_minio_to_duckdb.py
[2025-11-30T13:57:21.108+0000] {processor.py:840} INFO - DAG(s) 'minio_to_duckdb_pipeline' retrieved from /opt/airflow/dags/02_minio_to_duckdb.py
[2025-11-30T13:57:21.132+0000] {logging_mixin.py:188} INFO - [2025-11-30T13:57:21.132+0000] {dag.py:3036} INFO - Sync 1 DAGs
[2025-11-30T13:57:21.154+0000] {logging_mixin.py:188} INFO - [2025-11-30T13:57:21.154+0000] {dag.py:3823} INFO - Setting next_dagrun for minio_to_duckdb_pipeline to None, run_after=None
[2025-11-30T13:57:21.185+0000] {processor.py:183} INFO - Processing /opt/airflow/dags/02_minio_to_duckdb.py took 0.182 seconds
[2025-11-30T13:57:51.836+0000] {processor.py:161} INFO - Started process (PID=930) to work on /opt/airflow/dags/02_minio_to_duckdb.py
[2025-11-30T13:57:51.837+0000] {processor.py:830} INFO - Processing file /opt/airflow/dags/02_minio_to_duckdb.py for tasks to queue
[2025-11-30T13:57:51.838+0000] {logging_mixin.py:188} INFO - [2025-11-30T13:57:51.838+0000] {dagbag.py:538} INFO - Filling up the DagBag from /opt/airflow/dags/02_minio_to_duckdb.py
[2025-11-30T13:57:51.962+0000] {processor.py:840} INFO - DAG(s) 'minio_to_duckdb_pipeline' retrieved from /opt/airflow/dags/02_minio_to_duckdb.py
[2025-11-30T13:57:52.005+0000] {logging_mixin.py:188} INFO - [2025-11-30T13:57:52.005+0000] {dag.py:3036} INFO - Sync 1 DAGs
[2025-11-30T13:57:52.042+0000] {logging_mixin.py:188} INFO - [2025-11-30T13:57:52.041+0000] {dag.py:3823} INFO - Setting next_dagrun for minio_to_duckdb_pipeline to None, run_after=None
[2025-11-30T13:57:52.067+0000] {processor.py:183} INFO - Processing /opt/airflow/dags/02_minio_to_duckdb.py took 0.238 seconds
[2025-11-30T13:58:22.645+0000] {processor.py:161} INFO - Started process (PID=995) to work on /opt/airflow/dags/02_minio_to_duckdb.py
[2025-11-30T13:58:22.646+0000] {processor.py:830} INFO - Processing file /opt/airflow/dags/02_minio_to_duckdb.py for tasks to queue
[2025-11-30T13:58:22.647+0000] {logging_mixin.py:188} INFO - [2025-11-30T13:58:22.647+0000] {dagbag.py:538} INFO - Filling up the DagBag from /opt/airflow/dags/02_minio_to_duckdb.py
[2025-11-30T13:58:22.805+0000] {processor.py:840} INFO - DAG(s) 'minio_to_duckdb_pipeline' retrieved from /opt/airflow/dags/02_minio_to_duckdb.py
[2025-11-30T13:58:22.867+0000] {logging_mixin.py:188} INFO - [2025-11-30T13:58:22.866+0000] {dag.py:3036} INFO - Sync 1 DAGs
[2025-11-30T13:58:22.895+0000] {logging_mixin.py:188} INFO - [2025-11-30T13:58:22.895+0000] {dag.py:3823} INFO - Setting next_dagrun for minio_to_duckdb_pipeline to None, run_after=None
[2025-11-30T13:58:22.921+0000] {processor.py:183} INFO - Processing /opt/airflow/dags/02_minio_to_duckdb.py took 0.280 seconds
[2025-11-30T13:58:52.987+0000] {processor.py:161} INFO - Started process (PID=1060) to work on /opt/airflow/dags/02_minio_to_duckdb.py
[2025-11-30T13:58:52.989+0000] {processor.py:830} INFO - Processing file /opt/airflow/dags/02_minio_to_duckdb.py for tasks to queue
[2025-11-30T13:58:52.991+0000] {logging_mixin.py:188} INFO - [2025-11-30T13:58:52.990+0000] {dagbag.py:538} INFO - Filling up the DagBag from /opt/airflow/dags/02_minio_to_duckdb.py
[2025-11-30T13:58:53.257+0000] {processor.py:840} INFO - DAG(s) 'minio_to_duckdb_pipeline' retrieved from /opt/airflow/dags/02_minio_to_duckdb.py
[2025-11-30T13:58:53.321+0000] {logging_mixin.py:188} INFO - [2025-11-30T13:58:53.319+0000] {dag.py:3036} INFO - Sync 1 DAGs
[2025-11-30T13:58:53.339+0000] {logging_mixin.py:188} INFO - [2025-11-30T13:58:53.339+0000] {dag.py:3823} INFO - Setting next_dagrun for minio_to_duckdb_pipeline to None, run_after=None
[2025-11-30T13:58:53.382+0000] {processor.py:183} INFO - Processing /opt/airflow/dags/02_minio_to_duckdb.py took 0.403 seconds
[2025-11-30T13:59:23.777+0000] {processor.py:161} INFO - Started process (PID=1122) to work on /opt/airflow/dags/02_minio_to_duckdb.py
[2025-11-30T13:59:23.778+0000] {processor.py:830} INFO - Processing file /opt/airflow/dags/02_minio_to_duckdb.py for tasks to queue
[2025-11-30T13:59:23.781+0000] {logging_mixin.py:188} INFO - [2025-11-30T13:59:23.779+0000] {dagbag.py:538} INFO - Filling up the DagBag from /opt/airflow/dags/02_minio_to_duckdb.py
[2025-11-30T13:59:24.074+0000] {processor.py:840} INFO - DAG(s) 'minio_to_duckdb_pipeline' retrieved from /opt/airflow/dags/02_minio_to_duckdb.py
[2025-11-30T13:59:24.149+0000] {logging_mixin.py:188} INFO - [2025-11-30T13:59:24.148+0000] {dag.py:3036} INFO - Sync 1 DAGs
[2025-11-30T13:59:24.178+0000] {logging_mixin.py:188} INFO - [2025-11-30T13:59:24.178+0000] {dag.py:3823} INFO - Setting next_dagrun for minio_to_duckdb_pipeline to None, run_after=None
[2025-11-30T13:59:24.219+0000] {processor.py:183} INFO - Processing /opt/airflow/dags/02_minio_to_duckdb.py took 0.448 seconds
[2025-11-30T13:59:54.540+0000] {processor.py:161} INFO - Started process (PID=1166) to work on /opt/airflow/dags/02_minio_to_duckdb.py
[2025-11-30T13:59:54.543+0000] {processor.py:830} INFO - Processing file /opt/airflow/dags/02_minio_to_duckdb.py for tasks to queue
[2025-11-30T13:59:54.544+0000] {logging_mixin.py:188} INFO - [2025-11-30T13:59:54.544+0000] {dagbag.py:538} INFO - Filling up the DagBag from /opt/airflow/dags/02_minio_to_duckdb.py
[2025-11-30T13:59:54.655+0000] {processor.py:840} INFO - DAG(s) 'minio_to_duckdb_pipeline' retrieved from /opt/airflow/dags/02_minio_to_duckdb.py
[2025-11-30T13:59:54.681+0000] {logging_mixin.py:188} INFO - [2025-11-30T13:59:54.681+0000] {dag.py:3036} INFO - Sync 1 DAGs
[2025-11-30T13:59:54.691+0000] {logging_mixin.py:188} INFO - [2025-11-30T13:59:54.691+0000] {dag.py:3823} INFO - Setting next_dagrun for minio_to_duckdb_pipeline to None, run_after=None
[2025-11-30T13:59:54.707+0000] {processor.py:183} INFO - Processing /opt/airflow/dags/02_minio_to_duckdb.py took 0.173 seconds
[2025-11-30T14:00:24.912+0000] {processor.py:161} INFO - Started process (PID=1231) to work on /opt/airflow/dags/02_minio_to_duckdb.py
[2025-11-30T14:00:24.913+0000] {processor.py:830} INFO - Processing file /opt/airflow/dags/02_minio_to_duckdb.py for tasks to queue
[2025-11-30T14:00:24.914+0000] {logging_mixin.py:188} INFO - [2025-11-30T14:00:24.913+0000] {dagbag.py:538} INFO - Filling up the DagBag from /opt/airflow/dags/02_minio_to_duckdb.py
[2025-11-30T14:00:25.036+0000] {processor.py:840} INFO - DAG(s) 'minio_to_duckdb_pipeline' retrieved from /opt/airflow/dags/02_minio_to_duckdb.py
[2025-11-30T14:00:25.067+0000] {logging_mixin.py:188} INFO - [2025-11-30T14:00:25.067+0000] {dag.py:3036} INFO - Sync 1 DAGs
[2025-11-30T14:00:25.079+0000] {logging_mixin.py:188} INFO - [2025-11-30T14:00:25.079+0000] {dag.py:3823} INFO - Setting next_dagrun for minio_to_duckdb_pipeline to None, run_after=None
[2025-11-30T14:00:25.112+0000] {processor.py:183} INFO - Processing /opt/airflow/dags/02_minio_to_duckdb.py took 0.205 seconds
[2025-11-30T14:00:55.348+0000] {processor.py:161} INFO - Started process (PID=1296) to work on /opt/airflow/dags/02_minio_to_duckdb.py
[2025-11-30T14:00:55.349+0000] {processor.py:830} INFO - Processing file /opt/airflow/dags/02_minio_to_duckdb.py for tasks to queue
[2025-11-30T14:00:55.351+0000] {logging_mixin.py:188} INFO - [2025-11-30T14:00:55.350+0000] {dagbag.py:538} INFO - Filling up the DagBag from /opt/airflow/dags/02_minio_to_duckdb.py
[2025-11-30T14:00:55.488+0000] {processor.py:840} INFO - DAG(s) 'minio_to_duckdb_pipeline' retrieved from /opt/airflow/dags/02_minio_to_duckdb.py
[2025-11-30T14:00:55.513+0000] {logging_mixin.py:188} INFO - [2025-11-30T14:00:55.512+0000] {dag.py:3036} INFO - Sync 1 DAGs
[2025-11-30T14:00:55.522+0000] {logging_mixin.py:188} INFO - [2025-11-30T14:00:55.522+0000] {dag.py:3823} INFO - Setting next_dagrun for minio_to_duckdb_pipeline to None, run_after=None
[2025-11-30T14:00:55.538+0000] {processor.py:183} INFO - Processing /opt/airflow/dags/02_minio_to_duckdb.py took 0.194 seconds
[2025-11-30T14:01:25.764+0000] {processor.py:161} INFO - Started process (PID=1361) to work on /opt/airflow/dags/02_minio_to_duckdb.py
[2025-11-30T14:01:25.766+0000] {processor.py:830} INFO - Processing file /opt/airflow/dags/02_minio_to_duckdb.py for tasks to queue
[2025-11-30T14:01:25.769+0000] {logging_mixin.py:188} INFO - [2025-11-30T14:01:25.768+0000] {dagbag.py:538} INFO - Filling up the DagBag from /opt/airflow/dags/02_minio_to_duckdb.py
[2025-11-30T14:01:25.871+0000] {processor.py:840} INFO - DAG(s) 'minio_to_duckdb_pipeline' retrieved from /opt/airflow/dags/02_minio_to_duckdb.py
[2025-11-30T14:01:25.895+0000] {logging_mixin.py:188} INFO - [2025-11-30T14:01:25.894+0000] {dag.py:3036} INFO - Sync 1 DAGs
[2025-11-30T14:01:25.907+0000] {logging_mixin.py:188} INFO - [2025-11-30T14:01:25.907+0000] {dag.py:3823} INFO - Setting next_dagrun for minio_to_duckdb_pipeline to None, run_after=None
[2025-11-30T14:01:25.938+0000] {processor.py:183} INFO - Processing /opt/airflow/dags/02_minio_to_duckdb.py took 0.182 seconds
[2025-11-30T14:01:56.190+0000] {processor.py:161} INFO - Started process (PID=1426) to work on /opt/airflow/dags/02_minio_to_duckdb.py
[2025-11-30T14:01:56.192+0000] {processor.py:830} INFO - Processing file /opt/airflow/dags/02_minio_to_duckdb.py for tasks to queue
[2025-11-30T14:01:56.193+0000] {logging_mixin.py:188} INFO - [2025-11-30T14:01:56.193+0000] {dagbag.py:538} INFO - Filling up the DagBag from /opt/airflow/dags/02_minio_to_duckdb.py
[2025-11-30T14:01:56.298+0000] {processor.py:840} INFO - DAG(s) 'minio_to_duckdb_pipeline' retrieved from /opt/airflow/dags/02_minio_to_duckdb.py
[2025-11-30T14:01:56.323+0000] {logging_mixin.py:188} INFO - [2025-11-30T14:01:56.323+0000] {dag.py:3036} INFO - Sync 1 DAGs
[2025-11-30T14:01:56.335+0000] {logging_mixin.py:188} INFO - [2025-11-30T14:01:56.335+0000] {dag.py:3823} INFO - Setting next_dagrun for minio_to_duckdb_pipeline to None, run_after=None
[2025-11-30T14:01:56.368+0000] {processor.py:183} INFO - Processing /opt/airflow/dags/02_minio_to_duckdb.py took 0.184 seconds
[2025-11-30T14:02:26.471+0000] {processor.py:161} INFO - Started process (PID=1491) to work on /opt/airflow/dags/02_minio_to_duckdb.py
[2025-11-30T14:02:26.473+0000] {processor.py:830} INFO - Processing file /opt/airflow/dags/02_minio_to_duckdb.py for tasks to queue
[2025-11-30T14:02:26.475+0000] {logging_mixin.py:188} INFO - [2025-11-30T14:02:26.475+0000] {dagbag.py:538} INFO - Filling up the DagBag from /opt/airflow/dags/02_minio_to_duckdb.py
[2025-11-30T14:02:26.592+0000] {processor.py:840} INFO - DAG(s) 'minio_to_duckdb_pipeline' retrieved from /opt/airflow/dags/02_minio_to_duckdb.py
[2025-11-30T14:02:26.622+0000] {logging_mixin.py:188} INFO - [2025-11-30T14:02:26.621+0000] {dag.py:3036} INFO - Sync 1 DAGs
[2025-11-30T14:02:26.635+0000] {logging_mixin.py:188} INFO - [2025-11-30T14:02:26.635+0000] {dag.py:3823} INFO - Setting next_dagrun for minio_to_duckdb_pipeline to None, run_after=None
[2025-11-30T14:02:26.662+0000] {processor.py:183} INFO - Processing /opt/airflow/dags/02_minio_to_duckdb.py took 0.199 seconds
[2025-11-30T14:02:56.827+0000] {processor.py:161} INFO - Started process (PID=1556) to work on /opt/airflow/dags/02_minio_to_duckdb.py
[2025-11-30T14:02:56.828+0000] {processor.py:830} INFO - Processing file /opt/airflow/dags/02_minio_to_duckdb.py for tasks to queue
[2025-11-30T14:02:56.829+0000] {logging_mixin.py:188} INFO - [2025-11-30T14:02:56.829+0000] {dagbag.py:538} INFO - Filling up the DagBag from /opt/airflow/dags/02_minio_to_duckdb.py
[2025-11-30T14:02:56.927+0000] {processor.py:840} INFO - DAG(s) 'minio_to_duckdb_pipeline' retrieved from /opt/airflow/dags/02_minio_to_duckdb.py
[2025-11-30T14:02:56.949+0000] {logging_mixin.py:188} INFO - [2025-11-30T14:02:56.949+0000] {dag.py:3036} INFO - Sync 1 DAGs
[2025-11-30T14:02:56.959+0000] {logging_mixin.py:188} INFO - [2025-11-30T14:02:56.959+0000] {dag.py:3823} INFO - Setting next_dagrun for minio_to_duckdb_pipeline to None, run_after=None
[2025-11-30T14:02:56.975+0000] {processor.py:183} INFO - Processing /opt/airflow/dags/02_minio_to_duckdb.py took 0.151 seconds
[2025-11-30T14:03:21.937+0000] {processor.py:161} INFO - Started process (PID=1600) to work on /opt/airflow/dags/02_minio_to_duckdb.py
[2025-11-30T14:03:21.938+0000] {processor.py:830} INFO - Processing file /opt/airflow/dags/02_minio_to_duckdb.py for tasks to queue
[2025-11-30T14:03:21.940+0000] {logging_mixin.py:188} INFO - [2025-11-30T14:03:21.939+0000] {dagbag.py:538} INFO - Filling up the DagBag from /opt/airflow/dags/02_minio_to_duckdb.py
[2025-11-30T14:03:22.065+0000] {processor.py:840} INFO - DAG(s) 'minio_to_duckdb_pipeline' retrieved from /opt/airflow/dags/02_minio_to_duckdb.py
[2025-11-30T14:03:22.171+0000] {logging_mixin.py:188} INFO - [2025-11-30T14:03:22.171+0000] {dag.py:3036} INFO - Sync 1 DAGs
[2025-11-30T14:03:22.181+0000] {logging_mixin.py:188} INFO - [2025-11-30T14:03:22.180+0000] {dag.py:3823} INFO - Setting next_dagrun for minio_to_duckdb_pipeline to None, run_after=None
[2025-11-30T14:03:22.219+0000] {processor.py:183} INFO - Processing /opt/airflow/dags/02_minio_to_duckdb.py took 0.289 seconds
[2025-11-30T14:03:53.072+0000] {processor.py:161} INFO - Started process (PID=1665) to work on /opt/airflow/dags/02_minio_to_duckdb.py
[2025-11-30T14:03:53.079+0000] {processor.py:830} INFO - Processing file /opt/airflow/dags/02_minio_to_duckdb.py for tasks to queue
[2025-11-30T14:03:53.081+0000] {logging_mixin.py:188} INFO - [2025-11-30T14:03:53.080+0000] {dagbag.py:538} INFO - Filling up the DagBag from /opt/airflow/dags/02_minio_to_duckdb.py
[2025-11-30T14:03:53.209+0000] {processor.py:840} INFO - DAG(s) 'minio_to_duckdb_pipeline' retrieved from /opt/airflow/dags/02_minio_to_duckdb.py
[2025-11-30T14:03:53.235+0000] {logging_mixin.py:188} INFO - [2025-11-30T14:03:53.235+0000] {dag.py:3036} INFO - Sync 1 DAGs
[2025-11-30T14:03:53.246+0000] {logging_mixin.py:188} INFO - [2025-11-30T14:03:53.246+0000] {dag.py:3823} INFO - Setting next_dagrun for minio_to_duckdb_pipeline to None, run_after=None
[2025-11-30T14:03:53.262+0000] {processor.py:183} INFO - Processing /opt/airflow/dags/02_minio_to_duckdb.py took 0.197 seconds
[2025-11-30T14:04:23.505+0000] {processor.py:161} INFO - Started process (PID=1727) to work on /opt/airflow/dags/02_minio_to_duckdb.py
[2025-11-30T14:04:23.506+0000] {processor.py:830} INFO - Processing file /opt/airflow/dags/02_minio_to_duckdb.py for tasks to queue
[2025-11-30T14:04:23.507+0000] {logging_mixin.py:188} INFO - [2025-11-30T14:04:23.507+0000] {dagbag.py:538} INFO - Filling up the DagBag from /opt/airflow/dags/02_minio_to_duckdb.py
[2025-11-30T14:04:23.623+0000] {processor.py:840} INFO - DAG(s) 'minio_to_duckdb_pipeline' retrieved from /opt/airflow/dags/02_minio_to_duckdb.py
[2025-11-30T14:04:23.653+0000] {logging_mixin.py:188} INFO - [2025-11-30T14:04:23.653+0000] {dag.py:3036} INFO - Sync 1 DAGs
[2025-11-30T14:04:23.663+0000] {logging_mixin.py:188} INFO - [2025-11-30T14:04:23.662+0000] {dag.py:3823} INFO - Setting next_dagrun for minio_to_duckdb_pipeline to None, run_after=None
[2025-11-30T14:04:23.679+0000] {processor.py:183} INFO - Processing /opt/airflow/dags/02_minio_to_duckdb.py took 0.176 seconds
[2025-11-30T14:04:54.110+0000] {processor.py:161} INFO - Started process (PID=1771) to work on /opt/airflow/dags/02_minio_to_duckdb.py
[2025-11-30T14:04:54.111+0000] {processor.py:830} INFO - Processing file /opt/airflow/dags/02_minio_to_duckdb.py for tasks to queue
[2025-11-30T14:04:54.113+0000] {logging_mixin.py:188} INFO - [2025-11-30T14:04:54.112+0000] {dagbag.py:538} INFO - Filling up the DagBag from /opt/airflow/dags/02_minio_to_duckdb.py
[2025-11-30T14:04:54.264+0000] {processor.py:840} INFO - DAG(s) 'minio_to_duckdb_pipeline' retrieved from /opt/airflow/dags/02_minio_to_duckdb.py
[2025-11-30T14:04:54.321+0000] {logging_mixin.py:188} INFO - [2025-11-30T14:04:54.320+0000] {dag.py:3036} INFO - Sync 1 DAGs
[2025-11-30T14:04:54.336+0000] {logging_mixin.py:188} INFO - [2025-11-30T14:04:54.335+0000] {dag.py:3823} INFO - Setting next_dagrun for minio_to_duckdb_pipeline to None, run_after=None
[2025-11-30T14:04:54.367+0000] {processor.py:183} INFO - Processing /opt/airflow/dags/02_minio_to_duckdb.py took 0.261 seconds
[2025-11-30T14:05:24.769+0000] {processor.py:161} INFO - Started process (PID=1836) to work on /opt/airflow/dags/02_minio_to_duckdb.py
[2025-11-30T14:05:24.772+0000] {processor.py:830} INFO - Processing file /opt/airflow/dags/02_minio_to_duckdb.py for tasks to queue
[2025-11-30T14:05:24.773+0000] {logging_mixin.py:188} INFO - [2025-11-30T14:05:24.772+0000] {dagbag.py:538} INFO - Filling up the DagBag from /opt/airflow/dags/02_minio_to_duckdb.py
[2025-11-30T14:05:24.908+0000] {processor.py:840} INFO - DAG(s) 'minio_to_duckdb_pipeline' retrieved from /opt/airflow/dags/02_minio_to_duckdb.py
[2025-11-30T14:05:24.974+0000] {logging_mixin.py:188} INFO - [2025-11-30T14:05:24.973+0000] {dag.py:3036} INFO - Sync 1 DAGs
[2025-11-30T14:05:24.988+0000] {logging_mixin.py:188} INFO - [2025-11-30T14:05:24.987+0000] {dag.py:3823} INFO - Setting next_dagrun for minio_to_duckdb_pipeline to None, run_after=None
[2025-11-30T14:05:25.010+0000] {processor.py:183} INFO - Processing /opt/airflow/dags/02_minio_to_duckdb.py took 0.247 seconds
[2025-11-30T14:05:55.255+0000] {processor.py:161} INFO - Started process (PID=1943) to work on /opt/airflow/dags/02_minio_to_duckdb.py
[2025-11-30T14:05:55.257+0000] {processor.py:830} INFO - Processing file /opt/airflow/dags/02_minio_to_duckdb.py for tasks to queue
[2025-11-30T14:05:55.259+0000] {logging_mixin.py:188} INFO - [2025-11-30T14:05:55.258+0000] {dagbag.py:538} INFO - Filling up the DagBag from /opt/airflow/dags/02_minio_to_duckdb.py
[2025-11-30T14:05:55.401+0000] {processor.py:840} INFO - DAG(s) 'minio_to_duckdb_pipeline' retrieved from /opt/airflow/dags/02_minio_to_duckdb.py
[2025-11-30T14:05:55.434+0000] {logging_mixin.py:188} INFO - [2025-11-30T14:05:55.433+0000] {dag.py:3036} INFO - Sync 1 DAGs
[2025-11-30T14:05:55.446+0000] {logging_mixin.py:188} INFO - [2025-11-30T14:05:55.446+0000] {dag.py:3823} INFO - Setting next_dagrun for minio_to_duckdb_pipeline to None, run_after=None
[2025-11-30T14:05:55.472+0000] {processor.py:183} INFO - Processing /opt/airflow/dags/02_minio_to_duckdb.py took 0.224 seconds
[2025-11-30T14:06:25.945+0000] {processor.py:161} INFO - Started process (PID=2095) to work on /opt/airflow/dags/02_minio_to_duckdb.py
[2025-11-30T14:06:25.952+0000] {processor.py:830} INFO - Processing file /opt/airflow/dags/02_minio_to_duckdb.py for tasks to queue
[2025-11-30T14:06:25.958+0000] {logging_mixin.py:188} INFO - [2025-11-30T14:06:25.954+0000] {dagbag.py:538} INFO - Filling up the DagBag from /opt/airflow/dags/02_minio_to_duckdb.py
[2025-11-30T14:06:26.959+0000] {processor.py:840} INFO - DAG(s) 'minio_to_duckdb_pipeline' retrieved from /opt/airflow/dags/02_minio_to_duckdb.py
[2025-11-30T14:06:27.612+0000] {logging_mixin.py:188} INFO - [2025-11-30T14:06:27.605+0000] {dag.py:3036} INFO - Sync 1 DAGs
[2025-11-30T14:06:27.701+0000] {logging_mixin.py:188} INFO - [2025-11-30T14:06:27.681+0000] {dag.py:3823} INFO - Setting next_dagrun for minio_to_duckdb_pipeline to None, run_after=None
[2025-11-30T14:06:28.003+0000] {processor.py:183} INFO - Processing /opt/airflow/dags/02_minio_to_duckdb.py took 2.074 seconds
[2025-11-30T14:06:58.192+0000] {processor.py:161} INFO - Started process (PID=2160) to work on /opt/airflow/dags/02_minio_to_duckdb.py
[2025-11-30T14:06:58.194+0000] {processor.py:830} INFO - Processing file /opt/airflow/dags/02_minio_to_duckdb.py for tasks to queue
[2025-11-30T14:06:58.195+0000] {logging_mixin.py:188} INFO - [2025-11-30T14:06:58.194+0000] {dagbag.py:538} INFO - Filling up the DagBag from /opt/airflow/dags/02_minio_to_duckdb.py
[2025-11-30T14:06:58.343+0000] {processor.py:840} INFO - DAG(s) 'minio_to_duckdb_pipeline' retrieved from /opt/airflow/dags/02_minio_to_duckdb.py
[2025-11-30T14:06:58.380+0000] {logging_mixin.py:188} INFO - [2025-11-30T14:06:58.380+0000] {dag.py:3036} INFO - Sync 1 DAGs
[2025-11-30T14:06:58.390+0000] {logging_mixin.py:188} INFO - [2025-11-30T14:06:58.390+0000] {dag.py:3823} INFO - Setting next_dagrun for minio_to_duckdb_pipeline to None, run_after=None
[2025-11-30T14:06:58.407+0000] {processor.py:183} INFO - Processing /opt/airflow/dags/02_minio_to_duckdb.py took 0.222 seconds
[2025-11-30T14:07:28.705+0000] {processor.py:161} INFO - Started process (PID=2225) to work on /opt/airflow/dags/02_minio_to_duckdb.py
[2025-11-30T14:07:28.707+0000] {processor.py:830} INFO - Processing file /opt/airflow/dags/02_minio_to_duckdb.py for tasks to queue
[2025-11-30T14:07:28.709+0000] {logging_mixin.py:188} INFO - [2025-11-30T14:07:28.708+0000] {dagbag.py:538} INFO - Filling up the DagBag from /opt/airflow/dags/02_minio_to_duckdb.py
[2025-11-30T14:07:28.846+0000] {processor.py:840} INFO - DAG(s) 'minio_to_duckdb_pipeline' retrieved from /opt/airflow/dags/02_minio_to_duckdb.py
[2025-11-30T14:07:28.886+0000] {logging_mixin.py:188} INFO - [2025-11-30T14:07:28.886+0000] {dag.py:3036} INFO - Sync 1 DAGs
[2025-11-30T14:07:28.896+0000] {logging_mixin.py:188} INFO - [2025-11-30T14:07:28.896+0000] {dag.py:3823} INFO - Setting next_dagrun for minio_to_duckdb_pipeline to None, run_after=None
[2025-11-30T14:07:28.921+0000] {processor.py:183} INFO - Processing /opt/airflow/dags/02_minio_to_duckdb.py took 0.223 seconds
[2025-11-30T14:07:58.983+0000] {processor.py:161} INFO - Started process (PID=2290) to work on /opt/airflow/dags/02_minio_to_duckdb.py
[2025-11-30T14:07:58.984+0000] {processor.py:830} INFO - Processing file /opt/airflow/dags/02_minio_to_duckdb.py for tasks to queue
[2025-11-30T14:07:58.987+0000] {logging_mixin.py:188} INFO - [2025-11-30T14:07:58.986+0000] {dagbag.py:538} INFO - Filling up the DagBag from /opt/airflow/dags/02_minio_to_duckdb.py
[2025-11-30T14:07:59.130+0000] {processor.py:840} INFO - DAG(s) 'minio_to_duckdb_pipeline' retrieved from /opt/airflow/dags/02_minio_to_duckdb.py
[2025-11-30T14:07:59.172+0000] {logging_mixin.py:188} INFO - [2025-11-30T14:07:59.172+0000] {dag.py:3036} INFO - Sync 1 DAGs
[2025-11-30T14:07:59.190+0000] {logging_mixin.py:188} INFO - [2025-11-30T14:07:59.190+0000] {dag.py:3823} INFO - Setting next_dagrun for minio_to_duckdb_pipeline to None, run_after=None
[2025-11-30T14:07:59.209+0000] {processor.py:183} INFO - Processing /opt/airflow/dags/02_minio_to_duckdb.py took 0.233 seconds
[2025-11-30T14:08:30.040+0000] {processor.py:161} INFO - Started process (PID=2355) to work on /opt/airflow/dags/02_minio_to_duckdb.py
[2025-11-30T14:08:30.042+0000] {processor.py:830} INFO - Processing file /opt/airflow/dags/02_minio_to_duckdb.py for tasks to queue
[2025-11-30T14:08:30.044+0000] {logging_mixin.py:188} INFO - [2025-11-30T14:08:30.043+0000] {dagbag.py:538} INFO - Filling up the DagBag from /opt/airflow/dags/02_minio_to_duckdb.py
[2025-11-30T14:08:30.185+0000] {processor.py:840} INFO - DAG(s) 'minio_to_duckdb_pipeline' retrieved from /opt/airflow/dags/02_minio_to_duckdb.py
[2025-11-30T14:08:30.223+0000] {logging_mixin.py:188} INFO - [2025-11-30T14:08:30.223+0000] {dag.py:3036} INFO - Sync 1 DAGs
[2025-11-30T14:08:30.240+0000] {logging_mixin.py:188} INFO - [2025-11-30T14:08:30.240+0000] {dag.py:3823} INFO - Setting next_dagrun for minio_to_duckdb_pipeline to None, run_after=None
[2025-11-30T14:08:30.278+0000] {processor.py:183} INFO - Processing /opt/airflow/dags/02_minio_to_duckdb.py took 0.247 seconds
[2025-11-30T14:09:00.566+0000] {processor.py:161} INFO - Started process (PID=2420) to work on /opt/airflow/dags/02_minio_to_duckdb.py
[2025-11-30T14:09:00.567+0000] {processor.py:830} INFO - Processing file /opt/airflow/dags/02_minio_to_duckdb.py for tasks to queue
[2025-11-30T14:09:00.568+0000] {logging_mixin.py:188} INFO - [2025-11-30T14:09:00.568+0000] {dagbag.py:538} INFO - Filling up the DagBag from /opt/airflow/dags/02_minio_to_duckdb.py
[2025-11-30T14:09:00.698+0000] {processor.py:840} INFO - DAG(s) 'minio_to_duckdb_pipeline' retrieved from /opt/airflow/dags/02_minio_to_duckdb.py
[2025-11-30T14:09:00.749+0000] {logging_mixin.py:188} INFO - [2025-11-30T14:09:00.748+0000] {dag.py:3036} INFO - Sync 1 DAGs
[2025-11-30T14:09:00.761+0000] {logging_mixin.py:188} INFO - [2025-11-30T14:09:00.761+0000] {dag.py:3823} INFO - Setting next_dagrun for minio_to_duckdb_pipeline to None, run_after=None
[2025-11-30T14:09:00.789+0000] {processor.py:183} INFO - Processing /opt/airflow/dags/02_minio_to_duckdb.py took 0.228 seconds
[2025-11-30T14:09:31.050+0000] {processor.py:161} INFO - Started process (PID=2482) to work on /opt/airflow/dags/02_minio_to_duckdb.py
[2025-11-30T14:09:31.052+0000] {processor.py:830} INFO - Processing file /opt/airflow/dags/02_minio_to_duckdb.py for tasks to queue
[2025-11-30T14:09:31.053+0000] {logging_mixin.py:188} INFO - [2025-11-30T14:09:31.052+0000] {dagbag.py:538} INFO - Filling up the DagBag from /opt/airflow/dags/02_minio_to_duckdb.py
[2025-11-30T14:09:31.183+0000] {processor.py:840} INFO - DAG(s) 'minio_to_duckdb_pipeline' retrieved from /opt/airflow/dags/02_minio_to_duckdb.py
[2025-11-30T14:09:31.225+0000] {logging_mixin.py:188} INFO - [2025-11-30T14:09:31.225+0000] {dag.py:3036} INFO - Sync 1 DAGs
[2025-11-30T14:09:31.238+0000] {logging_mixin.py:188} INFO - [2025-11-30T14:09:31.237+0000] {dag.py:3823} INFO - Setting next_dagrun for minio_to_duckdb_pipeline to None, run_after=None
[2025-11-30T14:09:31.258+0000] {processor.py:183} INFO - Processing /opt/airflow/dags/02_minio_to_duckdb.py took 0.211 seconds
[2025-11-30T14:10:01.575+0000] {processor.py:161} INFO - Started process (PID=2526) to work on /opt/airflow/dags/02_minio_to_duckdb.py
[2025-11-30T14:10:01.577+0000] {processor.py:830} INFO - Processing file /opt/airflow/dags/02_minio_to_duckdb.py for tasks to queue
[2025-11-30T14:10:01.579+0000] {logging_mixin.py:188} INFO - [2025-11-30T14:10:01.578+0000] {dagbag.py:538} INFO - Filling up the DagBag from /opt/airflow/dags/02_minio_to_duckdb.py
[2025-11-30T14:10:01.982+0000] {processor.py:840} INFO - DAG(s) 'minio_to_duckdb_pipeline' retrieved from /opt/airflow/dags/02_minio_to_duckdb.py
[2025-11-30T14:10:02.057+0000] {logging_mixin.py:188} INFO - [2025-11-30T14:10:02.056+0000] {dag.py:3036} INFO - Sync 1 DAGs
[2025-11-30T14:10:02.084+0000] {logging_mixin.py:188} INFO - [2025-11-30T14:10:02.082+0000] {dag.py:3823} INFO - Setting next_dagrun for minio_to_duckdb_pipeline to None, run_after=None
[2025-11-30T14:10:02.185+0000] {processor.py:183} INFO - Processing /opt/airflow/dags/02_minio_to_duckdb.py took 0.618 seconds
[2025-11-30T14:10:32.290+0000] {processor.py:161} INFO - Started process (PID=2612) to work on /opt/airflow/dags/02_minio_to_duckdb.py
[2025-11-30T14:10:32.292+0000] {processor.py:830} INFO - Processing file /opt/airflow/dags/02_minio_to_duckdb.py for tasks to queue
[2025-11-30T14:10:32.295+0000] {logging_mixin.py:188} INFO - [2025-11-30T14:10:32.293+0000] {dagbag.py:538} INFO - Filling up the DagBag from /opt/airflow/dags/02_minio_to_duckdb.py
[2025-11-30T14:10:32.559+0000] {processor.py:840} INFO - DAG(s) 'minio_to_duckdb_pipeline' retrieved from /opt/airflow/dags/02_minio_to_duckdb.py
[2025-11-30T14:10:32.601+0000] {logging_mixin.py:188} INFO - [2025-11-30T14:10:32.600+0000] {dag.py:3036} INFO - Sync 1 DAGs
[2025-11-30T14:10:32.613+0000] {logging_mixin.py:188} INFO - [2025-11-30T14:10:32.612+0000] {dag.py:3823} INFO - Setting next_dagrun for minio_to_duckdb_pipeline to None, run_after=None
[2025-11-30T14:10:32.645+0000] {processor.py:183} INFO - Processing /opt/airflow/dags/02_minio_to_duckdb.py took 0.363 seconds
[2025-11-30T14:11:03.076+0000] {processor.py:161} INFO - Started process (PID=2677) to work on /opt/airflow/dags/02_minio_to_duckdb.py
[2025-11-30T14:11:03.077+0000] {processor.py:830} INFO - Processing file /opt/airflow/dags/02_minio_to_duckdb.py for tasks to queue
[2025-11-30T14:11:03.079+0000] {logging_mixin.py:188} INFO - [2025-11-30T14:11:03.078+0000] {dagbag.py:538} INFO - Filling up the DagBag from /opt/airflow/dags/02_minio_to_duckdb.py
[2025-11-30T14:11:03.234+0000] {processor.py:840} INFO - DAG(s) 'minio_to_duckdb_pipeline' retrieved from /opt/airflow/dags/02_minio_to_duckdb.py
[2025-11-30T14:11:03.293+0000] {logging_mixin.py:188} INFO - [2025-11-30T14:11:03.292+0000] {dag.py:3036} INFO - Sync 1 DAGs
[2025-11-30T14:11:03.304+0000] {logging_mixin.py:188} INFO - [2025-11-30T14:11:03.303+0000] {dag.py:3823} INFO - Setting next_dagrun for minio_to_duckdb_pipeline to None, run_after=None
[2025-11-30T14:11:03.318+0000] {processor.py:183} INFO - Processing /opt/airflow/dags/02_minio_to_duckdb.py took 0.249 seconds
[2025-11-30T14:11:34.108+0000] {processor.py:161} INFO - Started process (PID=2742) to work on /opt/airflow/dags/02_minio_to_duckdb.py
[2025-11-30T14:11:34.110+0000] {processor.py:830} INFO - Processing file /opt/airflow/dags/02_minio_to_duckdb.py for tasks to queue
[2025-11-30T14:11:34.111+0000] {logging_mixin.py:188} INFO - [2025-11-30T14:11:34.110+0000] {dagbag.py:538} INFO - Filling up the DagBag from /opt/airflow/dags/02_minio_to_duckdb.py
[2025-11-30T14:11:34.249+0000] {processor.py:840} INFO - DAG(s) 'minio_to_duckdb_pipeline' retrieved from /opt/airflow/dags/02_minio_to_duckdb.py
[2025-11-30T14:11:34.292+0000] {logging_mixin.py:188} INFO - [2025-11-30T14:11:34.292+0000] {dag.py:3036} INFO - Sync 1 DAGs
[2025-11-30T14:11:34.318+0000] {logging_mixin.py:188} INFO - [2025-11-30T14:11:34.318+0000] {dag.py:3823} INFO - Setting next_dagrun for minio_to_duckdb_pipeline to None, run_after=None
[2025-11-30T14:11:34.337+0000] {processor.py:183} INFO - Processing /opt/airflow/dags/02_minio_to_duckdb.py took 0.236 seconds
[2025-11-30T14:12:05.214+0000] {processor.py:161} INFO - Started process (PID=2807) to work on /opt/airflow/dags/02_minio_to_duckdb.py
[2025-11-30T14:12:05.216+0000] {processor.py:830} INFO - Processing file /opt/airflow/dags/02_minio_to_duckdb.py for tasks to queue
[2025-11-30T14:12:05.217+0000] {logging_mixin.py:188} INFO - [2025-11-30T14:12:05.216+0000] {dagbag.py:538} INFO - Filling up the DagBag from /opt/airflow/dags/02_minio_to_duckdb.py
[2025-11-30T14:12:05.356+0000] {processor.py:840} INFO - DAG(s) 'minio_to_duckdb_pipeline' retrieved from /opt/airflow/dags/02_minio_to_duckdb.py
[2025-11-30T14:12:05.393+0000] {logging_mixin.py:188} INFO - [2025-11-30T14:12:05.393+0000] {dag.py:3036} INFO - Sync 1 DAGs
[2025-11-30T14:12:05.412+0000] {logging_mixin.py:188} INFO - [2025-11-30T14:12:05.412+0000] {dag.py:3823} INFO - Setting next_dagrun for minio_to_duckdb_pipeline to None, run_after=None
[2025-11-30T14:12:05.442+0000] {processor.py:183} INFO - Processing /opt/airflow/dags/02_minio_to_duckdb.py took 0.231 seconds
[2025-11-30T14:12:35.741+0000] {processor.py:161} INFO - Started process (PID=2872) to work on /opt/airflow/dags/02_minio_to_duckdb.py
[2025-11-30T14:12:35.743+0000] {processor.py:830} INFO - Processing file /opt/airflow/dags/02_minio_to_duckdb.py for tasks to queue
[2025-11-30T14:12:35.745+0000] {logging_mixin.py:188} INFO - [2025-11-30T14:12:35.744+0000] {dagbag.py:538} INFO - Filling up the DagBag from /opt/airflow/dags/02_minio_to_duckdb.py
[2025-11-30T14:12:35.898+0000] {processor.py:840} INFO - DAG(s) 'minio_to_duckdb_pipeline' retrieved from /opt/airflow/dags/02_minio_to_duckdb.py
[2025-11-30T14:12:35.937+0000] {logging_mixin.py:188} INFO - [2025-11-30T14:12:35.937+0000] {dag.py:3036} INFO - Sync 1 DAGs
[2025-11-30T14:12:35.950+0000] {logging_mixin.py:188} INFO - [2025-11-30T14:12:35.949+0000] {dag.py:3823} INFO - Setting next_dagrun for minio_to_duckdb_pipeline to None, run_after=None
[2025-11-30T14:12:35.969+0000] {processor.py:183} INFO - Processing /opt/airflow/dags/02_minio_to_duckdb.py took 0.231 seconds
[2025-11-30T14:13:06.844+0000] {processor.py:161} INFO - Started process (PID=2937) to work on /opt/airflow/dags/02_minio_to_duckdb.py
[2025-11-30T14:13:06.846+0000] {processor.py:830} INFO - Processing file /opt/airflow/dags/02_minio_to_duckdb.py for tasks to queue
[2025-11-30T14:13:06.847+0000] {logging_mixin.py:188} INFO - [2025-11-30T14:13:06.846+0000] {dagbag.py:538} INFO - Filling up the DagBag from /opt/airflow/dags/02_minio_to_duckdb.py
[2025-11-30T14:13:07.008+0000] {processor.py:840} INFO - DAG(s) 'minio_to_duckdb_pipeline' retrieved from /opt/airflow/dags/02_minio_to_duckdb.py
[2025-11-30T14:13:07.051+0000] {logging_mixin.py:188} INFO - [2025-11-30T14:13:07.050+0000] {dag.py:3036} INFO - Sync 1 DAGs
[2025-11-30T14:13:07.062+0000] {logging_mixin.py:188} INFO - [2025-11-30T14:13:07.062+0000] {dag.py:3823} INFO - Setting next_dagrun for minio_to_duckdb_pipeline to None, run_after=None
[2025-11-30T14:13:07.088+0000] {processor.py:183} INFO - Processing /opt/airflow/dags/02_minio_to_duckdb.py took 0.249 seconds
[2025-11-30T14:13:37.378+0000] {processor.py:161} INFO - Started process (PID=3002) to work on /opt/airflow/dags/02_minio_to_duckdb.py
[2025-11-30T14:13:37.381+0000] {processor.py:830} INFO - Processing file /opt/airflow/dags/02_minio_to_duckdb.py for tasks to queue
[2025-11-30T14:13:37.385+0000] {logging_mixin.py:188} INFO - [2025-11-30T14:13:37.383+0000] {dagbag.py:538} INFO - Filling up the DagBag from /opt/airflow/dags/02_minio_to_duckdb.py
[2025-11-30T14:13:37.544+0000] {processor.py:840} INFO - DAG(s) 'minio_to_duckdb_pipeline' retrieved from /opt/airflow/dags/02_minio_to_duckdb.py
[2025-11-30T14:13:37.578+0000] {logging_mixin.py:188} INFO - [2025-11-30T14:13:37.578+0000] {dag.py:3036} INFO - Sync 1 DAGs
[2025-11-30T14:13:37.589+0000] {logging_mixin.py:188} INFO - [2025-11-30T14:13:37.589+0000] {dag.py:3823} INFO - Setting next_dagrun for minio_to_duckdb_pipeline to None, run_after=None
[2025-11-30T14:13:37.625+0000] {processor.py:183} INFO - Processing /opt/airflow/dags/02_minio_to_duckdb.py took 0.260 seconds
[2025-11-30T14:14:08.332+0000] {processor.py:161} INFO - Started process (PID=3067) to work on /opt/airflow/dags/02_minio_to_duckdb.py
[2025-11-30T14:14:08.333+0000] {processor.py:830} INFO - Processing file /opt/airflow/dags/02_minio_to_duckdb.py for tasks to queue
[2025-11-30T14:14:08.334+0000] {logging_mixin.py:188} INFO - [2025-11-30T14:14:08.334+0000] {dagbag.py:538} INFO - Filling up the DagBag from /opt/airflow/dags/02_minio_to_duckdb.py
[2025-11-30T14:14:08.476+0000] {processor.py:840} INFO - DAG(s) 'minio_to_duckdb_pipeline' retrieved from /opt/airflow/dags/02_minio_to_duckdb.py
[2025-11-30T14:14:08.521+0000] {logging_mixin.py:188} INFO - [2025-11-30T14:14:08.520+0000] {dag.py:3036} INFO - Sync 1 DAGs
[2025-11-30T14:14:08.531+0000] {logging_mixin.py:188} INFO - [2025-11-30T14:14:08.531+0000] {dag.py:3823} INFO - Setting next_dagrun for minio_to_duckdb_pipeline to None, run_after=None
[2025-11-30T14:14:08.558+0000] {processor.py:183} INFO - Processing /opt/airflow/dags/02_minio_to_duckdb.py took 0.230 seconds
[2025-11-30T14:14:38.831+0000] {processor.py:161} INFO - Started process (PID=3129) to work on /opt/airflow/dags/02_minio_to_duckdb.py
[2025-11-30T14:14:38.833+0000] {processor.py:830} INFO - Processing file /opt/airflow/dags/02_minio_to_duckdb.py for tasks to queue
[2025-11-30T14:14:38.834+0000] {logging_mixin.py:188} INFO - [2025-11-30T14:14:38.833+0000] {dagbag.py:538} INFO - Filling up the DagBag from /opt/airflow/dags/02_minio_to_duckdb.py
[2025-11-30T14:14:39.258+0000] {processor.py:840} INFO - DAG(s) 'minio_to_duckdb_pipeline' retrieved from /opt/airflow/dags/02_minio_to_duckdb.py
[2025-11-30T14:14:39.382+0000] {logging_mixin.py:188} INFO - [2025-11-30T14:14:39.379+0000] {dag.py:3036} INFO - Sync 1 DAGs
[2025-11-30T14:14:39.403+0000] {logging_mixin.py:188} INFO - [2025-11-30T14:14:39.402+0000] {dag.py:3823} INFO - Setting next_dagrun for minio_to_duckdb_pipeline to None, run_after=None
[2025-11-30T14:14:39.430+0000] {processor.py:183} INFO - Processing /opt/airflow/dags/02_minio_to_duckdb.py took 0.603 seconds
[2025-11-30T14:15:09.966+0000] {processor.py:161} INFO - Started process (PID=3173) to work on /opt/airflow/dags/02_minio_to_duckdb.py
[2025-11-30T14:15:09.967+0000] {processor.py:830} INFO - Processing file /opt/airflow/dags/02_minio_to_duckdb.py for tasks to queue
[2025-11-30T14:15:09.968+0000] {logging_mixin.py:188} INFO - [2025-11-30T14:15:09.968+0000] {dagbag.py:538} INFO - Filling up the DagBag from /opt/airflow/dags/02_minio_to_duckdb.py
[2025-11-30T14:15:10.110+0000] {processor.py:840} INFO - DAG(s) 'minio_to_duckdb_pipeline' retrieved from /opt/airflow/dags/02_minio_to_duckdb.py
[2025-11-30T14:15:10.156+0000] {logging_mixin.py:188} INFO - [2025-11-30T14:15:10.155+0000] {dag.py:3036} INFO - Sync 1 DAGs
[2025-11-30T14:15:10.170+0000] {logging_mixin.py:188} INFO - [2025-11-30T14:15:10.169+0000] {dag.py:3823} INFO - Setting next_dagrun for minio_to_duckdb_pipeline to None, run_after=None
[2025-11-30T14:15:10.219+0000] {processor.py:183} INFO - Processing /opt/airflow/dags/02_minio_to_duckdb.py took 0.259 seconds
[2025-11-30T14:15:41.171+0000] {processor.py:161} INFO - Started process (PID=3238) to work on /opt/airflow/dags/02_minio_to_duckdb.py
[2025-11-30T14:15:41.173+0000] {processor.py:830} INFO - Processing file /opt/airflow/dags/02_minio_to_duckdb.py for tasks to queue
[2025-11-30T14:15:41.175+0000] {logging_mixin.py:188} INFO - [2025-11-30T14:15:41.174+0000] {dagbag.py:538} INFO - Filling up the DagBag from /opt/airflow/dags/02_minio_to_duckdb.py
[2025-11-30T14:15:41.328+0000] {processor.py:840} INFO - DAG(s) 'minio_to_duckdb_pipeline' retrieved from /opt/airflow/dags/02_minio_to_duckdb.py
[2025-11-30T14:15:41.370+0000] {logging_mixin.py:188} INFO - [2025-11-30T14:15:41.370+0000] {dag.py:3036} INFO - Sync 1 DAGs
[2025-11-30T14:15:41.381+0000] {logging_mixin.py:188} INFO - [2025-11-30T14:15:41.380+0000] {dag.py:3823} INFO - Setting next_dagrun for minio_to_duckdb_pipeline to None, run_after=None
[2025-11-30T14:15:41.398+0000] {processor.py:183} INFO - Processing /opt/airflow/dags/02_minio_to_duckdb.py took 0.235 seconds
[2025-11-30T14:16:11.465+0000] {processor.py:161} INFO - Started process (PID=3354) to work on /opt/airflow/dags/02_minio_to_duckdb.py
[2025-11-30T14:16:11.466+0000] {processor.py:830} INFO - Processing file /opt/airflow/dags/02_minio_to_duckdb.py for tasks to queue
[2025-11-30T14:16:11.468+0000] {logging_mixin.py:188} INFO - [2025-11-30T14:16:11.467+0000] {dagbag.py:538} INFO - Filling up the DagBag from /opt/airflow/dags/02_minio_to_duckdb.py
[2025-11-30T14:16:11.609+0000] {processor.py:840} INFO - DAG(s) 'minio_to_duckdb_pipeline' retrieved from /opt/airflow/dags/02_minio_to_duckdb.py
[2025-11-30T14:16:11.643+0000] {logging_mixin.py:188} INFO - [2025-11-30T14:16:11.643+0000] {dag.py:3036} INFO - Sync 1 DAGs
[2025-11-30T14:16:11.655+0000] {logging_mixin.py:188} INFO - [2025-11-30T14:16:11.655+0000] {dag.py:3823} INFO - Setting next_dagrun for minio_to_duckdb_pipeline to None, run_after=None
[2025-11-30T14:16:11.672+0000] {processor.py:183} INFO - Processing /opt/airflow/dags/02_minio_to_duckdb.py took 0.212 seconds
[2025-11-30T14:17:03.280+0000] {processor.py:161} INFO - Started process (PID=3416) to work on /opt/airflow/dags/02_minio_to_duckdb.py
[2025-11-30T14:17:03.284+0000] {processor.py:830} INFO - Processing file /opt/airflow/dags/02_minio_to_duckdb.py for tasks to queue
[2025-11-30T14:17:03.286+0000] {logging_mixin.py:188} INFO - [2025-11-30T14:17:03.286+0000] {dagbag.py:538} INFO - Filling up the DagBag from /opt/airflow/dags/02_minio_to_duckdb.py
[2025-11-30T14:17:03.573+0000] {processor.py:840} INFO - DAG(s) 'minio_to_duckdb_pipeline' retrieved from /opt/airflow/dags/02_minio_to_duckdb.py
[2025-11-30T14:17:03.617+0000] {logging_mixin.py:188} INFO - [2025-11-30T14:17:03.617+0000] {dag.py:3036} INFO - Sync 1 DAGs
[2025-11-30T14:17:03.632+0000] {logging_mixin.py:188} INFO - [2025-11-30T14:17:03.631+0000] {dag.py:3823} INFO - Setting next_dagrun for minio_to_duckdb_pipeline to None, run_after=None
[2025-11-30T14:17:03.666+0000] {processor.py:183} INFO - Processing /opt/airflow/dags/02_minio_to_duckdb.py took 0.394 seconds
[2025-11-30T14:17:34.891+0000] {processor.py:161} INFO - Started process (PID=3480) to work on /opt/airflow/dags/02_minio_to_duckdb.py
[2025-11-30T14:17:34.892+0000] {processor.py:830} INFO - Processing file /opt/airflow/dags/02_minio_to_duckdb.py for tasks to queue
[2025-11-30T14:17:34.894+0000] {logging_mixin.py:188} INFO - [2025-11-30T14:17:34.893+0000] {dagbag.py:538} INFO - Filling up the DagBag from /opt/airflow/dags/02_minio_to_duckdb.py
[2025-11-30T14:17:35.129+0000] {processor.py:840} INFO - DAG(s) 'minio_to_duckdb_pipeline' retrieved from /opt/airflow/dags/02_minio_to_duckdb.py
[2025-11-30T14:17:35.174+0000] {logging_mixin.py:188} INFO - [2025-11-30T14:17:35.173+0000] {dag.py:3036} INFO - Sync 1 DAGs
[2025-11-30T14:17:35.186+0000] {logging_mixin.py:188} INFO - [2025-11-30T14:17:35.186+0000] {dag.py:3823} INFO - Setting next_dagrun for minio_to_duckdb_pipeline to None, run_after=None
[2025-11-30T14:17:35.217+0000] {processor.py:183} INFO - Processing /opt/airflow/dags/02_minio_to_duckdb.py took 0.329 seconds
[2025-11-30T14:18:05.436+0000] {processor.py:161} INFO - Started process (PID=3524) to work on /opt/airflow/dags/02_minio_to_duckdb.py
[2025-11-30T14:18:05.437+0000] {processor.py:830} INFO - Processing file /opt/airflow/dags/02_minio_to_duckdb.py for tasks to queue
[2025-11-30T14:18:05.438+0000] {logging_mixin.py:188} INFO - [2025-11-30T14:18:05.438+0000] {dagbag.py:538} INFO - Filling up the DagBag from /opt/airflow/dags/02_minio_to_duckdb.py
[2025-11-30T14:18:05.661+0000] {processor.py:840} INFO - DAG(s) 'minio_to_duckdb_pipeline' retrieved from /opt/airflow/dags/02_minio_to_duckdb.py
[2025-11-30T14:18:05.735+0000] {logging_mixin.py:188} INFO - [2025-11-30T14:18:05.734+0000] {dag.py:3036} INFO - Sync 1 DAGs
[2025-11-30T14:18:05.767+0000] {logging_mixin.py:188} INFO - [2025-11-30T14:18:05.766+0000] {dag.py:3823} INFO - Setting next_dagrun for minio_to_duckdb_pipeline to None, run_after=None
[2025-11-30T14:18:05.819+0000] {processor.py:183} INFO - Processing /opt/airflow/dags/02_minio_to_duckdb.py took 0.387 seconds
[2025-11-30T14:18:35.933+0000] {processor.py:161} INFO - Started process (PID=3570) to work on /opt/airflow/dags/02_minio_to_duckdb.py
[2025-11-30T14:18:35.936+0000] {processor.py:830} INFO - Processing file /opt/airflow/dags/02_minio_to_duckdb.py for tasks to queue
[2025-11-30T14:18:35.939+0000] {logging_mixin.py:188} INFO - [2025-11-30T14:18:35.938+0000] {dagbag.py:538} INFO - Filling up the DagBag from /opt/airflow/dags/02_minio_to_duckdb.py
[2025-11-30T14:18:36.105+0000] {processor.py:840} INFO - DAG(s) 'minio_to_duckdb_pipeline' retrieved from /opt/airflow/dags/02_minio_to_duckdb.py
[2025-11-30T14:18:36.150+0000] {logging_mixin.py:188} INFO - [2025-11-30T14:18:36.149+0000] {dag.py:3036} INFO - Sync 1 DAGs
[2025-11-30T14:18:36.166+0000] {logging_mixin.py:188} INFO - [2025-11-30T14:18:36.165+0000] {dag.py:3823} INFO - Setting next_dagrun for minio_to_duckdb_pipeline to None, run_after=None
[2025-11-30T14:18:36.184+0000] {processor.py:183} INFO - Processing /opt/airflow/dags/02_minio_to_duckdb.py took 0.265 seconds
[2025-11-30T14:19:07.175+0000] {processor.py:161} INFO - Started process (PID=3675) to work on /opt/airflow/dags/02_minio_to_duckdb.py
[2025-11-30T14:19:07.179+0000] {processor.py:830} INFO - Processing file /opt/airflow/dags/02_minio_to_duckdb.py for tasks to queue
[2025-11-30T14:19:07.182+0000] {logging_mixin.py:188} INFO - [2025-11-30T14:19:07.180+0000] {dagbag.py:538} INFO - Filling up the DagBag from /opt/airflow/dags/02_minio_to_duckdb.py
[2025-11-30T14:19:08.632+0000] {processor.py:840} INFO - DAG(s) 'minio_to_duckdb_pipeline' retrieved from /opt/airflow/dags/02_minio_to_duckdb.py
[2025-11-30T14:19:08.737+0000] {logging_mixin.py:188} INFO - [2025-11-30T14:19:08.735+0000] {dag.py:3036} INFO - Sync 1 DAGs
[2025-11-30T14:19:08.780+0000] {logging_mixin.py:188} INFO - [2025-11-30T14:19:08.778+0000] {dag.py:3823} INFO - Setting next_dagrun for minio_to_duckdb_pipeline to None, run_after=None
[2025-11-30T14:19:08.833+0000] {processor.py:183} INFO - Processing /opt/airflow/dags/02_minio_to_duckdb.py took 1.667 seconds
[2025-11-30T14:20:05.465+0000] {processor.py:161} INFO - Started process (PID=3755) to work on /opt/airflow/dags/02_minio_to_duckdb.py
[2025-11-30T14:20:05.467+0000] {processor.py:830} INFO - Processing file /opt/airflow/dags/02_minio_to_duckdb.py for tasks to queue
[2025-11-30T14:20:05.469+0000] {logging_mixin.py:188} INFO - [2025-11-30T14:20:05.469+0000] {dagbag.py:538} INFO - Filling up the DagBag from /opt/airflow/dags/02_minio_to_duckdb.py
[2025-11-30T14:20:05.730+0000] {processor.py:840} INFO - DAG(s) 'minio_to_duckdb_pipeline' retrieved from /opt/airflow/dags/02_minio_to_duckdb.py
[2025-11-30T14:20:05.769+0000] {logging_mixin.py:188} INFO - [2025-11-30T14:20:05.769+0000] {dag.py:3036} INFO - Sync 1 DAGs
[2025-11-30T14:20:05.809+0000] {logging_mixin.py:188} INFO - [2025-11-30T14:20:05.808+0000] {dag.py:3823} INFO - Setting next_dagrun for minio_to_duckdb_pipeline to None, run_after=None
[2025-11-30T14:20:05.842+0000] {processor.py:183} INFO - Processing /opt/airflow/dags/02_minio_to_duckdb.py took 0.386 seconds
[2025-11-30T14:20:36.101+0000] {processor.py:161} INFO - Started process (PID=3905) to work on /opt/airflow/dags/02_minio_to_duckdb.py
[2025-11-30T14:20:36.103+0000] {processor.py:830} INFO - Processing file /opt/airflow/dags/02_minio_to_duckdb.py for tasks to queue
[2025-11-30T14:20:36.105+0000] {logging_mixin.py:188} INFO - [2025-11-30T14:20:36.104+0000] {dagbag.py:538} INFO - Filling up the DagBag from /opt/airflow/dags/02_minio_to_duckdb.py
[2025-11-30T14:20:36.415+0000] {processor.py:840} INFO - DAG(s) 'minio_to_duckdb_pipeline' retrieved from /opt/airflow/dags/02_minio_to_duckdb.py
[2025-11-30T14:20:36.780+0000] {logging_mixin.py:188} INFO - [2025-11-30T14:20:36.778+0000] {dag.py:3036} INFO - Sync 1 DAGs
[2025-11-30T14:20:36.815+0000] {logging_mixin.py:188} INFO - [2025-11-30T14:20:36.811+0000] {dag.py:3823} INFO - Setting next_dagrun for minio_to_duckdb_pipeline to None, run_after=None
[2025-11-30T14:20:36.939+0000] {processor.py:183} INFO - Processing /opt/airflow/dags/02_minio_to_duckdb.py took 0.844 seconds
[2025-11-30T14:21:07.155+0000] {processor.py:161} INFO - Started process (PID=3967) to work on /opt/airflow/dags/02_minio_to_duckdb.py
[2025-11-30T14:21:07.156+0000] {processor.py:830} INFO - Processing file /opt/airflow/dags/02_minio_to_duckdb.py for tasks to queue
[2025-11-30T14:21:07.157+0000] {logging_mixin.py:188} INFO - [2025-11-30T14:21:07.157+0000] {dagbag.py:538} INFO - Filling up the DagBag from /opt/airflow/dags/02_minio_to_duckdb.py
[2025-11-30T14:21:07.302+0000] {processor.py:840} INFO - DAG(s) 'minio_to_duckdb_pipeline' retrieved from /opt/airflow/dags/02_minio_to_duckdb.py
[2025-11-30T14:21:07.357+0000] {logging_mixin.py:188} INFO - [2025-11-30T14:21:07.356+0000] {dag.py:3036} INFO - Sync 1 DAGs
[2025-11-30T14:21:07.366+0000] {logging_mixin.py:188} INFO - [2025-11-30T14:21:07.366+0000] {dag.py:3823} INFO - Setting next_dagrun for minio_to_duckdb_pipeline to None, run_after=None
[2025-11-30T14:21:07.394+0000] {processor.py:183} INFO - Processing /opt/airflow/dags/02_minio_to_duckdb.py took 0.244 seconds
[2025-11-30T14:21:37.772+0000] {processor.py:161} INFO - Started process (PID=4032) to work on /opt/airflow/dags/02_minio_to_duckdb.py
[2025-11-30T14:21:37.778+0000] {processor.py:830} INFO - Processing file /opt/airflow/dags/02_minio_to_duckdb.py for tasks to queue
[2025-11-30T14:21:37.785+0000] {logging_mixin.py:188} INFO - [2025-11-30T14:21:37.783+0000] {dagbag.py:538} INFO - Filling up the DagBag from /opt/airflow/dags/02_minio_to_duckdb.py
[2025-11-30T14:21:37.943+0000] {processor.py:840} INFO - DAG(s) 'minio_to_duckdb_pipeline' retrieved from /opt/airflow/dags/02_minio_to_duckdb.py
[2025-11-30T14:21:38.039+0000] {logging_mixin.py:188} INFO - [2025-11-30T14:21:38.038+0000] {dag.py:3036} INFO - Sync 1 DAGs
[2025-11-30T14:21:38.061+0000] {logging_mixin.py:188} INFO - [2025-11-30T14:21:38.060+0000] {dag.py:3823} INFO - Setting next_dagrun for minio_to_duckdb_pipeline to None, run_after=None
[2025-11-30T14:21:38.111+0000] {processor.py:183} INFO - Processing /opt/airflow/dags/02_minio_to_duckdb.py took 0.343 seconds
[2025-11-30T14:22:08.454+0000] {processor.py:161} INFO - Started process (PID=4097) to work on /opt/airflow/dags/02_minio_to_duckdb.py
[2025-11-30T14:22:08.455+0000] {processor.py:830} INFO - Processing file /opt/airflow/dags/02_minio_to_duckdb.py for tasks to queue
[2025-11-30T14:22:08.456+0000] {logging_mixin.py:188} INFO - [2025-11-30T14:22:08.455+0000] {dagbag.py:538} INFO - Filling up the DagBag from /opt/airflow/dags/02_minio_to_duckdb.py
[2025-11-30T14:22:08.658+0000] {processor.py:840} INFO - DAG(s) 'minio_to_duckdb_pipeline' retrieved from /opt/airflow/dags/02_minio_to_duckdb.py
[2025-11-30T14:22:08.689+0000] {logging_mixin.py:188} INFO - [2025-11-30T14:22:08.689+0000] {dag.py:3036} INFO - Sync 1 DAGs
[2025-11-30T14:22:08.700+0000] {logging_mixin.py:188} INFO - [2025-11-30T14:22:08.700+0000] {dag.py:3823} INFO - Setting next_dagrun for minio_to_duckdb_pipeline to None, run_after=None
[2025-11-30T14:22:08.717+0000] {processor.py:183} INFO - Processing /opt/airflow/dags/02_minio_to_duckdb.py took 0.266 seconds
[2025-11-30T14:22:39.050+0000] {processor.py:161} INFO - Started process (PID=4159) to work on /opt/airflow/dags/02_minio_to_duckdb.py
[2025-11-30T14:22:39.052+0000] {processor.py:830} INFO - Processing file /opt/airflow/dags/02_minio_to_duckdb.py for tasks to queue
[2025-11-30T14:22:39.054+0000] {logging_mixin.py:188} INFO - [2025-11-30T14:22:39.053+0000] {dagbag.py:538} INFO - Filling up the DagBag from /opt/airflow/dags/02_minio_to_duckdb.py
[2025-11-30T14:22:39.376+0000] {processor.py:840} INFO - DAG(s) 'minio_to_duckdb_pipeline' retrieved from /opt/airflow/dags/02_minio_to_duckdb.py
[2025-11-30T14:22:39.477+0000] {logging_mixin.py:188} INFO - [2025-11-30T14:22:39.475+0000] {dag.py:3036} INFO - Sync 1 DAGs
[2025-11-30T14:22:39.533+0000] {logging_mixin.py:188} INFO - [2025-11-30T14:22:39.530+0000] {dag.py:3823} INFO - Setting next_dagrun for minio_to_duckdb_pipeline to None, run_after=None
[2025-11-30T14:22:39.630+0000] {processor.py:183} INFO - Processing /opt/airflow/dags/02_minio_to_duckdb.py took 0.584 seconds
[2025-11-30T14:23:10.310+0000] {processor.py:161} INFO - Started process (PID=4203) to work on /opt/airflow/dags/02_minio_to_duckdb.py
[2025-11-30T14:23:10.311+0000] {processor.py:830} INFO - Processing file /opt/airflow/dags/02_minio_to_duckdb.py for tasks to queue
[2025-11-30T14:23:10.312+0000] {logging_mixin.py:188} INFO - [2025-11-30T14:23:10.312+0000] {dagbag.py:538} INFO - Filling up the DagBag from /opt/airflow/dags/02_minio_to_duckdb.py
[2025-11-30T14:23:10.601+0000] {processor.py:840} INFO - DAG(s) 'minio_to_duckdb_pipeline' retrieved from /opt/airflow/dags/02_minio_to_duckdb.py
[2025-11-30T14:23:10.913+0000] {logging_mixin.py:188} INFO - [2025-11-30T14:23:10.909+0000] {dag.py:3036} INFO - Sync 1 DAGs
[2025-11-30T14:23:11.010+0000] {logging_mixin.py:188} INFO - [2025-11-30T14:23:11.007+0000] {dag.py:3823} INFO - Setting next_dagrun for minio_to_duckdb_pipeline to None, run_after=None
[2025-11-30T14:23:11.145+0000] {processor.py:183} INFO - Processing /opt/airflow/dags/02_minio_to_duckdb.py took 0.838 seconds
[2025-11-30T14:24:13.578+0000] {processor.py:161} INFO - Started process (PID=4248) to work on /opt/airflow/dags/02_minio_to_duckdb.py
[2025-11-30T14:24:13.580+0000] {processor.py:830} INFO - Processing file /opt/airflow/dags/02_minio_to_duckdb.py for tasks to queue
[2025-11-30T14:24:13.585+0000] {logging_mixin.py:188} INFO - [2025-11-30T14:24:13.582+0000] {dagbag.py:538} INFO - Filling up the DagBag from /opt/airflow/dags/02_minio_to_duckdb.py
[2025-11-30T14:24:13.882+0000] {processor.py:840} INFO - DAG(s) 'minio_to_duckdb_pipeline' retrieved from /opt/airflow/dags/02_minio_to_duckdb.py
[2025-11-30T14:24:13.954+0000] {logging_mixin.py:188} INFO - [2025-11-30T14:24:13.954+0000] {dag.py:3036} INFO - Sync 1 DAGs
[2025-11-30T14:24:13.971+0000] {logging_mixin.py:188} INFO - [2025-11-30T14:24:13.970+0000] {dag.py:3823} INFO - Setting next_dagrun for minio_to_duckdb_pipeline to None, run_after=None
[2025-11-30T14:24:14.001+0000] {processor.py:183} INFO - Processing /opt/airflow/dags/02_minio_to_duckdb.py took 0.429 seconds
[2025-11-30T14:24:56.606+0000] {processor.py:161} INFO - Started process (PID=4310) to work on /opt/airflow/dags/02_minio_to_duckdb.py
[2025-11-30T14:24:56.608+0000] {processor.py:830} INFO - Processing file /opt/airflow/dags/02_minio_to_duckdb.py for tasks to queue
[2025-11-30T14:24:56.610+0000] {logging_mixin.py:188} INFO - [2025-11-30T14:24:56.609+0000] {dagbag.py:538} INFO - Filling up the DagBag from /opt/airflow/dags/02_minio_to_duckdb.py
[2025-11-30T14:24:56.826+0000] {processor.py:840} INFO - DAG(s) 'minio_to_duckdb_pipeline' retrieved from /opt/airflow/dags/02_minio_to_duckdb.py
[2025-11-30T14:24:56.927+0000] {logging_mixin.py:188} INFO - [2025-11-30T14:24:56.926+0000] {dag.py:3036} INFO - Sync 1 DAGs
[2025-11-30T14:24:56.971+0000] {logging_mixin.py:188} INFO - [2025-11-30T14:24:56.970+0000] {dag.py:3823} INFO - Setting next_dagrun for minio_to_duckdb_pipeline to None, run_after=None
[2025-11-30T14:24:57.021+0000] {processor.py:183} INFO - Processing /opt/airflow/dags/02_minio_to_duckdb.py took 0.419 seconds
[2025-11-30T14:25:27.263+0000] {processor.py:161} INFO - Started process (PID=4336) to work on /opt/airflow/dags/02_minio_to_duckdb.py
[2025-11-30T14:25:27.266+0000] {processor.py:830} INFO - Processing file /opt/airflow/dags/02_minio_to_duckdb.py for tasks to queue
[2025-11-30T14:25:27.269+0000] {logging_mixin.py:188} INFO - [2025-11-30T14:25:27.268+0000] {dagbag.py:538} INFO - Filling up the DagBag from /opt/airflow/dags/02_minio_to_duckdb.py
[2025-11-30T14:25:27.560+0000] {processor.py:840} INFO - DAG(s) 'minio_to_duckdb_pipeline' retrieved from /opt/airflow/dags/02_minio_to_duckdb.py
[2025-11-30T14:25:27.718+0000] {logging_mixin.py:188} INFO - [2025-11-30T14:25:27.714+0000] {dag.py:3036} INFO - Sync 1 DAGs
[2025-11-30T14:25:27.751+0000] {logging_mixin.py:188} INFO - [2025-11-30T14:25:27.749+0000] {dag.py:3823} INFO - Setting next_dagrun for minio_to_duckdb_pipeline to None, run_after=None
[2025-11-30T14:25:27.843+0000] {processor.py:183} INFO - Processing /opt/airflow/dags/02_minio_to_duckdb.py took 0.584 seconds
[2025-11-30T14:25:57.977+0000] {processor.py:161} INFO - Started process (PID=4398) to work on /opt/airflow/dags/02_minio_to_duckdb.py
[2025-11-30T14:25:57.980+0000] {processor.py:830} INFO - Processing file /opt/airflow/dags/02_minio_to_duckdb.py for tasks to queue
[2025-11-30T14:25:57.983+0000] {logging_mixin.py:188} INFO - [2025-11-30T14:25:57.982+0000] {dagbag.py:538} INFO - Filling up the DagBag from /opt/airflow/dags/02_minio_to_duckdb.py
[2025-11-30T14:25:58.132+0000] {processor.py:840} INFO - DAG(s) 'minio_to_duckdb_pipeline' retrieved from /opt/airflow/dags/02_minio_to_duckdb.py
[2025-11-30T14:25:58.178+0000] {logging_mixin.py:188} INFO - [2025-11-30T14:25:58.177+0000] {dag.py:3036} INFO - Sync 1 DAGs
[2025-11-30T14:25:58.189+0000] {logging_mixin.py:188} INFO - [2025-11-30T14:25:58.189+0000] {dag.py:3823} INFO - Setting next_dagrun for minio_to_duckdb_pipeline to None, run_after=None
[2025-11-30T14:25:58.243+0000] {processor.py:183} INFO - Processing /opt/airflow/dags/02_minio_to_duckdb.py took 0.277 seconds
[2025-11-30T14:26:29.426+0000] {processor.py:161} INFO - Started process (PID=4463) to work on /opt/airflow/dags/02_minio_to_duckdb.py
[2025-11-30T14:26:29.428+0000] {processor.py:830} INFO - Processing file /opt/airflow/dags/02_minio_to_duckdb.py for tasks to queue
[2025-11-30T14:26:29.430+0000] {logging_mixin.py:188} INFO - [2025-11-30T14:26:29.429+0000] {dagbag.py:538} INFO - Filling up the DagBag from /opt/airflow/dags/02_minio_to_duckdb.py
[2025-11-30T14:26:29.787+0000] {processor.py:840} INFO - DAG(s) 'minio_to_duckdb_pipeline' retrieved from /opt/airflow/dags/02_minio_to_duckdb.py
[2025-11-30T14:26:29.879+0000] {logging_mixin.py:188} INFO - [2025-11-30T14:26:29.878+0000] {dag.py:3036} INFO - Sync 1 DAGs
[2025-11-30T14:26:29.902+0000] {logging_mixin.py:188} INFO - [2025-11-30T14:26:29.900+0000] {dag.py:3823} INFO - Setting next_dagrun for minio_to_duckdb_pipeline to None, run_after=None
[2025-11-30T14:26:29.997+0000] {processor.py:183} INFO - Processing /opt/airflow/dags/02_minio_to_duckdb.py took 0.578 seconds
[2025-11-30T14:27:27.595+0000] {processor.py:161} INFO - Started process (PID=4525) to work on /opt/airflow/dags/02_minio_to_duckdb.py
[2025-11-30T14:27:27.607+0000] {processor.py:830} INFO - Processing file /opt/airflow/dags/02_minio_to_duckdb.py for tasks to queue
[2025-11-30T14:27:27.621+0000] {logging_mixin.py:188} INFO - [2025-11-30T14:27:27.609+0000] {dagbag.py:538} INFO - Filling up the DagBag from /opt/airflow/dags/02_minio_to_duckdb.py
[2025-11-30T14:28:43.876+0000] {processor.py:161} INFO - Started process (PID=4573) to work on /opt/airflow/dags/02_minio_to_duckdb.py
[2025-11-30T14:28:43.879+0000] {processor.py:830} INFO - Processing file /opt/airflow/dags/02_minio_to_duckdb.py for tasks to queue
[2025-11-30T14:28:43.884+0000] {logging_mixin.py:188} INFO - [2025-11-30T14:28:43.882+0000] {dagbag.py:538} INFO - Filling up the DagBag from /opt/airflow/dags/02_minio_to_duckdb.py
[2025-11-30T14:28:44.086+0000] {processor.py:840} INFO - DAG(s) 'minio_to_duckdb_pipeline' retrieved from /opt/airflow/dags/02_minio_to_duckdb.py
[2025-11-30T14:28:44.345+0000] {logging_mixin.py:188} INFO - [2025-11-30T14:28:44.332+0000] {dag.py:3036} INFO - Sync 1 DAGs
[2025-11-30T14:28:44.388+0000] {logging_mixin.py:188} INFO - [2025-11-30T14:28:44.386+0000] {dag.py:3823} INFO - Setting next_dagrun for minio_to_duckdb_pipeline to None, run_after=None
[2025-11-30T14:28:44.464+0000] {processor.py:183} INFO - Processing /opt/airflow/dags/02_minio_to_duckdb.py took 0.597 seconds
[2025-11-30T14:29:15.250+0000] {processor.py:161} INFO - Started process (PID=4638) to work on /opt/airflow/dags/02_minio_to_duckdb.py
[2025-11-30T14:29:15.253+0000] {processor.py:830} INFO - Processing file /opt/airflow/dags/02_minio_to_duckdb.py for tasks to queue
[2025-11-30T14:29:15.256+0000] {logging_mixin.py:188} INFO - [2025-11-30T14:29:15.254+0000] {dagbag.py:538} INFO - Filling up the DagBag from /opt/airflow/dags/02_minio_to_duckdb.py
[2025-11-30T14:29:15.586+0000] {processor.py:840} INFO - DAG(s) 'minio_to_duckdb_pipeline' retrieved from /opt/airflow/dags/02_minio_to_duckdb.py
[2025-11-30T14:29:15.682+0000] {logging_mixin.py:188} INFO - [2025-11-30T14:29:15.680+0000] {dag.py:3036} INFO - Sync 1 DAGs
[2025-11-30T14:29:15.732+0000] {logging_mixin.py:188} INFO - [2025-11-30T14:29:15.725+0000] {dag.py:3823} INFO - Setting next_dagrun for minio_to_duckdb_pipeline to None, run_after=None
[2025-11-30T14:29:15.843+0000] {processor.py:183} INFO - Processing /opt/airflow/dags/02_minio_to_duckdb.py took 0.600 seconds
[2025-11-30T14:29:46.444+0000] {processor.py:161} INFO - Started process (PID=4703) to work on /opt/airflow/dags/02_minio_to_duckdb.py
[2025-11-30T14:29:46.448+0000] {processor.py:830} INFO - Processing file /opt/airflow/dags/02_minio_to_duckdb.py for tasks to queue
[2025-11-30T14:29:46.451+0000] {logging_mixin.py:188} INFO - [2025-11-30T14:29:46.450+0000] {dagbag.py:538} INFO - Filling up the DagBag from /opt/airflow/dags/02_minio_to_duckdb.py
[2025-11-30T14:29:46.692+0000] {processor.py:840} INFO - DAG(s) 'minio_to_duckdb_pipeline' retrieved from /opt/airflow/dags/02_minio_to_duckdb.py
[2025-11-30T14:29:46.793+0000] {logging_mixin.py:188} INFO - [2025-11-30T14:29:46.790+0000] {dag.py:3036} INFO - Sync 1 DAGs
[2025-11-30T14:29:46.828+0000] {logging_mixin.py:188} INFO - [2025-11-30T14:29:46.825+0000] {dag.py:3823} INFO - Setting next_dagrun for minio_to_duckdb_pipeline to None, run_after=None
[2025-11-30T14:29:46.900+0000] {processor.py:183} INFO - Processing /opt/airflow/dags/02_minio_to_duckdb.py took 0.462 seconds
[2025-11-30T14:30:34.617+0000] {processor.py:161} INFO - Started process (PID=4785) to work on /opt/airflow/dags/02_minio_to_duckdb.py
[2025-11-30T14:30:34.619+0000] {processor.py:830} INFO - Processing file /opt/airflow/dags/02_minio_to_duckdb.py for tasks to queue
[2025-11-30T14:30:34.622+0000] {logging_mixin.py:188} INFO - [2025-11-30T14:30:34.621+0000] {dagbag.py:538} INFO - Filling up the DagBag from /opt/airflow/dags/02_minio_to_duckdb.py
[2025-11-30T14:30:34.865+0000] {processor.py:840} INFO - DAG(s) 'minio_to_duckdb_pipeline' retrieved from /opt/airflow/dags/02_minio_to_duckdb.py
[2025-11-30T14:30:34.939+0000] {logging_mixin.py:188} INFO - [2025-11-30T14:30:34.938+0000] {dag.py:3036} INFO - Sync 1 DAGs
[2025-11-30T14:30:34.969+0000] {logging_mixin.py:188} INFO - [2025-11-30T14:30:34.969+0000] {dag.py:3823} INFO - Setting next_dagrun for minio_to_duckdb_pipeline to None, run_after=None
[2025-11-30T14:30:35.008+0000] {processor.py:183} INFO - Processing /opt/airflow/dags/02_minio_to_duckdb.py took 0.399 seconds
[2025-11-30T14:31:05.540+0000] {processor.py:161} INFO - Started process (PID=4811) to work on /opt/airflow/dags/02_minio_to_duckdb.py
[2025-11-30T14:31:05.542+0000] {processor.py:830} INFO - Processing file /opt/airflow/dags/02_minio_to_duckdb.py for tasks to queue
[2025-11-30T14:31:05.545+0000] {logging_mixin.py:188} INFO - [2025-11-30T14:31:05.543+0000] {dagbag.py:538} INFO - Filling up the DagBag from /opt/airflow/dags/02_minio_to_duckdb.py
[2025-11-30T14:31:05.890+0000] {processor.py:840} INFO - DAG(s) 'minio_to_duckdb_pipeline' retrieved from /opt/airflow/dags/02_minio_to_duckdb.py
[2025-11-30T14:31:05.987+0000] {logging_mixin.py:188} INFO - [2025-11-30T14:31:05.984+0000] {dag.py:3036} INFO - Sync 1 DAGs
[2025-11-30T14:31:06.019+0000] {logging_mixin.py:188} INFO - [2025-11-30T14:31:06.017+0000] {dag.py:3823} INFO - Setting next_dagrun for minio_to_duckdb_pipeline to None, run_after=None
[2025-11-30T14:31:06.136+0000] {processor.py:183} INFO - Processing /opt/airflow/dags/02_minio_to_duckdb.py took 0.609 seconds
[2025-11-30T14:31:36.525+0000] {processor.py:161} INFO - Started process (PID=4873) to work on /opt/airflow/dags/02_minio_to_duckdb.py
[2025-11-30T14:31:36.538+0000] {processor.py:830} INFO - Processing file /opt/airflow/dags/02_minio_to_duckdb.py for tasks to queue
[2025-11-30T14:31:36.543+0000] {logging_mixin.py:188} INFO - [2025-11-30T14:31:36.541+0000] {dagbag.py:538} INFO - Filling up the DagBag from /opt/airflow/dags/02_minio_to_duckdb.py
[2025-11-30T14:31:36.911+0000] {processor.py:840} INFO - DAG(s) 'minio_to_duckdb_pipeline' retrieved from /opt/airflow/dags/02_minio_to_duckdb.py
[2025-11-30T14:31:36.971+0000] {logging_mixin.py:188} INFO - [2025-11-30T14:31:36.970+0000] {dag.py:3036} INFO - Sync 1 DAGs
[2025-11-30T14:31:36.982+0000] {logging_mixin.py:188} INFO - [2025-11-30T14:31:36.982+0000] {dag.py:3823} INFO - Setting next_dagrun for minio_to_duckdb_pipeline to None, run_after=None
[2025-11-30T14:31:37.001+0000] {processor.py:183} INFO - Processing /opt/airflow/dags/02_minio_to_duckdb.py took 0.482 seconds
[2025-11-30T14:32:13.337+0000] {processor.py:161} INFO - Started process (PID=4935) to work on /opt/airflow/dags/02_minio_to_duckdb.py
[2025-11-30T14:32:13.572+0000] {processor.py:830} INFO - Processing file /opt/airflow/dags/02_minio_to_duckdb.py for tasks to queue
[2025-11-30T14:32:13.590+0000] {logging_mixin.py:188} INFO - [2025-11-30T14:32:13.581+0000] {dagbag.py:538} INFO - Filling up the DagBag from /opt/airflow/dags/02_minio_to_duckdb.py
[2025-11-30T14:32:34.322+0000] {processor.py:840} INFO - DAG(s) 'minio_to_duckdb_pipeline' retrieved from /opt/airflow/dags/02_minio_to_duckdb.py
[2025-11-30T14:32:34.373+0000] {logging_mixin.py:188} INFO - [2025-11-30T14:32:34.373+0000] {dag.py:3036} INFO - Sync 1 DAGs
[2025-11-30T14:32:34.390+0000] {logging_mixin.py:188} INFO - [2025-11-30T14:32:34.390+0000] {dag.py:3823} INFO - Setting next_dagrun for minio_to_duckdb_pipeline to None, run_after=None
[2025-11-30T14:32:34.412+0000] {processor.py:183} INFO - Processing /opt/airflow/dags/02_minio_to_duckdb.py took 22.712 seconds
[2025-11-30T14:33:04.807+0000] {processor.py:161} INFO - Started process (PID=4976) to work on /opt/airflow/dags/02_minio_to_duckdb.py
[2025-11-30T14:33:04.811+0000] {processor.py:830} INFO - Processing file /opt/airflow/dags/02_minio_to_duckdb.py for tasks to queue
[2025-11-30T14:33:04.814+0000] {logging_mixin.py:188} INFO - [2025-11-30T14:33:04.813+0000] {dagbag.py:538} INFO - Filling up the DagBag from /opt/airflow/dags/02_minio_to_duckdb.py
[2025-11-30T14:33:05.189+0000] {processor.py:840} INFO - DAG(s) 'minio_to_duckdb_pipeline' retrieved from /opt/airflow/dags/02_minio_to_duckdb.py
[2025-11-30T14:33:07.422+0000] {logging_mixin.py:188} INFO - [2025-11-30T14:33:07.420+0000] {dag.py:3036} INFO - Sync 1 DAGs
[2025-11-30T14:33:07.452+0000] {logging_mixin.py:188} INFO - [2025-11-30T14:33:07.451+0000] {dag.py:3823} INFO - Setting next_dagrun for minio_to_duckdb_pipeline to None, run_after=None
[2025-11-30T14:33:07.481+0000] {processor.py:183} INFO - Processing /opt/airflow/dags/02_minio_to_duckdb.py took 2.681 seconds
[2025-11-30T14:33:37.704+0000] {processor.py:161} INFO - Started process (PID=5041) to work on /opt/airflow/dags/02_minio_to_duckdb.py
[2025-11-30T14:33:37.706+0000] {processor.py:830} INFO - Processing file /opt/airflow/dags/02_minio_to_duckdb.py for tasks to queue
[2025-11-30T14:33:37.708+0000] {logging_mixin.py:188} INFO - [2025-11-30T14:33:37.707+0000] {dagbag.py:538} INFO - Filling up the DagBag from /opt/airflow/dags/02_minio_to_duckdb.py
[2025-11-30T14:33:37.848+0000] {processor.py:840} INFO - DAG(s) 'minio_to_duckdb_pipeline' retrieved from /opt/airflow/dags/02_minio_to_duckdb.py
[2025-11-30T14:33:37.895+0000] {logging_mixin.py:188} INFO - [2025-11-30T14:33:37.894+0000] {dag.py:3036} INFO - Sync 1 DAGs
[2025-11-30T14:33:37.906+0000] {logging_mixin.py:188} INFO - [2025-11-30T14:33:37.905+0000] {dag.py:3823} INFO - Setting next_dagrun for minio_to_duckdb_pipeline to None, run_after=None
[2025-11-30T14:33:37.933+0000] {processor.py:183} INFO - Processing /opt/airflow/dags/02_minio_to_duckdb.py took 0.236 seconds
[2025-11-30T14:34:08.842+0000] {processor.py:161} INFO - Started process (PID=5106) to work on /opt/airflow/dags/02_minio_to_duckdb.py
[2025-11-30T14:34:08.844+0000] {processor.py:830} INFO - Processing file /opt/airflow/dags/02_minio_to_duckdb.py for tasks to queue
[2025-11-30T14:34:08.846+0000] {logging_mixin.py:188} INFO - [2025-11-30T14:34:08.845+0000] {dagbag.py:538} INFO - Filling up the DagBag from /opt/airflow/dags/02_minio_to_duckdb.py
[2025-11-30T14:34:09.006+0000] {processor.py:840} INFO - DAG(s) 'minio_to_duckdb_pipeline' retrieved from /opt/airflow/dags/02_minio_to_duckdb.py
[2025-11-30T14:34:09.069+0000] {logging_mixin.py:188} INFO - [2025-11-30T14:34:09.068+0000] {dag.py:3036} INFO - Sync 1 DAGs
[2025-11-30T14:34:09.086+0000] {logging_mixin.py:188} INFO - [2025-11-30T14:34:09.085+0000] {dag.py:3823} INFO - Setting next_dagrun for minio_to_duckdb_pipeline to None, run_after=None
[2025-11-30T14:34:09.121+0000] {processor.py:183} INFO - Processing /opt/airflow/dags/02_minio_to_duckdb.py took 0.288 seconds
[2025-11-30T14:34:43.024+0000] {processor.py:161} INFO - Started process (PID=5168) to work on /opt/airflow/dags/02_minio_to_duckdb.py
[2025-11-30T14:34:43.209+0000] {processor.py:830} INFO - Processing file /opt/airflow/dags/02_minio_to_duckdb.py for tasks to queue
[2025-11-30T14:34:43.518+0000] {logging_mixin.py:188} INFO - [2025-11-30T14:34:43.355+0000] {dagbag.py:538} INFO - Filling up the DagBag from /opt/airflow/dags/02_minio_to_duckdb.py
[2025-11-30T14:34:57.888+0000] {processor.py:840} INFO - DAG(s) 'minio_to_duckdb_pipeline' retrieved from /opt/airflow/dags/02_minio_to_duckdb.py
[2025-11-30T14:34:57.955+0000] {logging_mixin.py:188} INFO - [2025-11-30T14:34:57.955+0000] {dag.py:3036} INFO - Sync 1 DAGs
[2025-11-30T14:34:57.979+0000] {logging_mixin.py:188} INFO - [2025-11-30T14:34:57.978+0000] {dag.py:3823} INFO - Setting next_dagrun for minio_to_duckdb_pipeline to None, run_after=None
[2025-11-30T14:34:58.026+0000] {processor.py:183} INFO - Processing /opt/airflow/dags/02_minio_to_duckdb.py took 26.651 seconds
[2025-11-30T14:35:39.153+0000] {processor.py:161} INFO - Started process (PID=5214) to work on /opt/airflow/dags/02_minio_to_duckdb.py
[2025-11-30T14:35:39.154+0000] {processor.py:830} INFO - Processing file /opt/airflow/dags/02_minio_to_duckdb.py for tasks to queue
[2025-11-30T14:35:39.155+0000] {logging_mixin.py:188} INFO - [2025-11-30T14:35:39.155+0000] {dagbag.py:538} INFO - Filling up the DagBag from /opt/airflow/dags/02_minio_to_duckdb.py
[2025-11-30T14:35:39.292+0000] {processor.py:840} INFO - DAG(s) 'minio_to_duckdb_pipeline' retrieved from /opt/airflow/dags/02_minio_to_duckdb.py
[2025-11-30T14:35:39.348+0000] {logging_mixin.py:188} INFO - [2025-11-30T14:35:39.347+0000] {dag.py:3036} INFO - Sync 1 DAGs
[2025-11-30T14:35:39.360+0000] {logging_mixin.py:188} INFO - [2025-11-30T14:35:39.360+0000] {dag.py:3823} INFO - Setting next_dagrun for minio_to_duckdb_pipeline to None, run_after=None
[2025-11-30T14:35:39.392+0000] {processor.py:183} INFO - Processing /opt/airflow/dags/02_minio_to_duckdb.py took 0.243 seconds
[2025-11-30T14:36:09.631+0000] {processor.py:161} INFO - Started process (PID=5276) to work on /opt/airflow/dags/02_minio_to_duckdb.py
[2025-11-30T14:36:09.632+0000] {processor.py:830} INFO - Processing file /opt/airflow/dags/02_minio_to_duckdb.py for tasks to queue
[2025-11-30T14:36:09.633+0000] {logging_mixin.py:188} INFO - [2025-11-30T14:36:09.633+0000] {dagbag.py:538} INFO - Filling up the DagBag from /opt/airflow/dags/02_minio_to_duckdb.py
[2025-11-30T14:36:09.812+0000] {processor.py:840} INFO - DAG(s) 'minio_to_duckdb_pipeline' retrieved from /opt/airflow/dags/02_minio_to_duckdb.py
[2025-11-30T14:36:09.879+0000] {logging_mixin.py:188} INFO - [2025-11-30T14:36:09.878+0000] {dag.py:3036} INFO - Sync 1 DAGs
[2025-11-30T14:36:09.890+0000] {logging_mixin.py:188} INFO - [2025-11-30T14:36:09.890+0000] {dag.py:3823} INFO - Setting next_dagrun for minio_to_duckdb_pipeline to None, run_after=None
[2025-11-30T14:36:09.908+0000] {processor.py:183} INFO - Processing /opt/airflow/dags/02_minio_to_duckdb.py took 0.285 seconds
[2025-11-30T14:36:40.321+0000] {processor.py:161} INFO - Started process (PID=5341) to work on /opt/airflow/dags/02_minio_to_duckdb.py
[2025-11-30T14:36:40.324+0000] {processor.py:830} INFO - Processing file /opt/airflow/dags/02_minio_to_duckdb.py for tasks to queue
[2025-11-30T14:36:40.329+0000] {logging_mixin.py:188} INFO - [2025-11-30T14:36:40.326+0000] {dagbag.py:538} INFO - Filling up the DagBag from /opt/airflow/dags/02_minio_to_duckdb.py
[2025-11-30T14:36:40.556+0000] {processor.py:840} INFO - DAG(s) 'minio_to_duckdb_pipeline' retrieved from /opt/airflow/dags/02_minio_to_duckdb.py
[2025-11-30T14:36:40.616+0000] {logging_mixin.py:188} INFO - [2025-11-30T14:36:40.615+0000] {dag.py:3036} INFO - Sync 1 DAGs
[2025-11-30T14:36:40.650+0000] {logging_mixin.py:188} INFO - [2025-11-30T14:36:40.649+0000] {dag.py:3823} INFO - Setting next_dagrun for minio_to_duckdb_pipeline to None, run_after=None
[2025-11-30T14:36:40.671+0000] {processor.py:183} INFO - Processing /opt/airflow/dags/02_minio_to_duckdb.py took 0.365 seconds
[2025-11-30T14:37:10.946+0000] {processor.py:161} INFO - Started process (PID=5406) to work on /opt/airflow/dags/02_minio_to_duckdb.py
[2025-11-30T14:37:10.947+0000] {processor.py:830} INFO - Processing file /opt/airflow/dags/02_minio_to_duckdb.py for tasks to queue
[2025-11-30T14:37:10.948+0000] {logging_mixin.py:188} INFO - [2025-11-30T14:37:10.948+0000] {dagbag.py:538} INFO - Filling up the DagBag from /opt/airflow/dags/02_minio_to_duckdb.py
[2025-11-30T14:37:11.121+0000] {processor.py:840} INFO - DAG(s) 'minio_to_duckdb_pipeline' retrieved from /opt/airflow/dags/02_minio_to_duckdb.py
[2025-11-30T14:37:11.165+0000] {logging_mixin.py:188} INFO - [2025-11-30T14:37:11.164+0000] {dag.py:3036} INFO - Sync 1 DAGs
[2025-11-30T14:37:11.189+0000] {logging_mixin.py:188} INFO - [2025-11-30T14:37:11.189+0000] {dag.py:3823} INFO - Setting next_dagrun for minio_to_duckdb_pipeline to None, run_after=None
[2025-11-30T14:37:11.216+0000] {processor.py:183} INFO - Processing /opt/airflow/dags/02_minio_to_duckdb.py took 0.275 seconds
[2025-11-30T14:37:41.634+0000] {processor.py:161} INFO - Started process (PID=5471) to work on /opt/airflow/dags/02_minio_to_duckdb.py
[2025-11-30T14:37:41.636+0000] {processor.py:830} INFO - Processing file /opt/airflow/dags/02_minio_to_duckdb.py for tasks to queue
[2025-11-30T14:37:41.638+0000] {logging_mixin.py:188} INFO - [2025-11-30T14:37:41.637+0000] {dagbag.py:538} INFO - Filling up the DagBag from /opt/airflow/dags/02_minio_to_duckdb.py
[2025-11-30T14:37:41.829+0000] {processor.py:840} INFO - DAG(s) 'minio_to_duckdb_pipeline' retrieved from /opt/airflow/dags/02_minio_to_duckdb.py
[2025-11-30T14:37:41.862+0000] {logging_mixin.py:188} INFO - [2025-11-30T14:37:41.862+0000] {dag.py:3036} INFO - Sync 1 DAGs
[2025-11-30T14:37:41.882+0000] {logging_mixin.py:188} INFO - [2025-11-30T14:37:41.881+0000] {dag.py:3823} INFO - Setting next_dagrun for minio_to_duckdb_pipeline to None, run_after=None
[2025-11-30T14:37:41.917+0000] {processor.py:183} INFO - Processing /opt/airflow/dags/02_minio_to_duckdb.py took 0.290 seconds
[2025-11-30T14:38:12.316+0000] {processor.py:161} INFO - Started process (PID=5517) to work on /opt/airflow/dags/02_minio_to_duckdb.py
[2025-11-30T14:38:12.317+0000] {processor.py:830} INFO - Processing file /opt/airflow/dags/02_minio_to_duckdb.py for tasks to queue
[2025-11-30T14:38:12.318+0000] {logging_mixin.py:188} INFO - [2025-11-30T14:38:12.318+0000] {dagbag.py:538} INFO - Filling up the DagBag from /opt/airflow/dags/02_minio_to_duckdb.py
[2025-11-30T14:38:12.588+0000] {processor.py:840} INFO - DAG(s) 'minio_to_duckdb_pipeline' retrieved from /opt/airflow/dags/02_minio_to_duckdb.py
[2025-11-30T14:38:12.726+0000] {logging_mixin.py:188} INFO - [2025-11-30T14:38:12.721+0000] {dag.py:3036} INFO - Sync 1 DAGs
[2025-11-30T14:38:12.761+0000] {logging_mixin.py:188} INFO - [2025-11-30T14:38:12.756+0000] {dag.py:3823} INFO - Setting next_dagrun for minio_to_duckdb_pipeline to None, run_after=None
[2025-11-30T14:38:12.937+0000] {processor.py:183} INFO - Processing /opt/airflow/dags/02_minio_to_duckdb.py took 0.627 seconds
[2025-11-30T14:38:46.768+0000] {processor.py:161} INFO - Started process (PID=5558) to work on /opt/airflow/dags/02_minio_to_duckdb.py
[2025-11-30T14:38:46.769+0000] {processor.py:830} INFO - Processing file /opt/airflow/dags/02_minio_to_duckdb.py for tasks to queue
[2025-11-30T14:38:46.771+0000] {logging_mixin.py:188} INFO - [2025-11-30T14:38:46.770+0000] {dagbag.py:538} INFO - Filling up the DagBag from /opt/airflow/dags/02_minio_to_duckdb.py
[2025-11-30T14:38:46.979+0000] {processor.py:840} INFO - DAG(s) 'minio_to_duckdb_pipeline' retrieved from /opt/airflow/dags/02_minio_to_duckdb.py
[2025-11-30T14:38:47.266+0000] {logging_mixin.py:188} INFO - [2025-11-30T14:38:47.266+0000] {dag.py:3036} INFO - Sync 1 DAGs
[2025-11-30T14:38:47.301+0000] {logging_mixin.py:188} INFO - [2025-11-30T14:38:47.301+0000] {dag.py:3823} INFO - Setting next_dagrun for minio_to_duckdb_pipeline to None, run_after=None
[2025-11-30T14:38:47.356+0000] {processor.py:183} INFO - Processing /opt/airflow/dags/02_minio_to_duckdb.py took 0.589 seconds
[2025-11-30T14:39:47.703+0000] {processor.py:161} INFO - Started process (PID=5606) to work on /opt/airflow/dags/02_minio_to_duckdb.py
[2025-11-30T14:39:47.710+0000] {processor.py:830} INFO - Processing file /opt/airflow/dags/02_minio_to_duckdb.py for tasks to queue
[2025-11-30T14:39:47.715+0000] {logging_mixin.py:188} INFO - [2025-11-30T14:39:47.711+0000] {dagbag.py:538} INFO - Filling up the DagBag from /opt/airflow/dags/02_minio_to_duckdb.py
[2025-11-30T14:41:20.225+0000] {processor.py:161} INFO - Started process (PID=5666) to work on /opt/airflow/dags/02_minio_to_duckdb.py
[2025-11-30T14:41:20.227+0000] {processor.py:830} INFO - Processing file /opt/airflow/dags/02_minio_to_duckdb.py for tasks to queue
[2025-11-30T14:41:20.229+0000] {logging_mixin.py:188} INFO - [2025-11-30T14:41:20.228+0000] {dagbag.py:538} INFO - Filling up the DagBag from /opt/airflow/dags/02_minio_to_duckdb.py
[2025-11-30T14:41:20.460+0000] {processor.py:840} INFO - DAG(s) 'minio_to_duckdb_pipeline' retrieved from /opt/airflow/dags/02_minio_to_duckdb.py
[2025-11-30T14:41:20.626+0000] {logging_mixin.py:188} INFO - [2025-11-30T14:41:20.624+0000] {dag.py:3036} INFO - Sync 1 DAGs
[2025-11-30T14:41:20.639+0000] {logging_mixin.py:188} INFO - [2025-11-30T14:41:20.638+0000] {dag.py:3823} INFO - Setting next_dagrun for minio_to_duckdb_pipeline to None, run_after=None
[2025-11-30T14:41:20.679+0000] {processor.py:183} INFO - Processing /opt/airflow/dags/02_minio_to_duckdb.py took 0.459 seconds
[2025-11-30T14:42:00.989+0000] {processor.py:161} INFO - Started process (PID=5728) to work on /opt/airflow/dags/02_minio_to_duckdb.py
[2025-11-30T14:42:00.995+0000] {processor.py:830} INFO - Processing file /opt/airflow/dags/02_minio_to_duckdb.py for tasks to queue
[2025-11-30T14:42:00.996+0000] {logging_mixin.py:188} INFO - [2025-11-30T14:42:00.996+0000] {dagbag.py:538} INFO - Filling up the DagBag from /opt/airflow/dags/02_minio_to_duckdb.py
[2025-11-30T14:42:01.189+0000] {processor.py:840} INFO - DAG(s) 'minio_to_duckdb_pipeline' retrieved from /opt/airflow/dags/02_minio_to_duckdb.py
[2025-11-30T14:42:01.217+0000] {logging_mixin.py:188} INFO - [2025-11-30T14:42:01.217+0000] {dag.py:3036} INFO - Sync 1 DAGs
[2025-11-30T14:42:01.229+0000] {logging_mixin.py:188} INFO - [2025-11-30T14:42:01.229+0000] {dag.py:3823} INFO - Setting next_dagrun for minio_to_duckdb_pipeline to None, run_after=None
[2025-11-30T14:42:01.273+0000] {processor.py:183} INFO - Processing /opt/airflow/dags/02_minio_to_duckdb.py took 0.291 seconds
[2025-11-30T14:42:31.506+0000] {processor.py:161} INFO - Started process (PID=5770) to work on /opt/airflow/dags/02_minio_to_duckdb.py
[2025-11-30T14:42:31.508+0000] {processor.py:830} INFO - Processing file /opt/airflow/dags/02_minio_to_duckdb.py for tasks to queue
[2025-11-30T14:42:31.510+0000] {logging_mixin.py:188} INFO - [2025-11-30T14:42:31.509+0000] {dagbag.py:538} INFO - Filling up the DagBag from /opt/airflow/dags/02_minio_to_duckdb.py
[2025-11-30T14:42:32.416+0000] {processor.py:840} INFO - DAG(s) 'minio_to_duckdb_pipeline' retrieved from /opt/airflow/dags/02_minio_to_duckdb.py
[2025-11-30T14:42:32.463+0000] {logging_mixin.py:188} INFO - [2025-11-30T14:42:32.461+0000] {dag.py:3036} INFO - Sync 1 DAGs
[2025-11-30T14:42:32.474+0000] {logging_mixin.py:188} INFO - [2025-11-30T14:42:32.474+0000] {dag.py:3823} INFO - Setting next_dagrun for minio_to_duckdb_pipeline to None, run_after=None
[2025-11-30T14:42:32.657+0000] {processor.py:183} INFO - Processing /opt/airflow/dags/02_minio_to_duckdb.py took 1.156 seconds
[2025-11-30T14:43:03.650+0000] {processor.py:161} INFO - Started process (PID=5819) to work on /opt/airflow/dags/02_minio_to_duckdb.py
[2025-11-30T14:43:03.654+0000] {processor.py:830} INFO - Processing file /opt/airflow/dags/02_minio_to_duckdb.py for tasks to queue
[2025-11-30T14:43:03.657+0000] {logging_mixin.py:188} INFO - [2025-11-30T14:43:03.656+0000] {dagbag.py:538} INFO - Filling up the DagBag from /opt/airflow/dags/02_minio_to_duckdb.py
[2025-11-30T14:43:13.752+0000] {processor.py:840} INFO - DAG(s) 'minio_to_duckdb_pipeline' retrieved from /opt/airflow/dags/02_minio_to_duckdb.py
[2025-11-30T14:43:14.026+0000] {logging_mixin.py:188} INFO - [2025-11-30T14:43:14.019+0000] {dag.py:3036} INFO - Sync 1 DAGs
[2025-11-30T14:43:14.111+0000] {logging_mixin.py:188} INFO - [2025-11-30T14:43:14.109+0000] {dag.py:3823} INFO - Setting next_dagrun for minio_to_duckdb_pipeline to None, run_after=None
[2025-11-30T14:43:14.197+0000] {processor.py:183} INFO - Processing /opt/airflow/dags/02_minio_to_duckdb.py took 10.937 seconds
[2025-11-30T14:43:45.882+0000] {processor.py:161} INFO - Started process (PID=5881) to work on /opt/airflow/dags/02_minio_to_duckdb.py
[2025-11-30T14:43:45.883+0000] {processor.py:830} INFO - Processing file /opt/airflow/dags/02_minio_to_duckdb.py for tasks to queue
[2025-11-30T14:43:45.885+0000] {logging_mixin.py:188} INFO - [2025-11-30T14:43:45.884+0000] {dagbag.py:538} INFO - Filling up the DagBag from /opt/airflow/dags/02_minio_to_duckdb.py
[2025-11-30T14:43:46.174+0000] {processor.py:840} INFO - DAG(s) 'minio_to_duckdb_pipeline' retrieved from /opt/airflow/dags/02_minio_to_duckdb.py
[2025-11-30T14:43:46.247+0000] {logging_mixin.py:188} INFO - [2025-11-30T14:43:46.246+0000] {dag.py:3036} INFO - Sync 1 DAGs
[2025-11-30T14:43:46.258+0000] {logging_mixin.py:188} INFO - [2025-11-30T14:43:46.258+0000] {dag.py:3823} INFO - Setting next_dagrun for minio_to_duckdb_pipeline to None, run_after=None
[2025-11-30T14:43:46.287+0000] {processor.py:183} INFO - Processing /opt/airflow/dags/02_minio_to_duckdb.py took 0.409 seconds
[2025-11-30T14:44:17.224+0000] {processor.py:161} INFO - Started process (PID=5946) to work on /opt/airflow/dags/02_minio_to_duckdb.py
[2025-11-30T14:44:17.225+0000] {processor.py:830} INFO - Processing file /opt/airflow/dags/02_minio_to_duckdb.py for tasks to queue
[2025-11-30T14:44:17.227+0000] {logging_mixin.py:188} INFO - [2025-11-30T14:44:17.226+0000] {dagbag.py:538} INFO - Filling up the DagBag from /opt/airflow/dags/02_minio_to_duckdb.py
[2025-11-30T14:44:17.420+0000] {processor.py:840} INFO - DAG(s) 'minio_to_duckdb_pipeline' retrieved from /opt/airflow/dags/02_minio_to_duckdb.py
[2025-11-30T14:44:17.461+0000] {logging_mixin.py:188} INFO - [2025-11-30T14:44:17.461+0000] {dag.py:3036} INFO - Sync 1 DAGs
[2025-11-30T14:44:17.475+0000] {logging_mixin.py:188} INFO - [2025-11-30T14:44:17.475+0000] {dag.py:3823} INFO - Setting next_dagrun for minio_to_duckdb_pipeline to None, run_after=None
[2025-11-30T14:44:17.495+0000] {processor.py:183} INFO - Processing /opt/airflow/dags/02_minio_to_duckdb.py took 0.276 seconds
[2025-11-30T14:44:48.117+0000] {processor.py:161} INFO - Started process (PID=6011) to work on /opt/airflow/dags/02_minio_to_duckdb.py
[2025-11-30T14:44:48.119+0000] {processor.py:830} INFO - Processing file /opt/airflow/dags/02_minio_to_duckdb.py for tasks to queue
[2025-11-30T14:44:48.120+0000] {logging_mixin.py:188} INFO - [2025-11-30T14:44:48.120+0000] {dagbag.py:538} INFO - Filling up the DagBag from /opt/airflow/dags/02_minio_to_duckdb.py
[2025-11-30T14:44:48.292+0000] {processor.py:840} INFO - DAG(s) 'minio_to_duckdb_pipeline' retrieved from /opt/airflow/dags/02_minio_to_duckdb.py
[2025-11-30T14:44:48.319+0000] {logging_mixin.py:188} INFO - [2025-11-30T14:44:48.319+0000] {dag.py:3036} INFO - Sync 1 DAGs
[2025-11-30T14:44:48.329+0000] {logging_mixin.py:188} INFO - [2025-11-30T14:44:48.329+0000] {dag.py:3823} INFO - Setting next_dagrun for minio_to_duckdb_pipeline to None, run_after=None
[2025-11-30T14:44:48.344+0000] {processor.py:183} INFO - Processing /opt/airflow/dags/02_minio_to_duckdb.py took 0.233 seconds
[2025-11-30T14:45:18.858+0000] {processor.py:161} INFO - Started process (PID=6052) to work on /opt/airflow/dags/02_minio_to_duckdb.py
[2025-11-30T14:45:18.860+0000] {processor.py:830} INFO - Processing file /opt/airflow/dags/02_minio_to_duckdb.py for tasks to queue
[2025-11-30T14:45:18.862+0000] {logging_mixin.py:188} INFO - [2025-11-30T14:45:18.861+0000] {dagbag.py:538} INFO - Filling up the DagBag from /opt/airflow/dags/02_minio_to_duckdb.py
[2025-11-30T14:45:19.119+0000] {processor.py:840} INFO - DAG(s) 'minio_to_duckdb_pipeline' retrieved from /opt/airflow/dags/02_minio_to_duckdb.py
[2025-11-30T14:45:19.211+0000] {logging_mixin.py:188} INFO - [2025-11-30T14:45:19.209+0000] {dag.py:3036} INFO - Sync 1 DAGs
[2025-11-30T14:45:19.241+0000] {logging_mixin.py:188} INFO - [2025-11-30T14:45:19.238+0000] {dag.py:3823} INFO - Setting next_dagrun for minio_to_duckdb_pipeline to None, run_after=None
[2025-11-30T14:45:19.303+0000] {processor.py:183} INFO - Processing /opt/airflow/dags/02_minio_to_duckdb.py took 0.451 seconds
[2025-11-30T14:46:13.607+0000] {processor.py:161} INFO - Started process (PID=6114) to work on /opt/airflow/dags/02_minio_to_duckdb.py
[2025-11-30T14:46:13.610+0000] {processor.py:830} INFO - Processing file /opt/airflow/dags/02_minio_to_duckdb.py for tasks to queue
[2025-11-30T14:46:13.616+0000] {logging_mixin.py:188} INFO - [2025-11-30T14:46:13.612+0000] {dagbag.py:538} INFO - Filling up the DagBag from /opt/airflow/dags/02_minio_to_duckdb.py
[2025-11-30T14:46:13.966+0000] {processor.py:840} INFO - DAG(s) 'minio_to_duckdb_pipeline' retrieved from /opt/airflow/dags/02_minio_to_duckdb.py
[2025-11-30T14:46:14.015+0000] {logging_mixin.py:188} INFO - [2025-11-30T14:46:14.014+0000] {dag.py:3036} INFO - Sync 1 DAGs
[2025-11-30T14:46:14.028+0000] {logging_mixin.py:188} INFO - [2025-11-30T14:46:14.028+0000] {dag.py:3823} INFO - Setting next_dagrun for minio_to_duckdb_pipeline to None, run_after=None
[2025-11-30T14:46:14.060+0000] {processor.py:183} INFO - Processing /opt/airflow/dags/02_minio_to_duckdb.py took 0.458 seconds
[2025-11-30T14:46:46.045+0000] {processor.py:161} INFO - Started process (PID=6176) to work on /opt/airflow/dags/02_minio_to_duckdb.py
[2025-11-30T14:46:46.047+0000] {processor.py:830} INFO - Processing file /opt/airflow/dags/02_minio_to_duckdb.py for tasks to queue
[2025-11-30T14:46:46.048+0000] {logging_mixin.py:188} INFO - [2025-11-30T14:46:46.048+0000] {dagbag.py:538} INFO - Filling up the DagBag from /opt/airflow/dags/02_minio_to_duckdb.py
[2025-11-30T14:46:46.241+0000] {processor.py:840} INFO - DAG(s) 'minio_to_duckdb_pipeline' retrieved from /opt/airflow/dags/02_minio_to_duckdb.py
[2025-11-30T14:46:46.289+0000] {logging_mixin.py:188} INFO - [2025-11-30T14:46:46.289+0000] {dag.py:3036} INFO - Sync 1 DAGs
[2025-11-30T14:46:46.309+0000] {logging_mixin.py:188} INFO - [2025-11-30T14:46:46.308+0000] {dag.py:3823} INFO - Setting next_dagrun for minio_to_duckdb_pipeline to None, run_after=None
[2025-11-30T14:46:46.331+0000] {processor.py:183} INFO - Processing /opt/airflow/dags/02_minio_to_duckdb.py took 0.293 seconds
[2025-11-30T14:47:16.605+0000] {processor.py:161} INFO - Started process (PID=6202) to work on /opt/airflow/dags/02_minio_to_duckdb.py
[2025-11-30T14:47:16.608+0000] {processor.py:830} INFO - Processing file /opt/airflow/dags/02_minio_to_duckdb.py for tasks to queue
[2025-11-30T14:47:16.613+0000] {logging_mixin.py:188} INFO - [2025-11-30T14:47:16.611+0000] {dagbag.py:538} INFO - Filling up the DagBag from /opt/airflow/dags/02_minio_to_duckdb.py
[2025-11-30T14:47:16.889+0000] {processor.py:840} INFO - DAG(s) 'minio_to_duckdb_pipeline' retrieved from /opt/airflow/dags/02_minio_to_duckdb.py
[2025-11-30T14:47:17.135+0000] {logging_mixin.py:188} INFO - [2025-11-30T14:47:17.130+0000] {dag.py:3036} INFO - Sync 1 DAGs
[2025-11-30T14:47:17.387+0000] {logging_mixin.py:188} INFO - [2025-11-30T14:47:17.372+0000] {dag.py:3823} INFO - Setting next_dagrun for minio_to_duckdb_pipeline to None, run_after=None
[2025-11-30T14:47:32.014+0000] {processor.py:183} INFO - Processing /opt/airflow/dags/02_minio_to_duckdb.py took 15.792 seconds
[2025-11-30T14:48:05.111+0000] {processor.py:161} INFO - Started process (PID=6264) to work on /opt/airflow/dags/02_minio_to_duckdb.py
[2025-11-30T14:48:05.114+0000] {processor.py:830} INFO - Processing file /opt/airflow/dags/02_minio_to_duckdb.py for tasks to queue
[2025-11-30T14:48:05.116+0000] {logging_mixin.py:188} INFO - [2025-11-30T14:48:05.115+0000] {dagbag.py:538} INFO - Filling up the DagBag from /opt/airflow/dags/02_minio_to_duckdb.py
[2025-11-30T14:48:05.541+0000] {processor.py:840} INFO - DAG(s) 'minio_to_duckdb_pipeline' retrieved from /opt/airflow/dags/02_minio_to_duckdb.py
[2025-11-30T14:48:05.710+0000] {logging_mixin.py:188} INFO - [2025-11-30T14:48:05.708+0000] {dag.py:3036} INFO - Sync 1 DAGs
[2025-11-30T14:48:05.738+0000] {logging_mixin.py:188} INFO - [2025-11-30T14:48:05.737+0000] {dag.py:3823} INFO - Setting next_dagrun for minio_to_duckdb_pipeline to None, run_after=None
[2025-11-30T14:48:05.922+0000] {processor.py:183} INFO - Processing /opt/airflow/dags/02_minio_to_duckdb.py took 0.821 seconds
[2025-11-30T14:48:36.436+0000] {processor.py:161} INFO - Started process (PID=6329) to work on /opt/airflow/dags/02_minio_to_duckdb.py
[2025-11-30T14:48:36.437+0000] {processor.py:830} INFO - Processing file /opt/airflow/dags/02_minio_to_duckdb.py for tasks to queue
[2025-11-30T14:48:36.439+0000] {logging_mixin.py:188} INFO - [2025-11-30T14:48:36.438+0000] {dagbag.py:538} INFO - Filling up the DagBag from /opt/airflow/dags/02_minio_to_duckdb.py
[2025-11-30T14:48:36.590+0000] {processor.py:840} INFO - DAG(s) 'minio_to_duckdb_pipeline' retrieved from /opt/airflow/dags/02_minio_to_duckdb.py
[2025-11-30T14:48:36.675+0000] {logging_mixin.py:188} INFO - [2025-11-30T14:48:36.674+0000] {dag.py:3036} INFO - Sync 1 DAGs
[2025-11-30T14:48:36.693+0000] {logging_mixin.py:188} INFO - [2025-11-30T14:48:36.693+0000] {dag.py:3823} INFO - Setting next_dagrun for minio_to_duckdb_pipeline to None, run_after=None
[2025-11-30T14:48:36.711+0000] {processor.py:183} INFO - Processing /opt/airflow/dags/02_minio_to_duckdb.py took 0.279 seconds
[2025-11-30T14:49:24.470+0000] {processor.py:161} INFO - Started process (PID=6391) to work on /opt/airflow/dags/02_minio_to_duckdb.py
[2025-11-30T14:49:24.483+0000] {processor.py:830} INFO - Processing file /opt/airflow/dags/02_minio_to_duckdb.py for tasks to queue
[2025-11-30T14:49:24.537+0000] {logging_mixin.py:188} INFO - [2025-11-30T14:49:24.486+0000] {dagbag.py:538} INFO - Filling up the DagBag from /opt/airflow/dags/02_minio_to_duckdb.py
[2025-11-30T14:49:53.536+0000] {processor.py:840} INFO - DAG(s) 'minio_to_duckdb_pipeline' retrieved from /opt/airflow/dags/02_minio_to_duckdb.py
[2025-11-30T14:49:54.055+0000] {logging_mixin.py:188} INFO - [2025-11-30T14:49:54.055+0000] {dag.py:3036} INFO - Sync 1 DAGs
[2025-11-30T14:49:54.093+0000] {logging_mixin.py:188} INFO - [2025-11-30T14:49:54.092+0000] {dag.py:3823} INFO - Setting next_dagrun for minio_to_duckdb_pipeline to None, run_after=None
[2025-11-30T14:49:54.144+0000] {processor.py:183} INFO - Processing /opt/airflow/dags/02_minio_to_duckdb.py took 29.971 seconds
[2025-11-30T14:50:24.951+0000] {processor.py:161} INFO - Started process (PID=6458) to work on /opt/airflow/dags/02_minio_to_duckdb.py
[2025-11-30T14:50:24.952+0000] {processor.py:830} INFO - Processing file /opt/airflow/dags/02_minio_to_duckdb.py for tasks to queue
[2025-11-30T14:50:24.953+0000] {logging_mixin.py:188} INFO - [2025-11-30T14:50:24.953+0000] {dagbag.py:538} INFO - Filling up the DagBag from /opt/airflow/dags/02_minio_to_duckdb.py
[2025-11-30T14:50:25.434+0000] {processor.py:840} INFO - DAG(s) 'minio_to_duckdb_pipeline' retrieved from /opt/airflow/dags/02_minio_to_duckdb.py
[2025-11-30T14:50:28.300+0000] {logging_mixin.py:188} INFO - [2025-11-30T14:50:28.236+0000] {dag.py:3036} INFO - Sync 1 DAGs
[2025-11-30T14:50:29.160+0000] {logging_mixin.py:188} INFO - [2025-11-30T14:50:29.059+0000] {dag.py:3823} INFO - Setting next_dagrun for minio_to_duckdb_pipeline to None, run_after=None
[2025-11-30T14:50:36.875+0000] {processor.py:183} INFO - Processing /opt/airflow/dags/02_minio_to_duckdb.py took 11.949 seconds
[2025-11-30T14:51:35.602+0000] {processor.py:161} INFO - Started process (PID=6522) to work on /opt/airflow/dags/02_minio_to_duckdb.py
[2025-11-30T14:51:35.603+0000] {processor.py:830} INFO - Processing file /opt/airflow/dags/02_minio_to_duckdb.py for tasks to queue
[2025-11-30T14:51:35.603+0000] {logging_mixin.py:188} INFO - [2025-11-30T14:51:35.603+0000] {dagbag.py:538} INFO - Filling up the DagBag from /opt/airflow/dags/02_minio_to_duckdb.py
[2025-11-30T14:51:35.723+0000] {processor.py:840} INFO - DAG(s) 'minio_to_duckdb_pipeline' retrieved from /opt/airflow/dags/02_minio_to_duckdb.py
[2025-11-30T14:51:35.767+0000] {logging_mixin.py:188} INFO - [2025-11-30T14:51:35.767+0000] {dag.py:3036} INFO - Sync 1 DAGs
[2025-11-30T14:51:35.782+0000] {logging_mixin.py:188} INFO - [2025-11-30T14:51:35.781+0000] {dag.py:3823} INFO - Setting next_dagrun for minio_to_duckdb_pipeline to None, run_after=None
[2025-11-30T14:51:35.804+0000] {processor.py:183} INFO - Processing /opt/airflow/dags/02_minio_to_duckdb.py took 0.206 seconds
[2025-11-30T14:52:12.679+0000] {processor.py:161} INFO - Started process (PID=6586) to work on /opt/airflow/dags/02_minio_to_duckdb.py
[2025-11-30T14:52:12.681+0000] {processor.py:830} INFO - Processing file /opt/airflow/dags/02_minio_to_duckdb.py for tasks to queue
[2025-11-30T14:52:12.683+0000] {logging_mixin.py:188} INFO - [2025-11-30T14:52:12.682+0000] {dagbag.py:538} INFO - Filling up the DagBag from /opt/airflow/dags/02_minio_to_duckdb.py
[2025-11-30T14:52:12.948+0000] {processor.py:840} INFO - DAG(s) 'minio_to_duckdb_pipeline' retrieved from /opt/airflow/dags/02_minio_to_duckdb.py
[2025-11-30T14:52:13.025+0000] {logging_mixin.py:188} INFO - [2025-11-30T14:52:13.022+0000] {dag.py:3036} INFO - Sync 1 DAGs
[2025-11-30T14:52:13.058+0000] {logging_mixin.py:188} INFO - [2025-11-30T14:52:13.056+0000] {dag.py:3823} INFO - Setting next_dagrun for minio_to_duckdb_pipeline to None, run_after=None
[2025-11-30T14:52:13.122+0000] {processor.py:183} INFO - Processing /opt/airflow/dags/02_minio_to_duckdb.py took 0.450 seconds
[2025-11-30T14:53:12.127+0000] {processor.py:161} INFO - Started process (PID=6607) to work on /opt/airflow/dags/02_minio_to_duckdb.py
[2025-11-30T14:53:12.128+0000] {processor.py:830} INFO - Processing file /opt/airflow/dags/02_minio_to_duckdb.py for tasks to queue
[2025-11-30T14:53:12.129+0000] {logging_mixin.py:188} INFO - [2025-11-30T14:53:12.128+0000] {dagbag.py:538} INFO - Filling up the DagBag from /opt/airflow/dags/02_minio_to_duckdb.py
[2025-11-30T14:53:12.382+0000] {processor.py:840} INFO - DAG(s) 'minio_to_duckdb_pipeline' retrieved from /opt/airflow/dags/02_minio_to_duckdb.py
[2025-11-30T14:53:12.899+0000] {logging_mixin.py:188} INFO - [2025-11-30T14:53:12.899+0000] {dag.py:3036} INFO - Sync 1 DAGs
[2025-11-30T14:53:12.920+0000] {logging_mixin.py:188} INFO - [2025-11-30T14:53:12.920+0000] {dag.py:3823} INFO - Setting next_dagrun for minio_to_duckdb_pipeline to None, run_after=None
[2025-11-30T14:53:12.975+0000] {processor.py:183} INFO - Processing /opt/airflow/dags/02_minio_to_duckdb.py took 0.795 seconds
[2025-11-30T14:54:09.108+0000] {processor.py:161} INFO - Started process (PID=6689) to work on /opt/airflow/dags/02_minio_to_duckdb.py
[2025-11-30T14:54:09.112+0000] {processor.py:830} INFO - Processing file /opt/airflow/dags/02_minio_to_duckdb.py for tasks to queue
[2025-11-30T14:54:09.114+0000] {logging_mixin.py:188} INFO - [2025-11-30T14:54:09.114+0000] {dagbag.py:538} INFO - Filling up the DagBag from /opt/airflow/dags/02_minio_to_duckdb.py
[2025-11-30T14:54:09.314+0000] {processor.py:840} INFO - DAG(s) 'minio_to_duckdb_pipeline' retrieved from /opt/airflow/dags/02_minio_to_duckdb.py
[2025-11-30T14:54:09.356+0000] {logging_mixin.py:188} INFO - [2025-11-30T14:54:09.356+0000] {dag.py:3036} INFO - Sync 1 DAGs
[2025-11-30T14:54:09.422+0000] {logging_mixin.py:188} INFO - [2025-11-30T14:54:09.421+0000] {dag.py:3823} INFO - Setting next_dagrun for minio_to_duckdb_pipeline to None, run_after=None
[2025-11-30T14:54:09.450+0000] {processor.py:183} INFO - Processing /opt/airflow/dags/02_minio_to_duckdb.py took 0.347 seconds
[2025-11-30T14:54:39.602+0000] {processor.py:161} INFO - Started process (PID=6715) to work on /opt/airflow/dags/02_minio_to_duckdb.py
[2025-11-30T14:54:39.607+0000] {processor.py:830} INFO - Processing file /opt/airflow/dags/02_minio_to_duckdb.py for tasks to queue
[2025-11-30T14:54:39.611+0000] {logging_mixin.py:188} INFO - [2025-11-30T14:54:39.609+0000] {dagbag.py:538} INFO - Filling up the DagBag from /opt/airflow/dags/02_minio_to_duckdb.py
[2025-11-30T14:54:42.819+0000] {processor.py:840} INFO - DAG(s) 'minio_to_duckdb_pipeline' retrieved from /opt/airflow/dags/02_minio_to_duckdb.py
[2025-11-30T14:54:44.008+0000] {logging_mixin.py:188} INFO - [2025-11-30T14:54:43.912+0000] {dag.py:3036} INFO - Sync 1 DAGs
[2025-11-30T14:54:45.719+0000] {logging_mixin.py:188} INFO - [2025-11-30T14:54:45.648+0000] {dag.py:3823} INFO - Setting next_dagrun for minio_to_duckdb_pipeline to None, run_after=None
[2025-11-30T14:55:10.032+0000] {processor.py:183} INFO - Processing /opt/airflow/dags/02_minio_to_duckdb.py took 30.453 seconds
[2025-11-30T14:55:40.418+0000] {processor.py:161} INFO - Started process (PID=6780) to work on /opt/airflow/dags/02_minio_to_duckdb.py
[2025-11-30T14:55:40.421+0000] {processor.py:830} INFO - Processing file /opt/airflow/dags/02_minio_to_duckdb.py for tasks to queue
[2025-11-30T14:55:40.423+0000] {logging_mixin.py:188} INFO - [2025-11-30T14:55:40.422+0000] {dagbag.py:538} INFO - Filling up the DagBag from /opt/airflow/dags/02_minio_to_duckdb.py
[2025-11-30T14:55:40.830+0000] {processor.py:840} INFO - DAG(s) 'minio_to_duckdb_pipeline' retrieved from /opt/airflow/dags/02_minio_to_duckdb.py
[2025-11-30T14:55:41.003+0000] {logging_mixin.py:188} INFO - [2025-11-30T14:55:40.996+0000] {dag.py:3036} INFO - Sync 1 DAGs
[2025-11-30T14:55:41.453+0000] {logging_mixin.py:188} INFO - [2025-11-30T14:55:41.449+0000] {dag.py:3823} INFO - Setting next_dagrun for minio_to_duckdb_pipeline to None, run_after=None
[2025-11-30T14:55:41.494+0000] {processor.py:183} INFO - Processing /opt/airflow/dags/02_minio_to_duckdb.py took 1.083 seconds
[2025-11-30T14:56:12.550+0000] {processor.py:161} INFO - Started process (PID=6845) to work on /opt/airflow/dags/02_minio_to_duckdb.py
[2025-11-30T14:56:12.552+0000] {processor.py:830} INFO - Processing file /opt/airflow/dags/02_minio_to_duckdb.py for tasks to queue
[2025-11-30T14:56:12.554+0000] {logging_mixin.py:188} INFO - [2025-11-30T14:56:12.553+0000] {dagbag.py:538} INFO - Filling up the DagBag from /opt/airflow/dags/02_minio_to_duckdb.py
[2025-11-30T14:56:12.854+0000] {processor.py:840} INFO - DAG(s) 'minio_to_duckdb_pipeline' retrieved from /opt/airflow/dags/02_minio_to_duckdb.py
[2025-11-30T14:56:13.233+0000] {logging_mixin.py:188} INFO - [2025-11-30T14:56:13.223+0000] {dag.py:3036} INFO - Sync 1 DAGs
[2025-11-30T14:56:13.287+0000] {logging_mixin.py:188} INFO - [2025-11-30T14:56:13.285+0000] {dag.py:3823} INFO - Setting next_dagrun for minio_to_duckdb_pipeline to None, run_after=None
[2025-11-30T14:56:13.652+0000] {processor.py:183} INFO - Processing /opt/airflow/dags/02_minio_to_duckdb.py took 1.110 seconds
[2025-11-30T14:56:44.309+0000] {processor.py:161} INFO - Started process (PID=6910) to work on /opt/airflow/dags/02_minio_to_duckdb.py
[2025-11-30T14:56:44.311+0000] {processor.py:830} INFO - Processing file /opt/airflow/dags/02_minio_to_duckdb.py for tasks to queue
[2025-11-30T14:56:44.313+0000] {logging_mixin.py:188} INFO - [2025-11-30T14:56:44.312+0000] {dagbag.py:538} INFO - Filling up the DagBag from /opt/airflow/dags/02_minio_to_duckdb.py
[2025-11-30T14:56:44.708+0000] {processor.py:840} INFO - DAG(s) 'minio_to_duckdb_pipeline' retrieved from /opt/airflow/dags/02_minio_to_duckdb.py
[2025-11-30T14:56:44.819+0000] {logging_mixin.py:188} INFO - [2025-11-30T14:56:44.816+0000] {dag.py:3036} INFO - Sync 1 DAGs
[2025-11-30T14:56:44.860+0000] {logging_mixin.py:188} INFO - [2025-11-30T14:56:44.857+0000] {dag.py:3823} INFO - Setting next_dagrun for minio_to_duckdb_pipeline to None, run_after=None
[2025-11-30T14:56:45.646+0000] {processor.py:183} INFO - Processing /opt/airflow/dags/02_minio_to_duckdb.py took 1.341 seconds
[2025-11-30T14:57:16.611+0000] {processor.py:161} INFO - Started process (PID=6975) to work on /opt/airflow/dags/02_minio_to_duckdb.py
[2025-11-30T14:57:16.613+0000] {processor.py:830} INFO - Processing file /opt/airflow/dags/02_minio_to_duckdb.py for tasks to queue
[2025-11-30T14:57:16.616+0000] {logging_mixin.py:188} INFO - [2025-11-30T14:57:16.615+0000] {dagbag.py:538} INFO - Filling up the DagBag from /opt/airflow/dags/02_minio_to_duckdb.py
[2025-11-30T14:57:16.877+0000] {processor.py:840} INFO - DAG(s) 'minio_to_duckdb_pipeline' retrieved from /opt/airflow/dags/02_minio_to_duckdb.py
[2025-11-30T14:57:17.024+0000] {logging_mixin.py:188} INFO - [2025-11-30T14:57:17.021+0000] {dag.py:3036} INFO - Sync 1 DAGs
[2025-11-30T14:57:17.049+0000] {logging_mixin.py:188} INFO - [2025-11-30T14:57:17.048+0000] {dag.py:3823} INFO - Setting next_dagrun for minio_to_duckdb_pipeline to None, run_after=None
[2025-11-30T14:57:17.107+0000] {processor.py:183} INFO - Processing /opt/airflow/dags/02_minio_to_duckdb.py took 0.506 seconds
[2025-11-30T14:58:03.320+0000] {processor.py:161} INFO - Started process (PID=7055) to work on /opt/airflow/dags/02_minio_to_duckdb.py
[2025-11-30T14:58:03.321+0000] {processor.py:830} INFO - Processing file /opt/airflow/dags/02_minio_to_duckdb.py for tasks to queue
[2025-11-30T14:58:03.323+0000] {logging_mixin.py:188} INFO - [2025-11-30T14:58:03.322+0000] {dagbag.py:538} INFO - Filling up the DagBag from /opt/airflow/dags/02_minio_to_duckdb.py
[2025-11-30T14:58:03.523+0000] {processor.py:840} INFO - DAG(s) 'minio_to_duckdb_pipeline' retrieved from /opt/airflow/dags/02_minio_to_duckdb.py
[2025-11-30T14:58:03.562+0000] {logging_mixin.py:188} INFO - [2025-11-30T14:58:03.562+0000] {dag.py:3036} INFO - Sync 1 DAGs
[2025-11-30T14:58:03.589+0000] {logging_mixin.py:188} INFO - [2025-11-30T14:58:03.589+0000] {dag.py:3823} INFO - Setting next_dagrun for minio_to_duckdb_pipeline to None, run_after=None
[2025-11-30T14:58:03.634+0000] {processor.py:183} INFO - Processing /opt/airflow/dags/02_minio_to_duckdb.py took 0.319 seconds
[2025-11-30T14:58:33.745+0000] {processor.py:161} INFO - Started process (PID=7081) to work on /opt/airflow/dags/02_minio_to_duckdb.py
[2025-11-30T14:58:33.752+0000] {processor.py:830} INFO - Processing file /opt/airflow/dags/02_minio_to_duckdb.py for tasks to queue
[2025-11-30T14:58:33.771+0000] {logging_mixin.py:188} INFO - [2025-11-30T14:58:33.760+0000] {dagbag.py:538} INFO - Filling up the DagBag from /opt/airflow/dags/02_minio_to_duckdb.py
[2025-11-30T14:58:40.100+0000] {processor.py:840} INFO - DAG(s) 'minio_to_duckdb_pipeline' retrieved from /opt/airflow/dags/02_minio_to_duckdb.py
[2025-11-30T14:58:40.708+0000] {logging_mixin.py:188} INFO - [2025-11-30T14:58:40.683+0000] {dag.py:3036} INFO - Sync 1 DAGs
[2025-11-30T14:58:40.955+0000] {logging_mixin.py:188} INFO - [2025-11-30T14:58:40.935+0000] {dag.py:3823} INFO - Setting next_dagrun for minio_to_duckdb_pipeline to None, run_after=None
[2025-11-30T14:58:41.927+0000] {processor.py:183} INFO - Processing /opt/airflow/dags/02_minio_to_duckdb.py took 8.194 seconds
[2025-11-30T14:59:12.464+0000] {processor.py:161} INFO - Started process (PID=7143) to work on /opt/airflow/dags/02_minio_to_duckdb.py
[2025-11-30T14:59:12.466+0000] {processor.py:830} INFO - Processing file /opt/airflow/dags/02_minio_to_duckdb.py for tasks to queue
[2025-11-30T14:59:12.468+0000] {logging_mixin.py:188} INFO - [2025-11-30T14:59:12.468+0000] {dagbag.py:538} INFO - Filling up the DagBag from /opt/airflow/dags/02_minio_to_duckdb.py
[2025-11-30T14:59:12.636+0000] {processor.py:840} INFO - DAG(s) 'minio_to_duckdb_pipeline' retrieved from /opt/airflow/dags/02_minio_to_duckdb.py
[2025-11-30T14:59:12.793+0000] {logging_mixin.py:188} INFO - [2025-11-30T14:59:12.791+0000] {dag.py:3036} INFO - Sync 1 DAGs
[2025-11-30T14:59:12.819+0000] {logging_mixin.py:188} INFO - [2025-11-30T14:59:12.817+0000] {dag.py:3823} INFO - Setting next_dagrun for minio_to_duckdb_pipeline to None, run_after=None
[2025-11-30T14:59:12.889+0000] {processor.py:183} INFO - Processing /opt/airflow/dags/02_minio_to_duckdb.py took 0.431 seconds
[2025-11-30T15:00:17.312+0000] {processor.py:161} INFO - Started process (PID=7208) to work on /opt/airflow/dags/02_minio_to_duckdb.py
[2025-11-30T15:00:17.314+0000] {processor.py:830} INFO - Processing file /opt/airflow/dags/02_minio_to_duckdb.py for tasks to queue
[2025-11-30T15:00:17.316+0000] {logging_mixin.py:188} INFO - [2025-11-30T15:00:17.315+0000] {dagbag.py:538} INFO - Filling up the DagBag from /opt/airflow/dags/02_minio_to_duckdb.py
[2025-11-30T15:00:17.603+0000] {processor.py:840} INFO - DAG(s) 'minio_to_duckdb_pipeline' retrieved from /opt/airflow/dags/02_minio_to_duckdb.py
[2025-11-30T15:00:18.139+0000] {logging_mixin.py:188} INFO - [2025-11-30T15:00:18.138+0000] {dag.py:3036} INFO - Sync 1 DAGs
[2025-11-30T15:00:18.169+0000] {logging_mixin.py:188} INFO - [2025-11-30T15:00:18.168+0000] {dag.py:3823} INFO - Setting next_dagrun for minio_to_duckdb_pipeline to None, run_after=None
[2025-11-30T15:00:18.224+0000] {processor.py:183} INFO - Processing /opt/airflow/dags/02_minio_to_duckdb.py took 0.919 seconds
[2025-11-30T15:01:37.948+0000] {processor.py:161} INFO - Started process (PID=7272) to work on /opt/airflow/dags/02_minio_to_duckdb.py
[2025-11-30T15:01:37.953+0000] {processor.py:830} INFO - Processing file /opt/airflow/dags/02_minio_to_duckdb.py for tasks to queue
[2025-11-30T15:01:37.957+0000] {logging_mixin.py:188} INFO - [2025-11-30T15:01:37.956+0000] {dagbag.py:538} INFO - Filling up the DagBag from /opt/airflow/dags/02_minio_to_duckdb.py
[2025-11-30T15:03:05.769+0000] {processor.py:161} INFO - Started process (PID=7322) to work on /opt/airflow/dags/02_minio_to_duckdb.py
[2025-11-30T15:03:05.770+0000] {processor.py:830} INFO - Processing file /opt/airflow/dags/02_minio_to_duckdb.py for tasks to queue
[2025-11-30T15:03:05.771+0000] {logging_mixin.py:188} INFO - [2025-11-30T15:03:05.770+0000] {dagbag.py:538} INFO - Filling up the DagBag from /opt/airflow/dags/02_minio_to_duckdb.py
[2025-11-30T15:03:05.932+0000] {processor.py:840} INFO - DAG(s) 'minio_to_duckdb_pipeline' retrieved from /opt/airflow/dags/02_minio_to_duckdb.py
[2025-11-30T15:03:06.106+0000] {logging_mixin.py:188} INFO - [2025-11-30T15:03:06.103+0000] {dag.py:3036} INFO - Sync 1 DAGs
[2025-11-30T15:03:06.123+0000] {logging_mixin.py:188} INFO - [2025-11-30T15:03:06.122+0000] {dag.py:3823} INFO - Setting next_dagrun for minio_to_duckdb_pipeline to None, run_after=None
[2025-11-30T15:03:06.159+0000] {processor.py:183} INFO - Processing /opt/airflow/dags/02_minio_to_duckdb.py took 0.396 seconds
[2025-11-30T15:03:46.389+0000] {processor.py:161} INFO - Started process (PID=7384) to work on /opt/airflow/dags/02_minio_to_duckdb.py
[2025-11-30T15:03:46.390+0000] {processor.py:830} INFO - Processing file /opt/airflow/dags/02_minio_to_duckdb.py for tasks to queue
[2025-11-30T15:03:46.393+0000] {logging_mixin.py:188} INFO - [2025-11-30T15:03:46.392+0000] {dagbag.py:538} INFO - Filling up the DagBag from /opt/airflow/dags/02_minio_to_duckdb.py
[2025-11-30T15:03:46.668+0000] {processor.py:840} INFO - DAG(s) 'minio_to_duckdb_pipeline' retrieved from /opt/airflow/dags/02_minio_to_duckdb.py
[2025-11-30T15:03:46.727+0000] {logging_mixin.py:188} INFO - [2025-11-30T15:03:46.726+0000] {dag.py:3036} INFO - Sync 1 DAGs
[2025-11-30T15:03:46.754+0000] {logging_mixin.py:188} INFO - [2025-11-30T15:03:46.753+0000] {dag.py:3823} INFO - Setting next_dagrun for minio_to_duckdb_pipeline to None, run_after=None
[2025-11-30T15:03:46.801+0000] {processor.py:183} INFO - Processing /opt/airflow/dags/02_minio_to_duckdb.py took 0.417 seconds
[2025-11-30T15:04:17.186+0000] {processor.py:161} INFO - Started process (PID=7427) to work on /opt/airflow/dags/02_minio_to_duckdb.py
[2025-11-30T15:04:17.188+0000] {processor.py:830} INFO - Processing file /opt/airflow/dags/02_minio_to_duckdb.py for tasks to queue
[2025-11-30T15:04:17.195+0000] {logging_mixin.py:188} INFO - [2025-11-30T15:04:17.194+0000] {dagbag.py:538} INFO - Filling up the DagBag from /opt/airflow/dags/02_minio_to_duckdb.py
[2025-11-30T15:04:17.489+0000] {processor.py:840} INFO - DAG(s) 'minio_to_duckdb_pipeline' retrieved from /opt/airflow/dags/02_minio_to_duckdb.py
[2025-11-30T15:04:17.569+0000] {logging_mixin.py:188} INFO - [2025-11-30T15:04:17.567+0000] {dag.py:3036} INFO - Sync 1 DAGs
[2025-11-30T15:04:17.593+0000] {logging_mixin.py:188} INFO - [2025-11-30T15:04:17.591+0000] {dag.py:3823} INFO - Setting next_dagrun for minio_to_duckdb_pipeline to None, run_after=None
[2025-11-30T15:04:17.665+0000] {processor.py:183} INFO - Processing /opt/airflow/dags/02_minio_to_duckdb.py took 0.489 seconds
[2025-11-30T15:05:16.401+0000] {processor.py:161} INFO - Started process (PID=7493) to work on /opt/airflow/dags/02_minio_to_duckdb.py
[2025-11-30T15:05:16.409+0000] {processor.py:830} INFO - Processing file /opt/airflow/dags/02_minio_to_duckdb.py for tasks to queue
[2025-11-30T15:05:16.417+0000] {logging_mixin.py:188} INFO - [2025-11-30T15:05:16.416+0000] {dagbag.py:538} INFO - Filling up the DagBag from /opt/airflow/dags/02_minio_to_duckdb.py
[2025-11-30T15:05:17.087+0000] {processor.py:840} INFO - DAG(s) 'minio_to_duckdb_pipeline' retrieved from /opt/airflow/dags/02_minio_to_duckdb.py
[2025-11-30T15:05:17.203+0000] {logging_mixin.py:188} INFO - [2025-11-30T15:05:17.203+0000] {dag.py:3036} INFO - Sync 1 DAGs
[2025-11-30T15:05:17.256+0000] {logging_mixin.py:188} INFO - [2025-11-30T15:05:17.255+0000] {dag.py:3823} INFO - Setting next_dagrun for minio_to_duckdb_pipeline to None, run_after=None
[2025-11-30T15:05:17.300+0000] {processor.py:183} INFO - Processing /opt/airflow/dags/02_minio_to_duckdb.py took 0.925 seconds
[2025-11-30T17:46:47.252+0000] {processor.py:161} INFO - Started process (PID=177) to work on /opt/airflow/dags/02_minio_to_duckdb.py
[2025-11-30T17:46:47.253+0000] {processor.py:830} INFO - Processing file /opt/airflow/dags/02_minio_to_duckdb.py for tasks to queue
[2025-11-30T17:46:47.254+0000] {logging_mixin.py:188} INFO - [2025-11-30T17:46:47.253+0000] {dagbag.py:538} INFO - Filling up the DagBag from /opt/airflow/dags/02_minio_to_duckdb.py
[2025-11-30T17:46:47.626+0000] {processor.py:840} INFO - DAG(s) 'minio_to_duckdb_pipeline' retrieved from /opt/airflow/dags/02_minio_to_duckdb.py
[2025-11-30T17:46:47.725+0000] {logging_mixin.py:188} INFO - [2025-11-30T17:46:47.724+0000] {dag.py:3036} INFO - Sync 1 DAGs
[2025-11-30T17:46:47.737+0000] {logging_mixin.py:188} INFO - [2025-11-30T17:46:47.737+0000] {dag.py:3823} INFO - Setting next_dagrun for minio_to_duckdb_pipeline to None, run_after=None
[2025-11-30T17:46:47.783+0000] {processor.py:183} INFO - Processing /opt/airflow/dags/02_minio_to_duckdb.py took 0.537 seconds
[2025-11-30T17:47:17.978+0000] {processor.py:161} INFO - Started process (PID=239) to work on /opt/airflow/dags/02_minio_to_duckdb.py
[2025-11-30T17:47:17.979+0000] {processor.py:830} INFO - Processing file /opt/airflow/dags/02_minio_to_duckdb.py for tasks to queue
[2025-11-30T17:47:17.981+0000] {logging_mixin.py:188} INFO - [2025-11-30T17:47:17.981+0000] {dagbag.py:538} INFO - Filling up the DagBag from /opt/airflow/dags/02_minio_to_duckdb.py
[2025-11-30T17:47:18.190+0000] {processor.py:840} INFO - DAG(s) 'minio_to_duckdb_pipeline' retrieved from /opt/airflow/dags/02_minio_to_duckdb.py
[2025-11-30T17:47:18.224+0000] {logging_mixin.py:188} INFO - [2025-11-30T17:47:18.223+0000] {dag.py:3036} INFO - Sync 1 DAGs
[2025-11-30T17:47:18.250+0000] {logging_mixin.py:188} INFO - [2025-11-30T17:47:18.250+0000] {dag.py:3823} INFO - Setting next_dagrun for minio_to_duckdb_pipeline to None, run_after=None
[2025-11-30T17:47:18.286+0000] {processor.py:183} INFO - Processing /opt/airflow/dags/02_minio_to_duckdb.py took 0.312 seconds
[2025-11-30T17:47:48.501+0000] {processor.py:161} INFO - Started process (PID=304) to work on /opt/airflow/dags/02_minio_to_duckdb.py
[2025-11-30T17:47:48.501+0000] {processor.py:830} INFO - Processing file /opt/airflow/dags/02_minio_to_duckdb.py for tasks to queue
[2025-11-30T17:47:48.505+0000] {logging_mixin.py:188} INFO - [2025-11-30T17:47:48.503+0000] {dagbag.py:538} INFO - Filling up the DagBag from /opt/airflow/dags/02_minio_to_duckdb.py
[2025-11-30T17:47:48.703+0000] {processor.py:840} INFO - DAG(s) 'minio_to_duckdb_pipeline' retrieved from /opt/airflow/dags/02_minio_to_duckdb.py
[2025-11-30T17:47:48.879+0000] {logging_mixin.py:188} INFO - [2025-11-30T17:47:48.879+0000] {dag.py:3036} INFO - Sync 1 DAGs
[2025-11-30T17:47:48.892+0000] {logging_mixin.py:188} INFO - [2025-11-30T17:47:48.892+0000] {dag.py:3823} INFO - Setting next_dagrun for minio_to_duckdb_pipeline to None, run_after=None
[2025-11-30T17:47:48.914+0000] {processor.py:183} INFO - Processing /opt/airflow/dags/02_minio_to_duckdb.py took 0.419 seconds
[2025-11-30T17:48:19.231+0000] {processor.py:161} INFO - Started process (PID=369) to work on /opt/airflow/dags/02_minio_to_duckdb.py
[2025-11-30T17:48:19.234+0000] {processor.py:830} INFO - Processing file /opt/airflow/dags/02_minio_to_duckdb.py for tasks to queue
[2025-11-30T17:48:19.237+0000] {logging_mixin.py:188} INFO - [2025-11-30T17:48:19.236+0000] {dagbag.py:538} INFO - Filling up the DagBag from /opt/airflow/dags/02_minio_to_duckdb.py
[2025-11-30T17:48:19.389+0000] {processor.py:840} INFO - DAG(s) 'minio_to_duckdb_pipeline' retrieved from /opt/airflow/dags/02_minio_to_duckdb.py
[2025-11-30T17:48:19.430+0000] {logging_mixin.py:188} INFO - [2025-11-30T17:48:19.430+0000] {dag.py:3036} INFO - Sync 1 DAGs
[2025-11-30T17:48:19.444+0000] {logging_mixin.py:188} INFO - [2025-11-30T17:48:19.444+0000] {dag.py:3823} INFO - Setting next_dagrun for minio_to_duckdb_pipeline to None, run_after=None
[2025-11-30T17:48:19.483+0000] {processor.py:183} INFO - Processing /opt/airflow/dags/02_minio_to_duckdb.py took 0.268 seconds
[2025-11-30T17:51:38.813+0000] {processor.py:161} INFO - Started process (PID=178) to work on /opt/airflow/dags/02_minio_to_duckdb.py
[2025-11-30T17:51:38.814+0000] {processor.py:830} INFO - Processing file /opt/airflow/dags/02_minio_to_duckdb.py for tasks to queue
[2025-11-30T17:51:38.815+0000] {logging_mixin.py:188} INFO - [2025-11-30T17:51:38.815+0000] {dagbag.py:538} INFO - Filling up the DagBag from /opt/airflow/dags/02_minio_to_duckdb.py
[2025-11-30T17:51:39.044+0000] {processor.py:840} INFO - DAG(s) 'minio_to_duckdb_pipeline' retrieved from /opt/airflow/dags/02_minio_to_duckdb.py
[2025-11-30T17:51:39.098+0000] {logging_mixin.py:188} INFO - [2025-11-30T17:51:39.097+0000] {dag.py:3036} INFO - Sync 1 DAGs
[2025-11-30T17:51:39.220+0000] {logging_mixin.py:188} INFO - [2025-11-30T17:51:39.219+0000] {dag.py:3823} INFO - Setting next_dagrun for minio_to_duckdb_pipeline to None, run_after=None
[2025-11-30T17:51:39.269+0000] {processor.py:183} INFO - Processing /opt/airflow/dags/02_minio_to_duckdb.py took 0.460 seconds
[2025-11-30T17:52:09.623+0000] {processor.py:161} INFO - Started process (PID=240) to work on /opt/airflow/dags/02_minio_to_duckdb.py
[2025-11-30T17:52:09.624+0000] {processor.py:830} INFO - Processing file /opt/airflow/dags/02_minio_to_duckdb.py for tasks to queue
[2025-11-30T17:52:09.626+0000] {logging_mixin.py:188} INFO - [2025-11-30T17:52:09.625+0000] {dagbag.py:538} INFO - Filling up the DagBag from /opt/airflow/dags/02_minio_to_duckdb.py
[2025-11-30T17:52:09.792+0000] {processor.py:840} INFO - DAG(s) 'minio_to_duckdb_pipeline' retrieved from /opt/airflow/dags/02_minio_to_duckdb.py
[2025-11-30T17:52:10.021+0000] {logging_mixin.py:188} INFO - [2025-11-30T17:52:10.021+0000] {dag.py:3036} INFO - Sync 1 DAGs
[2025-11-30T17:52:10.054+0000] {logging_mixin.py:188} INFO - [2025-11-30T17:52:10.053+0000] {dag.py:3823} INFO - Setting next_dagrun for minio_to_duckdb_pipeline to None, run_after=None
[2025-11-30T17:52:10.093+0000] {processor.py:183} INFO - Processing /opt/airflow/dags/02_minio_to_duckdb.py took 0.476 seconds
[2025-11-30T17:52:40.177+0000] {processor.py:161} INFO - Started process (PID=305) to work on /opt/airflow/dags/02_minio_to_duckdb.py
[2025-11-30T17:52:40.178+0000] {processor.py:830} INFO - Processing file /opt/airflow/dags/02_minio_to_duckdb.py for tasks to queue
[2025-11-30T17:52:40.179+0000] {logging_mixin.py:188} INFO - [2025-11-30T17:52:40.178+0000] {dagbag.py:538} INFO - Filling up the DagBag from /opt/airflow/dags/02_minio_to_duckdb.py
[2025-11-30T17:52:40.258+0000] {processor.py:840} INFO - DAG(s) 'minio_to_duckdb_pipeline' retrieved from /opt/airflow/dags/02_minio_to_duckdb.py
[2025-11-30T17:52:40.290+0000] {logging_mixin.py:188} INFO - [2025-11-30T17:52:40.290+0000] {dag.py:3036} INFO - Sync 1 DAGs
[2025-11-30T17:52:40.302+0000] {logging_mixin.py:188} INFO - [2025-11-30T17:52:40.302+0000] {dag.py:3823} INFO - Setting next_dagrun for minio_to_duckdb_pipeline to None, run_after=None
[2025-11-30T17:52:40.337+0000] {processor.py:183} INFO - Processing /opt/airflow/dags/02_minio_to_duckdb.py took 0.164 seconds
[2025-11-30T17:53:10.895+0000] {processor.py:161} INFO - Started process (PID=370) to work on /opt/airflow/dags/02_minio_to_duckdb.py
[2025-11-30T17:53:10.896+0000] {processor.py:830} INFO - Processing file /opt/airflow/dags/02_minio_to_duckdb.py for tasks to queue
[2025-11-30T17:53:10.897+0000] {logging_mixin.py:188} INFO - [2025-11-30T17:53:10.896+0000] {dagbag.py:538} INFO - Filling up the DagBag from /opt/airflow/dags/02_minio_to_duckdb.py
[2025-11-30T17:53:10.992+0000] {processor.py:840} INFO - DAG(s) 'minio_to_duckdb_pipeline' retrieved from /opt/airflow/dags/02_minio_to_duckdb.py
[2025-11-30T17:53:11.043+0000] {logging_mixin.py:188} INFO - [2025-11-30T17:53:11.043+0000] {dag.py:3036} INFO - Sync 1 DAGs
[2025-11-30T17:53:11.055+0000] {logging_mixin.py:188} INFO - [2025-11-30T17:53:11.055+0000] {dag.py:3823} INFO - Setting next_dagrun for minio_to_duckdb_pipeline to None, run_after=None
[2025-11-30T17:53:11.073+0000] {processor.py:183} INFO - Processing /opt/airflow/dags/02_minio_to_duckdb.py took 0.183 seconds
[2025-11-30T17:53:41.681+0000] {processor.py:161} INFO - Started process (PID=435) to work on /opt/airflow/dags/02_minio_to_duckdb.py
[2025-11-30T17:53:41.682+0000] {processor.py:830} INFO - Processing file /opt/airflow/dags/02_minio_to_duckdb.py for tasks to queue
[2025-11-30T17:53:41.684+0000] {logging_mixin.py:188} INFO - [2025-11-30T17:53:41.683+0000] {dagbag.py:538} INFO - Filling up the DagBag from /opt/airflow/dags/02_minio_to_duckdb.py
[2025-11-30T17:53:41.766+0000] {processor.py:840} INFO - DAG(s) 'minio_to_duckdb_pipeline' retrieved from /opt/airflow/dags/02_minio_to_duckdb.py
[2025-11-30T17:53:41.787+0000] {logging_mixin.py:188} INFO - [2025-11-30T17:53:41.787+0000] {dag.py:3036} INFO - Sync 1 DAGs
[2025-11-30T17:53:41.796+0000] {logging_mixin.py:188} INFO - [2025-11-30T17:53:41.796+0000] {dag.py:3823} INFO - Setting next_dagrun for minio_to_duckdb_pipeline to None, run_after=None
[2025-11-30T17:53:41.820+0000] {processor.py:183} INFO - Processing /opt/airflow/dags/02_minio_to_duckdb.py took 0.143 seconds
[2025-11-30T17:54:12.443+0000] {processor.py:161} INFO - Started process (PID=500) to work on /opt/airflow/dags/02_minio_to_duckdb.py
[2025-11-30T17:54:12.445+0000] {processor.py:830} INFO - Processing file /opt/airflow/dags/02_minio_to_duckdb.py for tasks to queue
[2025-11-30T17:54:12.447+0000] {logging_mixin.py:188} INFO - [2025-11-30T17:54:12.446+0000] {dagbag.py:538} INFO - Filling up the DagBag from /opt/airflow/dags/02_minio_to_duckdb.py
[2025-11-30T17:54:12.531+0000] {processor.py:840} INFO - DAG(s) 'minio_to_duckdb_pipeline' retrieved from /opt/airflow/dags/02_minio_to_duckdb.py
[2025-11-30T17:54:12.561+0000] {logging_mixin.py:188} INFO - [2025-11-30T17:54:12.561+0000] {dag.py:3036} INFO - Sync 1 DAGs
[2025-11-30T17:54:12.570+0000] {logging_mixin.py:188} INFO - [2025-11-30T17:54:12.570+0000] {dag.py:3823} INFO - Setting next_dagrun for minio_to_duckdb_pipeline to None, run_after=None
[2025-11-30T17:54:12.590+0000] {processor.py:183} INFO - Processing /opt/airflow/dags/02_minio_to_duckdb.py took 0.151 seconds
[2025-11-30T17:54:43.157+0000] {processor.py:161} INFO - Started process (PID=565) to work on /opt/airflow/dags/02_minio_to_duckdb.py
[2025-11-30T17:54:43.159+0000] {processor.py:830} INFO - Processing file /opt/airflow/dags/02_minio_to_duckdb.py for tasks to queue
[2025-11-30T17:54:43.160+0000] {logging_mixin.py:188} INFO - [2025-11-30T17:54:43.160+0000] {dagbag.py:538} INFO - Filling up the DagBag from /opt/airflow/dags/02_minio_to_duckdb.py
[2025-11-30T17:54:43.242+0000] {processor.py:840} INFO - DAG(s) 'minio_to_duckdb_pipeline' retrieved from /opt/airflow/dags/02_minio_to_duckdb.py
[2025-11-30T17:54:43.268+0000] {logging_mixin.py:188} INFO - [2025-11-30T17:54:43.268+0000] {dag.py:3036} INFO - Sync 1 DAGs
[2025-11-30T17:54:43.278+0000] {logging_mixin.py:188} INFO - [2025-11-30T17:54:43.278+0000] {dag.py:3823} INFO - Setting next_dagrun for minio_to_duckdb_pipeline to None, run_after=None
[2025-11-30T17:54:43.292+0000] {processor.py:183} INFO - Processing /opt/airflow/dags/02_minio_to_duckdb.py took 0.140 seconds
[2025-11-30T17:55:13.901+0000] {processor.py:161} INFO - Started process (PID=630) to work on /opt/airflow/dags/02_minio_to_duckdb.py
[2025-11-30T17:55:13.902+0000] {processor.py:830} INFO - Processing file /opt/airflow/dags/02_minio_to_duckdb.py for tasks to queue
[2025-11-30T17:55:13.903+0000] {logging_mixin.py:188} INFO - [2025-11-30T17:55:13.903+0000] {dagbag.py:538} INFO - Filling up the DagBag from /opt/airflow/dags/02_minio_to_duckdb.py
[2025-11-30T17:55:13.988+0000] {processor.py:840} INFO - DAG(s) 'minio_to_duckdb_pipeline' retrieved from /opt/airflow/dags/02_minio_to_duckdb.py
[2025-11-30T17:55:14.011+0000] {logging_mixin.py:188} INFO - [2025-11-30T17:55:14.010+0000] {dag.py:3036} INFO - Sync 1 DAGs
[2025-11-30T17:55:14.020+0000] {logging_mixin.py:188} INFO - [2025-11-30T17:55:14.020+0000] {dag.py:3823} INFO - Setting next_dagrun for minio_to_duckdb_pipeline to None, run_after=None
[2025-11-30T17:55:14.037+0000] {processor.py:183} INFO - Processing /opt/airflow/dags/02_minio_to_duckdb.py took 0.140 seconds
[2025-11-30T17:55:44.298+0000] {processor.py:161} INFO - Started process (PID=695) to work on /opt/airflow/dags/02_minio_to_duckdb.py
[2025-11-30T17:55:44.313+0000] {processor.py:830} INFO - Processing file /opt/airflow/dags/02_minio_to_duckdb.py for tasks to queue
[2025-11-30T17:55:44.317+0000] {logging_mixin.py:188} INFO - [2025-11-30T17:55:44.316+0000] {dagbag.py:538} INFO - Filling up the DagBag from /opt/airflow/dags/02_minio_to_duckdb.py
[2025-11-30T17:55:44.403+0000] {processor.py:840} INFO - DAG(s) 'minio_to_duckdb_pipeline' retrieved from /opt/airflow/dags/02_minio_to_duckdb.py
[2025-11-30T17:55:44.427+0000] {logging_mixin.py:188} INFO - [2025-11-30T17:55:44.426+0000] {dag.py:3036} INFO - Sync 1 DAGs
[2025-11-30T17:55:44.436+0000] {logging_mixin.py:188} INFO - [2025-11-30T17:55:44.436+0000] {dag.py:3823} INFO - Setting next_dagrun for minio_to_duckdb_pipeline to None, run_after=None
[2025-11-30T17:55:44.453+0000] {processor.py:183} INFO - Processing /opt/airflow/dags/02_minio_to_duckdb.py took 0.160 seconds
[2025-11-30T17:56:14.937+0000] {processor.py:161} INFO - Started process (PID=760) to work on /opt/airflow/dags/02_minio_to_duckdb.py
[2025-11-30T17:56:14.938+0000] {processor.py:830} INFO - Processing file /opt/airflow/dags/02_minio_to_duckdb.py for tasks to queue
[2025-11-30T17:56:14.938+0000] {logging_mixin.py:188} INFO - [2025-11-30T17:56:14.938+0000] {dagbag.py:538} INFO - Filling up the DagBag from /opt/airflow/dags/02_minio_to_duckdb.py
[2025-11-30T17:56:15.020+0000] {processor.py:840} INFO - DAG(s) 'minio_to_duckdb_pipeline' retrieved from /opt/airflow/dags/02_minio_to_duckdb.py
[2025-11-30T17:56:15.078+0000] {logging_mixin.py:188} INFO - [2025-11-30T17:56:15.078+0000] {dag.py:3036} INFO - Sync 1 DAGs
[2025-11-30T17:56:15.090+0000] {logging_mixin.py:188} INFO - [2025-11-30T17:56:15.090+0000] {dag.py:3823} INFO - Setting next_dagrun for minio_to_duckdb_pipeline to None, run_after=None
[2025-11-30T17:56:15.111+0000] {processor.py:183} INFO - Processing /opt/airflow/dags/02_minio_to_duckdb.py took 0.177 seconds
[2025-11-30T17:56:45.772+0000] {processor.py:161} INFO - Started process (PID=825) to work on /opt/airflow/dags/02_minio_to_duckdb.py
[2025-11-30T17:56:45.775+0000] {processor.py:830} INFO - Processing file /opt/airflow/dags/02_minio_to_duckdb.py for tasks to queue
[2025-11-30T17:56:45.783+0000] {logging_mixin.py:188} INFO - [2025-11-30T17:56:45.782+0000] {dagbag.py:538} INFO - Filling up the DagBag from /opt/airflow/dags/02_minio_to_duckdb.py
[2025-11-30T17:56:45.891+0000] {processor.py:840} INFO - DAG(s) 'minio_to_duckdb_pipeline' retrieved from /opt/airflow/dags/02_minio_to_duckdb.py
[2025-11-30T17:56:45.937+0000] {logging_mixin.py:188} INFO - [2025-11-30T17:56:45.937+0000] {dag.py:3036} INFO - Sync 1 DAGs
[2025-11-30T17:56:45.947+0000] {logging_mixin.py:188} INFO - [2025-11-30T17:56:45.946+0000] {dag.py:3823} INFO - Setting next_dagrun for minio_to_duckdb_pipeline to None, run_after=None
[2025-11-30T17:56:45.962+0000] {processor.py:183} INFO - Processing /opt/airflow/dags/02_minio_to_duckdb.py took 0.202 seconds
[2025-11-30T17:57:16.193+0000] {processor.py:161} INFO - Started process (PID=890) to work on /opt/airflow/dags/02_minio_to_duckdb.py
[2025-11-30T17:57:16.194+0000] {processor.py:830} INFO - Processing file /opt/airflow/dags/02_minio_to_duckdb.py for tasks to queue
[2025-11-30T17:57:16.195+0000] {logging_mixin.py:188} INFO - [2025-11-30T17:57:16.195+0000] {dagbag.py:538} INFO - Filling up the DagBag from /opt/airflow/dags/02_minio_to_duckdb.py
[2025-11-30T17:57:16.273+0000] {processor.py:840} INFO - DAG(s) 'minio_to_duckdb_pipeline' retrieved from /opt/airflow/dags/02_minio_to_duckdb.py
[2025-11-30T17:57:16.295+0000] {logging_mixin.py:188} INFO - [2025-11-30T17:57:16.295+0000] {dag.py:3036} INFO - Sync 1 DAGs
[2025-11-30T17:57:16.306+0000] {logging_mixin.py:188} INFO - [2025-11-30T17:57:16.306+0000] {dag.py:3823} INFO - Setting next_dagrun for minio_to_duckdb_pipeline to None, run_after=None
[2025-11-30T17:57:16.320+0000] {processor.py:183} INFO - Processing /opt/airflow/dags/02_minio_to_duckdb.py took 0.131 seconds
[2025-11-30T17:57:46.567+0000] {processor.py:161} INFO - Started process (PID=952) to work on /opt/airflow/dags/02_minio_to_duckdb.py
[2025-11-30T17:57:46.567+0000] {processor.py:830} INFO - Processing file /opt/airflow/dags/02_minio_to_duckdb.py for tasks to queue
[2025-11-30T17:57:46.568+0000] {logging_mixin.py:188} INFO - [2025-11-30T17:57:46.568+0000] {dagbag.py:538} INFO - Filling up the DagBag from /opt/airflow/dags/02_minio_to_duckdb.py
[2025-11-30T17:57:46.647+0000] {processor.py:840} INFO - DAG(s) 'minio_to_duckdb_pipeline' retrieved from /opt/airflow/dags/02_minio_to_duckdb.py
[2025-11-30T17:57:46.674+0000] {logging_mixin.py:188} INFO - [2025-11-30T17:57:46.674+0000] {dag.py:3036} INFO - Sync 1 DAGs
[2025-11-30T17:57:46.685+0000] {logging_mixin.py:188} INFO - [2025-11-30T17:57:46.685+0000] {dag.py:3823} INFO - Setting next_dagrun for minio_to_duckdb_pipeline to None, run_after=None
[2025-11-30T17:57:46.712+0000] {processor.py:183} INFO - Processing /opt/airflow/dags/02_minio_to_duckdb.py took 0.148 seconds
[2025-11-30T17:58:17.315+0000] {processor.py:161} INFO - Started process (PID=996) to work on /opt/airflow/dags/02_minio_to_duckdb.py
[2025-11-30T17:58:17.316+0000] {processor.py:830} INFO - Processing file /opt/airflow/dags/02_minio_to_duckdb.py for tasks to queue
[2025-11-30T17:58:17.318+0000] {logging_mixin.py:188} INFO - [2025-11-30T17:58:17.317+0000] {dagbag.py:538} INFO - Filling up the DagBag from /opt/airflow/dags/02_minio_to_duckdb.py
[2025-11-30T17:58:17.407+0000] {processor.py:840} INFO - DAG(s) 'minio_to_duckdb_pipeline' retrieved from /opt/airflow/dags/02_minio_to_duckdb.py
[2025-11-30T17:58:17.431+0000] {logging_mixin.py:188} INFO - [2025-11-30T17:58:17.431+0000] {dag.py:3036} INFO - Sync 1 DAGs
[2025-11-30T17:58:17.443+0000] {logging_mixin.py:188} INFO - [2025-11-30T17:58:17.443+0000] {dag.py:3823} INFO - Setting next_dagrun for minio_to_duckdb_pipeline to None, run_after=None
[2025-11-30T17:58:17.474+0000] {processor.py:183} INFO - Processing /opt/airflow/dags/02_minio_to_duckdb.py took 0.164 seconds
[2025-11-30T17:58:48.012+0000] {processor.py:161} INFO - Started process (PID=1061) to work on /opt/airflow/dags/02_minio_to_duckdb.py
[2025-11-30T17:58:48.013+0000] {processor.py:830} INFO - Processing file /opt/airflow/dags/02_minio_to_duckdb.py for tasks to queue
[2025-11-30T17:58:48.013+0000] {logging_mixin.py:188} INFO - [2025-11-30T17:58:48.013+0000] {dagbag.py:538} INFO - Filling up the DagBag from /opt/airflow/dags/02_minio_to_duckdb.py
[2025-11-30T17:58:48.093+0000] {processor.py:840} INFO - DAG(s) 'minio_to_duckdb_pipeline' retrieved from /opt/airflow/dags/02_minio_to_duckdb.py
[2025-11-30T17:58:48.129+0000] {logging_mixin.py:188} INFO - [2025-11-30T17:58:48.129+0000] {dag.py:3036} INFO - Sync 1 DAGs
[2025-11-30T17:58:48.139+0000] {logging_mixin.py:188} INFO - [2025-11-30T17:58:48.138+0000] {dag.py:3823} INFO - Setting next_dagrun for minio_to_duckdb_pipeline to None, run_after=None
[2025-11-30T17:58:48.157+0000] {processor.py:183} INFO - Processing /opt/airflow/dags/02_minio_to_duckdb.py took 0.148 seconds
[2025-11-30T17:59:18.694+0000] {processor.py:161} INFO - Started process (PID=1126) to work on /opt/airflow/dags/02_minio_to_duckdb.py
[2025-11-30T17:59:18.695+0000] {processor.py:830} INFO - Processing file /opt/airflow/dags/02_minio_to_duckdb.py for tasks to queue
[2025-11-30T17:59:18.697+0000] {logging_mixin.py:188} INFO - [2025-11-30T17:59:18.696+0000] {dagbag.py:538} INFO - Filling up the DagBag from /opt/airflow/dags/02_minio_to_duckdb.py
[2025-11-30T17:59:18.788+0000] {processor.py:840} INFO - DAG(s) 'minio_to_duckdb_pipeline' retrieved from /opt/airflow/dags/02_minio_to_duckdb.py
[2025-11-30T17:59:18.815+0000] {logging_mixin.py:188} INFO - [2025-11-30T17:59:18.815+0000] {dag.py:3036} INFO - Sync 1 DAGs
[2025-11-30T17:59:18.826+0000] {logging_mixin.py:188} INFO - [2025-11-30T17:59:18.825+0000] {dag.py:3823} INFO - Setting next_dagrun for minio_to_duckdb_pipeline to None, run_after=None
[2025-11-30T17:59:18.850+0000] {processor.py:183} INFO - Processing /opt/airflow/dags/02_minio_to_duckdb.py took 0.162 seconds
[2025-11-30T18:04:26.967+0000] {processor.py:161} INFO - Started process (PID=178) to work on /opt/airflow/dags/02_minio_to_duckdb.py
[2025-11-30T18:04:26.969+0000] {processor.py:830} INFO - Processing file /opt/airflow/dags/02_minio_to_duckdb.py for tasks to queue
[2025-11-30T18:04:26.970+0000] {logging_mixin.py:188} INFO - [2025-11-30T18:04:26.969+0000] {dagbag.py:538} INFO - Filling up the DagBag from /opt/airflow/dags/02_minio_to_duckdb.py
[2025-11-30T18:04:27.287+0000] {processor.py:840} INFO - DAG(s) 'minio_to_duckdb_pipeline' retrieved from /opt/airflow/dags/02_minio_to_duckdb.py
[2025-11-30T18:04:27.360+0000] {logging_mixin.py:188} INFO - [2025-11-30T18:04:27.360+0000] {dag.py:3036} INFO - Sync 1 DAGs
[2025-11-30T18:04:27.371+0000] {logging_mixin.py:188} INFO - [2025-11-30T18:04:27.371+0000] {dag.py:3823} INFO - Setting next_dagrun for minio_to_duckdb_pipeline to None, run_after=None
[2025-11-30T18:04:27.405+0000] {processor.py:183} INFO - Processing /opt/airflow/dags/02_minio_to_duckdb.py took 0.442 seconds
[2025-11-30T18:04:57.605+0000] {processor.py:161} INFO - Started process (PID=240) to work on /opt/airflow/dags/02_minio_to_duckdb.py
[2025-11-30T18:04:57.607+0000] {processor.py:830} INFO - Processing file /opt/airflow/dags/02_minio_to_duckdb.py for tasks to queue
[2025-11-30T18:04:57.609+0000] {logging_mixin.py:188} INFO - [2025-11-30T18:04:57.608+0000] {dagbag.py:538} INFO - Filling up the DagBag from /opt/airflow/dags/02_minio_to_duckdb.py
[2025-11-30T18:04:57.805+0000] {processor.py:840} INFO - DAG(s) 'minio_to_duckdb_pipeline' retrieved from /opt/airflow/dags/02_minio_to_duckdb.py
[2025-11-30T18:04:58.173+0000] {logging_mixin.py:188} INFO - [2025-11-30T18:04:58.172+0000] {dag.py:3036} INFO - Sync 1 DAGs
[2025-11-30T18:04:58.187+0000] {logging_mixin.py:188} INFO - [2025-11-30T18:04:58.186+0000] {dag.py:3823} INFO - Setting next_dagrun for minio_to_duckdb_pipeline to None, run_after=None
[2025-11-30T18:04:58.223+0000] {processor.py:183} INFO - Processing /opt/airflow/dags/02_minio_to_duckdb.py took 0.626 seconds
[2025-11-30T18:05:28.548+0000] {processor.py:161} INFO - Started process (PID=305) to work on /opt/airflow/dags/02_minio_to_duckdb.py
[2025-11-30T18:05:28.548+0000] {processor.py:830} INFO - Processing file /opt/airflow/dags/02_minio_to_duckdb.py for tasks to queue
[2025-11-30T18:05:28.550+0000] {logging_mixin.py:188} INFO - [2025-11-30T18:05:28.549+0000] {dagbag.py:538} INFO - Filling up the DagBag from /opt/airflow/dags/02_minio_to_duckdb.py
[2025-11-30T18:05:28.726+0000] {processor.py:840} INFO - DAG(s) 'minio_to_duckdb_pipeline' retrieved from /opt/airflow/dags/02_minio_to_duckdb.py
[2025-11-30T18:05:28.790+0000] {logging_mixin.py:188} INFO - [2025-11-30T18:05:28.788+0000] {dag.py:3036} INFO - Sync 1 DAGs
[2025-11-30T18:05:28.816+0000] {logging_mixin.py:188} INFO - [2025-11-30T18:05:28.815+0000] {dag.py:3823} INFO - Setting next_dagrun for minio_to_duckdb_pipeline to None, run_after=None
[2025-11-30T18:05:28.836+0000] {processor.py:183} INFO - Processing /opt/airflow/dags/02_minio_to_duckdb.py took 0.292 seconds
[2025-11-30T18:05:59.085+0000] {processor.py:161} INFO - Started process (PID=370) to work on /opt/airflow/dags/02_minio_to_duckdb.py
[2025-11-30T18:05:59.086+0000] {processor.py:830} INFO - Processing file /opt/airflow/dags/02_minio_to_duckdb.py for tasks to queue
[2025-11-30T18:05:59.088+0000] {logging_mixin.py:188} INFO - [2025-11-30T18:05:59.087+0000] {dagbag.py:538} INFO - Filling up the DagBag from /opt/airflow/dags/02_minio_to_duckdb.py
[2025-11-30T18:05:59.219+0000] {processor.py:840} INFO - DAG(s) 'minio_to_duckdb_pipeline' retrieved from /opt/airflow/dags/02_minio_to_duckdb.py
[2025-11-30T18:05:59.249+0000] {logging_mixin.py:188} INFO - [2025-11-30T18:05:59.249+0000] {dag.py:3036} INFO - Sync 1 DAGs
[2025-11-30T18:05:59.266+0000] {logging_mixin.py:188} INFO - [2025-11-30T18:05:59.265+0000] {dag.py:3823} INFO - Setting next_dagrun for minio_to_duckdb_pipeline to None, run_after=None
[2025-11-30T18:05:59.298+0000] {processor.py:183} INFO - Processing /opt/airflow/dags/02_minio_to_duckdb.py took 0.219 seconds
[2025-11-30T18:06:29.553+0000] {processor.py:161} INFO - Started process (PID=435) to work on /opt/airflow/dags/02_minio_to_duckdb.py
[2025-11-30T18:06:29.568+0000] {processor.py:830} INFO - Processing file /opt/airflow/dags/02_minio_to_duckdb.py for tasks to queue
[2025-11-30T18:06:29.571+0000] {logging_mixin.py:188} INFO - [2025-11-30T18:06:29.570+0000] {dagbag.py:538} INFO - Filling up the DagBag from /opt/airflow/dags/02_minio_to_duckdb.py
[2025-11-30T18:06:29.698+0000] {processor.py:840} INFO - DAG(s) 'minio_to_duckdb_pipeline' retrieved from /opt/airflow/dags/02_minio_to_duckdb.py
[2025-11-30T18:06:29.727+0000] {logging_mixin.py:188} INFO - [2025-11-30T18:06:29.727+0000] {dag.py:3036} INFO - Sync 1 DAGs
[2025-11-30T18:06:29.746+0000] {logging_mixin.py:188} INFO - [2025-11-30T18:06:29.746+0000] {dag.py:3823} INFO - Setting next_dagrun for minio_to_duckdb_pipeline to None, run_after=None
[2025-11-30T18:06:29.772+0000] {processor.py:183} INFO - Processing /opt/airflow/dags/02_minio_to_duckdb.py took 0.226 seconds
[2025-11-30T18:06:59.995+0000] {processor.py:161} INFO - Started process (PID=500) to work on /opt/airflow/dags/02_minio_to_duckdb.py
[2025-11-30T18:06:59.997+0000] {processor.py:830} INFO - Processing file /opt/airflow/dags/02_minio_to_duckdb.py for tasks to queue
[2025-11-30T18:06:59.998+0000] {logging_mixin.py:188} INFO - [2025-11-30T18:06:59.998+0000] {dagbag.py:538} INFO - Filling up the DagBag from /opt/airflow/dags/02_minio_to_duckdb.py
[2025-11-30T18:07:00.091+0000] {processor.py:840} INFO - DAG(s) 'minio_to_duckdb_pipeline' retrieved from /opt/airflow/dags/02_minio_to_duckdb.py
[2025-11-30T18:07:00.114+0000] {logging_mixin.py:188} INFO - [2025-11-30T18:07:00.113+0000] {dag.py:3036} INFO - Sync 1 DAGs
[2025-11-30T18:07:00.123+0000] {logging_mixin.py:188} INFO - [2025-11-30T18:07:00.123+0000] {dag.py:3823} INFO - Setting next_dagrun for minio_to_duckdb_pipeline to None, run_after=None
[2025-11-30T18:07:00.159+0000] {processor.py:183} INFO - Processing /opt/airflow/dags/02_minio_to_duckdb.py took 0.169 seconds
[2025-11-30T18:07:30.707+0000] {processor.py:161} INFO - Started process (PID=565) to work on /opt/airflow/dags/02_minio_to_duckdb.py
[2025-11-30T18:07:30.708+0000] {processor.py:830} INFO - Processing file /opt/airflow/dags/02_minio_to_duckdb.py for tasks to queue
[2025-11-30T18:07:30.709+0000] {logging_mixin.py:188} INFO - [2025-11-30T18:07:30.708+0000] {dagbag.py:538} INFO - Filling up the DagBag from /opt/airflow/dags/02_minio_to_duckdb.py
[2025-11-30T18:07:30.795+0000] {processor.py:840} INFO - DAG(s) 'minio_to_duckdb_pipeline' retrieved from /opt/airflow/dags/02_minio_to_duckdb.py
[2025-11-30T18:07:30.818+0000] {logging_mixin.py:188} INFO - [2025-11-30T18:07:30.818+0000] {dag.py:3036} INFO - Sync 1 DAGs
[2025-11-30T18:07:30.829+0000] {logging_mixin.py:188} INFO - [2025-11-30T18:07:30.828+0000] {dag.py:3823} INFO - Setting next_dagrun for minio_to_duckdb_pipeline to None, run_after=None
[2025-11-30T18:07:30.852+0000] {processor.py:183} INFO - Processing /opt/airflow/dags/02_minio_to_duckdb.py took 0.148 seconds
[2025-11-30T18:08:00.971+0000] {processor.py:161} INFO - Started process (PID=630) to work on /opt/airflow/dags/02_minio_to_duckdb.py
[2025-11-30T18:08:00.972+0000] {processor.py:830} INFO - Processing file /opt/airflow/dags/02_minio_to_duckdb.py for tasks to queue
[2025-11-30T18:08:00.973+0000] {logging_mixin.py:188} INFO - [2025-11-30T18:08:00.973+0000] {dagbag.py:538} INFO - Filling up the DagBag from /opt/airflow/dags/02_minio_to_duckdb.py
[2025-11-30T18:08:01.067+0000] {processor.py:840} INFO - DAG(s) 'minio_to_duckdb_pipeline' retrieved from /opt/airflow/dags/02_minio_to_duckdb.py
[2025-11-30T18:08:01.097+0000] {logging_mixin.py:188} INFO - [2025-11-30T18:08:01.097+0000] {dag.py:3036} INFO - Sync 1 DAGs
[2025-11-30T18:08:01.110+0000] {logging_mixin.py:188} INFO - [2025-11-30T18:08:01.110+0000] {dag.py:3823} INFO - Setting next_dagrun for minio_to_duckdb_pipeline to None, run_after=None
[2025-11-30T18:08:01.141+0000] {processor.py:183} INFO - Processing /opt/airflow/dags/02_minio_to_duckdb.py took 0.173 seconds
[2025-11-30T18:08:31.673+0000] {processor.py:161} INFO - Started process (PID=695) to work on /opt/airflow/dags/02_minio_to_duckdb.py
[2025-11-30T18:08:31.673+0000] {processor.py:830} INFO - Processing file /opt/airflow/dags/02_minio_to_duckdb.py for tasks to queue
[2025-11-30T18:08:31.675+0000] {logging_mixin.py:188} INFO - [2025-11-30T18:08:31.674+0000] {dagbag.py:538} INFO - Filling up the DagBag from /opt/airflow/dags/02_minio_to_duckdb.py
[2025-11-30T18:08:31.785+0000] {processor.py:840} INFO - DAG(s) 'minio_to_duckdb_pipeline' retrieved from /opt/airflow/dags/02_minio_to_duckdb.py
[2025-11-30T18:08:31.814+0000] {logging_mixin.py:188} INFO - [2025-11-30T18:08:31.813+0000] {dag.py:3036} INFO - Sync 1 DAGs
[2025-11-30T18:08:31.826+0000] {logging_mixin.py:188} INFO - [2025-11-30T18:08:31.825+0000] {dag.py:3823} INFO - Setting next_dagrun for minio_to_duckdb_pipeline to None, run_after=None
[2025-11-30T18:08:31.846+0000] {processor.py:183} INFO - Processing /opt/airflow/dags/02_minio_to_duckdb.py took 0.176 seconds
[2025-11-30T18:09:02.446+0000] {processor.py:161} INFO - Started process (PID=760) to work on /opt/airflow/dags/02_minio_to_duckdb.py
[2025-11-30T18:09:02.448+0000] {processor.py:830} INFO - Processing file /opt/airflow/dags/02_minio_to_duckdb.py for tasks to queue
[2025-11-30T18:09:02.449+0000] {logging_mixin.py:188} INFO - [2025-11-30T18:09:02.449+0000] {dagbag.py:538} INFO - Filling up the DagBag from /opt/airflow/dags/02_minio_to_duckdb.py
[2025-11-30T18:09:02.545+0000] {processor.py:840} INFO - DAG(s) 'minio_to_duckdb_pipeline' retrieved from /opt/airflow/dags/02_minio_to_duckdb.py
[2025-11-30T18:09:02.567+0000] {logging_mixin.py:188} INFO - [2025-11-30T18:09:02.567+0000] {dag.py:3036} INFO - Sync 1 DAGs
[2025-11-30T18:09:02.616+0000] {logging_mixin.py:188} INFO - [2025-11-30T18:09:02.615+0000] {dag.py:3823} INFO - Setting next_dagrun for minio_to_duckdb_pipeline to None, run_after=None
[2025-11-30T18:09:02.638+0000] {processor.py:183} INFO - Processing /opt/airflow/dags/02_minio_to_duckdb.py took 0.198 seconds
[2025-11-30T18:09:33.188+0000] {processor.py:161} INFO - Started process (PID=825) to work on /opt/airflow/dags/02_minio_to_duckdb.py
[2025-11-30T18:09:33.189+0000] {processor.py:830} INFO - Processing file /opt/airflow/dags/02_minio_to_duckdb.py for tasks to queue
[2025-11-30T18:09:33.190+0000] {logging_mixin.py:188} INFO - [2025-11-30T18:09:33.190+0000] {dagbag.py:538} INFO - Filling up the DagBag from /opt/airflow/dags/02_minio_to_duckdb.py
[2025-11-30T18:09:33.275+0000] {processor.py:840} INFO - DAG(s) 'minio_to_duckdb_pipeline' retrieved from /opt/airflow/dags/02_minio_to_duckdb.py
[2025-11-30T18:09:33.297+0000] {logging_mixin.py:188} INFO - [2025-11-30T18:09:33.297+0000] {dag.py:3036} INFO - Sync 1 DAGs
[2025-11-30T18:09:33.307+0000] {logging_mixin.py:188} INFO - [2025-11-30T18:09:33.307+0000] {dag.py:3823} INFO - Setting next_dagrun for minio_to_duckdb_pipeline to None, run_after=None
[2025-11-30T18:09:33.330+0000] {processor.py:183} INFO - Processing /opt/airflow/dags/02_minio_to_duckdb.py took 0.148 seconds
[2025-11-30T18:10:03.570+0000] {processor.py:161} INFO - Started process (PID=887) to work on /opt/airflow/dags/02_minio_to_duckdb.py
[2025-11-30T18:10:03.572+0000] {processor.py:830} INFO - Processing file /opt/airflow/dags/02_minio_to_duckdb.py for tasks to queue
[2025-11-30T18:10:03.574+0000] {logging_mixin.py:188} INFO - [2025-11-30T18:10:03.573+0000] {dagbag.py:538} INFO - Filling up the DagBag from /opt/airflow/dags/02_minio_to_duckdb.py
[2025-11-30T18:10:03.688+0000] {processor.py:840} INFO - DAG(s) 'minio_to_duckdb_pipeline' retrieved from /opt/airflow/dags/02_minio_to_duckdb.py
[2025-11-30T18:10:03.716+0000] {logging_mixin.py:188} INFO - [2025-11-30T18:10:03.715+0000] {dag.py:3036} INFO - Sync 1 DAGs
[2025-11-30T18:10:03.729+0000] {logging_mixin.py:188} INFO - [2025-11-30T18:10:03.729+0000] {dag.py:3823} INFO - Setting next_dagrun for minio_to_duckdb_pipeline to None, run_after=None
[2025-11-30T18:10:03.746+0000] {processor.py:183} INFO - Processing /opt/airflow/dags/02_minio_to_duckdb.py took 0.178 seconds
[2025-11-30T18:10:34.433+0000] {processor.py:161} INFO - Started process (PID=931) to work on /opt/airflow/dags/02_minio_to_duckdb.py
[2025-11-30T18:10:34.435+0000] {processor.py:830} INFO - Processing file /opt/airflow/dags/02_minio_to_duckdb.py for tasks to queue
[2025-11-30T18:10:34.437+0000] {logging_mixin.py:188} INFO - [2025-11-30T18:10:34.436+0000] {dagbag.py:538} INFO - Filling up the DagBag from /opt/airflow/dags/02_minio_to_duckdb.py
[2025-11-30T18:10:34.528+0000] {processor.py:840} INFO - DAG(s) 'minio_to_duckdb_pipeline' retrieved from /opt/airflow/dags/02_minio_to_duckdb.py
[2025-11-30T18:10:34.552+0000] {logging_mixin.py:188} INFO - [2025-11-30T18:10:34.552+0000] {dag.py:3036} INFO - Sync 1 DAGs
[2025-11-30T18:10:34.562+0000] {logging_mixin.py:188} INFO - [2025-11-30T18:10:34.562+0000] {dag.py:3823} INFO - Setting next_dagrun for minio_to_duckdb_pipeline to None, run_after=None
[2025-11-30T18:10:34.588+0000] {processor.py:183} INFO - Processing /opt/airflow/dags/02_minio_to_duckdb.py took 0.161 seconds
[2025-11-30T18:11:05.097+0000] {processor.py:161} INFO - Started process (PID=996) to work on /opt/airflow/dags/02_minio_to_duckdb.py
[2025-11-30T18:11:05.099+0000] {processor.py:830} INFO - Processing file /opt/airflow/dags/02_minio_to_duckdb.py for tasks to queue
[2025-11-30T18:11:05.101+0000] {logging_mixin.py:188} INFO - [2025-11-30T18:11:05.100+0000] {dagbag.py:538} INFO - Filling up the DagBag from /opt/airflow/dags/02_minio_to_duckdb.py
[2025-11-30T18:11:05.189+0000] {processor.py:840} INFO - DAG(s) 'minio_to_duckdb_pipeline' retrieved from /opt/airflow/dags/02_minio_to_duckdb.py
[2025-11-30T18:11:05.215+0000] {logging_mixin.py:188} INFO - [2025-11-30T18:11:05.215+0000] {dag.py:3036} INFO - Sync 1 DAGs
[2025-11-30T18:11:05.225+0000] {logging_mixin.py:188} INFO - [2025-11-30T18:11:05.225+0000] {dag.py:3823} INFO - Setting next_dagrun for minio_to_duckdb_pipeline to None, run_after=None
[2025-11-30T18:11:05.239+0000] {processor.py:183} INFO - Processing /opt/airflow/dags/02_minio_to_duckdb.py took 0.148 seconds
[2025-11-30T18:11:35.832+0000] {processor.py:161} INFO - Started process (PID=1061) to work on /opt/airflow/dags/02_minio_to_duckdb.py
[2025-11-30T18:11:35.833+0000] {processor.py:830} INFO - Processing file /opt/airflow/dags/02_minio_to_duckdb.py for tasks to queue
[2025-11-30T18:11:35.835+0000] {logging_mixin.py:188} INFO - [2025-11-30T18:11:35.834+0000] {dagbag.py:538} INFO - Filling up the DagBag from /opt/airflow/dags/02_minio_to_duckdb.py
[2025-11-30T18:11:35.929+0000] {processor.py:840} INFO - DAG(s) 'minio_to_duckdb_pipeline' retrieved from /opt/airflow/dags/02_minio_to_duckdb.py
[2025-11-30T18:11:35.954+0000] {logging_mixin.py:188} INFO - [2025-11-30T18:11:35.953+0000] {dag.py:3036} INFO - Sync 1 DAGs
[2025-11-30T18:11:35.963+0000] {logging_mixin.py:188} INFO - [2025-11-30T18:11:35.963+0000] {dag.py:3823} INFO - Setting next_dagrun for minio_to_duckdb_pipeline to None, run_after=None
[2025-11-30T18:11:35.986+0000] {processor.py:183} INFO - Processing /opt/airflow/dags/02_minio_to_duckdb.py took 0.161 seconds
[2025-11-30T18:12:06.689+0000] {processor.py:161} INFO - Started process (PID=1126) to work on /opt/airflow/dags/02_minio_to_duckdb.py
[2025-11-30T18:12:06.690+0000] {processor.py:830} INFO - Processing file /opt/airflow/dags/02_minio_to_duckdb.py for tasks to queue
[2025-11-30T18:12:06.692+0000] {logging_mixin.py:188} INFO - [2025-11-30T18:12:06.691+0000] {dagbag.py:538} INFO - Filling up the DagBag from /opt/airflow/dags/02_minio_to_duckdb.py
[2025-11-30T18:12:06.782+0000] {processor.py:840} INFO - DAG(s) 'minio_to_duckdb_pipeline' retrieved from /opt/airflow/dags/02_minio_to_duckdb.py
[2025-11-30T18:12:06.828+0000] {logging_mixin.py:188} INFO - [2025-11-30T18:12:06.828+0000] {dag.py:3036} INFO - Sync 1 DAGs
[2025-11-30T18:12:06.847+0000] {logging_mixin.py:188} INFO - [2025-11-30T18:12:06.847+0000] {dag.py:3823} INFO - Setting next_dagrun for minio_to_duckdb_pipeline to None, run_after=None
[2025-11-30T18:12:06.875+0000] {processor.py:183} INFO - Processing /opt/airflow/dags/02_minio_to_duckdb.py took 0.193 seconds
[2025-11-30T18:12:37.478+0000] {processor.py:161} INFO - Started process (PID=1191) to work on /opt/airflow/dags/02_minio_to_duckdb.py
[2025-11-30T18:12:37.486+0000] {processor.py:830} INFO - Processing file /opt/airflow/dags/02_minio_to_duckdb.py for tasks to queue
[2025-11-30T18:12:37.488+0000] {logging_mixin.py:188} INFO - [2025-11-30T18:12:37.487+0000] {dagbag.py:538} INFO - Filling up the DagBag from /opt/airflow/dags/02_minio_to_duckdb.py
[2025-11-30T18:12:37.588+0000] {processor.py:840} INFO - DAG(s) 'minio_to_duckdb_pipeline' retrieved from /opt/airflow/dags/02_minio_to_duckdb.py
[2025-11-30T18:12:37.616+0000] {logging_mixin.py:188} INFO - [2025-11-30T18:12:37.616+0000] {dag.py:3036} INFO - Sync 1 DAGs
[2025-11-30T18:12:37.625+0000] {logging_mixin.py:188} INFO - [2025-11-30T18:12:37.625+0000] {dag.py:3823} INFO - Setting next_dagrun for minio_to_duckdb_pipeline to None, run_after=None
[2025-11-30T18:12:37.650+0000] {processor.py:183} INFO - Processing /opt/airflow/dags/02_minio_to_duckdb.py took 0.178 seconds
[2025-11-30T18:13:08.434+0000] {processor.py:161} INFO - Started process (PID=1256) to work on /opt/airflow/dags/02_minio_to_duckdb.py
[2025-11-30T18:13:08.436+0000] {processor.py:830} INFO - Processing file /opt/airflow/dags/02_minio_to_duckdb.py for tasks to queue
[2025-11-30T18:13:08.438+0000] {logging_mixin.py:188} INFO - [2025-11-30T18:13:08.437+0000] {dagbag.py:538} INFO - Filling up the DagBag from /opt/airflow/dags/02_minio_to_duckdb.py
[2025-11-30T18:13:08.540+0000] {processor.py:840} INFO - DAG(s) 'minio_to_duckdb_pipeline' retrieved from /opt/airflow/dags/02_minio_to_duckdb.py
[2025-11-30T18:13:08.562+0000] {logging_mixin.py:188} INFO - [2025-11-30T18:13:08.562+0000] {dag.py:3036} INFO - Sync 1 DAGs
[2025-11-30T18:13:08.571+0000] {logging_mixin.py:188} INFO - [2025-11-30T18:13:08.571+0000] {dag.py:3823} INFO - Setting next_dagrun for minio_to_duckdb_pipeline to None, run_after=None
[2025-11-30T18:13:08.594+0000] {processor.py:183} INFO - Processing /opt/airflow/dags/02_minio_to_duckdb.py took 0.172 seconds
[2025-11-30T18:13:39.147+0000] {processor.py:161} INFO - Started process (PID=1321) to work on /opt/airflow/dags/02_minio_to_duckdb.py
[2025-11-30T18:13:39.148+0000] {processor.py:830} INFO - Processing file /opt/airflow/dags/02_minio_to_duckdb.py for tasks to queue
[2025-11-30T18:13:39.149+0000] {logging_mixin.py:188} INFO - [2025-11-30T18:13:39.149+0000] {dagbag.py:538} INFO - Filling up the DagBag from /opt/airflow/dags/02_minio_to_duckdb.py
[2025-11-30T18:13:39.243+0000] {processor.py:840} INFO - DAG(s) 'minio_to_duckdb_pipeline' retrieved from /opt/airflow/dags/02_minio_to_duckdb.py
[2025-11-30T18:13:39.269+0000] {logging_mixin.py:188} INFO - [2025-11-30T18:13:39.268+0000] {dag.py:3036} INFO - Sync 1 DAGs
[2025-11-30T18:13:39.279+0000] {logging_mixin.py:188} INFO - [2025-11-30T18:13:39.279+0000] {dag.py:3823} INFO - Setting next_dagrun for minio_to_duckdb_pipeline to None, run_after=None
[2025-11-30T18:13:39.296+0000] {processor.py:183} INFO - Processing /opt/airflow/dags/02_minio_to_duckdb.py took 0.152 seconds
[2025-11-30T18:14:09.859+0000] {processor.py:161} INFO - Started process (PID=1386) to work on /opt/airflow/dags/02_minio_to_duckdb.py
[2025-11-30T18:14:09.861+0000] {processor.py:830} INFO - Processing file /opt/airflow/dags/02_minio_to_duckdb.py for tasks to queue
[2025-11-30T18:14:09.864+0000] {logging_mixin.py:188} INFO - [2025-11-30T18:14:09.863+0000] {dagbag.py:538} INFO - Filling up the DagBag from /opt/airflow/dags/02_minio_to_duckdb.py
[2025-11-30T18:14:10.016+0000] {processor.py:840} INFO - DAG(s) 'minio_to_duckdb_pipeline' retrieved from /opt/airflow/dags/02_minio_to_duckdb.py
[2025-11-30T18:14:10.060+0000] {logging_mixin.py:188} INFO - [2025-11-30T18:14:10.059+0000] {dag.py:3036} INFO - Sync 1 DAGs
[2025-11-30T18:14:10.083+0000] {logging_mixin.py:188} INFO - [2025-11-30T18:14:10.082+0000] {dag.py:3823} INFO - Setting next_dagrun for minio_to_duckdb_pipeline to None, run_after=None
[2025-11-30T18:14:10.105+0000] {processor.py:183} INFO - Processing /opt/airflow/dags/02_minio_to_duckdb.py took 0.252 seconds
[2025-11-30T18:14:40.248+0000] {processor.py:161} INFO - Started process (PID=1451) to work on /opt/airflow/dags/02_minio_to_duckdb.py
[2025-11-30T18:14:40.249+0000] {processor.py:830} INFO - Processing file /opt/airflow/dags/02_minio_to_duckdb.py for tasks to queue
[2025-11-30T18:14:40.251+0000] {logging_mixin.py:188} INFO - [2025-11-30T18:14:40.250+0000] {dagbag.py:538} INFO - Filling up the DagBag from /opt/airflow/dags/02_minio_to_duckdb.py
[2025-11-30T18:14:40.367+0000] {processor.py:840} INFO - DAG(s) 'minio_to_duckdb_pipeline' retrieved from /opt/airflow/dags/02_minio_to_duckdb.py
[2025-11-30T18:14:40.391+0000] {logging_mixin.py:188} INFO - [2025-11-30T18:14:40.391+0000] {dag.py:3036} INFO - Sync 1 DAGs
[2025-11-30T18:14:40.401+0000] {logging_mixin.py:188} INFO - [2025-11-30T18:14:40.400+0000] {dag.py:3823} INFO - Setting next_dagrun for minio_to_duckdb_pipeline to None, run_after=None
[2025-11-30T18:14:40.414+0000] {processor.py:183} INFO - Processing /opt/airflow/dags/02_minio_to_duckdb.py took 0.173 seconds
[2025-11-30T18:15:11.114+0000] {processor.py:161} INFO - Started process (PID=1516) to work on /opt/airflow/dags/02_minio_to_duckdb.py
[2025-11-30T18:15:11.115+0000] {processor.py:830} INFO - Processing file /opt/airflow/dags/02_minio_to_duckdb.py for tasks to queue
[2025-11-30T18:15:11.116+0000] {logging_mixin.py:188} INFO - [2025-11-30T18:15:11.116+0000] {dagbag.py:538} INFO - Filling up the DagBag from /opt/airflow/dags/02_minio_to_duckdb.py
[2025-11-30T18:15:11.215+0000] {processor.py:840} INFO - DAG(s) 'minio_to_duckdb_pipeline' retrieved from /opt/airflow/dags/02_minio_to_duckdb.py
[2025-11-30T18:15:11.254+0000] {logging_mixin.py:188} INFO - [2025-11-30T18:15:11.253+0000] {dag.py:3036} INFO - Sync 1 DAGs
[2025-11-30T18:15:11.267+0000] {logging_mixin.py:188} INFO - [2025-11-30T18:15:11.267+0000] {dag.py:3823} INFO - Setting next_dagrun for minio_to_duckdb_pipeline to None, run_after=None
[2025-11-30T18:15:11.296+0000] {processor.py:183} INFO - Processing /opt/airflow/dags/02_minio_to_duckdb.py took 0.185 seconds
[2025-11-30T18:15:42.005+0000] {processor.py:161} INFO - Started process (PID=1581) to work on /opt/airflow/dags/02_minio_to_duckdb.py
[2025-11-30T18:15:42.007+0000] {processor.py:830} INFO - Processing file /opt/airflow/dags/02_minio_to_duckdb.py for tasks to queue
[2025-11-30T18:15:42.008+0000] {logging_mixin.py:188} INFO - [2025-11-30T18:15:42.008+0000] {dagbag.py:538} INFO - Filling up the DagBag from /opt/airflow/dags/02_minio_to_duckdb.py
[2025-11-30T18:15:42.118+0000] {processor.py:840} INFO - DAG(s) 'minio_to_duckdb_pipeline' retrieved from /opt/airflow/dags/02_minio_to_duckdb.py
[2025-11-30T18:15:42.144+0000] {logging_mixin.py:188} INFO - [2025-11-30T18:15:42.144+0000] {dag.py:3036} INFO - Sync 1 DAGs
[2025-11-30T18:15:42.154+0000] {logging_mixin.py:188} INFO - [2025-11-30T18:15:42.154+0000] {dag.py:3823} INFO - Setting next_dagrun for minio_to_duckdb_pipeline to None, run_after=None
[2025-11-30T18:15:42.180+0000] {processor.py:183} INFO - Processing /opt/airflow/dags/02_minio_to_duckdb.py took 0.181 seconds
[2025-11-30T18:16:12.328+0000] {processor.py:161} INFO - Started process (PID=1646) to work on /opt/airflow/dags/02_minio_to_duckdb.py
[2025-11-30T18:16:12.329+0000] {processor.py:830} INFO - Processing file /opt/airflow/dags/02_minio_to_duckdb.py for tasks to queue
[2025-11-30T18:16:12.330+0000] {logging_mixin.py:188} INFO - [2025-11-30T18:16:12.330+0000] {dagbag.py:538} INFO - Filling up the DagBag from /opt/airflow/dags/02_minio_to_duckdb.py
[2025-11-30T18:16:12.434+0000] {processor.py:840} INFO - DAG(s) 'minio_to_duckdb_pipeline' retrieved from /opt/airflow/dags/02_minio_to_duckdb.py
[2025-11-30T18:16:12.458+0000] {logging_mixin.py:188} INFO - [2025-11-30T18:16:12.458+0000] {dag.py:3036} INFO - Sync 1 DAGs
[2025-11-30T18:16:12.468+0000] {logging_mixin.py:188} INFO - [2025-11-30T18:16:12.468+0000] {dag.py:3823} INFO - Setting next_dagrun for minio_to_duckdb_pipeline to None, run_after=None
[2025-11-30T18:16:12.483+0000] {processor.py:183} INFO - Processing /opt/airflow/dags/02_minio_to_duckdb.py took 0.158 seconds
[2025-11-30T18:16:43.044+0000] {processor.py:161} INFO - Started process (PID=1711) to work on /opt/airflow/dags/02_minio_to_duckdb.py
[2025-11-30T18:16:43.045+0000] {processor.py:830} INFO - Processing file /opt/airflow/dags/02_minio_to_duckdb.py for tasks to queue
[2025-11-30T18:16:43.045+0000] {logging_mixin.py:188} INFO - [2025-11-30T18:16:43.045+0000] {dagbag.py:538} INFO - Filling up the DagBag from /opt/airflow/dags/02_minio_to_duckdb.py
[2025-11-30T18:16:43.172+0000] {processor.py:840} INFO - DAG(s) 'minio_to_duckdb_pipeline' retrieved from /opt/airflow/dags/02_minio_to_duckdb.py
[2025-11-30T18:16:43.195+0000] {logging_mixin.py:188} INFO - [2025-11-30T18:16:43.195+0000] {dag.py:3036} INFO - Sync 1 DAGs
[2025-11-30T18:16:43.206+0000] {logging_mixin.py:188} INFO - [2025-11-30T18:16:43.206+0000] {dag.py:3823} INFO - Setting next_dagrun for minio_to_duckdb_pipeline to None, run_after=None
[2025-11-30T18:16:43.230+0000] {processor.py:183} INFO - Processing /opt/airflow/dags/02_minio_to_duckdb.py took 0.193 seconds
[2025-11-30T18:17:13.426+0000] {processor.py:161} INFO - Started process (PID=1776) to work on /opt/airflow/dags/02_minio_to_duckdb.py
[2025-11-30T18:17:13.432+0000] {processor.py:830} INFO - Processing file /opt/airflow/dags/02_minio_to_duckdb.py for tasks to queue
[2025-11-30T18:17:13.434+0000] {logging_mixin.py:188} INFO - [2025-11-30T18:17:13.433+0000] {dagbag.py:538} INFO - Filling up the DagBag from /opt/airflow/dags/02_minio_to_duckdb.py
[2025-11-30T18:17:13.540+0000] {processor.py:840} INFO - DAG(s) 'minio_to_duckdb_pipeline' retrieved from /opt/airflow/dags/02_minio_to_duckdb.py
[2025-11-30T18:17:13.564+0000] {logging_mixin.py:188} INFO - [2025-11-30T18:17:13.563+0000] {dag.py:3036} INFO - Sync 1 DAGs
[2025-11-30T18:17:13.573+0000] {logging_mixin.py:188} INFO - [2025-11-30T18:17:13.573+0000] {dag.py:3823} INFO - Setting next_dagrun for minio_to_duckdb_pipeline to None, run_after=None
[2025-11-30T18:17:13.597+0000] {processor.py:183} INFO - Processing /opt/airflow/dags/02_minio_to_duckdb.py took 0.180 seconds
[2025-11-30T18:19:05.984+0000] {processor.py:161} INFO - Started process (PID=177) to work on /opt/airflow/dags/02_minio_to_duckdb.py
[2025-11-30T18:19:05.985+0000] {processor.py:830} INFO - Processing file /opt/airflow/dags/02_minio_to_duckdb.py for tasks to queue
[2025-11-30T18:19:05.987+0000] {logging_mixin.py:188} INFO - [2025-11-30T18:19:05.987+0000] {dagbag.py:538} INFO - Filling up the DagBag from /opt/airflow/dags/02_minio_to_duckdb.py
[2025-11-30T18:19:06.298+0000] {processor.py:840} INFO - DAG(s) 'minio_to_duckdb_pipeline' retrieved from /opt/airflow/dags/02_minio_to_duckdb.py
[2025-11-30T18:19:06.395+0000] {logging_mixin.py:188} INFO - [2025-11-30T18:19:06.395+0000] {dag.py:3036} INFO - Sync 1 DAGs
[2025-11-30T18:19:06.415+0000] {logging_mixin.py:188} INFO - [2025-11-30T18:19:06.415+0000] {dag.py:3823} INFO - Setting next_dagrun for minio_to_duckdb_pipeline to None, run_after=None
[2025-11-30T18:19:06.445+0000] {processor.py:183} INFO - Processing /opt/airflow/dags/02_minio_to_duckdb.py took 0.466 seconds
[2025-11-30T18:19:36.994+0000] {processor.py:161} INFO - Started process (PID=243) to work on /opt/airflow/dags/02_minio_to_duckdb.py
[2025-11-30T18:19:36.997+0000] {processor.py:830} INFO - Processing file /opt/airflow/dags/02_minio_to_duckdb.py for tasks to queue
[2025-11-30T18:19:36.998+0000] {logging_mixin.py:188} INFO - [2025-11-30T18:19:36.998+0000] {dagbag.py:538} INFO - Filling up the DagBag from /opt/airflow/dags/02_minio_to_duckdb.py
[2025-11-30T18:19:37.239+0000] {processor.py:840} INFO - DAG(s) 'minio_to_duckdb_pipeline' retrieved from /opt/airflow/dags/02_minio_to_duckdb.py
[2025-11-30T18:19:37.269+0000] {logging_mixin.py:188} INFO - [2025-11-30T18:19:37.269+0000] {dag.py:3036} INFO - Sync 1 DAGs
[2025-11-30T18:19:37.286+0000] {logging_mixin.py:188} INFO - [2025-11-30T18:19:37.286+0000] {dag.py:3823} INFO - Setting next_dagrun for minio_to_duckdb_pipeline to None, run_after=None
[2025-11-30T18:19:37.321+0000] {processor.py:183} INFO - Processing /opt/airflow/dags/02_minio_to_duckdb.py took 0.334 seconds
[2025-11-30T18:20:07.499+0000] {processor.py:161} INFO - Started process (PID=305) to work on /opt/airflow/dags/02_minio_to_duckdb.py
[2025-11-30T18:20:07.500+0000] {processor.py:830} INFO - Processing file /opt/airflow/dags/02_minio_to_duckdb.py for tasks to queue
[2025-11-30T18:20:07.503+0000] {logging_mixin.py:188} INFO - [2025-11-30T18:20:07.502+0000] {dagbag.py:538} INFO - Filling up the DagBag from /opt/airflow/dags/02_minio_to_duckdb.py
[2025-11-30T18:20:07.691+0000] {processor.py:840} INFO - DAG(s) 'minio_to_duckdb_pipeline' retrieved from /opt/airflow/dags/02_minio_to_duckdb.py
[2025-11-30T18:20:07.934+0000] {logging_mixin.py:188} INFO - [2025-11-30T18:20:07.933+0000] {dag.py:3036} INFO - Sync 1 DAGs
[2025-11-30T18:20:07.955+0000] {logging_mixin.py:188} INFO - [2025-11-30T18:20:07.955+0000] {dag.py:3823} INFO - Setting next_dagrun for minio_to_duckdb_pipeline to None, run_after=None
[2025-11-30T18:20:08.056+0000] {processor.py:183} INFO - Processing /opt/airflow/dags/02_minio_to_duckdb.py took 0.563 seconds
[2025-11-30T18:20:56.877+0000] {processor.py:161} INFO - Started process (PID=355) to work on /opt/airflow/dags/02_minio_to_duckdb.py
[2025-11-30T18:20:56.879+0000] {processor.py:830} INFO - Processing file /opt/airflow/dags/02_minio_to_duckdb.py for tasks to queue
[2025-11-30T18:20:56.881+0000] {logging_mixin.py:188} INFO - [2025-11-30T18:20:56.880+0000] {dagbag.py:538} INFO - Filling up the DagBag from /opt/airflow/dags/02_minio_to_duckdb.py
[2025-11-30T18:20:57.330+0000] {processor.py:840} INFO - DAG(s) 'minio_to_duckdb_pipeline' retrieved from /opt/airflow/dags/02_minio_to_duckdb.py
[2025-11-30T18:20:57.451+0000] {logging_mixin.py:188} INFO - [2025-11-30T18:20:57.450+0000] {dag.py:3036} INFO - Sync 1 DAGs
[2025-11-30T18:20:57.483+0000] {logging_mixin.py:188} INFO - [2025-11-30T18:20:57.482+0000] {dag.py:3823} INFO - Setting next_dagrun for minio_to_duckdb_pipeline to None, run_after=None
[2025-11-30T18:20:57.523+0000] {processor.py:183} INFO - Processing /opt/airflow/dags/02_minio_to_duckdb.py took 0.654 seconds
[2025-11-30T18:21:27.825+0000] {processor.py:161} INFO - Started process (PID=414) to work on /opt/airflow/dags/02_minio_to_duckdb.py
[2025-11-30T18:21:27.826+0000] {processor.py:830} INFO - Processing file /opt/airflow/dags/02_minio_to_duckdb.py for tasks to queue
[2025-11-30T18:21:27.828+0000] {logging_mixin.py:188} INFO - [2025-11-30T18:21:27.828+0000] {dagbag.py:538} INFO - Filling up the DagBag from /opt/airflow/dags/02_minio_to_duckdb.py
[2025-11-30T18:21:27.984+0000] {processor.py:840} INFO - DAG(s) 'minio_to_duckdb_pipeline' retrieved from /opt/airflow/dags/02_minio_to_duckdb.py
[2025-11-30T18:21:28.026+0000] {logging_mixin.py:188} INFO - [2025-11-30T18:21:28.026+0000] {dag.py:3036} INFO - Sync 1 DAGs
[2025-11-30T18:21:28.038+0000] {logging_mixin.py:188} INFO - [2025-11-30T18:21:28.038+0000] {dag.py:3823} INFO - Setting next_dagrun for minio_to_duckdb_pipeline to None, run_after=None
[2025-11-30T18:21:28.062+0000] {processor.py:183} INFO - Processing /opt/airflow/dags/02_minio_to_duckdb.py took 0.244 seconds
[2025-11-30T18:30:32.214+0000] {processor.py:161} INFO - Started process (PID=177) to work on /opt/airflow/dags/02_minio_to_duckdb.py
[2025-11-30T18:30:32.215+0000] {processor.py:830} INFO - Processing file /opt/airflow/dags/02_minio_to_duckdb.py for tasks to queue
[2025-11-30T18:30:32.217+0000] {logging_mixin.py:188} INFO - [2025-11-30T18:30:32.216+0000] {dagbag.py:538} INFO - Filling up the DagBag from /opt/airflow/dags/02_minio_to_duckdb.py
[2025-11-30T18:30:32.522+0000] {processor.py:840} INFO - DAG(s) 'minio_to_duckdb_pipeline' retrieved from /opt/airflow/dags/02_minio_to_duckdb.py
[2025-11-30T18:30:32.590+0000] {logging_mixin.py:188} INFO - [2025-11-30T18:30:32.590+0000] {dag.py:3036} INFO - Sync 1 DAGs
[2025-11-30T18:30:32.605+0000] {logging_mixin.py:188} INFO - [2025-11-30T18:30:32.605+0000] {dag.py:3823} INFO - Setting next_dagrun for minio_to_duckdb_pipeline to None, run_after=None
[2025-11-30T18:30:32.631+0000] {processor.py:183} INFO - Processing /opt/airflow/dags/02_minio_to_duckdb.py took 0.420 seconds
[2025-11-30T18:31:03.108+0000] {processor.py:161} INFO - Started process (PID=243) to work on /opt/airflow/dags/02_minio_to_duckdb.py
[2025-11-30T18:31:03.109+0000] {processor.py:830} INFO - Processing file /opt/airflow/dags/02_minio_to_duckdb.py for tasks to queue
[2025-11-30T18:31:03.111+0000] {logging_mixin.py:188} INFO - [2025-11-30T18:31:03.109+0000] {dagbag.py:538} INFO - Filling up the DagBag from /opt/airflow/dags/02_minio_to_duckdb.py
[2025-11-30T18:31:03.383+0000] {processor.py:840} INFO - DAG(s) 'minio_to_duckdb_pipeline' retrieved from /opt/airflow/dags/02_minio_to_duckdb.py
[2025-11-30T18:31:03.854+0000] {logging_mixin.py:188} INFO - [2025-11-30T18:31:03.853+0000] {dag.py:3036} INFO - Sync 1 DAGs
[2025-11-30T18:31:03.876+0000] {logging_mixin.py:188} INFO - [2025-11-30T18:31:03.875+0000] {dag.py:3823} INFO - Setting next_dagrun for minio_to_duckdb_pipeline to None, run_after=None
[2025-11-30T18:31:03.918+0000] {processor.py:183} INFO - Processing /opt/airflow/dags/02_minio_to_duckdb.py took 0.814 seconds
[2025-11-30T18:31:34.701+0000] {processor.py:161} INFO - Started process (PID=308) to work on /opt/airflow/dags/02_minio_to_duckdb.py
[2025-11-30T18:31:34.703+0000] {processor.py:830} INFO - Processing file /opt/airflow/dags/02_minio_to_duckdb.py for tasks to queue
[2025-11-30T18:31:34.705+0000] {logging_mixin.py:188} INFO - [2025-11-30T18:31:34.705+0000] {dagbag.py:538} INFO - Filling up the DagBag from /opt/airflow/dags/02_minio_to_duckdb.py
[2025-11-30T18:31:35.276+0000] {processor.py:840} INFO - DAG(s) 'minio_to_duckdb_pipeline' retrieved from /opt/airflow/dags/02_minio_to_duckdb.py
[2025-11-30T18:31:36.156+0000] {logging_mixin.py:188} INFO - [2025-11-30T18:31:36.148+0000] {dag.py:3036} INFO - Sync 1 DAGs
[2025-11-30T18:31:36.493+0000] {logging_mixin.py:188} INFO - [2025-11-30T18:31:36.467+0000] {dag.py:3823} INFO - Setting next_dagrun for minio_to_duckdb_pipeline to None, run_after=None
[2025-11-30T18:31:36.592+0000] {processor.py:183} INFO - Processing /opt/airflow/dags/02_minio_to_duckdb.py took 1.900 seconds
[2025-11-30T18:32:07.041+0000] {processor.py:161} INFO - Started process (PID=370) to work on /opt/airflow/dags/02_minio_to_duckdb.py
[2025-11-30T18:32:07.042+0000] {processor.py:830} INFO - Processing file /opt/airflow/dags/02_minio_to_duckdb.py for tasks to queue
[2025-11-30T18:32:07.043+0000] {logging_mixin.py:188} INFO - [2025-11-30T18:32:07.043+0000] {dagbag.py:538} INFO - Filling up the DagBag from /opt/airflow/dags/02_minio_to_duckdb.py
[2025-11-30T18:32:07.198+0000] {processor.py:840} INFO - DAG(s) 'minio_to_duckdb_pipeline' retrieved from /opt/airflow/dags/02_minio_to_duckdb.py
[2025-11-30T18:32:07.235+0000] {logging_mixin.py:188} INFO - [2025-11-30T18:32:07.235+0000] {dag.py:3036} INFO - Sync 1 DAGs
[2025-11-30T18:32:07.245+0000] {logging_mixin.py:188} INFO - [2025-11-30T18:32:07.244+0000] {dag.py:3823} INFO - Setting next_dagrun for minio_to_duckdb_pipeline to None, run_after=None
[2025-11-30T18:32:07.260+0000] {processor.py:183} INFO - Processing /opt/airflow/dags/02_minio_to_duckdb.py took 0.222 seconds
[2025-11-30T18:32:37.972+0000] {processor.py:161} INFO - Started process (PID=438) to work on /opt/airflow/dags/02_minio_to_duckdb.py
[2025-11-30T18:32:37.973+0000] {processor.py:830} INFO - Processing file /opt/airflow/dags/02_minio_to_duckdb.py for tasks to queue
[2025-11-30T18:32:37.973+0000] {logging_mixin.py:188} INFO - [2025-11-30T18:32:37.973+0000] {dagbag.py:538} INFO - Filling up the DagBag from /opt/airflow/dags/02_minio_to_duckdb.py
[2025-11-30T18:32:38.060+0000] {processor.py:840} INFO - DAG(s) 'minio_to_duckdb_pipeline' retrieved from /opt/airflow/dags/02_minio_to_duckdb.py
[2025-11-30T18:32:38.095+0000] {logging_mixin.py:188} INFO - [2025-11-30T18:32:38.095+0000] {dag.py:3036} INFO - Sync 1 DAGs
[2025-11-30T18:32:38.108+0000] {logging_mixin.py:188} INFO - [2025-11-30T18:32:38.108+0000] {dag.py:3823} INFO - Setting next_dagrun for minio_to_duckdb_pipeline to None, run_after=None
[2025-11-30T18:32:38.124+0000] {processor.py:183} INFO - Processing /opt/airflow/dags/02_minio_to_duckdb.py took 0.155 seconds
[2025-11-30T18:33:08.642+0000] {processor.py:161} INFO - Started process (PID=503) to work on /opt/airflow/dags/02_minio_to_duckdb.py
[2025-11-30T18:33:08.643+0000] {processor.py:830} INFO - Processing file /opt/airflow/dags/02_minio_to_duckdb.py for tasks to queue
[2025-11-30T18:33:08.644+0000] {logging_mixin.py:188} INFO - [2025-11-30T18:33:08.644+0000] {dagbag.py:538} INFO - Filling up the DagBag from /opt/airflow/dags/02_minio_to_duckdb.py
[2025-11-30T18:33:08.725+0000] {processor.py:840} INFO - DAG(s) 'minio_to_duckdb_pipeline' retrieved from /opt/airflow/dags/02_minio_to_duckdb.py
[2025-11-30T18:33:08.752+0000] {logging_mixin.py:188} INFO - [2025-11-30T18:33:08.752+0000] {dag.py:3036} INFO - Sync 1 DAGs
[2025-11-30T18:33:08.769+0000] {logging_mixin.py:188} INFO - [2025-11-30T18:33:08.768+0000] {dag.py:3823} INFO - Setting next_dagrun for minio_to_duckdb_pipeline to None, run_after=None
[2025-11-30T18:33:08.794+0000] {processor.py:183} INFO - Processing /opt/airflow/dags/02_minio_to_duckdb.py took 0.156 seconds
[2025-11-30T18:33:39.330+0000] {processor.py:161} INFO - Started process (PID=568) to work on /opt/airflow/dags/02_minio_to_duckdb.py
[2025-11-30T18:33:39.331+0000] {processor.py:830} INFO - Processing file /opt/airflow/dags/02_minio_to_duckdb.py for tasks to queue
[2025-11-30T18:33:39.332+0000] {logging_mixin.py:188} INFO - [2025-11-30T18:33:39.332+0000] {dagbag.py:538} INFO - Filling up the DagBag from /opt/airflow/dags/02_minio_to_duckdb.py
[2025-11-30T18:33:39.426+0000] {processor.py:840} INFO - DAG(s) 'minio_to_duckdb_pipeline' retrieved from /opt/airflow/dags/02_minio_to_duckdb.py
[2025-11-30T18:33:39.450+0000] {logging_mixin.py:188} INFO - [2025-11-30T18:33:39.450+0000] {dag.py:3036} INFO - Sync 1 DAGs
[2025-11-30T18:33:39.461+0000] {logging_mixin.py:188} INFO - [2025-11-30T18:33:39.461+0000] {dag.py:3823} INFO - Setting next_dagrun for minio_to_duckdb_pipeline to None, run_after=None
[2025-11-30T18:33:39.488+0000] {processor.py:183} INFO - Processing /opt/airflow/dags/02_minio_to_duckdb.py took 0.163 seconds
[2025-11-30T18:34:10.046+0000] {processor.py:161} INFO - Started process (PID=633) to work on /opt/airflow/dags/02_minio_to_duckdb.py
[2025-11-30T18:34:10.047+0000] {processor.py:830} INFO - Processing file /opt/airflow/dags/02_minio_to_duckdb.py for tasks to queue
[2025-11-30T18:34:10.048+0000] {logging_mixin.py:188} INFO - [2025-11-30T18:34:10.048+0000] {dagbag.py:538} INFO - Filling up the DagBag from /opt/airflow/dags/02_minio_to_duckdb.py
[2025-11-30T18:34:10.139+0000] {processor.py:840} INFO - DAG(s) 'minio_to_duckdb_pipeline' retrieved from /opt/airflow/dags/02_minio_to_duckdb.py
[2025-11-30T18:34:10.165+0000] {logging_mixin.py:188} INFO - [2025-11-30T18:34:10.165+0000] {dag.py:3036} INFO - Sync 1 DAGs
[2025-11-30T18:34:10.175+0000] {logging_mixin.py:188} INFO - [2025-11-30T18:34:10.175+0000] {dag.py:3823} INFO - Setting next_dagrun for minio_to_duckdb_pipeline to None, run_after=None
[2025-11-30T18:34:10.198+0000] {processor.py:183} INFO - Processing /opt/airflow/dags/02_minio_to_duckdb.py took 0.160 seconds
[2025-11-30T18:34:40.767+0000] {processor.py:161} INFO - Started process (PID=698) to work on /opt/airflow/dags/02_minio_to_duckdb.py
[2025-11-30T18:34:40.767+0000] {processor.py:830} INFO - Processing file /opt/airflow/dags/02_minio_to_duckdb.py for tasks to queue
[2025-11-30T18:34:40.768+0000] {logging_mixin.py:188} INFO - [2025-11-30T18:34:40.768+0000] {dagbag.py:538} INFO - Filling up the DagBag from /opt/airflow/dags/02_minio_to_duckdb.py
[2025-11-30T18:34:40.857+0000] {processor.py:840} INFO - DAG(s) 'minio_to_duckdb_pipeline' retrieved from /opt/airflow/dags/02_minio_to_duckdb.py
[2025-11-30T18:34:40.885+0000] {logging_mixin.py:188} INFO - [2025-11-30T18:34:40.885+0000] {dag.py:3036} INFO - Sync 1 DAGs
[2025-11-30T18:34:40.897+0000] {logging_mixin.py:188} INFO - [2025-11-30T18:34:40.897+0000] {dag.py:3823} INFO - Setting next_dagrun for minio_to_duckdb_pipeline to None, run_after=None
[2025-11-30T18:34:40.926+0000] {processor.py:183} INFO - Processing /opt/airflow/dags/02_minio_to_duckdb.py took 0.162 seconds
[2025-11-30T18:35:11.471+0000] {processor.py:161} INFO - Started process (PID=763) to work on /opt/airflow/dags/02_minio_to_duckdb.py
[2025-11-30T18:35:11.472+0000] {processor.py:830} INFO - Processing file /opt/airflow/dags/02_minio_to_duckdb.py for tasks to queue
[2025-11-30T18:35:11.473+0000] {logging_mixin.py:188} INFO - [2025-11-30T18:35:11.473+0000] {dagbag.py:538} INFO - Filling up the DagBag from /opt/airflow/dags/02_minio_to_duckdb.py
[2025-11-30T18:35:11.568+0000] {processor.py:840} INFO - DAG(s) 'minio_to_duckdb_pipeline' retrieved from /opt/airflow/dags/02_minio_to_duckdb.py
[2025-11-30T18:35:11.591+0000] {logging_mixin.py:188} INFO - [2025-11-30T18:35:11.591+0000] {dag.py:3036} INFO - Sync 1 DAGs
[2025-11-30T18:35:11.602+0000] {logging_mixin.py:188} INFO - [2025-11-30T18:35:11.602+0000] {dag.py:3823} INFO - Setting next_dagrun for minio_to_duckdb_pipeline to None, run_after=None
[2025-11-30T18:35:11.627+0000] {processor.py:183} INFO - Processing /opt/airflow/dags/02_minio_to_duckdb.py took 0.160 seconds
[2025-11-30T18:35:42.109+0000] {processor.py:161} INFO - Started process (PID=828) to work on /opt/airflow/dags/02_minio_to_duckdb.py
[2025-11-30T18:35:42.110+0000] {processor.py:830} INFO - Processing file /opt/airflow/dags/02_minio_to_duckdb.py for tasks to queue
[2025-11-30T18:35:42.112+0000] {logging_mixin.py:188} INFO - [2025-11-30T18:35:42.111+0000] {dagbag.py:538} INFO - Filling up the DagBag from /opt/airflow/dags/02_minio_to_duckdb.py
[2025-11-30T18:35:42.195+0000] {processor.py:840} INFO - DAG(s) 'minio_to_duckdb_pipeline' retrieved from /opt/airflow/dags/02_minio_to_duckdb.py
[2025-11-30T18:35:42.222+0000] {logging_mixin.py:188} INFO - [2025-11-30T18:35:42.222+0000] {dag.py:3036} INFO - Sync 1 DAGs
[2025-11-30T18:35:42.231+0000] {logging_mixin.py:188} INFO - [2025-11-30T18:35:42.231+0000] {dag.py:3823} INFO - Setting next_dagrun for minio_to_duckdb_pipeline to None, run_after=None
[2025-11-30T18:35:42.248+0000] {processor.py:183} INFO - Processing /opt/airflow/dags/02_minio_to_duckdb.py took 0.143 seconds
[2025-11-30T18:36:12.414+0000] {processor.py:161} INFO - Started process (PID=890) to work on /opt/airflow/dags/02_minio_to_duckdb.py
[2025-11-30T18:36:12.417+0000] {processor.py:830} INFO - Processing file /opt/airflow/dags/02_minio_to_duckdb.py for tasks to queue
[2025-11-30T18:36:12.425+0000] {logging_mixin.py:188} INFO - [2025-11-30T18:36:12.423+0000] {dagbag.py:538} INFO - Filling up the DagBag from /opt/airflow/dags/02_minio_to_duckdb.py
[2025-11-30T18:36:12.530+0000] {processor.py:840} INFO - DAG(s) 'minio_to_duckdb_pipeline' retrieved from /opt/airflow/dags/02_minio_to_duckdb.py
[2025-11-30T18:36:12.553+0000] {logging_mixin.py:188} INFO - [2025-11-30T18:36:12.552+0000] {dag.py:3036} INFO - Sync 1 DAGs
[2025-11-30T18:36:12.562+0000] {logging_mixin.py:188} INFO - [2025-11-30T18:36:12.562+0000] {dag.py:3823} INFO - Setting next_dagrun for minio_to_duckdb_pipeline to None, run_after=None
[2025-11-30T18:36:12.584+0000] {processor.py:183} INFO - Processing /opt/airflow/dags/02_minio_to_duckdb.py took 0.177 seconds
[2025-11-30T18:36:43.290+0000] {processor.py:161} INFO - Started process (PID=958) to work on /opt/airflow/dags/02_minio_to_duckdb.py
[2025-11-30T18:36:43.291+0000] {processor.py:830} INFO - Processing file /opt/airflow/dags/02_minio_to_duckdb.py for tasks to queue
[2025-11-30T18:36:43.292+0000] {logging_mixin.py:188} INFO - [2025-11-30T18:36:43.292+0000] {dagbag.py:538} INFO - Filling up the DagBag from /opt/airflow/dags/02_minio_to_duckdb.py
[2025-11-30T18:36:43.390+0000] {processor.py:840} INFO - DAG(s) 'minio_to_duckdb_pipeline' retrieved from /opt/airflow/dags/02_minio_to_duckdb.py
[2025-11-30T18:36:43.414+0000] {logging_mixin.py:188} INFO - [2025-11-30T18:36:43.413+0000] {dag.py:3036} INFO - Sync 1 DAGs
[2025-11-30T18:36:43.434+0000] {logging_mixin.py:188} INFO - [2025-11-30T18:36:43.434+0000] {dag.py:3823} INFO - Setting next_dagrun for minio_to_duckdb_pipeline to None, run_after=None
[2025-11-30T18:36:43.455+0000] {processor.py:183} INFO - Processing /opt/airflow/dags/02_minio_to_duckdb.py took 0.167 seconds
[2025-11-30T18:37:13.690+0000] {processor.py:161} INFO - Started process (PID=1017) to work on /opt/airflow/dags/02_minio_to_duckdb.py
[2025-11-30T18:37:13.691+0000] {processor.py:830} INFO - Processing file /opt/airflow/dags/02_minio_to_duckdb.py for tasks to queue
[2025-11-30T18:37:13.692+0000] {logging_mixin.py:188} INFO - [2025-11-30T18:37:13.692+0000] {dagbag.py:538} INFO - Filling up the DagBag from /opt/airflow/dags/02_minio_to_duckdb.py
[2025-11-30T18:37:13.819+0000] {processor.py:840} INFO - DAG(s) 'minio_to_duckdb_pipeline' retrieved from /opt/airflow/dags/02_minio_to_duckdb.py
[2025-11-30T18:37:13.876+0000] {logging_mixin.py:188} INFO - [2025-11-30T18:37:13.876+0000] {dag.py:3036} INFO - Sync 1 DAGs
[2025-11-30T18:37:13.894+0000] {logging_mixin.py:188} INFO - [2025-11-30T18:37:13.893+0000] {dag.py:3823} INFO - Setting next_dagrun for minio_to_duckdb_pipeline to None, run_after=None
[2025-11-30T18:37:13.916+0000] {processor.py:183} INFO - Processing /opt/airflow/dags/02_minio_to_duckdb.py took 0.228 seconds
[2025-11-30T18:37:44.765+0000] {processor.py:161} INFO - Started process (PID=1064) to work on /opt/airflow/dags/02_minio_to_duckdb.py
[2025-11-30T18:37:44.769+0000] {processor.py:830} INFO - Processing file /opt/airflow/dags/02_minio_to_duckdb.py for tasks to queue
[2025-11-30T18:37:44.774+0000] {logging_mixin.py:188} INFO - [2025-11-30T18:37:44.772+0000] {dagbag.py:538} INFO - Filling up the DagBag from /opt/airflow/dags/02_minio_to_duckdb.py
[2025-11-30T18:37:44.948+0000] {processor.py:840} INFO - DAG(s) 'minio_to_duckdb_pipeline' retrieved from /opt/airflow/dags/02_minio_to_duckdb.py
[2025-11-30T18:37:44.978+0000] {logging_mixin.py:188} INFO - [2025-11-30T18:37:44.977+0000] {dag.py:3036} INFO - Sync 1 DAGs
[2025-11-30T18:37:44.990+0000] {logging_mixin.py:188} INFO - [2025-11-30T18:37:44.990+0000] {dag.py:3823} INFO - Setting next_dagrun for minio_to_duckdb_pipeline to None, run_after=None
[2025-11-30T18:37:45.018+0000] {processor.py:183} INFO - Processing /opt/airflow/dags/02_minio_to_duckdb.py took 0.268 seconds
[2025-11-30T18:38:15.116+0000] {processor.py:161} INFO - Started process (PID=1126) to work on /opt/airflow/dags/02_minio_to_duckdb.py
[2025-11-30T18:38:15.117+0000] {processor.py:830} INFO - Processing file /opt/airflow/dags/02_minio_to_duckdb.py for tasks to queue
[2025-11-30T18:38:15.120+0000] {logging_mixin.py:188} INFO - [2025-11-30T18:38:15.119+0000] {dagbag.py:538} INFO - Filling up the DagBag from /opt/airflow/dags/02_minio_to_duckdb.py
[2025-11-30T18:38:15.232+0000] {processor.py:840} INFO - DAG(s) 'minio_to_duckdb_pipeline' retrieved from /opt/airflow/dags/02_minio_to_duckdb.py
[2025-11-30T18:38:15.284+0000] {logging_mixin.py:188} INFO - [2025-11-30T18:38:15.284+0000] {dag.py:3036} INFO - Sync 1 DAGs
[2025-11-30T18:38:15.295+0000] {logging_mixin.py:188} INFO - [2025-11-30T18:38:15.295+0000] {dag.py:3823} INFO - Setting next_dagrun for minio_to_duckdb_pipeline to None, run_after=None
[2025-11-30T18:38:15.310+0000] {processor.py:183} INFO - Processing /opt/airflow/dags/02_minio_to_duckdb.py took 0.200 seconds
[2025-11-30T18:38:45.881+0000] {processor.py:161} INFO - Started process (PID=1191) to work on /opt/airflow/dags/02_minio_to_duckdb.py
[2025-11-30T18:38:45.882+0000] {processor.py:830} INFO - Processing file /opt/airflow/dags/02_minio_to_duckdb.py for tasks to queue
[2025-11-30T18:38:45.884+0000] {logging_mixin.py:188} INFO - [2025-11-30T18:38:45.883+0000] {dagbag.py:538} INFO - Filling up the DagBag from /opt/airflow/dags/02_minio_to_duckdb.py
[2025-11-30T18:38:46.062+0000] {processor.py:840} INFO - DAG(s) 'minio_to_duckdb_pipeline' retrieved from /opt/airflow/dags/02_minio_to_duckdb.py
[2025-11-30T18:38:46.112+0000] {logging_mixin.py:188} INFO - [2025-11-30T18:38:46.112+0000] {dag.py:3036} INFO - Sync 1 DAGs
[2025-11-30T18:38:46.122+0000] {logging_mixin.py:188} INFO - [2025-11-30T18:38:46.122+0000] {dag.py:3823} INFO - Setting next_dagrun for minio_to_duckdb_pipeline to None, run_after=None
[2025-11-30T18:38:46.139+0000] {processor.py:183} INFO - Processing /opt/airflow/dags/02_minio_to_duckdb.py took 0.265 seconds
[2025-11-30T18:39:16.325+0000] {processor.py:161} INFO - Started process (PID=1256) to work on /opt/airflow/dags/02_minio_to_duckdb.py
[2025-11-30T18:39:16.327+0000] {processor.py:830} INFO - Processing file /opt/airflow/dags/02_minio_to_duckdb.py for tasks to queue
[2025-11-30T18:39:16.329+0000] {logging_mixin.py:188} INFO - [2025-11-30T18:39:16.328+0000] {dagbag.py:538} INFO - Filling up the DagBag from /opt/airflow/dags/02_minio_to_duckdb.py
[2025-11-30T18:39:16.450+0000] {processor.py:840} INFO - DAG(s) 'minio_to_duckdb_pipeline' retrieved from /opt/airflow/dags/02_minio_to_duckdb.py
[2025-11-30T18:39:16.482+0000] {logging_mixin.py:188} INFO - [2025-11-30T18:39:16.482+0000] {dag.py:3036} INFO - Sync 1 DAGs
[2025-11-30T18:39:16.518+0000] {logging_mixin.py:188} INFO - [2025-11-30T18:39:16.518+0000] {dag.py:3823} INFO - Setting next_dagrun for minio_to_duckdb_pipeline to None, run_after=None
[2025-11-30T18:39:16.551+0000] {processor.py:183} INFO - Processing /opt/airflow/dags/02_minio_to_duckdb.py took 0.233 seconds
[2025-11-30T18:39:46.774+0000] {processor.py:161} INFO - Started process (PID=1321) to work on /opt/airflow/dags/02_minio_to_duckdb.py
[2025-11-30T18:39:46.775+0000] {processor.py:830} INFO - Processing file /opt/airflow/dags/02_minio_to_duckdb.py for tasks to queue
[2025-11-30T18:39:46.777+0000] {logging_mixin.py:188} INFO - [2025-11-30T18:39:46.776+0000] {dagbag.py:538} INFO - Filling up the DagBag from /opt/airflow/dags/02_minio_to_duckdb.py
[2025-11-30T18:39:46.923+0000] {processor.py:840} INFO - DAG(s) 'minio_to_duckdb_pipeline' retrieved from /opt/airflow/dags/02_minio_to_duckdb.py
[2025-11-30T18:39:46.975+0000] {logging_mixin.py:188} INFO - [2025-11-30T18:39:46.975+0000] {dag.py:3036} INFO - Sync 1 DAGs
[2025-11-30T18:39:46.986+0000] {logging_mixin.py:188} INFO - [2025-11-30T18:39:46.986+0000] {dag.py:3823} INFO - Setting next_dagrun for minio_to_duckdb_pipeline to None, run_after=None
[2025-11-30T18:39:47.014+0000] {processor.py:183} INFO - Processing /opt/airflow/dags/02_minio_to_duckdb.py took 0.247 seconds
[2025-11-30T18:40:17.599+0000] {processor.py:161} INFO - Started process (PID=1386) to work on /opt/airflow/dags/02_minio_to_duckdb.py
[2025-11-30T18:40:17.600+0000] {processor.py:830} INFO - Processing file /opt/airflow/dags/02_minio_to_duckdb.py for tasks to queue
[2025-11-30T18:40:17.601+0000] {logging_mixin.py:188} INFO - [2025-11-30T18:40:17.601+0000] {dagbag.py:538} INFO - Filling up the DagBag from /opt/airflow/dags/02_minio_to_duckdb.py
[2025-11-30T18:40:17.747+0000] {processor.py:840} INFO - DAG(s) 'minio_to_duckdb_pipeline' retrieved from /opt/airflow/dags/02_minio_to_duckdb.py
[2025-11-30T18:40:17.788+0000] {logging_mixin.py:188} INFO - [2025-11-30T18:40:17.788+0000] {dag.py:3036} INFO - Sync 1 DAGs
[2025-11-30T18:40:17.807+0000] {logging_mixin.py:188} INFO - [2025-11-30T18:40:17.807+0000] {dag.py:3823} INFO - Setting next_dagrun for minio_to_duckdb_pipeline to None, run_after=None
[2025-11-30T18:40:17.833+0000] {processor.py:183} INFO - Processing /opt/airflow/dags/02_minio_to_duckdb.py took 0.242 seconds
[2025-11-30T18:40:47.934+0000] {processor.py:161} INFO - Started process (PID=1451) to work on /opt/airflow/dags/02_minio_to_duckdb.py
[2025-11-30T18:40:47.935+0000] {processor.py:830} INFO - Processing file /opt/airflow/dags/02_minio_to_duckdb.py for tasks to queue
[2025-11-30T18:40:47.937+0000] {logging_mixin.py:188} INFO - [2025-11-30T18:40:47.936+0000] {dagbag.py:538} INFO - Filling up the DagBag from /opt/airflow/dags/02_minio_to_duckdb.py
[2025-11-30T18:40:48.081+0000] {processor.py:840} INFO - DAG(s) 'minio_to_duckdb_pipeline' retrieved from /opt/airflow/dags/02_minio_to_duckdb.py
[2025-11-30T18:40:48.108+0000] {logging_mixin.py:188} INFO - [2025-11-30T18:40:48.108+0000] {dag.py:3036} INFO - Sync 1 DAGs
[2025-11-30T18:40:48.118+0000] {logging_mixin.py:188} INFO - [2025-11-30T18:40:48.118+0000] {dag.py:3823} INFO - Setting next_dagrun for minio_to_duckdb_pipeline to None, run_after=None
[2025-11-30T18:40:48.142+0000] {processor.py:183} INFO - Processing /opt/airflow/dags/02_minio_to_duckdb.py took 0.214 seconds
[2025-11-30T18:41:18.373+0000] {processor.py:161} INFO - Started process (PID=1516) to work on /opt/airflow/dags/02_minio_to_duckdb.py
[2025-11-30T18:41:18.374+0000] {processor.py:830} INFO - Processing file /opt/airflow/dags/02_minio_to_duckdb.py for tasks to queue
[2025-11-30T18:41:18.376+0000] {logging_mixin.py:188} INFO - [2025-11-30T18:41:18.375+0000] {dagbag.py:538} INFO - Filling up the DagBag from /opt/airflow/dags/02_minio_to_duckdb.py
[2025-11-30T18:41:18.525+0000] {processor.py:840} INFO - DAG(s) 'minio_to_duckdb_pipeline' retrieved from /opt/airflow/dags/02_minio_to_duckdb.py
[2025-11-30T18:41:18.557+0000] {logging_mixin.py:188} INFO - [2025-11-30T18:41:18.557+0000] {dag.py:3036} INFO - Sync 1 DAGs
[2025-11-30T18:41:18.568+0000] {logging_mixin.py:188} INFO - [2025-11-30T18:41:18.567+0000] {dag.py:3823} INFO - Setting next_dagrun for minio_to_duckdb_pipeline to None, run_after=None
[2025-11-30T18:41:18.593+0000] {processor.py:183} INFO - Processing /opt/airflow/dags/02_minio_to_duckdb.py took 0.224 seconds
[2025-11-30T18:41:49.365+0000] {processor.py:161} INFO - Started process (PID=1581) to work on /opt/airflow/dags/02_minio_to_duckdb.py
[2025-11-30T18:41:49.365+0000] {processor.py:830} INFO - Processing file /opt/airflow/dags/02_minio_to_duckdb.py for tasks to queue
[2025-11-30T18:41:49.366+0000] {logging_mixin.py:188} INFO - [2025-11-30T18:41:49.366+0000] {dagbag.py:538} INFO - Filling up the DagBag from /opt/airflow/dags/02_minio_to_duckdb.py
[2025-11-30T18:41:49.489+0000] {processor.py:840} INFO - DAG(s) 'minio_to_duckdb_pipeline' retrieved from /opt/airflow/dags/02_minio_to_duckdb.py
[2025-11-30T18:41:49.516+0000] {logging_mixin.py:188} INFO - [2025-11-30T18:41:49.516+0000] {dag.py:3036} INFO - Sync 1 DAGs
[2025-11-30T18:41:49.531+0000] {logging_mixin.py:188} INFO - [2025-11-30T18:41:49.531+0000] {dag.py:3823} INFO - Setting next_dagrun for minio_to_duckdb_pipeline to None, run_after=None
[2025-11-30T18:41:49.563+0000] {processor.py:183} INFO - Processing /opt/airflow/dags/02_minio_to_duckdb.py took 0.201 seconds
[2025-11-30T18:42:19.672+0000] {processor.py:161} INFO - Started process (PID=1646) to work on /opt/airflow/dags/02_minio_to_duckdb.py
[2025-11-30T18:42:19.686+0000] {processor.py:830} INFO - Processing file /opt/airflow/dags/02_minio_to_duckdb.py for tasks to queue
[2025-11-30T18:42:19.693+0000] {logging_mixin.py:188} INFO - [2025-11-30T18:42:19.692+0000] {dagbag.py:538} INFO - Filling up the DagBag from /opt/airflow/dags/02_minio_to_duckdb.py
[2025-11-30T18:42:19.842+0000] {processor.py:840} INFO - DAG(s) 'minio_to_duckdb_pipeline' retrieved from /opt/airflow/dags/02_minio_to_duckdb.py
[2025-11-30T18:42:19.865+0000] {logging_mixin.py:188} INFO - [2025-11-30T18:42:19.864+0000] {dag.py:3036} INFO - Sync 1 DAGs
[2025-11-30T18:42:19.875+0000] {logging_mixin.py:188} INFO - [2025-11-30T18:42:19.874+0000] {dag.py:3823} INFO - Setting next_dagrun for minio_to_duckdb_pipeline to None, run_after=None
[2025-11-30T18:42:19.889+0000] {processor.py:183} INFO - Processing /opt/airflow/dags/02_minio_to_duckdb.py took 0.221 seconds
[2025-11-30T18:42:50.063+0000] {processor.py:161} INFO - Started process (PID=1711) to work on /opt/airflow/dags/02_minio_to_duckdb.py
[2025-11-30T18:42:50.072+0000] {processor.py:830} INFO - Processing file /opt/airflow/dags/02_minio_to_duckdb.py for tasks to queue
[2025-11-30T18:42:50.074+0000] {logging_mixin.py:188} INFO - [2025-11-30T18:42:50.073+0000] {dagbag.py:538} INFO - Filling up the DagBag from /opt/airflow/dags/02_minio_to_duckdb.py
[2025-11-30T18:42:50.190+0000] {processor.py:840} INFO - DAG(s) 'minio_to_duckdb_pipeline' retrieved from /opt/airflow/dags/02_minio_to_duckdb.py
[2025-11-30T18:42:50.219+0000] {logging_mixin.py:188} INFO - [2025-11-30T18:42:50.219+0000] {dag.py:3036} INFO - Sync 1 DAGs
[2025-11-30T18:42:50.229+0000] {logging_mixin.py:188} INFO - [2025-11-30T18:42:50.229+0000] {dag.py:3823} INFO - Setting next_dagrun for minio_to_duckdb_pipeline to None, run_after=None
[2025-11-30T18:42:50.245+0000] {processor.py:183} INFO - Processing /opt/airflow/dags/02_minio_to_duckdb.py took 0.190 seconds
[2025-11-30T18:43:21.029+0000] {processor.py:161} INFO - Started process (PID=1776) to work on /opt/airflow/dags/02_minio_to_duckdb.py
[2025-11-30T18:43:21.030+0000] {processor.py:830} INFO - Processing file /opt/airflow/dags/02_minio_to_duckdb.py for tasks to queue
[2025-11-30T18:43:21.031+0000] {logging_mixin.py:188} INFO - [2025-11-30T18:43:21.030+0000] {dagbag.py:538} INFO - Filling up the DagBag from /opt/airflow/dags/02_minio_to_duckdb.py
[2025-11-30T18:43:21.137+0000] {processor.py:840} INFO - DAG(s) 'minio_to_duckdb_pipeline' retrieved from /opt/airflow/dags/02_minio_to_duckdb.py
[2025-11-30T18:43:21.165+0000] {logging_mixin.py:188} INFO - [2025-11-30T18:43:21.164+0000] {dag.py:3036} INFO - Sync 1 DAGs
[2025-11-30T18:43:21.180+0000] {logging_mixin.py:188} INFO - [2025-11-30T18:43:21.180+0000] {dag.py:3823} INFO - Setting next_dagrun for minio_to_duckdb_pipeline to None, run_after=None
[2025-11-30T18:43:21.217+0000] {processor.py:183} INFO - Processing /opt/airflow/dags/02_minio_to_duckdb.py took 0.190 seconds
[2025-11-30T18:43:51.449+0000] {processor.py:161} INFO - Started process (PID=1838) to work on /opt/airflow/dags/02_minio_to_duckdb.py
[2025-11-30T18:43:51.450+0000] {processor.py:830} INFO - Processing file /opt/airflow/dags/02_minio_to_duckdb.py for tasks to queue
[2025-11-30T18:43:51.451+0000] {logging_mixin.py:188} INFO - [2025-11-30T18:43:51.450+0000] {dagbag.py:538} INFO - Filling up the DagBag from /opt/airflow/dags/02_minio_to_duckdb.py
[2025-11-30T18:43:51.574+0000] {processor.py:840} INFO - DAG(s) 'minio_to_duckdb_pipeline' retrieved from /opt/airflow/dags/02_minio_to_duckdb.py
[2025-11-30T18:43:51.609+0000] {logging_mixin.py:188} INFO - [2025-11-30T18:43:51.609+0000] {dag.py:3036} INFO - Sync 1 DAGs
[2025-11-30T18:43:51.624+0000] {logging_mixin.py:188} INFO - [2025-11-30T18:43:51.624+0000] {dag.py:3823} INFO - Setting next_dagrun for minio_to_duckdb_pipeline to None, run_after=None
[2025-11-30T18:43:51.640+0000] {processor.py:183} INFO - Processing /opt/airflow/dags/02_minio_to_duckdb.py took 0.193 seconds
[2025-11-30T18:44:21.869+0000] {processor.py:161} INFO - Started process (PID=1882) to work on /opt/airflow/dags/02_minio_to_duckdb.py
[2025-11-30T18:44:21.870+0000] {processor.py:830} INFO - Processing file /opt/airflow/dags/02_minio_to_duckdb.py for tasks to queue
[2025-11-30T18:44:21.872+0000] {logging_mixin.py:188} INFO - [2025-11-30T18:44:21.871+0000] {dagbag.py:538} INFO - Filling up the DagBag from /opt/airflow/dags/02_minio_to_duckdb.py
[2025-11-30T18:44:22.017+0000] {processor.py:840} INFO - DAG(s) 'minio_to_duckdb_pipeline' retrieved from /opt/airflow/dags/02_minio_to_duckdb.py
[2025-11-30T18:44:22.072+0000] {logging_mixin.py:188} INFO - [2025-11-30T18:44:22.072+0000] {dag.py:3036} INFO - Sync 1 DAGs
[2025-11-30T18:44:22.084+0000] {logging_mixin.py:188} INFO - [2025-11-30T18:44:22.083+0000] {dag.py:3823} INFO - Setting next_dagrun for minio_to_duckdb_pipeline to None, run_after=None
[2025-11-30T18:44:22.097+0000] {processor.py:183} INFO - Processing /opt/airflow/dags/02_minio_to_duckdb.py took 0.236 seconds
[2025-11-30T18:44:52.313+0000] {processor.py:161} INFO - Started process (PID=1947) to work on /opt/airflow/dags/02_minio_to_duckdb.py
[2025-11-30T18:44:52.314+0000] {processor.py:830} INFO - Processing file /opt/airflow/dags/02_minio_to_duckdb.py for tasks to queue
[2025-11-30T18:44:52.315+0000] {logging_mixin.py:188} INFO - [2025-11-30T18:44:52.315+0000] {dagbag.py:538} INFO - Filling up the DagBag from /opt/airflow/dags/02_minio_to_duckdb.py
[2025-11-30T18:44:52.444+0000] {processor.py:840} INFO - DAG(s) 'minio_to_duckdb_pipeline' retrieved from /opt/airflow/dags/02_minio_to_duckdb.py
[2025-11-30T18:44:52.481+0000] {logging_mixin.py:188} INFO - [2025-11-30T18:44:52.481+0000] {dag.py:3036} INFO - Sync 1 DAGs
[2025-11-30T18:44:52.492+0000] {logging_mixin.py:188} INFO - [2025-11-30T18:44:52.492+0000] {dag.py:3823} INFO - Setting next_dagrun for minio_to_duckdb_pipeline to None, run_after=None
[2025-11-30T18:44:52.508+0000] {processor.py:183} INFO - Processing /opt/airflow/dags/02_minio_to_duckdb.py took 0.201 seconds
[2025-11-30T18:45:23.231+0000] {processor.py:161} INFO - Started process (PID=2012) to work on /opt/airflow/dags/02_minio_to_duckdb.py
[2025-11-30T18:45:23.232+0000] {processor.py:830} INFO - Processing file /opt/airflow/dags/02_minio_to_duckdb.py for tasks to queue
[2025-11-30T18:45:23.233+0000] {logging_mixin.py:188} INFO - [2025-11-30T18:45:23.233+0000] {dagbag.py:538} INFO - Filling up the DagBag from /opt/airflow/dags/02_minio_to_duckdb.py
[2025-11-30T18:45:23.350+0000] {processor.py:840} INFO - DAG(s) 'minio_to_duckdb_pipeline' retrieved from /opt/airflow/dags/02_minio_to_duckdb.py
[2025-11-30T18:45:23.381+0000] {logging_mixin.py:188} INFO - [2025-11-30T18:45:23.381+0000] {dag.py:3036} INFO - Sync 1 DAGs
[2025-11-30T18:45:23.392+0000] {logging_mixin.py:188} INFO - [2025-11-30T18:45:23.392+0000] {dag.py:3823} INFO - Setting next_dagrun for minio_to_duckdb_pipeline to None, run_after=None
[2025-11-30T18:45:23.427+0000] {processor.py:183} INFO - Processing /opt/airflow/dags/02_minio_to_duckdb.py took 0.201 seconds
[2025-11-30T18:45:53.589+0000] {processor.py:161} INFO - Started process (PID=2077) to work on /opt/airflow/dags/02_minio_to_duckdb.py
[2025-11-30T18:45:53.592+0000] {processor.py:830} INFO - Processing file /opt/airflow/dags/02_minio_to_duckdb.py for tasks to queue
[2025-11-30T18:45:53.594+0000] {logging_mixin.py:188} INFO - [2025-11-30T18:45:53.593+0000] {dagbag.py:538} INFO - Filling up the DagBag from /opt/airflow/dags/02_minio_to_duckdb.py
[2025-11-30T18:45:53.733+0000] {processor.py:840} INFO - DAG(s) 'minio_to_duckdb_pipeline' retrieved from /opt/airflow/dags/02_minio_to_duckdb.py
[2025-11-30T18:45:53.769+0000] {logging_mixin.py:188} INFO - [2025-11-30T18:45:53.769+0000] {dag.py:3036} INFO - Sync 1 DAGs
[2025-11-30T18:45:53.791+0000] {logging_mixin.py:188} INFO - [2025-11-30T18:45:53.790+0000] {dag.py:3823} INFO - Setting next_dagrun for minio_to_duckdb_pipeline to None, run_after=None
[2025-11-30T18:45:53.827+0000] {processor.py:183} INFO - Processing /opt/airflow/dags/02_minio_to_duckdb.py took 0.245 seconds
[2025-11-30T18:46:24.063+0000] {processor.py:161} INFO - Started process (PID=2142) to work on /opt/airflow/dags/02_minio_to_duckdb.py
[2025-11-30T18:46:24.065+0000] {processor.py:830} INFO - Processing file /opt/airflow/dags/02_minio_to_duckdb.py for tasks to queue
[2025-11-30T18:46:24.068+0000] {logging_mixin.py:188} INFO - [2025-11-30T18:46:24.067+0000] {dagbag.py:538} INFO - Filling up the DagBag from /opt/airflow/dags/02_minio_to_duckdb.py
[2025-11-30T18:46:24.222+0000] {processor.py:840} INFO - DAG(s) 'minio_to_duckdb_pipeline' retrieved from /opt/airflow/dags/02_minio_to_duckdb.py
[2025-11-30T18:46:24.259+0000] {logging_mixin.py:188} INFO - [2025-11-30T18:46:24.259+0000] {dag.py:3036} INFO - Sync 1 DAGs
[2025-11-30T18:46:24.269+0000] {logging_mixin.py:188} INFO - [2025-11-30T18:46:24.269+0000] {dag.py:3823} INFO - Setting next_dagrun for minio_to_duckdb_pipeline to None, run_after=None
[2025-11-30T18:46:24.295+0000] {processor.py:183} INFO - Processing /opt/airflow/dags/02_minio_to_duckdb.py took 0.239 seconds
[2025-11-30T18:46:54.352+0000] {processor.py:161} INFO - Started process (PID=2207) to work on /opt/airflow/dags/02_minio_to_duckdb.py
[2025-11-30T18:46:54.353+0000] {processor.py:830} INFO - Processing file /opt/airflow/dags/02_minio_to_duckdb.py for tasks to queue
[2025-11-30T18:46:54.355+0000] {logging_mixin.py:188} INFO - [2025-11-30T18:46:54.354+0000] {dagbag.py:538} INFO - Filling up the DagBag from /opt/airflow/dags/02_minio_to_duckdb.py
[2025-11-30T18:46:54.497+0000] {processor.py:840} INFO - DAG(s) 'minio_to_duckdb_pipeline' retrieved from /opt/airflow/dags/02_minio_to_duckdb.py
[2025-11-30T18:46:54.527+0000] {logging_mixin.py:188} INFO - [2025-11-30T18:46:54.527+0000] {dag.py:3036} INFO - Sync 1 DAGs
[2025-11-30T18:46:54.538+0000] {logging_mixin.py:188} INFO - [2025-11-30T18:46:54.538+0000] {dag.py:3823} INFO - Setting next_dagrun for minio_to_duckdb_pipeline to None, run_after=None
[2025-11-30T18:46:54.573+0000] {processor.py:183} INFO - Processing /opt/airflow/dags/02_minio_to_duckdb.py took 0.225 seconds
[2025-11-30T18:47:24.700+0000] {processor.py:161} INFO - Started process (PID=2272) to work on /opt/airflow/dags/02_minio_to_duckdb.py
[2025-11-30T18:47:24.703+0000] {processor.py:830} INFO - Processing file /opt/airflow/dags/02_minio_to_duckdb.py for tasks to queue
[2025-11-30T18:47:24.707+0000] {logging_mixin.py:188} INFO - [2025-11-30T18:47:24.705+0000] {dagbag.py:538} INFO - Filling up the DagBag from /opt/airflow/dags/02_minio_to_duckdb.py
[2025-11-30T18:47:24.932+0000] {processor.py:840} INFO - DAG(s) 'minio_to_duckdb_pipeline' retrieved from /opt/airflow/dags/02_minio_to_duckdb.py
[2025-11-30T18:47:24.970+0000] {logging_mixin.py:188} INFO - [2025-11-30T18:47:24.969+0000] {dag.py:3036} INFO - Sync 1 DAGs
[2025-11-30T18:47:24.982+0000] {logging_mixin.py:188} INFO - [2025-11-30T18:47:24.982+0000] {dag.py:3823} INFO - Setting next_dagrun for minio_to_duckdb_pipeline to None, run_after=None
[2025-11-30T18:47:25.014+0000] {processor.py:183} INFO - Processing /opt/airflow/dags/02_minio_to_duckdb.py took 0.330 seconds
[2025-11-30T18:47:55.239+0000] {processor.py:161} INFO - Started process (PID=2337) to work on /opt/airflow/dags/02_minio_to_duckdb.py
[2025-11-30T18:47:55.241+0000] {processor.py:830} INFO - Processing file /opt/airflow/dags/02_minio_to_duckdb.py for tasks to queue
[2025-11-30T18:47:55.242+0000] {logging_mixin.py:188} INFO - [2025-11-30T18:47:55.242+0000] {dagbag.py:538} INFO - Filling up the DagBag from /opt/airflow/dags/02_minio_to_duckdb.py
[2025-11-30T18:47:55.377+0000] {processor.py:840} INFO - DAG(s) 'minio_to_duckdb_pipeline' retrieved from /opt/airflow/dags/02_minio_to_duckdb.py
[2025-11-30T18:47:55.408+0000] {logging_mixin.py:188} INFO - [2025-11-30T18:47:55.408+0000] {dag.py:3036} INFO - Sync 1 DAGs
[2025-11-30T18:47:55.432+0000] {logging_mixin.py:188} INFO - [2025-11-30T18:47:55.431+0000] {dag.py:3823} INFO - Setting next_dagrun for minio_to_duckdb_pipeline to None, run_after=None
[2025-11-30T18:47:55.448+0000] {processor.py:183} INFO - Processing /opt/airflow/dags/02_minio_to_duckdb.py took 0.215 seconds
[2025-11-30T18:48:25.709+0000] {processor.py:161} INFO - Started process (PID=2402) to work on /opt/airflow/dags/02_minio_to_duckdb.py
[2025-11-30T18:48:25.710+0000] {processor.py:830} INFO - Processing file /opt/airflow/dags/02_minio_to_duckdb.py for tasks to queue
[2025-11-30T18:48:25.712+0000] {logging_mixin.py:188} INFO - [2025-11-30T18:48:25.711+0000] {dagbag.py:538} INFO - Filling up the DagBag from /opt/airflow/dags/02_minio_to_duckdb.py
[2025-11-30T18:48:25.836+0000] {processor.py:840} INFO - DAG(s) 'minio_to_duckdb_pipeline' retrieved from /opt/airflow/dags/02_minio_to_duckdb.py
[2025-11-30T18:48:25.866+0000] {logging_mixin.py:188} INFO - [2025-11-30T18:48:25.865+0000] {dag.py:3036} INFO - Sync 1 DAGs
[2025-11-30T18:48:25.883+0000] {logging_mixin.py:188} INFO - [2025-11-30T18:48:25.883+0000] {dag.py:3823} INFO - Setting next_dagrun for minio_to_duckdb_pipeline to None, run_after=None
[2025-11-30T18:48:25.901+0000] {processor.py:183} INFO - Processing /opt/airflow/dags/02_minio_to_duckdb.py took 0.199 seconds
[2025-11-30T18:48:56.035+0000] {processor.py:161} INFO - Started process (PID=2467) to work on /opt/airflow/dags/02_minio_to_duckdb.py
[2025-11-30T18:48:56.036+0000] {processor.py:830} INFO - Processing file /opt/airflow/dags/02_minio_to_duckdb.py for tasks to queue
[2025-11-30T18:48:56.038+0000] {logging_mixin.py:188} INFO - [2025-11-30T18:48:56.037+0000] {dagbag.py:538} INFO - Filling up the DagBag from /opt/airflow/dags/02_minio_to_duckdb.py
[2025-11-30T18:48:56.153+0000] {processor.py:840} INFO - DAG(s) 'minio_to_duckdb_pipeline' retrieved from /opt/airflow/dags/02_minio_to_duckdb.py
[2025-11-30T18:48:56.181+0000] {logging_mixin.py:188} INFO - [2025-11-30T18:48:56.181+0000] {dag.py:3036} INFO - Sync 1 DAGs
[2025-11-30T18:48:56.190+0000] {logging_mixin.py:188} INFO - [2025-11-30T18:48:56.190+0000] {dag.py:3823} INFO - Setting next_dagrun for minio_to_duckdb_pipeline to None, run_after=None
[2025-11-30T18:48:56.219+0000] {processor.py:183} INFO - Processing /opt/airflow/dags/02_minio_to_duckdb.py took 0.190 seconds
[2025-11-30T18:49:26.370+0000] {processor.py:161} INFO - Started process (PID=2532) to work on /opt/airflow/dags/02_minio_to_duckdb.py
[2025-11-30T18:49:26.372+0000] {processor.py:830} INFO - Processing file /opt/airflow/dags/02_minio_to_duckdb.py for tasks to queue
[2025-11-30T18:49:26.373+0000] {logging_mixin.py:188} INFO - [2025-11-30T18:49:26.373+0000] {dagbag.py:538} INFO - Filling up the DagBag from /opt/airflow/dags/02_minio_to_duckdb.py
[2025-11-30T18:49:26.484+0000] {processor.py:840} INFO - DAG(s) 'minio_to_duckdb_pipeline' retrieved from /opt/airflow/dags/02_minio_to_duckdb.py
[2025-11-30T18:49:26.506+0000] {logging_mixin.py:188} INFO - [2025-11-30T18:49:26.506+0000] {dag.py:3036} INFO - Sync 1 DAGs
[2025-11-30T18:49:26.515+0000] {logging_mixin.py:188} INFO - [2025-11-30T18:49:26.515+0000] {dag.py:3823} INFO - Setting next_dagrun for minio_to_duckdb_pipeline to None, run_after=None
[2025-11-30T18:49:26.538+0000] {processor.py:183} INFO - Processing /opt/airflow/dags/02_minio_to_duckdb.py took 0.171 seconds
[2025-11-30T18:49:56.766+0000] {processor.py:161} INFO - Started process (PID=2573) to work on /opt/airflow/dags/02_minio_to_duckdb.py
[2025-11-30T18:49:56.767+0000] {processor.py:830} INFO - Processing file /opt/airflow/dags/02_minio_to_duckdb.py for tasks to queue
[2025-11-30T18:49:56.768+0000] {logging_mixin.py:188} INFO - [2025-11-30T18:49:56.768+0000] {dagbag.py:538} INFO - Filling up the DagBag from /opt/airflow/dags/02_minio_to_duckdb.py
[2025-11-30T18:49:56.960+0000] {processor.py:840} INFO - DAG(s) 'minio_to_duckdb_pipeline' retrieved from /opt/airflow/dags/02_minio_to_duckdb.py
[2025-11-30T18:49:57.009+0000] {logging_mixin.py:188} INFO - [2025-11-30T18:49:57.008+0000] {dag.py:3036} INFO - Sync 1 DAGs
[2025-11-30T18:49:57.025+0000] {logging_mixin.py:188} INFO - [2025-11-30T18:49:57.025+0000] {dag.py:3823} INFO - Setting next_dagrun for minio_to_duckdb_pipeline to None, run_after=None
[2025-11-30T18:49:57.053+0000] {processor.py:183} INFO - Processing /opt/airflow/dags/02_minio_to_duckdb.py took 0.292 seconds
[2025-11-30T18:50:27.391+0000] {processor.py:161} INFO - Started process (PID=2638) to work on /opt/airflow/dags/02_minio_to_duckdb.py
[2025-11-30T18:50:27.396+0000] {processor.py:830} INFO - Processing file /opt/airflow/dags/02_minio_to_duckdb.py for tasks to queue
[2025-11-30T18:50:27.405+0000] {logging_mixin.py:188} INFO - [2025-11-30T18:50:27.403+0000] {dagbag.py:538} INFO - Filling up the DagBag from /opt/airflow/dags/02_minio_to_duckdb.py
[2025-11-30T18:50:27.567+0000] {processor.py:840} INFO - DAG(s) 'minio_to_duckdb_pipeline' retrieved from /opt/airflow/dags/02_minio_to_duckdb.py
[2025-11-30T18:50:27.603+0000] {logging_mixin.py:188} INFO - [2025-11-30T18:50:27.603+0000] {dag.py:3036} INFO - Sync 1 DAGs
[2025-11-30T18:50:27.613+0000] {logging_mixin.py:188} INFO - [2025-11-30T18:50:27.612+0000] {dag.py:3823} INFO - Setting next_dagrun for minio_to_duckdb_pipeline to None, run_after=None
[2025-11-30T18:50:27.627+0000] {processor.py:183} INFO - Processing /opt/airflow/dags/02_minio_to_duckdb.py took 0.244 seconds
[2025-11-30T18:50:57.912+0000] {processor.py:161} INFO - Started process (PID=2703) to work on /opt/airflow/dags/02_minio_to_duckdb.py
[2025-11-30T18:50:57.914+0000] {processor.py:830} INFO - Processing file /opt/airflow/dags/02_minio_to_duckdb.py for tasks to queue
[2025-11-30T18:50:57.916+0000] {logging_mixin.py:188} INFO - [2025-11-30T18:50:57.915+0000] {dagbag.py:538} INFO - Filling up the DagBag from /opt/airflow/dags/02_minio_to_duckdb.py
[2025-11-30T18:50:58.058+0000] {processor.py:840} INFO - DAG(s) 'minio_to_duckdb_pipeline' retrieved from /opt/airflow/dags/02_minio_to_duckdb.py
[2025-11-30T18:50:58.088+0000] {logging_mixin.py:188} INFO - [2025-11-30T18:50:58.087+0000] {dag.py:3036} INFO - Sync 1 DAGs
[2025-11-30T18:50:58.108+0000] {logging_mixin.py:188} INFO - [2025-11-30T18:50:58.107+0000] {dag.py:3823} INFO - Setting next_dagrun for minio_to_duckdb_pipeline to None, run_after=None
[2025-11-30T18:50:58.131+0000] {processor.py:183} INFO - Processing /opt/airflow/dags/02_minio_to_duckdb.py took 0.225 seconds
[2025-11-30T18:51:28.445+0000] {processor.py:161} INFO - Started process (PID=2768) to work on /opt/airflow/dags/02_minio_to_duckdb.py
[2025-11-30T18:51:28.446+0000] {processor.py:830} INFO - Processing file /opt/airflow/dags/02_minio_to_duckdb.py for tasks to queue
[2025-11-30T18:51:28.448+0000] {logging_mixin.py:188} INFO - [2025-11-30T18:51:28.447+0000] {dagbag.py:538} INFO - Filling up the DagBag from /opt/airflow/dags/02_minio_to_duckdb.py
[2025-11-30T18:51:28.596+0000] {processor.py:840} INFO - DAG(s) 'minio_to_duckdb_pipeline' retrieved from /opt/airflow/dags/02_minio_to_duckdb.py
[2025-11-30T18:51:28.626+0000] {logging_mixin.py:188} INFO - [2025-11-30T18:51:28.625+0000] {dag.py:3036} INFO - Sync 1 DAGs
[2025-11-30T18:51:28.636+0000] {logging_mixin.py:188} INFO - [2025-11-30T18:51:28.636+0000] {dag.py:3823} INFO - Setting next_dagrun for minio_to_duckdb_pipeline to None, run_after=None
[2025-11-30T18:51:28.651+0000] {processor.py:183} INFO - Processing /opt/airflow/dags/02_minio_to_duckdb.py took 0.212 seconds
[2025-11-30T18:51:59.212+0000] {processor.py:161} INFO - Started process (PID=2833) to work on /opt/airflow/dags/02_minio_to_duckdb.py
[2025-11-30T18:51:59.214+0000] {processor.py:830} INFO - Processing file /opt/airflow/dags/02_minio_to_duckdb.py for tasks to queue
[2025-11-30T18:51:59.215+0000] {logging_mixin.py:188} INFO - [2025-11-30T18:51:59.214+0000] {dagbag.py:538} INFO - Filling up the DagBag from /opt/airflow/dags/02_minio_to_duckdb.py
[2025-11-30T18:51:59.362+0000] {processor.py:840} INFO - DAG(s) 'minio_to_duckdb_pipeline' retrieved from /opt/airflow/dags/02_minio_to_duckdb.py
[2025-11-30T18:51:59.427+0000] {logging_mixin.py:188} INFO - [2025-11-30T18:51:59.427+0000] {dag.py:3036} INFO - Sync 1 DAGs
[2025-11-30T18:51:59.440+0000] {logging_mixin.py:188} INFO - [2025-11-30T18:51:59.440+0000] {dag.py:3823} INFO - Setting next_dagrun for minio_to_duckdb_pipeline to None, run_after=None
[2025-11-30T18:51:59.455+0000] {processor.py:183} INFO - Processing /opt/airflow/dags/02_minio_to_duckdb.py took 0.249 seconds
[2025-11-30T18:52:29.916+0000] {processor.py:161} INFO - Started process (PID=2898) to work on /opt/airflow/dags/02_minio_to_duckdb.py
[2025-11-30T18:52:29.917+0000] {processor.py:830} INFO - Processing file /opt/airflow/dags/02_minio_to_duckdb.py for tasks to queue
[2025-11-30T18:52:29.918+0000] {logging_mixin.py:188} INFO - [2025-11-30T18:52:29.918+0000] {dagbag.py:538} INFO - Filling up the DagBag from /opt/airflow/dags/02_minio_to_duckdb.py
[2025-11-30T18:52:30.052+0000] {processor.py:840} INFO - DAG(s) 'minio_to_duckdb_pipeline' retrieved from /opt/airflow/dags/02_minio_to_duckdb.py
[2025-11-30T18:52:30.082+0000] {logging_mixin.py:188} INFO - [2025-11-30T18:52:30.082+0000] {dag.py:3036} INFO - Sync 1 DAGs
[2025-11-30T18:52:30.093+0000] {logging_mixin.py:188} INFO - [2025-11-30T18:52:30.093+0000] {dag.py:3823} INFO - Setting next_dagrun for minio_to_duckdb_pipeline to None, run_after=None
[2025-11-30T18:52:30.126+0000] {processor.py:183} INFO - Processing /opt/airflow/dags/02_minio_to_duckdb.py took 0.217 seconds
[2025-11-30T18:53:00.385+0000] {processor.py:161} INFO - Started process (PID=2963) to work on /opt/airflow/dags/02_minio_to_duckdb.py
[2025-11-30T18:53:00.386+0000] {processor.py:830} INFO - Processing file /opt/airflow/dags/02_minio_to_duckdb.py for tasks to queue
[2025-11-30T18:53:00.387+0000] {logging_mixin.py:188} INFO - [2025-11-30T18:53:00.387+0000] {dagbag.py:538} INFO - Filling up the DagBag from /opt/airflow/dags/02_minio_to_duckdb.py
[2025-11-30T18:53:00.522+0000] {processor.py:840} INFO - DAG(s) 'minio_to_duckdb_pipeline' retrieved from /opt/airflow/dags/02_minio_to_duckdb.py
[2025-11-30T18:53:00.551+0000] {logging_mixin.py:188} INFO - [2025-11-30T18:53:00.551+0000] {dag.py:3036} INFO - Sync 1 DAGs
[2025-11-30T18:53:00.562+0000] {logging_mixin.py:188} INFO - [2025-11-30T18:53:00.561+0000] {dag.py:3823} INFO - Setting next_dagrun for minio_to_duckdb_pipeline to None, run_after=None
[2025-11-30T18:53:00.587+0000] {processor.py:183} INFO - Processing /opt/airflow/dags/02_minio_to_duckdb.py took 0.209 seconds
[2025-11-30T18:53:30.705+0000] {processor.py:161} INFO - Started process (PID=3028) to work on /opt/airflow/dags/02_minio_to_duckdb.py
[2025-11-30T18:53:30.706+0000] {processor.py:830} INFO - Processing file /opt/airflow/dags/02_minio_to_duckdb.py for tasks to queue
[2025-11-30T18:53:30.707+0000] {logging_mixin.py:188} INFO - [2025-11-30T18:53:30.707+0000] {dagbag.py:538} INFO - Filling up the DagBag from /opt/airflow/dags/02_minio_to_duckdb.py
[2025-11-30T18:53:30.857+0000] {processor.py:840} INFO - DAG(s) 'minio_to_duckdb_pipeline' retrieved from /opt/airflow/dags/02_minio_to_duckdb.py
[2025-11-30T18:53:30.897+0000] {logging_mixin.py:188} INFO - [2025-11-30T18:53:30.897+0000] {dag.py:3036} INFO - Sync 1 DAGs
[2025-11-30T18:53:30.909+0000] {logging_mixin.py:188} INFO - [2025-11-30T18:53:30.909+0000] {dag.py:3823} INFO - Setting next_dagrun for minio_to_duckdb_pipeline to None, run_after=None
[2025-11-30T18:53:30.941+0000] {processor.py:183} INFO - Processing /opt/airflow/dags/02_minio_to_duckdb.py took 0.240 seconds
[2025-11-30T18:54:01.248+0000] {processor.py:161} INFO - Started process (PID=3093) to work on /opt/airflow/dags/02_minio_to_duckdb.py
[2025-11-30T18:54:01.249+0000] {processor.py:830} INFO - Processing file /opt/airflow/dags/02_minio_to_duckdb.py for tasks to queue
[2025-11-30T18:54:01.250+0000] {logging_mixin.py:188} INFO - [2025-11-30T18:54:01.249+0000] {dagbag.py:538} INFO - Filling up the DagBag from /opt/airflow/dags/02_minio_to_duckdb.py
[2025-11-30T18:54:01.399+0000] {processor.py:840} INFO - DAG(s) 'minio_to_duckdb_pipeline' retrieved from /opt/airflow/dags/02_minio_to_duckdb.py
[2025-11-30T18:54:01.434+0000] {logging_mixin.py:188} INFO - [2025-11-30T18:54:01.434+0000] {dag.py:3036} INFO - Sync 1 DAGs
[2025-11-30T18:54:01.445+0000] {logging_mixin.py:188} INFO - [2025-11-30T18:54:01.444+0000] {dag.py:3823} INFO - Setting next_dagrun for minio_to_duckdb_pipeline to None, run_after=None
[2025-11-30T18:54:01.472+0000] {processor.py:183} INFO - Processing /opt/airflow/dags/02_minio_to_duckdb.py took 0.227 seconds
[2025-11-30T18:54:31.728+0000] {processor.py:161} INFO - Started process (PID=3158) to work on /opt/airflow/dags/02_minio_to_duckdb.py
[2025-11-30T18:54:31.729+0000] {processor.py:830} INFO - Processing file /opt/airflow/dags/02_minio_to_duckdb.py for tasks to queue
[2025-11-30T18:54:31.730+0000] {logging_mixin.py:188} INFO - [2025-11-30T18:54:31.730+0000] {dagbag.py:538} INFO - Filling up the DagBag from /opt/airflow/dags/02_minio_to_duckdb.py
[2025-11-30T18:54:31.847+0000] {processor.py:840} INFO - DAG(s) 'minio_to_duckdb_pipeline' retrieved from /opt/airflow/dags/02_minio_to_duckdb.py
[2025-11-30T18:54:31.871+0000] {logging_mixin.py:188} INFO - [2025-11-30T18:54:31.871+0000] {dag.py:3036} INFO - Sync 1 DAGs
[2025-11-30T18:54:31.888+0000] {logging_mixin.py:188} INFO - [2025-11-30T18:54:31.887+0000] {dag.py:3823} INFO - Setting next_dagrun for minio_to_duckdb_pipeline to None, run_after=None
[2025-11-30T18:54:31.909+0000] {processor.py:183} INFO - Processing /opt/airflow/dags/02_minio_to_duckdb.py took 0.187 seconds
[2025-11-30T18:55:02.122+0000] {processor.py:161} INFO - Started process (PID=3223) to work on /opt/airflow/dags/02_minio_to_duckdb.py
[2025-11-30T18:55:02.123+0000] {processor.py:830} INFO - Processing file /opt/airflow/dags/02_minio_to_duckdb.py for tasks to queue
[2025-11-30T18:55:02.125+0000] {logging_mixin.py:188} INFO - [2025-11-30T18:55:02.125+0000] {dagbag.py:538} INFO - Filling up the DagBag from /opt/airflow/dags/02_minio_to_duckdb.py
[2025-11-30T18:55:02.249+0000] {processor.py:840} INFO - DAG(s) 'minio_to_duckdb_pipeline' retrieved from /opt/airflow/dags/02_minio_to_duckdb.py
[2025-11-30T18:55:02.271+0000] {logging_mixin.py:188} INFO - [2025-11-30T18:55:02.270+0000] {dag.py:3036} INFO - Sync 1 DAGs
[2025-11-30T18:55:02.280+0000] {logging_mixin.py:188} INFO - [2025-11-30T18:55:02.280+0000] {dag.py:3823} INFO - Setting next_dagrun for minio_to_duckdb_pipeline to None, run_after=None
[2025-11-30T18:55:02.313+0000] {processor.py:183} INFO - Processing /opt/airflow/dags/02_minio_to_duckdb.py took 0.197 seconds
[2025-11-30T18:55:32.541+0000] {processor.py:161} INFO - Started process (PID=3286) to work on /opt/airflow/dags/02_minio_to_duckdb.py
[2025-11-30T18:55:32.542+0000] {processor.py:830} INFO - Processing file /opt/airflow/dags/02_minio_to_duckdb.py for tasks to queue
[2025-11-30T18:55:32.543+0000] {logging_mixin.py:188} INFO - [2025-11-30T18:55:32.543+0000] {dagbag.py:538} INFO - Filling up the DagBag from /opt/airflow/dags/02_minio_to_duckdb.py
[2025-11-30T18:55:32.665+0000] {processor.py:840} INFO - DAG(s) 'minio_to_duckdb_pipeline' retrieved from /opt/airflow/dags/02_minio_to_duckdb.py
[2025-11-30T18:55:32.705+0000] {logging_mixin.py:188} INFO - [2025-11-30T18:55:32.705+0000] {dag.py:3036} INFO - Sync 1 DAGs
[2025-11-30T18:55:32.718+0000] {logging_mixin.py:188} INFO - [2025-11-30T18:55:32.717+0000] {dag.py:3823} INFO - Setting next_dagrun for minio_to_duckdb_pipeline to None, run_after=None
[2025-11-30T18:55:32.733+0000] {processor.py:183} INFO - Processing /opt/airflow/dags/02_minio_to_duckdb.py took 0.194 seconds
[2025-11-30T18:56:03.024+0000] {processor.py:161} INFO - Started process (PID=3329) to work on /opt/airflow/dags/02_minio_to_duckdb.py
[2025-11-30T18:56:03.026+0000] {processor.py:830} INFO - Processing file /opt/airflow/dags/02_minio_to_duckdb.py for tasks to queue
[2025-11-30T18:56:03.029+0000] {logging_mixin.py:188} INFO - [2025-11-30T18:56:03.028+0000] {dagbag.py:538} INFO - Filling up the DagBag from /opt/airflow/dags/02_minio_to_duckdb.py
[2025-11-30T18:56:03.154+0000] {processor.py:840} INFO - DAG(s) 'minio_to_duckdb_pipeline' retrieved from /opt/airflow/dags/02_minio_to_duckdb.py
[2025-11-30T18:56:03.183+0000] {logging_mixin.py:188} INFO - [2025-11-30T18:56:03.182+0000] {dag.py:3036} INFO - Sync 1 DAGs
[2025-11-30T18:56:03.195+0000] {logging_mixin.py:188} INFO - [2025-11-30T18:56:03.194+0000] {dag.py:3823} INFO - Setting next_dagrun for minio_to_duckdb_pipeline to None, run_after=None
[2025-11-30T18:56:03.220+0000] {processor.py:183} INFO - Processing /opt/airflow/dags/02_minio_to_duckdb.py took 0.204 seconds
[2025-11-30T18:56:33.289+0000] {processor.py:161} INFO - Started process (PID=3394) to work on /opt/airflow/dags/02_minio_to_duckdb.py
[2025-11-30T18:56:33.290+0000] {processor.py:830} INFO - Processing file /opt/airflow/dags/02_minio_to_duckdb.py for tasks to queue
[2025-11-30T18:56:33.291+0000] {logging_mixin.py:188} INFO - [2025-11-30T18:56:33.290+0000] {dagbag.py:538} INFO - Filling up the DagBag from /opt/airflow/dags/02_minio_to_duckdb.py
[2025-11-30T18:56:33.433+0000] {processor.py:840} INFO - DAG(s) 'minio_to_duckdb_pipeline' retrieved from /opt/airflow/dags/02_minio_to_duckdb.py
[2025-11-30T18:56:33.460+0000] {logging_mixin.py:188} INFO - [2025-11-30T18:56:33.460+0000] {dag.py:3036} INFO - Sync 1 DAGs
[2025-11-30T18:56:33.476+0000] {logging_mixin.py:188} INFO - [2025-11-30T18:56:33.476+0000] {dag.py:3823} INFO - Setting next_dagrun for minio_to_duckdb_pipeline to None, run_after=None
[2025-11-30T18:56:33.493+0000] {processor.py:183} INFO - Processing /opt/airflow/dags/02_minio_to_duckdb.py took 0.209 seconds
[2025-11-30T18:57:03.759+0000] {processor.py:161} INFO - Started process (PID=3459) to work on /opt/airflow/dags/02_minio_to_duckdb.py
[2025-11-30T18:57:03.761+0000] {processor.py:830} INFO - Processing file /opt/airflow/dags/02_minio_to_duckdb.py for tasks to queue
[2025-11-30T18:57:03.763+0000] {logging_mixin.py:188} INFO - [2025-11-30T18:57:03.762+0000] {dagbag.py:538} INFO - Filling up the DagBag from /opt/airflow/dags/02_minio_to_duckdb.py
[2025-11-30T18:57:03.907+0000] {processor.py:840} INFO - DAG(s) 'minio_to_duckdb_pipeline' retrieved from /opt/airflow/dags/02_minio_to_duckdb.py
[2025-11-30T18:57:03.941+0000] {logging_mixin.py:188} INFO - [2025-11-30T18:57:03.941+0000] {dag.py:3036} INFO - Sync 1 DAGs
[2025-11-30T18:57:03.950+0000] {logging_mixin.py:188} INFO - [2025-11-30T18:57:03.950+0000] {dag.py:3823} INFO - Setting next_dagrun for minio_to_duckdb_pipeline to None, run_after=None
[2025-11-30T18:57:03.973+0000] {processor.py:183} INFO - Processing /opt/airflow/dags/02_minio_to_duckdb.py took 0.222 seconds
[2025-11-30T18:57:34.191+0000] {processor.py:161} INFO - Started process (PID=3524) to work on /opt/airflow/dags/02_minio_to_duckdb.py
[2025-11-30T18:57:34.193+0000] {processor.py:830} INFO - Processing file /opt/airflow/dags/02_minio_to_duckdb.py for tasks to queue
[2025-11-30T18:57:34.196+0000] {logging_mixin.py:188} INFO - [2025-11-30T18:57:34.195+0000] {dagbag.py:538} INFO - Filling up the DagBag from /opt/airflow/dags/02_minio_to_duckdb.py
[2025-11-30T18:57:34.351+0000] {processor.py:840} INFO - DAG(s) 'minio_to_duckdb_pipeline' retrieved from /opt/airflow/dags/02_minio_to_duckdb.py
[2025-11-30T18:57:34.383+0000] {logging_mixin.py:188} INFO - [2025-11-30T18:57:34.382+0000] {dag.py:3036} INFO - Sync 1 DAGs
[2025-11-30T18:57:34.394+0000] {logging_mixin.py:188} INFO - [2025-11-30T18:57:34.394+0000] {dag.py:3823} INFO - Setting next_dagrun for minio_to_duckdb_pipeline to None, run_after=None
[2025-11-30T18:57:34.428+0000] {processor.py:183} INFO - Processing /opt/airflow/dags/02_minio_to_duckdb.py took 0.244 seconds
[2025-11-30T18:58:04.673+0000] {processor.py:161} INFO - Started process (PID=3589) to work on /opt/airflow/dags/02_minio_to_duckdb.py
[2025-11-30T18:58:04.675+0000] {processor.py:830} INFO - Processing file /opt/airflow/dags/02_minio_to_duckdb.py for tasks to queue
[2025-11-30T18:58:04.680+0000] {logging_mixin.py:188} INFO - [2025-11-30T18:58:04.677+0000] {dagbag.py:538} INFO - Filling up the DagBag from /opt/airflow/dags/02_minio_to_duckdb.py
[2025-11-30T18:58:04.924+0000] {processor.py:840} INFO - DAG(s) 'minio_to_duckdb_pipeline' retrieved from /opt/airflow/dags/02_minio_to_duckdb.py
[2025-11-30T18:58:04.959+0000] {logging_mixin.py:188} INFO - [2025-11-30T18:58:04.958+0000] {dag.py:3036} INFO - Sync 1 DAGs
[2025-11-30T18:58:04.984+0000] {logging_mixin.py:188} INFO - [2025-11-30T18:58:04.984+0000] {dag.py:3823} INFO - Setting next_dagrun for minio_to_duckdb_pipeline to None, run_after=None
[2025-11-30T18:58:05.025+0000] {processor.py:183} INFO - Processing /opt/airflow/dags/02_minio_to_duckdb.py took 0.359 seconds
[2025-11-30T18:58:35.383+0000] {processor.py:161} INFO - Started process (PID=3654) to work on /opt/airflow/dags/02_minio_to_duckdb.py
[2025-11-30T18:58:35.385+0000] {processor.py:830} INFO - Processing file /opt/airflow/dags/02_minio_to_duckdb.py for tasks to queue
[2025-11-30T18:58:35.386+0000] {logging_mixin.py:188} INFO - [2025-11-30T18:58:35.385+0000] {dagbag.py:538} INFO - Filling up the DagBag from /opt/airflow/dags/02_minio_to_duckdb.py
[2025-11-30T18:58:35.524+0000] {processor.py:840} INFO - DAG(s) 'minio_to_duckdb_pipeline' retrieved from /opt/airflow/dags/02_minio_to_duckdb.py
[2025-11-30T18:58:35.564+0000] {logging_mixin.py:188} INFO - [2025-11-30T18:58:35.564+0000] {dag.py:3036} INFO - Sync 1 DAGs
[2025-11-30T18:58:35.578+0000] {logging_mixin.py:188} INFO - [2025-11-30T18:58:35.578+0000] {dag.py:3823} INFO - Setting next_dagrun for minio_to_duckdb_pipeline to None, run_after=None
[2025-11-30T18:58:35.608+0000] {processor.py:183} INFO - Processing /opt/airflow/dags/02_minio_to_duckdb.py took 0.231 seconds
[2025-11-30T18:59:06.156+0000] {processor.py:161} INFO - Started process (PID=3719) to work on /opt/airflow/dags/02_minio_to_duckdb.py
[2025-11-30T18:59:06.158+0000] {processor.py:830} INFO - Processing file /opt/airflow/dags/02_minio_to_duckdb.py for tasks to queue
[2025-11-30T18:59:06.159+0000] {logging_mixin.py:188} INFO - [2025-11-30T18:59:06.158+0000] {dagbag.py:538} INFO - Filling up the DagBag from /opt/airflow/dags/02_minio_to_duckdb.py
[2025-11-30T18:59:06.312+0000] {processor.py:840} INFO - DAG(s) 'minio_to_duckdb_pipeline' retrieved from /opt/airflow/dags/02_minio_to_duckdb.py
[2025-11-30T18:59:06.341+0000] {logging_mixin.py:188} INFO - [2025-11-30T18:59:06.341+0000] {dag.py:3036} INFO - Sync 1 DAGs
[2025-11-30T18:59:06.352+0000] {logging_mixin.py:188} INFO - [2025-11-30T18:59:06.352+0000] {dag.py:3823} INFO - Setting next_dagrun for minio_to_duckdb_pipeline to None, run_after=None
[2025-11-30T18:59:06.367+0000] {processor.py:183} INFO - Processing /opt/airflow/dags/02_minio_to_duckdb.py took 0.218 seconds
[2025-11-30T18:59:36.498+0000] {processor.py:161} INFO - Started process (PID=3784) to work on /opt/airflow/dags/02_minio_to_duckdb.py
[2025-11-30T18:59:36.499+0000] {processor.py:830} INFO - Processing file /opt/airflow/dags/02_minio_to_duckdb.py for tasks to queue
[2025-11-30T18:59:36.501+0000] {logging_mixin.py:188} INFO - [2025-11-30T18:59:36.500+0000] {dagbag.py:538} INFO - Filling up the DagBag from /opt/airflow/dags/02_minio_to_duckdb.py
[2025-11-30T18:59:36.654+0000] {processor.py:840} INFO - DAG(s) 'minio_to_duckdb_pipeline' retrieved from /opt/airflow/dags/02_minio_to_duckdb.py
[2025-11-30T18:59:36.686+0000] {logging_mixin.py:188} INFO - [2025-11-30T18:59:36.685+0000] {dag.py:3036} INFO - Sync 1 DAGs
[2025-11-30T18:59:36.696+0000] {logging_mixin.py:188} INFO - [2025-11-30T18:59:36.695+0000] {dag.py:3823} INFO - Setting next_dagrun for minio_to_duckdb_pipeline to None, run_after=None
[2025-11-30T18:59:36.711+0000] {processor.py:183} INFO - Processing /opt/airflow/dags/02_minio_to_duckdb.py took 0.220 seconds
[2025-11-30T19:00:06.759+0000] {processor.py:161} INFO - Started process (PID=3849) to work on /opt/airflow/dags/02_minio_to_duckdb.py
[2025-11-30T19:00:06.761+0000] {processor.py:830} INFO - Processing file /opt/airflow/dags/02_minio_to_duckdb.py for tasks to queue
[2025-11-30T19:00:06.762+0000] {logging_mixin.py:188} INFO - [2025-11-30T19:00:06.762+0000] {dagbag.py:538} INFO - Filling up the DagBag from /opt/airflow/dags/02_minio_to_duckdb.py
[2025-11-30T19:00:06.890+0000] {processor.py:840} INFO - DAG(s) 'minio_to_duckdb_pipeline' retrieved from /opt/airflow/dags/02_minio_to_duckdb.py
[2025-11-30T19:00:06.935+0000] {logging_mixin.py:188} INFO - [2025-11-30T19:00:06.935+0000] {dag.py:3036} INFO - Sync 1 DAGs
[2025-11-30T19:00:06.949+0000] {logging_mixin.py:188} INFO - [2025-11-30T19:00:06.949+0000] {dag.py:3823} INFO - Setting next_dagrun for minio_to_duckdb_pipeline to None, run_after=None
[2025-11-30T19:00:06.980+0000] {processor.py:183} INFO - Processing /opt/airflow/dags/02_minio_to_duckdb.py took 0.224 seconds
[2025-11-30T19:00:37.049+0000] {processor.py:161} INFO - Started process (PID=3914) to work on /opt/airflow/dags/02_minio_to_duckdb.py
[2025-11-30T19:00:37.053+0000] {processor.py:830} INFO - Processing file /opt/airflow/dags/02_minio_to_duckdb.py for tasks to queue
[2025-11-30T19:00:37.061+0000] {logging_mixin.py:188} INFO - [2025-11-30T19:00:37.058+0000] {dagbag.py:538} INFO - Filling up the DagBag from /opt/airflow/dags/02_minio_to_duckdb.py
[2025-11-30T19:00:37.236+0000] {processor.py:840} INFO - DAG(s) 'minio_to_duckdb_pipeline' retrieved from /opt/airflow/dags/02_minio_to_duckdb.py
[2025-11-30T19:00:37.279+0000] {logging_mixin.py:188} INFO - [2025-11-30T19:00:37.279+0000] {dag.py:3036} INFO - Sync 1 DAGs
[2025-11-30T19:00:37.297+0000] {logging_mixin.py:188} INFO - [2025-11-30T19:00:37.297+0000] {dag.py:3823} INFO - Setting next_dagrun for minio_to_duckdb_pipeline to None, run_after=None
[2025-11-30T19:00:37.323+0000] {processor.py:183} INFO - Processing /opt/airflow/dags/02_minio_to_duckdb.py took 0.293 seconds
[2025-11-30T19:01:07.571+0000] {processor.py:161} INFO - Started process (PID=3979) to work on /opt/airflow/dags/02_minio_to_duckdb.py
[2025-11-30T19:01:07.572+0000] {processor.py:830} INFO - Processing file /opt/airflow/dags/02_minio_to_duckdb.py for tasks to queue
[2025-11-30T19:01:07.573+0000] {logging_mixin.py:188} INFO - [2025-11-30T19:01:07.573+0000] {dagbag.py:538} INFO - Filling up the DagBag from /opt/airflow/dags/02_minio_to_duckdb.py
[2025-11-30T19:01:07.689+0000] {processor.py:840} INFO - DAG(s) 'minio_to_duckdb_pipeline' retrieved from /opt/airflow/dags/02_minio_to_duckdb.py
[2025-11-30T19:01:07.711+0000] {logging_mixin.py:188} INFO - [2025-11-30T19:01:07.711+0000] {dag.py:3036} INFO - Sync 1 DAGs
[2025-11-30T19:01:07.720+0000] {logging_mixin.py:188} INFO - [2025-11-30T19:01:07.720+0000] {dag.py:3823} INFO - Setting next_dagrun for minio_to_duckdb_pipeline to None, run_after=None
[2025-11-30T19:01:07.734+0000] {processor.py:183} INFO - Processing /opt/airflow/dags/02_minio_to_duckdb.py took 0.167 seconds
[2025-11-30T19:01:37.981+0000] {processor.py:161} INFO - Started process (PID=4041) to work on /opt/airflow/dags/02_minio_to_duckdb.py
[2025-11-30T19:01:37.982+0000] {processor.py:830} INFO - Processing file /opt/airflow/dags/02_minio_to_duckdb.py for tasks to queue
[2025-11-30T19:01:37.983+0000] {logging_mixin.py:188} INFO - [2025-11-30T19:01:37.983+0000] {dagbag.py:538} INFO - Filling up the DagBag from /opt/airflow/dags/02_minio_to_duckdb.py
[2025-11-30T19:01:38.099+0000] {processor.py:840} INFO - DAG(s) 'minio_to_duckdb_pipeline' retrieved from /opt/airflow/dags/02_minio_to_duckdb.py
[2025-11-30T19:01:38.131+0000] {logging_mixin.py:188} INFO - [2025-11-30T19:01:38.131+0000] {dag.py:3036} INFO - Sync 1 DAGs
[2025-11-30T19:01:38.141+0000] {logging_mixin.py:188} INFO - [2025-11-30T19:01:38.140+0000] {dag.py:3823} INFO - Setting next_dagrun for minio_to_duckdb_pipeline to None, run_after=None
[2025-11-30T19:01:38.154+0000] {processor.py:183} INFO - Processing /opt/airflow/dags/02_minio_to_duckdb.py took 0.176 seconds
[2025-11-30T19:02:08.379+0000] {processor.py:161} INFO - Started process (PID=4085) to work on /opt/airflow/dags/02_minio_to_duckdb.py
[2025-11-30T19:02:08.380+0000] {processor.py:830} INFO - Processing file /opt/airflow/dags/02_minio_to_duckdb.py for tasks to queue
[2025-11-30T19:02:08.382+0000] {logging_mixin.py:188} INFO - [2025-11-30T19:02:08.381+0000] {dagbag.py:538} INFO - Filling up the DagBag from /opt/airflow/dags/02_minio_to_duckdb.py
[2025-11-30T19:02:08.517+0000] {processor.py:840} INFO - DAG(s) 'minio_to_duckdb_pipeline' retrieved from /opt/airflow/dags/02_minio_to_duckdb.py
[2025-11-30T19:02:08.546+0000] {logging_mixin.py:188} INFO - [2025-11-30T19:02:08.546+0000] {dag.py:3036} INFO - Sync 1 DAGs
[2025-11-30T19:02:08.557+0000] {logging_mixin.py:188} INFO - [2025-11-30T19:02:08.557+0000] {dag.py:3823} INFO - Setting next_dagrun for minio_to_duckdb_pipeline to None, run_after=None
[2025-11-30T19:02:08.582+0000] {processor.py:183} INFO - Processing /opt/airflow/dags/02_minio_to_duckdb.py took 0.209 seconds
[2025-11-30T19:02:38.801+0000] {processor.py:161} INFO - Started process (PID=4150) to work on /opt/airflow/dags/02_minio_to_duckdb.py
[2025-11-30T19:02:38.802+0000] {processor.py:830} INFO - Processing file /opt/airflow/dags/02_minio_to_duckdb.py for tasks to queue
[2025-11-30T19:02:38.803+0000] {logging_mixin.py:188} INFO - [2025-11-30T19:02:38.803+0000] {dagbag.py:538} INFO - Filling up the DagBag from /opt/airflow/dags/02_minio_to_duckdb.py
[2025-11-30T19:02:38.949+0000] {processor.py:840} INFO - DAG(s) 'minio_to_duckdb_pipeline' retrieved from /opt/airflow/dags/02_minio_to_duckdb.py
[2025-11-30T19:02:38.981+0000] {logging_mixin.py:188} INFO - [2025-11-30T19:02:38.981+0000] {dag.py:3036} INFO - Sync 1 DAGs
[2025-11-30T19:02:38.993+0000] {logging_mixin.py:188} INFO - [2025-11-30T19:02:38.992+0000] {dag.py:3823} INFO - Setting next_dagrun for minio_to_duckdb_pipeline to None, run_after=None
[2025-11-30T19:02:39.019+0000] {processor.py:183} INFO - Processing /opt/airflow/dags/02_minio_to_duckdb.py took 0.222 seconds
[2025-11-30T19:03:09.251+0000] {processor.py:161} INFO - Started process (PID=4215) to work on /opt/airflow/dags/02_minio_to_duckdb.py
[2025-11-30T19:03:09.253+0000] {processor.py:830} INFO - Processing file /opt/airflow/dags/02_minio_to_duckdb.py for tasks to queue
[2025-11-30T19:03:09.254+0000] {logging_mixin.py:188} INFO - [2025-11-30T19:03:09.253+0000] {dagbag.py:538} INFO - Filling up the DagBag from /opt/airflow/dags/02_minio_to_duckdb.py
[2025-11-30T19:03:09.369+0000] {processor.py:840} INFO - DAG(s) 'minio_to_duckdb_pipeline' retrieved from /opt/airflow/dags/02_minio_to_duckdb.py
[2025-11-30T19:03:09.398+0000] {logging_mixin.py:188} INFO - [2025-11-30T19:03:09.398+0000] {dag.py:3036} INFO - Sync 1 DAGs
[2025-11-30T19:03:09.407+0000] {logging_mixin.py:188} INFO - [2025-11-30T19:03:09.407+0000] {dag.py:3823} INFO - Setting next_dagrun for minio_to_duckdb_pipeline to None, run_after=None
[2025-11-30T19:03:09.422+0000] {processor.py:183} INFO - Processing /opt/airflow/dags/02_minio_to_duckdb.py took 0.179 seconds
[2025-11-30T19:03:39.680+0000] {processor.py:161} INFO - Started process (PID=4280) to work on /opt/airflow/dags/02_minio_to_duckdb.py
[2025-11-30T19:03:39.681+0000] {processor.py:830} INFO - Processing file /opt/airflow/dags/02_minio_to_duckdb.py for tasks to queue
[2025-11-30T19:03:39.683+0000] {logging_mixin.py:188} INFO - [2025-11-30T19:03:39.682+0000] {dagbag.py:538} INFO - Filling up the DagBag from /opt/airflow/dags/02_minio_to_duckdb.py
[2025-11-30T19:03:39.819+0000] {processor.py:840} INFO - DAG(s) 'minio_to_duckdb_pipeline' retrieved from /opt/airflow/dags/02_minio_to_duckdb.py
[2025-11-30T19:03:39.855+0000] {logging_mixin.py:188} INFO - [2025-11-30T19:03:39.855+0000] {dag.py:3036} INFO - Sync 1 DAGs
[2025-11-30T19:03:39.866+0000] {logging_mixin.py:188} INFO - [2025-11-30T19:03:39.866+0000] {dag.py:3823} INFO - Setting next_dagrun for minio_to_duckdb_pipeline to None, run_after=None
[2025-11-30T19:03:39.881+0000] {processor.py:183} INFO - Processing /opt/airflow/dags/02_minio_to_duckdb.py took 0.208 seconds
[2025-11-30T19:04:10.105+0000] {processor.py:161} INFO - Started process (PID=4345) to work on /opt/airflow/dags/02_minio_to_duckdb.py
[2025-11-30T19:04:10.106+0000] {processor.py:830} INFO - Processing file /opt/airflow/dags/02_minio_to_duckdb.py for tasks to queue
[2025-11-30T19:04:10.108+0000] {logging_mixin.py:188} INFO - [2025-11-30T19:04:10.107+0000] {dagbag.py:538} INFO - Filling up the DagBag from /opt/airflow/dags/02_minio_to_duckdb.py
[2025-11-30T19:04:10.254+0000] {processor.py:840} INFO - DAG(s) 'minio_to_duckdb_pipeline' retrieved from /opt/airflow/dags/02_minio_to_duckdb.py
[2025-11-30T19:04:10.287+0000] {logging_mixin.py:188} INFO - [2025-11-30T19:04:10.287+0000] {dag.py:3036} INFO - Sync 1 DAGs
[2025-11-30T19:04:10.297+0000] {logging_mixin.py:188} INFO - [2025-11-30T19:04:10.297+0000] {dag.py:3823} INFO - Setting next_dagrun for minio_to_duckdb_pipeline to None, run_after=None
[2025-11-30T19:04:10.313+0000] {processor.py:183} INFO - Processing /opt/airflow/dags/02_minio_to_duckdb.py took 0.213 seconds
[2025-11-30T19:04:40.402+0000] {processor.py:161} INFO - Started process (PID=4410) to work on /opt/airflow/dags/02_minio_to_duckdb.py
[2025-11-30T19:04:40.405+0000] {processor.py:830} INFO - Processing file /opt/airflow/dags/02_minio_to_duckdb.py for tasks to queue
[2025-11-30T19:04:40.406+0000] {logging_mixin.py:188} INFO - [2025-11-30T19:04:40.405+0000] {dagbag.py:538} INFO - Filling up the DagBag from /opt/airflow/dags/02_minio_to_duckdb.py
[2025-11-30T19:04:40.543+0000] {processor.py:840} INFO - DAG(s) 'minio_to_duckdb_pipeline' retrieved from /opt/airflow/dags/02_minio_to_duckdb.py
[2025-11-30T19:04:40.593+0000] {logging_mixin.py:188} INFO - [2025-11-30T19:04:40.593+0000] {dag.py:3036} INFO - Sync 1 DAGs
[2025-11-30T19:04:40.604+0000] {logging_mixin.py:188} INFO - [2025-11-30T19:04:40.604+0000] {dag.py:3823} INFO - Setting next_dagrun for minio_to_duckdb_pipeline to None, run_after=None
[2025-11-30T19:04:40.624+0000] {processor.py:183} INFO - Processing /opt/airflow/dags/02_minio_to_duckdb.py took 0.228 seconds
[2025-11-30T19:05:10.869+0000] {processor.py:161} INFO - Started process (PID=4475) to work on /opt/airflow/dags/02_minio_to_duckdb.py
[2025-11-30T19:05:10.871+0000] {processor.py:830} INFO - Processing file /opt/airflow/dags/02_minio_to_duckdb.py for tasks to queue
[2025-11-30T19:05:10.872+0000] {logging_mixin.py:188} INFO - [2025-11-30T19:05:10.871+0000] {dagbag.py:538} INFO - Filling up the DagBag from /opt/airflow/dags/02_minio_to_duckdb.py
[2025-11-30T19:05:11.017+0000] {processor.py:840} INFO - DAG(s) 'minio_to_duckdb_pipeline' retrieved from /opt/airflow/dags/02_minio_to_duckdb.py
[2025-11-30T19:05:11.047+0000] {logging_mixin.py:188} INFO - [2025-11-30T19:05:11.046+0000] {dag.py:3036} INFO - Sync 1 DAGs
[2025-11-30T19:05:11.058+0000] {logging_mixin.py:188} INFO - [2025-11-30T19:05:11.058+0000] {dag.py:3823} INFO - Setting next_dagrun for minio_to_duckdb_pipeline to None, run_after=None
[2025-11-30T19:05:11.083+0000] {processor.py:183} INFO - Processing /opt/airflow/dags/02_minio_to_duckdb.py took 0.222 seconds
